"age_days","L","M","S","sex"
0,1,34.95451,0.03042815,"m"
1,1,35.033072463406,0.0304057362381765,"m"
2,1,35.111634926812,0.0303833224763531,"m"
3,1,35.190197390218,0.0303609087145296,"m"
4,1,35.2687598536239,0.0303384949527061,"m"
5,1,35.3473223170299,0.0303160811908826,"m"
6,1,35.4258847804359,0.0302936674290592,"m"
7,1,35.5044472438419,0.0302712536672357,"m"
8,1,35.5830097072479,0.0302488399054122,"m"
9,1,35.6615721706539,0.0302264261435887,"m"
10,1,35.7401346340599,0.0302040123817653,"m"
11,1,35.8186970974658,0.0301815986199418,"m"
12,1,35.8972595608718,0.0301591848581183,"m"
13,1,35.9758220242778,0.0301367710962948,"m"
14,1,36.0543844876838,0.0301143573344714,"m"
15,1,36.1329469510898,0.0300919435726479,"m"
16,1,36.2115094144958,0.0300695298108244,"m"
17,1,36.2900718779018,0.0300471160490009,"m"
18,1,36.3686343413077,0.0300247022871775,"m"
19,1,36.4471968047137,0.030002288525354,"m"
20,1,36.5257592681197,0.0299798747635305,"m"
21,1,36.6043217315257,0.029957461001707,"m"
22,1,36.6828841949317,0.0299350472398836,"m"
23,1,36.7614466583377,0.0299126334780601,"m"
24,1,36.8400091217436,0.0298902197162366,"m"
25,1,36.9185715851496,0.0298678059544131,"m"
26,1,36.9971340485556,0.0298453921925897,"m"
27,1,37.0756965119616,0.0298229784307662,"m"
28,1,37.1542589753676,0.0298005646689427,"m"
29,1,37.2328214387736,0.0297781509071192,"m"
30,1,37.3113839021796,0.0297557371452958,"m"
31,1,37.3818854644394,0.0297337448237091,"m"
32,1,37.4486545886346,0.0297119474431406,"m"
33,1,37.5153915360008,0.0296901512422386,"m"
34,1,37.5820772019937,0.0296683569214135,"m"
35,1,37.6486924820688,0.029646565181076,"m"
36,1,37.7152182716818,0.0296247767216364,"m"
37,1,37.7816354662882,0.0296029922435055,"m"
38,1,37.8479249613436,0.0295812124470937,"m"
39,1,37.9140676523037,0.0295594380328115,"m"
40,1,37.9800444346239,0.0295376697010694,"m"
41,1,38.0458362037598,0.0295159081522781,"m"
42,1,38.1114238551672,0.029494154086848,"m"
43,1,38.1767882843014,0.0294724082051897,"m"
44,1,38.2419103866183,0.0294506712077137,"m"
45,1,38.3067710575732,0.0294289437948305,"m"
46,1,38.3713511926218,0.0294072266669506,"m"
47,1,38.4356316872198,0.0293855205244847,"m"
48,1,38.4995934368226,0.0293638260678432,"m"
49,1,38.5632173368859,0.0293421439974367,"m"
50,1,38.6264842828653,0.0293204750136756,"m"
51,1,38.6893751702163,0.0292988198169706,"m"
52,1,38.7518708943945,0.0292771791077322,"m"
53,1,38.8139523508556,0.0292555535863708,"m"
54,1,38.8756004350551,0.0292339439532971,"m"
55,1,38.9367960424486,0.0292123509089215,"m"
56,1,38.9975200684916,0.0291907751536547,"m"
57,1,39.0577534086399,0.029169217387907,"m"
58,1,39.1174769583488,0.0291476783120891,"m"
59,1,39.1766716130742,0.0291261586266115,"m"
60,1,39.2353182682715,0.0291046590318847,"m"
61,1,39.2933978193964,0.0290831802283193,"m"
62,1,39.350895736019,0.0290617229318631,"m"
63,1,39.4078156066446,0.02904028792001,"m"
64,1,39.464165505562,0.0290188759854913,"m"
65,1,39.5199535070599,0.0289974879210381,"m"
66,1,39.575187685427,0.0289761245193818,"m"
67,1,39.6298761149521,0.0289547865732535,"m"
68,1,39.6840268699239,0.0289334748753844,"m"
69,1,39.7376480246311,0.0289121902185057,"m"
70,1,39.7907476533624,0.0288909333953487,"m"
71,1,39.8433338304066,0.0288697051986446,"m"
72,1,39.8954146300525,0.0288485064211246,"m"
73,1,39.9469981265886,0.02882733785552,"m"
74,1,39.9980923943039,0.0288062002945618,"m"
75,1,40.0487055074869,0.0287850945309814,"m"
76,1,40.0988455404264,0.02876402135751,"m"
77,1,40.1485205674112,0.0287429815668787,"m"
78,1,40.19773866273,0.0287219759518189,"m"
79,1,40.2465079006715,0.0287010053050616,"m"
80,1,40.2948363555244,0.0286800704193382,"m"
81,1,40.3427321015775,0.0286591720873799,"m"
82,1,40.3902032131194,0.0286383111019178,"m"
83,1,40.437257764439,0.0286174882556832,"m"
84,1,40.483903829825,0.0285967043414073,"m"
85,1,40.530149483566,0.0285759601518213,"m"
86,1,40.5760027999508,0.0285552564796564,"m"
87,1,40.6214718532682,0.0285345941176439,"m"
88,1,40.6665647178069,0.028513973858515,"m"
89,1,40.7112894678555,0.0284933964950008,"m"
90,1,40.7556541777029,0.0284728628198327,"m"
91,1,40.7996669216377,0.0284523736257417,"m"
92,1,40.8433354363356,0.0284319297038692,"m"
93,1,40.886663816258,0.0284115318282033,"m"
94,1,40.9296539336061,0.0283911807622664,"m"
95,1,40.9723076288743,0.0283708772694315,"m"
96,1,41.0146267425569,0.0283506221130718,"m"
97,1,41.0566131151483,0.0283304160565602,"m"
98,1,41.0982685871429,0.0283102598632699,"m"
99,1,41.1395949990351,0.0282901542965738,"m"
100,1,41.1805941913192,0.0282701001198452,"m"
101,1,41.2212680044896,0.028250098096457,"m"
102,1,41.2616182790407,0.0282301489897822,"m"
103,1,41.3016468554668,0.0282102535631941,"m"
104,1,41.3413555742625,0.0281904125800655,"m"
105,1,41.3807462759219,0.0281706268037697,"m"
106,1,41.4198208009396,0.0281508969976796,"m"
107,1,41.4585809898098,0.0281312239251683,"m"
108,1,41.497028683027,0.0281116083496089,"m"
109,1,41.5351657210855,0.0280920510343745,"m"
110,1,41.5729939444798,0.028072552742838,"m"
111,1,41.6105151937041,0.0280531142383727,"m"
112,1,41.647731309253,0.0280337362843514,"m"
113,1,41.6846441316206,0.0280144196441474,"m"
114,1,41.7212555013015,0.0279951650811337,"m"
115,1,41.75756725879,0.0279759733586832,"m"
116,1,41.7935812445805,0.0279568452401692,"m"
117,1,41.8292992991673,0.0279377814889647,"m"
118,1,41.8647232630449,0.0279187828684426,"m"
119,1,41.8998549767076,0.0278998501419762,"m"
120,1,41.9346962806497,0.0278809840729384,"m"
121,1,41.9692490153658,0.0278621854247023,"m"
122,1,42.0035150524449,0.027843454947866,"m"
123,1,42.0374977013809,0.0278247928022782,"m"
124,1,42.071202284087,0.0278061983210046,"m"
125,1,42.1046342725596,0.0277876707754504,"m"
126,1,42.1377991387954,0.027769209437021,"m"
127,1,42.1707023547908,0.0277508135771217,"m"
128,1,42.2033493925423,0.0277324824671577,"m"
129,1,42.2357457240465,0.0277142153785345,"m"
130,1,42.2678968212998,0.0276960115826574,"m"
131,1,42.2998081562989,0.0276778703509315,"m"
132,1,42.3314852010402,0.0276597909547623,"m"
133,1,42.3629334275201,0.0276417726655551,"m"
134,1,42.3941583077354,0.0276238147547152,"m"
135,1,42.4251653136824,0.0276059164936478,"m"
136,1,42.4559599173577,0.0275880771537583,"m"
137,1,42.4865475907578,0.0275702960064521,"m"
138,1,42.5169338058792,0.0275525723231344,"m"
139,1,42.5471240347185,0.0275349053752105,"m"
140,1,42.5771237492722,0.0275172944340858,"m"
141,1,42.6069384215367,0.0274997387711656,"m"
142,1,42.6365735235086,0.0274822376578552,"m"
143,1,42.6660345271844,0.0274647903655598,"m"
144,1,42.6953269045607,0.0274473961656849,"m"
145,1,42.7244561276339,0.0274300543296357,"m"
146,1,42.7534276684006,0.0274127641288175,"m"
147,1,42.7822469988573,0.0273955248346356,"m"
148,1,42.8109195910005,0.0273783357184955,"m"
149,1,42.8394509168267,0.0273611960518023,"m"
150,1,42.8678464483325,0.0273441051059614,"m"
151,1,42.8961116575143,0.0273270621523781,"m"
152,1,42.9242520163688,0.0273100664624577,"m"
153,1,42.952272776419,0.0272931173967478,"m"
154,1,42.9801768378894,0.0272762152664791,"m"
155,1,43.0079656788639,0.0272593609578854,"m"
156,1,43.0356407576423,0.0272425553651999,"m"
157,1,43.0632035325243,0.0272257993826557,"m"
158,1,43.0906554618094,0.0272090939044861,"m"
159,1,43.1179980037973,0.027192439824924,"m"
160,1,43.1452326167878,0.0271758380382028,"m"
161,1,43.1723607590805,0.0271592894385555,"m"
162,1,43.199383888975,0.0271427949202154,"m"
163,1,43.226303464771,0.0271263553774155,"m"
164,1,43.2531209447682,0.027109971704389,"m"
165,1,43.2798377872663,0.0270936447953691,"m"
166,1,43.3064554505649,0.0270773755445889,"m"
167,1,43.3329753929636,0.0270611648462816,"m"
168,1,43.3593990727622,0.0270450135946803,"m"
169,1,43.3857279482603,0.0270289226840183,"m"
170,1,43.4119634777576,0.0270128930085285,"m"
171,1,43.4381071195537,0.0269969254624443,"m"
172,1,43.4641603319483,0.0269810209399987,"m"
173,1,43.4901245732412,0.026965180335425,"m"
174,1,43.5160013017318,0.0269494045429562,"m"
175,1,43.54179197572,0.0269336944568255,"m"
176,1,43.5674980535053,0.0269180509712661,"m"
177,1,43.5931209933874,0.0269024749805111,"m"
178,1,43.6186622536661,0.0268869673787937,"m"
179,1,43.644123292641,0.026871529060347,"m"
180,1,43.6695055686116,0.0268561609194043,"m"
181,1,43.6948105398778,0.0268408638501986,"m"
182,1,43.7200396647392,0.026825638746963,"m"
183,1,43.7451943831706,0.0268104864958386,"m"
184,1,43.7702753051026,0.0267954076164175,"m"
185,1,43.79528188872,0.0267804021196792,"m"
186,1,43.8202135073705,0.0267654699791393,"m"
187,1,43.845069534402,0.0267506111683132,"m"
188,1,43.8698493431621,0.0267358256607164,"m"
189,1,43.8945523069988,0.0267211134298644,"m"
190,1,43.9191777992597,0.0267064744492726,"m"
191,1,43.9437251932928,0.0266919086924566,"m"
192,1,43.9681938624457,0.0266774161329319,"m"
193,1,43.9925831800663,0.0266629967442138,"m"
194,1,44.0168925195024,0.0266486504998179,"m"
195,1,44.0411212541017,0.0266343773732597,"m"
196,1,44.065268757212,0.0266201773380546,"m"
197,1,44.0893344021812,0.0266060503677182,"m"
198,1,44.113317562357,0.0265919964357659,"m"
199,1,44.1372176110872,0.0265780155157131,"m"
200,1,44.1610339217197,0.0265641075810755,"m"
201,1,44.1847658676021,0.0265502726053683,"m"
202,1,44.2084128220824,0.0265365105621073,"m"
203,1,44.2319741585082,0.0265228214248077,"m"
204,1,44.2554492502274,0.0265092051669851,"m"
205,1,44.2788374705878,0.026495661762155,"m"
206,1,44.3021381929371,0.0264821911838328,"m"
207,1,44.3253507906231,0.0264687934055341,"m"
208,1,44.3484746369938,0.0264554684007743,"m"
209,1,44.3715091053967,0.0264422161430689,"m"
210,1,44.3944535691798,0.0264290366059333,"m"
211,1,44.4173074016908,0.0264159297628831,"m"
212,1,44.4400699762775,0.0264028955874338,"m"
213,1,44.4627406663359,0.0263899340530778,"m"
214,1,44.4853191207349,0.026377045002149,"m"
215,1,44.5078059113878,0.0263642278374999,"m"
216,1,44.5302018033203,0.0263514818700378,"m"
217,1,44.5525075615581,0.0263388064106701,"m"
218,1,44.5747239511268,0.0263262007703041,"m"
219,1,44.5968517370521,0.0263136642598472,"m"
220,1,44.6188916843597,0.0263011961902069,"m"
221,1,44.6408445580752,0.0262887958722903,"m"
222,1,44.6627111232245,0.0262764626170051,"m"
223,1,44.684492144833,0.0262641957352584,"m"
224,1,44.7061883879266,0.0262519945379577,"m"
225,1,44.727800617531,0.0262398583360103,"m"
226,1,44.7493295986717,0.0262277864403236,"m"
227,1,44.7707760963744,0.0262157781618051,"m"
228,1,44.792140875665,0.0262038328113619,"m"
229,1,44.813424701569,0.0261919496999016,"m"
230,1,44.834628339112,0.0261801281383315,"m"
231,1,44.8557525533199,0.026168367437559,"m"
232,1,44.8767981092183,0.0261566669084914,"m"
233,1,44.8977657718329,0.0261450258620361,"m"
234,1,44.9186563061893,0.0261334436091005,"m"
235,1,44.9394704773132,0.0261219194605919,"m"
236,1,44.9602090502303,0.0261104527274177,"m"
237,1,44.9808727899664,0.0260990427204853,"m"
238,1,45.001462461547,0.0260876887507021,"m"
239,1,45.0219788299979,0.0260763901289754,"m"
240,1,45.0424226603447,0.0260651461662126,"m"
241,1,45.0627947176131,0.0260539561733211,"m"
242,1,45.0830957668289,0.0260428194612082,"m"
243,1,45.1033265730176,0.0260317353407813,"m"
244,1,45.1234878845894,0.0260207031326894,"m"
245,1,45.1435797125874,0.0260097225898903,"m"
246,1,45.1636010536563,0.0259987940600715,"m"
247,1,45.1835508306458,0.0259879179341853,"m"
248,1,45.2034279664055,0.0259770946031842,"m"
249,1,45.2232313837851,0.0259663244580205,"m"
250,1,45.2429600056343,0.0259556078896467,"m"
251,1,45.2626127548026,0.0259449452890153,"m"
252,1,45.2821885541398,0.0259343370470785,"m"
253,1,45.3016863264955,0.0259237835547889,"m"
254,1,45.3211049947193,0.0259132852030989,"m"
255,1,45.340443481661,0.0259028423829609,"m"
256,1,45.3597007101701,0.0258924554853274,"m"
257,1,45.3788756030963,0.0258821249011506,"m"
258,1,45.3979670832892,0.0258718510213831,"m"
259,1,45.4169740735986,0.0258616342369773,"m"
260,1,45.4358954968741,0.0258514749388856,"m"
261,1,45.4547302759652,0.0258413735180604,"m"
262,1,45.4734773337218,0.0258313303654541,"m"
263,1,45.4921355929934,0.0258213458720192,"m"
264,1,45.5107039766296,0.0258114204287081,"m"
265,1,45.5291814074802,0.0258015544264732,"m"
266,1,45.5475668083948,0.0257917482562669,"m"
267,1,45.5658591022231,0.0257820023090417,"m"
268,1,45.5840572118146,0.0257723169757499,"m"
269,1,45.6021600600191,0.025762692647344,"m"
270,1,45.6201665696861,0.0257531297147764,"m"
271,1,45.6380756636655,0.0257436285689995,"m"
272,1,45.6558862648067,0.0257341896009658,"m"
273,1,45.6735972959595,0.0257248132016276,"m"
274,1,45.6912076800456,0.0257154997619086,"m"
275,1,45.7087166934602,0.0257062495312286,"m"
276,1,45.726124785636,0.0256970622894128,"m"
277,1,45.7434326490234,0.025687937719001,"m"
278,1,45.7606409760726,0.0256788755025329,"m"
279,1,45.7777504592339,0.0256698753225482,"m"
280,1,45.7947617909578,0.0256609368615866,"m"
281,1,45.8116756636943,0.0256520598021877,"m"
282,1,45.828492769894,0.0256432438268913,"m"
283,1,45.845213802007,0.025634488618237,"m"
284,1,45.8618394524838,0.0256257938587646,"m"
285,1,45.8783704137745,0.0256171592310136,"m"
286,1,45.8948073783296,0.0256085844175239,"m"
287,1,45.9111510385993,0.0256000691008352,"m"
288,1,45.9274020870339,0.025591612963487,"m"
289,1,45.9435612160838,0.0255832156880191,"m"
290,1,45.9596291181992,0.0255748769569712,"m"
291,1,45.9756064858305,0.0255665964528829,"m"
292,1,45.9914940114279,0.0255583738582941,"m"
293,1,46.0072923874419,0.0255502088557443,"m"
294,1,46.0230023063226,0.0255421011277732,"m"
295,1,46.0386244605204,0.0255340503569206,"m"
296,1,46.0541595424857,0.0255260562257261,"m"
297,1,46.0696082446687,0.0255181184167295,"m"
298,1,46.0849712595197,0.0255102366124704,"m"
299,1,46.100249279489,0.0255024104954884,"m"
300,1,46.115442997027,0.0254946397483234,"m"
301,1,46.130553104584,0.025486924053515,"m"
302,1,46.1455802946102,0.0254792630936029,"m"
303,1,46.160525259556,0.0254716565511267,"m"
304,1,46.1753886918717,0.0254641041086262,"m"
305,1,46.1901713152799,0.0254566054327056,"m"
306,1,46.2048741286602,0.025449160049757,"m"
307,1,46.2194982738378,0.0254417674133315,"m"
308,1,46.2340448938579,0.0254344269763586,"m"
309,1,46.2485151317657,0.0254271381917677,"m"
310,1,46.2629101306063,0.0254199005124884,"m"
311,1,46.2772310334248,0.02541271339145,"m"
312,1,46.2914789832665,0.0254055762815821,"m"
313,1,46.3056551231765,0.0253984886358141,"m"
314,1,46.3197605961999,0.0253914499070755,"m"
315,1,46.3337965453819,0.0253844595482959,"m"
316,1,46.3477641137676,0.0253775170124045,"m"
317,1,46.3616644444021,0.025370621752331,"m"
318,1,46.3754986803308,0.0253637732210049,"m"
319,1,46.3892679645986,0.0253569708713554,"m"
320,1,46.4029734402507,0.0253502141563123,"m"
321,1,46.4166162503324,0.0253435025288048,"m"
322,1,46.4301975378887,0.0253368354417626,"m"
323,1,46.4437184459647,0.025330212348115,"m"
324,1,46.4571801176058,0.0253236327007916,"m"
325,1,46.4705836958569,0.0253170959527218,"m"
326,1,46.4839303237633,0.0253106015568351,"m"
327,1,46.4972211443701,0.025304148966061,"m"
328,1,46.5104573007225,0.0252977376333289,"m"
329,1,46.5236399358656,0.0252913670115683,"m"
330,1,46.5367701928446,0.0252850365537087,"m"
331,1,46.5498492147045,0.0252787457126795,"m"
332,1,46.5628781444907,0.0252724939414103,"m"
333,1,46.5758581252481,0.0252662806928305,"m"
334,1,46.5887903000221,0.0252601054198696,"m"
335,1,46.601675811791,0.0252539675754877,"m"
336,1,46.6145155198778,0.0252478667429105,"m"
337,1,46.6273093512937,0.0252418029335175,"m"
338,1,46.6400570417908,0.0252357762465222,"m"
339,1,46.6527583271207,0.0252297867811378,"m"
340,1,46.6654129430356,0.0252238346365776,"m"
341,1,46.6780206252872,0.0252179199120548,"m"
342,1,46.6905811096275,0.0252120427067829,"m"
343,1,46.7030941318083,0.0252062031199752,"m"
344,1,46.7155594275817,0.0252004012508448,"m"
345,1,46.7279767326994,0.0251946371986051,"m"
346,1,46.7403457829134,0.0251889110624695,"m"
347,1,46.7526663139756,0.0251832229416512,"m"
348,1,46.7649380616378,0.0251775729353635,"m"
349,1,46.7771607616521,0.0251719611428198,"m"
350,1,46.7893341497703,0.0251663876632333,"m"
351,1,46.8014579617443,0.0251608525958173,"m"
352,1,46.813531933326,0.0251553560397852,"m"
353,1,46.8255558002673,0.0251498980943503,"m"
354,1,46.8375292983201,0.0251444788587257,"m"
355,1,46.8494521632364,0.025139098432125,"m"
356,1,46.8613241307679,0.0251337569137613,"m"
357,1,46.8731449366667,0.0251284544028479,"m"
358,1,46.8849143166846,0.0251231909985983,"m"
359,1,46.8966320065736,0.0251179668002255,"m"
360,1,46.9082977420854,0.0251127819069431,"m"
361,1,46.9199112589722,0.0251076364179642,"m"
362,1,46.9314722929856,0.0251025304325023,"m"
363,1,46.9429805798777,0.0250974640497704,"m"
364,1,46.9544358554004,0.0250924373689821,"m"
365,1,46.9658378553055,0.0250874504893506,"m"
366,1,46.9771863620764,0.0250825034852108,"m"
367,1,46.988481564933,0.025077596214364,"m"
368,1,46.9997238625209,0.0250727284231197,"m"
369,1,47.010913655217,0.0250678998568658,"m"
370,1,47.0220513433978,0.0250631102609904,"m"
371,1,47.03313732744,0.0250583593808814,"m"
372,1,47.0441720077202,0.025053646961927,"m"
373,1,47.0551557846151,0.025048972749515,"m"
374,1,47.0660890585014,0.0250443364890336,"m"
375,1,47.0769722297555,0.0250397379258707,"m"
376,1,47.0878056987543,0.0250351768054144,"m"
377,1,47.0985898658743,0.0250306528730526,"m"
378,1,47.1093251314922,0.0250261658741734,"m"
379,1,47.1200118959846,0.0250217155541648,"m"
380,1,47.1306505597282,0.0250173016584147,"m"
381,1,47.1412415230996,0.0250129239323113,"m"
382,1,47.1517851864754,0.0250085821212426,"m"
383,1,47.1622819502323,0.0250042759705964,"m"
384,1,47.172732214747,0.0250000052257609,"m"
385,1,47.183136380396,0.0249957696321241,"m"
386,1,47.1934948475561,0.024991568935074,"m"
387,1,47.2038080166039,0.0249874028799985,"m"
388,1,47.2140762879159,0.0249832712122858,"m"
389,1,47.2243000618689,0.0249791736773237,"m"
390,1,47.2344797388395,0.0249751100205005,"m"
391,1,47.2446157192043,0.0249710799872039,"m"
392,1,47.25470840334,0.0249670833228221,"m"
393,1,47.2647581916232,0.0249631197727431,"m"
394,1,47.2747654844306,0.0249591890823549,"m"
395,1,47.2847306821387,0.0249552909970455,"m"
396,1,47.2946541890131,0.0249514252612573,"m"
397,1,47.3045365338722,0.0249475915891489,"m"
398,1,47.3143783934247,0.0249437896589201,"m"
399,1,47.3241804529786,0.0249400191466802,"m"
400,1,47.3339433978416,0.0249362797285383,"m"
401,1,47.3436679133218,0.0249325710806038,"m"
402,1,47.3533546847269,0.0249288928789857,"m"
403,1,47.363004397365,0.0249252447997933,"m"
404,1,47.372617736544,0.0249216265191357,"m"
405,1,47.3821953875717,0.0249180377131221,"m"
406,1,47.391738035756,0.0249144780578618,"m"
407,1,47.4012463664048,0.0249109472294639,"m"
408,1,47.4107210648262,0.0249074449040376,"m"
409,1,47.4201628163279,0.0249039707576921,"m"
410,1,47.4295723062178,0.0249005244665366,"m"
411,1,47.438950219804,0.0248971057066804,"m"
412,1,47.4482972423942,0.0248937141542325,"m"
413,1,47.4576140592964,0.0248903494853022,"m"
414,1,47.4669013558185,0.0248870113759986,"m"
415,1,47.4761598172685,0.024883699502431,"m"
416,1,47.4853901289541,0.0248804135407086,"m"
417,1,47.4945929761833,0.0248771531669406,"m"
418,1,47.5037690442641,0.024873918057236,"m"
419,1,47.5129190185043,0.0248707078877042,"m"
420,1,47.5220435842118,0.0248675223344544,"m"
421,1,47.5311434266946,0.0248643610735956,"m"
422,1,47.5402192312605,0.0248612237812372,"m"
423,1,47.5492716832174,0.0248581101334883,"m"
424,1,47.5583014678734,0.0248550198064581,"m"
425,1,47.5673092705361,0.0248519524762557,"m"
426,1,47.5762957765137,0.0248489078189905,"m"
427,1,47.5852616166304,0.0248458855307841,"m"
428,1,47.5942069526087,0.0248428854800663,"m"
429,1,47.6031317067812,0.0248399076231983,"m"
430,1,47.6120357995653,0.0248369519172445,"m"
431,1,47.6209191513785,0.0248340183192696,"m"
432,1,47.6297816826382,0.0248311067863381,"m"
433,1,47.6386233137617,0.0248282172755147,"m"
434,1,47.6474439651665,0.0248253497438639,"m"
435,1,47.6562435572701,0.0248225041484503,"m"
436,1,47.6650220104897,0.0248196804463385,"m"
437,1,47.6737792452428,0.024816878594593,"m"
438,1,47.6825151819469,0.0248140985502786,"m"
439,1,47.6912297410193,0.0248113402704596,"m"
440,1,47.6999228428775,0.0248086037122008,"m"
441,1,47.7085944079389,0.0248058888325667,"m"
442,1,47.7172443566208,0.0248031955886219,"m"
443,1,47.7258726093407,0.024800523937431,"m"
444,1,47.734479086516,0.0247978738360585,"m"
445,1,47.7430637085641,0.0247952452415691,"m"
446,1,47.7516263959025,0.0247926381110273,"m"
447,1,47.7601670689484,0.0247900524014977,"m"
448,1,47.7686856481195,0.0247874880700449,"m"
449,1,47.7771820538329,0.0247849450737335,"m"
450,1,47.7856562065063,0.0247824233696281,"m"
451,1,47.7941080265569,0.0247799229147932,"m"
452,1,47.8025374344022,0.0247774436662934,"m"
453,1,47.8109443504596,0.0247749855811934,"m"
454,1,47.8193286951465,0.0247725486165577,"m"
455,1,47.8276903888804,0.0247701327294508,"m"
456,1,47.8360293520786,0.0247677378769374,"m"
457,1,47.8443455056834,0.0247653640151201,"m"
458,1,47.8526387871589,0.0247630110698245,"m"
459,1,47.8609091534197,0.0247606789312313,"m"
460,1,47.8691565624962,0.0247583674874764,"m"
461,1,47.877380972419,0.0247560766266958,"m"
462,1,47.8855823412184,0.0247538062370256,"m"
463,1,47.893760626925,0.0247515562066016,"m"
464,1,47.9019157875691,0.02474932642356,"m"
465,1,47.9100477811812,0.0247471167760366,"m"
466,1,47.9181565657918,0.0247449271521674,"m"
467,1,47.9262420994313,0.0247427574400885,"m"
468,1,47.9343043401302,0.0247406075279359,"m"
469,1,47.9423432459189,0.0247384773038454,"m"
470,1,47.9503587748279,0.0247363666559531,"m"
471,1,47.9583508848877,0.024734275472395,"m"
472,1,47.9663195341286,0.024732203641307,"m"
473,1,47.9742646805811,0.0247301510508252,"m"
474,1,47.9821862822757,0.0247281175890856,"m"
475,1,47.9900842972429,0.024726103144224,"m"
476,1,47.997958683513,0.0247241076043766,"m"
477,1,48.0058093991166,0.0247221308576792,"m"
478,1,48.013636402084,0.0247201727922679,"m"
479,1,48.0214396504458,0.0247182332962786,"m"
480,1,48.0292191022324,0.0247163122578474,"m"
481,1,48.0369747154742,0.0247144095651102,"m"
482,1,48.0447064482017,0.024712525106203,"m"
483,1,48.0524142584454,0.0247106587692618,"m"
484,1,48.0600981042356,0.0247088104424226,"m"
485,1,48.0677579436029,0.0247069800138213,"m"
486,1,48.0753937345777,0.024705167371594,"m"
487,1,48.0830054353275,0.0247033724038562,"m"
488,1,48.0905931106551,0.0247015949828241,"m"
489,1,48.0981571227594,0.0246998349363723,"m"
490,1,48.1056978852784,0.0246980920847056,"m"
491,1,48.1132158118502,0.024696366248029,"m"
492,1,48.1207113161129,0.0246946572465475,"m"
493,1,48.1281848117045,0.0246929649004659,"m"
494,1,48.1356367122631,0.0246912890299892,"m"
495,1,48.1430674314267,0.0246896294553223,"m"
496,1,48.1504773828334,0.0246879859966702,"m"
497,1,48.1578669801212,0.0246863584742378,"m"
498,1,48.1652366369283,0.0246847467082299,"m"
499,1,48.1725867668927,0.0246831505188517,"m"
500,1,48.1799177836523,0.0246815697263079,"m"
501,1,48.1872301008454,0.0246800041508035,"m"
502,1,48.1945241321099,0.0246784536125435,"m"
503,1,48.201800291084,0.0246769179317327,"m"
504,1,48.2090589914056,0.0246753969285761,"m"
505,1,48.2163006467128,0.0246738904232786,"m"
506,1,48.2235256706437,0.0246723982360453,"m"
507,1,48.2307344768364,0.0246709201870809,"m"
508,1,48.2379274789288,0.0246694560965904,"m"
509,1,48.2451050905591,0.0246680057847788,"m"
510,1,48.2522677253654,0.0246665690718509,"m"
511,1,48.2594157969856,0.0246651457780118,"m"
512,1,48.2665497190579,0.0246637357234663,"m"
513,1,48.2736699052202,0.0246623387284194,"m"
514,1,48.2807767691108,0.024660954613076,"m"
515,1,48.2878707243675,0.0246595831976411,"m"
516,1,48.2949521846285,0.0246582243023195,"m"
517,1,48.3020215635319,0.0246568777473162,"m"
518,1,48.3090792683414,0.0246555433546319,"m"
519,1,48.3161255091726,0.024654221001807,"m"
520,1,48.323160266003,0.0246529106312156,"m"
521,1,48.3301835057885,0.0246516121889003,"m"
522,1,48.337195195485,0.0246503256209035,"m"
523,1,48.3441953020483,0.0246490508732677,"m"
524,1,48.3511837924344,0.0246477878920354,"m"
525,1,48.3581606335991,0.024646536623249,"m"
526,1,48.3651257924984,0.0246452970129511,"m"
527,1,48.3720792360881,0.0246440690071841,"m"
528,1,48.3790209313241,0.0246428525519906,"m"
529,1,48.3859508451624,0.0246416475934129,"m"
530,1,48.3928689445588,0.0246404540774936,"m"
531,1,48.3997751964693,0.0246392719502752,"m"
532,1,48.4066695678496,0.0246381011578001,"m"
533,1,48.4135520256558,0.0246369416461109,"m"
534,1,48.4204225368436,0.0246357933612499,"m"
535,1,48.4272810683691,0.0246346562492598,"m"
536,1,48.434127587188,0.024633530256183,"m"
537,1,48.4409620602563,0.0246324153280619,"m"
538,1,48.4477844545299,0.0246313114109391,"m"
539,1,48.4545947369647,0.024630218450857,"m"
540,1,48.4613928745166,0.0246291363938582,"m"
541,1,48.4681788341414,0.024628065185985,"m"
542,1,48.474952582795,0.02462700477328,"m"
543,1,48.4817140874334,0.0246259551017857,"m"
544,1,48.4884633150125,0.0246249161175446,"m"
545,1,48.4952002324881,0.0246238877665991,"m"
546,1,48.5019248068161,0.0246228699949917,"m"
547,1,48.5086370049525,0.0246218627487649,"m"
548,1,48.515336793809,0.0246208659739633,"m"
549,1,48.5220241083405,0.0246198796181401,"m"
550,1,48.5286987952126,0.0246189036330167,"m"
551,1,48.535360685972,0.0246179379710282,"m"
552,1,48.5420096121653,0.0246169825846098,"m"
553,1,48.5486454053392,0.0246160374261965,"m"
554,1,48.5552678970403,0.0246151024482236,"m"
555,1,48.5618769188152,0.0246141776031261,"m"
556,1,48.5684723022107,0.0246132628433392,"m"
557,1,48.5750538787733,0.024612358121298,"m"
558,1,48.5816214800498,0.0246114633894376,"m"
559,1,48.5881749375867,0.0246105786001932,"m"
560,1,48.5947140829308,0.0246097037059999,"m"
561,1,48.6012387476286,0.0246088386592929,"m"
562,1,48.6077487632268,0.0246079834125072,"m"
563,1,48.6142439612721,0.024607137918078,"m"
564,1,48.6207241733112,0.0246063021284405,"m"
565,1,48.6271892308906,0.0246054759960298,"m"
566,1,48.633638965557,0.0246046594732809,"m"
567,1,48.6400732088571,0.0246038525126291,"m"
568,1,48.6464917923376,0.0246030550665094,"m"
569,1,48.652894547545,0.024602267087357,"m"
570,1,48.6592813060261,0.0246014885276071,"m"
571,1,48.6656518993274,0.0246007193396947,"m"
572,1,48.6720061589957,0.024599959476055,"m"
573,1,48.6783439165775,0.0245992088891232,"m"
574,1,48.6846650036196,0.0245984675313343,"m"
575,1,48.6909692516686,0.0245977353551235,"m"
576,1,48.6972564922711,0.0245970123129259,"m"
577,1,48.7035265569738,0.0245962983571766,"m"
578,1,48.7097792773234,0.0245955934403109,"m"
579,1,48.7160145338474,0.024594897510509,"m"
580,1,48.7222325585126,0.0245942104854238,"m"
581,1,48.7284337367618,0.0245935322693761,"m"
582,1,48.7346184546792,0.0245928627666314,"m"
583,1,48.740787098349,0.0245922018814549,"m"
584,1,48.7469400538555,0.0245915495181119,"m"
585,1,48.753077707283,0.0245909055808677,"m"
586,1,48.7592004447157,0.0245902699739876,"m"
587,1,48.7653086522379,0.024589642601737,"m"
588,1,48.7714027159337,0.0245890233683811,"m"
589,1,48.7774830218876,0.0245884121781852,"m"
590,1,48.7835499561837,0.0245878089354146,"m"
591,1,48.7896039049063,0.0245872135443347,"m"
592,1,48.7956452541396,0.0245866259092107,"m"
593,1,48.8016743899678,0.0245860459343079,"m"
594,1,48.8076916984753,0.0245854735238917,"m"
595,1,48.8136975657464,0.0245849085822273,"m"
596,1,48.8196923778651,0.02458435101358,"m"
597,1,48.8256765209159,0.0245838007222151,"m"
598,1,48.8316503809829,0.024583257612398,"m"
599,1,48.8376143441504,0.0245827215883939,"m"
600,1,48.8435687965026,0.0245821925544682,"m"
601,1,48.8495141241239,0.0245816704148861,"m"
602,1,48.8554507130984,0.0245811550739129,"m"
603,1,48.8613789495104,0.024580646435814,"m"
604,1,48.8672992194442,0.0245801444048546,"m"
605,1,48.8732119089841,0.0245796488853,"m"
606,1,48.8791174042142,0.0245791597814156,"m"
607,1,48.8850160912188,0.0245786769974666,"m"
608,1,48.8909083560822,0.0245782004377184,"m"
609,1,48.8967945846885,0.0245777300064605,"m"
610,1,48.9026750274459,0.0245772656243686,"m"
611,1,48.9085495639799,0.0245768072569665,"m"
612,1,48.9144180110551,0.024576354877381,"m"
613,1,48.9202801854361,0.0245759084587389,"m"
614,1,48.9261359038875,0.0245754679741672,"m"
615,1,48.9319849831739,0.0245750333967926,"m"
616,1,48.9378272400597,0.0245746046997422,"m"
617,1,48.9436624913097,0.0245741818561427,"m"
618,1,48.9494905536885,0.0245737648391209,"m"
619,1,48.9553112439605,0.0245733536218039,"m"
620,1,48.9611243788903,0.0245729481773185,"m"
621,1,48.9669297752427,0.0245725484787914,"m"
622,1,48.9727272497821,0.0245721544993497,"m"
623,1,48.9785166192731,0.0245717662121201,"m"
624,1,48.9842977004803,0.0245713835902296,"m"
625,1,48.9900703101683,0.024571006606805,"m"
626,1,48.9958342651017,0.0245706352349732,"m"
627,1,49.0015893820451,0.024570269447861,"m"
628,1,49.007335477763,0.0245699092185954,"m"
629,1,49.0130723690201,0.0245695545203032,"m"
630,1,49.0187998725808,0.0245692053261112,"m"
631,1,49.0245178052099,0.0245688616091464,"m"
632,1,49.0302259836718,0.0245685233425356,"m"
633,1,49.0359242247312,0.0245681904994057,"m"
634,1,49.0416123451526,0.0245678630528836,"m"
635,1,49.0472901617007,0.0245675409760961,"m"
636,1,49.05295749114,0.02456722424217,"m"
637,1,49.0586141502351,0.0245669128242324,"m"
638,1,49.0642599557506,0.02456660669541,"m"
639,1,49.069894724451,0.0245663058288297,"m"
640,1,49.075518283753,0.0245660101959453,"m"
641,1,49.0811305367128,0.0245657197563299,"m"
642,1,49.0867314191183,0.0245654344644152,"m"
643,1,49.0923208668884,0.0245651542746126,"m"
644,1,49.0978988159419,0.0245648791413335,"m"
645,1,49.1034652021976,0.0245646090189891,"m"
646,1,49.1090199615743,0.0245643438619908,"m"
647,1,49.1145630299907,0.0245640836247499,"m"
648,1,49.1200943433658,0.0245638282616778,"m"
649,1,49.1256138376184,0.0245635777271856,"m"
650,1,49.1311214486672,0.0245633319756849,"m"
651,1,49.136617112431,0.0245630909615868,"m"
652,1,49.1421007648287,0.0245628546393027,"m"
653,1,49.1475723417791,0.024562622963244,"m"
654,1,49.1530317792009,0.0245623958878219,"m"
655,1,49.1584790130131,0.0245621733674478,"m"
656,1,49.1639139791343,0.0245619553565329,"m"
657,1,49.1693366134835,0.0245617418094887,"m"
658,1,49.1747468519794,0.0245615326807264,"m"
659,1,49.1801446305408,0.0245613279246574,"m"
660,1,49.1855298850866,0.0245611274956929,"m"
661,1,49.1909025515356,0.0245609313482444,"m"
662,1,49.1962625658065,0.024560739436723,"m"
663,1,49.2016098638182,0.0245605517155402,"m"
664,1,49.2069443814895,0.0245603681391073,"m"
665,1,49.2122660547392,0.0245601886618355,"m"
666,1,49.2175748194861,0.0245600132381362,"m"
667,1,49.2228706116491,0.0245598418224208,"m"
668,1,49.2281533671469,0.0245596743691005,"m"
669,1,49.2334230218983,0.0245595108325867,"m"
670,1,49.2386795139727,0.0245593511674029,"m"
671,1,49.2439228316638,0.0245591953306948,"m"
672,1,49.2491530139175,0.0245590432822523,"m"
673,1,49.2543701019158,0.0245588949819821,"m"
674,1,49.2595741368405,0.0245587503897908,"m"
675,1,49.2647651598736,0.0245586094655852,"m"
676,1,49.2699432121969,0.024558472169272,"m"
677,1,49.2751083349924,0.0245583384607578,"m"
678,1,49.280260569442,0.0245582082999492,"m"
679,1,49.2853999567275,0.0245580816467531,"m"
680,1,49.290526538031,0.024557958461076,"m"
681,1,49.2956403545342,0.0245578387028247,"m"
682,1,49.3007414474192,0.0245577223319058,"m"
683,1,49.3058298578678,0.024557609308226,"m"
684,1,49.3109056270619,0.024557499591692,"m"
685,1,49.3159687961835,0.0245573931422105,"m"
686,1,49.3210194064145,0.0245572899196881,"m"
687,1,49.3260574989366,0.0245571898840316,"m"
688,1,49.331083114932,0.0245570929951476,"m"
689,1,49.3360962955825,0.0245569992129428,"m"
690,1,49.3410970820699,0.0245569084973239,"m"
691,1,49.3460855155762,0.0245568208081976,"m"
692,1,49.3510616372834,0.0245567361054705,"m"
693,1,49.3560254883732,0.0245566543490493,"m"
694,1,49.3609771100277,0.0245565754988408,"m"
695,1,49.3659165434287,0.0245564995147515,"m"
696,1,49.3708438297582,0.0245564263566882,"m"
697,1,49.3757590101981,0.0245563559845576,"m"
698,1,49.3806621259301,0.0245562883582664,"m"
699,1,49.3855532181364,0.0245562234377211,"m"
700,1,49.3904323279988,0.0245561611828286,"m"
701,1,49.3952995517697,0.024556101555945,"m"
702,1,49.4001553727375,0.0245560445366424,"m"
703,1,49.4050004401441,0.0245559901118746,"m"
704,1,49.4098354038659,0.0245559382686235,"m"
705,1,49.4146609137792,0.0245558889938712,"m"
706,1,49.4194776197604,0.0245558422745996,"m"
707,1,49.4242861716859,0.0245557980977907,"m"
708,1,49.429087219432,0.0245557564504266,"m"
709,1,49.4338814128751,0.0245557173194892,"m"
710,1,49.4386694018915,0.0245556806919605,"m"
711,1,49.4434518363577,0.0245556465548225,"m"
712,1,49.4482293661501,0.0245556148950573,"m"
713,1,49.4530026411449,0.0245555856996467,"m"
714,1,49.4577723112185,0.0245555589555729,"m"
715,1,49.4625390262474,0.0245555346498178,"m"
716,1,49.4673034361079,0.0245555127693634,"m"
717,1,49.4720661906764,0.0245554933011916,"m"
718,1,49.4768279398292,0.0245554762322846,"m"
719,1,49.4815893334427,0.0245554615496242,"m"
720,1,49.4863510213933,0.0245554492401926,"m"
721,1,49.4911136535573,0.0245554392909716,"m"
722,1,49.4958778798112,0.0245554316889432,"m"
723,1,49.5006443500312,0.0245554264210896,"m"
724,1,49.5054137140938,0.0245554234743926,"m"
725,1,49.5101866218753,0.0245554228358343,"m"
726,1,49.5149637232522,0.0245554244923966,"m"
727,1,49.5197456681007,0.0245554284310616,"m"
728,1,49.5245331062972,0.0245554346388112,"m"
729,1,49.5293266877182,0.0245554431026275,"m"
730,1,49.53412706224,0.0245554538094924,"m"
731,1,49.5389348485172,0.0245554667461928,"m"
732,1,49.543749947107,0.0245554818950249,"m"
733,1,49.5485715404685,0.0245554992337949,"m"
734,1,49.5533987798392,0.0245555187401137,"m"
735,1,49.5582308164569,0.0245555403915921,"m"
736,1,49.563066801559,0.0245555641658409,"m"
737,1,49.5679058863832,0.024555590040471,"m"
738,1,49.5727472221671,0.0245556179930932,"m"
739,1,49.5775899601481,0.0245556480013184,"m"
740,1,49.582433251564,0.0245556800427574,"m"
741,1,49.5872762476522,0.0245557140950211,"m"
742,1,49.5921180996505,0.0245557501357202,"m"
743,1,49.5969579587963,0.0245557881424657,"m"
744,1,49.6017949763272,0.0245558280928684,"m"
745,1,49.6066283034809,0.0245558699645391,"m"
746,1,49.6114570914949,0.0245559137350887,"m"
747,1,49.6162804916068,0.024555959382128,"m"
748,1,49.6210976550542,0.0245560068832678,"m"
749,1,49.6259077330747,0.0245560562161191,"m"
750,1,49.6307098769058,0.0245561073582927,"m"
751,1,49.6355032377852,0.0245561602873993,"m"
752,1,49.6402869669504,0.0245562149810499,"m"
753,1,49.645060215639,0.0245562714168552,"m"
754,1,49.6498221350886,0.0245563295724262,"m"
755,1,49.6545718765367,0.0245563894253737,"m"
756,1,49.6593085912211,0.0245564509533085,"m"
757,1,49.6640314303792,0.0245565141338414,"m"
758,1,49.6687395452486,0.0245565789445834,"m"
759,1,49.6734320870669,0.0245566453631452,"m"
760,1,49.6781082070718,0.0245567133671377,"m"
761,1,49.6827670577793,0.0245567829341828,"m"
762,1,49.6874081260809,0.0245568540448075,"m"
763,1,49.6920316786973,0.0245569266863136,"m"
764,1,49.6966380933094,0.0245570008469669,"m"
765,1,49.7012277475983,0.0245570765150332,"m"
766,1,49.7058010192447,0.0245571536787783,"m"
767,1,49.7103582859297,0.024557232326468,"m"
768,1,49.7148999253343,0.0245573124463681,"m"
769,1,49.7194263151392,0.0245573940267445,"m"
770,1,49.7239378330256,0.0245574770558629,"m"
771,1,49.7284348566742,0.0245575615219893,"m"
772,1,49.7329177637661,0.0245576474133893,"m"
773,1,49.7373869319822,0.0245577347183288,"m"
774,1,49.7418427390035,0.0245578234250736,"m"
775,1,49.7462855625108,0.0245579135218895,"m"
776,1,49.7507157801852,0.0245580049970424,"m"
777,1,49.7551337697075,0.024558097838798,"m"
778,1,49.7595399087587,0.0245581920354222,"m"
779,1,49.7639345750198,0.0245582875751807,"m"
780,1,49.7683181461716,0.0245583844463395,"m"
781,1,49.7726909998952,0.0245584826371642,"m"
782,1,49.7770535138714,0.0245585821359207,"m"
783,1,49.7814060657812,0.0245586829308749,"m"
784,1,49.7857490333056,0.0245587850102924,"m"
785,1,49.7900827941254,0.0245588883624393,"m"
786,1,49.7944077259217,0.0245589929755811,"m"
787,1,49.7987242063753,0.0245590988379839,"m"
788,1,49.8030326131672,0.0245592059379133,"m"
789,1,49.8073333239784,0.0245593142636352,"m"
790,1,49.8116267164897,0.0245594238034155,"m"
791,1,49.8159131683822,0.0245595345455198,"m"
792,1,49.8201930452033,0.0245596464781081,"m"
793,1,49.8244664376452,0.0245597595869407,"m"
794,1,49.8287331638652,0.0245598738553982,"m"
795,1,49.8329930303512,0.0245599892667597,"m"
796,1,49.8372458435912,0.024560105804304,"m"
797,1,49.8414914100731,0.0245602234513101,"m"
798,1,49.8457295362848,0.0245603421910569,"m"
799,1,49.8499600287144,0.0245604620068233,"m"
800,1,49.8541826938497,0.0245605828818882,"m"
801,1,49.8583973381787,0.0245607047995305,"m"
802,1,49.8626037681894,0.0245608277430292,"m"
803,1,49.8668017903697,0.0245609516956631,"m"
804,1,49.8709912112075,0.0245610766407113,"m"
805,1,49.8751718371907,0.0245612025614525,"m"
806,1,49.8793434748075,0.0245613294411659,"m"
807,1,49.8835059305456,0.0245614572631301,"m"
808,1,49.887659010893,0.0245615860106242,"m"
809,1,49.8918025223377,0.0245617156669272,"m"
810,1,49.8959362713677,0.0245618462153178,"m"
811,1,49.9000600644708,0.024561977639075,"m"
812,1,49.904173708135,0.0245621099214778,"m"
813,1,49.9082770088483,0.0245622430458051,"m"
814,1,49.9123697730986,0.0245623769953358,"m"
815,1,49.9164518073738,0.0245625117533487,"m"
816,1,49.920522918162,0.0245626473031229,"m"
817,1,49.924582911951,0.0245627836279372,"m"
818,1,49.9286315952288,0.0245629207110706,"m"
819,1,49.9326687744834,0.024563058535802,"m"
820,1,49.9366942562026,0.0245631970854103,"m"
821,1,49.9407078468745,0.0245633363431743,"m"
822,1,49.9447093531268,0.0245634762923748,"m"
823,1,49.9486986165339,0.0245636169167079,"m"
824,1,49.9526755594294,0.0245637582008305,"m"
825,1,49.9566401155198,0.0245639001295347,"m"
826,1,49.9605922185116,0.0245640426876126,"m"
827,1,49.9645318021111,0.0245641858598563,"m"
828,1,49.9684588000249,0.0245643296310578,"m"
829,1,49.9723731459593,0.0245644739860094,"m"
830,1,49.9762747736209,0.024564618909503,"m"
831,1,49.980163616716,0.0245647643863308,"m"
832,1,49.9840396089511,0.024564910401285,"m"
833,1,49.9879026840326,0.0245650569391575,"m"
834,1,49.9917527756671,0.0245652039847406,"m"
835,1,49.9955898175609,0.0245653515228262,"m"
836,1,49.9994137434204,0.0245654995382065,"m"
837,1,50.0032244869522,0.0245656480156737,"m"
838,1,50.0070219818627,0.0245657969400198,"m"
839,1,50.0108061618582,0.0245659462960369,"m"
840,1,50.0145769606453,0.0245660960685171,"m"
841,1,50.0183343119305,0.0245662462422525,"m"
842,1,50.0220781494201,0.0245663968020353,"m"
843,1,50.0258084068205,0.0245665477326574,"m"
844,1,50.0295250178383,0.0245666990189111,"m"
845,1,50.0332279161799,0.0245668506455885,"m"
846,1,50.0369170355517,0.0245670025974815,"m"
847,1,50.0405923096602,0.0245671548593824,"m"
848,1,50.0442536722118,0.0245673074160833,"m"
849,1,50.047901056913,0.0245674602523762,"m"
850,1,50.0515343974701,0.0245676133530532,"m"
851,1,50.0551536275897,0.0245677667029064,"m"
852,1,50.0587586809782,0.0245679202867281,"m"
853,1,50.0623495189677,0.0245680740910251,"m"
854,1,50.0659262658383,0.0245682281124201,"m"
855,1,50.0694891054083,0.0245683823512317,"m"
856,1,50.0730382215837,0.0245685368077841,"m"
857,1,50.0765737982706,0.0245686914824012,"m"
858,1,50.0800960193749,0.0245688463754072,"m"
859,1,50.0836050688028,0.0245690014871262,"m"
860,1,50.0871011304603,0.0245691568178822,"m"
861,1,50.0905843882534,0.0245693123679993,"m"
862,1,50.0940550260883,0.0245694681378015,"m"
863,1,50.0975132278709,0.0245696241276131,"m"
864,1,50.1009591775073,0.0245697803377579,"m"
865,1,50.1043930589035,0.0245699367685602,"m"
866,1,50.1078150559657,0.024570093420344,"m"
867,1,50.1112253525999,0.0245702502934334,"m"
868,1,50.114624132712,0.0245704073881524,"m"
869,1,50.1180115802082,0.0245705647048251,"m"
870,1,50.1213878789946,0.0245707222437757,"m"
871,1,50.1247532129771,0.0245708800053282,"m"
872,1,50.1281077660618,0.0245710379898066,"m"
873,1,50.1314517221548,0.0245711961975351,"m"
874,1,50.1347852651621,0.0245713546288377,"m"
875,1,50.1381085789898,0.0245715132840385,"m"
876,1,50.1414218475439,0.0245716721634616,"m"
877,1,50.1447252547305,0.024571831267431,"m"
878,1,50.1480189844557,0.0245719905962709,"m"
879,1,50.1513032206254,0.0245721501503053,"m"
880,1,50.1545781471458,0.0245723099298584,"m"
881,1,50.1578439479228,0.0245724699352541,"m"
882,1,50.1611008068626,0.0245726301668165,"m"
883,1,50.1643489075584,0.0245727906248568,"m"
884,1,50.1675883587852,0.0245729513065728,"m"
885,1,50.1708190979938,0.0245731122020333,"m"
886,1,50.1740410387572,0.024573273300314,"m"
887,1,50.1772540946485,0.0245734345904901,"m"
888,1,50.1804581792406,0.024573596061637,"m"
889,1,50.1836532061065,0.0245737577028302,"m"
890,1,50.1868390888193,0.0245739195031451,"m"
891,1,50.1900157409519,0.0245740814516571,"m"
892,1,50.1931830760774,0.0245742435374416,"m"
893,1,50.1963410077687,0.0245744057495739,"m"
894,1,50.1994894495989,0.0245745680771296,"m"
895,1,50.202628315141,0.024574730509184,"m"
896,1,50.2057575179679,0.0245748930348125,"m"
897,1,50.2088769716527,0.0245750556430905,"m"
898,1,50.2119865897685,0.0245752183230935,"m"
899,1,50.2150862858881,0.0245753810638968,"m"
900,1,50.2181759735846,0.0245755438545759,"m"
901,1,50.2212555664309,0.0245757066842061,"m"
902,1,50.2243249780003,0.0245758695418629,"m"
903,1,50.2273841218655,0.0245760324166216,"m"
904,1,50.2304329115996,0.0245761952975577,"m"
905,1,50.2334712607757,0.0245763581737467,"m"
906,1,50.2364990829666,0.0245765210342638,"m"
907,1,50.2395162917456,0.0245766838681845,"m"
908,1,50.2425228006854,0.0245768466645842,"m"
909,1,50.2455185233592,0.0245770094125384,"m"
910,1,50.24850337334,0.0245771721011223,"m"
911,1,50.2514772642007,0.0245773347194115,"m"
912,1,50.2544401095143,0.0245774972564814,"m"
913,1,50.2573918228539,0.0245776597014072,"m"
914,1,50.2603323245284,0.0245778220436488,"m"
915,1,50.263261574182,0.0245779842749094,"m"
916,1,50.2661795456965,0.0245781463877046,"m"
917,1,50.2690862129734,0.0245783083745509,"m"
918,1,50.2719815499143,0.0245784702279651,"m"
919,1,50.2748655304208,0.0245786319404638,"m"
920,1,50.2777381283942,0.0245787935045635,"m"
921,1,50.2805993177362,0.024578954912781,"m"
922,1,50.2834490723482,0.0245791161576328,"m"
923,1,50.2862873661318,0.0245792772316355,"m"
924,1,50.2891141729885,0.0245794381273059,"m"
925,1,50.2919294668197,0.0245795988371605,"m"
926,1,50.2947332215271,0.024579759353716,"m"
927,1,50.2975254110122,0.024579919669489,"m"
928,1,50.3003060091764,0.0245800797769962,"m"
929,1,50.3030749899213,0.024580239668754,"m"
930,1,50.3058323271484,0.0245803993372793,"m"
931,1,50.3085779947592,0.0245805587750886,"m"
932,1,50.3113119666552,0.0245807179746986,"m"
933,1,50.314034216738,0.0245808769286259,"m"
934,1,50.316744718909,0.0245810356293871,"m"
935,1,50.3194434470699,0.0245811940694988,"m"
936,1,50.322130375122,0.0245813522414777,"m"
937,1,50.324805476967,0.0245815101378404,"m"
938,1,50.3274687265063,0.0245816677511036,"m"
939,1,50.3301200976414,0.0245818250737838,"m"
940,1,50.332759564274,0.0245819820983977,"m"
941,1,50.3353871003054,0.024582138817462,"m"
942,1,50.3380026796373,0.0245822952234932,"m"
943,1,50.3406062761711,0.0245824513090081,"m"
944,1,50.3431978691911,0.0245826070669019,"m"
945,1,50.3457775331137,0.0245827624967644,"m"
946,1,50.3483454238506,0.0245829176039199,"m"
947,1,50.3509016999484,0.024583072393878,"m"
948,1,50.3534465199536,0.0245832268721486,"m"
949,1,50.3559800424129,0.0245833810442413,"m"
950,1,50.3585024258729,0.0245835349156659,"m"
951,1,50.36101382888,0.0245836884919321,"m"
952,1,50.3635144099809,0.0245838417785496,"m"
953,1,50.3660043277221,0.0245839947810281,"m"
954,1,50.3684837406503,0.0245841475048774,"m"
955,1,50.370952807312,0.0245842999556072,"m"
956,1,50.3734116862538,0.0245844521387272,"m"
957,1,50.3758605360223,0.0245846040597471,"m"
958,1,50.3782995151641,0.0245847557241767,"m"
959,1,50.3807287822256,0.0245849071375257,"m"
960,1,50.3831484957536,0.0245850583053038,"m"
961,1,50.3855588142946,0.0245852092330207,"m"
962,1,50.3879598963952,0.0245853599261862,"m"
963,1,50.390351900602,0.02458551039031,"m"
964,1,50.3927349854614,0.0245856606309018,"m"
965,1,50.3951093095202,0.0245858106534713,"m"
966,1,50.3974750313249,0.0245859604635283,"m"
967,1,50.3998323094221,0.0245861100665824,"m"
968,1,50.4021813023583,0.0245862594681435,"m"
969,1,50.4045221686802,0.0245864086737212,"m"
970,1,50.4068550669342,0.0245865576888252,"m"
971,1,50.4091801556671,0.0245867065189653,"m"
972,1,50.4114975934254,0.0245868551696512,"m"
973,1,50.4138075387556,0.0245870036463927,"m"
974,1,50.4161101502043,0.0245871519546994,"m"
975,1,50.4184055606126,0.0245873000985249,"m"
976,1,50.4206937542047,0.0245874480728254,"m"
977,1,50.4229746619162,0.0245875958693313,"m"
978,1,50.4252482146142,0.0245877434797687,"m"
979,1,50.427514343166,0.0245878908958635,"m"
980,1,50.4297729784387,0.0245880381093421,"m"
981,1,50.4320240512994,0.0245881851119304,"m"
982,1,50.4342674926153,0.0245883318953545,"m"
983,1,50.4365032332536,0.0245884784513407,"m"
984,1,50.4387312040815,0.0245886247716148,"m"
985,1,50.440951335966,0.0245887708479032,"m"
986,1,50.4431635597744,0.0245889166719318,"m"
987,1,50.4453678063738,0.0245890622354268,"m"
988,1,50.4475640066314,0.0245892075301143,"m"
989,1,50.4497520914143,0.0245893525477204,"m"
990,1,50.4519319915898,0.0245894972799712,"m"
991,1,50.4541036380249,0.0245896417185928,"m"
992,1,50.4562669615868,0.0245897858553112,"m"
993,1,50.4584218931427,0.0245899296818527,"m"
994,1,50.4605683635598,0.0245900731899433,"m"
995,1,50.4627063037051,0.0245902163713091,"m"
996,1,50.464835644446,0.0245903592176762,"m"
997,1,50.4669563166494,0.0245905017207707,"m"
998,1,50.4690682511827,0.0245906438723188,"m"
999,1,50.4711713789129,0.0245907856640465,"m"
1000,1,50.4732656307072,0.0245909270876799,"m"
1001,1,50.4753509374328,0.0245910681349452,"m"
1002,1,50.4774272299568,0.0245912087975683,"m"
1003,1,50.4794944391465,0.0245913490672756,"m"
1004,1,50.4815524958689,0.024591488935793,"m"
1005,1,50.4836013363114,0.0245916283952915,"m"
1006,1,50.4856409894126,0.0245917674456978,"m"
1007,1,50.4876715628932,0.0245919060935261,"m"
1008,1,50.4896931669774,0.0245920443455002,"m"
1009,1,50.4917059118892,0.0245921822083435,"m"
1010,1,50.4937099078527,0.0245923196887798,"m"
1011,1,50.495705265092,0.0245924567935326,"m"
1012,1,50.4976920938313,0.0245925935293256,"m"
1013,1,50.4996705042945,0.0245927299028823,"m"
1014,1,50.5016406067059,0.0245928659209265,"m"
1015,1,50.5036025112894,0.0245930015901816,"m"
1016,1,50.5055563282692,0.0245931369173713,"m"
1017,1,50.5075021678695,0.0245932719092193,"m"
1018,1,50.5094401403141,0.0245934065724492,"m"
1019,1,50.5113703558274,0.0245935409137845,"m"
1020,1,50.5132929246333,0.0245936749399489,"m"
1021,1,50.5152079569559,0.024593808657666,"m"
1022,1,50.5171155630194,0.0245939420736594,"m"
1023,1,50.5190158530479,0.0245940751946528,"m"
1024,1,50.5209089372653,0.0245942080273697,"m"
1025,1,50.5227949258959,0.0245943405785337,"m"
1026,1,50.5246739291637,0.0245944728548686,"m"
1027,1,50.5265460572929,0.0245946048630979,"m"
1028,1,50.5284114205074,0.0245947366099451,"m"
1029,1,50.5302701290314,0.024594868102134,"m"
1030,1,50.532122293089,0.0245949993463882,"m"
1031,1,50.5339680229043,0.0245951303494312,"m"
1032,1,50.5358074287014,0.0245952611179867,"m"
1033,1,50.5376406207043,0.0245953916587783,"m"
1034,1,50.5394677091372,0.0245955219785296,"m"
1035,1,50.5412888032537,0.0245956520838841,"m"
1036,1,50.5431038910026,0.0245957819714722,"m"
1037,1,50.5449127226273,0.0245959116183027,"m"
1038,1,50.5467150207632,0.0245960409991053,"m"
1039,1,50.5485105080454,0.0245961700886101,"m"
1040,1,50.5502989071091,0.0245962988615468,"m"
1041,1,50.5520799405897,0.0245964272926453,"m"
1042,1,50.5538533311224,0.0245965553566355,"m"
1043,1,50.5556188013424,0.0245966830282472,"m"
1044,1,50.557376073885,0.0245968102822103,"m"
1045,1,50.5591248713854,0.0245969370932547,"m"
1046,1,50.5608649164789,0.0245970634361103,"m"
1047,1,50.5625959318007,0.0245971892855069,"m"
1048,1,50.564317639986,0.0245973146161743,"m"
1049,1,50.5660297636702,0.0245974394028425,"m"
1050,1,50.5677320254884,0.0245975636202413,"m"
1051,1,50.5694241480759,0.0245976872431005,"m"
1052,1,50.5711058540679,0.0245978102461501,"m"
1053,1,50.5727768660998,0.0245979326041198,"m"
1054,1,50.5744369068066,0.0245980542917397,"m"
1055,1,50.5760856988238,0.0245981752837394,"m"
1056,1,50.5777229647865,0.024598295554849,"m"
1057,1,50.57934842733,0.0245984150797982,"m"
1058,1,50.5809618090895,0.0245985338333169,"m"
1059,1,50.5825628327002,0.0245986517901351,"m"
1060,1,50.5841512207975,0.0245987689249825,"m"
1061,1,50.5857266960166,0.024598885212589,"m"
1062,1,50.5872889809926,0.0245990006276844,"m"
1063,1,50.588837798361,0.0245991151449988,"m"
1064,1,50.5903728707568,0.0245992287392618,"m"
1065,1,50.5918939208154,0.0245993413852034,"m"
1066,1,50.5934007249017,0.0245994530618583,"m"
1067,1,50.5948939834221,0.024599563822295,"m"
1068,1,50.5963751750121,0.0245996737819335,"m"
1069,1,50.5978458026043,0.0245997830581404,"m"
1070,1,50.5993073691319,0.0245998917682824,"m"
1071,1,50.6007613775275,0.0246000000297263,"m"
1072,1,50.602209330724,0.0246001079598387,"m"
1073,1,50.6036527316544,0.0246002156759863,"m"
1074,1,50.6050930832515,0.0246003232955358,"m"
1075,1,50.6065318884481,0.0246004309358539,"m"
1076,1,50.6079706501772,0.0246005387143072,"m"
1077,1,50.6094108713716,0.0246006467482625,"m"
1078,1,50.6108540549642,0.0246007551550864,"m"
1079,1,50.6123017038877,0.0246008640521456,"m"
1080,1,50.6137553210752,0.0246009735568067,"m"
1081,1,50.6152164094595,0.0246010837864366,"m"
1082,1,50.6166864719734,0.0246011948584018,"m"
1083,1,50.6181670115498,0.0246013068900691,"m"
1084,1,50.6196595311215,0.0246014199988051,"m"
1085,1,50.6211655336216,0.0246015343019766,"m"
1086,1,50.6226865219827,0.0246016499169501,"m"
1087,1,50.6242239991378,0.0246017669610924,"m"
1088,1,50.6257794680197,0.0246018855517702,"m"
1089,1,50.6273544315614,0.0246020058063502,"m"
1090,1,50.6289503926956,0.0246021278421989,"m"
1091,1,50.6305688543552,0.0246022517766833,"m"
1092,1,50.6322113194732,0.0246023777271698,"m"
1093,1,50.6338792909824,0.0246025058110252,"m"
1094,1,50.6355742718156,0.0246026361456162,"m"
1095,1,50.6372977649057,0.0246027688483095,"m"
1096,1,50.6390512652663,0.0246029040358576,"m"
1097,1,50.6408353096726,0.0246030417506979,"m"
1098,1,50.6426485738586,0.0246031818909374,"m"
1099,1,50.6444895197363,0.0246033243380999,"m"
1100,1,50.6463566092181,0.0246034689737096,"m"
1101,1,50.6482483042159,0.0246036156792906,"m"
1102,1,50.6501630666421,0.024603764336367,"m"
1103,1,50.6520993584088,0.0246039148264627,"m"
1104,1,50.6540556414281,0.0246040670311019,"m"
1105,1,50.6560303776122,0.0246042208318087,"m"
1106,1,50.6580220288733,0.0246043761101071,"m"
1107,1,50.6600290571236,0.0246045327475211,"m"
1108,1,50.6620499242751,0.024604690625575,"m"
1109,1,50.6640830922402,0.0246048496257926,"m"
1110,1,50.6661270229309,0.0246050096296982,"m"
1111,1,50.6681801782593,0.0246051705188158,"m"
1112,1,50.6702410201378,0.0246053321746693,"m"
1113,1,50.6723080104785,0.024605494478783,"m"
1114,1,50.6743796111934,0.0246056573126809,"m"
1115,1,50.6764542841948,0.0246058205578871,"m"
1116,1,50.6785304913949,0.0246059840959255,"m"
1117,1,50.6806066947058,0.0246061478083204,"m"
1118,1,50.6826813560396,0.0246063115765957,"m"
1119,1,50.6847529373087,0.0246064752822756,"m"
1120,1,50.686819900425,0.024606638806884,"m"
1121,1,50.6888807073008,0.0246068020319452,"m"
1122,1,50.6909338198483,0.0246069648389831,"m"
1123,1,50.6929776999796,0.0246071271095218,"m"
1124,1,50.6950108096068,0.0246072887250854,"m"
1125,1,50.6970316106422,0.024607449567198,"m"
1126,1,50.699038564998,0.0246076095173836,"m"
1127,1,50.7010304117382,0.0246077684785967,"m"
1128,1,50.7030072409304,0.024607926458256,"m"
1129,1,50.7049695536845,0.0246080834955636,"m"
1130,1,50.7069178512071,0.0246082396297288,"m"
1131,1,50.7088526347046,0.0246083948999613,"m"
1132,1,50.7107744053836,0.0246085493454705,"m"
1133,1,50.7126836644506,0.0246087030054658,"m"
1134,1,50.714580913112,0.0246088559191568,"m"
1135,1,50.7164666525745,0.0246090081257528,"m"
1136,1,50.7183413840446,0.0246091596644635,"m"
1137,1,50.7202056087287,0.0246093105744982,"m"
1138,1,50.7220598278334,0.0246094608950665,"m"
1139,1,50.7239045425652,0.0246096106653778,"m"
1140,1,50.7257402541306,0.0246097599246416,"m"
1141,1,50.7275674637362,0.0246099087120674,"m"
1142,1,50.7293866725884,0.0246100570668647,"m"
1143,1,50.7311983818937,0.0246102050282429,"m"
1144,1,50.7330030928588,0.0246103526354115,"m"
1145,1,50.73480130669,0.02461049992758,"m"
1146,1,50.736593524594,0.0246106469439579,"m"
1147,1,50.7383802477773,0.0246107937237547,"m"
1148,1,50.7401619774463,0.0246109403061798,"m"
1149,1,50.7419392148075,0.0246110867304427,"m"
1150,1,50.7437124610676,0.0246112330357529,"m"
1151,1,50.745482217433,0.0246113792613198,"m"
1152,1,50.7472489851102,0.024611525446353,"m"
1153,1,50.7490132653058,0.0246116716300619,"m"
1154,1,50.7507755592262,0.0246118178516561,"m"
1155,1,50.7525363680781,0.0246119641503449,"m"
1156,1,50.7542961930678,0.0246121105653378,"m"
1157,1,50.7560555336405,0.0246122571356977,"m"
1158,1,50.7578146828222,0.0246124038832931,"m"
1159,1,50.759573536302,0.0246125507968954,"m"
1160,1,50.7613319446109,0.0246126978615144,"m"
1161,1,50.7630897582797,0.02461284506216,"m"
1162,1,50.7648468278393,0.024612992383842,"m"
1163,1,50.7666030038205,0.0246131398115703,"m"
1164,1,50.7683581367542,0.0246132873303548,"m"
1165,1,50.7701120771713,0.0246134349252052,"m"
1166,1,50.7718646756027,0.0246135825811314,"m"
1167,1,50.7736157825791,0.0246137302831433,"m"
1168,1,50.7753652486314,0.0246138780162507,"m"
1169,1,50.7771129242906,0.0246140257654634,"m"
1170,1,50.7788586600875,0.0246141735157913,"m"
1171,1,50.7806023065529,0.0246143212522443,"m"
1172,1,50.7823437142178,0.0246144689598321,"m"
1173,1,50.7840827336128,0.0246146166235647,"m"
1174,1,50.7858192152691,0.0246147642284518,"m"
1175,1,50.7875530097173,0.0246149117595034,"m"
1176,1,50.7892839674883,0.0246150592017292,"m"
1177,1,50.7910119391131,0.0246152065401391,"m"
1178,1,50.7927367751224,0.0246153537597429,"m"
1179,1,50.7944583260472,0.0246155008455506,"m"
1180,1,50.7961764424183,0.0246156477825718,"m"
1181,1,50.7978909747666,0.0246157945558166,"m"
1182,1,50.7996017736228,0.0246159411502946,"m"
1183,1,50.801308689518,0.0246160875510159,"m"
1184,1,50.8030115729829,0.0246162337429901,"m"
1185,1,50.8047102745485,0.0246163797112272,"m"
1186,1,50.8064046447455,0.024616525440737,"m"
1187,1,50.8080945341048,0.0246166709165294,"m"
1188,1,50.8097798145702,0.0246168161259154,"m"
1189,1,50.8114604614442,0.0246169610673146,"m"
1190,1,50.813136481175,0.0246171057424937,"m"
1191,1,50.8148078802167,0.0246172501532201,"m"
1192,1,50.8164746650239,0.0246173943012614,"m"
1193,1,50.8181368420507,0.0246175381883848,"m"
1194,1,50.8197944177517,0.0246176818163578,"m"
1195,1,50.821447398581,0.024617825186948,"m"
1196,1,50.8230957909932,0.0246179683019226,"m"
1197,1,50.8247396014424,0.0246181111630492,"m"
1198,1,50.8263788363832,0.0246182537720952,"m"
1199,1,50.8280135022697,0.0246183961308279,"m"
1200,1,50.8296436055564,0.024618538241015,"m"
1201,1,50.8312691526977,0.0246186801044237,"m"
1202,1,50.8328901501478,0.0246188217228215,"m"
1203,1,50.8345066043612,0.0246189630979758,"m"
1204,1,50.8361185217921,0.0246191042316542,"m"
1205,1,50.8377259088949,0.0246192451256239,"m"
1206,1,50.839328772124,0.0246193857816525,"m"
1207,1,50.8409271179337,0.0246195262015074,"m"
1208,1,50.8425209527783,0.0246196663869559,"m"
1209,1,50.8441102831123,0.0246198063397657,"m"
1210,1,50.84569511539,0.024619946061704,"m"
1211,1,50.8472754560656,0.0246200855545383,"m"
1212,1,50.8488513115936,0.0246202248200361,"m"
1213,1,50.8504226884284,0.0246203638599648,"m"
1214,1,50.8519895930242,0.0246205026760917,"m"
1215,1,50.8535520318353,0.0246206412701845,"m"
1216,1,50.8551100113163,0.0246207796440104,"m"
1217,1,50.8566635379214,0.0246209177993369,"m"
1218,1,50.8582126210728,0.0246210557380171,"m"
1219,1,50.8597573109902,0.0246211934630808,"m"
1220,1,50.8612976875487,0.0246213309784133,"m"
1221,1,50.8628338312918,0.0246214682879191,"m"
1222,1,50.864365822763,0.0246216053955027,"m"
1223,1,50.8658937425056,0.0246217423050688,"m"
1224,1,50.8674176710632,0.0246218790205219,"m"
1225,1,50.8689376889792,0.0246220155457664,"m"
1226,1,50.870453876797,0.0246221518847071,"m"
1227,1,50.8719663150601,0.0246222880412483,"m"
1228,1,50.8734750843119,0.0246224240192946,"m"
1229,1,50.8749802650959,0.0246225598227507,"m"
1230,1,50.8764819379554,0.0246226954555209,"m"
1231,1,50.8779801834341,0.02462283092151,"m"
1232,1,50.8794750820753,0.0246229662246223,"m"
1233,1,50.8809667144224,0.0246231013687626,"m"
1234,1,50.882455161019,0.0246232363578352,"m"
1235,1,50.8839405024083,0.0246233711957449,"m"
1236,1,50.885422819134,0.024623505886396,"m"
1237,1,50.8869021917395,0.0246236404336932,"m"
1238,1,50.8883787007681,0.0246237748415409,"m"
1239,1,50.8898524267634,0.0246239091138439,"m"
1240,1,50.8913234502688,0.0246240432545065,"m"
1241,1,50.8927918518277,0.0246241772674333,"m"
1242,1,50.8942577119835,0.0246243111565289,"m"
1243,1,50.8957211112799,0.0246244449256978,"m"
1244,1,50.8971821302601,0.0246245785788446,"m"
1245,1,50.8986408494676,0.0246247121198739,"m"
1246,1,50.9000973494459,0.02462484555269,"m"
1247,1,50.9015517107384,0.0246249788811977,"m"
1248,1,50.9030040138885,0.0246251121093015,"m"
1249,1,50.9044543247621,0.0246252452402738,"m"
1250,1,50.9059026390676,0.0246253782743668,"m"
1251,1,50.9073489315761,0.0246255112109307,"m"
1252,1,50.9087931770549,0.024625644049316,"m"
1253,1,50.9102353502713,0.0246257767888728,"m"
1254,1,50.9116754259925,0.0246259094289516,"m"
1255,1,50.913113378986,0.0246260419689025,"m"
1256,1,50.9145491840189,0.0246261744080759,"m"
1257,1,50.9159828158587,0.0246263067458221,"m"
1258,1,50.9174142492727,0.0246264389814913,"m"
1259,1,50.9188434590281,0.0246265711144339,"m"
1260,1,50.9202704198922,0.0246267031440001,"m"
1261,1,50.9216951066324,0.0246268350695402,"m"
1262,1,50.9231174940159,0.0246269668904046,"m"
1263,1,50.9245375568102,0.0246270986059434,"m"
1264,1,50.9259552697824,0.0246272302155071,"m"
1265,1,50.9273706076999,0.0246273617184458,"m"
1266,1,50.9287835453301,0.02462749311411,"m"
1267,1,50.9301940574401,0.0246276244018498,"m"
1268,1,50.9316021187974,0.0246277555810155,"m"
1269,1,50.9330077041692,0.0246278866509575,"m"
1270,1,50.9344107883229,0.0246280176110261,"m"
1271,1,50.9358113460257,0.0246281484605715,"m"
1272,1,50.937209352045,0.024628279198944,"m"
1273,1,50.9386047811481,0.024628409825494,"m"
1274,1,50.9399976081023,0.0246285403395716,"m"
1275,1,50.9413878076748,0.0246286707405272,"m"
1276,1,50.9427753546331,0.0246288010277112,"m"
1277,1,50.9441602237443,0.0246289312004737,"m"
1278,1,50.9455423897759,0.0246290612581651,"m"
1279,1,50.9469218277242,0.024629191200018,"m"
1280,1,50.9482985156948,0.0246293210236683,"m"
1281,1,50.9496724340342,0.0246294507256008,"m"
1282,1,50.9510435631385,0.0246295803022752,"m"
1283,1,50.9524118834036,0.0246297097501509,"m"
1284,1,50.9537773752255,0.0246298390656875,"m"
1285,1,50.9551400190002,0.0246299682453445,"m"
1286,1,50.9564997951236,0.0246300972855815,"m"
1287,1,50.9578566839919,0.024630226182858,"m"
1288,1,50.9592106660009,0.0246303549336335,"m"
1289,1,50.9605617215466,0.0246304835343676,"m"
1290,1,50.9619098310251,0.0246306119815199,"m"
1291,1,50.9632549748322,0.0246307402715498,"m"
1292,1,50.9645971333641,0.0246308684009169,"m"
1293,1,50.9659362870166,0.0246309963660807,"m"
1294,1,50.9672724161858,0.0246311241635009,"m"
1295,1,50.9686055012677,0.0246312517896368,"m"
1296,1,50.9699355226581,0.0246313792409481,"m"
1297,1,50.9712624607533,0.0246315065138943,"m"
1298,1,50.972586295949,0.024631633604935,"m"
1299,1,50.9739070086413,0.0246317605105296,"m"
1300,1,50.9752245792262,0.0246318872271377,"m"
1301,1,50.9765389880997,0.0246320137512189,"m"
1302,1,50.9778502156577,0.0246321400792327,"m"
1303,1,50.9791582422962,0.0246322662076386,"m"
1304,1,50.9804630484113,0.0246323921328962,"m"
1305,1,50.9817646143989,0.0246325178514649,"m"
1306,1,50.983062920655,0.0246326433598045,"m"
1307,1,50.9843579475756,0.0246327686543743,"m"
1308,1,50.9856496755566,0.0246328937316339,"m"
1309,1,50.9869380854983,0.0246330185880969,"m"
1310,1,50.9882231945487,0.0246331432241575,"m"
1311,1,50.9895050797854,0.0246332676466262,"m"
1312,1,50.9907838239059,0.0246333918629151,"m"
1313,1,50.9920595096075,0.0246335158804362,"m"
1314,1,50.9933322195875,0.0246336397066018,"m"
1315,1,50.9946020365431,0.0246337633488238,"m"
1316,1,50.9958690431719,0.0246338868145144,"m"
1317,1,50.9971333221709,0.0246340101110857,"m"
1318,1,50.9983949562376,0.0246341332459498,"m"
1319,1,50.9996540280692,0.0246342562265188,"m"
1320,1,51.0009106203631,0.0246343790602048,"m"
1321,1,51.0021648158167,0.0246345017544199,"m"
1322,1,51.0034166971271,0.0246346243165762,"m"
1323,1,51.0046663469918,0.0246347467540858,"m"
1324,1,51.005913848108,0.0246348690743608,"m"
1325,1,51.0071592831731,0.0246349912848133,"m"
1326,1,51.0084027348843,0.0246351133928554,"m"
1327,1,51.0096442859391,0.0246352354058992,"m"
1328,1,51.0108840190346,0.0246353573313568,"m"
1329,1,51.0121220168683,0.0246354791766403,"m"
1330,1,51.0133583621375,0.0246356009491619,"m"
1331,1,51.0145931375393,0.0246357226563335,"m"
1332,1,51.0158264257713,0.0246358443055673,"m"
1333,1,51.0170583095306,0.0246359659042755,"m"
1334,1,51.0182888715146,0.02463608745987,"m"
1335,1,51.0195181944207,0.0246362089797631,"m"
1336,1,51.0207463609461,0.0246363304713668,"m"
1337,1,51.0219734537881,0.0246364519420932,"m"
1338,1,51.0231995556441,0.0246365733993545,"m"
1339,1,51.0244247492114,0.0246366948505626,"m"
1340,1,51.025649112298,0.0246368163027008,"m"
1341,1,51.0268726571522,0.0246369377569989,"m"
1342,1,51.0280953491794,0.0246370592105763,"m"
1343,1,51.0293171527717,0.0246371806604637,"m"
1344,1,51.0305380323212,0.0246373021036914,"m"
1345,1,51.0317579522202,0.02463742353729,"m"
1346,1,51.0329768768609,0.02463754495829,"m"
1347,1,51.0341947706353,0.0246376663637218,"m"
1348,1,51.0354115979358,0.024637787750616,"m"
1349,1,51.0366273231545,0.0246379091160031,"m"
1350,1,51.0378419106836,0.0246380304569135,"m"
1351,1,51.0390553249153,0.0246381517703778,"m"
1352,1,51.0402675302417,0.0246382730534264,"m"
1353,1,51.0414784910551,0.0246383943030899,"m"
1354,1,51.0426881717476,0.0246385155163987,"m"
1355,1,51.0438965367115,0.0246386366903834,"m"
1356,1,51.0451035503388,0.0246387578220744,"m"
1357,1,51.0463091770219,0.0246388789085023,"m"
1358,1,51.0475133811528,0.0246389999466975,"m"
1359,1,51.0487161271238,0.0246391209336905,"m"
1360,1,51.049917379327,0.0246392418665119,"m"
1361,1,51.0511171021547,0.024639362742192,"m"
1362,1,51.052315259999,0.0246394835577616,"m"
1363,1,51.0535118172522,0.0246396043102509,"m"
1364,1,51.0547067383063,0.0246397249966906,"m"
1365,1,51.0558999875536,0.0246398456141111,"m"
1366,1,51.0570915293863,0.0246399661595429,"m"
1367,1,51.0582813281966,0.0246400866300166,"m"
1368,1,51.0594693483765,0.0246402070225625,"m"
1369,1,51.0606555543185,0.0246403273342113,"m"
1370,1,51.0618399107788,0.0246404475620251,"m"
1371,1,51.0630224080468,0.0246405677052888,"m"
1372,1,51.0642030782589,0.0246406877669306,"m"
1373,1,51.0653819574309,0.0246408077502159,"m"
1374,1,51.0665590815783,0.0246409276584104,"m"
1375,1,51.0677344867167,0.0246410474947799,"m"
1376,1,51.0689082088616,0.02464116726259,"m"
1377,1,51.0700802840288,0.0246412869651062,"m"
1378,1,51.0712507482337,0.0246414066055943,"m"
1379,1,51.0724196374919,0.02464152618732,"m"
1380,1,51.0735869878191,0.0246416457135488,"m"
1381,1,51.0747528352309,0.0246417651875465,"m"
1382,1,51.0759172157428,0.0246418846125786,"m"
1383,1,51.0770801653704,0.0246420039919109,"m"
1384,1,51.0782417201293,0.0246421233288089,"m"
1385,1,51.0794019160352,0.0246422426265385,"m"
1386,1,51.0805607891036,0.0246423618883651,"m"
1387,1,51.0817183753501,0.0246424811175544,"m"
1388,1,51.0828747107903,0.0246426003173722,"m"
1389,1,51.0840298314398,0.024642719491084,"m"
1390,1,51.0851837733141,0.0246428386419555,"m"
1391,1,51.0863365724289,0.0246429577732524,"m"
1392,1,51.0874882647998,0.0246430768882403,"m"
1393,1,51.0886388864424,0.0246431959901849,"m"
1394,1,51.0897884733722,0.0246433150823518,"m"
1395,1,51.0909370616049,0.0246434341680067,"m"
1396,1,51.092084687156,0.0246435532504152,"m"
1397,1,51.0932313860411,0.024643672332843,"m"
1398,1,51.0943771942759,0.0246437914185558,"m"
1399,1,51.0955221478759,0.0246439105108191,"m"
1400,1,51.0966662828567,0.0246440296128987,"m"
1401,1,51.0978096117115,0.0246441487254461,"m"
1402,1,51.0989520519223,0.0246442678385541,"m"
1403,1,51.1000934969853,0.0246443869396501,"m"
1404,1,51.1012338403969,0.0246445060161612,"m"
1405,1,51.1023729756535,0.0246446250555148,"m"
1406,1,51.1035107962513,0.0246447440451381,"m"
1407,1,51.1046471956867,0.0246448629724583,"m"
1408,1,51.1057820674561,0.0246449818249028,"m"
1409,1,51.1069153050557,0.0246451005898988,"m"
1410,1,51.1080468019819,0.0246452192548735,"m"
1411,1,51.1091764517311,0.0246453378072543,"m"
1412,1,51.1103041477996,0.0246454562344684,"m"
1413,1,51.1114297836836,0.0246455745239431,"m"
1414,1,51.1125532528796,0.0246456926631056,"m"
1415,1,51.1136744488839,0.0246458106393832,"m"
1416,1,51.1147932651928,0.0246459284402032,"m"
1417,1,51.1159095953027,0.0246460460529928,"m"
1418,1,51.1170233327098,0.0246461634651793,"m"
1419,1,51.1181343709106,0.0246462806641899,"m"
1420,1,51.1192426034013,0.024646397637452,"m"
1421,1,51.1203479236783,0.0246465143723928,"m"
1422,1,51.1214502252379,0.0246466308564396,"m"
1423,1,51.1225494015765,0.0246467470770195,"m"
1424,1,51.1236453461904,0.02464686302156,"m"
1425,1,51.1247379525759,0.0246469786774883,"m"
1426,1,51.1258271142293,0.0246470940322315,"m"
1427,1,51.1269127246471,0.0246472090732171,"m"
1428,1,51.1279946773255,0.0246473237878722,"m"
1429,1,51.1290728657609,0.0246474381636241,"m"
1430,1,51.1301471834496,0.0246475521879002,"m"
1431,1,51.1312175278649,0.024647665848575,"m"
1432,1,51.1322840683456,0.0246477791641077,"m"
1433,1,51.1333474159363,0.0246478922026487,"m"
1434,1,51.1344082221552,0.0246480050369017,"m"
1435,1,51.135467138521,0.0246481177395702,"m"
1436,1,51.136524816552,0.0246482303833581,"m"
1437,1,51.1375819077668,0.0246483430409688,"m"
1438,1,51.1386390636837,0.0246484557851061,"m"
1439,1,51.1396969358212,0.0246485686884736,"m"
1440,1,51.1407561756977,0.024648681823775,"m"
1441,1,51.1418174348317,0.0246487952637139,"m"
1442,1,51.1428813647417,0.024648909080994,"m"
1443,1,51.1439486169461,0.024649023348319,"m"
1444,1,51.1450198429634,0.0246491381383924,"m"
1445,1,51.1460956943119,0.024649253523918,"m"
1446,1,51.1471768225102,0.0246493695775993,"m"
1447,1,51.1482638790767,0.0246494863721401,"m"
1448,1,51.1493575155298,0.0246496039802441,"m"
1449,1,51.150458383388,0.0246497224746147,"m"
1450,1,51.1515671341698,0.0246498419279558,"m"
1451,1,51.1526844193936,0.024649962412971,"m"
1452,1,51.1538108905778,0.0246500840023639,"m"
1453,1,51.1549471992409,0.0246502067688381,"m"
1454,1,51.1560939969014,0.0246503307850974,"m"
1455,1,51.1572519350776,0.0246504561238454,"m"
1456,1,51.1584216652881,0.0246505828577856,"m"
1457,1,51.1596038390513,0.0246507110596219,"m"
1458,1,51.1607991078857,0.0246508408020578,"m"
1459,1,51.1620081233096,0.0246509721577971,"m"
1460,1,51.1632315368415,0.0246511051995432,"m"
1461,1,51.16447,0.02465124,"m"
1462,1,51.1657239385421,0.0246513766069926,"m"
1463,1,51.1669928751801,0.0246515149688324,"m"
1464,1,51.1682761068647,0.0246516550089524,"m"
1465,1,51.169572930547,0.0246517966507856,"m"
1466,1,51.1708826431777,0.024651939817765,"m"
1467,1,51.1722045417077,0.0246520844333235,"m"
1468,1,51.1735379230879,0.0246522304208941,"m"
1469,1,51.1748820842692,0.0246523777039098,"m"
1470,1,51.1762363222025,0.0246525262058035,"m"
1471,1,51.1775999338387,0.0246526758500083,"m"
1472,1,51.1789722161285,0.0246528265599571,"m"
1473,1,51.180352466023,0.0246529782590829,"m"
1474,1,51.181739980473,0.0246531308708187,"m"
1475,1,51.1831340564293,0.0246532843185974,"m"
1476,1,51.1845339908429,0.024653438525852,"m"
1477,1,51.1859390806646,0.0246535934160155,"m"
1478,1,51.1873486228453,0.0246537489125208,"m"
1479,1,51.1887619143359,0.024653904938801,"m"
1480,1,51.1901782520872,0.0246540614182891,"m"
1481,1,51.1915969330502,0.0246542182744179,"m"
1482,1,51.1930172541757,0.0246543754306204,"m"
1483,1,51.1944385124146,0.0246545328103298,"m"
1484,1,51.1958600047178,0.0246546903369788,"m"
1485,1,51.1972810280361,0.0246548479340005,"m"
1486,1,51.1987008793205,0.0246550055248279,"m"
1487,1,51.2001188555217,0.024655163032894,"m"
1488,1,51.2015342535908,0.0246553203816316,"m"
1489,1,51.2029463704785,0.0246554774944739,"m"
1490,1,51.2043545031358,0.0246556342948537,"m"
1491,1,51.2057579485135,0.0246557907062041,"m"
1492,1,51.2071560542436,0.024655946657522,"m"
1493,1,51.2085487210586,0.024656102138526,"m"
1494,1,51.2099361901186,0.0246562571763085,"m"
1495,1,51.2113187075638,0.0246564117985085,"m"
1496,1,51.2126965195341,0.0246565660327649,"m"
1497,1,51.2140698721697,0.0246567199067168,"m"
1498,1,51.2154390116108,0.024656873448003,"m"
1499,1,51.2168041839973,0.0246570266842627,"m"
1500,1,51.2181656354694,0.0246571796431347,"m"
1501,1,51.2195236121673,0.0246573323522582,"m"
1502,1,51.2208783602309,0.024657484839272,"m"
1503,1,51.2222301258004,0.0246576371318152,"m"
1504,1,51.2235791550158,0.0246577892575268,"m"
1505,1,51.2249256940174,0.0246579412440457,"m"
1506,1,51.2262699889452,0.0246580931190109,"m"
1507,1,51.2276122859392,0.0246582449100615,"m"
1508,1,51.2289528311396,0.0246583966448365,"m"
1509,1,51.2302918706865,0.0246585483509747,"m"
1510,1,51.23162965072,0.0246587000561153,"m"
1511,1,51.2329664173801,0.0246588517878971,"m"
1512,1,51.234302416807,0.0246590035739593,"m"
1513,1,51.2356378951408,0.0246591554419407,"m"
1514,1,51.2369730985215,0.0246593074194804,"m"
1515,1,51.2383082730893,0.0246594595342173,"m"
1516,1,51.2396436649843,0.0246596118137906,"m"
1517,1,51.2409795203465,0.024659764285839,"m"
1518,1,51.2423160853161,0.0246599169780017,"m"
1519,1,51.2436536060332,0.0246600699179176,"m"
1520,1,51.2449923286378,0.0246602231332258,"m"
1521,1,51.24633249927,0.0246603766515651,"m"
1522,1,51.24767436407,0.0246605305005747,"m"
1523,1,51.2490181140222,0.0246606847016503,"m"
1524,1,51.2503637216292,0.0246608392514576,"m"
1525,1,51.2517111053028,0.0246609941405396,"m"
1526,1,51.253060183455,0.0246611493594394,"m"
1527,1,51.2544108744979,0.0246613048987,"m"
1528,1,51.2557630968434,0.0246614607488645,"m"
1529,1,51.2571167689035,0.024661616900476,"m"
1530,1,51.2584718090902,0.0246617733440775,"m"
1531,1,51.2598281358154,0.024661930070212,"m"
1532,1,51.261185667491,0.0246620870694226,"m"
1533,1,51.2625443225292,0.0246622443322523,"m"
1534,1,51.2639040193418,0.0246624018492443,"m"
1535,1,51.2652646763408,0.0246625596109415,"m"
1536,1,51.2666262119383,0.024662717607887,"m"
1537,1,51.2679885445461,0.0246628758306238,"m"
1538,1,51.2693515925763,0.0246630342696951,"m"
1539,1,51.2707152744408,0.0246631929156438,"m"
1540,1,51.2720795085516,0.0246633517590131,"m"
1541,1,51.2734442133207,0.0246635107903458,"m"
1542,1,51.2748093071601,0.0246636700001853,"m"
1543,1,51.2761747084816,0.0246638293790743,"m"
1544,1,51.2775403356974,0.0246639889175561,"m"
1545,1,51.2789061072193,0.0246641486061737,"m"
1546,1,51.2802719414594,0.0246643084354701,"m"
1547,1,51.2816377568297,0.0246644683959884,"m"
1548,1,51.283003471742,0.0246646284782715,"m"
1549,1,51.2843690046084,0.0246647886728627,"m"
1550,1,51.2857342738408,0.0246649489703049,"m"
1551,1,51.2870991978513,0.0246651093611412,"m"
1552,1,51.2884636950518,0.0246652698359146,"m"
1553,1,51.2898276871277,0.0246654303855678,"m"
1554,1,51.2911911310797,0.024665591005355,"m"
1555,1,51.2925540054552,0.0246657516931606,"m"
1556,1,51.2939162891094,0.0246659124469068,"m"
1557,1,51.2952779608972,0.0246660732645159,"m"
1558,1,51.2966389996738,0.0246662341439098,"m"
1559,1,51.2979993842941,0.0246663950830108,"m"
1560,1,51.2993590936133,0.0246665560797409,"m"
1561,1,51.3007181064863,0.0246667171320224,"m"
1562,1,51.3020764017681,0.0246668782377773,"m"
1563,1,51.3034339583139,0.0246670393949278,"m"
1564,1,51.3047907549787,0.024667200601396,"m"
1565,1,51.3061467706175,0.024667361855104,"m"
1566,1,51.3075019840853,0.0246675231539741,"m"
1567,1,51.3088563742372,0.0246676844959283,"m"
1568,1,51.3102099199282,0.0246678458788887,"m"
1569,1,51.3115626000135,0.0246680073007776,"m"
1570,1,51.3129143933479,0.024668168759517,"m"
1571,1,51.3142652787866,0.0246683302530291,"m"
1572,1,51.3156152351846,0.024668491779236,"m"
1573,1,51.3169642413969,0.0246686533360598,"m"
1574,1,51.3183122762786,0.0246688149214228,"m"
1575,1,51.3196593186848,0.0246689765332469,"m"
1576,1,51.3210053474703,0.0246691381694544,"m"
1577,1,51.3223503414904,0.0246692998279674,"m"
1578,1,51.3236942796001,0.024669461506708,"m"
1579,1,51.3250371406543,0.0246696232035984,"m"
1580,1,51.3263789035082,0.0246697849165607,"m"
1581,1,51.3277195470167,0.0246699466435171,"m"
1582,1,51.3290590500349,0.0246701083823896,"m"
1583,1,51.3303973921609,0.0246702701311775,"m"
1584,1,51.3317345873534,0.0246704318914449,"m"
1585,1,51.3330706976604,0.0246705936697451,"m"
1586,1,51.3344057887162,0.0246707554730034,"m"
1587,1,51.3357399261553,0.0246709173081451,"m"
1588,1,51.3370731756122,0.0246710791820957,"m"
1589,1,51.3384056027213,0.0246712411017805,"m"
1590,1,51.339737273117,0.0246714030741249,"m"
1591,1,51.3410682524336,0.0246715651060542,"m"
1592,1,51.3423986063058,0.0246717272044937,"m"
1593,1,51.3437284003678,0.0246718893763689,"m"
1594,1,51.3450577002542,0.0246720516286051,"m"
1595,1,51.3463865715993,0.0246722139681277,"m"
1596,1,51.3477150800376,0.024672376401862,"m"
1597,1,51.3490432912035,0.0246725389367333,"m"
1598,1,51.3503712707314,0.0246727015796671,"m"
1599,1,51.3516990842557,0.0246728643375888,"m"
1600,1,51.353026797411,0.0246730272174235,"m"
1601,1,51.3543544758316,0.0246731902260968,"m"
1602,1,51.3556821851519,0.024673353370534,"m"
1603,1,51.3570099910064,0.0246735166576604,"m"
1604,1,51.3583379590295,0.0246736800944015,"m"
1605,1,51.3596661548556,0.0246738436876825,"m"
1606,1,51.3609946441192,0.0246740074444288,"m"
1607,1,51.3623234924547,0.0246741713715658,"m"
1608,1,51.3636527654965,0.0246743354760189,"m"
1609,1,51.3649825288791,0.0246744997647133,"m"
1610,1,51.3663128482368,0.0246746642445746,"m"
1611,1,51.3676437892041,0.0246748289225279,"m"
1612,1,51.3689754174155,0.0246749938054988,"m"
1613,1,51.3703077985053,0.0246751589004125,"m"
1614,1,51.3716409927588,0.0246753242136734,"m"
1615,1,51.3729750034121,0.0246754897461304,"m"
1616,1,51.3743097991964,0.0246756554952718,"m"
1617,1,51.3756453483632,0.0246758214585393,"m"
1618,1,51.3769816191634,0.0246759876333747,"m"
1619,1,51.3783185798485,0.0246761540172197,"m"
1620,1,51.3796561986695,0.024676320607516,"m"
1621,1,51.3809944438778,0.0246764874017052,"m"
1622,1,51.3823332837245,0.0246766543972292,"m"
1623,1,51.3836726864609,0.0246768215915295,"m"
1624,1,51.3850126203382,0.024676988982048,"m"
1625,1,51.3863530536076,0.0246771565662262,"m"
1626,1,51.3876939545204,0.024677324341506,"m"
1627,1,51.3890352913278,0.024677492305329,"m"
1628,1,51.390377032281,0.024677660455137,"m"
1629,1,51.3917191456311,0.0246778287883716,"m"
1630,1,51.3930615996296,0.0246779973024746,"m"
1631,1,51.3944043625276,0.0246781659948877,"m"
1632,1,51.3957474025762,0.0246783348630525,"m"
1633,1,51.3970906880268,0.0246785039044108,"m"
1634,1,51.3984341871305,0.0246786731164043,"m"
1635,1,51.3997778681387,0.0246788424964747,"m"
1636,1,51.4011216993024,0.0246790120420637,"m"
1637,1,51.402465648873,0.024679181750613,"m"
1638,1,51.4038096851016,0.0246793516195644,"m"
1639,1,51.4051537762395,0.0246795216463595,"m"
1640,1,51.406497890538,0.02467969182844,"m"
1641,1,51.4078419962481,0.0246798621632477,"m"
1642,1,51.4091860616213,0.0246800326482242,"m"
1643,1,51.4105300549086,0.0246802032808113,"m"
1644,1,51.4118739443304,0.0246803740584283,"m"
1645,1,51.4132176967066,0.0246805449774793,"m"
1646,1,51.4145612769138,0.0246807160329601,"m"
1647,1,51.4159046496856,0.0246808872197626,"m"
1648,1,51.4172477797554,0.0246810585327788,"m"
1649,1,51.4185906318568,0.0246812299669006,"m"
1650,1,51.4199331707232,0.02468140151702,"m"
1651,1,51.4212753610883,0.0246815731780289,"m"
1652,1,51.4226171676855,0.0246817449448193,"m"
1653,1,51.4239585552483,0.024681916812283,"m"
1654,1,51.4252994885103,0.0246820887753122,"m"
1655,1,51.426639932205,0.0246822608287986,"m"
1656,1,51.4279798510659,0.0246824329676343,"m"
1657,1,51.4293192098265,0.0246826051867112,"m"
1658,1,51.4306579732203,0.0246827774809213,"m"
1659,1,51.4319961059809,0.0246829498451564,"m"
1660,1,51.4333335728417,0.0246831222743087,"m"
1661,1,51.4346703385363,0.0246832947632699,"m"
1662,1,51.4360063677983,0.024683467306932,"m"
1663,1,51.437341625361,0.0246836399001871,"m"
1664,1,51.4386760759581,0.024683812537927,"m"
1665,1,51.4400096843231,0.0246839852150437,"m"
1666,1,51.4413424151894,0.0246841579264292,"m"
1667,1,51.4426742332906,0.0246843306669754,"m"
1668,1,51.4440051033603,0.0246845034315742,"m"
1669,1,51.4453349901318,0.0246846762151176,"m"
1670,1,51.4466638583388,0.0246848490124975,"m"
1671,1,51.4479916727148,0.0246850218186059,"m"
1672,1,51.4493183979932,0.0246851946283348,"m"
1673,1,51.4506439989077,0.024685367436576,"m"
1674,1,51.4519684401954,0.0246855402382221,"m"
1675,1,51.4532917076466,0.0246857130309765,"m"
1676,1,51.4546138575963,0.0246858858219622,"m"
1677,1,51.4559349611378,0.0246860586202726,"m"
1678,1,51.4572550893647,0.0246862314350012,"m"
1679,1,51.4585743133706,0.0246864042752415,"m"
1680,1,51.4598927042488,0.024686577150087,"m"
1681,1,51.4612103330929,0.0246867500686313,"m"
1682,1,51.4625272709965,0.0246869230399677,"m"
1683,1,51.463843589053,0.0246870960731899,"m"
1684,1,51.4651593583559,0.0246872691773912,"m"
1685,1,51.4664746499988,0.0246874423616653,"m"
1686,1,51.4677895350751,0.0246876156351056,"m"
1687,1,51.4691040846784,0.0246877890068055,"m"
1688,1,51.4704183699022,0.0246879624858587,"m"
1689,1,51.47173246184,0.0246881360813585,"m"
1690,1,51.4730464315852,0.0246883098023986,"m"
1691,1,51.4743603502314,0.0246884836580723,"m"
1692,1,51.4756742888722,0.0246886576574732,"m"
1693,1,51.476988318601,0.0246888318096948,"m"
1694,1,51.4783025105112,0.0246890061238306,"m"
1695,1,51.4796169356965,0.0246891806089741,"m"
1696,1,51.4809316652504,0.0246893552742187,"m"
1697,1,51.4822467702663,0.024689530128658,"m"
1698,1,51.4835623218377,0.0246897051813855,"m"
1699,1,51.4848783910582,0.0246898804414946,"m"
1700,1,51.4861950490213,0.0246900559180789,"m"
1701,1,51.4875123668205,0.0246902316202319,"m"
1702,1,51.4888304155492,0.024690407557047,"m"
1703,1,51.4901492663011,0.0246905837376178,"m"
1704,1,51.4914689901695,0.0246907601710378,"m"
1705,1,51.4927896572674,0.0246909368662784,"m"
1706,1,51.4941112941848,0.0246911138268961,"m"
1707,1,51.4954338676377,0.0246912910489982,"m"
1708,1,51.4967573399866,0.0246914685281499,"m"
1709,1,51.4980816735915,0.0246916462599163,"m"
1710,1,51.4994068308129,0.0246918242398629,"m"
1711,1,51.500732774011,0.0246920024635548,"m"
1712,1,51.5020594655461,0.0246921809265572,"m"
1713,1,51.5033868677784,0.0246923596244354,"m"
1714,1,51.5047149430683,0.0246925385527546,"m"
1715,1,51.5060436537761,0.0246927177070802,"m"
1716,1,51.507372962262,0.0246928970829772,"m"
1717,1,51.5087028308863,0.0246930766760111,"m"
1718,1,51.5100332220094,0.0246932564817469,"m"
1719,1,51.5113640979914,0.02469343649575,"m"
1720,1,51.5126954211927,0.0246936167135856,"m"
1721,1,51.5140271539735,0.024693797130819,"m"
1722,1,51.5153592586942,0.0246939777430153,"m"
1723,1,51.5166916977151,0.0246941585457399,"m"
1724,1,51.5180244333963,0.024694339534558,"m"
1725,1,51.5193574280983,0.0246945207050347,"m"
1726,1,51.5206906441812,0.0246947020527355,"m"
1727,1,51.5220240440054,0.0246948835732254,"m"
1728,1,51.5233575899312,0.0246950652620699,"m"
1729,1,51.5246912443188,0.024695247114834,"m"
1730,1,51.5260249695286,0.024695429127083,"m"
1731,1,51.5273587279208,0.0246956112943822,"m"
1732,1,51.5286924818556,0.0246957936122969,"m"
1733,1,51.5300261936935,0.0246959760763922,"m"
1734,1,51.5313598257947,0.0246961586822335,"m"
1735,1,51.53269334052,0.024696341425386,"m"
1736,1,51.5340267032546,0.024696524301743,"m"
1737,1,51.5353598894197,0.0246967073082866,"m"
1738,1,51.5366928765159,0.0246968904422242,"m"
1739,1,51.5380256420436,0.0246970737007633,"m"
1740,1,51.5393581635033,0.0246972570811114,"m"
1741,1,51.5406904183953,0.0246974405804761,"m"
1742,1,51.5420223842202,0.0246976241960646,"m"
1743,1,51.5433540384785,0.0246978079250847,"m"
1744,1,51.5446853586705,0.0246979917647437,"m"
1745,1,51.5460163222968,0.0246981757122492,"m"
1746,1,51.5473469068578,0.0246983597648086,"m"
1747,1,51.548677089854,0.0246985439196294,"m"
1748,1,51.5500068487858,0.0246987281739192,"m"
1749,1,51.5513361611537,0.0246989125248853,"m"
1750,1,51.5526650044582,0.0246990969697354,"m"
1751,1,51.5539933561997,0.0246992815056768,"m"
1752,1,51.5553211938786,0.0246994661299171,"m"
1753,1,51.5566484949955,0.0246996508396638,"m"
1754,1,51.5579752370508,0.0246998356321243,"m"
1755,1,51.559301397545,0.0247000205045061,"m"
1756,1,51.5606269539785,0.0247002054540168,"m"
1757,1,51.5619518838518,0.0247003904778638,"m"
1758,1,51.5632761646653,0.0247005755732546,"m"
1759,1,51.5645997739195,0.0247007607373968,"m"
1760,1,51.5659226891149,0.0247009459674977,"m"
1761,1,51.5672448877519,0.0247011312607648,"m"
1762,1,51.568566347331,0.0247013166144058,"m"
1763,1,51.5698870453526,0.024701502025628,"m"
1764,1,51.5712069593172,0.0247016874916389,"m"
1765,1,51.5725260667253,0.0247018730096461,"m"
1766,1,51.5738443488077,0.0247020585772548,"m"
1767,1,51.5751618196173,0.0247022441955704,"m"
1768,1,51.5764785102583,0.0247024298675167,"m"
1769,1,51.5777944519806,0.0247026155960328,"m"
1770,1,51.5791096760338,0.024702801384058,"m"
1771,1,51.5804242136678,0.0247029872345316,"m"
1772,1,51.5817380961324,0.0247031731503928,"m"
1773,1,51.5830513546772,0.0247033591345808,"m"
1774,1,51.5843640205522,0.0247035451900348,"m"
1775,1,51.585676125007,0.0247037313196942,"m"
1776,1,51.5869876992914,0.0247039175264982,"m"
1777,1,51.5882987746552,0.0247041038133859,"m"
1778,1,51.5896093823482,0.0247042901832966,"m"
1779,1,51.5909195536201,0.0247044766391696,"m"
1780,1,51.5922293197208,0.0247046631839441,"m"
1781,1,51.5935387118999,0.0247048498205593,"m"
1782,1,51.5948477614072,0.0247050365519545,"m"
1783,1,51.5961564994926,0.024705223381069,"m"
1784,1,51.5974649574057,0.0247054103108419,"m"
1785,1,51.5987731663965,0.0247055973442124,"m"
1786,1,51.6000811577145,0.02470578448412,"m"
1787,1,51.6013889626096,0.0247059717335037,"m"
1788,1,51.6026966123317,0.0247061590953028,"m"
1789,1,51.6040041381303,0.0247063465724565,"m"
1790,1,51.6053115712554,0.0247065341679042,"m"
1791,1,51.6066189429566,0.0247067218845849,"m"
1792,1,51.6079262844838,0.0247069097254381,"m"
1793,1,51.6092336270868,0.0247070976934028,"m"
1794,1,51.6105410020152,0.0247072857914184,"m"
1795,1,51.6118484405189,0.0247074740224241,"m"
1796,1,51.6131559738511,0.0247076623893598,"m"
1797,1,51.6144636483508,0.0247078508982182,"m"
1798,1,51.6157715599393,0.0247080395650255,"m"
1799,1,51.6170798147097,0.0247082284078663,"m"
1800,1,51.6183885187551,0.0247084174448251,"m"
1801,1,51.6196977781687,0.0247086066939864,"m"
1802,1,51.6210076990433,0.0247087961734349,"m"
1803,1,51.6223183874722,0.024708985901255,"m"
1804,1,51.6236299495485,0.0247091758955313,"m"
1805,1,51.6249424913651,0.0247093661743484,"m"
1806,1,51.6262561190153,0.0247095567557907,"m"
1807,1,51.627570938592,0.0247097476579429,"m"
1808,1,51.6288870561884,0.0247099388988896,"m"
1809,1,51.6302045778975,0.0247101304967151,"m"
1810,1,51.6315236098124,0.0247103224695042,"m"
1811,1,51.6328442580263,0.0247105148353412,"m"
1812,1,51.6341666286321,0.0247107076123109,"m"
1813,1,51.635490827723,0.0247109008184977,"m"
1814,1,51.636816961392,0.0247110944719862,"m"
1815,1,51.6381451357323,0.024711288590861,"m"
1816,1,51.6394754568369,0.0247114831932065,"m"
1817,1,51.6408080307989,0.0247116782971074,"m"
1818,1,51.6421429637114,0.0247118739206481,"m"
1819,1,51.6434803616674,0.0247120700819133,"m"
1820,1,51.64482033076,0.0247122667989874,"m"
1821,1,51.6461629770824,0.0247124640899551,"m"
1822,1,51.6475084067276,0.0247126619729008,"m"
1823,1,51.6488567257887,0.0247128604659091,"m"
1824,1,51.6502080403587,0.0247130595870647,"m"
1825,1,51.6515624565308,0.0247132593544519,"m"
1826,1,51.652920080398,0.0247134597861554,"m"
1827,1,51.6542809980678,0.0247136608970601,"m"
1828,1,51.6556451216984,0.024713862674202,"m"
1829,1,51.6570122738825,0.024714065090278,"m"
1830,1,51.6583822764729,0.0247142681178664,"m"
1831,1,51.6597549513222,0.0247144717295457,"m"
1832,1,51.6611301202831,0.0247146758978941,"m"
1833,1,51.6625076052081,0.0247148805954901,"m"
1834,1,51.6638872279499,0.024715085794912,"m"
1835,1,51.6652688103612,0.0247152914687382,"m"
1836,1,51.6666521742945,0.024715497589547,"m"
1837,1,51.6680371416027,0.0247157041299168,"m"
1838,1,51.6694235341382,0.024715911062426,"m"
1839,1,51.6708111737537,0.024716118359653,"m"
1840,1,51.6721998823019,0.024716325994176,"m"
1841,1,51.6735894816353,0.0247165339385736,"m"
1842,1,51.6749797936068,0.0247167421654239,"m"
1843,1,51.6763706400688,0.0247169506473055,"m"
1844,1,51.677761842874,0.0247171593567966,"m"
1845,1,51.6791532238752,0.0247173682664756,"m"
1846,1,51.6805446049248,0.0247175773489209,"m"
1847,1,51.6819358078756,0.0247177865767109,"m"
1848,1,51.6833266545802,0.0247179959224239,"m"
1849,1,51.6847169668912,0.0247182053586383,"m"
1850,1,51.6861065666613,0.0247184148579324,"m"
1851,1,51.6874952757431,0.0247186243928847,"m"
1852,1,51.6888829159893,0.0247188339360734,"m"
1853,1,51.6902693092525,0.024719043460077,"m"
1854,1,51.6916542773853,0.0247192529374738,"m"
1855,1,51.6930376422404,0.0247194623408421,"m"
1856,1,51.6944192256704,0.0247196716427604,"m"
1857,1,51.6957988534207,0.0247198808164097,"m"
1858,1,51.697176475918,0.0247200898542753,"m"
1859,1,51.6985521916308,0.0247202987717634,"m"
1860,1,51.6999261076361,0.0247205075856131,"m"
1861,1,51.7012983310105,0.0247207163125636,"m"
1862,1,51.7026689688309,0.0247209249693538,"m"
1863,1,51.704038128174,0.0247211335727229,"m"
1864,1,51.7054059161168,0.02472134213941,"m"
1865,1,51.7067724397359,0.0247215506861541,"m"
1866,1,51.7081378061081,0.0247217592296943,"m"
1867,1,51.7095021223103,0.0247219677867698,"m"
1868,1,51.7108654954193,0.0247221763741195,"m"
1869,1,51.7122280325118,0.0247223850084827,"m"
1870,1,51.7135898406646,0.0247225937065983,"m"
1871,1,51.7149510269545,0.0247228024852054,"m"
1872,1,51.7163116984584,0.0247230113610432,"m"
1873,1,51.717671962253,0.0247232203508507,"m"
1874,1,51.7190319254151,0.024723429471367,"m"
1875,1,51.7203916950215,0.0247236387393311,"m"
1876,1,51.7217513781491,0.0247238481714823,"m"
1877,1,51.7231110818745,0.0247240577845594,"m"
1878,1,51.7244709132746,0.0247242675953017,"m"
1879,1,51.7258309794262,0.0247244776204483,"m"
1880,1,51.7271913874061,0.0247246878767381,"m"
1881,1,51.7285522442911,0.0247248983809103,"m"
1882,1,51.729913657158,0.024725109149704,"m"
1883,1,51.7312757330835,0.0247253201998582,"m"
1884,1,51.7326385791444,0.0247255315481121,"m"
1885,1,51.7340023024177,0.0247257432112046,"m"
1886,1,51.73536700998,0.024725955205875,"m"
1887,1,51.7367328089081,0.0247261675488623,"m"
1888,1,51.7380997952041,0.0247263802551735,"m"
1889,1,51.7394679695156,0.0247265933249033,"m"
1890,1,51.7408372838299,0.0247268067505362,"m"
1891,1,51.7422076897449,0.0247270205244959,"m"
1892,1,51.7435791388583,0.0247272346392061,"m"
1893,1,51.744951582768,0.0247274490870903,"m"
1894,1,51.7463249730719,0.0247276638605723,"m"
1895,1,51.7476992613679,0.0247278789520757,"m"
1896,1,51.7490743992537,0.0247280943540242,"m"
1897,1,51.7504503383272,0.0247283100588414,"m"
1898,1,51.7518270301862,0.0247285260589511,"m"
1899,1,51.7532044264288,0.0247287423467768,"m"
1900,1,51.7545824786525,0.0247289589147422,"m"
1901,1,51.7559611384554,0.024729175755271,"m"
1902,1,51.7573403574353,0.0247293928607868,"m"
1903,1,51.7587200871899,0.0247296102237134,"m"
1904,1,51.7601002793173,0.0247298278364743,"m"
1905,1,51.7614808854151,0.0247300456914932,"m"
1906,1,51.7628618570814,0.0247302637811938,"m"
1907,1,51.7642431459138,0.0247304820979997,"m"
1908,1,51.7656247035103,0.0247307006343347,"m"
1909,1,51.7670064814687,0.0247309193826223,"m"
1910,1,51.7683884313869,0.0247311383352862,"m"
1911,1,51.7697705048627,0.0247313574847502,"m"
1912,1,51.7711526534939,0.0247315768234377,"m"
1913,1,51.7725348288785,0.0247317963437726,"m"
1914,1,51.7739169826143,0.0247320160381784,"m"
1915,1,51.775299066299,0.0247322358990789,"m"
1916,1,51.7766810315306,0.0247324559188976,"m"
1917,1,51.7780628299069,0.0247326760900583,"m"
1918,1,51.7794444132448,0.02473289640502,"m"
1919,1,51.7808257402524,0.0247331168573571,"m"
1920,1,51.7822067777512,0.0247333374419568,"m"
1921,1,51.7835874930281,0.0247335581537817,"m"
1922,1,51.7849678533699,0.0247337789877943,"m"
1923,1,51.7863478260635,0.0247339999389573,"m"
1924,1,51.7877273783958,0.0247342210022332,"m"
1925,1,51.7891064776536,0.0247344421725845,"m"
1926,1,51.7904850911238,0.024734663444974,"m"
1927,1,51.7918631860932,0.024734884814364,"m"
1928,1,51.7932407298487,0.0247351062757172,"m"
1929,1,51.7946176896773,0.0247353278239963,"m"
1930,1,51.7959940328656,0.0247355494541636,"m"
1931,1,51.7973697267006,0.0247357711611819,"m"
1932,1,51.7987447384692,0.0247359929400137,"m"
1933,1,51.8001190354582,0.0247362147856215,"m"
1934,1,51.8014925849545,0.024736436692968,"m"
1935,1,51.802865354245,0.0247366586570157,"m"
1936,1,51.8042373106164,0.0247368806727272,"m"
1937,1,51.8056084213557,0.0247371027350651,"m"
1938,1,51.8069786537497,0.0247373248389919,"m"
1939,1,51.8083479750853,0.0247375469794702,"m"
1940,1,51.8097163526494,0.0247377691514626,"m"
1941,1,51.8110837537287,0.0247379913499316,"m"
1942,1,51.8124501456102,0.0247382135698399,"m"
1943,1,51.8138154955808,0.02473843580615,"m"
1944,1,51.8151797709273,0.0247386580538244,"m"
1945,1,51.8165429389365,0.0247388803078258,"m"
1946,1,51.8179049668953,0.0247391025631167,"m"
1947,1,51.8192658220906,0.0247393248146597,"m"
1948,1,51.8206254718391,0.0247395470574219,"m"
1949,1,51.8219839066587,0.0247397692898699,"m"
1950,1,51.8233411817734,0.0247399915202299,"m"
1951,1,51.8246973635992,0.0247402137584166,"m"
1952,1,51.8260525185522,0.0247404360143443,"m"
1953,1,51.8274067130483,0.0247406582979276,"m"
1954,1,51.8287600135035,0.0247408806190809,"m"
1955,1,51.8301124863338,0.0247411029877187,"m"
1956,1,51.8314641979551,0.0247413254137555,"m"
1957,1,51.8328152147834,0.0247415479071057,"m"
1958,1,51.8341656032348,0.0247417704776839,"m"
1959,1,51.8355154297252,0.0247419931354046,"m"
1960,1,51.8368647606707,0.0247422158901821,"m"
1961,1,51.838213662487,0.024742438751931,"m"
1962,1,51.8395622015904,0.0247426617305658,"m"
1963,1,51.8409104443967,0.0247428848360009,"m"
1964,1,51.8422584573219,0.0247431080781509,"m"
1965,1,51.843606306782,0.0247433314669301,"m"
1966,1,51.8449540591931,0.0247435550122531,"m"
1967,1,51.846301780971,0.0247437787240343,"m"
1968,1,51.8476495385318,0.0247440026121883,"m"
1969,1,51.8489973982914,0.0247442266866295,"m"
1970,1,51.8503454266659,0.0247444509572724,"m"
1971,1,51.8516936900712,0.0247446754340315,"m"
1972,1,51.8530422549233,0.0247449001268211,"m"
1973,1,51.8543911876381,0.024745125045556,"m"
1974,1,51.8557405546318,0.0247453502001504,"m"
1975,1,51.8570904223202,0.0247455756005189,"m"
1976,1,51.8584408571193,0.0247458012565759,"m"
1977,1,51.8597919254452,0.024746027178236,"m"
1978,1,51.8611436937137,0.0247462533754136,"m"
1979,1,51.8624962268902,0.0247464798578197,"m"
1980,1,51.8638495450685,0.0247467066288682,"m"
1981,1,51.8652036159629,0.0247469336846229,"m"
1982,1,51.8665584043236,0.0247471610207315,"m"
1983,1,51.8679138749012,0.0247473886328418,"m"
1984,1,51.8692699924461,0.0247476165166014,"m"
1985,1,51.8706267217087,0.0247478446676583,"m"
1986,1,51.8719840274395,0.02474807308166,"m"
1987,1,51.8733418743888,0.0247483017542545,"m"
1988,1,51.8747002273071,0.0247485306810893,"m"
1989,1,51.8760590509449,0.0247487598578123,"m"
1990,1,51.8774183100524,0.0247489892800712,"m"
1991,1,51.8787779693803,0.0247492189435138,"m"
1992,1,51.8801379936789,0.0247494488437877,"m"
1993,1,51.8814983476986,0.0247496789765409,"m"
1994,1,51.8828589961898,0.0247499093374209,"m"
1995,1,51.884219903903,0.0247501399220756,"m"
1996,1,51.8855810355887,0.0247503707261527,"m"
1997,1,51.8869423559971,0.0247506017453,"m"
1998,1,51.8883038298789,0.0247508329751652,"m"
1999,1,51.8896654219843,0.0247510644113961,"m"
2000,1,51.8910270970638,0.0247512960496403,"m"
2001,1,51.8923888198679,0.0247515278855458,"m"
2002,1,51.893750555147,0.0247517599147601,"m"
2003,1,51.8951122676514,0.0247519921329311,"m"
2004,1,51.8964739221317,0.0247522245357065,"m"
2005,1,51.8978354833382,0.0247524571187341,"m"
2006,1,51.8991969160214,0.0247526898776615,"m"
2007,1,51.9005581849318,0.0247529228081367,"m"
2008,1,51.9019192548196,0.0247531559058072,"m"
2009,1,51.903280090435,0.0247533891663198,"m"
2010,1,51.9046406562052,0.0247536225844997,"m"
2011,1,51.9060009156666,0.0247538561529031,"m"
2012,1,51.9073608322027,0.0247540898636977,"m"
2013,1,51.908720369197,0.0247543237090511,"m"
2014,1,51.9100794900332,0.024754557681131,"m"
2015,1,51.9114381580948,0.0247547917721049,"m"
2016,1,51.9127963367654,0.0247550259741405,"m"
2017,1,51.9141539894286,0.0247552602794055,"m"
2018,1,51.9155110794679,0.0247554946800674,"m"
2019,1,51.916867570267,0.0247557291682939,"m"
2020,1,51.9182234252094,0.0247559637362527,"m"
2021,1,51.9195786076787,0.0247561983761114,"m"
2022,1,51.9209330810584,0.0247564330800376,"m"
2023,1,51.9222868087322,0.024756667840199,"m"
2024,1,51.9236397540837,0.0247569026487631,"m"
2025,1,51.9249918804963,0.0247571374978977,"m"
2026,1,51.9263431513537,0.0247573723797703,"m"
2027,1,51.9276935300395,0.0247576072865486,"m"
2028,1,51.9290429799373,0.0247578422104002,"m"
2029,1,51.9303914644305,0.0247580771434929,"m"
2030,1,51.9317389469029,0.0247583120779941,"m"
2031,1,51.9330853907379,0.0247585470060715,"m"
2032,1,51.9344307593192,0.0247587819198929,"m"
2033,1,51.9357750160303,0.0247590168116257,"m"
2034,1,51.9371181242549,0.0247592516734377,"m"
2035,1,51.9384600473764,0.0247594864974964,"m"
2036,1,51.9398007487785,0.0247597212759696,"m"
2037,1,51.9411401918447,0.0247599560010248,"m"
2038,1,51.9424783399587,0.0247601906648297,"m"
2039,1,51.943815156504,0.0247604252595519,"m"
2040,1,51.9451506139925,0.0247606597791683,"m"
2041,1,51.9464847504318,0.0247608942306377,"m"
2042,1,51.9478176324321,0.0247611286265879,"m"
2043,1,51.949149326723,0.0247613629796704,"m"
2044,1,51.9504799000342,0.024761597302537,"m"
2045,1,51.9518094190954,0.024761831607839,"m"
2046,1,51.9531379506363,0.0247620659082282,"m"
2047,1,51.9544655613864,0.0247623002163561,"m"
2048,1,51.9557923180756,0.0247625345448743,"m"
2049,1,51.9571182874334,0.0247627689064343,"m"
2050,1,51.9584435361895,0.0247630033136877,"m"
2051,1,51.9597681310737,0.0247632377792862,"m"
2052,1,51.9610921388155,0.0247634723158813,"m"
2053,1,51.9624156261447,0.0247637069361246,"m"
2054,1,51.9637386597909,0.0247639416526676,"m"
2055,1,51.9650613064838,0.024764176478162,"m"
2056,1,51.966383632953,0.0247644114252593,"m"
2057,1,51.9677057059283,0.0247646465066111,"m"
2058,1,51.9690275921393,0.0247648817348689,"m"
2059,1,51.9703493583156,0.0247651171226845,"m"
2060,1,51.9716710711871,0.0247653526827093,"m"
2061,1,51.9729927974832,0.0247655884275949,"m"
2062,1,51.9743146039337,0.0247658243699929,"m"
2063,1,51.9756365572683,0.0247660605225548,"m"
2064,1,51.9769587242167,0.0247662968979324,"m"
2065,1,51.9782811715084,0.0247665335087771,"m"
2066,1,51.9796039658732,0.0247667703677405,"m"
2067,1,51.9809271740408,0.0247670074874742,"m"
2068,1,51.9822508627408,0.0247672448806298,"m"
2069,1,51.9835750987028,0.0247674825598588,"m"
2070,1,51.9848999486211,0.0247677205378061,"m"
2071,1,51.9862254551091,0.024767958822555,"m"
2072,1,51.9875515948743,0.0247681974097038,"m"
2073,1,51.988878333451,0.0247684362927345,"m"
2074,1,51.9902056363732,0.0247686754651289,"m"
2075,1,51.9915334691751,0.024768914920369,"m"
2076,1,51.992861797391,0.0247691546519365,"m"
2077,1,51.9941905865548,0.0247693946533134,"m"
2078,1,51.9955198022009,0.0247696349179816,"m"
2079,1,51.9968494098632,0.0247698754394228,"m"
2080,1,51.9981793750761,0.0247701162111191,"m"
2081,1,51.9995096633737,0.0247703572265522,"m"
2082,1,52.00084024029,0.0247705984792041,"m"
2083,1,52.0021710713593,0.0247708399625566,"m"
2084,1,52.0035021221156,0.0247710816700916,"m"
2085,1,52.0048333580933,0.024771323595291,"m"
2086,1,52.0061647448264,0.0247715657316366,"m"
2087,1,52.007496247849,0.0247718080726104,"m"
2088,1,52.0088278326953,0.0247720506116942,"m"
2089,1,52.0101594648996,0.0247722933423699,"m"
2090,1,52.0114911099958,0.0247725362581193,"m"
2091,1,52.0128227335183,0.0247727793524244,"m"
2092,1,52.014154301001,0.024773022618767,"m"
2093,1,52.0154857779783,0.024773266050629,"m"
2094,1,52.0168171299842,0.0247735096414922,"m"
2095,1,52.0181483225529,0.0247737533848386,"m"
2096,1,52.0194793212185,0.0247739972741501,"m"
2097,1,52.0208100915153,0.0247742413029084,"m"
2098,1,52.0221405989773,0.0247744854645955,"m"
2099,1,52.0234708091387,0.0247747297526932,"m"
2100,1,52.0248006875337,0.0247749741606835,"m"
2101,1,52.0261301993599,0.0247752186819891,"m"
2102,1,52.0274593074259,0.0247754633096125,"m"
2103,1,52.0287879735063,0.0247757080363746,"m"
2104,1,52.0301161593714,0.0247759528550956,"m"
2105,1,52.0314438267919,0.0247761977585955,"m"
2106,1,52.0327709375382,0.0247764427396945,"m"
2107,1,52.0340974533807,0.0247766877912126,"m"
2108,1,52.0354233360899,0.0247769329059701,"m"
2109,1,52.0367485474363,0.024777178076787,"m"
2110,1,52.0380730491904,0.0247774232964835,"m"
2111,1,52.0393968031227,0.0247776685578796,"m"
2112,1,52.0407197710036,0.0247779138537955,"m"
2113,1,52.0420419146035,0.0247781591770513,"m"
2114,1,52.0433631956931,0.0247784045204671,"m"
2115,1,52.0446835760427,0.024778649876863,"m"
2116,1,52.0460030174228,0.0247788952390591,"m"
2117,1,52.0473214816039,0.0247791405998757,"m"
2118,1,52.0486389303564,0.0247793859521327,"m"
2119,1,52.049955325451,0.0247796312886503,"m"
2120,1,52.0512706286579,0.0247798766022486,"m"
2121,1,52.0525848017477,0.0247801218857477,"m"
2122,1,52.0538978064909,0.0247803671319678,"m"
2123,1,52.0552096046579,0.024780612333729,"m"
2124,1,52.0565201580192,0.0247808574838514,"m"
2125,1,52.0578294283454,0.024781102575155,"m"
2126,1,52.0591373774068,0.0247813476004601,"m"
2127,1,52.0604439669739,0.0247815925525867,"m"
2128,1,52.0617491588172,0.0247818374243549,"m"
2129,1,52.0630529147072,0.024782082208585,"m"
2130,1,52.0643551964144,0.0247823268980969,"m"
2131,1,52.0656559680695,0.0247825714861354,"m"
2132,1,52.0669552489272,0.0247828159758604,"m"
2133,1,52.0682531138357,0.0247830603804318,"m"
2134,1,52.0695496400971,0.0247833047134507,"m"
2135,1,52.0708449050136,0.0247835489885185,"m"
2136,1,52.0721389858874,0.0247837932192362,"m"
2137,1,52.0734319600208,0.0247840374192051,"m"
2138,1,52.074723904716,0.0247842816020265,"m"
2139,1,52.0760148972751,0.0247845257813015,"m"
2140,1,52.0773050150005,0.0247847699706313,"m"
2141,1,52.0785943351942,0.0247850141836172,"m"
2142,1,52.0798829351586,0.0247852584338604,"m"
2143,1,52.0811708921958,0.0247855027349621,"m"
2144,1,52.082458283608,0.0247857471005235,"m"
2145,1,52.0837451866975,0.0247859915441458,"m"
2146,1,52.0850316787664,0.0247862360794303,"m"
2147,1,52.086317837117,0.0247864807199782,"m"
2148,1,52.0876037390515,0.0247867254793906,"m"
2149,1,52.0888894618721,0.0247869703712688,"m"
2150,1,52.090175082881,0.024787215409214,"m"
2151,1,52.0914606793805,0.0247874606068274,"m"
2152,1,52.0927463286726,0.0247877059777102,"m"
2153,1,52.0940321080597,0.0247879515354637,"m"
2154,1,52.095318094844,0.0247881972936891,"m"
2155,1,52.0966043663276,0.0247884432659875,"m"
2156,1,52.0978909998129,0.0247886894659603,"m"
2157,1,52.0991780726019,0.0247889359072085,"m"
2158,1,52.1004656619969,0.0247891826033335,"m"
2159,1,52.1017538453001,0.0247894295679364,"m"
2160,1,52.1030426998137,0.0247896768146185,"m"
2161,1,52.10433230284,0.0247899243569809,"m"
2162,1,52.1056227175158,0.0247901722061463,"m"
2163,1,52.1069139074232,0.0247904203558172,"m"
2164,1,52.1082057934577,0.0247906687922269,"m"
2165,1,52.1094982963511,0.0247909175015802,"m"
2166,1,52.1107913368355,0.0247911664700817,"m"
2167,1,52.1120848356431,0.0247914156839361,"m"
2168,1,52.1133787135057,0.0247916651293483,"m"
2169,1,52.1146728911554,0.0247919147925228,"m"
2170,1,52.1159672893244,0.0247921646596645,"m"
2171,1,52.1172618287445,0.024792414716978,"m"
2172,1,52.1185564301478,0.024792664950668,"m"
2173,1,52.1198510142664,0.0247929153469393,"m"
2174,1,52.1211455018323,0.0247931658919965,"m"
2175,1,52.1224398135775,0.0247934165720444,"m"
2176,1,52.123733870234,0.0247936673732877,"m"
2177,1,52.125027592534,0.0247939182819312,"m"
2178,1,52.1263209012093,0.0247941692841794,"m"
2179,1,52.1276137169921,0.0247944203662372,"m"
2180,1,52.1289059606144,0.0247946715143093,"m"
2181,1,52.1301975528082,0.0247949227146003,"m"
2182,1,52.1314884143056,0.024795173953315,"m"
2183,1,52.1327784658385,0.0247954252166581,"m"
2184,1,52.134067628139,0.0247956764908343,"m"
2185,1,52.1353558219392,0.0247959277620484,"m"
2186,1,52.136642967971,0.024796179016505,"m"
2187,1,52.1379289869666,0.0247964302404088,"m"
2188,1,52.1392137996579,0.0247966814199647,"m"
2189,1,52.1404973267769,0.0247969325413772,"m"
2190,1,52.1417794890558,0.0247971835908511,"m"
2191,1,52.1430602072265,0.0247974345545912,"m"
2192,1,52.1443394039344,0.0247976854191063,"m"
2193,1,52.1456170458326,0.0247979361779028,"m"
2194,1,52.1468931435816,0.0247981868314843,"m"
2195,1,52.1481677097554,0.0247984373806586,"m"
2196,1,52.149440756928,0.0247986878262336,"m"
2197,1,52.1507122976734,0.0247989381690171,"m"
2198,1,52.1519823445655,0.0247991884098171,"m"
2199,1,52.1532509101783,0.0247994385494414,"m"
2200,1,52.1545180070859,0.0247996885886978,"m"
2201,1,52.1557836478621,0.0247999385283942,"m"
2202,1,52.1570478450809,0.0248001883693385,"m"
2203,1,52.1583106113163,0.0248004381123385,"m"
2204,1,52.1595719591424,0.0248006877582021,"m"
2205,1,52.160831901133,0.0248009373077372,"m"
2206,1,52.1620904498621,0.0248011867617515,"m"
2207,1,52.1633476179038,0.024801436121053,"m"
2208,1,52.1646034178319,0.0248016853864495,"m"
2209,1,52.1658578622206,0.0248019345587489,"m"
2210,1,52.1671109636436,0.0248021836387591,"m"
2211,1,52.1683627346751,0.0248024326272878,"m"
2212,1,52.1696131878889,0.0248026815251431,"m"
2213,1,52.1708623358592,0.0248029303331326,"m"
2214,1,52.1721101911597,0.0248031790520644,"m"
2215,1,52.1733567663646,0.0248034276827461,"m"
2216,1,52.1746020740477,0.0248036762259858,"m"
2217,1,52.1758461267832,0.0248039246825913,"m"
2218,1,52.1770889371448,0.0248041730533704,"m"
2219,1,52.1783305177067,0.0248044213391309,"m"
2220,1,52.1795708810428,0.0248046695406808,"m"
2221,1,52.180810039727,0.024804917658828,"m"
2222,1,52.1820480063734,0.02480516569439,"m"
2223,1,52.1832848040829,0.0248054136507614,"m"
2224,1,52.1845204804134,0.0248056615373461,"m"
2225,1,52.1857550864027,0.0248059093644032,"m"
2226,1,52.1869886730886,0.0248061571421917,"m"
2227,1,52.1882212915092,0.0248064048809705,"m"
2228,1,52.1894529927021,0.0248066525909987,"m"
2229,1,52.1906838277054,0.0248069002825353,"m"
2230,1,52.1919138475569,0.0248071479658393,"m"
2231,1,52.1931431032944,0.0248073956511698,"m"
2232,1,52.1943716459558,0.0248076433487857,"m"
2233,1,52.195599526579,0.0248078910689462,"m"
2234,1,52.1968267962019,0.0248081388219101,"m"
2235,1,52.1980535058623,0.0248083866179365,"m"
2236,1,52.1992797065981,0.0248086344672845,"m"
2237,1,52.2005054494472,0.0248088823802131,"m"
2238,1,52.2017307854474,0.0248091303669812,"m"
2239,1,52.2029557656366,0.0248093784378479,"m"
2240,1,52.2041804410527,0.0248096266030722,"m"
2241,1,52.2054048627336,0.0248098748729131,"m"
2242,1,52.2066290817171,0.0248101232576297,"m"
2243,1,52.2078531490411,0.0248103717674809,"m"
2244,1,52.2090771157434,0.0248106204127259,"m"
2245,1,52.210301032862,0.0248108692036235,"m"
2246,1,52.2115249514347,0.0248111181504328,"m"
2247,1,52.2127489224994,0.0248113672634129,"m"
2248,1,52.2139729970939,0.0248116165528227,"m"
2249,1,52.2151972262561,0.0248118660289213,"m"
2250,1,52.2164216610239,0.0248121157019677,"m"
2251,1,52.2176463524352,0.0248123655822209,"m"
2252,1,52.2188713515278,0.0248126156799399,"m"
2253,1,52.2200967076423,0.0248128660050481,"m"
2254,1,52.2213224316714,0.0248131165598632,"m"
2255,1,52.2225484963842,0.024813367339162,"m"
2256,1,52.2237748729176,0.0248136183373985,"m"
2257,1,52.2250015324084,0.0248138695490263,"m"
2258,1,52.2262284459936,0.0248141209684993,"m"
2259,1,52.2274555848099,0.0248143725902714,"m"
2260,1,52.2286829199943,0.0248146244087963,"m"
2261,1,52.2299104226835,0.0248148764185279,"m"
2262,1,52.2311380640145,0.0248151286139201,"m"
2263,1,52.232365815124,0.0248153809894267,"m"
2264,1,52.233593647149,0.0248156335395014,"m"
2265,1,52.2348215312263,0.0248158862585982,"m"
2266,1,52.2360494384928,0.0248161391411708,"m"
2267,1,52.2372773400853,0.0248163921816731,"m"
2268,1,52.2385052071407,0.0248166453745589,"m"
2269,1,52.2397330107958,0.024816898714282,"m"
2270,1,52.2409607221875,0.0248171521952963,"m"
2271,1,52.2421883124527,0.0248174058120556,"m"
2272,1,52.2434157527281,0.0248176595590138,"m"
2273,1,52.2446430141507,0.0248179134306245,"m"
2274,1,52.2458700678573,0.0248181674213418,"m"
2275,1,52.2470968849848,0.0248184215256194,"m"
2276,1,52.2483234366701,0.0248186757379112,"m"
2277,1,52.2495496940499,0.0248189300526709,"m"
2278,1,52.2507756282611,0.0248191844643524,"m"
2279,1,52.2520012104407,0.0248194389674095,"m"
2280,1,52.2532264117254,0.0248196935562961,"m"
2281,1,52.2544512032521,0.024819948225466,"m"
2282,1,52.2556755561577,0.0248202029693731,"m"
2283,1,52.2568994415746,0.0248204577824688,"m"
2284,1,52.2581228295225,0.0248207126586459,"m"
2285,1,52.2593456874501,0.0248209675905055,"m"
2286,1,52.2605679824437,0.0248212225704667,"m"
2287,1,52.26178968159,0.0248214775909487,"m"
2288,1,52.2630107519753,0.0248217326443707,"m"
2289,1,52.2642311606861,0.0248219877231517,"m"
2290,1,52.2654508748091,0.0248222428197111,"m"
2291,1,52.2666698614305,0.024822497926468,"m"
2292,1,52.267888087637,0.0248227530358415,"m"
2293,1,52.269105520515,0.0248230081402508,"m"
2294,1,52.2703221271509,0.0248232632321151,"m"
2295,1,52.2715378746313,0.0248235183038536,"m"
2296,1,52.2727527300427,0.0248237733478854,"m"
2297,1,52.2739666604715,0.0248240283566297,"m"
2298,1,52.2751796330042,0.0248242833225056,"m"
2299,1,52.2763916147274,0.0248245382379324,"m"
2300,1,52.2776025727274,0.0248247930953292,"m"
2301,1,52.2788124740908,0.0248250478871152,"m"
2302,1,52.2800212859041,0.0248253026057095,"m"
2303,1,52.2812289752537,0.0248255572435314,"m"
2304,1,52.2824355092261,0.0248258117929999,"m"
2305,1,52.2836408549079,0.0248260662465343,"m"
2306,1,52.2848449793854,0.0248263205965537,"m"
2307,1,52.2860478497453,0.0248265748354774,"m"
2308,1,52.2872494330739,0.0248268289557244,"m"
2309,1,52.2884496964577,0.0248270829497139,"m"
2310,1,52.2896486069833,0.0248273368098652,"m"
2311,1,52.2908461317371,0.0248275905285973,"m"
2312,1,52.2920422378056,0.0248278440983295,"m"
2313,1,52.2932368922753,0.0248280975114809,"m"
2314,1,52.2944300728849,0.0248283507628189,"m"
2315,1,52.2956218202047,0.0248286038609621,"m"
2316,1,52.2968121977623,0.0248288568195896,"m"
2317,1,52.2980012691192,0.0248291096523882,"m"
2318,1,52.299189097837,0.0248293623730448,"m"
2319,1,52.3003757474771,0.024829614995246,"m"
2320,1,52.3015612816011,0.0248298675326788,"m"
2321,1,52.3027457637706,0.0248301199990297,"m"
2322,1,52.303929257547,0.0248303724079857,"m"
2323,1,52.3051118264918,0.0248306247732335,"m"
2324,1,52.3062935341667,0.0248308771084599,"m"
2325,1,52.3074744441331,0.0248311294273516,"m"
2326,1,52.3086546199525,0.0248313817435954,"m"
2327,1,52.3098341251865,0.0248316340708781,"m"
2328,1,52.3110130233965,0.0248318864228864,"m"
2329,1,52.3121913781442,0.0248321388133072,"m"
2330,1,52.3133692529911,0.0248323912558272,"m"
2331,1,52.3145467114986,0.0248326437641332,"m"
2332,1,52.3157238172283,0.024832896351912,"m"
2333,1,52.3169006337416,0.0248331490328502,"m"
2334,1,52.3180772246003,0.0248334018206348,"m"
2335,1,52.3192536533657,0.0248336547289525,"m"
2336,1,52.3204299835993,0.0248339077714901,"m"
2337,1,52.3216062788628,0.0248341609619342,"m"
2338,1,52.3227826027177,0.0248344143139718,"m"
2339,1,52.3239590187253,0.0248346678412895,"m"
2340,1,52.3251355904474,0.0248349215575742,"m"
2341,1,52.3263123814454,0.0248351754765127,"m"
2342,1,52.3274894552808,0.0248354296117916,"m"
2343,1,52.3286668755151,0.0248356839770978,"m"
2344,1,52.3298447055958,0.0248359385860928,"m"
2345,1,52.3310229816648,0.0248361934463793,"m"
2346,1,52.3322016773383,0.0248364485516867,"m"
2347,1,52.333380757518,0.024836703893811,"m"
2348,1,52.3345601871059,0.024836959464548,"m"
2349,1,52.3357399310038,0.0248372152556935,"m"
2350,1,52.3369199541134,0.0248374712590434,"m"
2351,1,52.3381002213366,0.0248377274663935,"m"
2352,1,52.3392806975751,0.0248379838695396,"m"
2353,1,52.3404613477309,0.0248382404602777,"m"
2354,1,52.3416421367058,0.0248384972304035,"m"
2355,1,52.3428230294014,0.024838754171713,"m"
2356,1,52.3440039907198,0.0248390112760019,"m"
2357,1,52.3451849855627,0.0248392685350661,"m"
2358,1,52.3463659788318,0.0248395259407015,"m"
2359,1,52.3475469354292,0.0248397834847038,"m"
2360,1,52.3487278202564,0.0248400411588691,"m"
2361,1,52.3499085982155,0.024840298954993,"m"
2362,1,52.3510892342081,0.0248405568648714,"m"
2363,1,52.3522696931361,0.0248408148803003,"m"
2364,1,52.3534499399014,0.0248410729930754,"m"
2365,1,52.3546299394057,0.0248413311949926,"m"
2366,1,52.3558096565509,0.0248415894778477,"m"
2367,1,52.3569890562388,0.0248418478334366,"m"
2368,1,52.3581681033711,0.0248421062535552,"m"
2369,1,52.3593467628499,0.0248423647299992,"m"
2370,1,52.3605249995767,0.0248426232545646,"m"
2371,1,52.3617027784535,0.0248428818190472,"m"
2372,1,52.3628800643821,0.0248431404152427,"m"
2373,1,52.3640568222643,0.0248433990349472,"m"
2374,1,52.365233017002,0.0248436576699563,"m"
2375,1,52.366408614551,0.0248439163124127,"m"
2376,1,52.3675835870239,0.0248441749564831,"m"
2377,1,52.368757908761,0.024844433597067,"m"
2378,1,52.369931554106,0.0248446922290649,"m"
2379,1,52.3711044974026,0.0248449508473774,"m"
2380,1,52.3722767129945,0.0248452094469048,"m"
2381,1,52.3734481752252,0.0248454680225478,"m"
2382,1,52.3746188584384,0.0248457265692068,"m"
2383,1,52.3757887369778,0.0248459850817823,"m"
2384,1,52.3769577851869,0.0248462435551749,"m"
2385,1,52.3781259774095,0.024846501984285,"m"
2386,1,52.3792932879891,0.0248467603640132,"m"
2387,1,52.3804596912695,0.02484701868926,"m"
2388,1,52.3816251615942,0.0248472769549259,"m"
2389,1,52.3827896733069,0.0248475351559113,"m"
2390,1,52.3839532007513,0.0248477932871168,"m"
2391,1,52.3851157182709,0.0248480513434429,"m"
2392,1,52.3862772002095,0.0248483093197901,"m"
2393,1,52.3874376209106,0.0248485672110589,"m"
2394,1,52.3885969547179,0.0248488250121498,"m"
2395,1,52.389755175975,0.0248490827179634,"m"
2396,1,52.3909122590257,0.0248493403234001,"m"
2397,1,52.3920681782135,0.0248495978233604,"m"
2398,1,52.393222907882,0.0248498552127448,"m"
2399,1,52.394376422375,0.0248501124864539,"m"
2400,1,52.395528696036,0.0248503696393881,"m"
2401,1,52.3966797032087,0.024850626666448,"m"
2402,1,52.3978294182367,0.0248508835625341,"m"
2403,1,52.3989778154637,0.0248511403225468,"m"
2404,1,52.4001248692333,0.0248513969413867,"m"
2405,1,52.4012705562507,0.0248516534144106,"m"
2406,1,52.4024148949558,0.024851909745039,"m"
2407,1,52.4035579395411,0.0248521659436005,"m"
2408,1,52.4046997453552,0.024852422020647,"m"
2409,1,52.4058403677464,0.0248526779867304,"m"
2410,1,52.4069798620631,0.0248529338524025,"m"
2411,1,52.4081182836538,0.0248531896282152,"m"
2412,1,52.4092556878669,0.0248534453247204,"m"
2413,1,52.4103921300509,0.02485370095247,"m"
2414,1,52.4115276655541,0.0248539565220158,"m"
2415,1,52.4126623497251,0.0248542120439098,"m"
2416,1,52.4137962379122,0.0248544675287038,"m"
2417,1,52.4149293854639,0.0248547229869496,"m"
2418,1,52.4160618477285,0.0248549784291993,"m"
2419,1,52.4171936800546,0.0248552338660045,"m"
2420,1,52.4183249377905,0.0248554893079173,"m"
2421,1,52.4194556762848,0.0248557447654895,"m"
2422,1,52.4205859508857,0.024856000249273,"m"
2423,1,52.4217158169418,0.0248562557698197,"m"
2424,1,52.4228453298015,0.0248565113376813,"m"
2425,1,52.4239745448132,0.02485676696341,"m"
2426,1,52.4251035173254,0.0248570226575574,"m"
2427,1,52.4262323026864,0.0248572784306754,"m"
2428,1,52.4273609562447,0.0248575342933161,"m"
2429,1,52.4284895333488,0.0248577902560311,"m"
2430,1,52.429618089347,0.0248580463293725,"m"
2431,1,52.4307466795878,0.0248583025238921,"m"
2432,1,52.4318753594197,0.0248585588501417,"m"
2433,1,52.433004184191,0.0248588153186733,"m"
2434,1,52.4341332092502,0.0248590719400388,"m"
2435,1,52.4352624899457,0.0248593287247899,"m"
2436,1,52.4363920722992,0.0248595856818407,"m"
2437,1,52.4375219484098,0.0248598428106353,"m"
2438,1,52.4386520910416,0.0248601001072225,"m"
2439,1,52.4397824729342,0.0248603575676466,"m"
2440,1,52.440913066827,0.024860615187952,"m"
2441,1,52.4420438454595,0.0248608729641829,"m"
2442,1,52.4431747815711,0.0248611308923838,"m"
2443,1,52.4443058479014,0.024861388968599,"m"
2444,1,52.4454370171896,0.0248616471888727,"m"
2445,1,52.4465682621754,0.0248619055492495,"m"
2446,1,52.4476995555982,0.0248621640457735,"m"
2447,1,52.4488308701974,0.0248624226744892,"m"
2448,1,52.4499621787124,0.0248626814314408,"m"
2449,1,52.4510934538828,0.0248629403126728,"m"
2450,1,52.452224668448,0.0248631993142295,"m"
2451,1,52.4533557951475,0.0248634584321551,"m"
2452,1,52.4544868067207,0.0248637176624942,"m"
2453,1,52.455617675907,0.0248639770012909,"m"
2454,1,52.4567483754459,0.0248642364445897,"m"
2455,1,52.457878878077,0.0248644959884348,"m"
2456,1,52.4590091565396,0.0248647556288707,"m"
2457,1,52.4601391835732,0.0248650153619416,"m"
2458,1,52.4612689319172,0.024865275183692,"m"
2459,1,52.4623983743112,0.0248655350901661,"m"
2460,1,52.4635274834945,0.0248657950774082,"m"
2461,1,52.4646562322066,0.0248660551414629,"m"
2462,1,52.4657845931871,0.0248663152783743,"m"
2463,1,52.4669125391753,0.0248665754841868,"m"
2464,1,52.4680400429106,0.0248668357549448,"m"
2465,1,52.4691670771327,0.0248670960866926,"m"
2466,1,52.4702936143733,0.0248673564752776,"m"
2467,1,52.4714196235473,0.0248676169131143,"m"
2468,1,52.4725450704967,0.0248678773897011,"m"
2469,1,52.473669920966,0.0248681378944441,"m"
2470,1,52.4747941406998,0.0248683984167489,"m"
2471,1,52.4759176954427,0.0248686589460214,"m"
2472,1,52.477040550939,0.0248689194716675,"m"
2473,1,52.4781626729333,0.024869179983093,"m"
2474,1,52.4792840271702,0.0248694404697039,"m"
2475,1,52.4804045793941,0.0248697009209058,"m"
2476,1,52.4815242953497,0.0248699613261047,"m"
2477,1,52.4826431407813,0.0248702216747064,"m"
2478,1,52.4837610814335,0.0248704819561168,"m"
2479,1,52.4848780830509,0.0248707421597418,"m"
2480,1,52.4859941113779,0.0248710022749871,"m"
2481,1,52.487109132159,0.0248712622912586,"m"
2482,1,52.4882231111389,0.0248715221979621,"m"
2483,1,52.4893360140619,0.0248717819845036,"m"
2484,1,52.4904478066727,0.0248720416402889,"m"
2485,1,52.4915584547157,0.0248723011547237,"m"
2486,1,52.4926679239355,0.024872560517214,"m"
2487,1,52.4937761800765,0.0248728197171657,"m"
2488,1,52.4948831888833,0.0248730787439844,"m"
2489,1,52.4959889161005,0.0248733375870762,"m"
2490,1,52.4970933274724,0.0248735962358469,"m"
2491,1,52.4981963887437,0.0248738546797022,"m"
2492,1,52.4992980656589,0.0248741129080481,"m"
2493,1,52.5003983239624,0.0248743709102904,"m"
2494,1,52.5014971293988,0.0248746286758349,"m"
2495,1,52.5025944477126,0.0248748861940876,"m"
2496,1,52.5036902449214,0.0248751434545297,"m"
2497,1,52.504784521171,0.0248754004560812,"m"
2498,1,52.5058773434836,0.0248756572161578,"m"
2499,1,52.506968786649,0.0248759137543232,"m"
2500,1,52.5080589254571,0.0248761700901414,"m"
2501,1,52.5091478346975,0.0248764262431759,"m"
2502,1,52.51023558916,0.0248766822329907,"m"
2503,1,52.5113222636344,0.0248769380791496,"m"
2504,1,52.5124079329103,0.0248771938012163,"m"
2505,1,52.5134926717775,0.0248774494187547,"m"
2506,1,52.5145765550259,0.0248777049513284,"m"
2507,1,52.515659657445,0.0248779604185015,"m"
2508,1,52.5167420538248,0.0248782158398375,"m"
2509,1,52.5178238189548,0.0248784712349004,"m"
2510,1,52.518905027625,0.0248787266232539,"m"
2511,1,52.5199857546249,0.0248789820244618,"m"
2512,1,52.5210660747444,0.024879237458088,"m"
2513,1,52.5221460627732,0.0248794929436962,"m"
2514,1,52.523225793501,0.0248797485008501,"m"
2515,1,52.5243053417177,0.0248800041491137,"m"
2516,1,52.5253847822129,0.0248802599080507,"m"
2517,1,52.5264641897764,0.0248805157972249,"m"
2518,1,52.5275436391979,0.0248807718362001,"m"
2519,1,52.5286232052673,0.0248810280445401,"m"
2520,1,52.5297029627741,0.0248812844418086,"m"
2521,1,52.5307829865083,0.0248815410475696,"m"
2522,1,52.5318633512594,0.0248817978813868,"m"
2523,1,52.5329441318174,0.0248820549628239,"m"
2524,1,52.5340254029718,0.0248823123114448,"m"
2525,1,52.5351072395126,0.0248825699468133,"m"
2526,1,52.5361897162293,0.0248828278884932,"m"
2527,1,52.5372729026023,0.0248830861546614,"m"
2528,1,52.5383567767983,0.0248833447396444,"m"
2529,1,52.5394412400797,0.0248836036176819,"m"
2530,1,52.5405261913081,0.0248838627623862,"m"
2531,1,52.5416115293448,0.0248841221473698,"m"
2532,1,52.5426971530513,0.0248843817462452,"m"
2533,1,52.5437829612889,0.0248846415326247,"m"
2534,1,52.5448688529192,0.0248849014801208,"m"
2535,1,52.5459547268035,0.0248851615623459,"m"
2536,1,52.5470404818034,0.0248854217529126,"m"
2537,1,52.5481260167801,0.0248856820254331,"m"
2538,1,52.5492112305951,0.02488594235352,"m"
2539,1,52.5502960221099,0.0248862027107856,"m"
2540,1,52.5513802901859,0.0248864630708425,"m"
2541,1,52.5524639336845,0.024886723407303,"m"
2542,1,52.5535468514671,0.0248869836937796,"m"
2543,1,52.5546289423952,0.0248872439038847,"m"
2544,1,52.5557101053301,0.0248875040112308,"m"
2545,1,52.5567902391334,0.0248877639894303,"m"
2546,1,52.5578692426664,0.0248880238120957,"m"
2547,1,52.5589470147906,0.0248882834528393,"m"
2548,1,52.5600234543674,0.0248885428852736,"m"
2549,1,52.5610984602582,0.024888802083011,"m"
2550,1,52.5621719313245,0.024889061019664,"m"
2551,1,52.5632437664276,0.0248893196688451,"m"
2552,1,52.564313864429,0.0248895780041666,"m"
2553,1,52.5653821241902,0.0248898359992409,"m"
2554,1,52.5664484445725,0.0248900936276806,"m"
2555,1,52.5675127244374,0.0248903508630981,"m"
2556,1,52.5685748626463,0.0248906076791057,"m"
2557,1,52.5696347584481,0.0248908640494158,"m"
2558,1,52.5706923579775,0.0248911199598121,"m"
2559,1,52.5717476984288,0.0248913754195235,"m"
2560,1,52.5728008274579,0.0248916304404725,"m"
2561,1,52.5738517927212,0.0248918850345816,"m"
2562,1,52.5749006418748,0.0248921392137734,"m"
2563,1,52.5759474225749,0.0248923929899703,"m"
2564,1,52.5769921824777,0.0248926463750949,"m"
2565,1,52.5780349692393,0.0248928993810697,"m"
2566,1,52.579075830516,0.0248931520198172,"m"
2567,1,52.580114813964,0.0248934043032598,"m"
2568,1,52.5811519672394,0.0248936562433202,"m"
2569,1,52.5821873379985,0.0248939078519208,"m"
2570,1,52.5832209738973,0.0248941591409842,"m"
2571,1,52.5842529225922,0.0248944101224328,"m"
2572,1,52.5852832317393,0.0248946608081891,"m"
2573,1,52.5863119489948,0.0248949112101758,"m"
2574,1,52.5873391220149,0.0248951613403153,"m"
2575,1,52.5883647984557,0.02489541121053,"m"
2576,1,52.5893890259735,0.0248956608327426,"m"
2577,1,52.5904118522244,0.0248959102188755,"m"
2578,1,52.5914333248647,0.0248961593808513,"m"
2579,1,52.5924534915506,0.0248964083305924,"m"
2580,1,52.5934723999381,0.0248966570800214,"m"
2581,1,52.5944900976836,0.0248969056410608,"m"
2582,1,52.5955066324431,0.024897154025633,"m"
2583,1,52.596522051873,0.0248974022456607,"m"
2584,1,52.5975364036293,0.0248976503130664,"m"
2585,1,52.5985497353683,0.0248978982397724,"m"
2586,1,52.5995620947461,0.0248981460377014,"m"
2587,1,52.600573529419,0.0248983937187759,"m"
2588,1,52.6015840852238,0.0248986412944781,"m"
2589,1,52.602593799129,0.0248988887741445,"m"
2590,1,52.603602705405,0.0248991361664586,"m"
2591,1,52.6046108383213,0.0248993834801038,"m"
2592,1,52.6056182321477,0.0248996307237634,"m"
2593,1,52.6066249211537,0.0248998779061209,"m"
2594,1,52.6076309396092,0.0249001250358595,"m"
2595,1,52.6086363217836,0.0249003721216627,"m"
2596,1,52.6096411019467,0.0249006191722139,"m"
2597,1,52.6106453143681,0.0249008661961963,"m"
2598,1,52.6116489933175,0.0249011132022935,"m"
2599,1,52.6126521730645,0.0249013601991887,"m"
2600,1,52.6136548878789,0.0249016071955653,"m"
2601,1,52.6146571720302,0.0249018542001068,"m"
2602,1,52.6156590597881,0.0249021012214964,"m"
2603,1,52.6166605854223,0.0249023482684176,"m"
2604,1,52.6176617832024,0.0249025953495538,"m"
2605,1,52.6186626873982,0.0249028424735882,"m"
2606,1,52.6196633322791,0.0249030896492043,"m"
2607,1,52.620663752115,0.0249033368850855,"m"
2608,1,52.6216639811755,0.0249035841899151,"m"
2609,1,52.6226640537302,0.0249038315723765,"m"
2610,1,52.6236640040488,0.0249040790411531,"m"
2611,1,52.6246638664009,0.0249043266049283,"m"
2612,1,52.6256636750562,0.0249045742723853,"m"
2613,1,52.6266634642844,0.0249048220522077,"m"
2614,1,52.6276632683551,0.0249050699530787,"m"
2615,1,52.628663121538,0.0249053179836817,"m"
2616,1,52.6296630581027,0.0249055661527002,"m"
2617,1,52.6306631123189,0.0249058144688175,"m"
2618,1,52.6316633183082,0.0249060629406769,"m"
2619,1,52.6326636928426,0.0249063115722287,"m"
2620,1,52.6336642192973,0.0249065603583898,"m"
2621,1,52.6346648772523,0.0249068092930502,"m"
2622,1,52.6356656462874,0.0249070583701,"m"
2623,1,52.6366665059824,0.0249073075834294,"m"
2624,1,52.6376674359171,0.0249075569269283,"m"
2625,1,52.6386684156714,0.0249078063944869,"m"
2626,1,52.639669424825,0.0249080559799954,"m"
2627,1,52.6406704429578,0.0249083056773437,"m"
2628,1,52.6416714496496,0.0249085554804219,"m"
2629,1,52.6426724244803,0.0249088053831203,"m"
2630,1,52.6436733470296,0.0249090553793288,"m"
2631,1,52.6446741968774,0.0249093054629375,"m"
2632,1,52.6456749536035,0.0249095556278366,"m"
2633,1,52.6466755967877,0.0249098058679161,"m"
2634,1,52.6476761060098,0.0249100561770662,"m"
2635,1,52.6486764608497,0.0249103065491769,"m"
2636,1,52.6496766408872,0.0249105569781382,"m"
2637,1,52.6506766257021,0.0249108074578404,"m"
2638,1,52.6516763948743,0.0249110579821735,"m"
2639,1,52.6526759279834,0.0249113085450276,"m"
2640,1,52.6536752046095,0.0249115591402927,"m"
2641,1,52.6546742043323,0.024911809761859,"m"
2642,1,52.6556729067315,0.0249120604036166,"m"
2643,1,52.6566712913872,0.0249123110594556,"m"
2644,1,52.6576693378789,0.024912561723266,"m"
2645,1,52.6586670257867,0.0249128123889379,"m"
2646,1,52.6596643346903,0.0249130630503615,"m"
2647,1,52.6606612441695,0.0249133137014268,"m"
2648,1,52.6616577338041,0.0249135643360239,"m"
2649,1,52.6626537824582,0.0249138149480756,"m"
2650,1,52.6636493655406,0.0249140655316615,"m"
2651,1,52.664644457419,0.024914316080909,"m"
2652,1,52.6656390324608,0.0249145665899454,"m"
2653,1,52.6666330650334,0.0249148170528978,"m"
2654,1,52.6676265295043,0.0249150674638935,"m"
2655,1,52.668619400241,0.0249153178170597,"m"
2656,1,52.6696116516109,0.0249155681065238,"m"
2657,1,52.6706032579815,0.0249158183264128,"m"
2658,1,52.6715941937202,0.0249160684708542,"m"
2659,1,52.6725844331945,0.024916318533975,"m"
2660,1,52.6735739507718,0.0249165685099026,"m"
2661,1,52.6745627208195,0.0249168183927642,"m"
2662,1,52.6755507177053,0.0249170681766871,"m"
2663,1,52.6765379157964,0.0249173178557984,"m"
2664,1,52.6775242894603,0.0249175674242255,"m"
2665,1,52.6785098130645,0.0249178168760955,"m"
2666,1,52.6794944609765,0.0249180662055357,"m"
2667,1,52.6804782075637,0.0249183154066734,"m"
2668,1,52.6814610271935,0.0249185644736357,"m"
2669,1,52.6824428942335,0.0249188134005501,"m"
2670,1,52.683423783051,0.0249190621815435,"m"
2671,1,52.6844036680135,0.0249193108107434,"m"
2672,1,52.6853825234884,0.024919559282277,"m"
2673,1,52.6863603238433,0.0249198075902715,"m"
2674,1,52.6873370434456,0.0249200557288541,"m"
2675,1,52.6883126566626,0.0249203036921521,"m"
2676,1,52.689287137862,0.0249205514742927,"m"
2677,1,52.690260461411,0.0249207990694032,"m"
2678,1,52.6912326016773,0.0249210464716109,"m"
2679,1,52.692203536134,0.0249212936757724,"m"
2680,1,52.693173284948,0.024921540686773,"m"
2681,1,52.6941418993198,0.0249217875167874,"m"
2682,1,52.6951094311495,0.0249220341781547,"m"
2683,1,52.6960759323369,0.0249222806832139,"m"
2684,1,52.6970414547821,0.024922527044304,"m"
2685,1,52.6980060503849,0.0249227732737642,"m"
2686,1,52.6989697710454,0.0249230193839335,"m"
2687,1,52.6999326686635,0.0249232653871508,"m"
2688,1,52.7008947951391,0.0249235112957553,"m"
2689,1,52.7018562023722,0.024923757122086,"m"
2690,1,52.7028169422628,0.0249240028784819,"m"
2691,1,52.7037770667108,0.024924248577282,"m"
2692,1,52.7047366276162,0.0249244942308256,"m"
2693,1,52.7056956768788,0.0249247398514514,"m"
2694,1,52.7066542663988,0.0249249854514987,"m"
2695,1,52.7076124480759,0.0249252310433065,"m"
2696,1,52.7085702738102,0.0249254766392137,"m"
2697,1,52.7095277955017,0.0249257222515595,"m"
2698,1,52.7104850650502,0.0249259678926829,"m"
2699,1,52.7114421343558,0.0249262135749229,"m"
2700,1,52.7123990553183,0.0249264593106186,"m"
2701,1,52.7133558798378,0.024926705112109,"m"
2702,1,52.7143126598142,0.0249269509917332,"m"
2703,1,52.7152694471474,0.0249271969618302,"m"
2704,1,52.7162262937375,0.024927443034739,"m"
2705,1,52.7171832514842,0.0249276892227988,"m"
2706,1,52.7181403722877,0.0249279355383485,"m"
2707,1,52.7190977080479,0.0249281819937272,"m"
2708,1,52.7200553106647,0.0249284286012739,"m"
2709,1,52.721013232038,0.0249286753733278,"m"
2710,1,52.721971513344,0.02492892231975,"m"
2711,1,52.7229301444999,0.024929169438559,"m"
2712,1,52.7238891001256,0.0249294167242388,"m"
2713,1,52.7248483548383,0.0249296641712726,"m"
2714,1,52.725807883255,0.0249299117741437,"m"
2715,1,52.7267676599929,0.0249301595273356,"m"
2716,1,52.7277276596692,0.0249304074253315,"m"
2717,1,52.728687856901,0.0249306554626148,"m"
2718,1,52.7296482263054,0.0249309036336687,"m"
2719,1,52.7306087424995,0.0249311519329767,"m"
2720,1,52.7315693801006,0.024931400355022,"m"
2721,1,52.7325301137257,0.0249316488942879,"m"
2722,1,52.7334909179919,0.0249318975452578,"m"
2723,1,52.7344517675164,0.0249321463024151,"m"
2724,1,52.7354126369164,0.024932395160243,"m"
2725,1,52.736373500809,0.0249326441132248,"m"
2726,1,52.7373343338112,0.0249328931558439,"m"
2727,1,52.7382951105403,0.0249331422825836,"m"
2728,1,52.7392558056134,0.0249333914879273,"m"
2729,1,52.7402163936476,0.0249336407663582,"m"
2730,1,52.7411768492601,0.0249338901123597,"m"
2731,1,52.742137147068,0.0249341395204151,"m"
2732,1,52.7430972616884,0.0249343889850078,"m"
2733,1,52.7440571677384,0.024934638500621,"m"
2734,1,52.7450168398353,0.0249348880617381,"m"
2735,1,52.7459762525961,0.0249351376628424,"m"
2736,1,52.746935380638,0.0249353872984173,"m"
2737,1,52.747894198578,0.024935636962946,"m"
2738,1,52.7488526810335,0.024935886650912,"m"
2739,1,52.7498108026214,0.0249361363567984,"m"
2740,1,52.7507685380792,0.0249363860750055,"m"
2741,1,52.7517258637777,0.0249366357988033,"m"
2742,1,52.7526827572646,0.0249368855206477,"m"
2743,1,52.7536391961136,0.0249371352329765,"m"
2744,1,52.7545951578986,0.0249373849282275,"m"
2745,1,52.7555506201933,0.0249376345988386,"m"
2746,1,52.7565055605715,0.0249378842372477,"m"
2747,1,52.7574599566069,0.0249381338358925,"m"
2748,1,52.7584137858732,0.0249383833872109,"m"
2749,1,52.7593670259444,0.0249386328836407,"m"
2750,1,52.760319654394,0.0249388823176198,"m"
2751,1,52.761271648796,0.024939131681586,"m"
2752,1,52.762222986724,0.0249393809679771,"m"
2753,1,52.7631736457518,0.024939630169231,"m"
2754,1,52.7641236034531,0.0249398792777855,"m"
2755,1,52.7650728374019,0.0249401282860785,"m"
2756,1,52.7660213251717,0.0249403771865477,"m"
2757,1,52.7669690443363,0.0249406259716311,"m"
2758,1,52.7679159724696,0.0249408746337664,"m"
2759,1,52.7688620871453,0.0249411231653915,"m"
2760,1,52.7698073659372,0.0249413715589442,"m"
2761,1,52.7707517864189,0.0249416198068624,"m"
2762,1,52.7716953261644,0.0249418679015839,"m"
2763,1,52.7726379627473,0.0249421158355466,"m"
2764,1,52.7735796737414,0.0249423636011882,"m"
2765,1,52.7745204367205,0.0249426111909466,"m"
2766,1,52.7754602292583,0.0249428585972597,"m"
2767,1,52.7763990289286,0.0249431058125652,"m"
2768,1,52.7773368133051,0.0249433528293011,"m"
2769,1,52.7782735599617,0.0249435996399051,"m"
2770,1,52.779209246823,0.0249438462369225,"m"
2771,1,52.7801438770375,0.0249440926206176,"m"
2772,1,52.7810774954574,0.0249443388040171,"m"
2773,1,52.7820101508456,0.0249445848013444,"m"
2774,1,52.7829418919647,0.0249448306268228,"m"
2775,1,52.7838727675775,0.0249450762946757,"m"
2776,1,52.7848028264468,0.0249453218191266,"m"
2777,1,52.7857321173352,0.0249455672143988,"m"
2778,1,52.7866606890056,0.0249458124947156,"m"
2779,1,52.7875885902205,0.0249460576743005,"m"
2780,1,52.7885158697429,0.0249463027673768,"m"
2781,1,52.7894425763354,0.024946547788168,"m"
2782,1,52.7903687587608,0.0249467927508974,"m"
2783,1,52.7912944657817,0.0249470376697884,"m"
2784,1,52.792219746161,0.0249472825590643,"m"
2785,1,52.7931446486614,0.0249475274329486,"m"
2786,1,52.7940692220456,0.0249477723056646,"m"
2787,1,52.7949935150764,0.0249480171914357,"m"
2788,1,52.7959175765164,0.0249482621044854,"m"
2789,1,52.7968414551285,0.0249485070590369,"m"
2790,1,52.7977651996753,0.0249487520693136,"m"
2791,1,52.7986888589197,0.0249489971495391,"m"
2792,1,52.7996124816243,0.0249492423139365,"m"
2793,1,52.8005361165518,0.0249494875767293,"m"
2794,1,52.8014598124651,0.0249497329521409,"m"
2795,1,52.8023836181269,0.0249499784543947,"m"
2796,1,52.8033075822998,0.0249502240977141,"m"
2797,1,52.8042317537467,0.0249504698963224,"m"
2798,1,52.8051561812303,0.0249507158644429,"m"
2799,1,52.8060809135133,0.0249509620162992,"m"
2800,1,52.8070059993584,0.0249512083661146,"m"
2801,1,52.8079314845487,0.024951454927224,"m"
2802,1,52.8088573749126,0.0249517017010494,"m"
2803,1,52.8097836477308,0.0249519486805011,"m"
2804,1,52.8107102796662,0.024952195858305,"m"
2805,1,52.8116372473821,0.0249524432271873,"m"
2806,1,52.8125645275416,0.0249526907798739,"m"
2807,1,52.8134920968077,0.024952938509091,"m"
2808,1,52.8144199318437,0.0249531864075647,"m"
2809,1,52.8153480093127,0.0249534344680209,"m"
2810,1,52.8162763058777,0.0249536826831857,"m"
2811,1,52.817204798202,0.0249539310457853,"m"
2812,1,52.8181334629486,0.0249541795485456,"m"
2813,1,52.8190622767807,0.0249544281841927,"m"
2814,1,52.8199912163615,0.0249546769454527,"m"
2815,1,52.8209202583539,0.0249549258250517,"m"
2816,1,52.8218493794213,0.0249551748157156,"m"
2817,1,52.8227785562266,0.0249554239101707,"m"
2818,1,52.8237077654331,0.0249556731011428,"m"
2819,1,52.8246369837039,0.0249559223813582,"m"
2820,1,52.825566187702,0.0249561717435428,"m"
2821,1,52.8264953540907,0.0249564211804227,"m"
2822,1,52.8274244595331,0.024956670684724,"m"
2823,1,52.8283534806922,0.0249569202491727,"m"
2824,1,52.8292823942312,0.024957169866495,"m"
2825,1,52.8302111768133,0.0249574195294167,"m"
2826,1,52.8311398051016,0.0249576692306641,"m"
2827,1,52.8320682557592,0.0249579189629632,"m"
2828,1,52.8329965054492,0.02495816871904,"m"
2829,1,52.8339245308349,0.0249584184916207,"m"
2830,1,52.8348523085792,0.0249586682734312,"m"
2831,1,52.8357798153385,0.0249589180572007,"m"
2832,1,52.8367070272922,0.0249591678358731,"m"
2833,1,52.8376339198376,0.0249594176027445,"m"
2834,1,52.8385604682999,0.0249596673511437,"m"
2835,1,52.839486648004,0.0249599170743993,"m"
2836,1,52.8404124342749,0.0249601667658399,"m"
2837,1,52.8413378024376,0.0249604164187944,"m"
2838,1,52.8422627278172,0.0249606660265914,"m"
2839,1,52.8431871857386,0.0249609155825596,"m"
2840,1,52.8441111515268,0.0249611650800278,"m"
2841,1,52.8450346005068,0.0249614145123245,"m"
2842,1,52.8459575080037,0.0249616638727785,"m"
2843,1,52.8468798493424,0.0249619131547186,"m"
2844,1,52.8478015998479,0.0249621623514734,"m"
2845,1,52.8487227348453,0.0249624114563715,"m"
2846,1,52.8496432296596,0.0249626604627418,"m"
2847,1,52.8505630596157,0.0249629093639129,"m"
2848,1,52.8514822000386,0.0249631581532135,"m"
2849,1,52.8524006262535,0.0249634068239724,"m"
2850,1,52.8533183135852,0.0249636553695181,"m"
2851,1,52.8542352373587,0.0249639037831794,"m"
2852,1,52.8551513728992,0.0249641520582851,"m"
2853,1,52.8560666955315,0.0249644001881637,"m"
2854,1,52.8569811805807,0.0249646481661441,"m"
2855,1,52.8578948033717,0.0249648959855549,"m"
2856,1,52.8588075392297,0.0249651436397248,"m"
2857,1,52.8597193634796,0.0249653911219825,"m"
2858,1,52.8606302514463,0.0249656384256567,"m"
2859,1,52.861540178455,0.0249658855440761,"m"
2860,1,52.8624491198305,0.0249661324705694,"m"
2861,1,52.863357050898,0.0249663791984654,"m"
2862,1,52.8642639608884,0.0249666257249333,"m"
2863,1,52.8651698952019,0.024966872062656,"m"
2864,1,52.8660749134185,0.0249671182282326,"m"
2865,1,52.8669790751182,0.0249673642382622,"m"
2866,1,52.867882439881,0.0249676101093438,"m"
2867,1,52.868785067287,0.0249678558580766,"m"
2868,1,52.8696870169161,0.0249681015010596,"m"
2869,1,52.8705883483483,0.0249683470548919,"m"
2870,1,52.8714891211637,0.0249685925361727,"m"
2871,1,52.8723893949423,0.024968837961501,"m"
2872,1,52.8732892292641,0.0249690833474759,"m"
2873,1,52.8741886837091,0.0249693287106965,"m"
2874,1,52.8750878178572,0.0249695740677619,"m"
2875,1,52.8759866912886,0.0249698194352712,"m"
2876,1,52.8768853635832,0.0249700648298235,"m"
2877,1,52.877783894321,0.0249703102680179,"m"
2878,1,52.8786823430821,0.0249705557664535,"m"
2879,1,52.8795807694464,0.0249708013417293,"m"
2880,1,52.880479232994,0.0249710470104445,"m"
2881,1,52.8813777933049,0.0249712927891982,"m"
2882,1,52.882276509959,0.0249715386945894,"m"
2883,1,52.8831754425364,0.0249717847432173,"m"
2884,1,52.8840746506172,0.0249720309516809,"m"
2885,1,52.8849741937812,0.0249722773365793,"m"
2886,1,52.8858741316086,0.0249725239145117,"m"
2887,1,52.8867745236793,0.024972770702077,"m"
2888,1,52.8876754295734,0.0249730177158745,"m"
2889,1,52.8885769088708,0.0249732649725032,"m"
2890,1,52.8894790211515,0.0249735124885622,"m"
2891,1,52.8903818259957,0.0249737602806506,"m"
2892,1,52.8912853822857,0.0249740083651762,"m"
2893,1,52.8921897012221,0.02497425674547,"m"
2894,1,52.8930947165354,0.0249745054036166,"m"
2895,1,52.8940003548577,0.0249747543197541,"m"
2896,1,52.8949065428208,0.0249750034740204,"m"
2897,1,52.8958132070567,0.0249752528465533,"m"
2898,1,52.8967202741972,0.0249755024174909,"m"
2899,1,52.8976276708744,0.024975752166971,"m"
2900,1,52.8985353237201,0.0249760020751316,"m"
2901,1,52.8994431593664,0.0249762521221106,"m"
2902,1,52.900351104445,0.024976502288046,"m"
2903,1,52.901259085588,0.0249767525530756,"m"
2904,1,52.9021670294273,0.0249770028973375,"m"
2905,1,52.9030748625947,0.0249772533009695,"m"
2906,1,52.9039825117224,0.0249775037441096,"m"
2907,1,52.9048899034421,0.0249777542068956,"m"
2908,1,52.9057969643858,0.0249780046694656,"m"
2909,1,52.9067036211855,0.0249782551119575,"m"
2910,1,52.907609800473,0.0249785055145092,"m"
2911,1,52.9085154288803,0.0249787558572586,"m"
2912,1,52.9094204330393,0.0249790061203436,"m"
2913,1,52.9103247395821,0.0249792562839022,"m"
2914,1,52.9112282751404,0.0249795063280724,"m"
2915,1,52.9121309663462,0.024979756232992,"m"
2916,1,52.9130327398315,0.024980005978799,"m"
2917,1,52.9139335222282,0.0249802555456313,"m"
2918,1,52.9148332401682,0.0249805049136268,"m"
2919,1,52.9157318202834,0.0249807540629235,"m"
2920,1,52.9166291892059,0.0249810029736593,"m"
2921,1,52.9175252735674,0.0249812516259722,"m"
2922,1,52.91842,0.0249815,"m"
2923,1,52.9193133125584,0.0249817480803317,"m"
2924,1,52.9202052249885,0.0249819958693599,"m"
2925,1,52.921095768459,0.0249822433739284,"m"
2926,1,52.9219849741388,0.0249824906008809,"m"
2927,1,52.9228728731966,0.024982737557061,"m"
2928,1,52.9237594968011,0.0249829842493124,"m"
2929,1,52.9246448761211,0.0249832306844787,"m"
2930,1,52.9255290423253,0.0249834768694038,"m"
2931,1,52.9264120265825,0.0249837228109312,"m"
2932,1,52.9272938600614,0.0249839685159047,"m"
2933,1,52.9281745739308,0.0249842139911679,"m"
2934,1,52.9290541993594,0.0249844592435645,"m"
2935,1,52.929932767516,0.0249847042799381,"m"
2936,1,52.9308103095694,0.0249849491071326,"m"
2937,1,52.9316868566882,0.0249851937319915,"m"
2938,1,52.9325624400412,0.0249854381613586,"m"
2939,1,52.9334370907973,0.0249856824020774,"m"
2940,1,52.934310840125,0.0249859264609918,"m"
2941,1,52.9351837191933,0.0249861703449454,"m"
2942,1,52.9360557591708,0.0249864140607818,"m"
2943,1,52.9369269912262,0.0249866576153448,"m"
2944,1,52.9377974465284,0.024986901015478,"m"
2945,1,52.9386671562461,0.0249871442680251,"m"
2946,1,52.939536151548,0.0249873873798298,"m"
2947,1,52.9404044636029,0.0249876303577358,"m"
2948,1,52.9412721235796,0.0249878732085868,"m"
2949,1,52.9421391626467,0.0249881159392264,"m"
2950,1,52.943005611973,0.0249883585564984,"m"
2951,1,52.9438715027274,0.0249886010672464,"m"
2952,1,52.9447368660785,0.024988843478314,"m"
2953,1,52.9456017332085,0.0249890857967078,"m"
2954,1,52.9464661354469,0.02498932803121,"m"
2955,1,52.9473301042137,0.024989570191696,"m"
2956,1,52.9481936709301,0.0249898122880572,"m"
2957,1,52.9490568670175,0.0249900543301849,"m"
2958,1,52.9499197238971,0.0249902963279705,"m"
2959,1,52.9507822729902,0.0249905382913054,"m"
2960,1,52.9516445457182,0.024990780230081,"m"
2961,1,52.9525065735024,0.0249910221541885,"m"
2962,1,52.9533683877639,0.0249912640735194,"m"
2963,1,52.9542300199243,0.024991505997965,"m"
2964,1,52.9550915014047,0.0249917479374168,"m"
2965,1,52.9559528636264,0.024991989901766,"m"
2966,1,52.9568141380107,0.0249922319009041,"m"
2967,1,52.9576753559791,0.0249924739447223,"m"
2968,1,52.9585365489526,0.0249927160431122,"m"
2969,1,52.9593977483527,0.0249929582059649,"m"
2970,1,52.9602589856007,0.024993200443172,"m"
2971,1,52.9611202921178,0.0249934427646247,"m"
2972,1,52.9619816993254,0.0249936851802145,"m"
2973,1,52.9628432386447,0.0249939276998327,"m"
2974,1,52.963704941497,0.0249941703333706,"m"
2975,1,52.9645668393037,0.0249944130907197,"m"
2976,1,52.965428963486,0.0249946559817713,"m"
2977,1,52.9662913454653,0.0249948990164167,"m"
2978,1,52.9671540166629,0.0249951422045474,"m"
2979,1,52.9680170084999,0.0249953855560547,"m"
2980,1,52.9688803523979,0.0249956290808299,"m"
2981,1,52.969744079778,0.0249958727887645,"m"
2982,1,52.9706082220615,0.0249961166897498,"m"
2983,1,52.9714728106698,0.0249963607936771,"m"
2984,1,52.9723378693013,0.0249966051080072,"m"
2985,1,52.9732033910634,0.0249968496305722,"m"
2986,1,52.9740693614897,0.0249970943568204,"m"
2987,1,52.9749357661136,0.0249973392822004,"m"
2988,1,52.975802590469,0.0249975844021605,"m"
2989,1,52.9766698200893,0.0249978297121491,"m"
2990,1,52.9775374405082,0.0249980752076146,"m"
2991,1,52.9784054372593,0.0249983208840054,"m"
2992,1,52.9792737958762,0.02499856673677,"m"
2993,1,52.9801425018925,0.0249988127613567,"m"
2994,1,52.9810115408418,0.0249990589532139,"m"
2995,1,52.9818808982578,0.02499930530779,"m"
2996,1,52.982750559674,0.0249995518205335,"m"
2997,1,52.9836205106241,0.0249997984868927,"m"
2998,1,52.9844907366417,0.025000045302316,"m"
2999,1,52.9853612232603,0.0250002922622519,"m"
3000,1,52.9862319560137,0.0250005393621488,"m"
3001,1,52.9871029204353,0.025000786597455,"m"
3002,1,52.9879741020589,0.025001033963619,"m"
3003,1,52.988845486418,0.0250012814560891,"m"
3004,1,52.9897170590463,0.0250015290703138,"m"
3005,1,52.9905888054773,0.0250017768017415,"m"
3006,1,52.9914607112447,0.0250020246458205,"m"
3007,1,52.992332761882,0.0250022725979993,"m"
3008,1,52.993204942923,0.0250025206537263,"m"
3009,1,52.9940772399011,0.0250027688084499,"m"
3010,1,52.9949496383501,0.0250030170576185,"m"
3011,1,52.9958221238034,0.0250032653966804,"m"
3012,1,52.9966946817949,0.0250035138210842,"m"
3013,1,52.9975672978579,0.0250037623262781,"m"
3014,1,52.9984399569907,0.0250040109076085,"m"
3015,1,52.9993126384133,0.0250042595593194,"m"
3016,1,53.0001853178208,0.0250045082749825,"m"
3017,1,53.0010579708576,0.0250047570481599,"m"
3018,1,53.0019305731685,0.0250050058724135,"m"
3019,1,53.0028031003981,0.0250052547413055,"m"
3020,1,53.0036755281909,0.0250055036483978,"m"
3021,1,53.0045478321917,0.0250057525872526,"m"
3022,1,53.0054199880449,0.0250060015514318,"m"
3023,1,53.0062919713953,0.0250062505344976,"m"
3024,1,53.0071637578874,0.0250064995300119,"m"
3025,1,53.0080353231659,0.0250067485315368,"m"
3026,1,53.0089066428754,0.0250069975326345,"m"
3027,1,53.0097776926605,0.0250072465268668,"m"
3028,1,53.0106484481658,0.0250074955077959,"m"
3029,1,53.011518885036,0.0250077444689838,"m"
3030,1,53.0123889789156,0.0250079934039925,"m"
3031,1,53.0132587054493,0.0250082423063842,"m"
3032,1,53.0141280402816,0.0250084911697208,"m"
3033,1,53.0149969590573,0.0250087399875645,"m"
3034,1,53.0158654374209,0.0250089887534771,"m"
3035,1,53.0167334510171,0.0250092374610209,"m"
3036,1,53.0176009754904,0.0250094861037579,"m"
3037,1,53.0184679864855,0.02500973467525,"m"
3038,1,53.019334459647,0.0250099831690594,"m"
3039,1,53.0202003706196,0.025010231578748,"m"
3040,1,53.0210656950477,0.025010479897878,"m"
3041,1,53.0219304085762,0.0250107281200114,"m"
3042,1,53.0227944868495,0.0250109762387103,"m"
3043,1,53.0236579055122,0.0250112242475366,"m"
3044,1,53.0245206408309,0.025011472140217,"m"
3045,1,53.0253826978216,0.0250117199180879,"m"
3046,1,53.0262441217379,0.0250119675931358,"m"
3047,1,53.0271049608337,0.0250122151781414,"m"
3048,1,53.0279652633633,0.0250124626858858,"m"
3049,1,53.0288250775809,0.0250127101291496,"m"
3050,1,53.0296844517406,0.0250129575207138,"m"
3051,1,53.0305434340964,0.0250132048733591,"m"
3052,1,53.0314020729027,0.0250134521998664,"m"
3053,1,53.0322604164135,0.0250136995130165,"m"
3054,1,53.033118512883,0.0250139468255902,"m"
3055,1,53.0339764105653,0.0250141941503684,"m"
3056,1,53.0348341577146,0.0250144415001319,"m"
3057,1,53.035691802585,0.0250146888876616,"m"
3058,1,53.0365493934308,0.0250149363257382,"m"
3059,1,53.0374069785059,0.0250151838271426,"m"
3060,1,53.0382646060647,0.0250154314046557,"m"
3061,1,53.0391223243613,0.0250156790710582,"m"
3062,1,53.0399801816497,0.025015926839131,"m"
3063,1,53.0408382261842,0.0250161747216549,"m"
3064,1,53.0416965062189,0.0250164227314108,"m"
3065,1,53.0425550700079,0.0250166708811794,"m"
3066,1,53.0434139658054,0.0250169191837417,"m"
3067,1,53.0442732418657,0.0250171676518784,"m"
3068,1,53.0451329464427,0.0250174162983704,"m"
3069,1,53.0459931277906,0.0250176651359984,"m"
3070,1,53.0468538341637,0.0250179141775435,"m"
3071,1,53.0477151138161,0.0250181634357863,"m"
3072,1,53.0485770150019,0.0250184129235076,"m"
3073,1,53.0494395859752,0.0250186626534885,"m"
3074,1,53.0503028749903,0.0250189126385095,"m"
3075,1,53.0511669264811,0.0250191628904143,"m"
3076,1,53.0520317441407,0.0250194134110493,"m"
3077,1,53.0528973070209,0.0250196641962143,"m"
3078,1,53.0537635938307,0.0250199152416254,"m"
3079,1,53.0546305832788,0.0250201665429983,"m"
3080,1,53.0554982540743,0.0250204180960489,"m"
3081,1,53.0563665849261,0.0250206698964929,"m"
3082,1,53.0572355545431,0.0250209219400464,"m"
3083,1,53.0581051416341,0.0250211742224251,"m"
3084,1,53.0589753249082,0.0250214267393448,"m"
3085,1,53.0598460830743,0.0250216794865214,"m"
3086,1,53.0607173948412,0.0250219324596709,"m"
3087,1,53.061589238918,0.0250221856545089,"m"
3088,1,53.0624615940135,0.0250224390667513,"m"
3089,1,53.0633344388366,0.0250226926921141,"m"
3090,1,53.0642077520963,0.025022946526313,"m"
3091,1,53.0650815125015,0.025023200565064,"m"
3092,1,53.0659556987611,0.0250234548040827,"m"
3093,1,53.066830289584,0.0250237092390852,"m"
3094,1,53.0677052636792,0.0250239638657872,"m"
3095,1,53.0685805997556,0.0250242186799046,"m"
3096,1,53.0694562765221,0.0250244736771532,"m"
3097,1,53.0703322726876,0.0250247288532489,"m"
3098,1,53.071208566961,0.0250249842039076,"m"
3099,1,53.0720851380514,0.025025239724845,"m"
3100,1,53.0729619646675,0.0250254954117771,"m"
3101,1,53.0738390255183,0.0250257512604196,"m"
3102,1,53.0747162993128,0.0250260072664884,"m"
3103,1,53.0755937647598,0.0250262634256995,"m"
3104,1,53.0764714005684,0.0250265197337685,"m"
3105,1,53.0773491854572,0.0250267761863728,"m"
3106,1,53.0782270985933,0.0250270327774397,"m"
3107,1,53.0791051197655,0.025027289498469,"m"
3108,1,53.0799832288084,0.0250275463407814,"m"
3109,1,53.0808614055566,0.0250278032956975,"m"
3110,1,53.0817396298448,0.0250280603545383,"m"
3111,1,53.0826178815076,0.0250283175086243,"m"
3112,1,53.0834961403796,0.0250285747492764,"m"
3113,1,53.0843743862954,0.0250288320678153,"m"
3114,1,53.0852525990896,0.0250290894555617,"m"
3115,1,53.086130758597,0.0250293469038365,"m"
3116,1,53.087008844652,0.0250296044039604,"m"
3117,1,53.0878868370894,0.0250298619472541,"m"
3118,1,53.0887647157437,0.0250301195250383,"m"
3119,1,53.0896424604496,0.0250303771286339,"m"
3120,1,53.0905200510416,0.0250306347493616,"m"
3121,1,53.0913974673545,0.0250308923785421,"m"
3122,1,53.0922746892228,0.0250311500074962,"m"
3123,1,53.0931516964812,0.0250314076275446,"m"
3124,1,53.0940284689643,0.0250316652300081,"m"
3125,1,53.0949049865066,0.0250319228062074,"m"
3126,1,53.095781228943,0.0250321803474634,"m"
3127,1,53.0966571761078,0.0250324378450966,"m"
3128,1,53.0975328078358,0.025032695290428,"m"
3129,1,53.0984081039617,0.0250329526747782,"m"
3130,1,53.0992830443199,0.0250332099894681,"m"
3131,1,53.1001576087452,0.0250334672258182,"m"
3132,1,53.1010317770722,0.0250337243751495,"m"
3133,1,53.1019055291355,0.0250339814287826,"m"
3134,1,53.1027788447697,0.0250342383780384,"m"
3135,1,53.1036517038117,0.0250344952142383,"m"
3136,1,53.1045240991365,0.0250347519336571,"m"
3137,1,53.1053960673066,0.0250350085491652,"m"
3138,1,53.1062676540247,0.0250352650771056,"m"
3139,1,53.1071389049931,0.025035521533821,"m"
3140,1,53.1080098659143,0.0250357779356541,"m"
3141,1,53.108880582491,0.0250360342989477,"m"
3142,1,53.1097511004255,0.0250362906400447,"m"
3143,1,53.1106214654205,0.0250365469752877,"m"
3144,1,53.1114917231784,0.0250368033210195,"m"
3145,1,53.1123619194017,0.0250370596935829,"m"
3146,1,53.113232099793,0.0250373161093208,"m"
3147,1,53.1141023100547,0.0250375725845757,"m"
3148,1,53.1149725958894,0.0250378291356906,"m"
3149,1,53.1158430029996,0.0250380857790082,"m"
3150,1,53.1167135770877,0.0250383425308712,"m"
3151,1,53.1175843638564,0.0250385994076225,"m"
3152,1,53.118455409008,0.0250388564256048,"m"
3153,1,53.1193267582452,0.0250391136011608,"m"
3154,1,53.1201984572704,0.0250393709506334,"m"
3155,1,53.1210705517862,0.0250396284903654,"m"
3156,1,53.121943087495,0.0250398862366994,"m"
3157,1,53.1228161100994,0.0250401442059783,"m"
3158,1,53.1236896653018,0.0250404024145448,"m"
3159,1,53.1245637988049,0.0250406608787417,"m"
3160,1,53.125438556311,0.0250409196149118,"m"
3161,1,53.1263139835227,0.0250411786393978,"m"
3162,1,53.1271901261426,0.0250414379685426,"m"
3163,1,53.1280670298731,0.0250416976186889,"m"
3164,1,53.1289447404167,0.0250419576061794,"m"
3165,1,53.129823303476,0.0250422179473569,"m"
3166,1,53.1307027641456,0.0250424786583397,"m"
3167,1,53.1315831405478,0.0250427397452787,"m"
3168,1,53.1324644136984,0.0250430012006132,"m"
3169,1,53.1333465619139,0.025043263015785,"m"
3170,1,53.1342295635107,0.0250435251822359,"m"
3171,1,53.1351133968055,0.0250437876914076,"m"
3172,1,53.1359980401147,0.0250440505347418,"m"
3173,1,53.1368834717547,0.0250443137036803,"m"
3174,1,53.1377696700421,0.0250445771896648,"m"
3175,1,53.1386566132934,0.0250448409841372,"m"
3176,1,53.139544279825,0.0250451050785392,"m"
3177,1,53.1404326479535,0.0250453694643125,"m"
3178,1,53.1413216959954,0.0250456341328989,"m"
3179,1,53.1422114022671,0.0250458990757402,"m"
3180,1,53.1431017450852,0.025046164284278,"m"
3181,1,53.1439927027661,0.0250464297499542,"m"
3182,1,53.1448842536263,0.0250466954642106,"m"
3183,1,53.1457763759824,0.0250469614184888,"m"
3184,1,53.1466690481508,0.0250472276042306,"m"
3185,1,53.147562248448,0.0250474940128779,"m"
3186,1,53.1484559551905,0.0250477606358722,"m"
3187,1,53.1493501466949,0.0250480274646555,"m"
3188,1,53.1502448012775,0.0250482944906695,"m"
3189,1,53.151139897255,0.0250485617053558,"m"
3190,1,53.1520354129437,0.0250488291001564,"m"
3191,1,53.1529313266603,0.0250490966665128,"m"
3192,1,53.1538276167211,0.025049364395867,"m"
3193,1,53.1547242614427,0.0250496322796606,"m"
3194,1,53.1556212391415,0.0250499003093354,"m"
3195,1,53.1565185281342,0.0250501684763332,"m"
3196,1,53.1574161067375,0.0250504367720959,"m"
3197,1,53.1583139550972,0.0250507051893145,"m"
3198,1,53.1592120594287,0.0250509737248244,"m"
3199,1,53.1601104072046,0.0250512423763198,"m"
3200,1,53.1610089858979,0.0250515111414947,"m"
3201,1,53.1619077829811,0.0250517800180433,"m"
3202,1,53.162806785927,0.0250520490036595,"m"
3203,1,53.1637059822084,0.0250523180960376,"m"
3204,1,53.1646053592979,0.0250525872928716,"m"
3205,1,53.1655049046684,0.0250528565918556,"m"
3206,1,53.1664046057926,0.0250531259906838,"m"
3207,1,53.1673044501432,0.0250533954870501,"m"
3208,1,53.1682044251929,0.0250536650786488,"m"
3209,1,53.1691045184146,0.0250539347631738,"m"
3210,1,53.1700047172808,0.0250542045383194,"m"
3211,1,53.1709050092644,0.0250544744017795,"m"
3212,1,53.1718053818382,0.0250547443512484,"m"
3213,1,53.1727058224747,0.02505501438442,"m"
3214,1,53.1736063186469,0.0250552844989885,"m"
3215,1,53.1745068578273,0.025055554692648,"m"
3216,1,53.1754074274889,0.0250558249630926,"m"
3217,1,53.1763080151042,0.0250560953080164,"m"
3218,1,53.1772086081461,0.0250563657251134,"m"
3219,1,53.1781091940872,0.0250566362120778,"m"
3220,1,53.1790097604003,0.0250569067666036,"m"
3221,1,53.1799102945582,0.0250571773863851,"m"
3222,1,53.1808107840336,0.0250574480691161,"m"
3223,1,53.1817112162993,0.025057718812491,"m"
3224,1,53.1826115788279,0.0250579896142036,"m"
3225,1,53.1835118590922,0.0250582604719483,"m"
3226,1,53.1844120445649,0.025058531383419,"m"
3227,1,53.1853121245376,0.0250588023466578,"m"
3228,1,53.1862121043045,0.0250590733627696,"m"
3229,1,53.1871119974733,0.0250593444344498,"m"
3230,1,53.1880118177229,0.0250596155644077,"m"
3231,1,53.188911578732,0.0250598867553524,"m"
3232,1,53.1898112941792,0.0250601580099933,"m"
3233,1,53.1907109777434,0.0250604293310395,"m"
3234,1,53.1916106431032,0.0250607007212002,"m"
3235,1,53.1925103039374,0.0250609721831846,"m"
3236,1,53.1934099739247,0.0250612437197019,"m"
3237,1,53.1943096667439,0.0250615153334614,"m"
3238,1,53.1952093960737,0.0250617870271722,"m"
3239,1,53.1961091755928,0.0250620588035435,"m"
3240,1,53.19700901898,0.0250623306652846,"m"
3241,1,53.197908939914,0.0250626026151046,"m"
3242,1,53.1988089520735,0.0250628746557128,"m"
3243,1,53.1997090691373,0.0250631467898184,"m"
3244,1,53.2006093047842,0.0250634190201305,"m"
3245,1,53.2015096726927,0.0250636913493585,"m"
3246,1,53.2024101865417,0.0250639637802114,"m"
3247,1,53.20331086001,0.0250642363153985,"m"
3248,1,53.2042117067761,0.025064508957629,"m"
3249,1,53.205112740519,0.0250647817096121,"m"
3250,1,53.2060139749173,0.025065054574057,"m"
3251,1,53.2069154236497,0.025065327553673,"m"
3252,1,53.207817100395,0.0250656006511692,"m"
3253,1,53.2087190188319,0.0250658738692548,"m"
3254,1,53.2096211926392,0.025066147210639,"m"
3255,1,53.2105236354955,0.0250664206780311,"m"
3256,1,53.2114263610797,0.0250666942741403,"m"
3257,1,53.2123293830748,0.0250669680016771,"m"
3258,1,53.2132327335941,0.0250672418696835,"m"
3259,1,53.2141365053277,0.0250675159080098,"m"
3260,1,53.2150408033923,0.0250677901507753,"m"
3261,1,53.2159457329048,0.0250680646320992,"m"
3262,1,53.2168513989819,0.0250683393861008,"m"
3263,1,53.2177579067406,0.0250686144468993,"m"
3264,1,53.2186653612977,0.025068889848614,"m"
3265,1,53.2195738677699,0.0250691656253641,"m"
3266,1,53.2204835312742,0.0250694418112689,"m"
3267,1,53.2213944569275,0.0250697184404476,"m"
3268,1,53.2223067498464,0.0250699955470195,"m"
3269,1,53.2232205151479,0.0250702731651038,"m"
3270,1,53.2241358579488,0.0250705513288198,"m"
3271,1,53.225052883366,0.0250708300722868,"m"
3272,1,53.2259716965162,0.0250711094296239,"m"
3273,1,53.2268924025163,0.0250713894349504,"m"
3274,1,53.2278151064832,0.0250716701223857,"m"
3275,1,53.2287399135337,0.0250719515260488,"m"
3276,1,53.2296669287847,0.0250722336800592,"m"
3277,1,53.2305962573529,0.0250725166185359,"m"
3278,1,53.2315280043551,0.0250728003755984,"m"
3279,1,53.2324622749084,0.0250730849853658,"m"
3280,1,53.2333991741294,0.0250733704819573,"m"
3281,1,53.2343388071351,0.0250736568994923,"m"
3282,1,53.2352812790422,0.02507394427209,"m"
3283,1,53.2362266949676,0.0250742326338696,"m"
3284,1,53.2371751600282,0.0250745220189505,"m"
3285,1,53.2381267793407,0.0250748124614517,"m"
3286,1,53.239081658022,0.0250751039954926,"m"
3287,1,53.240039901189,0.0250753966551925,"m"
3288,1,53.2410015958962,0.0250756904688602,"m"
3289,1,53.2419666719894,0.0250759854142332,"m"
3290,1,53.2429349783688,0.02507628144301,"m"
3291,1,53.2439063632655,0.0250765785066738,"m"
3292,1,53.2448806749105,0.0250768765567081,"m"
3293,1,53.2458577615349,0.0250771755445962,"m"
3294,1,53.24683747137,0.0250774754218212,"m"
3295,1,53.2478196526467,0.0250777761398667,"m"
3296,1,53.2488041535963,0.0250780776502158,"m"
3297,1,53.2497908224498,0.0250783799043518,"m"
3298,1,53.2507795074382,0.0250786828537582,"m"
3299,1,53.2517700567929,0.0250789864499181,"m"
3300,1,53.2527623187447,0.025079290644315,"m"
3301,1,53.2537561415249,0.025079595388432,"m"
3302,1,53.2547513733646,0.0250799006337527,"m"
3303,1,53.2557478624948,0.0250802063317601,"m"
3304,1,53.2567454571467,0.0250805124339377,"m"
3305,1,53.2577440055515,0.0250808188917688,"m"
3306,1,53.2587433559401,0.0250811256567367,"m"
3307,1,53.2597433565437,0.0250814326803246,"m"
3308,1,53.2607438555935,0.025081739914016,"m"
3309,1,53.2617447013205,0.025082047309294,"m"
3310,1,53.2627457419558,0.0250823548176421,"m"
3311,1,53.2637468257306,0.0250826623905436,"m"
3312,1,53.264747800876,0.0250829699794816,"m"
3313,1,53.265748515623,0.0250832775359397,"m"
3314,1,53.2667488182028,0.025083585011401,"m"
3315,1,53.2677485568465,0.0250838923573489,"m"
3316,1,53.2687475797852,0.0250841995252667,"m"
3317,1,53.26974573525,0.0250845064666377,"m"
3318,1,53.2707428746748,0.0250848131339876,"m"
3319,1,53.2717389520737,0.0250851195132283,"m"
3320,1,53.2727340432612,0.0250854256299137,"m"
3321,1,53.2737282311341,0.0250857315119023,"m"
3322,1,53.2747215985892,0.0250860371870529,"m"
3323,1,53.275714228523,0.0250863426832243,"m"
3324,1,53.2767062038325,0.0250866480282751,"m"
3325,1,53.2776976074143,0.025086953250064,"m"
3326,1,53.2786885221652,0.0250872583764499,"m"
3327,1,53.2796790309819,0.0250875634352913,"m"
3328,1,53.2806692167611,0.025087868454447,"m"
3329,1,53.2816591623997,0.0250881734617758,"m"
3330,1,53.2826489507943,0.0250884784851364,"m"
3331,1,53.2836386648417,0.0250887835523874,"m"
3332,1,53.2846283874386,0.0250890886913876,"m"
3333,1,53.2856182014818,0.0250893939299957,"m"
3334,1,53.286608189868,0.0250896992960704,"m"
3335,1,53.2875984354939,0.0250900048174705,"m"
3336,1,53.2885890212564,0.0250903105220547,"m"
3337,1,53.2895800300521,0.0250906164376816,"m"
3338,1,53.2905715447777,0.02509092259221,"m"
3339,1,53.2915636483301,0.0250912290134987,"m"
3340,1,53.292556423606,0.0250915357294062,"m"
3341,1,53.293549953502,0.0250918427677915,"m"
3342,1,53.294544320915,0.0250921501565131,"m"
3343,1,53.2955396087417,0.0250924579234298,"m"
3344,1,53.2965358998788,0.0250927660964003,"m"
3345,1,53.2975332772231,0.0250930747032834,"m"
3346,1,53.2985318236713,0.0250933837719376,"m"
3347,1,53.2995316221202,0.0250936933302219,"m"
3348,1,53.3005327554664,0.0250940034059948,"m"
3349,1,53.3015352982052,0.0250943140242692,"m"
3350,1,53.3025392524942,0.0250946251855538,"m"
3351,1,53.3035445835762,0.0250949368778528,"m"
3352,1,53.3045512563984,0.0250952490890702,"m"
3353,1,53.3055592359084,0.0250955618071103,"m"
3354,1,53.3065684870535,0.0250958750198769,"m"
3355,1,53.3075789747812,0.0250961887152743,"m"
3356,1,53.3085906640388,0.0250965028812065,"m"
3357,1,53.3096035197737,0.0250968175055777,"m"
3358,1,53.3106175069333,0.0250971325762918,"m"
3359,1,53.3116325904651,0.025097448081253,"m"
3360,1,53.3126487353164,0.0250977640083654,"m"
3361,1,53.3136659064346,0.0250980803455331,"m"
3362,1,53.3146840687671,0.0250983970806601,"m"
3363,1,53.3157031872614,0.0250987142016505,"m"
3364,1,53.3167232268647,0.0250990316964085,"m"
3365,1,53.3177441525246,0.0250993495528381,"m"
3366,1,53.3187659291884,0.0250996677588433,"m"
3367,1,53.3197885218035,0.0250999863023284,"m"
3368,1,53.3208118953173,0.0251003051711974,"m"
3369,1,53.3218360146772,0.0251006243533543,"m"
3370,1,53.3228608448306,0.0251009438367033,"m"
3371,1,53.3238863507249,0.0251012636091484,"m"
3372,1,53.3249124973076,0.0251015836585937,"m"
3373,1,53.3259392495259,0.0251019039729434,"m"
3374,1,53.3269665723273,0.0251022245401014,"m"
3375,1,53.3279944306593,0.025102545347972,"m"
3376,1,53.3290227894691,0.0251028663844591,"m"
3377,1,53.3300516137042,0.0251031876374669,"m"
3378,1,53.331080868312,0.0251035090948995,"m"
3379,1,53.3321105183746,0.0251038307447195,"m"
3380,1,53.3331405332121,0.0251041525767336,"m"
3381,1,53.3341708871344,0.0251044745829196,"m"
3382,1,53.3352015547374,0.0251047967553795,"m"
3383,1,53.336232510617,0.0251051190862157,"m"
3384,1,53.3372637293694,0.0251054415675304,"m"
3385,1,53.3382951855904,0.0251057641914256,"m"
3386,1,53.339326853876,0.0251060869500037,"m"
3387,1,53.3403587088223,0.0251064098353669,"m"
3388,1,53.3413907250252,0.0251067328396173,"m"
3389,1,53.3424228770806,0.0251070559548572,"m"
3390,1,53.3434551395846,0.0251073791731887,"m"
3391,1,53.3444874871332,0.0251077024867141,"m"
3392,1,53.3455198943223,0.0251080258875356,"m"
3393,1,53.346552335748,0.0251083493677553,"m"
3394,1,53.3475847860061,0.0251086729194756,"m"
3395,1,53.3486172196927,0.0251089965347985,"m"
3396,1,53.3496496114038,0.0251093202058264,"m"
3397,1,53.3506819357353,0.0251096439246613,"m"
3398,1,53.3517141672832,0.0251099676834056,"m"
3399,1,53.3527462806436,0.0251102914741613,"m"
3400,1,53.3537782504123,0.0251106152890308,"m"
3401,1,53.3548100511854,0.0251109391201162,"m"
3402,1,53.3558416575589,0.0251112629595198,"m"
3403,1,53.3568730441287,0.0251115867993437,"m"
3404,1,53.3579041854908,0.0251119106316901,"m"
3405,1,53.3589350562413,0.0251122344486613,"m"
3406,1,53.359965630976,0.0251125582423594,"m"
3407,1,53.360995884291,0.0251128820048867,"m"
3408,1,53.3620257907822,0.0251132057283454,"m"
3409,1,53.3630553250691,0.0251135294048453,"m"
3410,1,53.364084480021,0.0251138530324901,"m"
3411,1,53.3651132994047,0.0251141766260992,"m"
3412,1,53.3661418357901,0.0251145002033832,"m"
3413,1,53.3671701417474,0.0251148237820528,"m"
3414,1,53.3681982698467,0.0251151473798187,"m"
3415,1,53.3692262726582,0.0251154710143916,"m"
3416,1,53.3702542027519,0.0251157947034822,"m"
3417,1,53.3712821126979,0.025116118464801,"m"
3418,1,53.3723100550664,0.0251164423160588,"m"
3419,1,53.3733380824275,0.0251167662749662,"m"
3420,1,53.3743662473513,0.0251170903592339,"m"
3421,1,53.3753946024079,0.0251174145865727,"m"
3422,1,53.3764232001674,0.025117738974693,"m"
3423,1,53.3774520931999,0.0251180635413058,"m"
3424,1,53.3784813340755,0.0251183883041215,"m"
3425,1,53.3795109753644,0.0251187132808508,"m"
3426,1,53.3805410696367,0.0251190384892045,"m"
3427,1,53.3815716694624,0.0251193639468932,"m"
3428,1,53.3826028274118,0.0251196896716276,"m"
3429,1,53.3836345960548,0.0251200156811183,"m"
3430,1,53.3846670279616,0.0251203419930761,"m"
3431,1,53.3857001757024,0.0251206686252115,"m"
3432,1,53.3867340918472,0.0251209955952353,"m"
3433,1,53.3877688289662,0.0251213229208581,"m"
3434,1,53.3888044396294,0.0251216506197906,"m"
3435,1,53.389840976407,0.0251219787097435,"m"
3436,1,53.3908784918691,0.0251223072084274,"m"
3437,1,53.3919170385858,0.0251226361335531,"m"
3438,1,53.3929566691272,0.0251229655028311,"m"
3439,1,53.3939974360634,0.0251232953339722,"m"
3440,1,53.3950393908159,0.0251236256442824,"m"
3441,1,53.3960825492799,0.0251239564385559,"m"
3442,1,53.3971268858797,0.0251242877069809,"m"
3443,1,53.3981723726928,0.0251246194389192,"m"
3444,1,53.3992189817971,0.0251249516237327,"m"
3445,1,53.4002666852702,0.0251252842507832,"m"
3446,1,53.4013154551897,0.0251256173094325,"m"
3447,1,53.4023652636334,0.0251259507890426,"m"
3448,1,53.403416082679,0.0251262846789753,"m"
3449,1,53.4044678844042,0.0251266189685923,"m"
3450,1,53.4055206408867,0.0251269536472556,"m"
3451,1,53.4065743242041,0.025127288704327,"m"
3452,1,53.4076289064342,0.0251276241291684,"m"
3453,1,53.4086843596546,0.0251279599111415,"m"
3454,1,53.409740655943,0.0251282960396082,"m"
3455,1,53.4107977673773,0.0251286325039304,"m"
3456,1,53.4118556660349,0.0251289692934699,"m"
3457,1,53.4129143239937,0.0251293063975886,"m"
3458,1,53.4139737133313,0.0251296438056483,"m"
3459,1,53.4150338061254,0.0251299815070108,"m"
3460,1,53.4160945744538,0.025130319491038,"m"
3461,1,53.417155990394,0.0251306577470917,"m"
3462,1,53.4182180260239,0.0251309962645338,"m"
3463,1,53.419280653421,0.0251313350327262,"m"
3464,1,53.4203438446632,0.0251316740410306,"m"
3465,1,53.421407571828,0.0251320132788089,"m"
3466,1,53.4224718069932,0.025132352735423,"m"
3467,1,53.4235365222365,0.0251326924002347,"m"
3468,1,53.4246016896356,0.0251330322626058,"m"
3469,1,53.4256672812682,0.0251333723118983,"m"
3470,1,53.4267332692117,0.025133712537475,"m"
3471,1,53.4277996254538,0.0251340529295398,"m"
3472,1,53.4288663217327,0.0251343934806192,"m"
3473,1,53.4299333297442,0.0251347341836375,"m"
3474,1,53.4310006211842,0.0251350750315192,"m"
3475,1,53.4320681677483,0.0251354160171885,"m"
3476,1,53.4331359411322,0.0251357571335697,"m"
3477,1,53.4342039130319,0.0251360983735873,"m"
3478,1,53.435272055143,0.0251364397301655,"m"
3479,1,53.4363403391612,0.0251367811962287,"m"
3480,1,53.4374087367824,0.0251371227647012,"m"
3481,1,53.4384772197023,0.0251374644285073,"m"
3482,1,53.4395457596166,0.0251378061805714,"m"
3483,1,53.4406143282212,0.0251381480138179,"m"
3484,1,53.4416828972117,0.025138489921171,"m"
3485,1,53.4427514382839,0.025138831895555,"m"
3486,1,53.4438199231337,0.0251391739298945,"m"
3487,1,53.4448883234567,0.0251395160171135,"m"
3488,1,53.4459566109486,0.0251398581501366,"m"
3489,1,53.4470247573054,0.025140200321888,"m"
3490,1,53.4480927342226,0.0251405425252921,"m"
3491,1,53.4491605133962,0.0251408847532732,"m"
3492,1,53.4502280665217,0.0251412269987556,"m"
3493,1,53.4512953652951,0.0251415692546637,"m"
3494,1,53.452362381412,0.0251419115139218,"m"
3495,1,53.4534290865682,0.0251422537694543,"m"
3496,1,53.4544954524595,0.0251425960141854,"m"
3497,1,53.4555614507816,0.0251429382410396,"m"
3498,1,53.4566270532303,0.0251432804429411,"m"
3499,1,53.4576922315013,0.0251436226128143,"m"
3500,1,53.4587569572904,0.0251439647435835,"m"
3501,1,53.4598212096019,0.0251443068302001,"m"
3502,1,53.4608850198782,0.0251446488821589,"m"
3503,1,53.4619484424621,0.025144990915306,"m"
3504,1,53.463011531792,0.0251453329455142,"m"
3505,1,53.4640743423063,0.0251456749886561,"m"
3506,1,53.4651369284436,0.0251460170606044,"m"
3507,1,53.4661993446422,0.0251463591772318,"m"
3508,1,53.4672616453405,0.0251467013544111,"m"
3509,1,53.4683238849771,0.0251470436080149,"m"
3510,1,53.4693861179904,0.0251473859539158,"m"
3511,1,53.4704483988188,0.0251477284079867,"m"
3512,1,53.4715107819007,0.0251480709861001,"m"
3513,1,53.4725733216747,0.0251484137041288,"m"
3514,1,53.473636072579,0.0251487565779455,"m"
3515,1,53.4746990890523,0.0251490996234229,"m"
3516,1,53.4757624255328,0.0251494428564336,"m"
3517,1,53.4768261364591,0.0251497862928503,"m"
3518,1,53.4778902762697,0.0251501299485458,"m"
3519,1,53.4789548994028,0.0251504738393928,"m"
3520,1,53.4800200602971,0.0251508179812638,"m"
3521,1,53.4810858133909,0.0251511623900317,"m"
3522,1,53.4821522131226,0.0251515070815691,"m"
3523,1,53.4832193139308,0.0251518520717487,"m"
3524,1,53.4842871702539,0.0251521973764432,"m"
3525,1,53.4853558365302,0.0251525430115253,"m"
3526,1,53.4864253671983,0.0251528889928677,"m"
3527,1,53.4874958166965,0.025153235336343,"m"
3528,1,53.4885672394634,0.025153582057824,"m"
3529,1,53.4896396899373,0.0251539291731834,"m"
3530,1,53.4907132225568,0.0251542766982938,"m"
3531,1,53.4917878917307,0.0251546246490198,"m"
3532,1,53.4928637319108,0.0251549730356433,"m"
3533,1,53.493940722928,0.025155321853168,"m"
3534,1,53.4950188353531,0.0251556710940074,"m"
3535,1,53.4960980397569,0.0251560207505749,"m"
3536,1,53.4971783067101,0.0251563708152839,"m"
3537,1,53.4982596067835,0.0251567212805479,"m"
3538,1,53.4993419105479,0.0251570721387803,"m"
3539,1,53.5004251885739,0.0251574233823945,"m"
3540,1,53.5015094114325,0.025157775003804,"m"
3541,1,53.5025945496944,0.0251581269954221,"m"
3542,1,53.5036805739302,0.0251584793496625,"m"
3543,1,53.5047674547108,0.0251588320589384,"m"
3544,1,53.505855162607,0.0251591851156633,"m"
3545,1,53.5069436681896,0.0251595385122506,"m"
3546,1,53.5080329420292,0.0251598922411138,"m"
3547,1,53.5091229546966,0.0251602462946664,"m"
3548,1,53.5102136767627,0.0251606006653217,"m"
3549,1,53.5113050787982,0.0251609553454931,"m"
3550,1,53.5123971313738,0.0251613103275942,"m"
3551,1,53.5134898050603,0.0251616656040384,"m"
3552,1,53.5145830704285,0.025162021167239,"m"
3553,1,53.5156768980492,0.0251623770096095,"m"
3554,1,53.5167712584931,0.0251627331235634,"m"
3555,1,53.517866122331,0.0251630895015141,"m"
3556,1,53.5189614601336,0.025163446135875,"m"
3557,1,53.5200572424717,0.0251638030190596,"m"
3558,1,53.5211534399161,0.0251641601434812,"m"
3559,1,53.5222500230375,0.0251645175015534,"m"
3560,1,53.5233469624068,0.0251648750856896,"m"
3561,1,53.5244442285947,0.0251652328883031,"m"
3562,1,53.5255417923982,0.0251655909015667,"m"
3563,1,53.5266396262218,0.0251659491159425,"m"
3564,1,53.5277377031654,0.0251663075211527,"m"
3565,1,53.5288359963316,0.0251666661069167,"m"
3566,1,53.5299344788232,0.0251670248629535,"m"
3567,1,53.5310331237427,0.0251673837789825,"m"
3568,1,53.532131904193,0.0251677428447229,"m"
3569,1,53.5332307932767,0.0251681020498939,"m"
3570,1,53.5343297640964,0.0251684613842147,"m"
3571,1,53.5354287897549,0.0251688208374046,"m"
3572,1,53.5365278433547,0.0251691803991827,"m"
3573,1,53.5376268979987,0.0251695400592684,"m"
3574,1,53.5387259267895,0.0251698998073809,"m"
3575,1,53.5398249028297,0.0251702596332393,"m"
3576,1,53.5409237992221,0.025170619526563,"m"
3577,1,53.5420225890693,0.0251709794770711,"m"
3578,1,53.543121245474,0.0251713394744828,"m"
3579,1,53.544219741539,0.0251716995085175,"m"
3580,1,53.5453180503667,0.0251720595688943,"m"
3581,1,53.5464161450601,0.0251724196453325,"m"
3582,1,53.5475139987217,0.0251727797275512,"m"
3583,1,53.5486115844541,0.0251731398052698,"m"
3584,1,53.5497088753602,0.0251734998682075,"m"
3585,1,53.5508058445426,0.0251738599060834,"m"
3586,1,53.5519024651039,0.0251742199086168,"m"
3587,1,53.5529987101469,0.025174579865527,"m"
3588,1,53.5540945527742,0.0251749397665331,"m"
3589,1,53.5551899660884,0.0251752996013544,"m"
3590,1,53.5562849231924,0.0251756593597102,"m"
3591,1,53.5573793971888,0.0251760190313197,"m"
3592,1,53.5584733628014,0.025176378606477,"m"
3593,1,53.5595668326188,0.0251767380889056,"m"
3594,1,53.5606598574164,0.0251770974958724,"m"
3595,1,53.5617524896552,0.0251774568452422,"m"
3596,1,53.5628447817964,0.0251778161548797,"m"
3597,1,53.563936786301,0.0251781754426498,"m"
3598,1,53.5650285556302,0.0251785347264171,"m"
3599,1,53.5661201422451,0.0251788940240465,"m"
3600,1,53.5672115986068,0.0251792533534027,"m"
3601,1,53.5683029771764,0.0251796127323506,"m"
3602,1,53.5693943304149,0.0251799721787548,"m"
3603,1,53.5704857107836,0.0251803317104802,"m"
3604,1,53.5715771707436,0.0251806913453915,"m"
3605,1,53.5726687627558,0.0251810511013535,"m"
3606,1,53.5737605392815,0.025181410996231,"m"
3607,1,53.5748525527818,0.0251817710478887,"m"
3608,1,53.5759448557177,0.0251821312741915,"m"
3609,1,53.5770375005504,0.0251824916930041,"m"
3610,1,53.578130539741,0.0251828523221912,"m"
3611,1,53.5792240257505,0.0251832131796177,"m"
3612,1,53.5803180110402,0.0251835742831483,"m"
3613,1,53.5814125480711,0.0251839356506479,"m"
3614,1,53.5825076893043,0.025184297299981,"m"
3615,1,53.5836034872009,0.0251846592490127,"m"
3616,1,53.5846999942221,0.0251850215156075,"m"
3617,1,53.5857972628289,0.0251853841176303,"m"
3618,1,53.5868953454824,0.0251857470729459,"m"
3619,1,53.5879942946438,0.0251861103994191,"m"
3620,1,53.5890941627742,0.0251864741149145,"m"
3621,1,53.5901950023347,0.025186838237297,"m"
3622,1,53.5912968657863,0.0251872027844314,"m"
3623,1,53.5923997987991,0.025187567771874,"m"
3624,1,53.593503799314,0.0251879331989575,"m"
3625,1,53.5946088448069,0.0251882990580581,"m"
3626,1,53.5957149126757,0.0251886653415255,"m"
3627,1,53.5968219803178,0.0251890320417094,"m"
3628,1,53.5979300251311,0.0251893991509595,"m"
3629,1,53.5990390245132,0.0251897666616254,"m"
3630,1,53.6001489558617,0.0251901345660569,"m"
3631,1,53.6012597965743,0.0251905028566036,"m"
3632,1,53.6023715240487,0.0251908715256151,"m"
3633,1,53.6034841156826,0.0251912405654412,"m"
3634,1,53.6045975488737,0.0251916099684316,"m"
3635,1,53.6057118010196,0.0251919797269358,"m"
3636,1,53.606826849518,0.0251923498333037,"m"
3637,1,53.6079426717666,0.0251927202798848,"m"
3638,1,53.609059245163,0.0251930910590288,"m"
3639,1,53.6101765471049,0.0251934621630855,"m"
3640,1,53.61129455499,0.0251938335844044,"m"
3641,1,53.612413246216,0.0251942053153353,"m"
3642,1,53.6135325981805,0.0251945773482279,"m"
3643,1,53.6146525882813,0.0251949496754318,"m"
3644,1,53.6157731939159,0.0251953222892967,"m"
3645,1,53.6168943924821,0.0251956951821723,"m"
3646,1,53.6180161613776,0.0251960683464082,"m"
3647,1,53.6191384779999,0.0251964417743542,"m"
3648,1,53.6202613197469,0.0251968154583599,"m"
3649,1,53.6213846640161,0.0251971893907749,"m"
3650,1,53.6225084882052,0.025197563563949,"m"
3651,1,53.623632769712,0.0251979379702319,"m"
3652,1,53.624757485934,0.0251983126019732,"m"
3653,1,53.6258826140071,0.0251986874514478,"m"
3654,1,53.6270081250447,0.0251990625092116,"m"
3655,1,53.6281339841375,0.0251994377641013,"m"
3656,1,53.6292601561144,0.0251998132048787,"m"
3657,1,53.6303866058045,0.025200188820306,"m"
3658,1,53.6315132980367,0.0252005645991451,"m"
3659,1,53.63264019764,0.0252009405301578,"m"
3660,1,53.6337672694432,0.0252013166021062,"m"
3661,1,53.6348944782754,0.0252016928037523,"m"
3662,1,53.6360217889655,0.0252020691238579,"m"
3663,1,53.6371491663425,0.0252024455511851,"m"
3664,1,53.6382765752353,0.0252028220744958,"m"
3665,1,53.6394039804729,0.025203198682552,"m"
3666,1,53.6405313468842,0.0252035753641156,"m"
3667,1,53.6416586392982,0.0252039521079487,"m"
3668,1,53.6427858225439,0.025204328902813,"m"
3669,1,53.6439128614502,0.0252047057374707,"m"
3670,1,53.645039720846,0.0252050826006837,"m"
3671,1,53.6461663655603,0.0252054594812139,"m"
3672,1,53.6472927604222,0.0252058363678233,"m"
3673,1,53.6484188702604,0.0252062132492738,"m"
3674,1,53.649544659904,0.0252065901143275,"m"
3675,1,53.6506700941819,0.0252069669517462,"m"
3676,1,53.6517951379232,0.025207343750292,"m"
3677,1,53.6529197559567,0.0252077204987268,"m"
3678,1,53.6540439131114,0.0252080971858126,"m"
3679,1,53.6551675742162,0.0252084738003112,"m"
3680,1,53.6562907041002,0.0252088503309848,"m"
3681,1,53.6574132675922,0.0252092267665951,"m"
3682,1,53.6585352295212,0.0252096030959043,"m"
3683,1,53.6596565548127,0.0252099793077051,"m"
3684,1,53.660777233623,0.0252103553988543,"m"
3685,1,53.6618973149516,0.025210731385016,"m"
3686,1,53.6630168561709,0.0252111072845301,"m"
3687,1,53.6641359146533,0.0252114831157364,"m"
3688,1,53.665254547771,0.0252118588969751,"m"
3689,1,53.6663728128964,0.0252122346465859,"m"
3690,1,53.6674907674018,0.025212610382909,"m"
3691,1,53.6686084686596,0.0252129861242841,"m"
3692,1,53.669725974042,0.0252133618890514,"m"
3693,1,53.6708433409214,0.0252137376955506,"m"
3694,1,53.6719606266701,0.0252141135621219,"m"
3695,1,53.6730778886605,0.0252144895071051,"m"
3696,1,53.6741951842648,0.0252148655488401,"m"
3697,1,53.6753125708555,0.0252152417056671,"m"
3698,1,53.6764301058048,0.0252156179959258,"m"
3699,1,53.677547846485,0.0252159944379562,"m"
3700,1,53.6786658502685,0.0252163710500983,"m"
3701,1,53.6797841745276,0.0252167478506921,"m"
3702,1,53.6809028766347,0.0252171248580775,"m"
3703,1,53.682022013962,0.0252175020905944,"m"
3704,1,53.6831416438819,0.0252178795665828,"m"
3705,1,53.6842618237668,0.0252182573043827,"m"
3706,1,53.6853826109888,0.0252186353223339,"m"
3707,1,53.6865040629205,0.0252190136387766,"m"
3708,1,53.687626236934,0.0252193922720505,"m"
3709,1,53.6887491904018,0.0252197712404957,"m"
3710,1,53.6898729806961,0.0252201505624521,"m"
3711,1,53.6909976651893,0.0252205302562596,"m"
3712,1,53.6921233012537,0.0252209103402583,"m"
3713,1,53.6932499462616,0.025221290832788,"m"
3714,1,53.6943776557248,0.0252216717516247,"m"
3715,1,53.6955064430061,0.0252220531017676,"m"
3716,1,53.6966362796756,0.0252224348755467,"m"
3717,1,53.6977671355141,0.0252228170647498,"m"
3718,1,53.698898980302,0.0252231996611647,"m"
3719,1,53.7000317838199,0.0252235826565791,"m"
3720,1,53.7011655158485,0.0252239660427808,"m"
3721,1,53.7023001461684,0.0252243498115573,"m"
3722,1,53.7034356445602,0.0252247339546966,"m"
3723,1,53.7045719808044,0.0252251184639863,"m"
3724,1,53.7057091246817,0.0252255033312141,"m"
3725,1,53.7068470459727,0.0252258885481679,"m"
3726,1,53.707985714458,0.0252262741066352,"m"
3727,1,53.7091250999182,0.0252266599984039,"m"
3728,1,53.7102651721338,0.0252270462152617,"m"
3729,1,53.7114059008856,0.0252274327489963,"m"
3730,1,53.712547255954,0.0252278195913955,"m"
3731,1,53.7136892071198,0.0252282067342469,"m"
3732,1,53.7148317241634,0.0252285941693383,"m"
3733,1,53.7159747768656,0.0252289818884575,"m"
3734,1,53.7171183350068,0.0252293698833922,"m"
3735,1,53.7182623683678,0.0252297581459301,"m"
3736,1,53.7194068467291,0.0252301466678589,"m"
3737,1,53.7205517398713,0.0252305354409664,"m"
3738,1,53.721697017575,0.0252309244570403,"m"
3739,1,53.7228426496209,0.0252313137078683,"m"
3740,1,53.7239886057895,0.0252317031852382,"m"
3741,1,53.7251348558614,0.0252320928809378,"m"
3742,1,53.7262813696172,0.0252324827867546,"m"
3743,1,53.7274281168376,0.0252328728944765,"m"
3744,1,53.7285750673045,0.0252332631958861,"m"
3745,1,53.7297221911414,0.0252336536814715,"m"
3746,1,53.7308694592614,0.0252340443387298,"m"
3747,1,53.7320168426883,0.0252344351547368,"m"
3748,1,53.7331643124464,0.0252348261165684,"m"
3749,1,53.7343118395597,0.0252352172113005,"m"
3750,1,53.7354593950522,0.0252356084260089,"m"
3751,1,53.7366069499481,0.0252359997477695,"m"
3752,1,53.7377544752714,0.025236391163658,"m"
3753,1,53.7389019420462,0.0252367826607504,"m"
3754,1,53.7400493212966,0.0252371742261225,"m"
3755,1,53.7411965840467,0.0252375658468501,"m"
3756,1,53.7423437013205,0.0252379575100091,"m"
3757,1,53.743490644142,0.0252383492026754,"m"
3758,1,53.7446373835355,0.0252387409119248,"m"
3759,1,53.7457838905249,0.0252391326248331,"m"
3760,1,53.7469301361344,0.0252395243284762,"m"
3761,1,53.7480760913879,0.0252399160099299,"m"
3762,1,53.7492217273097,0.0252403076562701,"m"
3763,1,53.7503670149237,0.0252406992545726,"m"
3764,1,53.751511925254,0.0252410907919134,"m"
3765,1,53.7526564293248,0.0252414822553682,"m"
3766,1,53.75380049816,0.0252418736320128,"m"
3767,1,53.7549441027838,0.0252422649089232,"m"
3768,1,53.7560872142202,0.0252426560731752,"m"
3769,1,53.7572298034934,0.0252430471118445,"m"
3770,1,53.7583718416273,0.0252434380120072,"m"
3771,1,53.7595132996461,0.025243828760739,"m"
3772,1,53.7606541485739,0.0252442193451158,"m"
3773,1,53.7617943594346,0.0252446097522134,"m"
3774,1,53.7629339032525,0.0252449999691077,"m"
3775,1,53.7640727604505,0.0252453899867787,"m"
3776,1,53.7652109668911,0.0252457798192353,"m"
3777,1,53.7663485786932,0.0252461694889006,"m"
3778,1,53.7674856520056,0.0252465590182101,"m"
3779,1,53.768622242977,0.0252469484295994,"m"
3780,1,53.7697584077563,0.0252473377455039,"m"
3781,1,53.7708942024922,0.0252477269883593,"m"
3782,1,53.7720296833334,0.025248116180601,"m"
3783,1,53.7731649064288,0.0252485053446645,"m"
3784,1,53.7742999279272,0.0252488945029854,"m"
3785,1,53.7754348039773,0.0252492836779992,"m"
3786,1,53.7765695907279,0.0252496728921414,"m"
3787,1,53.7777043443277,0.0252500621678475,"m"
3788,1,53.7788391209257,0.0252504515275532,"m"
3789,1,53.7799739766705,0.0252508409936938,"m"
3790,1,53.7811089677109,0.025251230588705,"m"
3791,1,53.7822441501957,0.0252516203350223,"m"
3792,1,53.7833795802737,0.0252520102550811,"m"
3793,1,53.7845153140937,0.025252400371317,"m"
3794,1,53.7856514078044,0.0252527907061655,"m"
3795,1,53.7867879175546,0.0252531812820622,"m"
3796,1,53.7879248994932,0.0252535721214426,"m"
3797,1,53.7890624097688,0.0252539632467422,"m"
3798,1,53.7902005045303,0.0252543546803966,"m"
3799,1,53.7913392399264,0.0252547464448411,"m"
3800,1,53.792478672106,0.0252551385625115,"m"
3801,1,53.7936188572177,0.0252555310558432,"m"
3802,1,53.7947598514105,0.0252559239472717,"m"
3803,1,53.795901710833,0.0252563172592326,"m"
3804,1,53.7970444916341,0.0252567110141614,"m"
3805,1,53.7981882498643,0.0252571052344532,"m"
3806,1,53.7993330180831,0.0252574999328511,"m"
3807,1,53.8004787750587,0.0252578950999961,"m"
3808,1,53.8016254920621,0.0252582907234486,"m"
3809,1,53.8027731403644,0.025258686790769,"m"
3810,1,53.8039216912368,0.025259083289518,"m"
3811,1,53.8050711159501,0.025259480207256,"m"
3812,1,53.8062213857757,0.0252598775315434,"m"
3813,1,53.8073724719844,0.0252602752499408,"m"
3814,1,53.8085243458475,0.0252606733500088,"m"
3815,1,53.8096769786359,0.0252610718193076,"m"
3816,1,53.8108303416208,0.025261470645398,"m"
3817,1,53.8119844060732,0.0252618698158403,"m"
3818,1,53.8131391432642,0.025262269318195,"m"
3819,1,53.8142945244649,0.0252626691400227,"m"
3820,1,53.8154505209463,0.0252630692688838,"m"
3821,1,53.8166071039796,0.0252634696923388,"m"
3822,1,53.8177642448358,0.0252638703979483,"m"
3823,1,53.818921914786,0.0252642713732727,"m"
3824,1,53.8200800851012,0.0252646726058725,"m"
3825,1,53.8212387270526,0.0252650740833082,"m"
3826,1,53.8223978119112,0.0252654757931402,"m"
3827,1,53.8235573109481,0.0252658777229292,"m"
3828,1,53.8247171954344,0.0252662798602356,"m"
3829,1,53.8258774366411,0.0252666821926198,"m"
3830,1,53.8270380058394,0.0252670847076424,"m"
3831,1,53.8281988743002,0.0252674873928639,"m"
3832,1,53.8293600132947,0.0252678902358447,"m"
3833,1,53.830521394094,0.0252682932241454,"m"
3834,1,53.8316829879692,0.0252686963453265,"m"
3835,1,53.8328447661912,0.0252690995869483,"m"
3836,1,53.8340066995571,0.0252695029368642,"m"
3837,1,53.8351687560948,0.0252699063846361,"m"
3838,1,53.8363309028304,0.0252703099204448,"m"
3839,1,53.8374931067881,0.0252707135344717,"m"
3840,1,53.8386553349926,0.0252711172168985,"m"
3841,1,53.8398175544682,0.0252715209579067,"m"
3842,1,53.8409797322394,0.0252719247476777,"m"
3843,1,53.8421418353308,0.0252723285763931,"m"
3844,1,53.8433038307667,0.0252727324342344,"m"
3845,1,53.8444656855717,0.0252731363113832,"m"
3846,1,53.8456273667702,0.025273540198021,"m"
3847,1,53.8467888413867,0.0252739440843293,"m"
3848,1,53.8479500764457,0.0252743479604896,"m"
3849,1,53.8491110389715,0.0252747518166835,"m"
3850,1,53.8502716959888,0.0252751556430926,"m"
3851,1,53.851432014522,0.0252755594298982,"m"
3852,1,53.8525919615955,0.025275963167282,"m"
3853,1,53.8537515042338,0.0252763668454255,"m"
3854,1,53.8549106094614,0.0252767704545102,"m"
3855,1,53.8560692443028,0.0252771739847176,"m"
3856,1,53.8572273757824,0.0252775774262293,"m"
3857,1,53.8583849709246,0.0252779807692268,"m"
3858,1,53.8595419967541,0.0252783840038916,"m"
3859,1,53.8606984202952,0.0252787871204053,"m"
3860,1,53.8618542085724,0.0252791901089494,"m"
3861,1,53.8630093286101,0.0252795929597054,"m"
3862,1,53.8641637474329,0.0252799956628548,"m"
3863,1,53.8653174320653,0.0252803982085792,"m"
3864,1,53.8664703495316,0.0252808005870601,"m"
3865,1,53.8676224668564,0.025281202788479,"m"
3866,1,53.868773753811,0.0252816048038816,"m"
3867,1,53.8699242287128,0.0252820066395863,"m"
3868,1,53.8710739514667,0.0252824083149948,"m"
3869,1,53.8722229833221,0.0252828098499318,"m"
3870,1,53.8733713855283,0.025283211264222,"m"
3871,1,53.8745192193348,0.0252836125776903,"m"
3872,1,53.8756665459909,0.0252840138101613,"m"
3873,1,53.876813426746,0.0252844149814598,"m"
3874,1,53.8779599228495,0.0252848161114104,"m"
3875,1,53.8791060955508,0.0252852172198381,"m"
3876,1,53.8802520060992,0.0252856183265674,"m"
3877,1,53.8813977157443,0.0252860194514232,"m"
3878,1,53.8825432857353,0.0252864206142301,"m"
3879,1,53.8836887773216,0.0252868218348129,"m"
3880,1,53.8848342517526,0.0252872231329964,"m"
3881,1,53.8859797702778,0.0252876245286052,"m"
3882,1,53.8871253941464,0.0252880260414642,"m"
3883,1,53.888271184608,0.025288427691398,"m"
3884,1,53.8894172029118,0.0252888294982314,"m"
3885,1,53.8905635103073,0.0252892314817892,"m"
3886,1,53.8917101680439,0.025289633661896,"m"
3887,1,53.8928572373708,0.0252900360583766,"m"
3888,1,53.8940047795376,0.0252904386910558,"m"
3889,1,53.8951528557937,0.0252908415797582,"m"
3890,1,53.8963015273883,0.0252912447443087,"m"
3891,1,53.8974508555709,0.0252916482045319,"m"
3892,1,53.8986009015909,0.0252920519802527,"m"
3893,1,53.8997517266977,0.0252924560912957,"m"
3894,1,53.9009033921406,0.0252928605574856,"m"
3895,1,53.902055959169,0.0252932653986473,"m"
3896,1,53.9032094890324,0.0252936706346054,"m"
3897,1,53.9043640323413,0.0252940762818672,"m"
3898,1,53.9055195781985,0.0252944823377598,"m"
3899,1,53.9066760936521,0.0252948887927329,"m"
3900,1,53.907833545722,0.0252952956372277,"m"
3901,1,53.9089919014279,0.0252957028616849,"m"
3902,1,53.9101511277896,0.0252961104565456,"m"
3903,1,53.9113111918271,0.0252965184122507,"m"
3904,1,53.9124720605601,0.0252969267192413,"m"
3905,1,53.9136337010084,0.0252973353679581,"m"
3906,1,53.9147960801918,0.0252977443488423,"m"
3907,1,53.9159591651303,0.0252981536523348,"m"
3908,1,53.9171229228436,0.0252985632688766,"m"
3909,1,53.9182873203515,0.0252989731889085,"m"
3910,1,53.9194523246738,0.0252993834028716,"m"
3911,1,53.9206179028305,0.0252997939012068,"m"
3912,1,53.9217840218412,0.0253002046743551,"m"
3913,1,53.9229506487258,0.0253006157127575,"m"
3914,1,53.9241177505042,0.0253010270068549,"m"
3915,1,53.9252852941961,0.0253014385470882,"m"
3916,1,53.9264532468214,0.0253018503238985,"m"
3917,1,53.9276215753999,0.0253022623277267,"m"
3918,1,53.9287902469515,0.0253026745490137,"m"
3919,1,53.9299592284959,0.0253030869782006,"m"
3920,1,53.9311284870529,0.0253034996057282,"m"
3921,1,53.9322979896425,0.0253039124220376,"m"
3922,1,53.9334677032844,0.0253043254175697,"m"
3923,1,53.9346375949984,0.0253047385827655,"m"
3924,1,53.9358076318043,0.0253051519080659,"m"
3925,1,53.9369777807221,0.0253055653839118,"m"
3926,1,53.9381480087714,0.0253059790007444,"m"
3927,1,53.9393182830415,0.0253063927488962,"m"
3928,1,53.9404885718292,0.025306806616813,"m"
3929,1,53.9416588444573,0.0253072205913378,"m"
3930,1,53.9428290702812,0.0253076346592625,"m"
3931,1,53.9439992186564,0.0253080488073792,"m"
3932,1,53.9451692589382,0.0253084630224798,"m"
3933,1,53.9463391604821,0.0253088772913564,"m"
3934,1,53.9475088926435,0.025309291600801,"m"
3935,1,53.9486784247778,0.0253097059376056,"m"
3936,1,53.9498477262404,0.0253101202885622,"m"
3937,1,53.9510167663867,0.0253105346404628,"m"
3938,1,53.9521855145722,0.0253109489800994,"m"
3939,1,53.9533539401522,0.025311363294264,"m"
3940,1,53.9545220124821,0.0253117775697487,"m"
3941,1,53.9556897009174,0.0253121917933453,"m"
3942,1,53.9568569748135,0.0253126059518461,"m"
3943,1,53.9580238035258,0.0253130200320428,"m"
3944,1,53.9591901564097,0.0253134340207276,"m"
3945,1,53.9603560028206,0.0253138479046925,"m"
3946,1,53.9615213121139,0.0253142616707295,"m"
3947,1,53.962686053645,0.0253146753056305,"m"
3948,1,53.9638501967694,0.0253150887961876,"m"
3949,1,53.9650137108424,0.0253155021291928,"m"
3950,1,53.9661765652196,0.0253159152914381,"m"
3951,1,53.9673387292562,0.0253163282697155,"m"
3952,1,53.9685001723076,0.025316741050817,"m"
3953,1,53.9696608637294,0.0253171536215346,"m"
3954,1,53.9708207728769,0.0253175659686603,"m"
3955,1,53.9719798691056,0.0253179780789862,"m"
3956,1,53.9731381217707,0.0253183899393042,"m"
3957,1,53.9742955004657,0.0253188015365032,"m"
3958,1,53.975452004511,0.0253192128695673,"m"
3959,1,53.9766076914804,0.0253196239611828,"m"
3960,1,53.9777626257131,0.025320034836789,"m"
3961,1,53.9789168715486,0.0253204455218248,"m"
3962,1,53.9800704933261,0.0253208560417294,"m"
3963,1,53.9812235553851,0.0253212664219419,"m"
3964,1,53.9823761220648,0.0253216766879015,"m"
3965,1,53.9835282577047,0.0253220868650472,"m"
3966,1,53.9846800266441,0.0253224969788183,"m"
3967,1,53.9858314932224,0.0253229070546537,"m"
3968,1,53.9869827217789,0.0253233171179926,"m"
3969,1,53.9881337766529,0.0253237271942741,"m"
3970,1,53.9892847221839,0.0253241373089374,"m"
3971,1,53.9904356227112,0.0253245474874216,"m"
3972,1,53.9915865425742,0.0253249577551658,"m"
3973,1,53.9927375461121,0.025325368137609,"m"
3974,1,53.9938886976644,0.0253257786601905,"m"
3975,1,53.9950400615705,0.0253261893483493,"m"
3976,1,53.9961917021696,0.0253266002275246,"m"
3977,1,53.9973436838011,0.0253270113231555,"m"
3978,1,53.9984960708044,0.0253274226606811,"m"
3979,1,53.9996489275189,0.0253278342655405,"m"
3980,1,54.0008023182839,0.0253282461631728,"m"
3981,1,54.0019563074387,0.0253286583790172,"m"
3982,1,54.0031109593228,0.0253290709385127,"m"
3983,1,54.0042663382754,0.0253294838670986,"m"
3984,1,54.005422508636,0.0253298971902138,"m"
3985,1,54.0065795347439,0.0253303109332976,"m"
3986,1,54.0077374809384,0.025330725121789,"m"
3987,1,54.0088964115589,0.0253311397811272,"m"
3988,1,54.01005638726,0.0253315549352826,"m"
3989,1,54.0112174053254,0.0253319705829681,"m"
3990,1,54.0123794096681,0.0253323867016244,"m"
3991,1,54.0135423425346,0.0253328032680281,"m"
3992,1,54.0147061461714,0.0253332202589558,"m"
3993,1,54.015870762825,0.0253336376511842,"m"
3994,1,54.017036134742,0.0253340554214899,"m"
3995,1,54.0182022041689,0.0253344735466495,"m"
3996,1,54.0193689133523,0.0253348920034395,"m"
3997,1,54.0205362045386,0.0253353107686367,"m"
3998,1,54.0217040199745,0.0253357298190176,"m"
3999,1,54.0228723019064,0.0253361491313588,"m"
4000,1,54.0240409925809,0.0253365686824371,"m"
4001,1,54.0252100342444,0.0253369884490289,"m"
4002,1,54.0263793691437,0.0253374084079109,"m"
4003,1,54.0275489395251,0.0253378285358597,"m"
4004,1,54.0287186876352,0.0253382488096519,"m"
4005,1,54.0298885557206,0.0253386692060642,"m"
4006,1,54.0310584860278,0.0253390897018732,"m"
4007,1,54.0322284208033,0.0253395102738554,"m"
4008,1,54.0333983022937,0.0253399308987875,"m"
4009,1,54.0345680727454,0.0253403515534462,"m"
4010,1,54.0357376744051,0.0253407722146079,"m"
4011,1,54.0369070495192,0.0253411928590494,"m"
4012,1,54.0380761403343,0.0253416134635473,"m"
4013,1,54.039244889097,0.0253420340048781,"m"
4014,1,54.0404132380537,0.0253424544598185,"m"
4015,1,54.041581129451,0.0253428748051451,"m"
4016,1,54.0427485055354,0.0253432950176345,"m"
4017,1,54.0439153085535,0.0253437150740634,"m"
4018,1,54.0450814808974,0.0253441349512705,"m"
4019,1,54.0462469825723,0.0253445546336116,"m"
4020,1,54.0474118077911,0.0253449741200419,"m"
4021,1,54.0485759546966,0.0253453934111942,"m"
4022,1,54.049739421432,0.025345812507701,"m"
4023,1,54.0509022061402,0.025346231410195,"m"
4024,1,54.0520643069641,0.0253466501193087,"m"
4025,1,54.0532257220468,0.0253470686356748,"m"
4026,1,54.0543864495313,0.025347486959926,"m"
4027,1,54.0555464875605,0.0253479050926947,"m"
4028,1,54.0567058342774,0.0253483230346137,"m"
4029,1,54.0578644878251,0.0253487407863156,"m"
4030,1,54.0590224463464,0.0253491583484329,"m"
4031,1,54.0601797079844,0.0253495757215984,"m"
4032,1,54.0613362708821,0.0253499929064445,"m"
4033,1,54.0624921331824,0.0253504099036041,"m"
4034,1,54.0636472930284,0.0253508267137095,"m"
4035,1,54.064801748563,0.0253512433373936,"m"
4036,1,54.0659554979292,0.0253516597752889,"m"
4037,1,54.0671085392701,0.025352076028028,"m"
4038,1,54.0682608707285,0.0253524920962435,"m"
4039,1,54.0694124904475,0.0253529079805681,"m"
4040,1,54.07056339657,0.0253533236816344,"m"
4041,1,54.0717135872391,0.025353739200075,"m"
4042,1,54.0728630605977,0.0253541545365225,"m"
4043,1,54.0740118147889,0.0253545696916095,"m"
4044,1,54.0751598479555,0.0253549846659687,"m"
4045,1,54.0763071582407,0.0253553994602327,"m"
4046,1,54.0774537437873,0.0253558140750341,"m"
4047,1,54.0785996027384,0.0253562285110055,"m"
4048,1,54.079744733237,0.0253566427687795,"m"
4049,1,54.080889140531,0.0253570568513535,"m"
4050,1,54.0820328645027,0.0253574707732514,"m"
4051,1,54.0831759555716,0.0253578845525045,"m"
4052,1,54.08431846416,0.0253582982071446,"m"
4053,1,54.0854604406898,0.0253587117552037,"m"
4054,1,54.0866019355831,0.0253591252147136,"m"
4055,1,54.0877429992622,0.0253595386037064,"m"
4056,1,54.0888836821489,0.0253599519402139,"m"
4057,1,54.0900240346655,0.025360365242268,"m"
4058,1,54.0911641072341,0.0253607785279007,"m"
4059,1,54.0923039502767,0.025361191815144,"m"
4060,1,54.0934436142154,0.0253616051220296,"m"
4061,1,54.0945831494724,0.0253620184665897,"m"
4062,1,54.0957226064697,0.025362431866856,"m"
4063,1,54.0968620356294,0.0253628453408605,"m"
4064,1,54.0980014873736,0.0253632589066351,"m"
4065,1,54.0991410121244,0.0253636725822119,"m"
4066,1,54.1002806603039,0.0253640863856226,"m"
4067,1,54.1014204823342,0.0253645003348992,"m"
4068,1,54.1025605286375,0.0253649144480736,"m"
4069,1,54.1037008496357,0.0253653287431778,"m"
4070,1,54.1048414957509,0.0253657432382437,"m"
4071,1,54.1059825174054,0.0253661579513032,"m"
4072,1,54.1071239650211,0.0253665729003883,"m"
4073,1,54.1082658890202,0.0253669881035308,"m"
4074,1,54.1094083398248,0.0253674035787627,"m"
4075,1,54.1105513678569,0.0253678193441159,"m"
4076,1,54.1116950235386,0.0253682354176224,"m"
4077,1,54.1128393572921,0.025368651817314,"m"
4078,1,54.1139844195395,0.0253690685612227,"m"
4079,1,54.1151302604915,0.0253694856673023,"m"
4080,1,54.1162769056005,0.0253699031443494,"m"
4081,1,54.1174243326613,0.0253703209835337,"m"
4082,1,54.1185725140521,0.0253707391740219,"m"
4083,1,54.1197214221512,0.0253711577049804,"m"
4084,1,54.1208710293369,0.0253715765655757,"m"
4085,1,54.1220213079875,0.0253719957449744,"m"
4086,1,54.1231722304814,0.025372415232343,"m"
4087,1,54.1243237691967,0.025372835016848,"m"
4088,1,54.1254758965119,0.025373255087656,"m"
4089,1,54.1266285848051,0.0253736754339334,"m"
4090,1,54.1277818064547,0.0253740960448468,"m"
4091,1,54.1289355338389,0.0253745169095626,"m"
4092,1,54.1300897393362,0.0253749380172475,"m"
4093,1,54.1312443953247,0.0253753593570679,"m"
4094,1,54.1323994741828,0.0253757809181903,"m"
4095,1,54.1335549482887,0.0253762026897813,"m"
4096,1,54.1347107900207,0.0253766246610074,"m"
4097,1,54.1358669717572,0.0253770468210351,"m"
4098,1,54.1370234658765,0.0253774691590309,"m"
4099,1,54.1381802447568,0.0253778916641613,"m"
4100,1,54.1393372807763,0.0253783143255929,"m"
4101,1,54.1404945463136,0.0253787371324922,"m"
4102,1,54.1416520137467,0.0253791600740257,"m"
4103,1,54.142809655454,0.0253795831393599,"m"
4104,1,54.1439674438138,0.0253800063176613,"m"
4105,1,54.1451253512045,0.0253804295980965,"m"
4106,1,54.1462833500042,0.025380852969832,"m"
4107,1,54.1474414125913,0.0253812764220343,"m"
4108,1,54.148599511344,0.0253816999438698,"m"
4109,1,54.1497576186408,0.0253821235245052,"m"
4110,1,54.150915706538,0.0253825471533004,"m"
4111,1,54.1520737455391,0.0253829708205486,"m"
4112,1,54.1532317056795,0.0253833945168247,"m"
4113,1,54.1543895569943,0.0253838182327031,"m"
4114,1,54.1555472695188,0.0253842419587588,"m"
4115,1,54.1567048132883,0.0253846656855663,"m"
4116,1,54.157862158338,0.0253850894037005,"m"
4117,1,54.1590192747032,0.0253855131037359,"m"
4118,1,54.1601761324192,0.0253859367762474,"m"
4119,1,54.1613327015212,0.0253863604118096,"m"
4120,1,54.1624889520444,0.0253867840009972,"m"
4121,1,54.1636448540241,0.025387207534385,"m"
4122,1,54.1648003774956,0.0253876310025477,"m"
4123,1,54.1659554924941,0.0253880543960599,"m"
4124,1,54.1671101690549,0.0253884777054963,"m"
4125,1,54.1682643772132,0.0253889009214318,"m"
4126,1,54.1694180870043,0.025389324034441,"m"
4127,1,54.1705712684634,0.0253897470350985,"m"
4128,1,54.1717238916258,0.0253901699139792,"m"
4129,1,54.1728759265267,0.0253905926616577,"m"
4130,1,54.1740273432015,0.0253910152687088,"m"
4131,1,54.1751781116853,0.025391437725707,"m"
4132,1,54.1763282020134,0.0253918600232273,"m"
4133,1,54.1774775842211,0.0253922821518442,"m"
4134,1,54.1786262283436,0.0253927041021325,"m"
4135,1,54.1797741044162,0.0253931258646668,"m"
4136,1,54.1809211824741,0.025393547430022,"m"
4137,1,54.1820674325526,0.0253939687887726,"m"
4138,1,54.1832128246869,0.0253943899314935,"m"
4139,1,54.1843573289123,0.0253948108487593,"m"
4140,1,54.1855009187735,0.0253952315323076,"m"
4141,1,54.1866436160554,0.0253956519898615,"m"
4142,1,54.1877854776092,0.0253960722407637,"m"
4143,1,54.1889265610761,0.0253964923046188,"m"
4144,1,54.1900669240973,0.0253969122010314,"m"
4145,1,54.1912066243142,0.0253973319496063,"m"
4146,1,54.1923457193678,0.0253977515699479,"m"
4147,1,54.1934842668995,0.025398171081661,"m"
4148,1,54.1946223245505,0.0253985905043501,"m"
4149,1,54.195759949962,0.0253990098576199,"m"
4150,1,54.1968972007754,0.025399429161075,"m"
4151,1,54.1980341346317,0.02539984843432,"m"
4152,1,54.1991708091723,0.0254002676969595,"m"
4153,1,54.2003072820384,0.0254006869685982,"m"
4154,1,54.2014436108713,0.0254011062688407,"m"
4155,1,54.2025798533121,0.0254015256172916,"m"
4156,1,54.2037160670021,0.0254019450335555,"m"
4157,1,54.2048523095826,0.0254023645372371,"m"
4158,1,54.2059886386948,0.0254027841479409,"m"
4159,1,54.2071251119799,0.0254032038852717,"m"
4160,1,54.2082617870792,0.025403623768834,"m"
4161,1,54.2093987216339,0.0254040438182324,"m"
4162,1,54.2105359732853,0.0254044640530715,"m"
4163,1,54.2116735996745,0.0254048844929561,"m"
4164,1,54.2128116584429,0.0254053051574907,"m"
4165,1,54.2139502072317,0.0254057260662799,"m"
4166,1,54.2150893036821,0.0254061472389283,"m"
4167,1,54.2162290054353,0.0254065686950407,"m"
4168,1,54.2173693701326,0.0254069904542215,"m"
4169,1,54.2185104554153,0.0254074125360754,"m"
4170,1,54.2196523189245,0.0254078349602071,"m"
4171,1,54.2207950062391,0.0254082577420375,"m"
4172,1,54.221938505281,0.0254086808769902,"m"
4173,1,54.2230827867654,0.0254091043545208,"m"
4174,1,54.2242278214043,0.025409528164084,"m"
4175,1,54.2253735799098,0.0254099522951342,"m"
4176,1,54.2265200329938,0.0254103767371262,"m"
4177,1,54.2276671513685,0.0254108014795144,"m"
4178,1,54.2288149057459,0.0254112265117535,"m"
4179,1,54.229963266838,0.0254116518232981,"m"
4180,1,54.2311122053569,0.0254120774036028,"m"
4181,1,54.2322616920145,0.0254125032421221,"m"
4182,1,54.2334116975231,0.0254129293283106,"m"
4183,1,54.2345621925946,0.0254133556516229,"m"
4184,1,54.235713147941,0.0254137822015137,"m"
4185,1,54.2368645342744,0.0254142089674374,"m"
4186,1,54.2380163223069,0.0254146359388488,"m"
4187,1,54.2391684827505,0.0254150631052023,"m"
4188,1,54.2403209863172,0.0254154904559526,"m"
4189,1,54.2414738037191,0.0254159179805542,"m"
4190,1,54.2426269056682,0.0254163456684618,"m"
4191,1,54.2437802628766,0.0254167735091299,"m"
4192,1,54.2449338460563,0.0254172014920131,"m"
4193,1,54.2460876259194,0.0254176296065661,"m"
4194,1,54.2472415731779,0.0254180578422433,"m"
4195,1,54.2483956585438,0.0254184861884994,"m"
4196,1,54.2495498527292,0.025418914634789,"m"
4197,1,54.2507041264462,0.0254193431705667,"m"
4198,1,54.2518584504068,0.025419771785287,"m"
4199,1,54.253012795323,0.0254202004684045,"m"
4200,1,54.2541671319069,0.0254206292093739,"m"
4201,1,54.2553214308238,0.0254210579976511,"m"
4202,1,54.2564756621049,0.0254214868227108,"m"
4203,1,54.257629795324,0.0254219156740413,"m"
4204,1,54.2587838000451,0.025422344541131,"m"
4205,1,54.2599376458322,0.0254227734134687,"m"
4206,1,54.2610913022492,0.0254232022805428,"m"
4207,1,54.2622447388599,0.0254236311318418,"m"
4208,1,54.2633979252284,0.0254240599568543,"m"
4209,1,54.2645508309184,0.0254244887450688,"m"
4210,1,54.265703425494,0.025424917485974,"m"
4211,1,54.266855678519,0.0254253461690583,"m"
4212,1,54.2680075595573,0.0254257747838102,"m"
4213,1,54.269159038173,0.0254262033197183,"m"
4214,1,54.2703100839298,0.0254266317662713,"m"
4215,1,54.2714606663918,0.0254270601129575,"m"
4216,1,54.2726107551228,0.0254274883492656,"m"
4217,1,54.2737603196867,0.025427916464684,"m"
4218,1,54.2749093296475,0.0254283444487015,"m"
4219,1,54.2760577545691,0.0254287722908064,"m"
4220,1,54.2772055640154,0.0254291999804873,"m"
4221,1,54.2783527275502,0.0254296275072328,"m"
4222,1,54.2794992147376,0.0254300548605314,"m"
4223,1,54.2806449951415,0.0254304820298717,"m"
4224,1,54.2817900383257,0.0254309090047422,"m"
4225,1,54.2829343138542,0.0254313357746314,"m"
4226,1,54.2840777912909,0.0254317623290279,"m"
4227,1,54.2852204401997,0.0254321886574203,"m"
4228,1,54.2863622301446,0.0254326147492971,"m"
4229,1,54.2875031306894,0.0254330405941468,"m"
4230,1,54.288643111398,0.0254334661814579,"m"
4231,1,54.2897821422775,0.0254338915008753,"m"
4232,1,54.2909202251856,0.0254343165532728,"m"
4233,1,54.2920574146401,0.0254347413580896,"m"
4234,1,54.2931937700968,0.025435165936506,"m"
4235,1,54.2943293510113,0.0254355903097021,"m"
4236,1,54.2954642168395,0.0254360144988582,"m"
4237,1,54.2965984270371,0.0254364385251544,"m"
4238,1,54.2977320410596,0.025436862409771,"m"
4239,1,54.298865118363,0.025437286173888,"m"
4240,1,54.2999977184028,0.0254377098386858,"m"
4241,1,54.3011299006349,0.0254381334253444,"m"
4242,1,54.3022617245149,0.025438556955044,"m"
4243,1,54.3033932494985,0.025438980448965,"m"
4244,1,54.3045245350415,0.0254394039282873,"m"
4245,1,54.3056556405996,0.0254398274141913,"m"
4246,1,54.3067866256285,0.025440250927857,"m"
4247,1,54.307917549584,0.0254406744904648,"m"
4248,1,54.3090484719217,0.0254410981231947,"m"
4249,1,54.3101794520973,0.025441521847227,"m"
4250,1,54.3113105495667,0.0254419456837418,"m"
4251,1,54.3124418237854,0.0254423696539194,"m"
4252,1,54.3135733342093,0.0254427937789398,"m"
4253,1,54.314705140294,0.0254432180799834,"m"
4254,1,54.3158373014953,0.0254436425782303,"m"
4255,1,54.3169698772689,0.0254440672948606,"m"
4256,1,54.3181029270705,0.0254444922510546,"m"
4257,1,54.3192365103558,0.0254449174679924,"m"
4258,1,54.3203706865805,0.0254453429668543,"m"
4259,1,54.3215055152004,0.0254457687688204,"m"
4260,1,54.3226410556712,0.0254461948950709,"m"
4261,1,54.3237773674486,0.025446621366786,"m"
4262,1,54.3249145062688,0.0254470482038207,"m"
4263,1,54.3260524779941,0.0254474754082621,"m"
4264,1,54.3271912528512,0.0254479029695017,"m"
4265,1,54.3283308002961,0.0254483308766563,"m"
4266,1,54.3294710897848,0.025448759118843,"m"
4267,1,54.3306120907733,0.0254491876851787,"m"
4268,1,54.3317537727178,0.0254496165647802,"m"
4269,1,54.3328961050742,0.0254500457467646,"m"
4270,1,54.3340390572986,0.0254504752202487,"m"
4271,1,54.3351825988469,0.0254509049743496,"m"
4272,1,54.3363266991753,0.0254513349981841,"m"
4273,1,54.3374713277397,0.0254517652808691,"m"
4274,1,54.3386164539962,0.0254521958115217,"m"
4275,1,54.3397620474009,0.0254526265792587,"m"
4276,1,54.3409080774097,0.0254530575731971,"m"
4277,1,54.3420545134787,0.0254534887824538,"m"
4278,1,54.3432013250639,0.0254539201961458,"m"
4279,1,54.3443484816213,0.02545435180339,"m"
4280,1,54.3454959526071,0.0254547835933032,"m"
4281,1,54.3466437074771,0.0254552155550026,"m"
4282,1,54.3477917156875,0.0254556476776049,"m"
4283,1,54.3489399466943,0.0254560799502272,"m"
4284,1,54.3500883699535,0.0254565123619863,"m"
4285,1,54.3512369549211,0.0254569449019992,"m"
4286,1,54.3523856710532,0.0254573775593828,"m"
4287,1,54.3535344878059,0.0254578103232542,"m"
4288,1,54.354683374635,0.0254582431827301,"m"
4289,1,54.3558323009967,0.0254586761269275,"m"
4290,1,54.3569812363471,0.0254591091449635,"m"
4291,1,54.358130150142,0.0254595422259548,"m"
4292,1,54.3592790118236,0.0254599753590065,"m"
4293,1,54.3604277898497,0.0254604085323804,"m"
4294,1,54.3615764510651,0.025460841732957,"m"
4295,1,54.3627249621653,0.0254612749474884,"m"
4296,1,54.3638732898455,0.0254617081627271,"m"
4297,1,54.3650214008013,0.0254621413654253,"m"
4298,1,54.3661692617278,0.0254625745423353,"m"
4299,1,54.3673168393206,0.0254630076802094,"m"
4300,1,54.3684641002749,0.0254634407657998,"m"
4301,1,54.3696110112862,0.025463873785859,"m"
4302,1,54.3707575390498,0.0254643067271391,"m"
4303,1,54.371903650261,0.0254647395763925,"m"
4304,1,54.3730493116153,0.0254651723203714,"m"
4305,1,54.374194489808,0.0254656049458282,"m"
4306,1,54.3753391515345,0.0254660374395151,"m"
4307,1,54.3764832634902,0.0254664697881845,"m"
4308,1,54.3776267923703,0.0254669019785886,"m"
4309,1,54.3787697048704,0.0254673339974798,"m"
4310,1,54.3799119676857,0.0254677658316102,"m"
4311,1,54.3810535475116,0.0254681974677323,"m"
4312,1,54.3821944110435,0.0254686288925983,"m"
4313,1,54.3833345249768,0.0254690600929605,"m"
4314,1,54.3844738560068,0.0254694910555712,"m"
4315,1,54.3856123708289,0.0254699217671827,"m"
4316,1,54.3867500361385,0.0254703522145473,"m"
4317,1,54.3878868186309,0.0254707823844172,"m"
4318,1,54.3890226850015,0.0254712122635448,"m"
4319,1,54.3901576019456,0.0254716418386824,"m"
4320,1,54.3912915361588,0.0254720710965822,"m"
4321,1,54.3924244543362,0.0254725000239966,"m"
4322,1,54.3935563231733,0.0254729286076778,"m"
4323,1,54.3946871275246,0.0254733568415059,"m"
4324,1,54.3958169255935,0.0254737847481508,"m"
4325,1,54.3969457941,0.0254742123575507,"m"
4326,1,54.3980738097641,0.0254746396996436,"m"
4327,1,54.3992010493058,0.0254750668043677,"m"
4328,1,54.4003275894453,0.0254754937016609,"m"
4329,1,54.4014535069026,0.0254759204214614,"m"
4330,1,54.4025788783977,0.0254763469937074,"m"
4331,1,54.4037037806507,0.0254767734483367,"m"
4332,1,54.4048282903817,0.0254771998152877,"m"
4333,1,54.4059524843106,0.0254776261244982,"m"
4334,1,54.4070764391576,0.0254780524059065,"m"
4335,1,54.4082002316427,0.0254784786894506,"m"
4336,1,54.409323938486,0.0254789050050685,"m"
4337,1,54.4104476364074,0.0254793313826985,"m"
4338,1,54.4115714021272,0.0254797578522785,"m"
4339,1,54.4126953123652,0.0254801844437466,"m"
4340,1,54.4138194438417,0.0254806111870409,"m"
4341,1,54.4149438732765,0.0254810381120996,"m"
4342,1,54.4160686773899,0.0254814652488607,"m"
4343,1,54.4171939329017,0.0254818926272622,"m"
4344,1,54.4183197165322,0.0254823202772423,"m"
4345,1,54.4194461050013,0.025482748228739,"m"
4346,1,54.4205731750291,0.0254831765116905,"m"
4347,1,54.4217010033356,0.0254836051560348,"m"
4348,1,54.422829666641,0.02548403419171,"m"
4349,1,54.4239592416652,0.0254844636486541,"m"
4350,1,54.4250898051283,0.0254848935568054,"m"
4351,1,54.4262214337504,0.0254853239461018,"m"
4352,1,54.4273542042515,0.0254857548464814,"m"
4353,1,54.4284881923968,0.02548618628751,"m"
4354,1,54.429623408684,0.0254866182732964,"m"
4355,1,54.4307597575684,0.0254870507665896,"m"
4356,1,54.4318971337887,0.0254874837263485,"m"
4357,1,54.4330354320837,0.0254879171115322,"m"
4358,1,54.4341745471921,0.0254883508810995,"m"
4359,1,54.4353143738526,0.0254887849940094,"m"
4360,1,54.4364548068039,0.025489219409221,"m"
4361,1,54.4375957407848,0.0254896540856933,"m"
4362,1,54.4387370705339,0.0254900889823851,"m"
4363,1,54.4398786907899,0.0254905240582556,"m"
4364,1,54.4410204962917,0.0254909592722636,"m"
4365,1,54.4421623817779,0.0254913945833681,"m"
4366,1,54.4433042419871,0.0254918299505282,"m"
4367,1,54.4444459716583,0.0254922653327028,"m"
4368,1,54.44558746553,0.025492700688851,"m"
4369,1,54.4467286183409,0.0254931359779316,"m"
4370,1,54.4478693248299,0.0254935711589036,"m"
4371,1,54.4490094797356,0.0254940061907261,"m"
4372,1,54.4501489777966,0.025494441032358,"m"
4373,1,54.4512877137519,0.0254948756427584,"m"
4374,1,54.45242558234,0.0254953099808861,"m"
4375,1,54.4535624782997,0.0254957440057002,"m"
4376,1,54.4546982963696,0.0254961776761596,"m"
4377,1,54.4558329312886,0.0254966109512234,"m"
4378,1,54.4569662777953,0.0254970437898505,"m"
4379,1,54.4580982306285,0.0254974761509999,"m"
4380,1,54.4592286845268,0.0254979079936305,"m"
4381,1,54.460357534229,0.0254983392767015,"m"
4382,1,54.4614846744739,0.0254987699591716,"m"
4383,1,54.46261,0.0254992,"m"
4384,1,54.4637334311925,0.0254996293681025,"m"
4385,1,54.4648549910221,0.025500058072223,"m"
4386,1,54.4659747281058,0.0255004861310621,"m"
4387,1,54.4670926910605,0.0255009135633205,"m"
4388,1,54.4682089285032,0.025501340387699,"m"
4389,1,54.469323489051,0.0255017666228983,"m"
4390,1,54.4704364213209,0.025502192287619,"m"
4391,1,54.4715477739299,0.025502617400562,"m"
4392,1,54.4726575954949,0.0255030419804279,"m"
4393,1,54.473765934633,0.0255034660459174,"m"
4394,1,54.4748728399612,0.0255038896157312,"m"
4395,1,54.4759783600965,0.0255043127085701,"m"
4396,1,54.477082543656,0.0255047353431348,"m"
4397,1,54.4781854392565,0.0255051575381259,"m"
4398,1,54.4792870955151,0.0255055793122443,"m"
4399,1,54.4803875610489,0.0255060006841906,"m"
4400,1,54.4814868844748,0.0255064216726654,"m"
4401,1,54.4825851144098,0.0255068422963697,"m"
4402,1,54.483682299471,0.025507262574004,"m"
4403,1,54.4847784882753,0.025507682524269,"m"
4404,1,54.4858737294398,0.0255081021658656,"m"
4405,1,54.4869680715814,0.0255085215174943,"m"
4406,1,54.4880615633172,0.0255089405978559,"m"
4407,1,54.4891542532642,0.0255093594256512,"m"
4408,1,54.4902461900393,0.0255097780195808,"m"
4409,1,54.4913374222596,0.0255101963983455,"m"
4410,1,54.4924279985421,0.0255106145806459,"m"
4411,1,54.4935179675038,0.0255110325851828,"m"
4412,1,54.4946073777617,0.0255114504306569,"m"
4413,1,54.4956962779327,0.0255118681357689,"m"
4414,1,54.4967847160698,0.0255122857190195,"m"
4415,1,54.4978727340677,0.0255127031967265,"m"
4416,1,54.4989603700312,0.0255131205838644,"m"
4417,1,54.5000476620097,0.0255135378953876,"m"
4418,1,54.5011346480526,0.0255139551462509,"m"
4419,1,54.5022213662091,0.025514372351409,"m"
4420,1,54.5033078545287,0.0255147895258165,"m"
4421,1,54.5043941510606,0.0255152066844281,"m"
4422,1,54.5054802938543,0.0255156238421985,"m"
4423,1,54.506566320959,0.0255160410140822,"m"
4424,1,54.5076522704241,0.025516458215034,"m"
4425,1,54.508738180299,0.0255168754600085,"m"
4426,1,54.5098240886329,0.0255172927639605,"m"
4427,1,54.5109100334754,0.0255177101418445,"m"
4428,1,54.5119960528756,0.0255181276086152,"m"
4429,1,54.513082184883,0.0255185451792273,"m"
4430,1,54.5141684675468,0.0255189628686355,"m"
4431,1,54.5152549389165,0.0255193806917944,"m"
4432,1,54.5163416370414,0.0255197986636586,"m"
4433,1,54.5174285999707,0.0255202167991829,"m"
4434,1,54.518515865754,0.0255206351133219,"m"
4435,1,54.5196034724405,0.0255210536210303,"m"
4436,1,54.5206914580795,0.0255214723372627,"m"
4437,1,54.5217798607205,0.0255218912769738,"m"
4438,1,54.5228687184127,0.0255223104551183,"m"
4439,1,54.5239580692055,0.0255227298866508,"m"
4440,1,54.5250479511483,0.0255231495865259,"m"
4441,1,54.5261384022903,0.0255235695696985,"m"
4442,1,54.527229460681,0.025523989851123,"m"
4443,1,54.5283211643697,0.0255244104457542,"m"
4444,1,54.5294135514057,0.0255248313685467,"m"
4445,1,54.5305066498597,0.0255252526303681,"m"
4446,1,54.5316004482743,0.0255256742258956,"m"
4447,1,54.5326949254065,0.0255260961457984,"m"
4448,1,54.5337900600129,0.0255265183807457,"m"
4449,1,54.5348858308503,0.0255269409214064,"m"
4450,1,54.5359822166755,0.0255273637584497,"m"
4451,1,54.5370791962451,0.0255277868825447,"m"
4452,1,54.5381767483161,0.0255282102843606,"m"
4453,1,54.539274851645,0.0255286339545663,"m"
4454,1,54.5403734849888,0.0255290578838311,"m"
4455,1,54.5414726271041,0.025529482062824,"m"
4456,1,54.5425722567476,0.0255299064822142,"m"
4457,1,54.5436723526762,0.0255303311326706,"m"
4458,1,54.5447728936466,0.0255307560048626,"m"
4459,1,54.5458738584156,0.0255311810894591,"m"
4460,1,54.5469752257398,0.0255316063771292,"m"
4461,1,54.5480769743762,0.0255320318585421,"m"
4462,1,54.5491790830813,0.0255324575243669,"m"
4463,1,54.550281530612,0.0255328833652727,"m"
4464,1,54.5513842957251,0.0255333093719285,"m"
4465,1,54.5524873571772,0.0255337355350036,"m"
4466,1,54.5535906937252,0.0255341618451669,"m"
4467,1,54.5546942841258,0.0255345882930876,"m"
4468,1,54.5557981071357,0.0255350148694349,"m"
4469,1,54.5569021415117,0.0255354415648777,"m"
4470,1,54.5580063660106,0.0255358683700852,"m"
4471,1,54.5591107593891,0.0255362952757266,"m"
4472,1,54.560215300404,0.0255367222724709,"m"
4473,1,54.561319967812,0.0255371493509873,"m"
4474,1,54.5624247403699,0.0255375765019447,"m"
4475,1,54.5635295963561,0.0255380037159504,"m"
4476,1,54.5646345088886,0.0255384309829417,"m"
4477,1,54.5657394479371,0.0255388582924477,"m"
4478,1,54.566844383426,0.0255392856339916,"m"
4479,1,54.5679492852801,0.0255397129970965,"m"
4480,1,54.5690541234239,0.0255401403712855,"m"
4481,1,54.570158867782,0.0255405677460818,"m"
4482,1,54.5712634882791,0.0255409951110087,"m"
4483,1,54.5723679548397,0.0255414224555891,"m"
4484,1,54.5734722373884,0.0255418497693464,"m"
4485,1,54.5745763058499,0.0255422770418037,"m"
4486,1,54.5756801301488,0.0255427042624841,"m"
4487,1,54.5767836802096,0.0255431314209108,"m"
4488,1,54.577886925957,0.025543558506607,"m"
4489,1,54.5789898373156,0.0255439855090958,"m"
4490,1,54.58009238421,0.0255444124179004,"m"
4491,1,54.5811945365647,0.0255448392225439,"m"
4492,1,54.5822962643045,0.0255452659125496,"m"
4493,1,54.5833975373539,0.0255456924774405,"m"
4494,1,54.5844983256375,0.0255461189067398,"m"
4495,1,54.5855985990799,0.0255465451899708,"m"
4496,1,54.5866983276058,0.0255469713166565,"m"
4497,1,54.5877974811397,0.0255473972763202,"m"
4498,1,54.5888960296062,0.0255478230584849,"m"
4499,1,54.58999394293,0.0255482486526739,"m"
4500,1,54.5910911910357,0.0255486740484103,"m"
4501,1,54.5921877438478,0.0255490992352172,"m"
4502,1,54.593283571291,0.0255495242026179,"m"
4503,1,54.5943786432898,0.0255499489401355,"m"
4504,1,54.595472929769,0.0255503734372932,"m"
4505,1,54.5965664014215,0.0255507976838921,"m"
4506,1,54.5976590644754,0.0255512216825891,"m"
4507,1,54.598750974892,0.0255516454540334,"m"
4508,1,54.5998421923413,0.025552069020216,"m"
4509,1,54.6009327764936,0.0255524924031279,"m"
4510,1,54.602022787019,0.02555291562476,"m"
4511,1,54.6031122835877,0.0255533387071034,"m"
4512,1,54.60420132587,0.025553761672149,"m"
4513,1,54.6052899735359,0.0255541845418879,"m"
4514,1,54.6063782862557,0.025554607338311,"m"
4515,1,54.6074663236996,0.0255550300834093,"m"
4516,1,54.6085541455376,0.0255554527991739,"m"
4517,1,54.6096418114401,0.0255558755075956,"m"
4518,1,54.6107293810772,0.0255562982306655,"m"
4519,1,54.611816914119,0.0255567209903746,"m"
4520,1,54.6129044702358,0.0255571438087139,"m"
4521,1,54.6139921090977,0.0255575667076743,"m"
4522,1,54.615079890375,0.0255579897092469,"m"
4523,1,54.6161678737377,0.0255584128354226,"m"
4524,1,54.6172561188561,0.0255588361081925,"m"
4525,1,54.6183446854004,0.0255592595495475,"m"
4526,1,54.6194336330407,0.0255596831814786,"m"
4527,1,54.6205230214472,0.0255601070259768,"m"
4528,1,54.6216129102901,0.0255605311050331,"m"
4529,1,54.6227033592396,0.0255609554406385,"m"
4530,1,54.6237944279658,0.025561380054784,"m"
4531,1,54.624886176139,0.0255618049694606,"m"
4532,1,54.6259786634293,0.0255622302066592,"m"
4533,1,54.6270719495069,0.0255626557883709,"m"
4534,1,54.628166094042,0.0255630817365866,"m"
4535,1,54.6292611567048,0.0255635080732973,"m"
4536,1,54.6303571923591,0.0255639348187365,"m"
4537,1,54.6314542046113,0.0255643619743935,"m"
4538,1,54.6325521660652,0.0255647895304206,"m"
4539,1,54.6336510488935,0.0255652174768124,"m"
4540,1,54.6347508252688,0.0255656458035636,"m"
4541,1,54.6358514673638,0.0255660745006686,"m"
4542,1,54.6369529473511,0.0255665035581222,"m"
4543,1,54.6380552374033,0.0255669329659189,"m"
4544,1,54.6391583096931,0.0255673627140533,"m"
4545,1,54.6402621363932,0.02556779279252,"m"
4546,1,54.6413666896762,0.0255682231913137,"m"
4547,1,54.6424719417146,0.0255686539004289,"m"
4548,1,54.6435778646813,0.0255690849098602,"m"
4549,1,54.6446844307487,0.0255695162096022,"m"
4550,1,54.6457916120896,0.0255699477896496,"m"
4551,1,54.6468993808765,0.0255703796399969,"m"
4552,1,54.6480077092822,0.0255708117506387,"m"
4553,1,54.6491165694793,0.0255712441115697,"m"
4554,1,54.6502259336404,0.0255716767127844,"m"
4555,1,54.6513357739381,0.0255721095442775,"m"
4556,1,54.6524460625451,0.0255725425960435,"m"
4557,1,54.6535567716341,0.025572975858077,"m"
4558,1,54.6546678733776,0.0255734093203727,"m"
4559,1,54.6557793399484,0.0255738429729251,"m"
4560,1,54.656891143519,0.0255742768057289,"m"
4561,1,54.6580032562622,0.0255747108087786,"m"
4562,1,54.6591156503505,0.0255751449720689,"m"
4563,1,54.6602282979565,0.0255755792855943,"m"
4564,1,54.661341171253,0.0255760137393495,"m"
4565,1,54.6624542424126,0.025576448323329,"m"
4566,1,54.6635674836074,0.0255768830275185,"m"
4567,1,54.6646808669848,0.0255773178414973,"m"
4568,1,54.6657943646585,0.0255777527542809,"m"
4569,1,54.6669079487394,0.0255781877548432,"m"
4570,1,54.6680215913385,0.0255786228321582,"m"
4571,1,54.6691352645668,0.0255790579751998,"m"
4572,1,54.6702489405353,0.025579493172942,"m"
4573,1,54.6713625913548,0.0255799284143587,"m"
4574,1,54.6724761891366,0.025580363688424,"m"
4575,1,54.6735897059914,0.0255807989841117,"m"
4576,1,54.6747031140304,0.0255812342903958,"m"
4577,1,54.6758163853644,0.0255816695962502,"m"
4578,1,54.6769294921045,0.025582104890649,"m"
4579,1,54.6780424063617,0.025582540162566,"m"
4580,1,54.679155100247,0.0255829754009753,"m"
4581,1,54.6802675458712,0.0255834105948508,"m"
4582,1,54.6813797153455,0.0255838457331664,"m"
4583,1,54.6824915807808,0.025584280804896,"m"
4584,1,54.6836031142881,0.0255847157990137,"m"
4585,1,54.6847142879784,0.0255851507044935,"m"
4586,1,54.6858250739626,0.0255855855103091,"m"
4587,1,54.6869354443518,0.0255860202054347,"m"
4588,1,54.6880453712569,0.0255864547788441,"m"
4589,1,54.6891548267889,0.0255868892195114,"m"
4590,1,54.6902637830589,0.0255873235164104,"m"
4591,1,54.6913722121777,0.0255877576585152,"m"
4592,1,54.6924800862564,0.0255881916347996,"m"
4593,1,54.693587377406,0.0255886254342376,"m"
4594,1,54.6946940577374,0.0255890590458033,"m"
4595,1,54.6958000993617,0.0255894924584705,"m"
4596,1,54.6969054743927,0.0255899256612143,"m"
4597,1,54.6980101720341,0.0255903586495319,"m"
4598,1,54.6991142387519,0.0255907914407738,"m"
4599,1,54.7002177329925,0.0255912240568629,"m"
4600,1,54.7013207132022,0.0255916565197219,"m"
4601,1,54.7024232378273,0.0255920888512736,"m"
4602,1,54.7035253653141,0.0255925210734406,"m"
4603,1,54.704627154109,0.0255929532081457,"m"
4604,1,54.7057286626581,0.0255933852773117,"m"
4605,1,54.7068299494079,0.0255938173028613,"m"
4606,1,54.7079310728047,0.0255942493067173,"m"
4607,1,54.7090320912947,0.0255946813108023,"m"
4608,1,54.7101330633243,0.0255951133370392,"m"
4609,1,54.7112340473397,0.0255955454073506,"m"
4610,1,54.7123351017873,0.0255959775436594,"m"
4611,1,54.7134362851134,0.0255964097678882,"m"
4612,1,54.7145376557643,0.0255968421019598,"m"
4613,1,54.7156392721863,0.0255972745677969,"m"
4614,1,54.7167411928257,0.0255977071873224,"m"
4615,1,54.7178434761288,0.0255981399824588,"m"
4616,1,54.718946180542,0.025598572975129,"m"
4617,1,54.7200493645115,0.0255990061872557,"m"
4618,1,54.7211530864836,0.0255994396407617,"m"
4619,1,54.7222574049047,0.0255998733575697,"m"
4620,1,54.723362378221,0.0256003073596024,"m"
4621,1,54.7244680648789,0.0256007416687826,"m"
4622,1,54.7255745233246,0.0256011763070329,"m"
4623,1,54.7266818120046,0.0256016112962763,"m"
4624,1,54.727789989365,0.0256020466584354,"m"
4625,1,54.7288991138522,0.0256024824154328,"m"
4626,1,54.7300092439126,0.0256029185891915,"m"
4627,1,54.7311204372198,0.0256033552013476,"m"
4628,1,54.7322327171671,0.0256037922608214,"m"
4629,1,54.7333460599874,0.0256042297590398,"m"
4630,1,54.7344604384828,0.0256046676861572,"m"
4631,1,54.7355758254555,0.025605106032328,"m"
4632,1,54.7366921937076,0.0256055447877065,"m"
4633,1,54.7378095160412,0.0256059839424471,"m"
4634,1,54.7389277652587,0.0256064234867042,"m"
4635,1,54.740046914162,0.0256068634106321,"m"
4636,1,54.7411669355533,0.0256073037043852,"m"
4637,1,54.7422878022349,0.0256077443581179,"m"
4638,1,54.7434094870088,0.0256081853619845,"m"
4639,1,54.7445319626772,0.0256086267061394,"m"
4640,1,54.7456552020422,0.0256090683807369,"m"
4641,1,54.7467791779061,0.0256095103759315,"m"
4642,1,54.7479038630709,0.0256099526818774,"m"
4643,1,54.7490292303388,0.0256103952887291,"m"
4644,1,54.750155252512,0.0256108381866409,"m"
4645,1,54.7512819023926,0.0256112813657671,"m"
4646,1,54.7524091527828,0.0256117248162623,"m"
4647,1,54.7535369764847,0.0256121685282806,"m"
4648,1,54.7546653463004,0.0256126124919764,"m"
4649,1,54.7557942350323,0.0256130566975042,"m"
4650,1,54.7569236154822,0.0256135011350183,"m"
4651,1,54.7580534604526,0.0256139457946731,"m"
4652,1,54.7591837427454,0.0256143906666228,"m"
4653,1,54.7603144351628,0.025614835741022,"m"
4654,1,54.7614455105071,0.0256152810080249,"m"
4655,1,54.7625769415803,0.025615726457786,"m"
4656,1,54.7637087011846,0.0256161720804595,"m"
4657,1,54.7648407621222,0.0256166178661998,"m"
4658,1,54.7659730974747,0.0256170638051019,"m"
4659,1,54.7671056812509,0.0256175098870631,"m"
4660,1,54.7682384876517,0.0256179561019402,"m"
4661,1,54.7693714908778,0.0256184024395897,"m"
4662,1,54.7705046651303,0.0256188488898682,"m"
4663,1,54.77163798461,0.0256192954426323,"m"
4664,1,54.7727714235177,0.0256197420877386,"m"
4665,1,54.7739049560543,0.0256201888150438,"m"
4666,1,54.7750385564206,0.0256206356144044,"m"
4667,1,54.7761721988176,0.025621082475677,"m"
4668,1,54.7773058574461,0.0256215293887182,"m"
4669,1,54.778439506507,0.0256219763433848,"m"
4670,1,54.7795731202011,0.0256224233295331,"m"
4671,1,54.7807066727293,0.0256228703370199,"m"
4672,1,54.7818401382925,0.0256233173557018,"m"
4673,1,54.7829734910916,0.0256237643754353,"m"
4674,1,54.7841067053273,0.0256242113860771,"m"
4675,1,54.7852397552007,0.0256246583774837,"m"
4676,1,54.7863726149125,0.0256251053395119,"m"
4677,1,54.7875052586636,0.0256255522620181,"m"
4678,1,54.7886376606549,0.0256259991348589,"m"
4679,1,54.7897697950872,0.0256264459478911,"m"
4680,1,54.7909016361615,0.0256268926909712,"m"
4681,1,54.7920331580785,0.0256273393539557,"m"
4682,1,54.7931643350392,0.0256277859267013,"m"
4683,1,54.7942951412444,0.0256282323990647,"m"
4684,1,54.795425550895,0.0256286787609023,"m"
4685,1,54.7965555381919,0.0256291250020709,"m"
4686,1,54.7976850773359,0.0256295711124269,"m"
4687,1,54.7988141425279,0.0256300170818271,"m"
4688,1,54.7999427129153,0.0256304629020285,"m"
4689,1,54.8010708111678,0.0256309085815107,"m"
4690,1,54.8021984825656,0.0256313541374404,"m"
4691,1,54.8033257725818,0.0256317995870586,"m"
4692,1,54.8044527266894,0.0256322449476062,"m"
4693,1,54.8055793903615,0.0256326902363243,"m"
4694,1,54.8067058090711,0.0256331354704537,"m"
4695,1,54.8078320282914,0.0256335806672355,"m"
4696,1,54.8089580934954,0.0256340258439105,"m"
4697,1,54.8100840501561,0.0256344710177198,"m"
4698,1,54.8112099437466,0.0256349162059042,"m"
4699,1,54.8123358197399,0.0256353614257048,"m"
4700,1,54.8134617236092,0.0256358066943625,"m"
4701,1,54.8145877008275,0.0256362520291182,"m"
4702,1,54.8157137968679,0.025636697447213,"m"
4703,1,54.8168400572033,0.0256371429658877,"m"
4704,1,54.817966527307,0.0256375886023834,"m"
4705,1,54.8190932526518,0.0256380343739409,"m"
4706,1,54.820220278711,0.0256384802978013,"m"
4707,1,54.8213476509576,0.0256389263912054,"m"
4708,1,54.8224754148646,0.0256393726713943,"m"
4709,1,54.823603615905,0.0256398191556089,"m"
4710,1,54.8247322995521,0.0256402658610902,"m"
4711,1,54.8258615112787,0.025640712805079,"m"
4712,1,54.826991296558,0.0256411600048165,"m"
4713,1,54.8281217008631,0.0256416074775434,"m"
4714,1,54.8292527696669,0.0256420552405009,"m"
4715,1,54.8303845484427,0.0256425033109297,"m"
4716,1,54.8315170826633,0.025642951706071,"m"
4717,1,54.832650417802,0.0256434004431656,"m"
4718,1,54.8337845993309,0.0256438495394543,"m"
4719,1,54.8349196694803,0.0256442990112194,"m"
4720,1,54.8360556598238,0.0256447488715931,"m"
4721,1,54.8371925997493,0.0256451991330616,"m"
4722,1,54.8383305186444,0.0256456498081108,"m"
4723,1,54.8394694458969,0.0256461009092267,"m"
4724,1,54.8406094108945,0.0256465524488955,"m"
4725,1,54.8417504430248,0.0256470044396032,"m"
4726,1,54.8428925716756,0.0256474568938358,"m"
4727,1,54.8440358262346,0.0256479098240794,"m"
4728,1,54.8451802360895,0.0256483632428199,"m"
4729,1,54.8463258306281,0.0256488171625435,"m"
4730,1,54.847472639238,0.0256492715957361,"m"
4731,1,54.8486206913069,0.0256497265548839,"m"
4732,1,54.8497700162226,0.0256501820524728,"m"
4733,1,54.8509206433728,0.0256506381009889,"m"
4734,1,54.8520726021451,0.0256510947129183,"m"
4735,1,54.8532259219274,0.0256515519007469,"m"
4736,1,54.8543806321072,0.0256520096769609,"m"
4737,1,54.8555367620724,0.0256524680540462,"m"
4738,1,54.8566943412106,0.025652927044489,"m"
4739,1,54.8578533989096,0.0256533866607752,"m"
4740,1,54.859013964557,0.0256538469153909,"m"
4741,1,54.8601760675406,0.0256543078208221,"m"
4742,1,54.8613397372481,0.0256547693895549,"m"
4743,1,54.8625050030672,0.0256552316340753,"m"
4744,1,54.8636718943855,0.0256556945668693,"m"
4745,1,54.8648404405909,0.0256561582004231,"m"
4746,1,54.8660106710711,0.0256566225472226,"m"
4747,1,54.8671826152136,0.0256570876197539,"m"
4748,1,54.8683563024064,0.025657553430503,"m"
4749,1,54.869531753774,0.0256580199885824,"m"
4750,1,54.8707089185233,0.0256584872737417,"m"
4751,1,54.8718877088306,0.0256589552506121,"m"
4752,1,54.8730680365665,0.0256594238836995,"m"
4753,1,54.8742498136013,0.0256598931375101,"m"
4754,1,54.8754329518056,0.0256603629765499,"m"
4755,1,54.8766173630498,0.025660833365325,"m"
4756,1,54.8778029592042,0.0256613042683414,"m"
4757,1,54.8789896521395,0.0256617756501053,"m"
4758,1,54.8801773537259,0.0256622474751228,"m"
4759,1,54.8813659758341,0.0256627197078998,"m"
4760,1,54.8825554303343,0.0256631923129425,"m"
4761,1,54.8837456290971,0.0256636652547569,"m"
4762,1,54.884936483993,0.0256641384978492,"m"
4763,1,54.8861279068923,0.0256646120067253,"m"
4764,1,54.8873198096655,0.0256650857458914,"m"
4765,1,54.8885121041831,0.0256655596798535,"m"
4766,1,54.8897047023155,0.0256660337731177,"m"
4767,1,54.8908975159331,0.0256665079901902,"m"
4768,1,54.8920904569065,0.0256669822955768,"m"
4769,1,54.893283437106,0.0256674566537838,"m"
4770,1,54.8944763684021,0.0256679310293172,"m"
4771,1,54.8956691626653,0.0256684053866831,"m"
4772,1,54.896861731766,0.0256688796903876,"m"
4773,1,54.8980539875746,0.0256693539049366,"m"
4774,1,54.8992458419616,0.0256698279948364,"m"
4775,1,54.9004372067975,0.0256703019245929,"m"
4776,1,54.9016279939526,0.0256707756587123,"m"
4777,1,54.9028181152976,0.0256712491617006,"m"
4778,1,54.9040074827027,0.0256717223980639,"m"
4779,1,54.9051960102799,0.0256721953331957,"m"
4780,1,54.9063836839341,0.0256726679609149,"m"
4781,1,54.9075705748142,0.0256731403087916,"m"
4782,1,54.908756759026,0.0256736124063583,"m"
4783,1,54.9099423126752,0.0256740842831476,"m"
4784,1,54.9111273118675,0.025674555968692,"m"
4785,1,54.9123118327087,0.0256750274925241,"m"
4786,1,54.9134959513044,0.0256754988841764,"m"
4787,1,54.9146797437604,0.0256759701731816,"m"
4788,1,54.9158632861824,0.0256764413890721,"m"
4789,1,54.9170466546761,0.0256769125613806,"m"
4790,1,54.9182299253472,0.0256773837196395,"m"
4791,1,54.9194131743014,0.0256778548933815,"m"
4792,1,54.9205964776445,0.0256783261121391,"m"
4793,1,54.9217799114822,0.0256787974054448,"m"
4794,1,54.9229635519201,0.0256792688028313,"m"
4795,1,54.9241474750641,0.0256797403338311,"m"
4796,1,54.9253317570197,0.0256802120279767,"m"
4797,1,54.9265164738928,0.0256806839148007,"m"
4798,1,54.927701701789,0.0256811560238357,"m"
4799,1,54.9288875168142,0.0256816283846142,"m"
4800,1,54.9300739950738,0.0256821010266688,"m"
4801,1,54.9312612126738,0.025682573979532,"m"
4802,1,54.9324492457198,0.0256830472727364,"m"
4803,1,54.9336381703175,0.0256835209358146,"m"
4804,1,54.9348280625727,0.0256839949982991,"m"
4805,1,54.936018998591,0.0256844694897225,"m"
4806,1,54.9372110544782,0.0256849444396173,"m"
4807,1,54.93840430634,0.0256854198775161,"m"
4808,1,54.9395988302821,0.0256858958329515,"m"
4809,1,54.9407947024103,0.025686372335456,"m"
4810,1,54.941991990973,0.0256868494115877,"m"
4811,1,54.9431906965688,0.0256873270622945,"m"
4812,1,54.9443907852734,0.0256878052754551,"m"
4813,1,54.9455922228864,0.0256882840388435,"m"
4814,1,54.9467949752072,0.0256887633402339,"m"
4815,1,54.9479990080354,0.0256892431674003,"m"
4816,1,54.9492042871704,0.0256897235081168,"m"
4817,1,54.9504107784118,0.0256902043501576,"m"
4818,1,54.951618447559,0.0256906856812967,"m"
4819,1,54.9528272604117,0.0256911674893082,"m"
4820,1,54.9540371827692,0.0256916497619662,"m"
4821,1,54.9552481804312,0.0256921324870447,"m"
4822,1,54.956460219197,0.025692615652318,"m"
4823,1,54.9576732648663,0.02569309924556,"m"
4824,1,54.9588872832385,0.0256935832545449,"m"
4825,1,54.9601022401132,0.0256940676670468,"m"
4826,1,54.9613181012898,0.0256945524708397,"m"
4827,1,54.9625348325679,0.0256950376536977,"m"
4828,1,54.963752399747,0.025695523203395,"m"
4829,1,54.9649707686265,0.0256960091077056,"m"
4830,1,54.9661899050061,0.0256964953544036,"m"
4831,1,54.9674097746851,0.0256969819312632,"m"
4832,1,54.9686303434632,0.0256974688260583,"m"
4833,1,54.9698515771397,0.0256979560265631,"m"
4834,1,54.9710734415143,0.0256984435205517,"m"
4835,1,54.9722959023865,0.0256989312957982,"m"
4836,1,54.9735189255557,0.0256994193400767,"m"
4837,1,54.9747424768215,0.0256999076411612,"m"
4838,1,54.9759665219833,0.0257003961868258,"m"
4839,1,54.9771910268407,0.0257008849648448,"m"
4840,1,54.9784159572433,0.025701373962974,"m"
4841,1,54.9796412806135,0.0257018631684033,"m"
4842,1,54.9808669662264,0.0257023525676557,"m"
4843,1,54.9820929834631,0.0257028421472157,"m"
4844,1,54.9833193017045,0.0257033318935681,"m"
4845,1,54.9845458903318,0.0257038217931976,"m"
4846,1,54.9857727187261,0.0257043118325889,"m"
4847,1,54.9869997562684,0.0257048019982266,"m"
4848,1,54.9882269723399,0.0257052922765955,"m"
4849,1,54.9894543363217,0.0257057826541803,"m"
4850,1,54.9906818175947,0.0257062731174656,"m"
4851,1,54.9919093855402,0.0257067636529361,"m"
4852,1,54.9931370095391,0.0257072542470766,"m"
4853,1,54.9943646589726,0.0257077448863717,"m"
4854,1,54.9955923032218,0.0257082355573061,"m"
4855,1,54.9968199116678,0.0257087262463645,"m"
4856,1,54.9980474536916,0.0257092169400315,"m"
4857,1,54.9992748986743,0.025709707624792,"m"
4858,1,55.000502215997,0.0257101982871306,"m"
4859,1,55.0017293750408,0.0257106889135319,"m"
4860,1,55.0029563451869,0.0257111794904807,"m"
4861,1,55.0041830958161,0.0257116700044616,"m"
4862,1,55.0054095963098,0.0257121604419594,"m"
4863,1,55.0066358160489,0.0257126507894587,"m"
4864,1,55.0078617244145,0.0257131410334443,"m"
4865,1,55.0090872907878,0.0257136311604007,"m"
4866,1,55.0103124845497,0.0257141211568128,"m"
4867,1,55.0115372750815,0.0257146110091652,"m"
4868,1,55.0127616317641,0.0257151007039426,"m"
4869,1,55.0139855239787,0.0257155902276297,"m"
4870,1,55.0152089211341,0.0257160795667228,"m"
4871,1,55.0164318142264,0.0257165687167793,"m"
4872,1,55.0176542544569,0.0257170576986274,"m"
4873,1,55.01887630344,0.0257175465374661,"m"
4874,1,55.0200980227903,0.0257180352584942,"m"
4875,1,55.0213194741225,0.0257185238869109,"m"
4876,1,55.0225407190509,0.025719012447915,"m"
4877,1,55.0237618191903,0.0257195009667057,"m"
4878,1,55.0249828361551,0.0257199894684818,"m"
4879,1,55.0262038315599,0.0257204779784424,"m"
4880,1,55.0274248670192,0.0257209665217864,"m"
4881,1,55.0286460041477,0.0257214551237129,"m"
4882,1,55.0298673045598,0.0257219438094209,"m"
4883,1,55.0310888298701,0.0257224326041093,"m"
4884,1,55.0323106416932,0.0257229215329771,"m"
4885,1,55.0335328016436,0.0257234106212234,"m"
4886,1,55.0347553713359,0.025723899894047,"m"
4887,1,55.0359784123846,0.0257243893766471,"m"
4888,1,55.0372019864043,0.0257248790942226,"m"
4889,1,55.0384261550095,0.0257253690719724,"m"
4890,1,55.0396509798148,0.0257258593350957,"m"
4891,1,55.0408765224348,0.0257263499087913,"m"
4892,1,55.042102844484,0.0257268408182583,"m"
4893,1,55.0433300075769,0.0257273320886956,"m"
4894,1,55.0445580733282,0.0257278237453023,"m"
4895,1,55.0457871033522,0.0257283158132773,"m"
4896,1,55.0470171592638,0.0257288083178197,"m"
4897,1,55.0482483026772,0.0257293012841283,"m"
4898,1,55.0494805952073,0.0257297947374023,"m"
4899,1,55.0507140984683,0.0257302887028406,"m"
4900,1,55.0519488740751,0.0257307832056422,"m"
4901,1,55.0531849823485,0.0257312782704798,"m"
4902,1,55.0544224436046,0.0257317739057461,"m"
4903,1,55.0556612314598,0.0257322701008303,"m"
4904,1,55.0569013168883,0.0257327668440461,"m"
4905,1,55.0581426708641,0.0257332641237072,"m"
4906,1,55.0593852643614,0.0257337619281273,"m"
4907,1,55.0606290683544,0.0257342602456202,"m"
4908,1,55.0618740538172,0.0257347590644996,"m"
4909,1,55.0631201917238,0.0257352583730793,"m"
4910,1,55.0643674530486,0.0257357581596729,"m"
4911,1,55.0656158087655,0.0257362584125943,"m"
4912,1,55.0668652298487,0.025736759120157,"m"
4913,1,55.0681156872723,0.025737260270675,"m"
4914,1,55.0693671520105,0.0257377618524619,"m"
4915,1,55.0706195950375,0.0257382638538314,"m"
4916,1,55.0718729873273,0.0257387662630973,"m"
4917,1,55.073127299854,0.0257392690685734,"m"
4918,1,55.0743825035919,0.0257397722585732,"m"
4919,1,55.075638569515,0.0257402758214107,"m"
4920,1,55.0768954685975,0.0257407797453995,"m"
4921,1,55.0781531718136,0.0257412840188533,"m"
4922,1,55.0794116501372,0.0257417886300859,"m"
4923,1,55.0806708745427,0.0257422935674111,"m"
4924,1,55.0819308160041,0.0257427988191424,"m"
4925,1,55.0831914454955,0.0257433043735938,"m"
4926,1,55.0844527339911,0.0257438102190789,"m"
4927,1,55.085714652465,0.0257443163439115,"m"
4928,1,55.0869771718914,0.0257448227364052,"m"
4929,1,55.0882402632443,0.0257453293848739,"m"
4930,1,55.089503897498,0.0257458362776312,"m"
4931,1,55.0907680456245,0.02574634340299,"m"
4932,1,55.0920326771254,0.0257468507485322,"m"
4933,1,55.0932977574401,0.0257473582998219,"m"
4934,1,55.094563251312,0.0257478660420772,"m"
4935,1,55.0958291234845,0.0257483739605164,"m"
4936,1,55.0970953387014,0.0257488820403575,"m"
4937,1,55.098361861706,0.0257493902668189,"m"
4938,1,55.0996286572418,0.0257498986251188,"m"
4939,1,55.1008956900525,0.0257504071004754,"m"
4940,1,55.1021629248815,0.0257509156781069,"m"
4941,1,55.1034303264724,0.0257514243432315,"m"
4942,1,55.1046978595686,0.0257519330810674,"m"
4943,1,55.1059654889138,0.0257524418768329,"m"
4944,1,55.1072331792513,0.0257529507157461,"m"
4945,1,55.1085008953248,0.0257534595830253,"m"
4946,1,55.1097686018778,0.0257539684638887,"m"
4947,1,55.1110362636537,0.0257544773435544,"m"
4948,1,55.1123038453961,0.0257549862072408,"m"
4949,1,55.1135713118486,0.025755495040166,"m"
4950,1,55.1148386277546,0.0257560038275483,"m"
4951,1,55.1161057578576,0.0257565125546058,"m"
4952,1,55.1173726669013,0.0257570212065568,"m"
4953,1,55.118639319629,0.0257575297686194,"m"
4954,1,55.1199056807844,0.025758038226012,"m"
4955,1,55.121171715111,0.0257585465639526,"m"
4956,1,55.1224373873522,0.0257590547676596,"m"
4957,1,55.1237026622516,0.0257595628223511,"m"
4958,1,55.1249675045527,0.0257600707132454,"m"
4959,1,55.1262318789991,0.0257605784255606,"m"
4960,1,55.1274957503342,0.025761085944515,"m"
4961,1,55.1287590833016,0.0257615932553268,"m"
4962,1,55.1300218517195,0.0257621003470174,"m"
4963,1,55.1312840945174,0.0257626072358958,"m"
4964,1,55.1325458790592,0.0257631139501876,"m"
4965,1,55.1338072728276,0.0257636205181685,"m"
4966,1,55.1350683433056,0.025764126968114,"m"
4967,1,55.1363291579758,0.0257646333282996,"m"
4968,1,55.1375897843211,0.0257651396270009,"m"
4969,1,55.1388502898244,0.0257656458924935,"m"
4970,1,55.1401107419684,0.0257661521530527,"m"
4971,1,55.1413712082358,0.0257666584369543,"m"
4972,1,55.1426317561096,0.0257671647724738,"m"
4973,1,55.1438924530725,0.0257676711878866,"m"
4974,1,55.1451533666074,0.0257681777114683,"m"
4975,1,55.1464145641969,0.0257686843714946,"m"
4976,1,55.147676113324,0.0257691911962408,"m"
4977,1,55.1489380814714,0.0257696982139826,"m"
4978,1,55.1502005361219,0.0257702054529955,"m"
4979,1,55.1514635447584,0.0257707129415551,"m"
4980,1,55.1527271748636,0.0257712207079368,"m"
4981,1,55.1539914939204,0.0257717287804163,"m"
4982,1,55.1552565694115,0.025772237187269,"m"
4983,1,55.1565224688197,0.0257727459567705,"m"
4984,1,55.1577892596279,0.0257732551171964,"m"
4985,1,55.1590570093189,0.0257737646968222,"m"
4986,1,55.1603257853754,0.0257742747239235,"m"
4987,1,55.1615956552803,0.0257747852267757,"m"
4988,1,55.1628666865163,0.0257752962336544,"m"
4989,1,55.1641389465663,0.0257758077728352,"m"
4990,1,55.1654125029131,0.0257763198725936,"m"
4991,1,55.1666874230395,0.0257768325612052,"m"
4992,1,55.167963774392,0.02577734586693,"m"
4993,1,55.1692415999115,0.0257778598075434,"m"
4994,1,55.1705208754689,0.0257783743721256,"m"
4995,1,55.1718015655646,0.025778889544892,"m"
4996,1,55.1730836346988,0.0257794053100578,"m"
4997,1,55.1743670473718,0.0257799216518384,"m"
4998,1,55.1756517680839,0.025780438554449,"m"
4999,1,55.1769377613355,0.025780956002105,"m"
5000,1,55.1782249916267,0.0257814739790217,"m"
5001,1,55.179513423458,0.0257819924694144,"m"
5002,1,55.1808030213295,0.0257825114574984,"m"
5003,1,55.1820937497415,0.0257830309274891,"m"
5004,1,55.1833855731944,0.0257835508636017,"m"
5005,1,55.1846784561884,0.0257840712500515,"m"
5006,1,55.1859723632239,0.0257845920710539,"m"
5007,1,55.1872672588011,0.0257851133108241,"m"
5008,1,55.1885631074202,0.0257856349535775,"m"
5009,1,55.1898598735817,0.0257861569835295,"m"
5010,1,55.1911575217857,0.0257866793848952,"m"
5011,1,55.1924560165326,0.02578720214189,"m"
5012,1,55.1937553223227,0.0257877252387293,"m"
5013,1,55.1950554036562,0.0257882486596283,"m"
5014,1,55.1963562250334,0.0257887723888024,"m"
5015,1,55.1976577509546,0.0257892964104668,"m"
5016,1,55.1989599459202,0.0257898207088369,"m"
5017,1,55.2002627744304,0.0257903452681279,"m"
5018,1,55.2015662009854,0.0257908700725553,"m"
5019,1,55.2028701900856,0.0257913951063342,"m"
5020,1,55.2041747062313,0.0257919203536801,"m"
5021,1,55.2054797139227,0.0257924457988082,"m"
5022,1,55.2067851776602,0.0257929714259338,"m"
5023,1,55.2080910628992,0.0257934972198492,"m"
5024,1,55.2093973418781,0.0257940231694424,"m"
5025,1,55.2107039897703,0.0257945492653744,"m"
5026,1,55.2120109817612,0.025795075498313,"m"
5027,1,55.2133182930358,0.025795601858926,"m"
5028,1,55.2146258987795,0.0257961283378814,"m"
5029,1,55.2159337741775,0.0257966549258469,"m"
5030,1,55.217241894415,0.0257971816134904,"m"
5031,1,55.2185502346772,0.0257977083914799,"m"
5032,1,55.2198587701494,0.0257982352504831,"m"
5033,1,55.2211674760168,0.0257987621811679,"m"
5034,1,55.2224763274647,0.0257992891742023,"m"
5035,1,55.2237852996782,0.025799816220254,"m"
5036,1,55.2250943678426,0.0258003433099909,"m"
5037,1,55.2264035071431,0.0258008704340808,"m"
5038,1,55.2277126927649,0.0258013975831918,"m"
5039,1,55.2290218998934,0.0258019247479915,"m"
5040,1,55.2303311037136,0.0258024519191479,"m"
5041,1,55.2316402794109,0.0258029790873288,"m"
5042,1,55.2329494021705,0.0258035062432021,"m"
5043,1,55.2342584471776,0.0258040333774357,"m"
5044,1,55.2355673896173,0.0258045604806974,"m"
5045,1,55.2368762046751,0.025805087543655,"m"
5046,1,55.238184867536,0.0258056145569766,"m"
5047,1,55.2394933533854,0.0258061415113298,"m"
5048,1,55.2408016374084,0.0258066683973826,"m"
5049,1,55.2421096947903,0.0258071952058028,"m"
5050,1,55.2434175007162,0.0258077219272584,"m"
5051,1,55.2447250303716,0.0258082485524171,"m"
5052,1,55.2460322589415,0.0258087750719468,"m"
5053,1,55.2473391628065,0.0258093014769849,"m"
5054,1,55.2486457462639,0.0258098277696339,"m"
5055,1,55.2499520417656,0.0258103539630548,"m"
5056,1,55.251258083006,0.0258108800708967,"m"
5057,1,55.2525639036798,0.0258114061068087,"m"
5058,1,55.2538695374817,0.0258119320844401,"m"
5059,1,55.2551750181062,0.02581245801744,"m"
5060,1,55.2564803792479,0.0258129839194576,"m"
5061,1,55.2577856546016,0.0258135098041419,"m"
5062,1,55.2590908778617,0.0258140356851423,"m"
5063,1,55.2603960827229,0.0258145615761077,"m"
5064,1,55.2617013028798,0.0258150874906874,"m"
5065,1,55.2630065720271,0.0258156134425306,"m"
5066,1,55.2643119238592,0.0258161394452864,"m"
5067,1,55.265617392071,0.0258166655126039,"m"
5068,1,55.2669230103569,0.0258171916581323,"m"
5069,1,55.2682288124117,0.0258177178955208,"m"
5070,1,55.2695348319298,0.0258182442384185,"m"
5071,1,55.2708411026059,0.0258187707004746,"m"
5072,1,55.2721476581347,0.0258192972953382,"m"
5073,1,55.2734545322108,0.0258198240366585,"m"
5074,1,55.2747617585287,0.0258203509380847,"m"
5075,1,55.276069370783,0.0258208780132659,"m"
5076,1,55.2773774026685,0.0258214052758512,"m"
5077,1,55.2786858878797,0.0258219327394899,"m"
5078,1,55.2799948601112,0.0258224604178311,"m"
5079,1,55.2813043530577,0.0258229883245239,"m"
5080,1,55.2826144004137,0.0258235164732174,"m"
5081,1,55.2839250358739,0.025824044877561,"m"
5082,1,55.2852362931328,0.0258245735512036,"m"
5083,1,55.2865482058852,0.0258251025077945,"m"
5084,1,55.287860813636,0.0258256317632695,"m"
5085,1,55.2891741967261,0.025826161349635,"m"
5086,1,55.2904884530057,0.0258266913057882,"m"
5087,1,55.2918036803921,0.0258272216706527,"m"
5088,1,55.2931199768027,0.0258277524831519,"m"
5089,1,55.2944374401548,0.0258282837822095,"m"
5090,1,55.2957561683655,0.025828815606749,"m"
5091,1,55.2970762593522,0.0258293479956939,"m"
5092,1,55.2983978110322,0.0258298809879677,"m"
5093,1,55.2997209213228,0.0258304146224941,"m"
5094,1,55.3010456881413,0.0258309489381965,"m"
5095,1,55.3023722094048,0.0258314839739985,"m"
5096,1,55.3037005830309,0.0258320197688236,"m"
5097,1,55.3050309069366,0.0258325563615954,"m"
5098,1,55.3063632790393,0.0258330937912375,"m"
5099,1,55.3076977972564,0.0258336320966733,"m"
5100,1,55.309034559505,0.0258341713168264,"m"
5101,1,55.3103736637024,0.0258347114906204,"m"
5102,1,55.3117152077661,0.0258352526569788,"m"
5103,1,55.3130592896132,0.0258357948548251,"m"
5104,1,55.3144060071609,0.025836338123083,"m"
5105,1,55.3157554583268,0.0258368825006758,"m"
5106,1,55.3171077410279,0.0258374280265272,"m"
5107,1,55.3184629531816,0.0258379747395607,"m"
5108,1,55.3198211927051,0.0258385226786999,"m"
5109,1,55.3211825575159,0.0258390718828683,"m"
5110,1,55.322547145531,0.0258396223909895,"m"
5111,1,55.3239150546679,0.0258401742419869,"m"
5112,1,55.3252863828439,0.0258407274747842,"m"
5113,1,55.3266612279761,0.0258412821283048,"m"
5114,1,55.3280396823863,0.025841838239232,"m"
5115,1,55.3294217096963,0.0258423957927197,"m"
5116,1,55.3308071448281,0.0258429547223929,"m"
5117,1,55.332195817108,0.025843514959636,"m"
5118,1,55.3335875558625,0.0258440764358336,"m"
5119,1,55.3349821904179,0.0258446390823701,"m"
5120,1,55.3363795501007,0.0258452028306302,"m"
5121,1,55.3377794642371,0.0258457676119982,"m"
5122,1,55.3391817621535,0.0258463333578588,"m"
5123,1,55.3405862731764,0.0258468999995963,"m"
5124,1,55.3419928266321,0.0258474674685954,"m"
5125,1,55.3434012518469,0.0258480356962404,"m"
5126,1,55.3448113781474,0.025848604613916,"m"
5127,1,55.3462230348597,0.0258491741530066,"m"
5128,1,55.3476360513103,0.0258497442448968,"m"
5129,1,55.3490502568257,0.025850314820971,"m"
5130,1,55.350465480732,0.0258508858126138,"m"
5131,1,55.3518815523558,0.0258514571512096,"m"
5132,1,55.3532983010234,0.025852028768143,"m"
5133,1,55.3547155560612,0.0258526005947985,"m"
5134,1,55.3561331467955,0.0258531725625606,"m"
5135,1,55.3575509025528,0.0258537446028137,"m"
5136,1,55.3589686526594,0.0258543166469425,"m"
5137,1,55.3603862264416,0.0258548886263313,"m"
5138,1,55.3618034532259,0.0258554604723648,"m"
5139,1,55.3632201623386,0.0258560321164274,"m"
5140,1,55.3646361831061,0.0258566034899036,"m"
5141,1,55.3660513448548,0.025857174524178,"m"
5142,1,55.3674654769111,0.025857745150635,"m"
5143,1,55.3688784086013,0.0258583153006591,"m"
5144,1,55.3702899695373,0.0258588849057503,"m"
5145,1,55.3717000640072,0.0258594539275829,"m"
5146,1,55.3731087704582,0.0258600223982045,"m"
5147,1,55.3745161921185,0.0258605903596757,"m"
5148,1,55.3759224322161,0.0258611578540572,"m"
5149,1,55.3773275939791,0.0258617249234097,"m"
5150,1,55.3787317806357,0.0258622916097938,"m"
5151,1,55.3801350954139,0.0258628579552703,"m"
5152,1,55.3815376415417,0.0258634240018997,"m"
5153,1,55.3829395222474,0.0258639897917429,"m"
5154,1,55.3843408407589,0.0258645553668605,"m"
5155,1,55.3857417003044,0.0258651207693131,"m"
5156,1,55.3871422041119,0.0258656860411614,"m"
5157,1,55.3885424554096,0.0258662512244662,"m"
5158,1,55.3899425574255,0.0258668163612881,"m"
5159,1,55.3913426133877,0.0258673814936878,"m"
5160,1,55.3927427265244,0.025867946663726,"m"
5161,1,55.3941430000635,0.0258685119134633,"m"
5162,1,55.3955435372333,0.0258690772849604,"m"
5163,1,55.3969444412617,0.025869642820278,"m"
5164,1,55.3983458153768,0.0258702085614769,"m"
5165,1,55.3997477628069,0.0258707745506176,"m"
5166,1,55.4011503867799,0.0258713408297608,"m"
5167,1,55.4025537905239,0.0258719074409673,"m"
5168,1,55.4039580772671,0.0258724744262978,"m"
5169,1,55.4053633502374,0.0258730418278128,"m"
5170,1,55.4067697126631,0.0258736096875731,"m"
5171,1,55.4081772677722,0.0258741780476394,"m"
5172,1,55.4095861187927,0.0258747469500723,"m"
5173,1,55.4109963689528,0.0258753164369325,"m"
5174,1,55.4124081214806,0.0258758865502807,"m"
5175,1,55.4138214764137,0.0258764573308708,"m"
5176,1,55.4152364615173,0.0258770287898519,"m"
5177,1,55.4166530328942,0.0258776009090189,"m"
5178,1,55.4180711435789,0.0258781736689094,"m"
5179,1,55.4194907466059,0.0258787470500614,"m"
5180,1,55.4209117950096,0.0258793210330126,"m"
5181,1,55.4223342418245,0.0258798955983008,"m"
5182,1,55.423758040085,0.0258804707264639,"m"
5183,1,55.4251831428256,0.0258810463980397,"m"
5184,1,55.4266095030807,0.0258816225935659,"m"
5185,1,55.4280370738848,0.0258821992935805,"m"
5186,1,55.4294658082724,0.0258827764786211,"m"
5187,1,55.4308956592778,0.0258833541292257,"m"
5188,1,55.4323265799356,0.0258839322259319,"m"
5189,1,55.4337585232802,0.0258845107492778,"m"
5190,1,55.4351914423461,0.0258850896798009,"m"
5191,1,55.4366252901677,0.0258856689980393,"m"
5192,1,55.4380600197795,0.0258862486845306,"m"
5193,1,55.4394955842159,0.0258868287198127,"m"
5194,1,55.4409319365114,0.0258874090844234,"m"
5195,1,55.4423690297004,0.0258879897589005,"m"
5196,1,55.4438068168174,0.0258885707237819,"m"
5197,1,55.4452452508969,0.0258891519596052,"m"
5198,1,55.4466842849733,0.0258897334469085,"m"
5199,1,55.448123872081,0.0258903151662293,"m"
5200,1,55.4495639652546,0.0258908970981057,"m"
5201,1,55.4510045175284,0.0258914792230753,"m"
5202,1,55.4524454819369,0.025892061521676,"m"
5203,1,55.4538868115147,0.0258926439744457,"m"
5204,1,55.455328459296,0.025893226561922,"m"
5205,1,55.4567703783239,0.0258938092646473,"m"
5206,1,55.4582125237586,0.0258943920642651,"m"
5207,1,55.4596548556528,0.0258949749449642,"m"
5208,1,55.4610973347487,0.0258955578912919,"m"
5209,1,55.462539921788,0.0258961408877953,"m"
5210,1,55.4639825775128,0.0258967239190217,"m"
5211,1,55.4654252626649,0.0258973069695182,"m"
5212,1,55.4668679379864,0.0258978900238321,"m"
5213,1,55.468310564219,0.0258984730665106,"m"
5214,1,55.4697531021049,0.0258990560821009,"m"
5215,1,55.4711955123859,0.0258996390551502,"m"
5216,1,55.4726377558039,0.0259002219702057,"m"
5217,1,55.4740797931009,0.0259008048118147,"m"
5218,1,55.4755215850188,0.0259013875645244,"m"
5219,1,55.4769630922996,0.0259019702128819,"m"
5220,1,55.4784042756852,0.0259025527414345,"m"
5221,1,55.4798450959174,0.0259031351347293,"m"
5222,1,55.4812855137384,0.0259037173773137,"m"
5223,1,55.4827254898899,0.0259042994537348,"m"
5224,1,55.4841649851139,0.0259048813485398,"m"
5225,1,55.4856039601524,0.025905463046276,"m"
5226,1,55.4870423757473,0.0259060445314905,"m"
5227,1,55.4884801926406,0.0259066257887306,"m"
5228,1,55.4899173715741,0.0259072068025434,"m"
5229,1,55.4913538732898,0.0259077875574763,"m"
5230,1,55.4927896585296,0.0259083680380763,"m"
5231,1,55.4942246880355,0.0259089482288908,"m"
5232,1,55.4956589225494,0.0259095281144669,"m"
5233,1,55.4970923228133,0.0259101076793518,"m"
5234,1,55.498524849569,0.0259106869080928,"m"
5235,1,55.4999564635585,0.0259112657852371,"m"
5236,1,55.5013871377783,0.0259118443002531,"m"
5237,1,55.5028169175073,0.0259124224716372,"m"
5238,1,55.504245874435,0.0259130003284919,"m"
5239,1,55.5056740802899,0.0259135778999354,"m"
5240,1,55.5071016068005,0.025914155215086,"m"
5241,1,55.5085285256953,0.0259147323030617,"m"
5242,1,55.5099549087028,0.0259153091929808,"m"
5243,1,55.5113808275515,0.0259158859139615,"m"
5244,1,55.5128063539698,0.025916462495122,"m"
5245,1,55.5142315596863,0.0259170389655804,"m"
5246,1,55.5156565164295,0.0259176153544549,"m"
5247,1,55.5170812959279,0.0259181916908637,"m"
5248,1,55.5185059699099,0.0259187680039251,"m"
5249,1,55.519930610104,0.0259193443227572,"m"
5250,1,55.5213552882388,0.0259199206764781,"m"
5251,1,55.5227800760428,0.0259204970942061,"m"
5252,1,55.5242050452444,0.0259210736050594,"m"
5253,1,55.5256302675721,0.0259216502381562,"m"
5254,1,55.5270558147544,0.0259222270226145,"m"
5255,1,55.5284817585199,0.0259228039875528,"m"
5256,1,55.529908170597,0.025923381162089,"m"
5257,1,55.5313351227141,0.0259239585753414,"m"
5258,1,55.5327626865999,0.0259245362564283,"m"
5259,1,55.5341909339828,0.0259251142344677,"m"
5260,1,55.5356199365913,0.0259256925385779,"m"
5261,1,55.5370497661539,0.0259262711978771,"m"
5262,1,55.538480494399,0.0259268502414834,"m"
5263,1,55.5399121930553,0.025927429698515,"m"
5264,1,55.5413449338511,0.0259280095980902,"m"
5265,1,55.542778788515,0.0259285899693271,"m"
5266,1,55.5442138286458,0.0259291708412914,"m"
5267,1,55.5456500948291,0.0259297522304988,"m"
5268,1,55.5470875566343,0.0259303341247267,"m"
5269,1,55.5485261737331,0.0259309165077473,"m"
5270,1,55.549965905797,0.0259314993633327,"m"
5271,1,55.5514067124978,0.0259320826752551,"m"
5272,1,55.5528485535071,0.0259326664272868,"m"
5273,1,55.5542913884965,0.0259332506031999,"m"
5274,1,55.5557351771378,0.0259338351867665,"m"
5275,1,55.5571798791026,0.0259344201617588,"m"
5276,1,55.5586254540626,0.025935005511949,"m"
5277,1,55.5600718616894,0.0259355912211093,"m"
5278,1,55.5615190616546,0.0259361772730119,"m"
5279,1,55.5629670136299,0.0259367636514288,"m"
5280,1,55.5644156772871,0.0259373503401324,"m"
5281,1,55.5658650122977,0.0259379373228947,"m"
5282,1,55.5673149783334,0.025938524583488,"m"
5283,1,55.5687655350659,0.0259391121056844,"m"
5284,1,55.5702166421668,0.025939699873256,"m"
5285,1,55.5716682593078,0.0259402878699752,"m"
5286,1,55.5731203461605,0.0259408760796139,"m"
5287,1,55.5745728623966,0.0259414644859445,"m"
5288,1,55.5760257676878,0.025942053072739,"m"
5289,1,55.5774790217058,0.0259426418237697,"m"
5290,1,55.5789325841221,0.0259432307228087,"m"
5291,1,55.5803864146084,0.0259438197536283,"m"
5292,1,55.5818404728365,0.0259444089000005,"m"
5293,1,55.5832947184779,0.0259449981456975,"m"
5294,1,55.5847491112043,0.0259455874744916,"m"
5295,1,55.5862036106874,0.0259461768701548,"m"
5296,1,55.5876581765989,0.0259467663164594,"m"
5297,1,55.5891127686258,0.0259473557971833,"m"
5298,1,55.5905673465462,0.0259479452961374,"m"
5299,1,55.5920218701707,0.0259485347971451,"m"
5300,1,55.5934762993101,0.0259491242840293,"m"
5301,1,55.5949305937751,0.0259497137406133,"m"
5302,1,55.5963847133764,0.0259503031507201,"m"
5303,1,55.5978386179248,0.025950892498173,"m"
5304,1,55.5992922672311,0.025951481766795,"m"
5305,1,55.600745621106,0.0259520709404093,"m"
5306,1,55.6021986393603,0.0259526600028392,"m"
5307,1,55.6036512818047,0.0259532489379075,"m"
5308,1,55.6051035082499,0.0259538377294377,"m"
5309,1,55.6065552785068,0.0259544263612527,"m"
5310,1,55.608006552386,0.0259550148171757,"m"
5311,1,55.6094572896983,0.02595560308103,"m"
5312,1,55.6109074502545,0.0259561911366385,"m"
5313,1,55.6123569938652,0.0259567789678245,"m"
5314,1,55.6138058803414,0.025957366558411,"m"
5315,1,55.6152540694936,0.0259579538922214,"m"
5316,1,55.6167015211327,0.0259585409530785,"m"
5317,1,55.6181481950694,0.0259591277248058,"m"
5318,1,55.6195940511145,0.0259597141912262,"m"
5319,1,55.6210390490786,0.0259603003361629,"m"
5320,1,55.6224831487727,0.025960886143439,"m"
5321,1,55.6239263100073,0.0259614715968778,"m"
5322,1,55.6253684925933,0.0259620566803023,"m"
5323,1,55.6268096563414,0.0259626413775356,"m"
5324,1,55.6282497610623,0.025963225672401,"m"
5325,1,55.6296887665669,0.0259638095487216,"m"
5326,1,55.6311266326658,0.0259643929903205,"m"
5327,1,55.6325633224146,0.0259649759823281,"m"
5328,1,55.6339988562156,0.0259655585329788,"m"
5329,1,55.6354333035974,0.0259661406702992,"m"
5330,1,55.6368667356771,0.0259667224229556,"m"
5331,1,55.6382992235716,0.0259673038196145,"m"
5332,1,55.6397308383979,0.0259678848889424,"m"
5333,1,55.641161651273,0.0259684656596057,"m"
5334,1,55.6425917333138,0.0259690461602707,"m"
5335,1,55.6440211556374,0.025969626419604,"m"
5336,1,55.6454499893607,0.0259702064662719,"m"
5337,1,55.6468783056007,0.0259707863289409,"m"
5338,1,55.6483061754743,0.0259713660362775,"m"
5339,1,55.6497336700987,0.025971945616948,"m"
5340,1,55.6511608605907,0.025972525099619,"m"
5341,1,55.6525878180674,0.0259731045129567,"m"
5342,1,55.6540146136456,0.0259736838856277,"m"
5343,1,55.6554413184425,0.0259742632462984,"m"
5344,1,55.656868003575,0.0259748426236352,"m"
5345,1,55.65829474016,0.0259754220463046,"m"
5346,1,55.6597215993146,0.025976001542973,"m"
5347,1,55.6611486521556,0.0259765811423068,"m"
5348,1,55.6625759698003,0.0259771608729724,"m"
5349,1,55.6640036233654,0.0259777407636364,"m"
5350,1,55.665431683968,0.025978320842965,"m"
5351,1,55.666860222725,0.0259789011396248,"m"
5352,1,55.6682893107535,0.0259794816822822,"m"
5353,1,55.6697190191704,0.0259800624996036,"m"
5354,1,55.6711494190927,0.0259806436202554,"m"
5355,1,55.6725805816375,0.0259812250729041,"m"
5356,1,55.6740125779216,0.0259818068862161,"m"
5357,1,55.675445479062,0.0259823890888579,"m"
5358,1,55.6768793437704,0.025982971704525,"m"
5359,1,55.6783141590366,0.0259835547281739,"m"
5360,1,55.6797498861336,0.0259841381444565,"m"
5361,1,55.6811864863013,0.0259847219380111,"m"
5362,1,55.6826239207797,0.0259853060934763,"m"
5363,1,55.6840621508087,0.0259858905954906,"m"
5364,1,55.6855011376284,0.0259864754286925,"m"
5365,1,55.6869408424786,0.0259870605777206,"m"
5366,1,55.6883812265994,0.0259876460272133,"m"
5367,1,55.6898222512306,0.0259882317618091,"m"
5368,1,55.6912638776123,0.0259888177661465,"m"
5369,1,55.6927060669844,0.0259894040248641,"m"
5370,1,55.6941487805869,0.0259899905226003,"m"
5371,1,55.6955919796596,0.0259905772439937,"m"
5372,1,55.6970356254427,0.0259911641736827,"m"
5373,1,55.698479679176,0.025991751296306,"m"
5374,1,55.6999241020994,0.0259923385965018,"m"
5375,1,55.7013688554531,0.0259929260589089,"m"
5376,1,55.7028139004768,0.0259935136681657,"m"
5377,1,55.7042591984106,0.0259941014089106,"m"
5378,1,55.7057047104944,0.0259946892657822,"m"
5379,1,55.7071503979682,0.0259952772234191,"m"
5380,1,55.7085962220719,0.0259958652664596,"m"
5381,1,55.7100421440455,0.0259964533795424,"m"
5382,1,55.711488125129,0.0259970415473059,"m"
5383,1,55.7129341265623,0.0259976297543886,"m"
5384,1,55.7143801095853,0.025998217985429,"m"
5385,1,55.7158260354381,0.0259988062250657,"m"
5386,1,55.7172718653606,0.0259993944579371,"m"
5387,1,55.7187175605927,0.0259999826686818,"m"
5388,1,55.7201630821508,0.0260005708418145,"m"
5389,1,55.7216083871527,0.0260011589596928,"m"
5390,1,55.7230534294049,0.0260017470028422,"m"
5391,1,55.7244981626086,0.0260023349517298,"m"
5392,1,55.7259425404652,0.0260029227868227,"m"
5393,1,55.7273865166759,0.0260035104885881,"m"
5394,1,55.7288300449419,0.0260040980374931,"m"
5395,1,55.7302730789645,0.0260046854140049,"m"
5396,1,55.7317155724449,0.0260052725985907,"m"
5397,1,55.7331574790844,0.0260058595717176,"m"
5398,1,55.7345987525844,0.0260064463138527,"m"
5399,1,55.7360393466459,0.0260070328054632,"m"
5400,1,55.7374792149704,0.0260076190270162,"m"
5401,1,55.738918311259,0.026008204958979,"m"
5402,1,55.740356589213,0.0260087905818186,"m"
5403,1,55.7417940025337,0.0260093758760023,"m"
5404,1,55.7432305049223,0.0260099608219971,"m"
5405,1,55.7446660500801,0.0260105454002702,"m"
5406,1,55.7461005917083,0.0260111295912888,"m"
5407,1,55.7475340835083,0.0260117133755201,"m"
5408,1,55.7489664791812,0.026012296733431,"m"
5409,1,55.7503977324283,0.026012879645489,"m"
5410,1,55.751827796951,0.026013462092161,"m"
5411,1,55.7532566264503,0.0260140440539142,"m"
5412,1,55.7546841746277,0.0260146255112158,"m"
5413,1,55.7561103951844,0.026015206444533,"m"
5414,1,55.7575352418215,0.0260157868343328,"m"
5415,1,55.7589586682405,0.0260163666610825,"m"
5416,1,55.7603806281424,0.0260169459052492,"m"
5417,1,55.7618010752287,0.0260175245473,"m"
5418,1,55.763219963566,0.0260181025678552,"m"
5419,1,55.7646372928954,0.0260186799666631,"m"
5420,1,55.7660531524609,0.0260192567809553,"m"
5421,1,55.7674676419014,0.0260198330523167,"m"
5422,1,55.768880860856,0.0260204088223323,"m"
5423,1,55.7702929089638,0.0260209841325872,"m"
5424,1,55.7717038858639,0.0260215590246662,"m"
5425,1,55.7731138911951,0.0260221335401544,"m"
5426,1,55.7745230245967,0.0260227077206368,"m"
5427,1,55.7759313857076,0.0260232816076983,"m"
5428,1,55.7773390741669,0.0260238552429239,"m"
5429,1,55.7787461896137,0.0260244286678986,"m"
5430,1,55.7801528316869,0.0260250019242074,"m"
5431,1,55.7815591000257,0.0260255750534353,"m"
5432,1,55.7829650942691,0.0260261480971672,"m"
5433,1,55.7843709140562,0.0260267210969882,"m"
5434,1,55.7857766590259,0.0260272940944832,"m"
5435,1,55.7871824288173,0.0260278671312372,"m"
5436,1,55.7885883230696,0.0260284402488352,"m"
5437,1,55.7899944414217,0.0260290134888621,"m"
5438,1,55.7914008835126,0.026029586892903,"m"
5439,1,55.7928077489815,0.0260301605025428,"m"
5440,1,55.7942151374673,0.0260307343593665,"m"
5441,1,55.7956231486092,0.0260313085049592,"m"
5442,1,55.7970318820462,0.0260318829809057,"m"
5443,1,55.7984414374172,0.026032457828791,"m"
5444,1,55.7998519143615,0.0260330330902002,"m"
5445,1,55.8012634125179,0.0260336088067183,"m"
5446,1,55.8026760315256,0.0260341850199301,"m"
5447,1,55.8040898710237,0.0260347617714208,"m"
5448,1,55.8055050306511,0.0260353391027752,"m"
5449,1,55.8069216023997,0.0260359170524151,"m"
5450,1,55.8083395467472,0.0260364956043595,"m"
5451,1,55.8097587134092,0.0260370746968098,"m"
5452,1,55.8111789486434,0.0260376542665368,"m"
5453,1,55.8126000987074,0.0260382342503112,"m"
5454,1,55.8140220098588,0.0260388145849037,"m"
5455,1,55.8154445283553,0.0260393952070852,"m"
5456,1,55.8168675004545,0.0260399760536264,"m"
5457,1,55.818290772414,0.0260405570612981,"m"
5458,1,55.8197141904915,0.0260411381668711,"m"
5459,1,55.8211376009445,0.026041719307116,"m"
5460,1,55.8225608500308,0.0260423004188038,"m"
5461,1,55.8239837840079,0.0260428814387051,"m"
5462,1,55.8254062491335,0.0260434623035908,"m"
5463,1,55.8268280916651,0.0260440429502315,"m"
5464,1,55.8282491578605,0.0260446233153981,"m"
5465,1,55.8296692939773,0.0260452033358614,"m"
5466,1,55.831088346273,0.026045782948392,"m"
5467,1,55.8325061610054,0.0260463620897609,"m"
5468,1,55.833922584432,0.0260469406967387,"m"
5469,1,55.8353374628105,0.0260475187060962,"m"
5470,1,55.8367506423985,0.0260480960546041,"m"
5471,1,55.8381619694537,0.0260486726790334,"m"
5472,1,55.8395712902336,0.0260492485161546,"m"
5473,1,55.8409784509959,0.0260498235027387,"m"
5474,1,55.8423832979982,0.0260503975755563,"m"
5475,1,55.8437856774982,0.0260509706713782,"m"
5476,1,55.8451854357534,0.0260515427269752,"m"
5477,1,55.8465824190216,0.0260521136791181,"m"
5478,1,55.8479764735603,0.0260526834645776,"m"
5479,1,55.8493674462323,0.0260532520203735,"m"
5480,1,55.8507552571121,0.0260538193136495,"m"
5481,1,55.8521399684631,0.0260543853700546,"m"
5482,1,55.8535216588852,0.0260549502219596,"m"
5483,1,55.854900406978,0.0260555139017354,"m"
5484,1,55.8562762913415,0.0260560764417529,"m"
5485,1,55.8576493905754,0.026056637874383,"m"
5486,1,55.8590197832797,0.0260571982319965,"m"
5487,1,55.860387548054,0.0260577575469643,"m"
5488,1,55.8617527634983,0.0260583158516574,"m"
5489,1,55.8631155082124,0.0260588731784464,"m"
5490,1,55.864475860796,0.0260594295597024,"m"
5491,1,55.865833899849,0.0260599850277963,"m"
5492,1,55.8671897039713,0.0260605396150987,"m"
5493,1,55.8685433517626,0.0260610933539808,"m"
5494,1,55.8698949218228,0.0260616462768132,"m"
5495,1,55.8712444927517,0.026062198415967,"m"
5496,1,55.8725921431491,0.0260627498038129,"m"
5497,1,55.8739379516149,0.0260633004727219,"m"
5498,1,55.8752819967488,0.0260638504550648,"m"
5499,1,55.8766243571507,0.0260643997832125,"m"
5500,1,55.8779651114204,0.0260649484895358,"m"
5501,1,55.8793043381578,0.0260654966064057,"m"
5502,1,55.8806421159626,0.0260660441661929,"m"
5503,1,55.8819785234347,0.0260665912012685,"m"
5504,1,55.883313639174,0.0260671377440032,"m"
5505,1,55.8846475417801,0.0260676838267679,"m"
5506,1,55.885980309853,0.0260682294819336,"m"
5507,1,55.8873120219925,0.026068774741871,"m"
5508,1,55.8886427567984,0.026069319638951,"m"
5509,1,55.8899725928705,0.0260698642055446,"m"
5510,1,55.891301603703,0.0260704084717916,"m"
5511,1,55.8926298379017,0.0260709524569568,"m"
5512,1,55.8939573365003,0.0260714961769964,"m"
5513,1,55.8952841405307,0.0260720396478657,"m"
5514,1,55.8966102910248,0.0260725828855199,"m"
5515,1,55.8979358290145,0.0260731259059144,"m"
5516,1,55.8992607955317,0.0260736687250045,"m"
5517,1,55.9005852316083,0.0260742113587455,"m"
5518,1,55.901909178276,0.0260747538230927,"m"
5519,1,55.903232676567,0.0260752961340015,"m"
5520,1,55.9045557675129,0.0260758383074272,"m"
5521,1,55.9058784921458,0.026076380359325,"m"
5522,1,55.9072008914975,0.0260769223056503,"m"
5523,1,55.9085230065999,0.0260774641623584,"m"
5524,1,55.9098448784848,0.0260780059454046,"m"
5525,1,55.9111665481843,0.0260785476707442,"m"
5526,1,55.9124880567301,0.0260790893543326,"m"
5527,1,55.9138094451541,0.026079631012125,"m"
5528,1,55.9151307544883,0.0260801726600768,"m"
5529,1,55.9164520257645,0.0260807143141433,"m"
5530,1,55.9177733000147,0.0260812559902798,"m"
5531,1,55.9190946182706,0.0260817977044416,"m"
5532,1,55.9204160215642,0.026082339472584,"m"
5533,1,55.9217375509275,0.0260828813106624,"m"
5534,1,55.9230592473922,0.026083423234632,"m"
5535,1,55.9243811519902,0.0260839652604482,"m"
5536,1,55.9257033057535,0.0260845074040662,"m"
5537,1,55.927025749714,0.0260850496814415,"m"
5538,1,55.9283485249035,0.0260855921085293,"m"
5539,1,55.9296716723539,0.0260861347012849,"m"
5540,1,55.9309952329032,0.0260866774755884,"m"
5541,1,55.9323192246741,0.0260872204385035,"m"
5542,1,55.9336436220636,0.0260877635801233,"m"
5543,1,55.9349683944995,0.0260883068886121,"m"
5544,1,55.9362935114095,0.026088850352134,"m"
5545,1,55.9376189422215,0.0260893939588536,"m"
5546,1,55.938944656363,0.0260899376969349,"m"
5547,1,55.9402706232619,0.0260904815545424,"m"
5548,1,55.9415968123459,0.0260910255198403,"m"
5549,1,55.9429231930427,0.0260915695809928,"m"
5550,1,55.9442497347801,0.0260921137261643,"m"
5551,1,55.9455764069857,0.0260926579435192,"m"
5552,1,55.9469031790874,0.0260932022212215,"m"
5553,1,55.9482300205128,0.0260937465474357,"m"
5554,1,55.9495569006898,0.0260942909103261,"m"
5555,1,55.9508837890459,0.0260948352980569,"m"
5556,1,55.952210655009,0.0260953796987924,"m"
5557,1,55.9535374680068,0.0260959241006969,"m"
5558,1,55.954864197467,0.0260964684919347,"m"
5559,1,55.9561908128174,0.0260970128606701,"m"
5560,1,55.9575172834857,0.0260975571950674,"m"
5561,1,55.9588435788996,0.0260981014832908,"m"
5562,1,55.9601696684869,0.0260986457135047,"m"
5563,1,55.9614955216753,0.0260991898738733,"m"
5564,1,55.9628211078925,0.026099733952561,"m"
5565,1,55.9641463965663,0.026100277937732,"m"
5566,1,55.9654713571244,0.0261008218175506,"m"
5567,1,55.9667959589945,0.0261013655801811,"m"
5568,1,55.9681201716044,0.0261019092137878,"m"
5569,1,55.9694439643818,0.0261024527065349,"m"
5570,1,55.9707673067544,0.0261029960465869,"m"
5571,1,55.9720901679666,0.0261035392218681,"m"
5572,1,55.9734125163767,0.0261040822191454,"m"
5573,1,55.9747343200765,0.0261046250248371,"m"
5574,1,55.9760555471575,0.026105167625361,"m"
5575,1,55.9773761657113,0.0261057100071353,"m"
5576,1,55.9786961438296,0.026106252156578,"m"
5577,1,55.9800154496038,0.0261067940601072,"m"
5578,1,55.9813340511256,0.0261073357041408,"m"
5579,1,55.9826519164865,0.026107877075097,"m"
5580,1,55.9839690137782,0.0261084181593937,"m"
5581,1,55.9852853110922,0.026108958943449,"m"
5582,1,55.9866007765201,0.0261094994136809,"m"
5583,1,55.9879153781535,0.0261100395565075,"m"
5584,1,55.9892290840839,0.0261105793583468,"m"
5585,1,55.990541862403,0.0261111188056169,"m"
5586,1,55.9918536812024,0.0261116578847358,"m"
5587,1,55.9931645085735,0.0261121965821215,"m"
5588,1,55.9944743126081,0.0261127348841921,"m"
5589,1,55.9957830613976,0.0261132727773656,"m"
5590,1,55.9970907230337,0.0261138102480601,"m"
5591,1,55.998397265608,0.0261143472826935,"m"
5592,1,55.999702657212,0.026114883867684,"m"
5593,1,56.0010068659373,0.0261154199894496,"m"
5594,1,56.0023098598755,0.0261159556344083,"m"
5595,1,56.0036116071182,0.0261164907889781,"m"
5596,1,56.0049120757569,0.0261170254395772,"m"
5597,1,56.0062112338833,0.0261175595726234,"m"
5598,1,56.007509049589,0.026118093174535,"m"
5599,1,56.0088054909654,0.0261186262317298,"m"
5600,1,56.0101005261043,0.0261191587306261,"m"
5601,1,56.0113941269407,0.0261196906592622,"m"
5602,1,56.012686318243,0.0261202220279536,"m"
5603,1,56.0139771631843,0.0261207528632081,"m"
5604,1,56.0152667258031,0.0261212831918987,"m"
5605,1,56.0165550701378,0.0261218130408984,"m"
5606,1,56.017842260227,0.0261223424370801,"m"
5607,1,56.0191283601091,0.0261228714073167,"m"
5608,1,56.0204134338226,0.0261233999784811,"m"
5609,1,56.0216975454059,0.0261239281774463,"m"
5610,1,56.0229807588975,0.0261244560310852,"m"
5611,1,56.0242631383359,0.0261249835662708,"m"
5612,1,56.0255447477596,0.0261255108098759,"m"
5613,1,56.026825651207,0.0261260377887736,"m"
5614,1,56.0281059127166,0.0261265645298366,"m"
5615,1,56.0293855963269,0.0261270910599381,"m"
5616,1,56.0306647660763,0.0261276174059508,"m"
5617,1,56.0319434860033,0.0261281435947477,"m"
5618,1,56.0332218201464,0.0261286696532018,"m"
5619,1,56.0344998325441,0.026129195608186,"m"
5620,1,56.0357775872348,0.0261297214865732,"m"
5621,1,56.037055148257,0.0261302473152364,"m"
5622,1,56.0383325796492,0.0261307731210484,"m"
5623,1,56.0396099454498,0.0261312989308822,"m"
5624,1,56.0408873096973,0.0261318247716108,"m"
5625,1,56.0421647364302,0.0261323506701071,"m"
5626,1,56.043442289687,0.0261328766532439,"m"
5627,1,56.0447200335061,0.0261334027478943,"m"
5628,1,56.045998031926,0.0261339289809311,"m"
5629,1,56.0472763489852,0.0261344553792274,"m"
5630,1,56.0485550487221,0.0261349819696559,"m"
5631,1,56.0498341951752,0.0261355087790898,"m"
5632,1,56.0511138389227,0.0261360358286296,"m"
5633,1,56.0523939662052,0.0261365631117861,"m"
5634,1,56.0536745440623,0.026137090613836,"m"
5635,1,56.0549555395302,0.0261376183200545,"m"
5636,1,56.0562369196452,0.026138146215717,"m"
5637,1,56.0575186514436,0.0261386742860988,"m"
5638,1,56.0588007019615,0.026139202516475,"m"
5639,1,56.0600830382353,0.0261397308921209,"m"
5640,1,56.0613656273012,0.0261402593983119,"m"
5641,1,56.0626484361955,0.0261407880203232,"m"
5642,1,56.0639314319543,0.0261413167434301,"m"
5643,1,56.0652145816141,0.0261418455529079,"m"
5644,1,56.066497852211,0.0261423744340318,"m"
5645,1,56.0677812107812,0.026142903372077,"m"
5646,1,56.0690646243611,0.026143432352319,"m"
5647,1,56.0703480599869,0.0261439613600329,"m"
5648,1,56.0716314846948,0.026144490380494,"m"
5649,1,56.0729148655212,0.0261450193989777,"m"
5650,1,56.0741981695022,0.0261455484007591,"m"
5651,1,56.0754813636741,0.0261460773711135,"m"
5652,1,56.0767644150732,0.0261466062953163,"m"
5653,1,56.0780472907357,0.0261471351586426,"m"
5654,1,56.0793299576979,0.0261476639463678,"m"
5655,1,56.080612382996,0.0261481926437672,"m"
5656,1,56.0818945336663,0.0261487212361159,"m"
5657,1,56.083176376745,0.0261492497086894,"m"
5658,1,56.0844578792685,0.0261497780467628,"m"
5659,1,56.0857390082729,0.0261503062356114,"m"
5660,1,56.0870197307945,0.0261508342605105,"m"
5661,1,56.0883000138696,0.0261513621067354,"m"
5662,1,56.0895798245828,0.0261518897596737,"m"
5663,1,56.0908591306764,0.0261524172062377,"m"
5664,1,56.0921379003663,0.0261529444344385,"m"
5665,1,56.0934161018789,0.0261534714323116,"m"
5666,1,56.0946937034409,0.0261539981878924,"m"
5667,1,56.0959706732785,0.0261545246892164,"m"
5668,1,56.0972469796183,0.0261550509243189,"m"
5669,1,56.0985225906868,0.0261555768812354,"m"
5670,1,56.0997974747104,0.0261561025480014,"m"
5671,1,56.1010715999155,0.0261566279126523,"m"
5672,1,56.1023449345288,0.0261571529632234,"m"
5673,1,56.1036174467765,0.0261576776877503,"m"
5674,1,56.1048891048852,0.0261582020742683,"m"
5675,1,56.1061598770813,0.026158726110813,"m"
5676,1,56.1074297315913,0.0261592497854196,"m"
5677,1,56.1086986366418,0.0261597730861238,"m"
5678,1,56.109966560459,0.0261602960009608,"m"
5679,1,56.1112334712695,0.0261608185179661,"m"
5680,1,56.1124993372999,0.0261613406251751,"m"
5681,1,56.1137641267764,0.0261618623106234,"m"
5682,1,56.1150278079256,0.0261623835623462,"m"
5683,1,56.1162903489741,0.0261629043683791,"m"
5684,1,56.1175517181481,0.0261634247167575,"m"
5685,1,56.1188118836742,0.0261639445955167,"m"
5686,1,56.1200708137789,0.0261644639926923,"m"
5687,1,56.1213284766886,0.0261649828963197,"m"
5688,1,56.1225848406298,0.0261655012944342,"m"
5689,1,56.1238398738289,0.0261660191750714,"m"
5690,1,56.1250935445125,0.0261665365262666,"m"
5691,1,56.1263458209069,0.0261670533360553,"m"
5692,1,56.127596671695,0.0261675695926531,"m"
5693,1,56.1288460983559,0.0261680852972261,"m"
5694,1,56.1300941565932,0.0261686004723523,"m"
5695,1,56.1313409071947,0.0261691151426175,"m"
5696,1,56.1325864109485,0.0261696293326073,"m"
5697,1,56.1338307286424,0.0261701430669074,"m"
5698,1,56.1350739210643,0.0261706563701035,"m"
5699,1,56.1363160490023,0.0261711692667814,"m"
5700,1,56.137557173244,0.0261716817815267,"m"
5701,1,56.1387973545776,0.0261721939389251,"m"
5702,1,56.140036653791,0.0261727057635623,"m"
5703,1,56.141275131672,0.0261732172800241,"m"
5704,1,56.1425128490085,0.0261737285128961,"m"
5705,1,56.1437498665886,0.026174239486764,"m"
5706,1,56.1449862452,0.0261747502262136,"m"
5707,1,56.1462220456308,0.0261752607558305,"m"
5708,1,56.1474573286688,0.0261757711002005,"m"
5709,1,56.148692155102,0.0261762812839092,"m"
5710,1,56.1499265857183,0.0261767913315423,"m"
5711,1,56.1511606813056,0.0261773012676855,"m"
5712,1,56.1523945026519,0.0261778111169247,"m"
5713,1,56.153628110545,0.0261783209038453,"m"
5714,1,56.1548615657728,0.0261788306530332,"m"
5715,1,56.1560949291234,0.0261793403890741,"m"
5716,1,56.1573282613846,0.0261798501365535,"m"
5717,1,56.1585616233443,0.0261803599200574,"m"
5718,1,56.1597950757905,0.0261808697641713,"m"
5719,1,56.161028679511,0.0261813796934809,"m"
5720,1,56.1622624952938,0.026181889732572,"m"
5721,1,56.1634965839269,0.0261823999060303,"m"
5722,1,56.1647310061981,0.0261829102384414,"m"
5723,1,56.1659658194547,0.0261834207529796,"m"
5724,1,56.1672010349095,0.0261839314538928,"m"
5725,1,56.1684366308116,0.026184442331906,"m"
5726,1,56.1696725846971,0.0261849533774518,"m"
5727,1,56.1709088741021,0.0261854645809625,"m"
5728,1,56.1721454765628,0.0261859759328707,"m"
5729,1,56.1733823696155,0.0261864874236088,"m"
5730,1,56.1746195307962,0.0261869990436094,"m"
5731,1,56.1758569376411,0.026187510783305,"m"
5732,1,56.1770945676864,0.026188022633128,"m"
5733,1,56.1783323984683,0.026188534583511,"m"
5734,1,56.1795704075229,0.0261890466248863,"m"
5735,1,56.1808085723863,0.0261895587476866,"m"
5736,1,56.1820468705949,0.0261900709423444,"m"
5737,1,56.1832852796846,0.026190583199292,"m"
5738,1,56.1845237771918,0.026191095508962,"m"
5739,1,56.1857623406524,0.0261916078617869,"m"
5740,1,56.1870009476028,0.0261921202481993,"m"
5741,1,56.1882395755791,0.0261926326586315,"m"
5742,1,56.1894782021175,0.026193145083516,"m"
5743,1,56.190716804754,0.0261936575132854,"m"
5744,1,56.1919553610249,0.0261941699383722,"m"
5745,1,56.1931938484664,0.0261946823492089,"m"
5746,1,56.1944322446146,0.0261951947362278,"m"
5747,1,56.1956705270056,0.0261957070898617,"m"
5748,1,56.1969086731757,0.0261962194005428,"m"
5749,1,56.198146660661,0.0261967316587038,"m"
5750,1,56.1993844669977,0.026197243854777,"m"
5751,1,56.2006220697219,0.0261977559791951,"m"
5752,1,56.2018594463699,0.0261982680223905,"m"
5753,1,56.2030965742615,0.0261987799747075,"m"
5754,1,56.2043334155634,0.0261992918203093,"m"
5755,1,56.2055699076066,0.0261998035332286,"m"
5756,1,56.2068059854197,0.026200315086559,"m"
5757,1,56.2080415840316,0.0262008264533943,"m"
5758,1,56.209276638471,0.0262013376068278,"m"
5759,1,56.2105110837667,0.0262018485199534,"m"
5760,1,56.2117448549474,0.0262023591658646,"m"
5761,1,56.2129778870419,0.026202869517655,"m"
5762,1,56.214210115079,0.0262033795484183,"m"
5763,1,56.2154414740873,0.0262038892312481,"m"
5764,1,56.2166718990958,0.026204398539238,"m"
5765,1,56.217901325133,0.0262049074454817,"m"
5766,1,56.2191296872279,0.0262054159230726,"m"
5767,1,56.2203569204091,0.0262059239451046,"m"
5768,1,56.2215829597054,0.0262064314846711,"m"
5769,1,56.2228077401455,0.0262069385148659,"m"
5770,1,56.2240311967583,0.0262074450087825,"m"
5771,1,56.2252532645725,0.0262079509395146,"m"
5772,1,56.2264738786168,0.0262084562801557,"m"
5773,1,56.22769297392,0.0262089610037996,"m"
5774,1,56.2289104855109,0.0262094650835398,"m"
5775,1,56.2301263484182,0.0262099684924699,"m"
5776,1,56.2313404976706,0.0262104712036836,"m"
5777,1,56.2325528682971,0.0262109731902745,"m"
5778,1,56.2337633953262,0.0262114744253362,"m"
5779,1,56.2349720137868,0.0262119748819624,"m"
5780,1,56.2361786587076,0.0262124745332466,"m"
5781,1,56.2373832651173,0.0262129733522825,"m"
5782,1,56.2385857680449,0.0262134713121638,"m"
5783,1,56.2397861025189,0.0262139683859839,"m"
5784,1,56.2409842440532,0.0262144645637234,"m"
5785,1,56.2421803316887,0.0262149599035717,"m"
5786,1,56.2433745457483,0.0262154544809376,"m"
5787,1,56.244567066555,0.0262159483712299,"m"
5788,1,56.2457580744321,0.0262164416498573,"m"
5789,1,56.2469477497024,0.0262169343922287,"m"
5790,1,56.2481362726891,0.0262174266737528,"m"
5791,1,56.2493238237151,0.0262179185698384,"m"
5792,1,56.2505105831036,0.0262184101558943,"m"
5793,1,56.2516967311776,0.0262189015073293,"m"
5794,1,56.2528824482601,0.0262193926995521,"m"
5795,1,56.2540679146743,0.0262198838079715,"m"
5796,1,56.255253310743,0.0262203749079964,"m"
5797,1,56.2564388167894,0.0262208660750355,"m"
5798,1,56.2576246131365,0.0262213573844976,"m"
5799,1,56.2588108801075,0.0262218489117914,"m"
5800,1,56.2599977980252,0.0262223407323258,"m"
5801,1,56.2611855472128,0.0262228329215096,"m"
5802,1,56.2623743079934,0.0262233255547514,"m"
5803,1,56.2635642606899,0.0262238187074602,"m"
5804,1,56.2647555856254,0.0262243124550446,"m"
5805,1,56.2659484631231,0.0262248068729135,"m"
5806,1,56.2671430735058,0.0262253020364757,"m"
5807,1,56.2683395970967,0.0262257980211399,"m"
5808,1,56.2695382142188,0.0262262949023149,"m"
5809,1,56.2707391051951,0.0262267927554095,"m"
5810,1,56.2719424503488,0.0262272916558325,"m"
5811,1,56.2731484300028,0.0262277916789927,"m"
5812,1,56.2743572244803,0.0262282929002988,"m"
5813,1,56.2755690141042,0.0262287953951596,"m"
5814,1,56.2767839757471,0.0262292992375425,"m"
5815,1,56.2780020504092,0.0262298044028734,"m"
5816,1,56.2792227958635,0.0262303107064764,"m"
5817,1,56.2804457347677,0.0262308179490053,"m"
5818,1,56.2816703897794,0.0262313259311138,"m"
5819,1,56.282896283556,0.0262318344534556,"m"
5820,1,56.2841229387551,0.0262323433166845,"m"
5821,1,56.2853498780344,0.0262328523214542,"m"
5822,1,56.2865766240514,0.0262333612684184,"m"
5823,1,56.2878026994637,0.0262338699582308,"m"
5824,1,56.2890276269288,0.0262343781915452,"m"
5825,1,56.2902509291044,0.0262348857690154,"m"
5826,1,56.291472128648,0.026235392491295,"m"
5827,1,56.2926907482172,0.0262358981590378,"m"
5828,1,56.2939063104696,0.0262364025728975,"m"
5829,1,56.2951183380627,0.0262369055335278,"m"
5830,1,56.2963263536541,0.0262374068415826,"m"
5831,1,56.2975298799014,0.0262379062977155,"m"
5832,1,56.2987284394622,0.0262384037025802,"m"
5833,1,56.2999215549941,0.0262388988568305,"m"
5834,1,56.3011087491545,0.0262393915611201,"m"
5835,1,56.3022895446012,0.0262398816161028,"m"
5836,1,56.3034634639916,0.0262403688224322,"m"
5837,1,56.3046300299834,0.0262408529807622,"m"
5838,1,56.3057887652341,0.0262413338917464,"m"
5839,1,56.3069391924013,0.0262418113560386,"m"
5840,1,56.3080808341426,0.0262422851742925,"m"
5841,1,56.3092132131155,0.0262427551471619,"m"
5842,1,56.3103358519777,0.0262432210753004,"m"
5843,1,56.3114482733866,0.0262436827593619,"m"
5844,1,56.31255,0.02624414,"m"
5845,1,56.3136407072916,0.0262445926616451,"m"
5846,1,56.3147206820001,0.0262450408638337,"m"
5847,1,56.3157903636807,0.026245484789879,"m"
5848,1,56.3168501918883,0.0262459246230941,"m"
5849,1,56.317900606178,0.0262463605467923,"m"
5850,1,56.3189420461049,0.0262467927442866,"m"
5851,1,56.3199749512239,0.0262472213988903,"m"
5852,1,56.3209997610901,0.0262476466939165,"m"
5853,1,56.3220169152586,0.0262480688126783,"m"
5854,1,56.3230268532843,0.026248487938489,"m"
5855,1,56.3240300147223,0.0262489042546616,"m"
5856,1,56.3250268391276,0.0262493179445094,"m"
5857,1,56.3260177660553,0.0262497291913454,"m"
5858,1,56.3270032350605,0.0262501381784829,"m"
5859,1,56.327983685698,0.026250545089235,"m"
5860,1,56.328959557523,0.0262509501069149,"m"
5861,1,56.3299312900906,0.0262513534148357,"m"
5862,1,56.3308993229556,0.0262517551963106,"m"
5863,1,56.3318640956733,0.0262521556346527,"m"
5864,1,56.3328260477985,0.0262525549131753,"m"
5865,1,56.3337856188864,0.0262529532151914,"m"
5866,1,56.334743248492,0.0262533507240142,"m"
5867,1,56.3356993761702,0.026253747622957,"m"
5868,1,56.3366544414763,0.0262541440953327,"m"
5869,1,56.3376088839651,0.0262545403244547,"m"
5870,1,56.3385631431917,0.026254936493636,"m"
5871,1,56.3395176587112,0.0262553327861899,"m"
5872,1,56.3404728700785,0.0262557293854294,"m"
5873,1,56.3414292168488,0.0262561264746678,"m"
5874,1,56.342387138577,0.0262565242372182,"m"
5875,1,56.3433470475513,0.0262569228449979,"m"
5876,1,56.3443090584872,0.0262573223455577,"m"
5877,1,56.345273102947,0.0262577227099022,"m"
5878,1,56.3462391098141,0.026258123907916,"m"
5879,1,56.3472070079716,0.0262585259094839,"m"
5880,1,56.3481767263026,0.0262589286844905,"m"
5881,1,56.3491481936905,0.0262593322028206,"m"
5882,1,56.3501213390184,0.0262597364343589,"m"
5883,1,56.3510960911694,0.0262601413489902,"m"
5884,1,56.3520723790269,0.026260546916599,"m"
5885,1,56.3530501314739,0.0262609531070703,"m"
5886,1,56.3540292773937,0.0262613598902886,"m"
5887,1,56.3550097456694,0.0262617672361387,"m"
5888,1,56.3559914651843,0.0262621751145052,"m"
5889,1,56.3569743648216,0.0262625834952731,"m"
5890,1,56.3579583734645,0.0262629923483268,"m"
5891,1,56.3589434199961,0.0262634016435512,"m"
5892,1,56.3599294332997,0.0262638113508309,"m"
5893,1,56.3609163422584,0.0262642214400508,"m"
5894,1,56.3619040757555,0.0262646318810954,"m"
5895,1,56.3628925626741,0.0262650426438496,"m"
5896,1,56.3638817318975,0.026265453698198,"m"
5897,1,56.3648715123087,0.0262658650140253,"m"
5898,1,56.3658618327912,0.0262662765612163,"m"
5899,1,56.3668526222279,0.0262666883096557,"m"
5900,1,56.3678438095022,0.0262671002292282,"m"
5901,1,56.3688353234972,0.0262675122898185,"m"
5902,1,56.3698270930961,0.0262679244613114,"m"
5903,1,56.3708190471821,0.0262683367135915,"m"
5904,1,56.3718111146385,0.0262687490165435,"m"
5905,1,56.3728032243483,0.0262691613400522,"m"
5906,1,56.3737953184931,0.0262695736595941,"m"
5907,1,56.374787391931,0.0262699859727956,"m"
5908,1,56.3757794525616,0.0262703982827671,"m"
5909,1,56.3767715082845,0.0262708105926187,"m"
5910,1,56.3777635669994,0.0262712229054608,"m"
5911,1,56.3787556366059,0.0262716352244036,"m"
5912,1,56.3797477250035,0.0262720475525573,"m"
5913,1,56.3807398400918,0.0262724598930323,"m"
5914,1,56.3817319897706,0.0262728722489388,"m"
5915,1,56.3827241819393,0.0262732846233871,"m"
5916,1,56.3837164244977,0.0262736970194875,"m"
5917,1,56.3847087253452,0.0262741094403501,"m"
5918,1,56.3857010923816,0.0262745218890853,"m"
5919,1,56.3866935335063,0.0262749343688034,"m"
5920,1,56.3876860566192,0.0262753468826146,"m"
5921,1,56.3886786696196,0.0262757594336291,"m"
5922,1,56.3896713804073,0.0262761720249573,"m"
5923,1,56.3906641968819,0.0262765846597094,"m"
5924,1,56.391657126943,0.0262769973409957,"m"
5925,1,56.3926501784901,0.0262774100719264,"m"
5926,1,56.3936433594229,0.0262778228556118,"m"
5927,1,56.394636677641,0.0262782356951622,"m"
5928,1,56.395630141044,0.0262786485936878,"m"
5929,1,56.3966237575316,0.026279061554299,"m"
5930,1,56.3976175350032,0.0262794745801059,"m"
5931,1,56.3986114813586,0.0262798876742189,"m"
5932,1,56.3996056044973,0.0262803008397481,"m"
5933,1,56.400599912319,0.026280714079804,"m"
5934,1,56.4015944127233,0.0262811273974966,"m"
5935,1,56.4025891136097,0.0262815407959364,"m"
5936,1,56.4035840205012,0.0262819542773243,"m"
5937,1,56.4045791132804,0.0262823678340519,"m"
5938,1,56.4055743561857,0.0262827814525257,"m"
5939,1,56.4065697132323,0.0262831951190667,"m"
5940,1,56.4075651484355,0.0262836088199962,"m"
5941,1,56.4085606258106,0.0262840225416352,"m"
5942,1,56.4095561093728,0.0262844362703048,"m"
5943,1,56.4105515631372,0.0262848499923262,"m"
5944,1,56.4115469511192,0.0262852636940204,"m"
5945,1,56.4125422373341,0.0262856773617085,"m"
5946,1,56.4135373857969,0.0262860909817117,"m"
5947,1,56.414532360523,0.026286504540351,"m"
5948,1,56.4155271255275,0.0262869180239476,"m"
5949,1,56.4165216448259,0.0262873314188225,"m"
5950,1,56.4175158824332,0.0262877447112969,"m"
5951,1,56.4185098023647,0.0262881578876919,"m"
5952,1,56.4195033686356,0.0262885709343286,"m"
5953,1,56.4204965452613,0.0262889838375281,"m"
5954,1,56.4214892962569,0.0262893965836115,"m"
5955,1,56.4224815856376,0.0262898091588999,"m"
5956,1,56.4234733774188,0.0262902215497144,"m"
5957,1,56.4244646356156,0.0262906337423761,"m"
5958,1,56.4254553242432,0.0262910457232061,"m"
5959,1,56.426445407317,0.0262914574785256,"m"
5960,1,56.4274348488522,0.0262918689946556,"m"
5961,1,56.4284236128639,0.0262922802579172,"m"
5962,1,56.4294116633674,0.0262926912546316,"m"
5963,1,56.4303989643781,0.0262931019711199,"m"
5964,1,56.431385479911,0.0262935123937031,"m"
5965,1,56.4323711739815,0.0262939225087023,"m"
5966,1,56.4333560113786,0.0262943323027403,"m"
5967,1,56.4343399926791,0.0262947417763816,"m"
5968,1,56.4353231685456,0.0262951509497037,"m"
5969,1,56.4363055933764,0.0262955598442391,"m"
5970,1,56.4372873215697,0.0262959684815205,"m"
5971,1,56.4382684075237,0.0262963768830804,"m"
5972,1,56.4392489056366,0.0262967850704515,"m"
5973,1,56.4402288703066,0.0262971930651664,"m"
5974,1,56.4412083559319,0.0262976008887576,"m"
5975,1,56.4421874169108,0.0262980085627577,"m"
5976,1,56.4431661076414,0.0262984161086995,"m"
5977,1,56.4441444825218,0.0262988235481153,"m"
5978,1,56.4451225959505,0.026299230902538,"m"
5979,1,56.4461005023254,0.0262996381934999,"m"
5980,1,56.4470782560449,0.0263000454425339,"m"
5981,1,56.4480559115072,0.0263004526711724,"m"
5982,1,56.4490335231104,0.026300859900948,"m"
5983,1,56.4500111452527,0.0263012671533934,"m"
5984,1,56.4509888323324,0.0263016744500412,"m"
5985,1,56.4519666387477,0.0263020818124239,"m"
5986,1,56.4529446188967,0.0263024892620742,"m"
5987,1,56.4539228271776,0.0263028968205247,"m"
5988,1,56.4549013179888,0.0263033045093078,"m"
5989,1,56.4558801457283,0.0263037123499564,"m"
5990,1,56.4568593647944,0.0263041203640029,"m"
5991,1,56.4578390295853,0.02630452857298,"m"
5992,1,56.4588191944992,0.0263049369984202,"m"
5993,1,56.4597999139342,0.0263053456618562,"m"
5994,1,56.4607812422887,0.0263057545848206,"m"
5995,1,56.4617632339607,0.0263061637888459,"m"
5996,1,56.4627459433485,0.0263065732954648,"m"
5997,1,56.463729420409,0.0263069831243838,"m"
5998,1,56.4647136677329,0.0263073932758352,"m"
5999,1,56.4656986592623,0.0263078037382726,"m"
6000,1,56.4666843685409,0.0263082144999857,"m"
6001,1,56.4676707691124,0.0263086255492642,"m"
6002,1,56.4686578345203,0.026309036874398,"m"
6003,1,56.4696455383084,0.0263094484636767,"m"
6004,1,56.4706338540202,0.02630986030539,"m"
6005,1,56.4716227551994,0.0263102723878278,"m"
6006,1,56.4726122153897,0.0263106846992796,"m"
6007,1,56.4736022081347,0.0263110972280354,"m"
6008,1,56.4745927069779,0.0263115099623847,"m"
6009,1,56.4755836854632,0.0263119228906174,"m"
6010,1,56.476575117134,0.0263123360010232,"m"
6011,1,56.4775669755341,0.0263127492818918,"m"
6012,1,56.4785592342071,0.0263131627215129,"m"
6013,1,56.4795518666966,0.0263135763081763,"m"
6014,1,56.4805448465462,0.0263139900301717,"m"
6015,1,56.4815381472997,0.0263144038757889,"m"
6016,1,56.4825317425006,0.0263148178333176,"m"
6017,1,56.4835256056926,0.0263152318910474,"m"
6018,1,56.4845197104194,0.0263156460372683,"m"
6019,1,56.4855140302245,0.0263160602602698,"m"
6020,1,56.4865085386516,0.0263164745483417,"m"
6021,1,56.4875032092444,0.0263168888897739,"m"
6022,1,56.4884980155464,0.0263173032728559,"m"
6023,1,56.4894929311014,0.0263177176858775,"m"
6024,1,56.490487929453,0.0263181321171285,"m"
6025,1,56.4914829841447,0.0263185465548986,"m"
6026,1,56.4924780687204,0.0263189609874776,"m"
6027,1,56.4934731567273,0.0263193754031783,"m"
6028,1,56.4944682218887,0.0263197897913648,"m"
6029,1,56.4954632381708,0.0263202041428595,"m"
6030,1,56.4964581795581,0.0263206184485923,"m"
6031,1,56.4974530200349,0.0263210326994929,"m"
6032,1,56.4984477335856,0.0263214468864912,"m"
6033,1,56.4994422941946,0.0263218610005171,"m"
6034,1,56.5004366758463,0.0263222750325004,"m"
6035,1,56.501430852525,0.026322688973371,"m"
6036,1,56.5024247982151,0.0263231028140587,"m"
6037,1,56.503418486901,0.0263235165454933,"m"
6038,1,56.504411892567,0.0263239301586047,"m"
6039,1,56.5054049891976,0.0263243436443227,"m"
6040,1,56.5063977507772,0.0263247569935773,"m"
6041,1,56.50739015129,0.0263251701972981,"m"
6042,1,56.5083821647204,0.0263255832464151,"m"
6043,1,56.5093737650529,0.0263259961318581,"m"
6044,1,56.5103649262719,0.0263264088445569,"m"
6045,1,56.5113556223616,0.0263268213754415,"m"
6046,1,56.5123458273065,0.0263272337154415,"m"
6047,1,56.5133355150909,0.026327645855487,"m"
6048,1,56.5143246596992,0.0263280577865077,"m"
6049,1,56.5153132351159,0.0263284694994334,"m"
6050,1,56.5163012153252,0.0263288809851941,"m"
6051,1,56.5172885743115,0.0263292922347195,"m"
6052,1,56.5182752860593,0.0263297032389395,"m"
6053,1,56.5192613245529,0.026330113988784,"m"
6054,1,56.5202466637766,0.0263305244751828,"m"
6055,1,56.5212312777149,0.0263309346890656,"m"
6056,1,56.5222151403521,0.0263313446213625,"m"
6057,1,56.5231982256753,0.0263317542630042,"m"
6058,1,56.5241805229399,0.0263321636106898,"m"
6059,1,56.5251620725623,0.0263325726804461,"m"
6060,1,56.5261429256623,0.0263329814923439,"m"
6061,1,56.5271231333598,0.0263333900664536,"m"
6062,1,56.5281027467746,0.0263337984228459,"m"
6063,1,56.5290818170265,0.0263342065815912,"m"
6064,1,56.5300603952354,0.0263346145627602,"m"
6065,1,56.5310385325211,0.0263350223864234,"m"
6066,1,56.5320162800035,0.0263354300726513,"m"
6067,1,56.5329936888024,0.0263358376415146,"m"
6068,1,56.5339708100376,0.0263362451130839,"m"
6069,1,56.534947694829,0.0263366525074296,"m"
6070,1,56.5359243942963,0.0263370598446224,"m"
6071,1,56.5369009595596,0.0263374671447327,"m"
6072,1,56.5378774417385,0.0263378744278313,"m"
6073,1,56.5388538919529,0.0263382817139886,"m"
6074,1,56.5398303613227,0.0263386890232752,"m"
6075,1,56.5408069009677,0.0263390963757617,"m"
6076,1,56.5417835620077,0.0263395037915187,"m"
6077,1,56.5427603955626,0.0263399112906166,"m"
6078,1,56.5437374527522,0.0263403188931262,"m"
6079,1,56.5447147846964,0.0263407266191178,"m"
6080,1,56.5456924425149,0.0263411344886622,"m"
6081,1,56.5466704773277,0.0263415425218299,"m"
6082,1,56.5476489402546,0.0263419507386914,"m"
6083,1,56.5486278824153,0.0263423591593174,"m"
6084,1,56.5496073549298,0.0263427678037783,"m"
6085,1,56.5505874089179,0.0263431766921448,"m"
6086,1,56.5515680954994,0.0263435858444873,"m"
6087,1,56.5525494657942,0.0263439952808766,"m"
6088,1,56.5535315702312,0.0263444050211084,"m"
6089,1,56.5545144285818,0.0263448150727892,"m"
6090,1,56.5554980184416,0.0263452254267564,"m"
6091,1,56.5564823143379,0.0263456360726273,"m"
6092,1,56.557467290798,0.0263460470000193,"m"
6093,1,56.5584529223492,0.02634645819855,"m"
6094,1,56.5594391835189,0.0263468696578366,"m"
6095,1,56.5604260488344,0.0263472813674967,"m"
6096,1,56.5614134928231,0.0263476933171476,"m"
6097,1,56.5624014900121,0.0263481054964068,"m"
6098,1,56.563390014929,0.0263485178948917,"m"
6099,1,56.564379042101,0.0263489305022196,"m"
6100,1,56.5653685460555,0.0263493433080081,"m"
6101,1,56.5663585013197,0.0263497563018746,"m"
6102,1,56.5673488824211,0.0263501694734364,"m"
6103,1,56.5683396638869,0.0263505828123109,"m"
6104,1,56.5693308202445,0.0263509963081157,"m"
6105,1,56.5703223260211,0.0263514099504681,"m"
6106,1,56.5713141557442,0.0263518237289856,"m"
6107,1,56.5723062839411,0.0263522376332855,"m"
6108,1,56.5732986851391,0.0263526516529852,"m"
6109,1,56.5742913338655,0.0263530657777023,"m"
6110,1,56.5752842046476,0.0263534799970541,"m"
6111,1,56.5762772720129,0.0263538943006581,"m"
6112,1,56.5772705104885,0.0263543086781315,"m"
6113,1,56.5782638946019,0.026354723119092,"m"
6114,1,56.5792573988804,0.0263551376131569,"m"
6115,1,56.5802509978513,0.0263555521499436,"m"
6116,1,56.5812446660419,0.0263559667190695,"m"
6117,1,56.5822383779796,0.026356381310152,"m"
6118,1,56.5832321081916,0.0263567959128087,"m"
6119,1,56.5842258309968,0.026357210516584,"m"
6120,1,56.5852195200218,0.0263576251107812,"m"
6121,1,56.5862131487501,0.0263580396846535,"m"
6122,1,56.5872066906651,0.0263584542274541,"m"
6123,1,56.5882001192501,0.0263588687284361,"m"
6124,1,56.5891934079886,0.0263592831768526,"m"
6125,1,56.5901865303638,0.0263596975619569,"m"
6126,1,56.5911794598593,0.0263601118730022,"m"
6127,1,56.5921721699584,0.0263605260992416,"m"
6128,1,56.5931646341445,0.0263609402299282,"m"
6129,1,56.594156825901,0.0263613542543153,"m"
6130,1,56.5951487187113,0.026361768161656,"m"
6131,1,56.5961402860587,0.0263621819412035,"m"
6132,1,56.5971315014268,0.026362595582211,"m"
6133,1,56.5981223382987,0.0263630090739316,"m"
6134,1,56.5991127701581,0.0263634224056185,"m"
6135,1,56.6001027704881,0.0263638355665249,"m"
6136,1,56.6010923127723,0.026364248545904,"m"
6137,1,56.602081370494,0.0263646613330089,"m"
6138,1,56.6030699171366,0.0263650739170928,"m"
6139,1,56.6040579261835,0.0263654862874088,"m"
6140,1,56.6050453711181,0.0263658984332103,"m"
6141,1,56.6060322254238,0.0263663103437502,"m"
6142,1,56.607018462584,0.0263667220082818,"m"
6143,1,56.608004056082,0.0263671334160583,"m"
6144,1,56.6089889794013,0.0263675445563328,"m"
6145,1,56.6099732060252,0.0263679554183585,"m"
6146,1,56.6109567094372,0.0263683659913886,"m"
6147,1,56.6119394631206,0.0263687762646763,"m"
6148,1,56.6129214405588,0.0263691862274746,"m"
6149,1,56.6139026207001,0.0263695958712504,"m"
6150,1,56.6148830305765,0.0263700052069455,"m"
6151,1,56.6158627221997,0.0263704142556196,"m"
6152,1,56.6168417477949,0.0263708230384188,"m"
6153,1,56.617820159587,0.0263712315764892,"m"
6154,1,56.618798009801,0.0263716398909766,"m"
6155,1,56.619775350662,0.0263720480030272,"m"
6156,1,56.6207522343949,0.0263724559337868,"m"
6157,1,56.6217287132248,0.0263728637044017,"m"
6158,1,56.6227048393767,0.0263732713360177,"m"
6159,1,56.6236806650755,0.0263736788497809,"m"
6160,1,56.6246562425463,0.0263740862668373,"m"
6161,1,56.625631624014,0.0263744936083329,"m"
6162,1,56.6266068617038,0.0263749008954137,"m"
6163,1,56.6275820078406,0.0263753081492258,"m"
6164,1,56.6285571146494,0.0263757153909151,"m"
6165,1,56.6295322343552,0.0263761226416277,"m"
6166,1,56.630507419183,0.0263765299225095,"m"
6167,1,56.6314827213578,0.0263769372547067,"m"
6168,1,56.6324581931047,0.0263773446593652,"m"
6169,1,56.6334338866487,0.026377752157631,"m"
6170,1,56.6344098542147,0.0263781597706502,"m"
6171,1,56.6353861480277,0.0263785675195687,"m"
6172,1,56.6363628203128,0.0263789754255326,"m"
6173,1,56.637339923295,0.0263793835096878,"m"
6174,1,56.6383175091993,0.0263797917931805,"m"
6175,1,56.6392956302507,0.0263802002971566,"m"
6176,1,56.6402743386741,0.0263806090427622,"m"
6177,1,56.6412536866947,0.0263810180511431,"m"
6178,1,56.6422337265374,0.0263814273434456,"m"
6179,1,56.6432145104234,0.026381836940814,"m"
6180,1,56.6441960745024,0.0263822468579297,"m"
6181,1,56.6451784021002,0.0263826570882316,"m"
6182,1,56.6461614657062,0.0263830676208003,"m"
6183,1,56.6471452378096,0.0263834784447169,"m"
6184,1,56.6481296908997,0.0263838895490621,"m"
6185,1,56.6491147974659,0.0263843009229169,"m"
6186,1,56.6501005299975,0.026384712555362,"m"
6187,1,56.6510868609838,0.0263851244354784,"m"
6188,1,56.6520737629141,0.0263855365523469,"m"
6189,1,56.6530612082777,0.0263859488950483,"m"
6190,1,56.6540491695639,0.0263863614526636,"m"
6191,1,56.6550376192621,0.0263867742142736,"m"
6192,1,56.6560265298615,0.0263871871689592,"m"
6193,1,56.6570158738515,0.0263876003058011,"m"
6194,1,56.6580056237213,0.0263880136138804,"m"
6195,1,56.6589957519604,0.0263884270822778,"m"
6196,1,56.6599862310579,0.0263888407000742,"m"
6197,1,56.6609770335033,0.0263892544563505,"m"
6198,1,56.6619681317858,0.0263896683401875,"m"
6199,1,56.6629594983948,0.0263900823406661,"m"
6200,1,56.6639511058195,0.0263904964468672,"m"
6201,1,56.6649429265492,0.0263909106478716,"m"
6202,1,56.6659349330733,0.0263913249327602,"m"
6203,1,56.6669270978811,0.0263917392906138,"m"
6204,1,56.667919393462,0.0263921537105134,"m"
6205,1,56.6689117923051,0.0263925681815397,"m"
6206,1,56.6699042668998,0.0263929826927737,"m"
6207,1,56.6708967897355,0.0263933972332961,"m"
6208,1,56.6718893333015,0.0263938117921879,"m"
6209,1,56.672881870087,0.02639422635853,"m"
6210,1,56.6738743728514,0.0263946409214894,"m"
6211,1,56.6748668167048,0.026395055470984,"m"
6212,1,56.6758591779674,0.0263954699973184,"m"
6213,1,56.6768514329695,0.0263958844908003,"m"
6214,1,56.6778435580415,0.0263962989417373,"m"
6215,1,56.6788355295135,0.0263967133404371,"m"
6216,1,56.6798273237161,0.0263971276772075,"m"
6217,1,56.6808189169793,0.0263975419423561,"m"
6218,1,56.6818102856336,0.0263979561261905,"m"
6219,1,56.6828014060091,0.0263983702190186,"m"
6220,1,56.6837922544364,0.0263987842111479,"m"
6221,1,56.6847828072455,0.0263991980928862,"m"
6222,1,56.6857730407669,0.0263996118545411,"m"
6223,1,56.6867629313308,0.0264000254864204,"m"
6224,1,56.6877524552675,0.0264004389788318,"m"
6225,1,56.6887415889073,0.0264008523220828,"m"
6226,1,56.6897303085806,0.0264012655064813,"m"
6227,1,56.6907185906176,0.0264016785223349,"m"
6228,1,56.6917064113487,0.0264020913599513,"m"
6229,1,56.6926937471041,0.0264025040096381,"m"
6230,1,56.693680574214,0.0264029164617032,"m"
6231,1,56.694666869009,0.0264033287064541,"m"
6232,1,56.6956526078191,0.0264037407341985,"m"
6233,1,56.6966377669748,0.0264041525352442,"m"
6234,1,56.6976223228063,0.0264045640998989,"m"
6235,1,56.698606251644,0.0264049754184701,"m"
6236,1,56.699589529818,0.0264053864812657,"m"
6237,1,56.7005721336588,0.0264057972785933,"m"
6238,1,56.7015540394966,0.0264062078007605,"m"
6239,1,56.7025352236618,0.0264066180380752,"m"
6240,1,56.7035156634818,0.0264070279812447,"m"
6241,1,56.7044953682233,0.0264074376337818,"m"
6242,1,56.7054743850764,0.0264078470144037,"m"
6243,1,56.7064527634366,0.0264082561427117,"m"
6244,1,56.7074305526989,0.0264086650383071,"m"
6245,1,56.7084078022588,0.0264090737207911,"m"
6246,1,56.7093845615115,0.0264094822097651,"m"
6247,1,56.7103608798523,0.0264098905248303,"m"
6248,1,56.7113368066764,0.0264102986855881,"m"
6249,1,56.7123123913792,0.0264107067116396,"m"
6250,1,56.7132876833559,0.0264111146225862,"m"
6251,1,56.7142627320018,0.0264115224380293,"m"
6252,1,56.7152375867122,0.02641193017757,"m"
6253,1,56.7162122968824,0.0264123378608096,"m"
6254,1,56.7171869119076,0.0264127455073496,"m"
6255,1,56.7181614811831,0.026413153136791,"m"
6256,1,56.7191360541043,0.0264135607687353,"m"
6257,1,56.7201106800663,0.0264139684227837,"m"
6258,1,56.7210854084645,0.0264143761185375,"m"
6259,1,56.7220602886942,0.026414783875598,"m"
6260,1,56.7230353701506,0.0264151917135665,"m"
6261,1,56.724010702229,0.0264155996520442,"m"
6262,1,56.7249863343247,0.0264160077106325,"m"
6263,1,56.725962315833,0.0264164159089327,"m"
6264,1,56.7269386961492,0.026416824266546,"m"
6265,1,56.7279155246685,0.0264172328030737,"m"
6266,1,56.7288928507862,0.0264176415381171,"m"
6267,1,56.7298707238976,0.0264180504912775,"m"
6268,1,56.730849193398,0.0264184596821561,"m"
6269,1,56.7318283086826,0.0264188691303544,"m"
6270,1,56.7328081191468,0.0264192788554735,"m"
6271,1,56.7337886688559,0.0264196888750093,"m"
6272,1,56.734769955985,0.0264200991883296,"m"
6273,1,56.7357519552904,0.0264205097855511,"m"
6274,1,56.7367346413414,0.0264209206567168,"m"
6275,1,56.737717988707,0.0264213317918693,"m"
6276,1,56.7387019719564,0.0264217431810515,"m"
6277,1,56.7396865656587,0.0264221548143062,"m"
6278,1,56.740671744383,0.0264225666816761,"m"
6279,1,56.7416574826984,0.026422978773204,"m"
6280,1,56.742643755174,0.0264233910789328,"m"
6281,1,56.743630536379,0.0264238035889052,"m"
6282,1,56.7446178008824,0.0264242162931641,"m"
6283,1,56.7456055232534,0.0264246291817521,"m"
6284,1,56.7465936780611,0.0264250422447122,"m"
6285,1,56.7475822398746,0.026425455472087,"m"
6286,1,56.748571183263,0.0264258688539195,"m"
6287,1,56.7495604827955,0.0264262823802523,"m"
6288,1,56.7505501130412,0.0264266960411283,"m"
6289,1,56.7515400485691,0.0264271098265903,"m"
6290,1,56.7525302639484,0.026427523726681,"m"
6291,1,56.7535207337483,0.0264279377314433,"m"
6292,1,56.7545114325377,0.0264283518309199,"m"
6293,1,56.7555023348859,0.0264287660151536,"m"
6294,1,56.756493415362,0.0264291802741873,"m"
6295,1,56.7574846485351,0.0264295945980637,"m"
6296,1,56.7584760089742,0.0264300089768256,"m"
6297,1,56.7594674712486,0.0264304234005158,"m"
6298,1,56.7604590099273,0.0264308378591771,"m"
6299,1,56.7614505995794,0.0264312523428523,"m"
6300,1,56.7624422147741,0.0264316668415842,"m"
6301,1,56.7634338300896,0.026432081345417,"m"
6302,1,56.7644254203922,0.0264324958444383,"m"
6303,1,56.7654169608871,0.0264329103287874,"m"
6304,1,56.7664084267989,0.0264333247886063,"m"
6305,1,56.7673997933524,0.0264337392140369,"m"
6306,1,56.7683910357723,0.0264341535952214,"m"
6307,1,56.7693821292831,0.0264345679223018,"m"
6308,1,56.7703730491097,0.0264349821854201,"m"
6309,1,56.7713637704766,0.0264353963747184,"m"
6310,1,56.7723542686086,0.0264358104803386,"m"
6311,1,56.7733445187303,0.0264362244924229,"m"
6312,1,56.7743344960665,0.0264366384011133,"m"
6313,1,56.7753241758418,0.0264370521965518,"m"
6314,1,56.7763135332809,0.0264374658688804,"m"
6315,1,56.7773025436085,0.0264378794082412,"m"
6316,1,56.7782911820493,0.0264382928047763,"m"
6317,1,56.7792794238278,0.0264387060486276,"m"
6318,1,56.780267244169,0.0264391191299372,"m"
6319,1,56.7812546182973,0.0264395320388472,"m"
6320,1,56.7822415214375,0.0264399447654996,"m"
6321,1,56.7832279288143,0.0264403573000364,"m"
6322,1,56.7842138156524,0.0264407696325996,"m"
6323,1,56.7851991571764,0.0264411817533314,"m"
6324,1,56.786183928611,0.0264415936523737,"m"
6325,1,56.7871681051809,0.0264420053198686,"m"
6326,1,56.7881516621108,0.0264424167459581,"m"
6327,1,56.7891345746254,0.0264428279207842,"m"
6328,1,56.7901168179494,0.0264432388344891,"m"
6329,1,56.7910983673074,0.0264436494772147,"m"
6330,1,56.7920791979241,0.026444059839103,"m"
6331,1,56.7930592850466,0.026444469910305,"m"
6332,1,56.7940386213383,0.0264448796877977,"m"
6333,1,56.7950172480356,0.0264452891875966,"m"
6334,1,56.795995214776,0.0264456984290098,"m"
6335,1,56.7969725711971,0.0264461074313456,"m"
6336,1,56.7979493669367,0.0264465162139123,"m"
6337,1,56.7989256516324,0.0264469247960181,"m"
6338,1,56.7999014749217,0.0264473331969714,"m"
6339,1,56.8008768864423,0.0264477414360803,"m"
6340,1,56.801851935832,0.0264481495326531,"m"
6341,1,56.8028266727282,0.0264485575059981,"m"
6342,1,56.8038011467687,0.0264489653754235,"m"
6343,1,56.804775407591,0.0264493731602376,"m"
6344,1,56.8057495048329,0.0264497808797487,"m"
6345,1,56.8067234881319,0.0264501885532651,"m"
6346,1,56.8076974071257,0.0264505962000948,"m"
6347,1,56.808671311452,0.0264510038395464,"m"
6348,1,56.8096452507483,0.0264514114909279,"m"
6349,1,56.8106192746523,0.0264518191735477,"m"
6350,1,56.8115934328017,0.026452226906714,"m"
6351,1,56.812567774834,0.0264526347097351,"m"
6352,1,56.813542350387,0.0264530426019192,"m"
6353,1,56.8145172090982,0.0264534506025746,"m"
6354,1,56.8154924006053,0.0264538587310096,"m"
6355,1,56.816467974546,0.0264542670065324,"m"
6356,1,56.8174439805578,0.0264546754484513,"m"
6357,1,56.8184204682784,0.0264550840760745,"m"
6358,1,56.8193974873455,0.0264554929087103,"m"
6359,1,56.8203750873967,0.026455901965667,"m"
6360,1,56.8213533180696,0.0264563112662527,"m"
6361,1,56.8223322290018,0.0264567208297759,"m"
6362,1,56.8233118687601,0.0264571306751464,"m"
6363,1,56.8242922527871,0.0264575408089559,"m"
6364,1,56.8252733578588,0.0264579512234161,"m"
6365,1,56.8262551585633,0.0264583619099254,"m"
6366,1,56.8272376294887,0.0264587728598821,"m"
6367,1,56.8282207452232,0.0264591840646843,"m"
6368,1,56.8292044803549,0.0264595955157303,"m"
6369,1,56.8301888094719,0.0264600072044183,"m"
6370,1,56.8311737071623,0.0264604191221467,"m"
6371,1,56.8321591480143,0.0264608312603137,"m"
6372,1,56.8331451066159,0.0264612436103174,"m"
6373,1,56.8341315575553,0.0264616561635562,"m"
6374,1,56.8351184754206,0.0264620689114284,"m"
6375,1,56.8361058348,0.0264624818453321,"m"
6376,1,56.8370936102816,0.0264628949566656,"m"
6377,1,56.8380817764534,0.0264633082368272,"m"
6378,1,56.8390703079036,0.0264637216772151,"m"
6379,1,56.8400591792204,0.0264641352692276,"m"
6380,1,56.8410483649918,0.0264645490042628,"m"
6381,1,56.8420378398061,0.0264649628737192,"m"
6382,1,56.8430275782512,0.0264653768689949,"m"
6383,1,56.8440175549153,0.0264657909814881,"m"
6384,1,56.8450077443866,0.0264662052025972,"m"
6385,1,56.8459981212532,0.0264666195237203,"m"
6386,1,56.8469886601032,0.0264670339362558,"m"
6387,1,56.8479793355247,0.0264674484316018,"m"
6388,1,56.8489701221058,0.0264678630011566,"m"
6389,1,56.8499609944347,0.0264682776363185,"m"
6390,1,56.8509519270995,0.0264686923284858,"m"
6391,1,56.8519428946883,0.0264691070690566,"m"
6392,1,56.8529338717894,0.0264695218494279,"m"
6393,1,56.853924833077,0.0264699366599971,"m"
6394,1,56.8549157534632,0.0264703514884011,"m"
6395,1,56.8559066079008,0.0264707663218037,"m"
6396,1,56.8568973713425,0.0264711811473689,"m"
6397,1,56.8578880187411,0.0264715959522606,"m"
6398,1,56.8588785250494,0.0264720107236428,"m"
6399,1,56.8598688652201,0.0264724254486793,"m"
6400,1,56.8608590142059,0.0264728401145341,"m"
6401,1,56.8618489469598,0.0264732547083712,"m"
6402,1,56.8628386384343,0.0264736692173544,"m"
6403,1,56.8638280635823,0.0264740836286477,"m"
6404,1,56.8648171973566,0.026474497929415,"m"
6405,1,56.8658060147099,0.0264749121068203,"m"
6406,1,56.8667944905949,0.0264753261480275,"m"
6407,1,56.8677825999645,0.0264757400402004,"m"
6408,1,56.8687703177714,0.0264761537705032,"m"
6409,1,56.8697576189683,0.0264765673260996,"m"
6410,1,56.870744478508,0.0264769806941536,"m"
6411,1,56.8717308713434,0.0264773938618291,"m"
6412,1,56.8727167724271,0.0264778068162902,"m"
6413,1,56.8737021567119,0.0264782195447006,"m"
6414,1,56.8746869991506,0.0264786320342244,"m"
6415,1,56.8756712746959,0.0264790442720254,"m"
6416,1,56.8766549583006,0.0264794562452676,"m"
6417,1,56.8776380249175,0.026479867941115,"m"
6418,1,56.8786204494994,0.0264802793467314,"m"
6419,1,56.8796022069989,0.0264806904492808,"m"
6420,1,56.8805832723689,0.0264811012359271,"m"
6421,1,56.8815636205621,0.0264815116938342,"m"
6422,1,56.8825432265313,0.0264819218101662,"m"
6423,1,56.8835220719233,0.0264823315752874,"m"
6424,1,56.8845001864145,0.0264827410025271,"m"
6425,1,56.8854776206561,0.0264831501152429,"m"
6426,1,56.8864544253871,0.0264835589368347,"m"
6427,1,56.8874306513465,0.0264839674907021,"m"
6428,1,56.8884063492732,0.0264843758002449,"m"
6429,1,56.8893815699062,0.0264847838888628,"m"
6430,1,56.8903563639845,0.0264851917799555,"m"
6431,1,56.891330782247,0.0264855994969228,"m"
6432,1,56.8923048754326,0.0264860070631645,"m"
6433,1,56.8932786942804,0.0264864145020801,"m"
6434,1,56.8942522895292,0.0264868218370695,"m"
6435,1,56.8952257119181,0.0264872290915324,"m"
6436,1,56.896199012186,0.0264876362888685,"m"
6437,1,56.8971722410718,0.0264880434524776,"m"
6438,1,56.8981454493146,0.0264884506057593,"m"
6439,1,56.8991186876532,0.0264888577721134,"m"
6440,1,56.9000920068267,0.0264892649749397,"m"
6441,1,56.901065457574,0.0264896722376379,"m"
6442,1,56.9020390906341,0.0264900795836076,"m"
6443,1,56.9030129567458,0.0264904870362487,"m"
6444,1,56.9039871066482,0.0264908946189608,"m"
6445,1,56.9049615910803,0.0264913023551437,"m"
6446,1,56.905936460781,0.0264917102681971,"m"
6447,1,56.9069117664892,0.0264921183815208,"m"
6448,1,56.9078875589439,0.0264925267185145,"m"
6449,1,56.908863888884,0.0264929353025778,"m"
6450,1,56.9098408070487,0.0264933441571106,"m"
6451,1,56.9108183641766,0.0264937533055126,"m"
6452,1,56.911796611007,0.0264941627711834,"m"
6453,1,56.9127755982511,0.0264945725775098,"m"
6454,1,56.9137553579881,0.0264949827390565,"m"
6455,1,56.9147358713027,0.026495393246243,"m"
6456,1,56.915717110634,0.0264958040853955,"m"
6457,1,56.9166990484213,0.0264962152428401,"m"
6458,1,56.9176816571037,0.0264966267049031,"m"
6459,1,56.9186649091205,0.0264970384579106,"m"
6460,1,56.9196487769109,0.0264974504881888,"m"
6461,1,56.9206332329142,0.0264978627820637,"m"
6462,1,56.9216182495694,0.0264982753258617,"m"
6463,1,56.9226037993159,0.0264986881059088,"m"
6464,1,56.9235898545928,0.0264991011085312,"m"
6465,1,56.9245763878394,0.0264995143200552,"m"
6466,1,56.9255633714948,0.0264999277268067,"m"
6467,1,56.9265507779984,0.0265003413151121,"m"
6468,1,56.9275385797892,0.0265007550712975,"m"
6469,1,56.9285267493065,0.0265011689816891,"m"
6470,1,56.9295152589896,0.0265015830326129,"m"
6471,1,56.9305040812776,0.0265019972103952,"m"
6472,1,56.9314931886097,0.0265024115013622,"m"
6473,1,56.9324825534252,0.0265028258918399,"m"
6474,1,56.9334721481632,0.0265032403681547,"m"
6475,1,56.9344619452631,0.0265036549166326,"m"
6476,1,56.9354519171639,0.0265040695235998,"m"
6477,1,56.936442036305,0.0265044841753824,"m"
6478,1,56.9374322751254,0.0265048988583067,"m"
6479,1,56.9384226060645,0.0265053135586988,"m"
6480,1,56.9394130015615,0.0265057282628849,"m"
6481,1,56.9404034340555,0.0265061429571911,"m"
6482,1,56.9413938759857,0.0265065576279436,"m"
6483,1,56.9423842997915,0.0265069722614685,"m"
6484,1,56.9433746788117,0.0265073868448456,"m"
6485,1,56.9443649927744,0.0265078013705045,"m"
6486,1,56.9453552241724,0.0265082158331905,"m"
6487,1,56.9463453555096,0.0265086302276578,"m"
6488,1,56.9473353692898,0.0265090445486608,"m"
6489,1,56.948325248017,0.0265094587909537,"m"
6490,1,56.949314974195,0.026509872949291,"m"
6491,1,56.9503045303277,0.026510287018427,"m"
6492,1,56.9512938989189,0.0265107009931159,"m"
6493,1,56.9522830624726,0.0265111148681121,"m"
6494,1,56.9532720034925,0.02651152863817,"m"
6495,1,56.9542607044826,0.0265119422980438,"m"
6496,1,56.9552491479468,0.026512355842488,"m"
6497,1,56.9562373163888,0.0265127692662568,"m"
6498,1,56.9572251923127,0.0265131825641045,"m"
6499,1,56.9582127582222,0.0265135957307855,"m"
6500,1,56.9591999966213,0.0265140087610542,"m"
6501,1,56.9601868900137,0.0265144216496647,"m"
6502,1,56.9611734209034,0.0265148343913716,"m"
6503,1,56.9621595717943,0.0265152469809291,"m"
6504,1,56.9631453251902,0.0265156594130915,"m"
6505,1,56.964130663595,0.0265160716826132,"m"
6506,1,56.9651155695125,0.0265164837842484,"m"
6507,1,56.9661000254467,0.0265168957127516,"m"
6508,1,56.9670840139014,0.0265173074628771,"m"
6509,1,56.9680675173805,0.0265177190293791,"m"
6510,1,56.9690505183878,0.026518130407012,"m"
6511,1,56.9700329994273,0.0265185415905302,"m"
6512,1,56.9710149430028,0.026518952574688,"m"
6513,1,56.9719963316181,0.0265193633542396,"m"
6514,1,56.9729771485217,0.0265197739241882,"m"
6515,1,56.9739573943492,0.026520184285344,"m"
6516,1,56.974937087272,0.0265205944443745,"m"
6517,1,56.9759162462354,0.0265210044082053,"m"
6518,1,56.9768948901845,0.0265214141837625,"m"
6519,1,56.9778730380649,0.0265218237779718,"m"
6520,1,56.9788507088217,0.026522233197759,"m"
6521,1,56.9798279214003,0.02652264245005,"m"
6522,1,56.980804694746,0.0265230515417706,"m"
6523,1,56.9817810478041,0.0265234604798467,"m"
6524,1,56.9827569995199,0.0265238692712041,"m"
6525,1,56.9837325688388,0.0265242779227687,"m"
6526,1,56.9847077747061,0.0265246864414662,"m"
6527,1,56.985682636067,0.0265250948342225,"m"
6528,1,56.9866571718669,0.0265255031079636,"m"
6529,1,56.9876314010511,0.0265259112696151,"m"
6530,1,56.9886053425649,0.0265263193261029,"m"
6531,1,56.9895790153537,0.0265267272843529,"m"
6532,1,56.9905524383627,0.0265271351512909,"m"
6533,1,56.9915256305372,0.0265275429338428,"m"
6534,1,56.9924986108227,0.0265279506389344,"m"
6535,1,56.9934713981643,0.0265283582734915,"m"
6536,1,56.9944440115074,0.0265287658444399,"m"
6537,1,56.9954164697973,0.0265291733587056,"m"
6538,1,56.9963887919793,0.0265295808232143,"m"
6539,1,56.9973609969988,0.0265299882448919,"m"
6540,1,56.9983331038011,0.0265303956306642,"m"
6541,1,56.9993051313314,0.0265308029874571,"m"
6542,1,57.0002770985351,0.0265312103221964,"m"
6543,1,57.0012490243575,0.0265316176418079,"m"
6544,1,57.0022209277439,0.0265320249532175,"m"
6545,1,57.0032048318943,0.0265324371629434,"m"
6546,1,57.0041914477623,0.0265328504794537,"m"
6547,1,57.0051780636303,0.0265332637959641,"m"
6548,1,57.0061646794983,0.0265336771124745,"m"
6549,1,57.0071512953663,0.0265340904289849,"m"
6550,1,57.0081379112343,0.0265345037454953,"m"
6551,1,57.0091245271023,0.0265349170620057,"m"
6552,1,57.0101111429702,0.0265353303785161,"m"
6553,1,57.0110977588382,0.0265357436950265,"m"
6554,1,57.0120843747062,0.0265361570115369,"m"
6555,1,57.0130709905742,0.0265365703280473,"m"
6556,1,57.0140576064422,0.0265369836445577,"m"
6557,1,57.0150442223102,0.0265373969610681,"m"
6558,1,57.0160308381782,0.0265378102775785,"m"
6559,1,57.0170174540462,0.0265382235940889,"m"
6560,1,57.0180040699142,0.0265386369105993,"m"
6561,1,57.0189906857821,0.0265390502271097,"m"
6562,1,57.0199773016501,0.0265394635436201,"m"
6563,1,57.0209639175181,0.0265398768601305,"m"
6564,1,57.0219505333861,0.0265402901766409,"m"
6565,1,57.0229371492541,0.0265407034931512,"m"
6566,1,57.0239237651221,0.0265411168096616,"m"
6567,1,57.0249103809901,0.026541530126172,"m"
6568,1,57.0258969968581,0.0265419434426824,"m"
6569,1,57.0268836127261,0.0265423567591928,"m"
6570,1,57.027870228594,0.0265427700757032,"m"
6571,1,57.028856844462,0.0265431833922136,"m"
6572,1,57.02984346033,0.026543596708724,"m"
6573,1,57.030830076198,0.0265440100252344,"m"
6574,1,57.031816692066,0.0265444233417448,"m"
6575,1,57.03231,0.02654463,"m"
0,1,34.19817,0.02989345,"f"
1,1,34.2701619513784,0.0298827697430379,"f"
2,1,34.3421539027568,0.0298720894860757,"f"
3,1,34.4141458541352,0.0298614092291136,"f"
4,1,34.4861378055136,0.0298507289721514,"f"
5,1,34.558129756892,0.0298400487151893,"f"
6,1,34.6301217082705,0.0298293684582272,"f"
7,1,34.7021136596489,0.029818688201265,"f"
8,1,34.7741056110273,0.0298080079443029,"f"
9,1,34.8460975624057,0.0297973276873407,"f"
10,1,34.9180895137841,0.0297866474303786,"f"
11,1,34.9900814651625,0.0297759671734165,"f"
12,1,35.0620734165409,0.0297652869164543,"f"
13,1,35.1340653679193,0.0297546066594922,"f"
14,1,35.2060573192977,0.02974392640253,"f"
15,1,35.2780492706761,0.0297332461455679,"f"
16,1,35.3500412220545,0.0297225658886058,"f"
17,1,35.422033173433,0.0297118856316436,"f"
18,1,35.4940251248114,0.0297012053746815,"f"
19,1,35.5660170761898,0.0296905251177193,"f"
20,1,35.6380090275682,0.0296798448607572,"f"
21,1,35.7100009789466,0.0296691646037951,"f"
22,1,35.781992930325,0.0296584843468329,"f"
23,1,35.8539848817034,0.0296478040898708,"f"
24,1,35.9259768330818,0.0296371238329086,"f"
25,1,35.9979687844602,0.0296264435759465,"f"
26,1,36.0699607358386,0.0296157633189844,"f"
27,1,36.141952687217,0.0296050830620222,"f"
28,1,36.2139446385954,0.0295944028050601,"f"
29,1,36.2859365899739,0.0295837225480979,"f"
30,1,36.3579285413523,0.0295730422911358,"f"
31,1,36.4233376428128,0.0295625001176288,"f"
32,1,36.4856984659367,0.0295520216604659,"f"
33,1,36.5480324494312,0.0295415431961114,"f"
34,1,36.6103236576399,0.0295310647202954,"f"
35,1,36.6725561549064,0.0295205862287478,"f"
36,1,36.7347140055741,0.0295101077171989,"f"
37,1,36.7967812739867,0.0294996291813787,"f"
38,1,36.8587420244876,0.0294891506170172,"f"
39,1,36.9205803214205,0.0294786720198446,"f"
40,1,36.9822802291289,0.0294681933855908,"f"
41,1,37.0438258119563,0.029457714709986,"f"
42,1,37.1052011342464,0.0294472359887603,"f"
43,1,37.1663902603425,0.0294367572176437,"f"
44,1,37.2273772545884,0.0294262783923664,"f"
45,1,37.2881461813275,0.0294157995086583,"f"
46,1,37.3486811049034,0.0294053205622495,"f"
47,1,37.4089660896596,0.0293948415488702,"f"
48,1,37.4689851999398,0.0293843624642504,"f"
49,1,37.5287225000874,0.0293738833041202,"f"
50,1,37.5881620544461,0.0293634040642097,"f"
51,1,37.6472879273593,0.0293529247402488,"f"
52,1,37.7060841831706,0.0293424453279678,"f"
53,1,37.7645348862235,0.0293319658230967,"f"
54,1,37.8226241008617,0.0293214862213655,"f"
55,1,37.8803358914286,0.0293110065185043,"f"
56,1,37.9376543222679,0.0293005267102433,"f"
57,1,37.994563457723,0.0292900467923124,"f"
58,1,38.0510473621376,0.0292795667604418,"f"
59,1,38.1070900998551,0.0292690866103616,"f"
60,1,38.1626757352192,0.0292586063378017,"f"
61,1,38.2177883325734,0.0292481259384923,"f"
62,1,38.2724155846267,0.0292376454651788,"f"
63,1,38.3265595567316,0.0292271651964547,"f"
64,1,38.3802258725385,0.029216685466828,"f"
65,1,38.4334201556975,0.0292062066108065,"f"
66,1,38.486148029859,0.0291957289628981,"f"
67,1,38.5384151186732,0.0291852528576106,"f"
68,1,38.5902270457905,0.029174778629452,"f"
69,1,38.6415894348609,0.0291643066129302,"f"
70,1,38.692507909535,0.0291538371425529,"f"
71,1,38.7429880934628,0.0291433705528282,"f"
72,1,38.7930356102947,0.0291329071782638,"f"
73,1,38.842656083681,0.0291224473533677,"f"
74,1,38.8918551372719,0.0291119914126477,"f"
75,1,38.9406383947177,0.0291015396906117,"f"
76,1,38.9890114796686,0.0290910925217675,"f"
77,1,39.036980015775,0.0290806502406231,"f"
78,1,39.0845496266871,0.0290702131816864,"f"
79,1,39.1317259360551,0.0290597816794652,"f"
80,1,39.1785145675294,0.0290493560684674,"f"
81,1,39.2249211447602,0.0290389366832008,"f"
82,1,39.2709512913978,0.0290285238581734,"f"
83,1,39.3166106310925,0.029018117927893,"f"
84,1,39.3619047874944,0.0290077192268675,"f"
85,1,39.406839384254,0.0289973280896048,"f"
86,1,39.4514200450214,0.0289869448506128,"f"
87,1,39.495652393447,0.0289765698443993,"f"
88,1,39.539542053181,0.0289662034054722,"f"
89,1,39.5830946478736,0.0289558458683395,"f"
90,1,39.6263158011752,0.0289454975675088,"f"
91,1,39.669211136736,0.0289351588374883,"f"
92,1,39.7117860575125,0.0289248300113919,"f"
93,1,39.7540435855869,0.0289145114072979,"f"
94,1,39.7959852903752,0.0289042033341103,"f"
95,1,39.837612720567,0.0288939061006025,"f"
96,1,39.8789274248518,0.0288836200155476,"f"
97,1,39.9199309519194,0.0288733453877189,"f"
98,1,39.9606248504592,0.0288630825258896,"f"
99,1,40.0010106691608,0.028852831738833,"f"
100,1,40.041089956714,0.0288425933353223,"f"
101,1,40.0808642618082,0.0288323676241307,"f"
102,1,40.120335133133,0.0288221549140315,"f"
103,1,40.1595041193781,0.0288119555137978,"f"
104,1,40.198372769233,0.0288017697322031,"f"
105,1,40.2369426313874,0.0287915978780204,"f"
106,1,40.2752152545308,0.028781440260023,"f"
107,1,40.3131921873528,0.0287712971869841,"f"
108,1,40.3508749785431,0.0287611689676771,"f"
109,1,40.3882651767911,0.028751055910875,"f"
110,1,40.4253643307866,0.0287409583253513,"f"
111,1,40.4621739892191,0.028730876519879,"f"
112,1,40.4986957007782,0.0287208108032314,"f"
113,1,40.5349310141535,0.0287107614841819,"f"
114,1,40.5708814780346,0.0287007288715035,"f"
115,1,40.6065486411111,0.0286907132739695,"f"
116,1,40.6419340520725,0.0286807150003533,"f"
117,1,40.6770392596085,0.0286707343594279,"f"
118,1,40.7118658124088,0.0286607716599667,"f"
119,1,40.7464152591627,0.0286508272107429,"f"
120,1,40.7806891485601,0.0286409013205297,"f"
121,1,40.8146890292904,0.0286309942981004,"f"
122,1,40.8484164777468,0.0286211064456641,"f"
123,1,40.8818743514057,0.0286112377618929,"f"
124,1,40.9150673006835,0.0286013878206434,"f"
125,1,40.9480001097115,0.0285915561640899,"f"
126,1,40.980677562621,0.0285817423344068,"f"
127,1,41.0131044435434,0.0285719458737686,"f"
128,1,41.0452855366098,0.0285621663243497,"f"
129,1,41.0772256259516,0.0285524032283245,"f"
130,1,41.1089294957001,0.0285426561278673,"f"
131,1,41.1404019299866,0.0285329245651527,"f"
132,1,41.1716477129424,0.028523208082355,"f"
133,1,41.2026716286988,0.0285135062216487,"f"
134,1,41.2334784613871,0.0285038185252081,"f"
135,1,41.2640729951385,0.0284941445352076,"f"
136,1,41.2944600140845,0.0284844837938217,"f"
137,1,41.3246443023563,0.0284748358432249,"f"
138,1,41.3546306440851,0.0284652002255914,"f"
139,1,41.3844238234023,0.0284555764830957,"f"
140,1,41.4140286244392,0.0284459641579122,"f"
141,1,41.4434498313272,0.0284363627922154,"f"
142,1,41.4726922281973,0.0284267719281796,"f"
143,1,41.5017605991811,0.0284171911079793,"f"
144,1,41.5306597284097,0.0284076198737888,"f"
145,1,41.5593944000146,0.0283980577677826,"f"
146,1,41.5879693981269,0.0283885043321351,"f"
147,1,41.616389506878,0.0283789591090207,"f"
148,1,41.6446595103991,0.0283694216406138,"f"
149,1,41.6727841928217,0.0283598914690889,"f"
150,1,41.7007683382769,0.0283503681366203,"f"
151,1,41.7286167308961,0.0283408511853824,"f"
152,1,41.7563341548105,0.0283313401575498,"f"
153,1,41.7839251811972,0.0283218346480275,"f"
154,1,41.8113921101222,0.0283123348140841,"f"
155,1,41.8387358680115,0.028302841153123,"f"
156,1,41.8659573621815,0.0282933541672796,"f"
157,1,41.8930574999486,0.0282838743586891,"f"
158,1,41.920037188629,0.028274402229487,"f"
159,1,41.9468973355393,0.0282649382818084,"f"
160,1,41.9736388479957,0.0282554830177888,"f"
161,1,42.0002626333146,0.0282460369395635,"f"
162,1,42.0267695988124,0.0282366005492678,"f"
163,1,42.0531606518054,0.028227174349037,"f"
164,1,42.07943669961,0.0282177588410065,"f"
165,1,42.1055986495426,0.0282083545273115,"f"
166,1,42.1316474089196,0.0281989619100874,"f"
167,1,42.1575838850572,0.0281895814914696,"f"
168,1,42.183408985272,0.0281802137735934,"f"
169,1,42.2091236168801,0.028170859258594,"f"
170,1,42.2347286871981,0.0281615184486069,"f"
171,1,42.2602251035422,0.0281521918457673,"f"
172,1,42.2856137732289,0.0281428799522105,"f"
173,1,42.3108956035745,0.028133583270072,"f"
174,1,42.3360715018953,0.028124302301487,"f"
175,1,42.3611423755078,0.0281150375485908,"f"
176,1,42.3861091317282,0.0281057895135188,"f"
177,1,42.410972677873,0.0280965586984063,"f"
178,1,42.4357339212586,0.0280873456053886,"f"
179,1,42.4603937692012,0.0280781507366011,"f"
180,1,42.4849531290173,0.0280689745941791,"f"
181,1,42.5094129080232,0.0280598176802578,"f"
182,1,42.5337740135353,0.0280506804969728,"f"
183,1,42.5580373454699,0.0280415635426864,"f"
184,1,42.5822034685524,0.0280324671448729,"f"
185,1,42.6062724824063,0.028023391393886,"f"
186,1,42.6302444523959,0.0280143363626133,"f"
187,1,42.6541194438857,0.0280053021239425,"f"
188,1,42.6778975222401,0.0279962887507614,"f"
189,1,42.7015787528235,0.0279872963159576,"f"
190,1,42.7251632010003,0.0279783248924187,"f"
191,1,42.748650932135,0.0279693745530324,"f"
192,1,42.772042011592,0.0279604453706865,"f"
193,1,42.7953365047357,0.0279515374182685,"f"
194,1,42.8185344769304,0.0279426507686662,"f"
195,1,42.8416359935407,0.0279337854947672,"f"
196,1,42.8646411199309,0.0279249416694592,"f"
197,1,42.8875499214654,0.0279161193656299,"f"
198,1,42.9103624635087,0.027907318656167,"f"
199,1,42.9330788114252,0.027898539613958,"f"
200,1,42.9556990305793,0.0278897823118908,"f"
201,1,42.9782231863354,0.0278810468228529,"f"
202,1,43.0006513440579,0.027872333219732,"f"
203,1,43.0229835691113,0.0278636415754159,"f"
204,1,43.0452199268599,0.0278549719627922,"f"
205,1,43.0673604826682,0.0278463244547485,"f"
206,1,43.0894053019006,0.0278376991241726,"f"
207,1,43.1113544499215,0.027829096043952,"f"
208,1,43.1332079920954,0.0278205152869746,"f"
209,1,43.1549659937866,0.0278119569261279,"f"
210,1,43.1766285203595,0.0278034210342996,"f"
211,1,43.1981956371786,0.0277949076843775,"f"
212,1,43.2196674096084,0.0277864169492491,"f"
213,1,43.2410439030486,0.027777948901786,"f"
214,1,43.2623253854829,0.0277695035223089,"f"
215,1,43.2835128037056,0.0277610804810232,"f"
216,1,43.3046072465262,0.0277526793832542,"f"
217,1,43.3256098027545,0.0277442998343272,"f"
218,1,43.3465215612003,0.0277359414395675,"f"
219,1,43.3673436106732,0.0277276038043006,"f"
220,1,43.388077039983,0.0277192865338516,"f"
221,1,43.4087229379393,0.027710989233546,"f"
222,1,43.4292823933519,0.027702711508709,"f"
223,1,43.4497564950305,0.027694452964666,"f"
224,1,43.4701463317848,0.0276862132067423,"f"
225,1,43.4904529924246,0.0276779918402633,"f"
226,1,43.5106775657595,0.0276697884705541,"f"
227,1,43.5308211405993,0.0276616027029403,"f"
228,1,43.5508848057537,0.027653434142747,"f"
229,1,43.5708696500324,0.0276452823952997,"f"
230,1,43.5907767622451,0.0276371470659236,"f"
231,1,43.6106072312015,0.0276290277599441,"f"
232,1,43.6303621457114,0.0276209240826864,"f"
233,1,43.6500425945844,0.027612835639476,"f"
234,1,43.6696496666303,0.0276047620356382,"f"
235,1,43.6891844506589,0.0275967028764982,"f"
236,1,43.7086480354797,0.0275886577673814,"f"
237,1,43.7280415099025,0.0275806263136131,"f"
238,1,43.7473659627372,0.0275726081205187,"f"
239,1,43.7666224827932,0.0275646027934234,"f"
240,1,43.7858121588805,0.0275566099376526,"f"
241,1,43.8049360798086,0.0275486291585316,"f"
242,1,43.8239953343873,0.0275406600613858,"f"
243,1,43.8429910114264,0.0275327022515404,"f"
244,1,43.8619241828444,0.0275247553415017,"f"
245,1,43.8807951709675,0.0275168192624451,"f"
246,1,43.8996032669046,0.0275088943839411,"f"
247,1,43.9183476867462,0.0275009811074523,"f"
248,1,43.9370276465824,0.0274930798344413,"f"
249,1,43.9556423625039,0.0274851909663705,"f"
250,1,43.9741910506008,0.0274773149047027,"f"
251,1,43.9926729269636,0.0274694520509003,"f"
252,1,44.0110872076827,0.027461602806426,"f"
253,1,44.0294331088483,0.0274537675727423,"f"
254,1,44.047709846551,0.0274459467513118,"f"
255,1,44.0659166368809,0.0274381407435971,"f"
256,1,44.0840526959286,0.0274303499510607,"f"
257,1,44.1021172397844,0.0274225747751652,"f"
258,1,44.1201094845386,0.0274148156173732,"f"
259,1,44.1380286462817,0.0274070728791472,"f"
260,1,44.1558739411039,0.0273993469619499,"f"
261,1,44.1736445850957,0.0273916382672438,"f"
262,1,44.1913397943474,0.0273839471964915,"f"
263,1,44.2089587849494,0.0273762741511555,"f"
264,1,44.2265007729921,0.0273686195326985,"f"
265,1,44.2439649745658,0.0273609837425829,"f"
266,1,44.2613506057609,0.0273533671822715,"f"
267,1,44.2786568826678,0.0273457702532266,"f"
268,1,44.2958830213767,0.0273381933569111,"f"
269,1,44.3130282379782,0.0273306368947873,"f"
270,1,44.3300917485626,0.0273231012683178,"f"
271,1,44.3470727692202,0.0273155868789654,"f"
272,1,44.3639705160414,0.0273080941281924,"f"
273,1,44.3807842051166,0.0273006234174616,"f"
274,1,44.397513052584,0.0272931751482183,"f"
275,1,44.4141565098223,0.0272857496379993,"f"
276,1,44.4307148088782,0.0272783469258822,"f"
277,1,44.4471883435291,0.0272709669932562,"f"
278,1,44.4635775075524,0.0272636098215104,"f"
279,1,44.4798826947257,0.027256275392034,"f"
280,1,44.4961042988263,0.0272489636862162,"f"
281,1,44.5122427136317,0.0272416746854462,"f"
282,1,44.5282983329193,0.0272344083711133,"f"
283,1,44.5442715504666,0.0272271647246065,"f"
284,1,44.5601627600509,0.0272199437273152,"f"
285,1,44.5759723554498,0.0272127453606284,"f"
286,1,44.5917007304406,0.0272055696059354,"f"
287,1,44.6073482788009,0.0271984164446253,"f"
288,1,44.6229153943079,0.0271912858580874,"f"
289,1,44.6384024707393,0.0271841778277109,"f"
290,1,44.6538099018724,0.0271770923348849,"f"
291,1,44.6691380814846,0.0271700293609987,"f"
292,1,44.6843874033534,0.0271629888874414,"f"
293,1,44.6995582612562,0.0271559708956022,"f"
294,1,44.7146510489705,0.0271489753668703,"f"
295,1,44.7296661602737,0.027142002282635,"f"
296,1,44.7446039889433,0.0271350516242853,"f"
297,1,44.7594649287566,0.0271281233732106,"f"
298,1,44.7742493734912,0.0271212175107999,"f"
299,1,44.7889577169243,0.0271143340184425,"f"
300,1,44.8035903528336,0.0271074728775276,"f"
301,1,44.8181476749964,0.0271006340694444,"f"
302,1,44.8326300771902,0.027093817575582,"f"
303,1,44.8470379531924,0.0270870233773297,"f"
304,1,44.8613716967804,0.0270802514560766,"f"
305,1,44.87563173714,0.0270735017705818,"f"
306,1,44.8898188150045,0.0270667740804872,"f"
307,1,44.9039338329587,0.0270600680419922,"f"
308,1,44.9179776949683,0.0270533833104135,"f"
309,1,44.9319513049991,0.0270467195410677,"f"
310,1,44.9458555670169,0.0270400763892714,"f"
311,1,44.9596913849874,0.0270334535103414,"f"
312,1,44.9734596628765,0.0270268505595941,"f"
313,1,44.9871613046499,0.0270202671923464,"f"
314,1,45.0007972142733,0.0270137030639148,"f"
315,1,45.0143682957127,0.0270071578296161,"f"
316,1,45.0278754529336,0.0270006311447667,"f"
317,1,45.041319589902,0.0269941226646834,"f"
318,1,45.0547016105836,0.0269876320446829,"f"
319,1,45.0680224189442,0.0269811589400818,"f"
320,1,45.0812829189496,0.0269747030061967,"f"
321,1,45.0944840145655,0.0269682638983442,"f"
322,1,45.1076266097577,0.0269618412718411,"f"
323,1,45.120711608492,0.026955434782004,"f"
324,1,45.1337399147342,0.0269490440841495,"f"
325,1,45.14671243245,0.0269426688335943,"f"
326,1,45.1596300656053,0.026936308685655,"f"
327,1,45.1724937181658,0.0269299632956482,"f"
328,1,45.1853042940973,0.0269236323188907,"f"
329,1,45.1980626973655,0.026917315410699,"f"
330,1,45.2107698319363,0.0269110122263899,"f"
331,1,45.2234266017755,0.0269047224212799,"f"
332,1,45.2360339108487,0.0268984456506857,"f"
333,1,45.2485926631218,0.0268921815699239,"f"
334,1,45.2611037625606,0.0268859298343113,"f"
335,1,45.2735681130721,0.0268796900991934,"f"
336,1,45.2859863684702,0.0268734621432397,"f"
337,1,45.2983583605698,0.0268672461504572,"f"
338,1,45.3106837525563,0.0268610423880058,"f"
339,1,45.3229622076154,0.0268548511230458,"f"
340,1,45.3351933889325,0.026848672622737,"f"
341,1,45.3473769596932,0.0268425071542397,"f"
342,1,45.359512583083,0.0268363549847139,"f"
343,1,45.3715999222875,0.0268302163813195,"f"
344,1,45.3836386404921,0.0268240916112167,"f"
345,1,45.3956284008825,0.0268179809415655,"f"
346,1,45.407568866644,0.026811884639526,"f"
347,1,45.4194597009624,0.0268058029722583,"f"
348,1,45.4313005670231,0.0267997362069223,"f"
349,1,45.4430911280116,0.0267936846106783,"f"
350,1,45.4548310471134,0.0267876484506861,"f"
351,1,45.4665199875142,0.0267816279941059,"f"
352,1,45.4781576123994,0.0267756235080977,"f"
353,1,45.4897435849546,0.0267696352598217,"f"
354,1,45.5012775683652,0.0267636635164377,"f"
355,1,45.5127592258169,0.026757708545106,"f"
356,1,45.5241882204952,0.0267517706129866,"f"
357,1,45.5355642155855,0.0267458499872395,"f"
358,1,45.5468868742735,0.0267399469350247,"f"
359,1,45.5581558597447,0.0267340617235024,"f"
360,1,45.5693708351845,0.0267281946198326,"f"
361,1,45.5805314637785,0.0267223458911753,"f"
362,1,45.5916374087123,0.0267165158046907,"f"
363,1,45.6026883331714,0.0267107046275387,"f"
364,1,45.6136839003413,0.0267049126268795,"f"
365,1,45.6246237734076,0.026699140069873,"f"
366,1,45.6355076788835,0.0266933872037452,"f"
367,1,45.6463358944691,0.0266876541022199,"f"
368,1,45.6571089816668,0.026681940749686,"f"
369,1,45.6678275043245,0.0266762471297942,"f"
370,1,45.67849202629,0.0266705732261951,"f"
371,1,45.6891031114112,0.0266649190225394,"f"
372,1,45.6996613235361,0.0266592845024776,"f"
373,1,45.7101672265125,0.0266536696496605,"f"
374,1,45.7206213841883,0.0266480744477385,"f"
375,1,45.7310243604114,0.0266424988803625,"f"
376,1,45.7413767190297,0.0266369429311829,"f"
377,1,45.751679023891,0.0266314065838504,"f"
378,1,45.7619318388434,0.0266258898220156,"f"
379,1,45.7721357277346,0.0266203926293293,"f"
380,1,45.7822912544125,0.0266149149894419,"f"
381,1,45.7923989827251,0.0266094568860041,"f"
382,1,45.8024594765202,0.0266040183026666,"f"
383,1,45.8124732996457,0.02659859922308,"f"
384,1,45.8224410159495,0.0265931996308949,"f"
385,1,45.8323631892795,0.0265878195097619,"f"
386,1,45.8422403834836,0.0265824588433317,"f"
387,1,45.8520731624097,0.0265771176152548,"f"
388,1,45.8618620899057,0.026571795809182,"f"
389,1,45.8716077298194,0.0265664934087638,"f"
390,1,45.8813106459987,0.0265612103976509,"f"
391,1,45.8909714022916,0.026555946759494,"f"
392,1,45.9005905625459,0.0265507024779435,"f"
393,1,45.9101686906095,0.0265454775366502,"f"
394,1,45.9197063503303,0.0265402719192647,"f"
395,1,45.9292041055563,0.0265350856094376,"f"
396,1,45.9386625228225,0.0265299185873994,"f"
397,1,45.9480822547391,0.0265247707238392,"f"
398,1,45.9574640561179,0.0265196417593799,"f"
399,1,45.9668086877135,0.0265145314270816,"f"
400,1,45.9761169102805,0.0265094394600045,"f"
401,1,45.9853894845736,0.0265043655912087,"f"
402,1,45.9946271713473,0.0264993095537544,"f"
403,1,46.0038307313563,0.0264942710807018,"f"
404,1,46.0130009253551,0.0264892499051109,"f"
405,1,46.0221385140984,0.0264842457600419,"f"
406,1,46.0312442583407,0.026479258378555,"f"
407,1,46.0403189188366,0.0264742874937103,"f"
408,1,46.0493632563409,0.026469332838568,"f"
409,1,46.058378031608,0.0264643941461882,"f"
410,1,46.0673640053926,0.026459471149631,"f"
411,1,46.0763219384493,0.0264545635819567,"f"
412,1,46.0852525915327,0.0264496711762252,"f"
413,1,46.0941567253973,0.0264447936654969,"f"
414,1,46.1030351007979,0.0264399307828318,"f"
415,1,46.111888478489,0.02643508226129,"f"
416,1,46.1207176192251,0.0264302478339318,"f"
417,1,46.129523283761,0.0264254272338173,"f"
418,1,46.1383062328512,0.0264206201940066,"f"
419,1,46.1470672272504,0.0264158264475598,"f"
420,1,46.155807027713,0.0264110457275372,"f"
421,1,46.1645263949938,0.0264062777669988,"f"
422,1,46.1732260898473,0.0264015222990048,"f"
423,1,46.1819068730282,0.0263967790566154,"f"
424,1,46.190569505291,0.0263920477728906,"f"
425,1,46.1992147473904,0.0263873281808907,"f"
426,1,46.207843360081,0.0263826200136758,"f"
427,1,46.2164560478614,0.0263779230308506,"f"
428,1,46.2250530308693,0.0263732372205685,"f"
429,1,46.2336342820651,0.0263685626876145,"f"
430,1,46.2421997724319,0.0263638995377068,"f"
431,1,46.2507494729528,0.0263592478765636,"f"
432,1,46.2592833546107,0.0263546078099031,"f"
433,1,46.2678013883888,0.0263499794434434,"f"
434,1,46.2763035452699,0.0263453628829028,"f"
435,1,46.2847897962373,0.0263407582339994,"f"
436,1,46.2932601122738,0.0263361656024514,"f"
437,1,46.3017144643626,0.026331585093977,"f"
438,1,46.3101528234866,0.0263270168142943,"f"
439,1,46.318575160629,0.0263224608691216,"f"
440,1,46.3269814467727,0.026317917364177,"f"
441,1,46.3353716529007,0.0263133864051787,"f"
442,1,46.3437457499962,0.0263088680978449,"f"
443,1,46.3521037090421,0.0263043625478938,"f"
444,1,46.3604455010215,0.0262998698610436,"f"
445,1,46.3687710969174,0.0262953901430124,"f"
446,1,46.3770804677128,0.0262909234995184,"f"
447,1,46.3853735843908,0.0262864700362798,"f"
448,1,46.3936504179344,0.0262820298590149,"f"
449,1,46.4019109393266,0.0262776030734417,"f"
450,1,46.4101551195505,0.0262731897852784,"f"
451,1,46.4183829295892,0.0262687901002433,"f"
452,1,46.4265943404255,0.0262644041240545,"f"
453,1,46.4347893230427,0.0262600319624302,"f"
454,1,46.4429678484236,0.0262556737210885,"f"
455,1,46.4511298875514,0.0262513295057478,"f"
456,1,46.4592754114091,0.0262469994221261,"f"
457,1,46.4674043909495,0.0262426835749513,"f"
458,1,46.4755167961737,0.0262383820377836,"f"
459,1,46.4836125959626,0.0262340948474892,"f"
460,1,46.491691759133,0.0262298220388298,"f"
461,1,46.4997542545013,0.0262255636465667,"f"
462,1,46.5078000508841,0.0262213197054616,"f"
463,1,46.5158291170981,0.0262170902502759,"f"
464,1,46.52384142196,0.0262128753157712,"f"
465,1,46.5318369342862,0.026208674936709,"f"
466,1,46.5398156228935,0.0262044891478507,"f"
467,1,46.5477774565984,0.0262003179839579,"f"
468,1,46.5557224042175,0.0261961614797921,"f"
469,1,46.5636504345674,0.0261920196701148,"f"
470,1,46.5715615164648,0.0261878925896876,"f"
471,1,46.5794556187263,0.0261837802732719,"f"
472,1,46.5873327101684,0.0261796827556293,"f"
473,1,46.5951927596079,0.0261756000715213,"f"
474,1,46.6030357358612,0.0261715322557093,"f"
475,1,46.610861607745,0.0261674793429549,"f"
476,1,46.618670344076,0.0261634413680197,"f"
477,1,46.6264619136706,0.0261594183656651,"f"
478,1,46.6342362853456,0.0261554103706526,"f"
479,1,46.6419934279175,0.0261514174177438,"f"
480,1,46.649733310203,0.0261474395417001,"f"
481,1,46.6574559010187,0.0261434767772831,"f"
482,1,46.6651611691811,0.0261395291592544,"f"
483,1,46.6728490835069,0.0261355967223753,"f"
484,1,46.6805196128127,0.0261316795014074,"f"
485,1,46.6881727259151,0.0261277775311123,"f"
486,1,46.6958083916307,0.0261238908462515,"f"
487,1,46.703426578893,0.02612001948152,"f"
488,1,46.7110273475108,0.0261161634199248,"f"
489,1,46.7186110107371,0.0261123225003196,"f"
490,1,46.7261779256615,0.0261084965366246,"f"
491,1,46.7337284493737,0.02610468534276,"f"
492,1,46.7412629389634,0.0261008887326459,"f"
493,1,46.7487817515203,0.0260971065202026,"f"
494,1,46.7562852441342,0.0260933385193501,"f"
495,1,46.7637737738947,0.0260895845440087,"f"
496,1,46.7712476978916,0.0260858444080986,"f"
497,1,46.7787073732146,0.0260821179255398,"f"
498,1,46.7861531569534,0.0260784049102527,"f"
499,1,46.7935854061976,0.0260747051761573,"f"
500,1,46.8010044780371,0.0260710185371738,"f"
501,1,46.8084107295615,0.0260673448072224,"f"
502,1,46.8158045178605,0.0260636838002234,"f"
503,1,46.8231862000238,0.0260600353300968,"f"
504,1,46.8305561331412,0.0260563992107628,"f"
505,1,46.8379146743023,0.0260527752561416,"f"
506,1,46.8452621805969,0.0260491632801534,"f"
507,1,46.8525990091147,0.0260455630967184,"f"
508,1,46.8599255169453,0.0260419745197567,"f"
509,1,46.8672420611786,0.0260383973631885,"f"
510,1,46.8745489989041,0.026034831440934,"f"
511,1,46.8818466872117,0.0260312765669133,"f"
512,1,46.889135483191,0.0260277325550467,"f"
513,1,46.8964157439317,0.0260241992192542,"f"
514,1,46.9036878265236,0.0260206763734562,"f"
515,1,46.9109520880563,0.0260171638315726,"f"
516,1,46.9182088856196,0.0260136614075238,"f"
517,1,46.9254585763032,0.0260101689152299,"f"
518,1,46.9327015141507,0.0260066861702953,"f"
519,1,46.9399379589931,0.0260032130404157,"f"
520,1,46.9471680606837,0.0259997494540948,"f"
521,1,46.9543919628533,0.0259962953432767,"f"
522,1,46.9616098091325,0.025992850639906,"f"
523,1,46.9688217431519,0.0259894152759267,"f"
524,1,46.9760279085422,0.0259859891832832,"f"
525,1,46.9832284489341,0.0259825722939197,"f"
526,1,46.9904235079582,0.0259791645397807,"f"
527,1,46.9976132292451,0.0259757658528103,"f"
528,1,47.0047977564256,0.0259723761649528,"f"
529,1,47.0119772331303,0.0259689954081525,"f"
530,1,47.0191518029899,0.0259656235143537,"f"
531,1,47.0263216096349,0.0259622604155007,"f"
532,1,47.0334867966961,0.0259589060435378,"f"
533,1,47.0406475078041,0.0259555603304092,"f"
534,1,47.0478038865896,0.0259522232080592,"f"
535,1,47.0549560766832,0.0259488946084321,"f"
536,1,47.0621042217156,0.0259455744634723,"f"
537,1,47.0692484653174,0.0259422627051239,"f"
538,1,47.0763889511194,0.0259389592653312,"f"
539,1,47.0835258227521,0.0259356640760387,"f"
540,1,47.0906592238462,0.0259323770691904,"f"
541,1,47.0977892980323,0.0259290981767308,"f"
542,1,47.1049161889412,0.0259258273306041,"f"
543,1,47.1120400402035,0.0259225644627545,"f"
544,1,47.1191609954499,0.0259193095051265,"f"
545,1,47.1262791983109,0.0259160623896641,"f"
546,1,47.1333947924173,0.0259128230483118,"f"
547,1,47.1405079213997,0.0259095914130139,"f"
548,1,47.1476187286678,0.0259063674157941,"f"
549,1,47.1547271974389,0.0259031510463641,"f"
550,1,47.1618328683573,0.0258999424538132,"f"
551,1,47.1689352062799,0.0258967418145229,"f"
552,1,47.1760336760633,0.0258935493048746,"f"
553,1,47.1831277425644,0.02589036510125,"f"
554,1,47.1902168706398,0.0258871893800304,"f"
555,1,47.1973005251463,0.0258840223175975,"f"
556,1,47.2043781709407,0.0258808640903328,"f"
557,1,47.2114492728798,0.0258777148746177,"f"
558,1,47.2185132958203,0.0258745748468337,"f"
559,1,47.225569704619,0.0258714441833625,"f"
560,1,47.2326179641326,0.0258683230605854,"f"
561,1,47.2396575392178,0.0258652116548841,"f"
562,1,47.2466878947315,0.02586211014264,"f"
563,1,47.2537084955304,0.0258590187002346,"f"
564,1,47.2607188064712,0.0258559375040496,"f"
565,1,47.2677182924107,0.0258528667304662,"f"
566,1,47.2747064182058,0.0258498065558662,"f"
567,1,47.281682648713,0.025846757156631,"f"
568,1,47.2886464487892,0.0258437187091421,"f"
569,1,47.2955972832912,0.025840691389781,"f"
570,1,47.3025346170756,0.0258376753749293,"f"
571,1,47.3094579149993,0.0258346708409684,"f"
572,1,47.316366641919,0.02583167796428,"f"
573,1,47.3232602626915,0.0258286969212454,"f"
574,1,47.3301382421735,0.0258257278882462,"f"
575,1,47.3370000452218,0.025822771041664,"f"
576,1,47.3438451366931,0.0258198265578802,"f"
577,1,47.3506729814442,0.0258168946132763,"f"
578,1,47.3574830443319,0.0258139753842339,"f"
579,1,47.3642748707933,0.0258110690135513,"f"
580,1,47.3710485844297,0.0258081754030668,"f"
581,1,47.3778045613314,0.0258052943493899,"f"
582,1,47.384543178644,0.0258024256486901,"f"
583,1,47.3912648135129,0.0257995690971371,"f"
584,1,47.3979698430838,0.0257967244909004,"f"
585,1,47.4046586445021,0.0257938916261495,"f"
586,1,47.4113315949134,0.0257910702990541,"f"
587,1,47.4179890714633,0.0257882603057838,"f"
588,1,47.4246314512972,0.0257854614425081,"f"
589,1,47.4312591115607,0.0257826735053966,"f"
590,1,47.4378724293993,0.0257798962906189,"f"
591,1,47.4444717819586,0.0257771295943445,"f"
592,1,47.4510575463841,0.0257743732127431,"f"
593,1,47.4576300998214,0.0257716269419842,"f"
594,1,47.464189819416,0.0257688905782374,"f"
595,1,47.4707370823134,0.0257661639176723,"f"
596,1,47.4772722656592,0.0257634467564584,"f"
597,1,47.4837957465988,0.0257607388907654,"f"
598,1,47.4903079022779,0.0257580401167628,"f"
599,1,47.496809109842,0.0257553502306202,"f"
600,1,47.5032997464366,0.0257526690285072,"f"
601,1,47.5097801892072,0.0257499963065933,"f"
602,1,47.5162508152994,0.0257473318610482,"f"
603,1,47.5227120018588,0.0257446754880414,"f"
604,1,47.5291641260308,0.0257420269837424,"f"
605,1,47.535607564961,0.025739386144321,"f"
606,1,47.542042695795,0.0257367527659466,"f"
607,1,47.5484698956782,0.0257341266447888,"f"
608,1,47.5548895417562,0.0257315075770173,"f"
609,1,47.5613020109509,0.0257288953588997,"f"
610,1,47.5677075287583,0.025726289853123,"f"
611,1,47.574105906239,0.0257236911041567,"f"
612,1,47.580496884192,0.025721099187289,"f"
613,1,47.5868802034161,0.025718514177808,"f"
614,1,47.5932556047101,0.0257159361510016,"f"
615,1,47.599622828873,0.0257133651821582,"f"
616,1,47.6059816167037,0.0257108013465657,"f"
617,1,47.612331709001,0.0257082447195122,"f"
618,1,47.6186728465639,0.025705695376286,"f"
619,1,47.6250047701913,0.025703153392175,"f"
620,1,47.6313272206819,0.0257006188424674,"f"
621,1,47.6376399388348,0.0256980918024513,"f"
622,1,47.6439426654488,0.0256955723474147,"f"
623,1,47.6502351413228,0.0256930605526459,"f"
624,1,47.6565171072557,0.0256905564934329,"f"
625,1,47.6627883040463,0.0256880602450639,"f"
626,1,47.6690484724937,0.0256855718828268,"f"
627,1,47.6752973533965,0.0256830914820099,"f"
628,1,47.6815346875539,0.0256806191179012,"f"
629,1,47.6877602157645,0.0256781548657888,"f"
630,1,47.6939736788274,0.0256756988009609,"f"
631,1,47.7001748175415,0.0256732509987056,"f"
632,1,47.7063633727055,0.0256708115343109,"f"
633,1,47.7125390851184,0.025668380483065,"f"
634,1,47.7187016955791,0.0256659579202559,"f"
635,1,47.7248509448865,0.0256635439211719,"f"
636,1,47.7309865738395,0.0256611385611009,"f"
637,1,47.7371083232369,0.0256587419153311,"f"
638,1,47.7432159338777,0.0256563540591506,"f"
639,1,47.7493091465607,0.0256539750678475,"f"
640,1,47.7553877195123,0.0256516050090212,"f"
641,1,47.7614515347118,0.0256492438956725,"f"
642,1,47.7675005276903,0.0256468917171761,"f"
643,1,47.7735346341928,0.0256445484628123,"f"
644,1,47.7795537899644,0.0256422141218612,"f"
645,1,47.7855579307502,0.025639888683603,"f"
646,1,47.7915469922953,0.0256375721373177,"f"
647,1,47.7975209103448,0.0256352644722857,"f"
648,1,47.8034796206438,0.0256329656777871,"f"
649,1,47.8094230589373,0.025630675743102,"f"
650,1,47.8153511609706,0.0256283946575107,"f"
651,1,47.8212638624887,0.0256261224102932,"f"
652,1,47.8271610992366,0.0256238589907299,"f"
653,1,47.8330428069596,0.0256216043881008,"f"
654,1,47.8389089214026,0.0256193585916861,"f"
655,1,47.8447593783108,0.025617121590766,"f"
656,1,47.8505941134292,0.0256148933746206,"f"
657,1,47.8564130625031,0.0256126739325302,"f"
658,1,47.8622161612774,0.0256104632537749,"f"
659,1,47.8680033454973,0.0256082613276349,"f"
660,1,47.8737745509079,0.0256060681433904,"f"
661,1,47.8795297132542,0.0256038836903215,"f"
662,1,47.8852687682814,0.0256017079577084,"f"
663,1,47.8909916517345,0.0255995409348313,"f"
664,1,47.8966982993587,0.0255973826109703,"f"
665,1,47.9023886468991,0.0255952329754056,"f"
666,1,47.9080626301007,0.0255930920174175,"f"
667,1,47.9137201847086,0.025590959726286,"f"
668,1,47.919361246468,0.0255888360912913,"f"
669,1,47.924985751124,0.0255867211017137,"f"
670,1,47.9305936363046,0.0255846147463423,"f"
671,1,47.9361848836155,0.025582517002499,"f"
672,1,47.9417595190144,0.0255804278359412,"f"
673,1,47.9473175704167,0.0255783472119153,"f"
674,1,47.9528590657379,0.0255762750956682,"f"
675,1,47.9583840328937,0.0255742114524463,"f"
676,1,47.9638924997994,0.0255721562474965,"f"
677,1,47.9693844943707,0.0255701094460654,"f"
678,1,47.974860044523,0.0255680710133996,"f"
679,1,47.980319178172,0.0255660409147457,"f"
680,1,47.985761923233,0.0255640191153505,"f"
681,1,47.9911883076216,0.0255620055804606,"f"
682,1,47.9965983592534,0.0255600002753227,"f"
683,1,48.0019921060438,0.0255580031651834,"f"
684,1,48.0073695759085,0.0255560142152893,"f"
685,1,48.0127307967628,0.0255540333908872,"f"
686,1,48.0180757965224,0.0255520606572237,"f"
687,1,48.0234046031027,0.0255500959795454,"f"
688,1,48.0287172444193,0.025548139323099,"f"
689,1,48.0340137483877,0.0255461906531312,"f"
690,1,48.0392941429234,0.0255442499348886,"f"
691,1,48.044558455942,0.0255423171336179,"f"
692,1,48.0498067153589,0.0255403922145657,"f"
693,1,48.0550389490897,0.0255384751429787,"f"
694,1,48.0602551850499,0.0255365658841036,"f"
695,1,48.0654554511551,0.025534664403187,"f"
696,1,48.0706397753207,0.0255327706654756,"f"
697,1,48.0758081854623,0.025530884636216,"f"
698,1,48.0809607094954,0.0255290062806549,"f"
699,1,48.0860973753355,0.0255271355640389,"f"
700,1,48.0912182108981,0.0255252724516148,"f"
701,1,48.0963233139568,0.0255234168850633,"f"
702,1,48.1014132732471,0.0255215686404448,"f"
703,1,48.1064888880197,0.0255197274228049,"f"
704,1,48.1115509583298,0.0255178929369176,"f"
705,1,48.116600284233,0.0255160648875568,"f"
706,1,48.1216376657848,0.0255142429794966,"f"
707,1,48.1266639030405,0.0255124269175109,"f"
708,1,48.1316797960556,0.0255106164063738,"f"
709,1,48.1366861448855,0.0255088111508593,"f"
710,1,48.1416837495858,0.0255070108557414,"f"
711,1,48.1466734102117,0.025505215225794,"f"
712,1,48.1516559268189,0.0255034239657912,"f"
713,1,48.1566320994627,0.025501636780507,"f"
714,1,48.1616027281987,0.0254998533747154,"f"
715,1,48.1665686130821,0.0254980734531904,"f"
716,1,48.1715305541685,0.025496296720706,"f"
717,1,48.1764893515133,0.0254945228820362,"f"
718,1,48.181445805172,0.0254927516419549,"f"
719,1,48.1864007152,0.0254909827052363,"f"
720,1,48.1913548816528,0.0254892157766542,"f"
721,1,48.1963091045858,0.0254874505609828,"f"
722,1,48.2012641840544,0.0254856867629959,"f"
723,1,48.2062209201141,0.0254839240874677,"f"
724,1,48.2111801128204,0.0254821622391721,"f"
725,1,48.2161425622287,0.0254804009228831,"f"
726,1,48.2211090683944,0.0254786398433747,"f"
727,1,48.226080431373,0.0254768787054209,"f"
728,1,48.2310574512199,0.0254751172137958,"f"
729,1,48.2360409279906,0.0254733550732732,"f"
730,1,48.2410316617405,0.0254715919886273,"f"
731,1,48.2460304160392,0.0254698276774844,"f"
732,1,48.2510371152812,0.0254680621530738,"f"
733,1,48.2560508446856,0.0254662957242283,"f"
734,1,48.261070652986,0.0254645287126329,"f"
735,1,48.2660955889157,0.0254627614399723,"f"
736,1,48.2711247012082,0.0254609942279317,"f"
737,1,48.2761570385968,0.025459227398196,"f"
738,1,48.281191649815,0.02545746127245,"f"
739,1,48.2862275835962,0.0254556961723788,"f"
740,1,48.2912638886739,0.0254539324196674,"f"
741,1,48.2962996137814,0.0254521703360006,"f"
742,1,48.3013338076521,0.0254504102430634,"f"
743,1,48.3063655190194,0.0254486524625408,"f"
744,1,48.3113937966169,0.0254468973161177,"f"
745,1,48.3164176891778,0.0254451451254791,"f"
746,1,48.3214362454356,0.0254433962123099,"f"
747,1,48.3264485141237,0.0254416508982951,"f"
748,1,48.3314535439756,0.0254399095051196,"f"
749,1,48.3364503837246,0.0254381723544684,"f"
750,1,48.3414380821042,0.0254364397680264,"f"
751,1,48.3464156878477,0.0254347120674786,"f"
752,1,48.3513822496886,0.02543298957451,"f"
753,1,48.3563368163604,0.0254312726108054,"f"
754,1,48.3612784365963,0.0254295614980498,"f"
755,1,48.3662061591299,0.0254278565579283,"f"
756,1,48.3711190326945,0.0254261581121257,"f"
757,1,48.3760161060236,0.0254244664823269,"f"
758,1,48.3808964278505,0.025422781990217,"f"
759,1,48.3857590469087,0.0254211049574809,"f"
760,1,48.3906030119317,0.0254194357058036,"f"
761,1,48.3954273731146,0.0254177745563566,"f"
762,1,48.4002315629884,0.0254161216960728,"f"
763,1,48.4050159057654,0.0254144769988136,"f"
764,1,48.4097808525332,0.0254128402938939,"f"
765,1,48.4145268543798,0.0254112114106288,"f"
766,1,48.4192543623929,0.0254095901783333,"f"
767,1,48.4239638276602,0.0254079764263224,"f"
768,1,48.4286557012697,0.0254063699839112,"f"
769,1,48.4333304343091,0.0254047706804147,"f"
770,1,48.4379884778662,0.025403178345148,"f"
771,1,48.4426302830288,0.025401592807426,"f"
772,1,48.4472563008847,0.0254000138965637,"f"
773,1,48.4518669825217,0.0253984414418763,"f"
774,1,48.4564627790276,0.0253968752726788,"f"
775,1,48.4610441414902,0.0253953152182861,"f"
776,1,48.4656115209973,0.0253937611080134,"f"
777,1,48.4701653686366,0.0253922127711756,"f"
778,1,48.474706135496,0.0253906700370877,"f"
779,1,48.4792342726633,0.0253891327350649,"f"
780,1,48.4837502312263,0.0253876006944221,"f"
781,1,48.4882544622727,0.0253860737444743,"f"
782,1,48.4927474168904,0.0253845517145367,"f"
783,1,48.4972295461672,0.0253830344339241,"f"
784,1,48.5017013011909,0.0253815217319518,"f"
785,1,48.5061631330492,0.0253800134379346,"f"
786,1,48.5106154928299,0.0253785093811876,"f"
787,1,48.5150588316209,0.0253770093910259,"f"
788,1,48.51949360051,0.0253755132967644,"f"
789,1,48.5239202505849,0.0253740209277182,"f"
790,1,48.5283392329335,0.0253725321132024,"f"
791,1,48.5327509986435,0.025371046682532,"f"
792,1,48.5371559851721,0.0253695644698236,"f"
793,1,48.541554321206,0.025368085417966,"f"
794,1,48.5459458292679,0.0253666095777017,"f"
795,1,48.5503303187711,0.0253651370043909,"f"
796,1,48.5547075991293,0.025363667753394,"f"
797,1,48.559077479756,0.0253622018800716,"f"
798,1,48.5634397700646,0.025360739439784,"f"
799,1,48.5677942794687,0.0253592804878915,"f"
800,1,48.5721408173817,0.0253578250797547,"f"
801,1,48.5764791932172,0.0253563732707339,"f"
802,1,48.5808092163886,0.0253549251161896,"f"
803,1,48.5851306963094,0.025353480671482,"f"
804,1,48.5894434423932,0.0253520399919718,"f"
805,1,48.5937472640534,0.0253506031330191,"f"
806,1,48.5980419707036,0.0253491701499845,"f"
807,1,48.6023273717573,0.0253477410982284,"f"
808,1,48.6066032766279,0.0253463160331112,"f"
809,1,48.6108694947289,0.0253448950099932,"f"
810,1,48.6151258354739,0.025343478084235,"f"
811,1,48.6193721082763,0.0253420653111968,"f"
812,1,48.6236081225497,0.0253406567462391,"f"
813,1,48.6278336877075,0.0253392524447224,"f"
814,1,48.6320486131632,0.0253378524620069,"f"
815,1,48.6362527083305,0.0253364568534532,"f"
816,1,48.6404457826226,0.0253350656744216,"f"
817,1,48.6446276454532,0.0253336789802726,"f"
818,1,48.6487981062358,0.0253322968263665,"f"
819,1,48.6529569743838,0.0253309192680638,"f"
820,1,48.6571040593107,0.0253295463607248,"f"
821,1,48.6612391704301,0.02532817815971,"f"
822,1,48.6653621173096,0.0253268147203283,"f"
823,1,48.6694727480835,0.0253254560850197,"f"
824,1,48.6735710000097,0.0253241022664853,"f"
825,1,48.6776568228966,0.025322753273238,"f"
826,1,48.6817301665531,0.025321409113791,"f"
827,1,48.6857909807879,0.0253200697966572,"f"
828,1,48.6898392154094,0.0253187353303497,"f"
829,1,48.6938748202266,0.0253174057233815,"f"
830,1,48.6978977450479,0.0253160809842657,"f"
831,1,48.7019079396821,0.0253147611215152,"f"
832,1,48.7059053539378,0.0253134461436432,"f"
833,1,48.7098899376237,0.0253121360591627,"f"
834,1,48.7138616405485,0.0253108308765867,"f"
835,1,48.7178204125209,0.0253095306044282,"f"
836,1,48.7217662033494,0.0253082352512003,"f"
837,1,48.7256989628428,0.025306944825416,"f"
838,1,48.7296186408097,0.0253056593355883,"f"
839,1,48.7335251870588,0.0253043787902304,"f"
840,1,48.7374185513988,0.0253031031978552,"f"
841,1,48.7412986836383,0.0253018325669757,"f"
842,1,48.7451655335861,0.025300566906105,"f"
843,1,48.7490190510506,0.0252993062237562,"f"
844,1,48.7528591858407,0.0252980505284422,"f"
845,1,48.756685887765,0.0252967998286762,"f"
846,1,48.7604991066322,0.025295554132971,"f"
847,1,48.7642987922509,0.0252943134498399,"f"
848,1,48.7680848944298,0.0252930777877958,"f"
849,1,48.7718573629775,0.0252918471553517,"f"
850,1,48.7756161477028,0.0252906215610207,"f"
851,1,48.7793611984142,0.0252894010133159,"f"
852,1,48.7830924649205,0.0252881855207502,"f"
853,1,48.7868099239461,0.0252869750831248,"f"
854,1,48.7905137109761,0.0252857696488536,"f"
855,1,48.7942040195038,0.0252845691475749,"f"
856,1,48.7978810431079,0.0252833735088993,"f"
857,1,48.8015449753674,0.0252821826624374,"f"
858,1,48.8051960098609,0.0252809965377996,"f"
859,1,48.8088343401674,0.0252798150645966,"f"
860,1,48.8124601598656,0.0252786381724388,"f"
861,1,48.8160736625344,0.0252774657909369,"f"
862,1,48.8196750417526,0.0252762978497013,"f"
863,1,48.8232644910991,0.0252751342783426,"f"
864,1,48.8268422041525,0.0252739750064714,"f"
865,1,48.8304083744919,0.0252728199636982,"f"
866,1,48.8339631956959,0.0252716690796335,"f"
867,1,48.8375068613434,0.025270522283888,"f"
868,1,48.8410395650133,0.0252693795060721,"f"
869,1,48.8445615002843,0.0252682406757963,"f"
870,1,48.8480728607352,0.0252671057226713,"f"
871,1,48.851573839945,0.0252659745763076,"f"
872,1,48.8550646314924,0.0252648471663158,"f"
873,1,48.8585454289562,0.0252637234223063,"f"
874,1,48.8620164259153,0.0252626032738897,"f"
875,1,48.8654778159484,0.0252614866506766,"f"
876,1,48.8689297926345,0.0252603734822775,"f"
877,1,48.8723725495522,0.025259263698303,"f"
878,1,48.8758062802806,0.0252581572283636,"f"
879,1,48.8792311783982,0.0252570540020698,"f"
880,1,48.8826474374841,0.0252559539490322,"f"
881,1,48.886055251117,0.0252548569988614,"f"
882,1,48.8894548128757,0.0252537630811679,"f"
883,1,48.8928463160229,0.0252526721256713,"f"
884,1,48.89622987817,0.0252515840881726,"f"
885,1,48.8996054436977,0.0252504989841962,"f"
886,1,48.9029729328433,0.0252494168375901,"f"
887,1,48.9063322658437,0.0252483376722023,"f"
888,1,48.9096833629361,0.0252472615118809,"f"
889,1,48.9130261443576,0.025246188380474,"f"
890,1,48.9163605303454,0.0252451183018296,"f"
891,1,48.9196864411365,0.0252440512997958,"f"
892,1,48.9230037969682,0.0252429873982205,"f"
893,1,48.9263125180773,0.0252419266209519,"f"
894,1,48.9296125247012,0.025240868991838,"f"
895,1,48.9329037370769,0.0252398145347269,"f"
896,1,48.9361860754415,0.0252387632734666,"f"
897,1,48.9394594600322,0.0252377152319052,"f"
898,1,48.942723811086,0.0252366704338907,"f"
899,1,48.9459790488401,0.0252356289032712,"f"
900,1,48.9492250935316,0.0252345906638947,"f"
901,1,48.9524618653976,0.0252335557396092,"f"
902,1,48.9556892846753,0.0252325241542629,"f"
903,1,48.9589072716016,0.0252314959317038,"f"
904,1,48.9621157464138,0.0252304710957799,"f"
905,1,48.965314629349,0.0252294496703393,"f"
906,1,48.9685038406443,0.02522843167923,"f"
907,1,48.9716833005367,0.0252274171463001,"f"
908,1,48.9748529292635,0.0252264060953976,"f"
909,1,48.9780126470617,0.0252253985503707,"f"
910,1,48.9811623741685,0.0252243945350672,"f"
911,1,48.9843020308209,0.0252233940733354,"f"
912,1,48.9874315372561,0.0252223971890232,"f"
913,1,48.9905508137112,0.0252214039059787,"f"
914,1,48.9936597855755,0.025220414246021,"f"
915,1,48.9967584083257,0.0252194282191207,"f"
916,1,48.9998466483289,0.0252184458309598,"f"
917,1,49.0029244719669,0.0252174670872145,"f"
918,1,49.0059918456218,0.0252164919935607,"f"
919,1,49.0090487356757,0.0252155205556747,"f"
920,1,49.0120951085104,0.0252145527792325,"f"
921,1,49.015130930508,0.0252135886699102,"f"
922,1,49.0181561680506,0.0252126282333839,"f"
923,1,49.02117078752,0.0252116714753297,"f"
924,1,49.0241747552983,0.0252107184014237,"f"
925,1,49.0271680377675,0.025209769017342,"f"
926,1,49.0301506013096,0.0252088233287607,"f"
927,1,49.0331224123067,0.0252078813413558,"f"
928,1,49.0360834371406,0.0252069430608035,"f"
929,1,49.0390336421934,0.0252060084927798,"f"
930,1,49.0419729938471,0.025205077642961,"f"
931,1,49.0449014584837,0.0252041505170229,"f"
932,1,49.0478190024852,0.0252032271206418,"f"
933,1,49.0507255922337,0.0252023074594938,"f"
934,1,49.053621194111,0.0252013915392549,"f"
935,1,49.0565057744992,0.0252004793656012,"f"
936,1,49.0593792997803,0.0251995709442088,"f"
937,1,49.0622417363364,0.0251986662807539,"f"
938,1,49.0650930505493,0.0251977653809125,"f"
939,1,49.0679332088011,0.0251968682503607,"f"
940,1,49.0707621774739,0.0251959748947746,"f"
941,1,49.0735799229495,0.0251950853198302,"f"
942,1,49.07638641161,0.0251941995312038,"f"
943,1,49.0791816098375,0.0251933175345714,"f"
944,1,49.0819654899242,0.0251924393338226,"f"
945,1,49.0847381286184,0.0251915649012733,"f"
946,1,49.0874996921514,0.025190694182192,"f"
947,1,49.0902503496471,0.0251898271209724,"f"
948,1,49.0929902702298,0.0251889636620084,"f"
949,1,49.0957196230237,0.0251881037496939,"f"
950,1,49.098438577153,0.0251872473284227,"f"
951,1,49.1011473017418,0.0251863943425887,"f"
952,1,49.1038459659143,0.0251855447365856,"f"
953,1,49.1065347387947,0.0251846984548074,"f"
954,1,49.1092137895071,0.0251838554416479,"f"
955,1,49.1118832871757,0.0251830156415009,"f"
956,1,49.1145434009248,0.0251821789987603,"f"
957,1,49.1171942998785,0.0251813454578199,"f"
958,1,49.1198361531609,0.0251805149630735,"f"
959,1,49.1224691298962,0.0251796874589151,"f"
960,1,49.1250933992087,0.0251788628897384,"f"
961,1,49.1277091302225,0.0251780411999373,"f"
962,1,49.1303164920617,0.0251772223339056,"f"
963,1,49.1329156538506,0.0251764062360373,"f"
964,1,49.1355067847133,0.0251755928507261,"f"
965,1,49.138090053774,0.0251747821223658,"f"
966,1,49.1406656301569,0.0251739739953504,"f"
967,1,49.1432336829861,0.0251731684140736,"f"
968,1,49.1457943813859,0.0251723653229294,"f"
969,1,49.1483478944803,0.0251715646663115,"f"
970,1,49.1508943913937,0.0251707663886138,"f"
971,1,49.1534340412501,0.0251699704342302,"f"
972,1,49.1559670131737,0.0251691767475544,"f"
973,1,49.1584934762888,0.0251683852729804,"f"
974,1,49.1610135997194,0.025167595954902,"f"
975,1,49.1635275253196,0.0251668087463399,"f"
976,1,49.1660352372805,0.0251660236501917,"f"
977,1,49.1685366632611,0.0251652406872387,"f"
978,1,49.1710317308476,0.0251644598782855,"f"
979,1,49.1735203676265,0.0251636812441363,"f"
980,1,49.1760025011841,0.0251629048055956,"f"
981,1,49.1784780591067,0.0251621305834679,"f"
982,1,49.1809469689806,0.0251613585985575,"f"
983,1,49.1834091583923,0.0251605888716689,"f"
984,1,49.1858645549279,0.0251598214236064,"f"
985,1,49.1883130861739,0.0251590562751746,"f"
986,1,49.1907546797166,0.0251582934471777,"f"
987,1,49.1931892631423,0.0251575329604203,"f"
988,1,49.1956167640374,0.0251567748357067,"f"
989,1,49.1980371099882,0.0251560190938413,"f"
990,1,49.200450228581,0.0251552657556286,"f"
991,1,49.2028560474022,0.025154514841873,"f"
992,1,49.2052544940381,0.0251537663733789,"f"
993,1,49.207645496075,0.0251530203709507,"f"
994,1,49.2100289810993,0.0251522768553928,"f"
995,1,49.2124048766973,0.0251515358475096,"f"
996,1,49.2147731104554,0.0251507973681056,"f"
997,1,49.2171336099599,0.0251500614379852,"f"
998,1,49.2194863027971,0.0251493280779528,"f"
999,1,49.2218311165533,0.0251485973088127,"f"
1000,1,49.224167978815,0.0251478691513695,"f"
1001,1,49.2264968171684,0.0251471436264275,"f"
1002,1,49.2288175591998,0.0251464207547911,"f"
1003,1,49.2311301324956,0.0251457005572648,"f"
1004,1,49.2334344646422,0.025144983054653,"f"
1005,1,49.2357304879507,0.0251442682663277,"f"
1006,1,49.2380182171033,0.0251435561866894,"f"
1007,1,49.2402977367479,0.025142846788928,"f"
1008,1,49.2425691337554,0.0251421400455593,"f"
1009,1,49.2448324949967,0.0251414359290992,"f"
1010,1,49.2470879073429,0.0251407344120636,"f"
1011,1,49.2493354576648,0.0251400354669683,"f"
1012,1,49.2515752328335,0.0251393390663293,"f"
1013,1,49.2538073197198,0.0251386451826622,"f"
1014,1,49.2560318051947,0.0251379537884832,"f"
1015,1,49.2582487761292,0.0251372648563079,"f"
1016,1,49.2604583193942,0.0251365783586523,"f"
1017,1,49.2626605218606,0.0251358942680323,"f"
1018,1,49.2648554703996,0.0251352125569637,"f"
1019,1,49.2670432518818,0.0251345331979623,"f"
1020,1,49.2692239531784,0.0251338561635441,"f"
1021,1,49.2713976611603,0.0251331814262249,"f"
1022,1,49.2735644626984,0.0251325089585206,"f"
1023,1,49.2757244446637,0.0251318387329471,"f"
1024,1,49.2778776939272,0.0251311707220202,"f"
1025,1,49.2800242973597,0.0251305048982557,"f"
1026,1,49.2821643418323,0.0251298412341696,"f"
1027,1,49.2842979142158,0.0251291797022778,"f"
1028,1,49.2864251013813,0.025128520275096,"f"
1029,1,49.2885459901997,0.0251278629251402,"f"
1030,1,49.2906606675419,0.0251272076249262,"f"
1031,1,49.2927692202789,0.0251265543469699,"f"
1032,1,49.2948717352817,0.0251259030637872,"f"
1033,1,49.2969682994211,0.0251252537478939,"f"
1034,1,49.2990589995682,0.0251246063718059,"f"
1035,1,49.3011439218174,0.0251239609082735,"f"
1036,1,49.3032230551991,0.0251233173593514,"f"
1037,1,49.3052961985399,0.0251226757845181,"f"
1038,1,49.3073631285754,0.0251220362499218,"f"
1039,1,49.3094236220411,0.0251213988217104,"f"
1040,1,49.3114774556725,0.0251207635660321,"f"
1041,1,49.3135244062052,0.0251201305490348,"f"
1042,1,49.3155642503746,0.0251194998368668,"f"
1043,1,49.3175967649163,0.025118871495676,"f"
1044,1,49.3196217265657,0.0251182455916105,"f"
1045,1,49.3216389120585,0.0251176221908184,"f"
1046,1,49.3236480981301,0.0251170013594478,"f"
1047,1,49.3256490615161,0.0251163831636466,"f"
1048,1,49.3276415789519,0.0251157676695631,"f"
1049,1,49.3296254271731,0.0251151549433451,"f"
1050,1,49.3316003829153,0.0251145450511409,"f"
1051,1,49.3335662229138,0.0251139380590985,"f"
1052,1,49.3355227239043,0.025113334033366,"f"
1053,1,49.3374696626223,0.0251127330400913,"f"
1054,1,49.3394068158033,0.0251121351454226,"f"
1055,1,49.3413339601828,0.025111540415508,"f"
1056,1,49.3432508724962,0.0251109489164955,"f"
1057,1,49.3451573294793,0.0251103607145331,"f"
1058,1,49.3470531078674,0.025109775875769,"f"
1059,1,49.3489379843961,0.0251091944663513,"f"
1060,1,49.3508117358009,0.0251086165524279,"f"
1061,1,49.3526741388174,0.0251080422001469,"f"
1062,1,49.3545249701809,0.0251074714756565,"f"
1063,1,49.3563640066272,0.0251069044451046,"f"
1064,1,49.3581910248916,0.0251063411746394,"f"
1065,1,49.3600058017097,0.0251057817304089,"f"
1066,1,49.361808160712,0.0251052261642683,"f"
1067,1,49.3635987320234,0.0251046742822653,"f"
1068,1,49.3653788250004,0.025104125683428,"f"
1069,1,49.3671497702059,0.0251035799603211,"f"
1070,1,49.368912898203,0.0251030367055091,"f"
1071,1,49.3706695395544,0.0251024955115568,"f"
1072,1,49.3724210248233,0.0251019559710288,"f"
1073,1,49.3741686845726,0.0251014176764898,"f"
1074,1,49.3759138493652,0.0251008802205044,"f"
1075,1,49.3776578497641,0.0251003431956374,"f"
1076,1,49.3794020163322,0.0250998061944532,"f"
1077,1,49.3811476796325,0.0250992688095167,"f"
1078,1,49.382896170228,0.0250987306333924,"f"
1079,1,49.3846488186816,0.025098191258645,"f"
1080,1,49.3864069555563,0.0250976502778392,"f"
1081,1,49.3881719114151,0.0250971072835397,"f"
1082,1,49.3899450168208,0.025096561868311,"f"
1083,1,49.3917276023365,0.0250960136247179,"f"
1084,1,49.3935209985251,0.0250954621453249,"f"
1085,1,49.3953265359496,0.0250949070226969,"f"
1086,1,49.3971455451729,0.0250943478493983,"f"
1087,1,49.398979356758,0.0250937842179939,"f"
1088,1,49.4008293012678,0.0250932157210484,"f"
1089,1,49.4026967092654,0.0250926419511263,"f"
1090,1,49.4045829113136,0.0250920625007924,"f"
1091,1,49.4064892379755,0.0250914769626112,"f"
1092,1,49.4084170198139,0.0250908849291476,"f"
1093,1,49.4103675873919,0.025090285992966,"f"
1094,1,49.4123422712724,0.0250896797466312,"f"
1095,1,49.4143424020183,0.0250890657827078,"f"
1096,1,49.4163693031115,0.0250884436959298,"f"
1097,1,49.4184234412061,0.0250878133435122,"f"
1098,1,49.4205036188703,0.0250871750924471,"f"
1099,1,49.422608447479,0.0250865293682971,"f"
1100,1,49.4247365384075,0.0250858765966245,"f"
1101,1,49.4268865030307,0.0250852172029918,"f"
1102,1,49.4290569527238,0.0250845516129614,"f"
1103,1,49.4312464988618,0.0250838802520958,"f"
1104,1,49.4334537528199,0.0250832035459573,"f"
1105,1,49.4356773259732,0.0250825219201084,"f"
1106,1,49.4379158296967,0.0250818358001114,"f"
1107,1,49.4401678753655,0.025081145611529,"f"
1108,1,49.4424320743547,0.0250804517799234,"f"
1109,1,49.4447070380395,0.025079754730857,"f"
1110,1,49.4469913777948,0.0250790548898924,"f"
1111,1,49.4492837049958,0.0250783526825919,"f"
1112,1,49.4515826310176,0.0250776485345179,"f"
1113,1,49.4538867672353,0.025076942871233,"f"
1114,1,49.456194725024,0.0250762361182994,"f"
1115,1,49.4585051157587,0.0250755287012797,"f"
1116,1,49.4608165508146,0.0250748210457362,"f"
1117,1,49.4631276415667,0.0250741135772314,"f"
1118,1,49.4654369993901,0.0250734067213278,"f"
1119,1,49.46774323566,0.0250727009035876,"f"
1120,1,49.4700449617514,0.0250719965495734,"f"
1121,1,49.4723407890394,0.0250712940848476,"f"
1122,1,49.4746293288991,0.0250705939349726,"f"
1123,1,49.4769091927056,0.0250698965255108,"f"
1124,1,49.479178991834,0.0250692022820246,"f"
1125,1,49.4814373376593,0.0250685116300766,"f"
1126,1,49.4836828415567,0.025067824995229,"f"
1127,1,49.4859143676156,0.0250671427253737,"f"
1128,1,49.4881320118053,0.0250664647897888,"f"
1129,1,49.4903362448942,0.0250657910425597,"f"
1130,1,49.4925275377386,0.0250651213377448,"f"
1131,1,49.4947063611951,0.0250644555294021,"f"
1132,1,49.49687318612,0.02506379347159,"f"
1133,1,49.4990284833698,0.0250631350183667,"f"
1134,1,49.501172723801,0.0250624800237905,"f"
1135,1,49.5033063782699,0.0250618283419196,"f"
1136,1,49.5054299176331,0.0250611798268123,"f"
1137,1,49.507543812747,0.0250605343325267,"f"
1138,1,49.509648534468,0.0250598917131212,"f"
1139,1,49.5117445536525,0.025059251822654,"f"
1140,1,49.513832341157,0.0250586145151834,"f"
1141,1,49.515912367838,0.0250579796447675,"f"
1142,1,49.5179851045518,0.0250573470654647,"f"
1143,1,49.520051022155,0.0250567166313332,"f"
1144,1,49.5221105915039,0.0250560881964312,"f"
1145,1,49.5241642834551,0.025055461614817,"f"
1146,1,49.5262125688648,0.0250548367405489,"f"
1147,1,49.5282559185897,0.025054213427685,"f"
1148,1,49.5302948034861,0.0250535915302836,"f"
1149,1,49.5323296944104,0.025052970902403,"f"
1150,1,49.5343610622192,0.0250523513981015,"f"
1151,1,49.5363893777688,0.0250517328714372,"f"
1152,1,49.5384151119157,0.0250511151764684,"f"
1153,1,49.5404387355163,0.0250504981672534,"f"
1154,1,49.5424607194271,0.0250498816978504,"f"
1155,1,49.5444815345045,0.0250492656223177,"f"
1156,1,49.546501651605,0.0250486497947135,"f"
1157,1,49.548521539913,0.025048034069613,"f"
1158,1,49.5505414726749,0.0250474183621772,"f"
1159,1,49.5525613459757,0.0250468027041883,"f"
1160,1,49.5545810130348,0.0250461871406829,"f"
1161,1,49.5566003270718,0.0250455717166978,"f"
1162,1,49.5586191413062,0.0250449564772696,"f"
1163,1,49.5606373089573,0.025044341467435,"f"
1164,1,49.5626546832449,0.0250437267322305,"f"
1165,1,49.5646711173882,0.0250431123166928,"f"
1166,1,49.5666864646068,0.0250424982658586,"f"
1167,1,49.5687005781203,0.0250418846247645,"f"
1168,1,49.5707133111481,0.0250412714384472,"f"
1169,1,49.5727245169096,0.0250406587519433,"f"
1170,1,49.5747340486244,0.0250400466102894,"f"
1171,1,49.576741759512,0.0250394350585223,"f"
1172,1,49.5787475027919,0.0250388241416786,"f"
1173,1,49.5807511316835,0.0250382139047949,"f"
1174,1,49.5827524994064,0.0250376043929078,"f"
1175,1,49.58475145918,0.025036995651054,"f"
1176,1,49.5867478642238,0.0250363877242702,"f"
1177,1,49.5887415677574,0.025035780657593,"f"
1178,1,49.5907324230002,0.0250351744960591,"f"
1179,1,49.5927202831717,0.0250345692847051,"f"
1180,1,49.5947050014914,0.0250339650685676,"f"
1181,1,49.5966864311787,0.0250333618926834,"f"
1182,1,49.5986644254533,0.0250327598020889,"f"
1183,1,49.6006388375345,0.025032158841821,"f"
1184,1,49.6026095206419,0.0250315590569163,"f"
1185,1,49.6045763279949,0.0250309604924113,"f"
1186,1,49.6065391128131,0.0250303631933428,"f"
1187,1,49.608497728316,0.0250297672047474,"f"
1188,1,49.6104520470973,0.0250291725654996,"f"
1189,1,49.6124020352702,0.0250285792847302,"f"
1190,1,49.6143476871282,0.0250279873626069,"f"
1191,1,49.6162889969705,0.0250273967992956,"f"
1192,1,49.6182259590963,0.0250268075949624,"f"
1193,1,49.6201585678048,0.0250262197497732,"f"
1194,1,49.6220868173952,0.0250256332638939,"f"
1195,1,49.6240107021668,0.0250250481374906,"f"
1196,1,49.6259302164188,0.0250244643707292,"f"
1197,1,49.6278453544504,0.0250238819637757,"f"
1198,1,49.6297561105607,0.025023300916796,"f"
1199,1,49.6316624790491,0.0250227212299562,"f"
1200,1,49.6335644542147,0.0250221429034221,"f"
1201,1,49.6354620303567,0.0250215659373598,"f"
1202,1,49.6373552017744,0.0250209903319352,"f"
1203,1,49.6392439627669,0.0250204160873143,"f"
1204,1,49.6411283076336,0.025019843203663,"f"
1205,1,49.6430082306735,0.0250192716811474,"f"
1206,1,49.644883726186,0.0250187015199333,"f"
1207,1,49.6467547884702,0.0250181327201869,"f"
1208,1,49.6486214118253,0.0250175652820739,"f"
1209,1,49.6504835905506,0.0250169992057605,"f"
1210,1,49.6523413189453,0.0250164344914125,"f"
1211,1,49.6541945913085,0.025015871139196,"f"
1212,1,49.6560434019396,0.0250153091492768,"f"
1213,1,49.6578877451377,0.0250147485218211,"f"
1214,1,49.659727615202,0.0250141892569947,"f"
1215,1,49.6615630064317,0.0250136313549636,"f"
1216,1,49.6633939131262,0.0250130748158937,"f"
1217,1,49.6652203295845,0.0250125196399511,"f"
1218,1,49.6670422540953,0.0250119658261711,"f"
1219,1,49.668859739786,0.0250114133580468,"f"
1220,1,49.6706728796467,0.0250108622077739,"f"
1221,1,49.6724817675653,0.0250103123472932,"f"
1222,1,49.67428649743,0.0250097637485458,"f"
1223,1,49.676087163129,0.0250092163834728,"f"
1224,1,49.6778838585503,0.025008670224015,"f"
1225,1,49.6796766775822,0.0250081252421135,"f"
1226,1,49.6814657141127,0.0250075814097094,"f"
1227,1,49.6832510620301,0.0250070386987435,"f"
1228,1,49.6850328152223,0.0250064970811569,"f"
1229,1,49.6868110675776,0.0250059565288907,"f"
1230,1,49.6885859129841,0.0250054170138857,"f"
1231,1,49.6903574453299,0.025004878508083,"f"
1232,1,49.6921257585031,0.0250043409834236,"f"
1233,1,49.693890946392,0.0250038044118485,"f"
1234,1,49.6956531028845,0.0250032687652987,"f"
1235,1,49.697412321869,0.0250027340157151,"f"
1236,1,49.6991686972334,0.0250022001350389,"f"
1237,1,49.7009223228659,0.0250016670952109,"f"
1238,1,49.7026732926547,0.0250011348681722,"f"
1239,1,49.7044217004878,0.0250006034258638,"f"
1240,1,49.7061676402535,0.0250000727402267,"f"
1241,1,49.7079112058399,0.0249995427832018,"f"
1242,1,49.709652491135,0.0249990135267302,"f"
1243,1,49.7113915900271,0.0249984849427529,"f"
1244,1,49.7131285964042,0.0249979570032109,"f"
1245,1,49.7148636041545,0.0249974296800452,"f"
1246,1,49.7165967071661,0.0249969029451967,"f"
1247,1,49.7183279993272,0.0249963767706064,"f"
1248,1,49.7200575745259,0.0249958511282155,"f"
1249,1,49.7217855084794,0.0249953259952226,"f"
1250,1,49.7235117900511,0.0249948013739584,"f"
1251,1,49.7252363821838,0.0249942772742535,"f"
1252,1,49.7269592478156,0.02499375370594,"f"
1253,1,49.728680349885,0.0249932306788499,"f"
1254,1,49.73039965133,0.0249927082028154,"f"
1255,1,49.732117115089,0.0249921862876684,"f"
1256,1,49.7338327041001,0.0249916649432411,"f"
1257,1,49.7355463813016,0.0249911441793655,"f"
1258,1,49.7372581096317,0.0249906240058736,"f"
1259,1,49.7389678520288,0.0249901044325975,"f"
1260,1,49.7406755714309,0.0249895854693693,"f"
1261,1,49.7423812307764,0.0249890671260211,"f"
1262,1,49.7440847930034,0.0249885494123848,"f"
1263,1,49.7457862210503,0.0249880323382925,"f"
1264,1,49.7474854778552,0.0249875159135764,"f"
1265,1,49.7491825263565,0.0249870001480685,"f"
1266,1,49.7508773294922,0.0249864850516007,"f"
1267,1,49.7525698502007,0.0249859706340053,"f"
1268,1,49.7542600514203,0.0249854569051142,"f"
1269,1,49.755947896089,0.0249849438747595,"f"
1270,1,49.7576333471453,0.0249844315527732,"f"
1271,1,49.7593163675272,0.0249839199489875,"f"
1272,1,49.7609969201731,0.0249834090732344,"f"
1273,1,49.7626749680212,0.0249828989353459,"f"
1274,1,49.7643504740097,0.0249823895451541,"f"
1275,1,49.7660234010769,0.024981880912491,"f"
1276,1,49.767693712161,0.0249813730471888,"f"
1277,1,49.7693613702002,0.0249808659590795,"f"
1278,1,49.7710263381328,0.024980359657995,"f"
1279,1,49.7726885793277,0.0249798541537174,"f"
1280,1,49.7743480630026,0.0249793494553459,"f"
1281,1,49.7760047625898,0.0249788455714883,"f"
1282,1,49.7776586516148,0.0249783425107416,"f"
1283,1,49.779309703603,0.0249778402817025,"f"
1284,1,49.7809578920798,0.0249773388929679,"f"
1285,1,49.7826031905708,0.0249768383531346,"f"
1286,1,49.7842455726014,0.0249763386707997,"f"
1287,1,49.785885011697,0.0249758398545598,"f"
1288,1,49.7875214813832,0.0249753419130119,"f"
1289,1,49.7891549551853,0.0249748448547529,"f"
1290,1,49.7907854066287,0.0249743486883795,"f"
1291,1,49.7924128092391,0.0249738534224887,"f"
1292,1,49.7940371365418,0.0249733590656774,"f"
1293,1,49.7956583620622,0.0249728656265424,"f"
1294,1,49.7972764593259,0.0249723731136805,"f"
1295,1,49.7988914018582,0.0249718815356886,"f"
1296,1,49.8005031631847,0.0249713909011637,"f"
1297,1,49.8021117168308,0.0249709012187025,"f"
1298,1,49.803717036322,0.0249704124969019,"f"
1299,1,49.8053190951836,0.0249699247443588,"f"
1300,1,49.8069178669413,0.0249694379696701,"f"
1301,1,49.8085133251203,0.0249689521814326,"f"
1302,1,49.8101054432462,0.0249684673882431,"f"
1303,1,49.8116941948444,0.0249679835986986,"f"
1304,1,49.8132795534405,0.024967500821396,"f"
1305,1,49.8148614925597,0.024967019064932,"f"
1306,1,49.8164399857277,0.0249665383379035,"f"
1307,1,49.8180150064698,0.0249660586489074,"f"
1308,1,49.8195865283115,0.0249655800065407,"f"
1309,1,49.8211545253602,0.0249651024192216,"f"
1310,1,49.8227190135556,0.0249646258825479,"f"
1311,1,49.8242800780011,0.0249641503709191,"f"
1312,1,49.825837810285,0.0249636758567474,"f"
1313,1,49.827392301996,0.0249632023124449,"f"
1314,1,49.8289436447223,0.0249627297104237,"f"
1315,1,49.8304919300527,0.024962258023096,"f"
1316,1,49.8320372495755,0.0249617872228739,"f"
1317,1,49.8335796948792,0.0249613172821694,"f"
1318,1,49.8351193575523,0.0249608481733947,"f"
1319,1,49.8366563291834,0.024960379868962,"f"
1320,1,49.8381907013608,0.0249599123412832,"f"
1321,1,49.8397225656732,0.0249594455627706,"f"
1322,1,49.8412520137089,0.0249589795058363,"f"
1323,1,49.8427791370565,0.0249585141428923,"f"
1324,1,49.8443040273045,0.0249580494463509,"f"
1325,1,49.8458267760413,0.024957585388624,"f"
1326,1,49.8473474748554,0.0249571219421238,"f"
1327,1,49.8488662153354,0.0249566590792625,"f"
1328,1,49.8503830890696,0.0249561967724522,"f"
1329,1,49.8518981876467,0.0249557349941049,"f"
1330,1,49.8534116026551,0.0249552737166328,"f"
1331,1,49.8549234256833,0.0249548129124481,"f"
1332,1,49.8564337483197,0.0249543525539627,"f"
1333,1,49.8579426621529,0.0249538926135889,"f"
1334,1,49.8594502587714,0.0249534330637387,"f"
1335,1,49.8609566297636,0.0249529738768243,"f"
1336,1,49.862461866718,0.0249525150252577,"f"
1337,1,49.8639660612232,0.0249520564814512,"f"
1338,1,49.8654693048675,0.0249515982178168,"f"
1339,1,49.8669716892396,0.0249511402067666,"f"
1340,1,49.8684733004674,0.0249506824223001,"f"
1341,1,49.869974151462,0.0249502248597005,"f"
1342,1,49.8714742028196,0.0249497675294588,"f"
1343,1,49.8729734140054,0.0249493104423948,"f"
1344,1,49.8744717444841,0.0249488536093283,"f"
1345,1,49.8759691537209,0.024948397041079,"f"
1346,1,49.8774656011807,0.0249479407484667,"f"
1347,1,49.8789610463285,0.0249474847423114,"f"
1348,1,49.8804554486292,0.0249470290334326,"f"
1349,1,49.8819487675479,0.0249465736326503,"f"
1350,1,49.8834409625496,0.0249461185507842,"f"
1351,1,49.8849319930992,0.0249456637986541,"f"
1352,1,49.8864218186617,0.0249452093870798,"f"
1353,1,49.887910398702,0.0249447553268811,"f"
1354,1,49.8893976926853,0.0249443016288779,"f"
1355,1,49.8908836600764,0.0249438483038898,"f"
1356,1,49.8923682603404,0.0249433953627366,"f"
1357,1,49.8938514529422,0.0249429428162383,"f"
1358,1,49.8953331973469,0.0249424906752145,"f"
1359,1,49.8968134530193,0.0249420389504851,"f"
1360,1,49.8982921794245,0.0249415876528699,"f"
1361,1,49.8997693360275,0.0249411367931886,"f"
1362,1,49.9012448822933,0.024940686382261,"f"
1363,1,49.9027187776867,0.024940236430907,"f"
1364,1,49.9041909816729,0.0249397869499462,"f"
1365,1,49.9056614537169,0.0249393379501986,"f"
1366,1,49.9071301532835,0.0249388894424839,"f"
1367,1,49.9085970398377,0.024938441437622,"f"
1368,1,49.9100620728447,0.0249379939464325,"f"
1369,1,49.9115252117692,0.0249375469797353,"f"
1370,1,49.9129864163652,0.0249371005482748,"f"
1371,1,49.9144456666236,0.0249366546575128,"f"
1372,1,49.9159029757038,0.0249362093042528,"f"
1373,1,49.9173583598398,0.0249357644844959,"f"
1374,1,49.9188118352655,0.0249353201942433,"f"
1375,1,49.9202634182148,0.0249348764294958,"f"
1376,1,49.9217131249217,0.0249344331862546,"f"
1377,1,49.9231609716201,0.0249339904605207,"f"
1378,1,49.9246069745439,0.0249335482482952,"f"
1379,1,49.9260511499271,0.0249331065455791,"f"
1380,1,49.9274935140035,0.0249326653483734,"f"
1381,1,49.9289340830072,0.0249322246526793,"f"
1382,1,49.930372873172,0.0249317844544977,"f"
1383,1,49.931809900732,0.0249313447498297,"f"
1384,1,49.9332451819209,0.0249309055346764,"f"
1385,1,49.9346787329728,0.0249304668050388,"f"
1386,1,49.9361105701215,0.0249300285569179,"f"
1387,1,49.9375407096011,0.0249295907863148,"f"
1388,1,49.9389691676454,0.0249291534892306,"f"
1389,1,49.9403959604884,0.0249287166616663,"f"
1390,1,49.941821104364,0.024928280299623,"f"
1391,1,49.9432446155061,0.0249278443991016,"f"
1392,1,49.9446665101487,0.0249274089561033,"f"
1393,1,49.9460868045257,0.0249269739666291,"f"
1394,1,49.947505514871,0.0249265394266801,"f"
1395,1,49.9489226574186,0.0249261053322572,"f"
1396,1,49.9503382484024,0.0249256716793616,"f"
1397,1,49.9517523040562,0.0249252384639943,"f"
1398,1,49.9531648406142,0.0249248056821563,"f"
1399,1,49.9545758743101,0.0249243733298488,"f"
1400,1,49.955985421378,0.0249239414030726,"f"
1401,1,49.9573934846916,0.0249235099018158,"f"
1402,1,49.9588000131611,0.0249230788421696,"f"
1403,1,49.9602049420734,0.0249226482442908,"f"
1404,1,49.9616082067154,0.0249222181283359,"f"
1405,1,49.963009742374,0.0249217885144616,"f"
1406,1,49.9644094843361,0.0249213594228246,"f"
1407,1,49.9658073678887,0.0249209308735816,"f"
1408,1,49.9672033283188,0.0249205028868891,"f"
1409,1,49.9685973009131,0.024920075482904,"f"
1410,1,49.9699892209587,0.0249196486817828,"f"
1411,1,49.9713790237425,0.0249192225036821,"f"
1412,1,49.9727666445514,0.0249187969687588,"f"
1413,1,49.9741520186724,0.0249183720971693,"f"
1414,1,49.9755350813922,0.0249179479090704,"f"
1415,1,49.976915767998,0.0249175244246187,"f"
1416,1,49.9782940137765,0.024917101663971,"f"
1417,1,49.9796697540148,0.0249166796472838,"f"
1418,1,49.9810429239998,0.0249162583947138,"f"
1419,1,49.9824134590183,0.0249158379264177,"f"
1420,1,49.9837812943573,0.0249154182625521,"f"
1421,1,49.9851463653038,0.0249149994232737,"f"
1422,1,49.9865086071446,0.0249145814287392,"f"
1423,1,49.9878679551667,0.0249141642991052,"f"
1424,1,49.989224344657,0.0249137480545284,"f"
1425,1,49.9905777109024,0.0249133327151655,"f"
1426,1,49.9919279891899,0.024912918301173,"f"
1427,1,49.9932751148064,0.0249125048327077,"f"
1428,1,49.9946190230388,0.0249120923299262,"f"
1429,1,49.995959649174,0.0249116808129852,"f"
1430,1,49.9972969284989,0.0249112703020413,"f"
1431,1,49.9986307994308,0.0249108608162757,"f"
1432,1,49.9999614143689,0.0249104523081833,"f"
1433,1,50.0012892733736,0.0249100446219121,"f"
1434,1,50.0026149083621,0.0249096375916825,"f"
1435,1,50.0039388512515,0.0249092310517147,"f"
1436,1,50.0052616339589,0.024908824836229,"f"
1437,1,50.0065837884013,0.0249084187794456,"f"
1438,1,50.0079058464959,0.0249080127155847,"f"
1439,1,50.0092283401598,0.0249076064788667,"f"
1440,1,50.0105518013101,0.0249071999035118,"f"
1441,1,50.0118767618638,0.0249067928237402,"f"
1442,1,50.0132037537381,0.0249063850737721,"f"
1443,1,50.0145333088501,0.024905976487828,"f"
1444,1,50.0158659591169,0.0249055669001279,"f"
1445,1,50.0172022364555,0.0249051561448922,"f"
1446,1,50.018542672783,0.024904744056341,"f"
1447,1,50.0198878000167,0.0249043304686948,"f"
1448,1,50.0212381500735,0.0249039152161736,"f"
1449,1,50.0225942548706,0.0249034981329979,"f"
1450,1,50.023956646325,0.0249030790533877,"f"
1451,1,50.0253258563539,0.0249026578115634,"f"
1452,1,50.0267024168744,0.0249022342417453,"f"
1453,1,50.0280868598035,0.0249018081781536,"f"
1454,1,50.0294797170584,0.0249013794550084,"f"
1455,1,50.0308815205561,0.0249009479065302,"f"
1456,1,50.0322928022138,0.0249005133669392,"f"
1457,1,50.0337140939485,0.0249000756704555,"f"
1458,1,50.0351459276774,0.0248996346512995,"f"
1459,1,50.0365888353176,0.0248991901436914,"f"
1460,1,50.0380433487861,0.0248987419818515,"f"
1461,1,50.03951,0.02489829,"f"
1462,1,50.0409891323015,0.0248978340909728,"f"
1463,1,50.0424803347331,0.0248973743820681,"f"
1464,1,50.0439830077621,0.0248969110591999,"f"
1465,1,50.0454965518561,0.024896444308282,"f"
1466,1,50.0470203674825,0.0248959743152283,"f"
1467,1,50.0485538551087,0.0248955012659527,"f"
1468,1,50.0500964152023,0.0248950253463691,"f"
1469,1,50.0516474482307,0.0248945467423913,"f"
1470,1,50.0532063546613,0.0248940656399332,"f"
1471,1,50.0547725349617,0.0248935822249088,"f"
1472,1,50.0563453895993,0.0248930966832318,"f"
1473,1,50.0579243190415,0.0248926092008162,"f"
1474,1,50.0595087237559,0.0248921199635759,"f"
1475,1,50.0610980042098,0.0248916291574247,"f"
1476,1,50.0626915608708,0.0248911369682765,"f"
1477,1,50.0642887942063,0.0248906435820452,"f"
1478,1,50.0658891046838,0.0248901491846447,"f"
1479,1,50.0674918927707,0.0248896539619889,"f"
1480,1,50.0690965589345,0.0248891580999916,"f"
1481,1,50.0707025036427,0.0248886617845667,"f"
1482,1,50.0723091273628,0.0248881652016282,"f"
1483,1,50.0739158305621,0.0248876685370898,"f"
1484,1,50.0755220137082,0.0248871719768655,"f"
1485,1,50.0771270772686,0.0248866757068692,"f"
1486,1,50.0787304217106,0.0248861799130147,"f"
1487,1,50.0803314475019,0.0248856847812159,"f"
1488,1,50.0819295551097,0.0248851904973867,"f"
1489,1,50.0835241450016,0.024884697247441,"f"
1490,1,50.0851146176451,0.0248842052172926,"f"
1491,1,50.0867003735076,0.0248837145928555,"f"
1492,1,50.0882808572658,0.0248832255463113,"f"
1493,1,50.0898559960663,0.024882738099977,"f"
1494,1,50.0914260140113,0.0248822521839297,"f"
1495,1,50.0929911395469,0.0248817677268968,"f"
1496,1,50.0945516011191,0.024881284657606,"f"
1497,1,50.0961076271741,0.024880802904785,"f"
1498,1,50.0976594461579,0.0248803223971612,"f"
1499,1,50.0992072865167,0.0248798430634624,"f"
1500,1,50.1007513766966,0.0248793648324161,"f"
1501,1,50.1022919451437,0.0248788876327499,"f"
1502,1,50.1038292203041,0.0248784113931914,"f"
1503,1,50.1053634306239,0.0248779360424683,"f"
1504,1,50.1068948045492,0.0248774615093081,"f"
1505,1,50.1084235705261,0.0248769877224384,"f"
1506,1,50.1099499570007,0.0248765146105869,"f"
1507,1,50.1114741924191,0.0248760421024812,"f"
1508,1,50.1129965052275,0.0248755701268487,"f"
1509,1,50.1145171238719,0.0248750986124173,"f"
1510,1,50.1160362767985,0.0248746274879143,"f"
1511,1,50.1175541924533,0.0248741566820676,"f"
1512,1,50.1190710992825,0.0248736861236046,"f"
1513,1,50.1205872257322,0.024873215741253,"f"
1514,1,50.1221028002484,0.0248727454637403,"f"
1515,1,50.1236180512773,0.0248722752197942,"f"
1516,1,50.125133207265,0.0248718049381423,"f"
1517,1,50.1266484966576,0.0248713345475122,"f"
1518,1,50.1281641479011,0.0248708639766315,"f"
1519,1,50.1296803894418,0.0248703931542277,"f"
1520,1,50.1311974497257,0.0248699220090286,"f"
1521,1,50.1327155571989,0.0248694504697616,"f"
1522,1,50.1342349403076,0.0248689784651545,"f"
1523,1,50.1357557755123,0.0248685059400386,"f"
1524,1,50.1372780333499,0.0248680329030363,"f"
1525,1,50.1388016333755,0.0248675593785625,"f"
1526,1,50.1403264951442,0.0248670853910324,"f"
1527,1,50.1418525382112,0.024866610964861,"f"
1528,1,50.1433796821317,0.0248661361244635,"f"
1529,1,50.1449078464609,0.024865660894255,"f"
1530,1,50.146436950754,0.0248651852986505,"f"
1531,1,50.147966914566,0.0248647093620651,"f"
1532,1,50.1494976574523,0.024864233108914,"f"
1533,1,50.1510290989679,0.0248637565636122,"f"
1534,1,50.152561158668,0.0248632797505749,"f"
1535,1,50.1540937561079,0.024862802694217,"f"
1536,1,50.1556268108426,0.0248623254189538,"f"
1537,1,50.1571602424273,0.0248618479492003,"f"
1538,1,50.1586939704173,0.0248613703093715,"f"
1539,1,50.1602279143677,0.0248608925238827,"f"
1540,1,50.1617619938336,0.0248604146171489,"f"
1541,1,50.1632961283703,0.0248599366135851,"f"
1542,1,50.1648302375328,0.0248594585376065,"f"
1543,1,50.1663642408765,0.0248589804136282,"f"
1544,1,50.1678980579564,0.0248585022660653,"f"
1545,1,50.1694316083277,0.0248580241193328,"f"
1546,1,50.1709648115457,0.0248575459978459,"f"
1547,1,50.1724975871654,0.0248570679260196,"f"
1548,1,50.174029854742,0.0248565899282691,"f"
1549,1,50.1755615338308,0.0248561120290094,"f"
1550,1,50.1770925439868,0.0248556342526556,"f"
1551,1,50.1786228047653,0.0248551566236229,"f"
1552,1,50.1801522357214,0.0248546791663263,"f"
1553,1,50.1816807593224,0.0248542019043962,"f"
1554,1,50.1832083294509,0.024853724852997,"f"
1555,1,50.1847349191573,0.0248532480221281,"f"
1556,1,50.1862605017657,0.0248527714217148,"f"
1557,1,50.1877850506,0.0248522950616827,"f"
1558,1,50.1893085389841,0.0248518189519572,"f"
1559,1,50.1908309402421,0.0248513431024639,"f"
1560,1,50.1923522276979,0.0248508675231281,"f"
1561,1,50.1938723746754,0.0248503922238754,"f"
1562,1,50.1953913544985,0.0248499172146313,"f"
1563,1,50.1969091404914,0.0248494425053213,"f"
1564,1,50.1984257059779,0.0248489681058708,"f"
1565,1,50.199941024282,0.0248484940262053,"f"
1566,1,50.2014550687276,0.0248480202762503,"f"
1567,1,50.2029678126388,0.0248475468659313,"f"
1568,1,50.2044792293394,0.0248470738051738,"f"
1569,1,50.2059892921534,0.0248466011039032,"f"
1570,1,50.2074979744049,0.0248461287720451,"f"
1571,1,50.2090052494177,0.0248456568195249,"f"
1572,1,50.2105110905158,0.0248451852562681,"f"
1573,1,50.2120154710232,0.0248447140922002,"f"
1574,1,50.2135183642638,0.0248442433372467,"f"
1575,1,50.2150197435617,0.0248437730013331,"f"
1576,1,50.2165195822407,0.0248433030943847,"f"
1577,1,50.2180178536248,0.0248428336263272,"f"
1578,1,50.219514531038,0.0248423646070861,"f"
1579,1,50.2210095878042,0.0248418960465867,"f"
1580,1,50.2225029972474,0.0248414279547546,"f"
1581,1,50.2239947326917,0.0248409603415152,"f"
1582,1,50.2254847674608,0.0248404932167941,"f"
1583,1,50.2269730757386,0.024840026590213,"f"
1584,1,50.2284596714693,0.0248395604573505,"f"
1585,1,50.2299446242436,0.0248390947941308,"f"
1586,1,50.2314280078024,0.0248386295750123,"f"
1587,1,50.2329098958863,0.0248381647744536,"f"
1588,1,50.2343903622362,0.024837700366913,"f"
1589,1,50.2358694805929,0.024837236326849,"f"
1590,1,50.2373473246973,0.0248367726287201,"f"
1591,1,50.23882396829,0.0248363092469847,"f"
1592,1,50.2402994851119,0.0248358461561013,"f"
1593,1,50.2417739489038,0.0248353833305283,"f"
1594,1,50.2432474334066,0.0248349207447242,"f"
1595,1,50.2447200123609,0.0248344583731475,"f"
1596,1,50.2461917595076,0.0248339961902565,"f"
1597,1,50.2476627485875,0.0248335341705098,"f"
1598,1,50.2491330533414,0.0248330722883658,"f"
1599,1,50.2506027475101,0.024832610518283,"f"
1600,1,50.2520719048344,0.0248321488347198,"f"
1601,1,50.2535405990551,0.0248316872121346,"f"
1602,1,50.255008903913,0.024831225624986,"f"
1603,1,50.2564768931488,0.0248307640477323,"f"
1604,1,50.2579446405035,0.0248303024548321,"f"
1605,1,50.2594122197177,0.0248298408207437,"f"
1606,1,50.2608797045323,0.0248293791199257,"f"
1607,1,50.2623471686881,0.0248289173268365,"f"
1608,1,50.2638146859259,0.0248284554159345,"f"
1609,1,50.2652823299864,0.0248279933616782,"f"
1610,1,50.2667501746106,0.0248275311385261,"f"
1611,1,50.2682182935391,0.0248270687209366,"f"
1612,1,50.2696867605128,0.0248266060833682,"f"
1613,1,50.2711556492725,0.0248261432002792,"f"
1614,1,50.272625027491,0.0248256800483285,"f"
1615,1,50.2740948981276,0.0248252166276397,"f"
1616,1,50.275565225001,0.0248247529525288,"f"
1617,1,50.277035971385,0.0248242890375093,"f"
1618,1,50.2785071005539,0.0248238248970946,"f"
1619,1,50.2799785757816,0.0248233605457984,"f"
1620,1,50.2814503603422,0.024822895998134,"f"
1621,1,50.2829224175096,0.024822431268615,"f"
1622,1,50.2843947105581,0.0248219663717548,"f"
1623,1,50.2858672027615,0.0248215013220669,"f"
1624,1,50.2873398573939,0.0248210361340649,"f"
1625,1,50.2888126377294,0.0248205708222621,"f"
1626,1,50.2902855070421,0.0248201054011721,"f"
1627,1,50.2917584286059,0.0248196398853083,"f"
1628,1,50.2932313656948,0.0248191742891843,"f"
1629,1,50.2947042815831,0.0248187086273135,"f"
1630,1,50.2961771395445,0.0248182429142094,"f"
1631,1,50.2976499028534,0.0248177771643855,"f"
1632,1,50.2991225347835,0.0248173113923553,"f"
1633,1,50.3005949986091,0.0248168456126323,"f"
1634,1,50.3020672576041,0.0248163798397299,"f"
1635,1,50.3035392750426,0.0248159140881616,"f"
1636,1,50.3050110141986,0.024815448372441,"f"
1637,1,50.3064824383462,0.0248149827070814,"f"
1638,1,50.3079535107594,0.0248145171065965,"f"
1639,1,50.3094241947122,0.0248140515854996,"f"
1640,1,50.3108944534788,0.0248135861583042,"f"
1641,1,50.312364250333,0.024813120839524,"f"
1642,1,50.3138335485491,0.0248126556436722,"f"
1643,1,50.3153023114009,0.0248121905852625,"f"
1644,1,50.3167705021567,0.0248117256787552,"f"
1645,1,50.3182380838163,0.0248112609362113,"f"
1646,1,50.3197050190076,0.0248107963663616,"f"
1647,1,50.321171270331,0.024810331977692,"f"
1648,1,50.322636800387,0.0248098677786881,"f"
1649,1,50.3241015717758,0.0248094037778355,"f"
1650,1,50.3255655470979,0.0248089399836202,"f"
1651,1,50.3270286889537,0.0248084764045276,"f"
1652,1,50.3284909599437,0.0248080130490437,"f"
1653,1,50.3299523226682,0.024807549925654,"f"
1654,1,50.3314127397276,0.0248070870428444,"f"
1655,1,50.3328721737224,0.0248066244091004,"f"
1656,1,50.3343305872529,0.0248061620329079,"f"
1657,1,50.3357879429195,0.0248056999227525,"f"
1658,1,50.3372442033228,0.02480523808712,"f"
1659,1,50.3386993310629,0.0248047765344961,"f"
1660,1,50.3401532887405,0.0248043152733664,"f"
1661,1,50.3416060389558,0.0248038543122168,"f"
1662,1,50.3430575443093,0.0248033936595329,"f"
1663,1,50.3445077674014,0.0248029333238004,"f"
1664,1,50.3459566708325,0.024802473313505,"f"
1665,1,50.347404217203,0.0248020136371326,"f"
1666,1,50.3488503691132,0.0248015543031687,"f"
1667,1,50.3502950891637,0.0248010953200991,"f"
1668,1,50.3517383399548,0.0248006366964095,"f"
1669,1,50.353180084087,0.0248001784405856,"f"
1670,1,50.3546202841605,0.0247997205611132,"f"
1671,1,50.3560589027759,0.0247992630664779,"f"
1672,1,50.3574959025336,0.0247988059651655,"f"
1673,1,50.3589312460339,0.0247983492656616,"f"
1674,1,50.3603648958811,0.0247978929764511,"f"
1675,1,50.3617968369323,0.0247974371000999,"f"
1676,1,50.3632271286083,0.0247969816193426,"f"
1677,1,50.3646558459295,0.0247965265127647,"f"
1678,1,50.3660830639164,0.0247960717589516,"f"
1679,1,50.3675088575893,0.0247956173364887,"f"
1680,1,50.3689333019688,0.0247951632239616,"f"
1681,1,50.3703564720751,0.0247947093999557,"f"
1682,1,50.3717784429288,0.0247942558430565,"f"
1683,1,50.3731992895504,0.0247938025318494,"f"
1684,1,50.3746190869601,0.0247933494449199,"f"
1685,1,50.3760379101786,0.0247928965608535,"f"
1686,1,50.3774558342261,0.0247924438582355,"f"
1687,1,50.3788729341231,0.0247919913156516,"f"
1688,1,50.3802892848901,0.0247915389116872,"f"
1689,1,50.3817049615475,0.0247910866249276,"f"
1690,1,50.3831200391157,0.0247906344339584,"f"
1691,1,50.3845345926152,0.0247901823173651,"f"
1692,1,50.3859486970664,0.0247897302537331,"f"
1693,1,50.3873624274896,0.0247892782216478,"f"
1694,1,50.3887758589055,0.0247888261996948,"f"
1695,1,50.3901890663343,0.0247883741664595,"f"
1696,1,50.3916021247965,0.0247879221005273,"f"
1697,1,50.3930151093125,0.0247874699804838,"f"
1698,1,50.3944280949029,0.0247870177849144,"f"
1699,1,50.3958411565879,0.0247865654924045,"f"
1700,1,50.3972543693881,0.0247861130815396,"f"
1701,1,50.3986678083238,0.0247856605309053,"f"
1702,1,50.4000815484156,0.0247852078190868,"f"
1703,1,50.4014956646838,0.0247847549246698,"f"
1704,1,50.4029102321489,0.0247843018262397,"f"
1705,1,50.4043253248149,0.0247838485026787,"f"
1706,1,50.405740971584,0.0247833949460448,"f"
1707,1,50.4071571393112,0.024782941166521,"f"
1708,1,50.4085737903378,0.0247824871756091,"f"
1709,1,50.4099908870051,0.0247820329848108,"f"
1710,1,50.4114083916543,0.024781578605628,"f"
1711,1,50.4128262666266,0.0247811240495623,"f"
1712,1,50.4142444742635,0.0247806693281156,"f"
1713,1,50.415662976906,0.0247802144527895,"f"
1714,1,50.4170817368956,0.0247797594350859,"f"
1715,1,50.4185007165735,0.0247793042865065,"f"
1716,1,50.4199198782809,0.024778849018553,"f"
1717,1,50.4213391843591,0.0247783936427272,"f"
1718,1,50.4227585971495,0.0247779381705309,"f"
1719,1,50.4241780789932,0.0247774826134658,"f"
1720,1,50.4255975922315,0.0247770269830337,"f"
1721,1,50.4270170992057,0.0247765712907363,"f"
1722,1,50.4284365622572,0.0247761155480753,"f"
1723,1,50.429855943727,0.0247756597665526,"f"
1724,1,50.4312752059566,0.02477520395767,"f"
1725,1,50.4326943112872,0.024774748132929,"f"
1726,1,50.4341132220601,0.0247742923038316,"f"
1727,1,50.4355319006165,0.0247738364818794,"f"
1728,1,50.4369503092977,0.0247733806785743,"f"
1729,1,50.4383684104449,0.0247729249054179,"f"
1730,1,50.4397861663995,0.0247724691739121,"f"
1731,1,50.4412035395028,0.0247720134955585,"f"
1732,1,50.4426204920959,0.024771557881859,"f"
1733,1,50.4440369865202,0.0247711023443153,"f"
1734,1,50.4454529851169,0.0247706468944291,"f"
1735,1,50.4468684502276,0.0247701915437022,"f"
1736,1,50.448283345172,0.0247697363031611,"f"
1737,1,50.4496976365168,0.0247692811822564,"f"
1738,1,50.4511112915015,0.0247688261901119,"f"
1739,1,50.4525242773653,0.0247683713358516,"f"
1740,1,50.4539365613477,0.0247679166285993,"f"
1741,1,50.4553481106879,0.024767462077479,"f"
1742,1,50.4567588926254,0.0247670076916144,"f"
1743,1,50.4581688743994,0.0247665534801296,"f"
1744,1,50.4595780232494,0.0247660994521484,"f"
1745,1,50.4609863064147,0.0247656456167947,"f"
1746,1,50.4623936911346,0.0247651919831925,"f"
1747,1,50.4638001446485,0.0247647385604655,"f"
1748,1,50.4652056341957,0.0247642853577378,"f"
1749,1,50.4666101270157,0.0247638323841331,"f"
1750,1,50.4680135903477,0.0247633796487754,"f"
1751,1,50.4694159914311,0.0247629271607887,"f"
1752,1,50.4708172975053,0.0247624749292967,"f"
1753,1,50.4722174758096,0.0247620229634234,"f"
1754,1,50.4736164935833,0.0247615712722927,"f"
1755,1,50.4750143180659,0.0247611198650284,"f"
1756,1,50.4764109164967,0.0247606687507546,"f"
1757,1,50.477806256115,0.0247602179385949,"f"
1758,1,50.4792003041602,0.0247597674376735,"f"
1759,1,50.4805930278716,0.0247593172571141,"f"
1760,1,50.4819843944886,0.0247588674060407,"f"
1761,1,50.4833743712505,0.0247584178935771,"f"
1762,1,50.4847629253968,0.0247579687288473,"f"
1763,1,50.4861500241667,0.0247575199209752,"f"
1764,1,50.4875356347996,0.0247570714790845,"f"
1765,1,50.4889197245348,0.0247566234122993,"f"
1766,1,50.4903022674368,0.0247561757277602,"f"
1767,1,50.4916832976219,0.0247557284151574,"f"
1768,1,50.4930628804037,0.0247552814551156,"f"
1769,1,50.494441081362,0.0247548348281821,"f"
1770,1,50.4958179660767,0.0247543885149043,"f"
1771,1,50.4971936001277,0.0247539424958295,"f"
1772,1,50.4985680490948,0.024753496751505,"f"
1773,1,50.4999413785578,0.0247530512624782,"f"
1774,1,50.5013136540967,0.0247526060092964,"f"
1775,1,50.5026849412912,0.0247521609725069,"f"
1776,1,50.5040553057213,0.0247517161326571,"f"
1777,1,50.5054248129667,0.0247512714702943,"f"
1778,1,50.5067935286074,0.0247508269659657,"f"
1779,1,50.5081615182232,0.0247503826002189,"f"
1780,1,50.509528847394,0.0247499383536009,"f"
1781,1,50.5108955816995,0.0247494942066593,"f"
1782,1,50.5122617867197,0.0247490501399414,"f"
1783,1,50.5136275280344,0.0247486061339944,"f"
1784,1,50.5149928712235,0.0247481621693657,"f"
1785,1,50.5163578818668,0.0247477182266026,"f"
1786,1,50.5177226255442,0.0247472742862525,"f"
1787,1,50.5190871678356,0.0247468303288627,"f"
1788,1,50.5204515743207,0.0247463863349806,"f"
1789,1,50.5218159105795,0.0247459422851533,"f"
1790,1,50.5231802421918,0.0247454981599284,"f"
1791,1,50.5245446347374,0.024745053939853,"f"
1792,1,50.5259091537963,0.0247446096054746,"f"
1793,1,50.5272738649482,0.0247441651373405,"f"
1794,1,50.528638833773,0.024743720515998,"f"
1795,1,50.5300041258506,0.0247432757219944,"f"
1796,1,50.5313698067569,0.0247428307358782,"f"
1797,1,50.5327359251978,0.0247423855429612,"f"
1798,1,50.5341024744311,0.024741940144211,"f"
1799,1,50.5354694363401,0.0247414945438073,"f"
1800,1,50.5368367928078,0.0247410487459294,"f"
1801,1,50.5382045257172,0.0247406027547569,"f"
1802,1,50.5395726169516,0.0247401565744692,"f"
1803,1,50.5409410483939,0.0247397102092459,"f"
1804,1,50.5423098019273,0.0247392636632664,"f"
1805,1,50.5436788594349,0.0247388169407102,"f"
1806,1,50.5450482027997,0.0247383700457568,"f"
1807,1,50.5464178139049,0.0247379229825857,"f"
1808,1,50.5477876746335,0.0247374757553764,"f"
1809,1,50.5491577668687,0.0247370283683083,"f"
1810,1,50.5505280724935,0.024736580825561,"f"
1811,1,50.551898573391,0.0247361331313139,"f"
1812,1,50.5532692514444,0.0247356852897465,"f"
1813,1,50.5546400885366,0.0247352373050384,"f"
1814,1,50.5560110665508,0.0247347891813689,"f"
1815,1,50.5573821673702,0.0247343409229177,"f"
1816,1,50.5587533728777,0.0247338925338641,"f"
1817,1,50.5601246649565,0.0247334440183877,"f"
1818,1,50.5614960254896,0.0247329953806679,"f"
1819,1,50.5628674363603,0.0247325466248843,"f"
1820,1,50.5642388794514,0.0247320977552162,"f"
1821,1,50.5656103366463,0.0247316487758434,"f"
1822,1,50.5669817898278,0.0247311996909451,"f"
1823,1,50.5683532208792,0.0247307505047008,"f"
1824,1,50.5697246116836,0.0247303012212902,"f"
1825,1,50.5710959441239,0.0247298518448927,"f"
1826,1,50.5724672000833,0.0247294023796876,"f"
1827,1,50.5738383591904,0.0247289528308664,"f"
1828,1,50.5752093814503,0.0247285032124259,"f"
1829,1,50.5765802167644,0.0247280535428971,"f"
1830,1,50.5779508149506,0.0247276038408487,"f"
1831,1,50.5793211258266,0.0247271541248489,"f"
1832,1,50.5806910992103,0.0247267044134664,"f"
1833,1,50.5820606849196,0.0247262547252696,"f"
1834,1,50.5834298327723,0.024725805078827,"f"
1835,1,50.5847984925862,0.0247253554927071,"f"
1836,1,50.5861666141791,0.0247249059854784,"f"
1837,1,50.587534147369,0.0247244565757094,"f"
1838,1,50.5889010419736,0.0247240072819686,"f"
1839,1,50.5902672478108,0.0247235581228243,"f"
1840,1,50.5916327146984,0.0247231091168453,"f"
1841,1,50.5929973924543,0.0247226602825998,"f"
1842,1,50.5943612308962,0.0247222116386565,"f"
1843,1,50.5957241798422,0.0247217632035838,"f"
1844,1,50.5970861891098,0.0247213149959501,"f"
1845,1,50.5984472085172,0.0247208670343241,"f"
1846,1,50.5998071878819,0.0247204193372741,"f"
1847,1,50.601166077022,0.0247199719233687,"f"
1848,1,50.6025238257552,0.0247195248111763,"f"
1849,1,50.6038803838993,0.0247190780192655,"f"
1850,1,50.6052357012723,0.0247186315662047,"f"
1851,1,50.6065897276919,0.0247181854705624,"f"
1852,1,50.607942412976,0.0247177397509071,"f"
1853,1,50.6092937069425,0.0247172944258073,"f"
1854,1,50.6106435594091,0.0247168495138314,"f"
1855,1,50.6119919201937,0.0247164050335481,"f"
1856,1,50.6133387391142,0.0247159610035257,"f"
1857,1,50.614683967674,0.0247155174417174,"f"
1858,1,50.6160276113684,0.0247150743463672,"f"
1859,1,50.6173697398002,0.0247146316923176,"f"
1860,1,50.6187104263001,0.0247141894530499,"f"
1861,1,50.6200497441984,0.0247137476020458,"f"
1862,1,50.6213877668258,0.0247133061127868,"f"
1863,1,50.6227245675128,0.0247128649587544,"f"
1864,1,50.6240602195899,0.0247124241134301,"f"
1865,1,50.6253947963876,0.0247119835502956,"f"
1866,1,50.6267283712366,0.0247115432428322,"f"
1867,1,50.6280610174673,0.0247111031645217,"f"
1868,1,50.6293928084102,0.0247106632888454,"f"
1869,1,50.630723817396,0.024710223589285,"f"
1870,1,50.6320541177551,0.024709784039322,"f"
1871,1,50.633383782818,0.024709344612438,"f"
1872,1,50.6347128859154,0.0247089052821143,"f"
1873,1,50.6360415003777,0.0247084660218327,"f"
1874,1,50.6373696995355,0.0247080268050746,"f"
1875,1,50.6386975567193,0.0247075876053216,"f"
1876,1,50.6400251452596,0.0247071483960553,"f"
1877,1,50.641352538487,0.024706709150757,"f"
1878,1,50.642679809732,0.0247062698429085,"f"
1879,1,50.6440070323252,0.0247058304459912,"f"
1880,1,50.6453342795971,0.0247053909334867,"f"
1881,1,50.6466616248782,0.0247049512788765,"f"
1882,1,50.6479891414991,0.0247045114556421,"f"
1883,1,50.6493169027902,0.0247040714372651,"f"
1884,1,50.6506449820822,0.0247036311972271,"f"
1885,1,50.6519734527056,0.0247031907090095,"f"
1886,1,50.6533023879908,0.0247027499460939,"f"
1887,1,50.6546318612685,0.0247023088819619,"f"
1888,1,50.6559619382413,0.0247018674929365,"f"
1889,1,50.6572926189369,0.0247014257798075,"f"
1890,1,50.6586238698677,0.0247009837558499,"f"
1891,1,50.659955657278,0.0247005414344388,"f"
1892,1,50.6612879474122,0.0247000988289492,"f"
1893,1,50.6626207065148,0.0246996559527561,"f"
1894,1,50.66395390083,0.0246992128192347,"f"
1895,1,50.6652874966021,0.0246987694417599,"f"
1896,1,50.6666214600757,0.0246983258337067,"f"
1897,1,50.6679557574949,0.0246978820084503,"f"
1898,1,50.6692903551043,0.0246974379793656,"f"
1899,1,50.670625219148,0.0246969937598277,"f"
1900,1,50.6719603158706,0.0246965493632117,"f"
1901,1,50.6732956115164,0.0246961048028925,"f"
1902,1,50.6746310723296,0.0246956600922453,"f"
1903,1,50.6759666645547,0.024695215244645,"f"
1904,1,50.6773023544361,0.0246947702734667,"f"
1905,1,50.6786381082181,0.0246943251920854,"f"
1906,1,50.679973892145,0.0246938800138762,"f"
1907,1,50.6813096724612,0.0246934347522141,"f"
1908,1,50.6826454154111,0.0246929894204742,"f"
1909,1,50.6839810872391,0.0246925440320315,"f"
1910,1,50.6853166541894,0.024692098600261,"f"
1911,1,50.6866520825065,0.0246916531385377,"f"
1912,1,50.6879873384347,0.0246912076602368,"f"
1913,1,50.6893223882184,0.0246907621787332,"f"
1914,1,50.6906571981019,0.024690316707402,"f"
1915,1,50.6919917343296,0.0246898712596183,"f"
1916,1,50.6933259631459,0.024689425848757,"f"
1917,1,50.694659850795,0.0246889804881932,"f"
1918,1,50.6959933635275,0.0246885351912556,"f"
1919,1,50.697326467785,0.024688089969813,"f"
1920,1,50.6986591302341,0.0246876448340157,"f"
1921,1,50.6999913175546,0.0246871997939154,"f"
1922,1,50.7013229964259,0.0246867548595638,"f"
1923,1,50.7026541335278,0.0246863100410125,"f"
1924,1,50.7039846955397,0.0246858653483132,"f"
1925,1,50.7053146491415,0.0246854207915176,"f"
1926,1,50.7066439610126,0.0246849763806774,"f"
1927,1,50.7079725978327,0.0246845321258442,"f"
1928,1,50.7093005262814,0.0246840880370698,"f"
1929,1,50.7106277130383,0.0246836441244058,"f"
1930,1,50.711954124783,0.0246832003979039,"f"
1931,1,50.7132797281952,0.0246827568676158,"f"
1932,1,50.7146044899544,0.0246823135435932,"f"
1933,1,50.7159283767403,0.0246818704358876,"f"
1934,1,50.7172513552325,0.0246814275545509,"f"
1935,1,50.7185733921107,0.0246809849096347,"f"
1936,1,50.7198944540543,0.0246805425111907,"f"
1937,1,50.7212145077431,0.0246801003692705,"f"
1938,1,50.7225335198567,0.0246796584939259,"f"
1939,1,50.7238514570746,0.0246792168952084,"f"
1940,1,50.7251682860765,0.0246787755831699,"f"
1941,1,50.7264839735421,0.024678334567862,"f"
1942,1,50.7277984861508,0.0246778938593363,"f"
1943,1,50.7291117905824,0.0246774534676445,"f"
1944,1,50.7304238535165,0.0246770134028384,"f"
1945,1,50.7317346416326,0.0246765736749695,"f"
1946,1,50.7330441216104,0.0246761342940896,"f"
1947,1,50.7343522601295,0.0246756952702504,"f"
1948,1,50.7356590238999,0.0246752566134941,"f"
1949,1,50.7369644031934,0.0246748183265102,"f"
1950,1,50.7382684539948,0.0246743803914822,"f"
1951,1,50.7395712436546,0.0246739427870469,"f"
1952,1,50.7408728395235,0.024673505491841,"f"
1953,1,50.742173308952,0.0246730684845011,"f"
1954,1,50.7434727192908,0.024672631743664,"f"
1955,1,50.7447711378904,0.0246721952479663,"f"
1956,1,50.7460686321015,0.0246717589760449,"f"
1957,1,50.7473652692747,0.0246713229065363,"f"
1958,1,50.7486611167606,0.0246708870180773,"f"
1959,1,50.7499562419098,0.0246704512893046,"f"
1960,1,50.7512507120728,0.0246700156988549,"f"
1961,1,50.7525445946004,0.0246695802253649,"f"
1962,1,50.7538379568431,0.0246691448474713,"f"
1963,1,50.7551308661515,0.0246687095438109,"f"
1964,1,50.7564233898762,0.0246682742930202,"f"
1965,1,50.7577155953678,0.0246678390737361,"f"
1966,1,50.759007549977,0.0246674038645952,"f"
1967,1,50.7602993210543,0.0246669686442343,"f"
1968,1,50.7615909759503,0.02466653339129,"f"
1969,1,50.7628825820157,0.024666098084399,"f"
1970,1,50.7641742066011,0.0246656627021981,"f"
1971,1,50.765465917057,0.024665227223324,"f"
1972,1,50.7667577807341,0.0246647916264133,"f"
1973,1,50.7680498649829,0.0246643558901028,"f"
1974,1,50.7693422371542,0.0246639199930291,"f"
1975,1,50.7706349645984,0.0246634839138291,"f"
1976,1,50.7719281146662,0.0246630476311393,"f"
1977,1,50.7732217547082,0.0246626111235965,"f"
1978,1,50.7745159520751,0.0246621743698374,"f"
1979,1,50.7758107726984,0.0246617373489497,"f"
1980,1,50.7771062386255,0.0246613000539698,"f"
1981,1,50.7784023206756,0.0246608624942168,"f"
1982,1,50.7796989867694,0.0246604246799312,"f"
1983,1,50.7809962048277,0.0246599866213535,"f"
1984,1,50.7822939427712,0.0246595483287241,"f"
1985,1,50.7835921685205,0.0246591098122836,"f"
1986,1,50.7848908499964,0.0246586710822723,"f"
1987,1,50.7861899551197,0.0246582321489308,"f"
1988,1,50.787489451811,0.0246577930224996,"f"
1989,1,50.7887893079911,0.024657353713219,"f"
1990,1,50.7900894915806,0.0246569142313296,"f"
1991,1,50.7913899705004,0.0246564745870719,"f"
1992,1,50.7926907126711,0.0246560347906862,"f"
1993,1,50.7939916860134,0.0246555948524132,"f"
1994,1,50.795292858448,0.0246551547824932,"f"
1995,1,50.7965941978958,0.0246547145911667,"f"
1996,1,50.7978956722773,0.0246542742886743,"f"
1997,1,50.7991972495134,0.0246538338852563,"f"
1998,1,50.8004988975247,0.0246533933911532,"f"
1999,1,50.8018005842319,0.0246529528166055,"f"
2000,1,50.8031022775558,0.0246525121718538,"f"
2001,1,50.8044039454171,0.0246520714671383,"f"
2002,1,50.8057055557365,0.0246516307126997,"f"
2003,1,50.8070070764347,0.0246511899187784,"f"
2004,1,50.8083084754325,0.0246507490956149,"f"
2005,1,50.8096097206505,0.0246503082534495,"f"
2006,1,50.8109107800095,0.0246498674025229,"f"
2007,1,50.8122116214302,0.0246494265530755,"f"
2008,1,50.8135122128334,0.0246489857153477,"f"
2009,1,50.8148125221393,0.0246485448995801,"f"
2010,1,50.8161125170172,0.0246481041160938,"f"
2011,1,50.817412164442,0.0246476633754319,"f"
2012,1,50.8187114312699,0.0246472226881759,"f"
2013,1,50.8200102843571,0.0246467820649069,"f"
2014,1,50.8213086905597,0.0246463415162063,"f"
2015,1,50.8226066167339,0.0246459010526554,"f"
2016,1,50.8239040297358,0.0246454606848354,"f"
2017,1,50.8252008964217,0.0246450204233277,"f"
2018,1,50.8264971836477,0.0246445802787136,"f"
2019,1,50.8277928582698,0.0246441402615743,"f"
2020,1,50.8290878871444,0.0246437003824911,"f"
2021,1,50.8303822371276,0.0246432606520455,"f"
2022,1,50.8316758750754,0.0246428210808185,"f"
2023,1,50.8329687678442,0.0246423816793916,"f"
2024,1,50.8342608822899,0.024641942458346,"f"
2025,1,50.8355521852689,0.0246415034282631,"f"
2026,1,50.8368426436372,0.0246410645997241,"f"
2027,1,50.8381322242511,0.0246406259833103,"f"
2028,1,50.8394208939666,0.024640187589603,"f"
2029,1,50.84070861964,0.0246397494291836,"f"
2030,1,50.8419953681274,0.0246393115126332,"f"
2031,1,50.843281106285,0.0246388738505333,"f"
2032,1,50.8445658009689,0.024638436453465,"f"
2033,1,50.8458494190352,0.0246379993320098,"f"
2034,1,50.8471319273403,0.0246375624967489,"f"
2035,1,50.8484132927401,0.0246371259582635,"f"
2036,1,50.8496934820909,0.0246366897271351,"f"
2037,1,50.8509724622488,0.0246362538139448,"f"
2038,1,50.85225020007,0.024635818229274,"f"
2039,1,50.8535266624107,0.024635382983704,"f"
2040,1,50.8548018249878,0.0246349480850625,"f"
2041,1,50.8560757270945,0.0246345135214202,"f"
2042,1,50.8573484357882,0.0246340792722198,"f"
2043,1,50.8586200182424,0.0246336453168681,"f"
2044,1,50.8598905416305,0.0246332116347716,"f"
2045,1,50.861160073126,0.0246327782053369,"f"
2046,1,50.8624286799024,0.0246323450079708,"f"
2047,1,50.8636964291332,0.0246319120220799,"f"
2048,1,50.8649633879917,0.0246314792270709,"f"
2049,1,50.8662296236515,0.0246310466023504,"f"
2050,1,50.867495203286,0.024630614127325,"f"
2051,1,50.8687601940688,0.0246301817814014,"f"
2052,1,50.8700246631731,0.0246297495439862,"f"
2053,1,50.8712886777727,0.0246293173944862,"f"
2054,1,50.8725523050407,0.0246288853123079,"f"
2055,1,50.8738156121509,0.0246284532768581,"f"
2056,1,50.8750786662765,0.0246280212675432,"f"
2057,1,50.8763415345911,0.0246275892637701,"f"
2058,1,50.8776042842682,0.0246271572449454,"f"
2059,1,50.8788669824812,0.0246267251904757,"f"
2060,1,50.8801296964035,0.0246262930797676,"f"
2061,1,50.8813924932087,0.0246258608922279,"f"
2062,1,50.8826554400702,0.0246254286072631,"f"
2063,1,50.8839186041614,0.0246249962042799,"f"
2064,1,50.8851820526558,0.024624563662685,"f"
2065,1,50.886445852727,0.024624130961885,"f"
2066,1,50.8877100715483,0.0246236980812866,"f"
2067,1,50.8889747762932,0.0246232650002965,"f"
2068,1,50.8902400341352,0.0246228316983212,"f"
2069,1,50.8915059122477,0.0246223981547674,"f"
2070,1,50.8927724777687,0.0246219643490523,"f"
2071,1,50.8940397737612,0.0246215302676947,"f"
2072,1,50.8953077773983,0.0246210959166504,"f"
2073,1,50.8965764546822,0.02462066130517,"f"
2074,1,50.8978457716153,0.0246202264425044,"f"
2075,1,50.8991156941997,0.0246197913379045,"f"
2076,1,50.9003861884379,0.024619356000621,"f"
2077,1,50.9016572203321,0.0246189204399048,"f"
2078,1,50.9029287558846,0.0246184846650067,"f"
2079,1,50.9042007610976,0.0246180486851775,"f"
2080,1,50.9054732019735,0.0246176125096681,"f"
2081,1,50.9067460445146,0.0246171761477293,"f"
2082,1,50.9080192547231,0.0246167396086118,"f"
2083,1,50.9092927986013,0.0246163029015666,"f"
2084,1,50.9105666421515,0.0246158660358444,"f"
2085,1,50.9118407513761,0.024615429020696,"f"
2086,1,50.9131150922772,0.0246149918653724,"f"
2087,1,50.9143896308572,0.0246145545791243,"f"
2088,1,50.9156643331184,0.0246141171712024,"f"
2089,1,50.916939165063,0.0246136796508578,"f"
2090,1,50.9182140926934,0.0246132420273411,"f"
2091,1,50.9194890820118,0.0246128043099032,"f"
2092,1,50.9207640990205,0.024612366507795,"f"
2093,1,50.9220391097218,0.0246119286302672,"f"
2094,1,50.923314080118,0.0246114906865706,"f"
2095,1,50.9245889762114,0.0246110526859562,"f"
2096,1,50.9258637640043,0.0246106146376746,"f"
2097,1,50.9271384094989,0.0246101765509768,"f"
2098,1,50.9284128786976,0.0246097384351136,"f"
2099,1,50.9296871376026,0.0246093002993357,"f"
2100,1,50.9309611522163,0.024608862152894,"f"
2101,1,50.9322348891495,0.0246084240052262,"f"
2102,1,50.9335083193358,0.0246079858670966,"f"
2103,1,50.9347814155791,0.0246075477498435,"f"
2104,1,50.9360541506908,0.0246071096648076,"f"
2105,1,50.9373264974822,0.0246066716233297,"f"
2106,1,50.9385984287646,0.0246062336367504,"f"
2107,1,50.9398699173496,0.0246057957164104,"f"
2108,1,50.9411409360485,0.0246053578736504,"f"
2109,1,50.9424114576726,0.0246049201198111,"f"
2110,1,50.9436814550334,0.0246044824662331,"f"
2111,1,50.9449509009422,0.0246040449242573,"f"
2112,1,50.9462197682104,0.0246036075052241,"f"
2113,1,50.9474880296494,0.0246031702204744,"f"
2114,1,50.9487556580705,0.0246027330813489,"f"
2115,1,50.9500226262852,0.0246022960991881,"f"
2116,1,50.9512889071049,0.0246018592853329,"f"
2117,1,50.9525544733408,0.0246014226511238,"f"
2118,1,50.9538192978045,0.0246009862079016,"f"
2119,1,50.9550833533072,0.024600549967007,"f"
2120,1,50.9563466126604,0.0246001139397807,"f"
2121,1,50.9576090486754,0.0245996781375633,"f"
2122,1,50.9588706341637,0.0245992425716955,"f"
2123,1,50.9601313419365,0.0245988072535181,"f"
2124,1,50.9613911448054,0.0245983721943716,"f"
2125,1,50.9626500155816,0.0245979374055969,"f"
2126,1,50.9639079270765,0.0245975028985345,"f"
2127,1,50.9651648521016,0.0245970686845253,"f"
2128,1,50.9664207634682,0.0245966347749098,"f"
2129,1,50.9676756339877,0.0245962011810287,"f"
2130,1,50.9689294364715,0.0245957679142228,"f"
2131,1,50.9701821453377,0.024595334985222,"f"
2132,1,50.9714337725285,0.0245949023904924,"f"
2133,1,50.9726843678301,0.024594470112115,"f"
2134,1,50.9739339826992,0.0245940381315356,"f"
2135,1,50.9751826685925,0.0245936064302002,"f"
2136,1,50.9764304769665,0.0245931749895545,"f"
2137,1,50.9776774592781,0.0245927437910446,"f"
2138,1,50.9789236669839,0.0245923128161163,"f"
2139,1,50.9801691515406,0.0245918820462154,"f"
2140,1,50.9814139644048,0.0245914514627879,"f"
2141,1,50.9826581570333,0.0245910210472796,"f"
2142,1,50.9839017808828,0.0245905907811365,"f"
2143,1,50.9851448874098,0.0245901606458044,"f"
2144,1,50.9863875280712,0.0245897306227292,"f"
2145,1,50.9876297543236,0.0245893006933567,"f"
2146,1,50.9888716176237,0.0245888708391329,"f"
2147,1,50.9901131694281,0.0245884410415037,"f"
2148,1,50.9913544611935,0.024588011281915,"f"
2149,1,50.9925955443767,0.0245875815418125,"f"
2150,1,50.9938364704343,0.0245871518026423,"f"
2151,1,50.9950772908231,0.0245867220458501,"f"
2152,1,50.9963180569996,0.024586292252882,"f"
2153,1,50.9975588204205,0.0245858624051837,"f"
2154,1,50.9987996325427,0.0245854324842011,"f"
2155,1,51.0000405448226,0.0245850024713802,"f"
2156,1,51.0012816087171,0.0245845723481669,"f"
2157,1,51.0025228756828,0.0245841420960069,"f"
2158,1,51.0037643971764,0.0245837116963462,"f"
2159,1,51.0050062246546,0.0245832811306307,"f"
2160,1,51.006248409574,0.0245828503803063,"f"
2161,1,51.0074910033914,0.0245824194268188,"f"
2162,1,51.0087340545567,0.0245819882527599,"f"
2163,1,51.0099775903883,0.0245815568487734,"f"
2164,1,51.0112216291442,0.024581125208956,"f"
2165,1,51.0124661890473,0.0245806933274173,"f"
2166,1,51.0137112883208,0.0245802611982672,"f"
2167,1,51.0149569451878,0.0245798288156153,"f"
2168,1,51.0162031778715,0.0245793961735715,"f"
2169,1,51.017450004595,0.0245789632662454,"f"
2170,1,51.0186974435813,0.0245785300877468,"f"
2171,1,51.0199455130537,0.0245780966321855,"f"
2172,1,51.0211942312353,0.0245776628936712,"f"
2173,1,51.0224436163491,0.0245772288663137,"f"
2174,1,51.0236936866183,0.0245767945442227,"f"
2175,1,51.0249444602659,0.0245763599215079,"f"
2176,1,51.0261959555153,0.0245759249922792,"f"
2177,1,51.0274481905894,0.0245754897506462,"f"
2178,1,51.0287011837114,0.0245750541907188,"f"
2179,1,51.0299549531044,0.0245746183066066,"f"
2180,1,51.0312095169915,0.0245741820924195,"f"
2181,1,51.0324648935958,0.0245737455422671,"f"
2182,1,51.0337211011406,0.0245733086502592,"f"
2183,1,51.0349781578488,0.0245728714105056,"f"
2184,1,51.0362360819436,0.024572433817116,"f"
2185,1,51.0374948916482,0.0245719958642002,"f"
2186,1,51.0387546051857,0.0245715575458679,"f"
2187,1,51.0400152407791,0.0245711188562288,"f"
2188,1,51.0412768166517,0.0245706797893928,"f"
2189,1,51.0425393510265,0.0245702403394696,"f"
2190,1,51.0438028621266,0.0245698005005688,"f"
2191,1,51.0450673681753,0.0245693602668003,"f"
2192,1,51.046332885289,0.0245689196329963,"f"
2193,1,51.0475993811348,0.0245684786106045,"f"
2194,1,51.04886677493,0.0245680372276882,"f"
2195,1,51.0501349837853,0.0245675955130332,"f"
2196,1,51.0514039248117,0.0245671534954254,"f"
2197,1,51.05267351512,0.0245667112036505,"f"
2198,1,51.0539436718208,0.0245662686664942,"f"
2199,1,51.0552143120252,0.0245658259127424,"f"
2200,1,51.0564853528438,0.0245653829711809,"f"
2201,1,51.0577567113875,0.0245649398705953,"f"
2202,1,51.0590283047671,0.0245644966397716,"f"
2203,1,51.0603000500934,0.0245640533074954,"f"
2204,1,51.0615718644773,0.0245636099025526,"f"
2205,1,51.0628436650295,0.0245631664537289,"f"
2206,1,51.0641153688609,0.0245627229898101,"f"
2207,1,51.0653868930822,0.0245622795395821,"f"
2208,1,51.0666581548044,0.0245618361318305,"f"
2209,1,51.0679290711382,0.0245613927953411,"f"
2210,1,51.0691995591944,0.0245609495588998,"f"
2211,1,51.0704695360838,0.0245605064512923,"f"
2212,1,51.0717389189173,0.0245600635013044,"f"
2213,1,51.0730076248056,0.0245596207377218,"f"
2214,1,51.0742755708597,0.0245591781893304,"f"
2215,1,51.0755426741902,0.0245587358849159,"f"
2216,1,51.0768088519081,0.0245582938532642,"f"
2217,1,51.0780740211241,0.0245578521231609,"f"
2218,1,51.0793380989491,0.0245574107233919,"f"
2219,1,51.0806010024938,0.0245569696827429,"f"
2220,1,51.081862648869,0.0245565290299998,"f"
2221,1,51.0831229551857,0.0245560887939482,"f"
2222,1,51.0843818387216,0.0245556490033155,"f"
2223,1,51.0856392604212,0.0245552096715058,"f"
2224,1,51.0868952830686,0.0245547707761873,"f"
2225,1,51.0881499839387,0.0245543322899434,"f"
2226,1,51.0894034403059,0.0245538941853574,"f"
2227,1,51.0906557294451,0.0245534564350127,"f"
2228,1,51.0919069286308,0.0245530190114925,"f"
2229,1,51.0931571151378,0.0245525818873804,"f"
2230,1,51.0944063662406,0.0245521450352595,"f"
2231,1,51.0956547592141,0.0245517084277132,"f"
2232,1,51.0969023713328,0.024551272037325,"f"
2233,1,51.0981492798714,0.0245508358366781,"f"
2234,1,51.0993955621047,0.0245503997983559,"f"
2235,1,51.1006412953072,0.0245499638949418,"f"
2236,1,51.1018865567536,0.024549528099019,"f"
2237,1,51.1031314237187,0.024549092383171,"f"
2238,1,51.104375973477,0.024548656719981,"f"
2239,1,51.1056202833033,0.0245482210820325,"f"
2240,1,51.1068644304723,0.0245477854419088,"f"
2241,1,51.1081084922585,0.0245473497721932,"f"
2242,1,51.1093525459367,0.0245469140454691,"f"
2243,1,51.1105966687815,0.0245464782343198,"f"
2244,1,51.1118409380677,0.0245460423113287,"f"
2245,1,51.1130854310698,0.0245456062490791,"f"
2246,1,51.1143302250626,0.0245451700201544,"f"
2247,1,51.1155753973207,0.0245447335971379,"f"
2248,1,51.1168210251188,0.024544296952613,"f"
2249,1,51.1180671857316,0.0245438600591629,"f"
2250,1,51.1193139564337,0.0245434228893712,"f"
2251,1,51.1205614144998,0.024542985415821,"f"
2252,1,51.1218096372046,0.0245425476110958,"f"
2253,1,51.1230586994006,0.0245421094486551,"f"
2254,1,51.1243086210709,0.0245416709218057,"f"
2255,1,51.1255593677925,0.0245412320435342,"f"
2256,1,51.1268109028128,0.02454079282767,"f"
2257,1,51.1280631893793,0.0245403532880423,"f"
2258,1,51.1293161907395,0.0245399134384804,"f"
2259,1,51.1305698701409,0.0245394732928136,"f"
2260,1,51.1318241908308,0.0245390328648712,"f"
2261,1,51.1330791160568,0.0245385921684825,"f"
2262,1,51.1343346090663,0.0245381512174766,"f"
2263,1,51.1355906331068,0.024537710025683,"f"
2264,1,51.1368471514257,0.024537268606931,"f"
2265,1,51.1381041272705,0.0245368269750497,"f"
2266,1,51.1393615238887,0.0245363851438685,"f"
2267,1,51.1406193045277,0.0245359431272166,"f"
2268,1,51.141877432435,0.0245355009389234,"f"
2269,1,51.143135870858,0.0245350585928181,"f"
2270,1,51.1443945830442,0.0245346161027301,"f"
2271,1,51.1456535322411,0.0245341734824885,"f"
2272,1,51.1469126816961,0.0245337307459227,"f"
2273,1,51.1481719946567,0.024533287906862,"f"
2274,1,51.1494314343703,0.0245328449791356,"f"
2275,1,51.1506909640844,0.0245324019765729,"f"
2276,1,51.1519505470465,0.0245319589130031,"f"
2277,1,51.153210146504,0.0245315158022554,"f"
2278,1,51.1544697257043,0.0245310726581593,"f"
2279,1,51.1557292478951,0.0245306294945439,"f"
2280,1,51.1569886763236,0.0245301863252386,"f"
2281,1,51.1582479742374,0.0245297431640726,"f"
2282,1,51.1595071048839,0.0245293000248753,"f"
2283,1,51.1607660315165,0.0245288569214727,"f"
2284,1,51.1620247188643,0.0245284138669086,"f"
2285,1,51.163283135067,0.0245279708724186,"f"
2286,1,51.1645412487445,0.0245275279489835,"f"
2287,1,51.1657990285165,0.0245270851075845,"f"
2288,1,51.1670564430031,0.0245266423592023,"f"
2289,1,51.1683134608241,0.0245261997148179,"f"
2290,1,51.1695700505994,0.0245257571854123,"f"
2291,1,51.1708261809488,0.0245253147819665,"f"
2292,1,51.1720818204923,0.0245248725154612,"f"
2293,1,51.1733369378497,0.0245244303968776,"f"
2294,1,51.174591501641,0.0245239884371965,"f"
2295,1,51.1758454804859,0.0245235466473989,"f"
2296,1,51.1770988430045,0.0245231050384658,"f"
2297,1,51.1783515578165,0.0245226636213779,"f"
2298,1,51.1796035935419,0.0245222224071164,"f"
2299,1,51.1808549188005,0.0245217814066622,"f"
2300,1,51.1821055022123,0.0245213406309961,"f"
2301,1,51.183355312397,0.0245209000910991,"f"
2302,1,51.1846043179747,0.0245204597979523,"f"
2303,1,51.1858524875652,0.0245200197625364,"f"
2304,1,51.1870997897883,0.0245195799958325,"f"
2305,1,51.188346193264,0.0245191405088214,"f"
2306,1,51.1895916666122,0.0245187013124843,"f"
2307,1,51.1908361784526,0.0245182624178018,"f"
2308,1,51.1920796974053,0.0245178238357552,"f"
2309,1,51.1933221920901,0.0245173855773251,"f"
2310,1,51.1945636311268,0.0245169476534927,"f"
2311,1,51.1958039831354,0.0245165100752388,"f"
2312,1,51.1970432167358,0.0245160728535444,"f"
2313,1,51.1982813005478,0.0245156359993904,"f"
2314,1,51.1995182136476,0.0245151995199547,"f"
2315,1,51.2007539967873,0.0245147633999826,"f"
2316,1,51.2019887132543,0.024514327616023,"f"
2317,1,51.2032224263688,0.0245138921446128,"f"
2318,1,51.2044551994515,0.0245134569622888,"f"
2319,1,51.2056870958228,0.024513022045588,"f"
2320,1,51.2069181788033,0.0245125873710472,"f"
2321,1,51.2081485117133,0.0245121529152032,"f"
2322,1,51.2093781578735,0.0245117186545929,"f"
2323,1,51.2106071806043,0.0245112845657532,"f"
2324,1,51.2118356432261,0.0245108506252209,"f"
2325,1,51.2130636090596,0.0245104168095328,"f"
2326,1,51.2142911414251,0.0245099830952259,"f"
2327,1,51.2155183036432,0.024509549458837,"f"
2328,1,51.2167451590344,0.024509115876903,"f"
2329,1,51.2179717709191,0.0245086823259607,"f"
2330,1,51.2191982026179,0.024508248782547,"f"
2331,1,51.2204245174512,0.0245078152231987,"f"
2332,1,51.2216507787395,0.0245073816244527,"f"
2333,1,51.2228770498034,0.0245069479628459,"f"
2334,1,51.2241033939633,0.0245065142149151,"f"
2335,1,51.2253298745397,0.0245060803571972,"f"
2336,1,51.2265565548531,0.024505646366229,"f"
2337,1,51.227783498224,0.0245052122185474,"f"
2338,1,51.2290107679729,0.0245047778906893,"f"
2339,1,51.2302384274202,0.0245043433591915,"f"
2340,1,51.2314665398866,0.0245039086005908,"f"
2341,1,51.2326951686924,0.0245034735914243,"f"
2342,1,51.2339243771582,0.0245030383082286,"f"
2343,1,51.2351542286044,0.0245026027275406,"f"
2344,1,51.2363847862409,0.0245021668259404,"f"
2345,1,51.2376160867933,0.0245017305903173,"f"
2346,1,51.2388481063426,0.0245012940311678,"f"
2347,1,51.2400808125174,0.0245008571622787,"f"
2348,1,51.2413141729463,0.0245004199974368,"f"
2349,1,51.242548155258,0.0244999825504287,"f"
2350,1,51.243782727081,0.0244995448350413,"f"
2351,1,51.2450178560441,0.0244991068650613,"f"
2352,1,51.2462535097759,0.0244986686542753,"f"
2353,1,51.2474896559049,0.0244982302164703,"f"
2354,1,51.2487262620599,0.0244977915654329,"f"
2355,1,51.2499632958694,0.0244973527149498,"f"
2356,1,51.2512007249622,0.0244969136788079,"f"
2357,1,51.2524385169667,0.0244964744707939,"f"
2358,1,51.2536766395118,0.0244960351046944,"f"
2359,1,51.2549150602259,0.0244955955942963,"f"
2360,1,51.2561537467378,0.0244951559533864,"f"
2361,1,51.2573926666761,0.0244947161957513,"f"
2362,1,51.2586317876694,0.0244942763351778,"f"
2363,1,51.2598710773463,0.0244938363854526,"f"
2364,1,51.2611105033356,0.0244933963603626,"f"
2365,1,51.2623500332657,0.0244929562736944,"f"
2366,1,51.2635896347654,0.0244925161392348,"f"
2367,1,51.2648292754633,0.0244920759707705,"f"
2368,1,51.266068922988,0.0244916357820883,"f"
2369,1,51.2673085449681,0.024491195586975,"f"
2370,1,51.2685481090324,0.0244907553992173,"f"
2371,1,51.2697875828094,0.0244903152326019,"f"
2372,1,51.2710269339277,0.0244898751009155,"f"
2373,1,51.2722661300161,0.024489435017945,"f"
2374,1,51.273505138703,0.0244889949974771,"f"
2375,1,51.2747439275139,0.0244885550527768,"f"
2376,1,51.27598246337,0.0244881151940627,"f"
2377,1,51.2772207129744,0.0244876754304504,"f"
2378,1,51.2784586430295,0.0244872357710543,"f"
2379,1,51.279696220238,0.0244867962249886,"f"
2380,1,51.2809334113025,0.0244863568013675,"f"
2381,1,51.2821701829255,0.0244859175093054,"f"
2382,1,51.2834065018096,0.0244854783579165,"f"
2383,1,51.2846423346574,0.0244850393563149,"f"
2384,1,51.2858776481715,0.0244846005136151,"f"
2385,1,51.2871124090544,0.0244841618389312,"f"
2386,1,51.2883465840089,0.0244837233413775,"f"
2387,1,51.2895801397374,0.0244832850300683,"f"
2388,1,51.2908130429425,0.0244828469141177,"f"
2389,1,51.2920452603268,0.0244824090026402,"f"
2390,1,51.2932767585929,0.0244819713047498,"f"
2391,1,51.2945075044434,0.0244815338295609,"f"
2392,1,51.2957374645809,0.0244810965861878,"f"
2393,1,51.296966605708,0.0244806595837446,"f"
2394,1,51.2981948945271,0.0244802228313457,"f"
2395,1,51.2994222977411,0.0244797863381053,"f"
2396,1,51.3006487820523,0.0244793501131376,"f"
2397,1,51.3018743141634,0.0244789141655569,"f"
2398,1,51.303098860777,0.0244784785044775,"f"
2399,1,51.3043223885956,0.0244780431390136,"f"
2400,1,51.3055448643219,0.0244776080782795,"f"
2401,1,51.3067662546585,0.0244771733313894,"f"
2402,1,51.3079865263079,0.0244767389074576,"f"
2403,1,51.3092056459726,0.0244763048155984,"f"
2404,1,51.3104235803554,0.0244758710649259,"f"
2405,1,51.3116402989954,0.0244754376636895,"f"
2406,1,51.3128558215654,0.0244750046048513,"f"
2407,1,51.3140702106855,0.0244745718682775,"f"
2408,1,51.3152835303642,0.0244741394334109,"f"
2409,1,51.31649584461,0.0244737072796945,"f"
2410,1,51.3177072174314,0.024473275386571,"f"
2411,1,51.318917712837,0.0244728437334833,"f"
2412,1,51.3201273948353,0.0244724122998743,"f"
2413,1,51.3213363274349,0.0244719810651867,"f"
2414,1,51.3225445746441,0.0244715500088636,"f"
2415,1,51.3237522004717,0.0244711191103476,"f"
2416,1,51.3249592689261,0.0244706883490816,"f"
2417,1,51.3261658440159,0.0244702577045085,"f"
2418,1,51.3273719897496,0.0244698271560712,"f"
2419,1,51.3285777701357,0.0244693966832124,"f"
2420,1,51.3297832491827,0.024468966265375,"f"
2421,1,51.3309884908992,0.0244685358820019,"f"
2422,1,51.3321935592938,0.024468105512536,"f"
2423,1,51.3333985183748,0.02446767513642,"f"
2424,1,51.334603432151,0.0244672447330968,"f"
2425,1,51.3358083646308,0.0244668142820092,"f"
2426,1,51.3370133798227,0.0244663837626002,"f"
2427,1,51.3382185417353,0.0244659531543125,"f"
2428,1,51.3394239143771,0.024465522436589,"f"
2429,1,51.3406295617566,0.0244650915888725,"f"
2430,1,51.3418355478824,0.024464660590606,"f"
2431,1,51.343041936763,0.0244642294212321,"f"
2432,1,51.344248792407,0.0244637980601939,"f"
2433,1,51.3454561788228,0.0244633664869341,"f"
2434,1,51.3466641600189,0.0244629346808955,"f"
2435,1,51.3478728000041,0.0244625026215211,"f"
2436,1,51.3490821519162,0.024462070291797,"f"
2437,1,51.3502922060455,0.0244616376951955,"f"
2438,1,51.3515029301476,0.0244612048425345,"f"
2439,1,51.3527142919488,0.0244607717446412,"f"
2440,1,51.3539262591755,0.0244603384123429,"f"
2441,1,51.3551387995542,0.0244599048564668,"f"
2442,1,51.3563518808113,0.0244594710878403,"f"
2443,1,51.3575654706733,0.0244590371172905,"f"
2444,1,51.3587795368665,0.0244586029556448,"f"
2445,1,51.3599940471176,0.0244581686137304,"f"
2446,1,51.3612089691527,0.0244577341023746,"f"
2447,1,51.3624242706985,0.0244572994324046,"f"
2448,1,51.3636399194814,0.0244568646146477,"f"
2449,1,51.3648558832277,0.0244564296599313,"f"
2450,1,51.3660721296639,0.0244559945790825,"f"
2451,1,51.3672886265165,0.0244555593829286,"f"
2452,1,51.3685053415119,0.0244551240822968,"f"
2453,1,51.3697222423765,0.0244546886880146,"f"
2454,1,51.3709392968367,0.024454253210909,"f"
2455,1,51.3721564726191,0.0244538176618075,"f"
2456,1,51.37337373745,0.0244533820515372,"f"
2457,1,51.3745910590559,0.0244529463909254,"f"
2458,1,51.3758084051632,0.0244525106907994,"f"
2459,1,51.3770257434983,0.0244520749619864,"f"
2460,1,51.3782430417878,0.0244516392153138,"f"
2461,1,51.3794602677579,0.0244512034616087,"f"
2462,1,51.3806773891352,0.0244507677116986,"f"
2463,1,51.3818943736461,0.0244503319764105,"f"
2464,1,51.383111189017,0.0244498962665718,"f"
2465,1,51.3843278029744,0.0244494605930098,"f"
2466,1,51.3855441832303,0.0244490249665667,"f"
2467,1,51.3867602972457,0.0244485893983473,"f"
2468,1,51.3879761122682,0.0244481538996791,"f"
2469,1,51.3891915955389,0.0244477184818967,"f"
2470,1,51.3904067142986,0.0244472831563348,"f"
2471,1,51.3916214357882,0.0244468479343279,"f"
2472,1,51.3928357272488,0.0244464128272107,"f"
2473,1,51.3940495559211,0.0244459778463177,"f"
2474,1,51.3952628890462,0.0244455430029837,"f"
2475,1,51.396475693865,0.0244451083085433,"f"
2476,1,51.3976879376185,0.024444673774331,"f"
2477,1,51.3988995875474,0.0244442394116814,"f"
2478,1,51.4001106108929,0.0244438052319293,"f"
2479,1,51.4013209748957,0.0244433712464092,"f"
2480,1,51.4025306467969,0.0244429374664557,"f"
2481,1,51.4037395938373,0.0244425039034035,"f"
2482,1,51.4049477832579,0.0244420705685872,"f"
2483,1,51.4061551822997,0.0244416374733414,"f"
2484,1,51.4073617582035,0.0244412046290007,"f"
2485,1,51.4085674782102,0.0244407720468997,"f"
2486,1,51.4097723095609,0.0244403397383732,"f"
2487,1,51.4109762194965,0.0244399077147556,"f"
2488,1,51.4121791752578,0.0244394759873815,"f"
2489,1,51.4133811440858,0.0244390445675858,"f"
2490,1,51.4145820932214,0.0244386134667028,"f"
2491,1,51.4157819899056,0.0244381826960674,"f"
2492,1,51.4169808013793,0.024437752267014,"f"
2493,1,51.4181784948835,0.0244373221908773,"f"
2494,1,51.4193750376589,0.024436892478992,"f"
2495,1,51.4205703969467,0.0244364631426926,"f"
2496,1,51.4217645402341,0.0244360341932289,"f"
2497,1,51.4229574658156,0.0244356056312434,"f"
2498,1,51.4241492323538,0.0244351774365931,"f"
2499,1,51.425339905523,0.0244347495867207,"f"
2500,1,51.4265295509973,0.0244343220590689,"f"
2501,1,51.4277182344511,0.0244338948310806,"f"
2502,1,51.4289060215584,0.0244334678801984,"f"
2503,1,51.4300929779936,0.0244330411838652,"f"
2504,1,51.4312791694308,0.0244326147195237,"f"
2505,1,51.4324646615442,0.0244321884646166,"f"
2506,1,51.4336495200081,0.0244317623965868,"f"
2507,1,51.4348338104966,0.0244313364928769,"f"
2508,1,51.4360175986839,0.0244309107309298,"f"
2509,1,51.4372009502443,0.0244304850881882,"f"
2510,1,51.438383930852,0.0244300595420949,"f"
2511,1,51.4395666061812,0.0244296340700926,"f"
2512,1,51.4407490419061,0.0244292086496241,"f"
2513,1,51.4419313037009,0.0244287832581322,"f"
2514,1,51.4431134572398,0.0244283578730596,"f"
2515,1,51.4442955681971,0.0244279324718491,"f"
2516,1,51.4454777022468,0.0244275070319434,"f"
2517,1,51.4466599250633,0.0244270815307853,"f"
2518,1,51.4478423023208,0.0244266559458175,"f"
2519,1,51.4490248996934,0.0244262302544829,"f"
2520,1,51.4502077828554,0.0244258044342242,"f"
2521,1,51.451391017481,0.0244253784624841,"f"
2522,1,51.4525746692444,0.0244249523167054,"f"
2523,1,51.4537588038197,0.0244245259743309,"f"
2524,1,51.4549434868813,0.0244240994128034,"f"
2525,1,51.4561287841033,0.0244236726095655,"f"
2526,1,51.45731476116,0.0244232455420601,"f"
2527,1,51.4585014802457,0.0244228181889387,"f"
2528,1,51.4596889437104,0.0244223905496427,"f"
2529,1,51.4608771035027,0.0244219626411226,"f"
2530,1,51.4620659099979,0.0244215344808755,"f"
2531,1,51.4632553135709,0.0244211060863986,"f"
2532,1,51.4644452645968,0.0244206774751888,"f"
2533,1,51.4656357134508,0.0244202486647435,"f"
2534,1,51.466826610508,0.0244198196725597,"f"
2535,1,51.4680179061434,0.0244193905161345,"f"
2536,1,51.4692095507322,0.0244189612129651,"f"
2537,1,51.4704014946494,0.0244185317805485,"f"
2538,1,51.4715936882702,0.0244181022363821,"f"
2539,1,51.4727860819695,0.0244176725979627,"f"
2540,1,51.4739786261227,0.0244172428827877,"f"
2541,1,51.4751712711046,0.0244168131083541,"f"
2542,1,51.4763639672905,0.024416383292159,"f"
2543,1,51.4775566650554,0.0244159534516996,"f"
2544,1,51.4787493147744,0.024415523604473,"f"
2545,1,51.4799418668227,0.0244150937679764,"f"
2546,1,51.4811342715752,0.0244146639597068,"f"
2547,1,51.4823264794072,0.0244142341971614,"f"
2548,1,51.4835184406937,0.0244138044978373,"f"
2549,1,51.4847101058097,0.0244133748792317,"f"
2550,1,51.4859014251305,0.0244129453588417,"f"
2551,1,51.4870923490311,0.0244125159541644,"f"
2552,1,51.4882828278865,0.0244120866826969,"f"
2553,1,51.489472812072,0.0244116575619364,"f"
2554,1,51.4906622519625,0.02441122860938,"f"
2555,1,51.4918510979332,0.0244107998425249,"f"
2556,1,51.4930393003592,0.0244103712788681,"f"
2557,1,51.4942268097172,0.0244099429358704,"f"
2558,1,51.4954135887839,0.0244095148265892,"f"
2559,1,51.4965996242241,0.0244090869555303,"f"
2560,1,51.4977849054473,0.0244086593262168,"f"
2561,1,51.4989694218629,0.0244082319421718,"f"
2562,1,51.5001531628804,0.0244078048069185,"f"
2563,1,51.5013361179093,0.0244073779239799,"f"
2564,1,51.5025182763589,0.0244069512968792,"f"
2565,1,51.5036996276388,0.0244065249291395,"f"
2566,1,51.5048801611585,0.0244060988242839,"f"
2567,1,51.5060598663273,0.0244056729858357,"f"
2568,1,51.5072387325547,0.0244052474173179,"f"
2569,1,51.5084167492503,0.0244048221222536,"f"
2570,1,51.5095939058234,0.0244043971041659,"f"
2571,1,51.5107701916834,0.0244039723665781,"f"
2572,1,51.51194559624,0.0244035479130132,"f"
2573,1,51.5131201089025,0.0244031237469944,"f"
2574,1,51.5142937190803,0.0244026998720447,"f"
2575,1,51.515466416183,0.0244022762916874,"f"
2576,1,51.51663818962,0.0244018530094455,"f"
2577,1,51.5178090288007,0.0244014300288422,"f"
2578,1,51.5189789231346,0.0244010073534006,"f"
2579,1,51.5201478620312,0.0244005849866438,"f"
2580,1,51.5213158348999,0.024400162932095,"f"
2581,1,51.5224828311502,0.0243997411932772,"f"
2582,1,51.5236488401915,0.0243993197737137,"f"
2583,1,51.5248138514333,0.0243988986769276,"f"
2584,1,51.525977854285,0.0243984779064419,"f"
2585,1,51.5271408381562,0.0243980574657798,"f"
2586,1,51.5283027924562,0.0243976373584645,"f"
2587,1,51.5294637065946,0.024397217588019,"f"
2588,1,51.5306235786214,0.0243967981550248,"f"
2589,1,51.5317824487066,0.024396379045723,"f"
2590,1,51.5329403698353,0.0243959602419922,"f"
2591,1,51.5340973949953,0.0243955417257096,"f"
2592,1,51.5352535771746,0.0243951234787525,"f"
2593,1,51.5364089693612,0.0243947054829984,"f"
2594,1,51.5375636245429,0.0243942877203245,"f"
2595,1,51.5387175957079,0.0243938701726082,"f"
2596,1,51.5398709358439,0.0243934528217268,"f"
2597,1,51.5410236979391,0.0243930356495577,"f"
2598,1,51.5421759349812,0.0243926186379782,"f"
2599,1,51.5433276999583,0.0243922017688656,"f"
2600,1,51.5444790458584,0.0243917850240973,"f"
2601,1,51.5456300256693,0.0243913683855507,"f"
2602,1,51.5467806923791,0.0243909518351031,"f"
2603,1,51.5479310989757,0.0243905353546317,"f"
2604,1,51.549081298447,0.024390118926014,"f"
2605,1,51.550231343781,0.0243897025311273,"f"
2606,1,51.5513812879656,0.0243892861518489,"f"
2607,1,51.5525311839889,0.0243888697700562,"f"
2608,1,51.5536810848387,0.0243884533676265,"f"
2609,1,51.554831043503,0.0243880369264372,"f"
2610,1,51.5559811129698,0.0243876204283655,"f"
2611,1,51.557131346227,0.0243872038552889,"f"
2612,1,51.5582817962625,0.0243867871890847,"f"
2613,1,51.5594325160644,0.0243863704116301,"f"
2614,1,51.5605835586206,0.0243859535048027,"f"
2615,1,51.561734976919,0.0243855364504796,"f"
2616,1,51.5628868239475,0.0243851192305382,"f"
2617,1,51.5640391526942,0.0243847018268559,"f"
2618,1,51.565192015929,0.0243842842213828,"f"
2619,1,51.5663454408677,0.0243838664045901,"f"
2620,1,51.5674994055377,0.0243834483833519,"f"
2621,1,51.5686538823756,0.0243830301664063,"f"
2622,1,51.5698088438183,0.0243826117624916,"f"
2623,1,51.5709642623025,0.0243821931803459,"f"
2624,1,51.572120110265,0.0243817744287074,"f"
2625,1,51.5732763601425,0.0243813555163143,"f"
2626,1,51.5744329843717,0.0243809364519048,"f"
2627,1,51.5755899553896,0.0243805172442171,"f"
2628,1,51.5767472456328,0.0243800979019893,"f"
2629,1,51.577904827538,0.0243796784339597,"f"
2630,1,51.5790626735421,0.0243792588488665,"f"
2631,1,51.5802207560818,0.0243788391554478,"f"
2632,1,51.5813790475939,0.0243784193624418,"f"
2633,1,51.5825375205151,0.0243779994785868,"f"
2634,1,51.5836961472823,0.0243775795126208,"f"
2635,1,51.5848549003321,0.0243771594732822,"f"
2636,1,51.5860137521013,0.0243767393693091,"f"
2637,1,51.5871726750267,0.0243763192094396,"f"
2638,1,51.5883316415451,0.024375899002412,"f"
2639,1,51.5894906240932,0.0243754787569645,"f"
2640,1,51.5906495951077,0.0243750584818352,"f"
2641,1,51.5918085270256,0.0243746381857623,"f"
2642,1,51.5929673922834,0.0243742178774841,"f"
2643,1,51.594126163318,0.0243737975657387,"f"
2644,1,51.5952848125661,0.0243733772592643,"f"
2645,1,51.5964433124645,0.0243729569667991,"f"
2646,1,51.59760163545,0.0243725366970812,"f"
2647,1,51.5987597539593,0.024372116458849,"f"
2648,1,51.5999176404293,0.0243716962608405,"f"
2649,1,51.6010752670058,0.0243712761122228,"f"
2650,1,51.6022326044317,0.0243708560242328,"f"
2651,1,51.6033896230268,0.024370436008731,"f"
2652,1,51.6045462931111,0.0243700160775783,"f"
2653,1,51.6057025850041,0.0243695962426353,"f"
2654,1,51.6068584690258,0.0243691765157628,"f"
2655,1,51.608013915496,0.0243687569088216,"f"
2656,1,51.6091688947344,0.0243683374336724,"f"
2657,1,51.6103233770608,0.0243679181021759,"f"
2658,1,51.611477332795,0.0243674989261929,"f"
2659,1,51.6126307322569,0.0243670799175841,"f"
2660,1,51.6137835457662,0.0243666610882103,"f"
2661,1,51.6149357436427,0.0243662424499322,"f"
2662,1,51.6160872962063,0.0243658240146106,"f"
2663,1,51.6172381737766,0.0243654057941061,"f"
2664,1,51.6183883466736,0.0243649878002796,"f"
2665,1,51.6195377852169,0.0243645700449917,"f"
2666,1,51.6206864597265,0.0243641525401033,"f"
2667,1,51.6218343405221,0.0243637352974751,"f"
2668,1,51.6229813979235,0.0243633183289677,"f"
2669,1,51.6241276022504,0.024362901646442,"f"
2670,1,51.6252729238228,0.0243624852617587,"f"
2671,1,51.6264173329603,0.0243620691867786,"f"
2672,1,51.6275607999828,0.0243616534333623,"f"
2673,1,51.6287032952101,0.0243612380133706,"f"
2674,1,51.629844788962,0.0243608229386643,"f"
2675,1,51.6309852515583,0.0243604082211041,"f"
2676,1,51.6321246533187,0.0243599938725508,"f"
2677,1,51.6332629645631,0.024359579904865,"f"
2678,1,51.6344001556112,0.0243591663299076,"f"
2679,1,51.635536200279,0.0243587531581944,"f"
2680,1,51.63667112044,0.0243583403817542,"f"
2681,1,51.6378049729009,0.024357927979178,"f"
2682,1,51.6389378152556,0.0243575159287534,"f"
2683,1,51.640069705098,0.0243571042087686,"f"
2684,1,51.641200700022,0.0243566927975114,"f"
2685,1,51.6423308576214,0.0243562816732697,"f"
2686,1,51.6434602354902,0.0243558708143314,"f"
2687,1,51.6445888912223,0.0243554601989845,"f"
2688,1,51.6457168824115,0.0243550498055169,"f"
2689,1,51.6468442666518,0.0243546396122165,"f"
2690,1,51.647971101537,0.0243542295973712,"f"
2691,1,51.649097444661,0.024353819739269,"f"
2692,1,51.6502233536177,0.0243534100161978,"f"
2693,1,51.651348886001,0.0243530004064454,"f"
2694,1,51.6524740994048,0.0243525908882999,"f"
2695,1,51.653599051423,0.024352181440049,"f"
2696,1,51.6547237996494,0.0243517720399809,"f"
2697,1,51.655848401678,0.0243513626663833,"f"
2698,1,51.6569729151027,0.0243509532975442,"f"
2699,1,51.6580973975173,0.0243505439117515,"f"
2700,1,51.6592219065157,0.0243501344872932,"f"
2701,1,51.6603464996918,0.0243497250024571,"f"
2702,1,51.6614712346396,0.0243493154355312,"f"
2703,1,51.6625961689528,0.0243489057648035,"f"
2704,1,51.6637213602255,0.0243484959685617,"f"
2705,1,51.6648468660514,0.0243480860250939,"f"
2706,1,51.6659727440245,0.0243476759126879,"f"
2707,1,51.6670990517387,0.0243472656096317,"f"
2708,1,51.6682258467878,0.0243468550942133,"f"
2709,1,51.6693531867657,0.0243464443447204,"f"
2710,1,51.6704811172546,0.0243460333440837,"f"
2711,1,51.6716096264221,0.0243456220974241,"f"
2712,1,51.6727386853011,0.0243452106164852,"f"
2713,1,51.6738682649216,0.0243447989130118,"f"
2714,1,51.6749983363136,0.0243443869987486,"f"
2715,1,51.676128870507,0.0243439748854403,"f"
2716,1,51.6772598385317,0.0243435625848317,"f"
2717,1,51.6783912114178,0.0243431501086676,"f"
2718,1,51.6795229601951,0.0243427374686926,"f"
2719,1,51.6806550558936,0.0243423246766516,"f"
2720,1,51.6817874695433,0.0243419117442893,"f"
2721,1,51.6829201721741,0.0243414986833503,"f"
2722,1,51.684053134816,0.0243410855055795,"f"
2723,1,51.6851863284989,0.0243406722227216,"f"
2724,1,51.6863197242528,0.0243402588465214,"f"
2725,1,51.6874532931075,0.0243398453887236,"f"
2726,1,51.6885870060932,0.0243394318610728,"f"
2727,1,51.6897208342397,0.024339018275314,"f"
2728,1,51.6908547485769,0.0243386046431918,"f"
2729,1,51.6919887201349,0.0243381909764509,"f"
2730,1,51.6931227199436,0.0243377772868362,"f"
2731,1,51.6942567190329,0.0243373635860923,"f"
2732,1,51.6953906884328,0.024336949885964,"f"
2733,1,51.6965245991732,0.024336536198196,"f"
2734,1,51.6976584222841,0.0243361225345331,"f"
2735,1,51.6987921287955,0.02433570890672,"f"
2736,1,51.6999256897372,0.0243352953265016,"f"
2737,1,51.7010590761393,0.0243348818056224,"f"
2738,1,51.7021922590317,0.0243344683558273,"f"
2739,1,51.7033252094443,0.0243340549888609,"f"
2740,1,51.7044578984095,0.0243336417163721,"f"
2741,1,51.7055902969914,0.0243332285487049,"f"
2742,1,51.7067223762774,0.0243328154952637,"f"
2743,1,51.7078541073551,0.0243324025654317,"f"
2744,1,51.7089854613122,0.0243319897685924,"f"
2745,1,51.7101164092366,0.0243315771141292,"f"
2746,1,51.711246922216,0.0243311646114255,"f"
2747,1,51.7123769713381,0.0243307522698648,"f"
2748,1,51.7135065276906,0.0243303400988305,"f"
2749,1,51.7146355623613,0.0243299281077059,"f"
2750,1,51.715764046438,0.0243295163058744,"f"
2751,1,51.7168919510082,0.0243291047027196,"f"
2752,1,51.7180192471599,0.0243286933076248,"f"
2753,1,51.7191459059808,0.0243282821299734,"f"
2754,1,51.7202718985585,0.0243278711791489,"f"
2755,1,51.7213971959808,0.0243274604645346,"f"
2756,1,51.7225217693355,0.0243270499955139,"f"
2757,1,51.7236455897103,0.0243266397814704,"f"
2758,1,51.724768628193,0.0243262298317873,"f"
2759,1,51.7258908558712,0.0243258201558481,"f"
2760,1,51.7270122438327,0.0243254107630363,"f"
2761,1,51.7281327631653,0.0243250016627352,"f"
2762,1,51.7292523849567,0.0243245928643282,"f"
2763,1,51.7303710802946,0.0243241843771988,"f"
2764,1,51.7314888202668,0.0243237762107304,"f"
2765,1,51.7326055759611,0.0243233683743063,"f"
2766,1,51.733721318465,0.0243229608773101,"f"
2767,1,51.7348360188665,0.024322553729125,"f"
2768,1,51.7359496482532,0.0243221469391346,"f"
2769,1,51.7370621777129,0.0243217405167223,"f"
2770,1,51.738173578761,0.024321334471128,"f"
2771,1,51.739283853657,0.0243209288012875,"f"
2772,1,51.7403930554909,0.0243205234890997,"f"
2773,1,51.7415012421191,0.0243201185148659,"f"
2774,1,51.7426084713979,0.0243197138588877,"f"
2775,1,51.7437148011837,0.0243193095014663,"f"
2776,1,51.7448202893327,0.0243189054229032,"f"
2777,1,51.7459249937012,0.0243185016034998,"f"
2778,1,51.7470289721457,0.0243180980235575,"f"
2779,1,51.7481322825224,0.0243176946633777,"f"
2780,1,51.7492349826877,0.0243172915032618,"f"
2781,1,51.7503371304978,0.0243168885235112,"f"
2782,1,51.7514387838091,0.0243164857044273,"f"
2783,1,51.752540000478,0.0243160830263116,"f"
2784,1,51.7536408383606,0.0243156804694654,"f"
2785,1,51.7547413553135,0.0243152780141902,"f"
2786,1,51.7558416091928,0.0243148756407873,"f"
2787,1,51.7569416578549,0.0243144733295581,"f"
2788,1,51.7580415591562,0.0243140710608041,"f"
2789,1,51.7591413709529,0.0243136688148267,"f"
2790,1,51.7602411511014,0.0243132665719272,"f"
2791,1,51.7613409574581,0.0243128643124071,"f"
2792,1,51.7624408478791,0.0243124620165678,"f"
2793,1,51.7635408802209,0.0243120596647107,"f"
2794,1,51.7646411123397,0.0243116572371372,"f"
2795,1,51.765741602092,0.0243112547141487,"f"
2796,1,51.766842407334,0.0243108520760465,"f"
2797,1,51.767943585922,0.0243104493031322,"f"
2798,1,51.7690451957124,0.0243100463757071,"f"
2799,1,51.7701472945614,0.0243096432740727,"f"
2800,1,51.7712499403255,0.0243092399785302,"f"
2801,1,51.7723531872137,0.0243088364705808,"f"
2802,1,51.7734570405311,0.0243084327478108,"f"
2803,1,51.7745614706398,0.0243080288192997,"f"
2804,1,51.7756664471466,0.0243076246943757,"f"
2805,1,51.7767719396581,0.0243072203823667,"f"
2806,1,51.7778779177808,0.0243068158926009,"f"
2807,1,51.7789843511214,0.0243064112344064,"f"
2808,1,51.7800912092865,0.0243060064171112,"f"
2809,1,51.7811984618828,0.0243056014500434,"f"
2810,1,51.7823060785168,0.0243051963425311,"f"
2811,1,51.7834140287951,0.0243047911039024,"f"
2812,1,51.7845222823245,0.0243043857434854,"f"
2813,1,51.7856308087115,0.0243039802706081,"f"
2814,1,51.7867395775628,0.0243035746945986,"f"
2815,1,51.7878485584849,0.0243031690247851,"f"
2816,1,51.7889577210845,0.0243027632704955,"f"
2817,1,51.7900670349682,0.024302357441058,"f"
2818,1,51.7911764697427,0.0243019515458006,"f"
2819,1,51.7922859950145,0.0243015455940515,"f"
2820,1,51.7933955803903,0.0243011395951387,"f"
2821,1,51.7945051954766,0.0243007335583903,"f"
2822,1,51.7956148098802,0.0243003274931344,"f"
2823,1,51.7967243932076,0.024299921408699,"f"
2824,1,51.7978339150655,0.0242995153144123,"f"
2825,1,51.7989433450605,0.0242991092196023,"f"
2826,1,51.8000526527992,0.0242987031335971,"f"
2827,1,51.8011618078881,0.0242982970657247,"f"
2828,1,51.8022707799341,0.0242978910253134,"f"
2829,1,51.8033795385436,0.0242974850216911,"f"
2830,1,51.8044880533233,0.0242970790641859,"f"
2831,1,51.8055962938921,0.0242966731621403,"f"
2832,1,51.8067042307309,0.0242962673259064,"f"
2833,1,51.807811835733,0.0242958615674904,"f"
2834,1,51.808919080923,0.0242954558990524,"f"
2835,1,51.8100259383252,0.024295050332752,"f"
2836,1,51.811132379964,0.0242946448807492,"f"
2837,1,51.8122383778639,0.0242942395552038,"f"
2838,1,51.8133439040493,0.0242938343682756,"f"
2839,1,51.8144489305445,0.0242934293321244,"f"
2840,1,51.815553429374,0.0242930244589101,"f"
2841,1,51.8166573725621,0.0242926197607926,"f"
2842,1,51.8177607321334,0.0242922152499315,"f"
2843,1,51.8188634801122,0.0242918109384869,"f"
2844,1,51.8199655885229,0.0242914068386184,"f"
2845,1,51.82106702939,0.024291002962486,"f"
2846,1,51.8221677747377,0.0242905993222495,"f"
2847,1,51.8232677965907,0.0242901959300687,"f"
2848,1,51.8243670669732,0.0242897927981034,"f"
2849,1,51.8254655579097,0.0242893899385135,"f"
2850,1,51.8265632414246,0.0242889873634589,"f"
2851,1,51.8276600895422,0.0242885850850992,"f"
2852,1,51.8287560742871,0.0242881831155944,"f"
2853,1,51.8298511676836,0.0242877814671044,"f"
2854,1,51.8309453417561,0.0242873801517889,"f"
2855,1,51.8320385685291,0.0242869791818077,"f"
2856,1,51.8331308200269,0.0242865785693208,"f"
2857,1,51.834222068274,0.0242861783264879,"f"
2858,1,51.8353122852947,0.0242857784654688,"f"
2859,1,51.8364014431136,0.0242853789984235,"f"
2860,1,51.8374895137549,0.0242849799375117,"f"
2861,1,51.8385764692431,0.0242845812948933,"f"
2862,1,51.8396622963933,0.0242841830766598,"f"
2863,1,51.8407470417622,0.0242837852643917,"f"
2864,1,51.8418307669888,0.0242833878334815,"f"
2865,1,51.8429135337117,0.024282990759322,"f"
2866,1,51.8439954035697,0.0242825940173058,"f"
2867,1,51.8450764382016,0.0242821975828256,"f"
2868,1,51.8461566992461,0.024281801431274,"f"
2869,1,51.8472362483421,0.0242814055380437,"f"
2870,1,51.8483151471282,0.0242810098785273,"f"
2871,1,51.8493934572432,0.0242806144281175,"f"
2872,1,51.8504712403259,0.024280219162207,"f"
2873,1,51.8515485580151,0.0242798240561883,"f"
2874,1,51.8526254719495,0.0242794290854542,"f"
2875,1,51.8537020437678,0.0242790342253973,"f"
2876,1,51.8547783351089,0.0242786394514102,"f"
2877,1,51.8558544076115,0.0242782447388857,"f"
2878,1,51.8569303229144,0.0242778500632163,"f"
2879,1,51.8580061426563,0.0242774553997947,"f"
2880,1,51.8590819284759,0.0242770607240137,"f"
2881,1,51.8601577420121,0.0242766660112657,"f"
2882,1,51.8612336449036,0.0242762712369435,"f"
2883,1,51.8623096987892,0.0242758763764398,"f"
2884,1,51.8633859653076,0.0242754814051471,"f"
2885,1,51.8644625060976,0.0242750862984582,"f"
2886,1,51.865539382798,0.0242746910317657,"f"
2887,1,51.8666166570475,0.0242742955804622,"f"
2888,1,51.8676943904849,0.0242738999199404,"f"
2889,1,51.8687726447489,0.024273504025593,"f"
2890,1,51.8698514814783,0.0242731078728127,"f"
2891,1,51.8709309623118,0.0242727114369919,"f"
2892,1,51.8720111482662,0.0242723146937752,"f"
2893,1,51.8730920578285,0.0242719176360086,"f"
2894,1,51.8741736403872,0.0242715202844865,"f"
2895,1,51.8752558389995,0.0242711226625644,"f"
2896,1,51.8763385967222,0.0242707247935977,"f"
2897,1,51.8774218566124,0.0242703267009417,"f"
2898,1,51.8785055617271,0.0242699284079517,"f"
2899,1,51.8795896551232,0.0242695299379832,"f"
2900,1,51.8806740798577,0.0242691313143916,"f"
2901,1,51.8817587789877,0.0242687325605322,"f"
2902,1,51.8828436955702,0.0242683336997604,"f"
2903,1,51.883928772662,0.0242679347554316,"f"
2904,1,51.8850139533203,0.0242675357509011,"f"
2905,1,51.886099180602,0.0242671367095243,"f"
2906,1,51.8871843975641,0.0242667376546567,"f"
2907,1,51.8882695472637,0.0242663386096535,"f"
2908,1,51.8893545727576,0.0242659395978702,"f"
2909,1,51.8904394171029,0.0242655406426621,"f"
2910,1,51.8915240233565,0.0242651417673846,"f"
2911,1,51.8926083345756,0.0242647429953932,"f"
2912,1,51.893692293817,0.0242643443500431,"f"
2913,1,51.8947758441378,0.0242639458546897,"f"
2914,1,51.8958589285949,0.0242635475326884,"f"
2915,1,51.8969414902454,0.0242631494073947,"f"
2916,1,51.8980234721462,0.0242627515021638,"f"
2917,1,51.8991048173544,0.0242623538403512,"f"
2918,1,51.9001854689269,0.0242619564453122,"f"
2919,1,51.9012653699207,0.0242615593404022,"f"
2920,1,51.9023444633928,0.0242611625489766,"f"
2921,1,51.9034226924003,0.0242607660943907,"f"
2922,1,51.9045,0.02426037,"f"
2923,1,51.9055763392681,0.024259974284763,"f"
2924,1,51.9066517033573,0.0242595789500515,"f"
2925,1,51.9077260954392,0.0242591839928403,"f"
2926,1,51.9087995186855,0.0242587894101043,"f"
2927,1,51.909871976268,0.0242583951988184,"f"
2928,1,51.9109434713584,0.0242580013559575,"f"
2929,1,51.9120140071284,0.0242576078784965,"f"
2930,1,51.9130835867498,0.0242572147634104,"f"
2931,1,51.9141522133941,0.024256822007674,"f"
2932,1,51.9152198902332,0.0242564296082622,"f"
2933,1,51.9162866204388,0.02425603756215,"f"
2934,1,51.9173524071826,0.0242556458663121,"f"
2935,1,51.9184172536363,0.0242552545177236,"f"
2936,1,51.9194811629717,0.0242548635133594,"f"
2937,1,51.9205441383604,0.0242544728501943,"f"
2938,1,51.9216061829741,0.0242540825252032,"f"
2939,1,51.9226672999847,0.024253692535361,"f"
2940,1,51.9237274925637,0.0242533028776427,"f"
2941,1,51.924786763883,0.0242529135490231,"f"
2942,1,51.9258451171142,0.0242525245464772,"f"
2943,1,51.9269025554291,0.0242521358669798,"f"
2944,1,51.9279590819994,0.0242517475075059,"f"
2945,1,51.9290146999968,0.0242513594650303,"f"
2946,1,51.9300694125929,0.0242509717365279,"f"
2947,1,51.9311232229596,0.0242505843189737,"f"
2948,1,51.9321761342686,0.0242501972093426,"f"
2949,1,51.9332281496916,0.0242498104046094,"f"
2950,1,51.9342792724002,0.0242494239017491,"f"
2951,1,51.9353295055662,0.0242490376977365,"f"
2952,1,51.9363788523614,0.0242486517895466,"f"
2953,1,51.9374273182542,0.0242482661734877,"f"
2954,1,51.9384749337791,0.0242478808385941,"f"
2955,1,51.9395217448985,0.0242474957694229,"f"
2956,1,51.9405677978002,0.0242471109504657,"f"
2957,1,51.9416131386723,0.0242467263662143,"f"
2958,1,51.9426578137026,0.0242463420011601,"f"
2959,1,51.9437018690793,0.0242459578397949,"f"
2960,1,51.9447453509902,0.0242455738666102,"f"
2961,1,51.9457883056233,0.0242451900660978,"f"
2962,1,51.9468307791666,0.0242448064227492,"f"
2963,1,51.947872817808,0.0242444229210561,"f"
2964,1,51.9489144677356,0.02424403954551,"f"
2965,1,51.9499557751373,0.0242436562806027,"f"
2966,1,51.950996786201,0.0242432731108257,"f"
2967,1,51.9520375471148,0.0242428900206708,"f"
2968,1,51.9530781040665,0.0242425069946294,"f"
2969,1,51.9541185032442,0.0242421240171933,"f"
2970,1,51.9551587908359,0.0242417410728541,"f"
2971,1,51.9561990130295,0.0242413581461034,"f"
2972,1,51.9572392160129,0.0242409752214328,"f"
2973,1,51.9582794459742,0.0242405922833341,"f"
2974,1,51.9593197491013,0.0242402093162987,"f"
2975,1,51.9603601715822,0.0242398263048184,"f"
2976,1,51.9614007596049,0.0242394432333847,"f"
2977,1,51.9624415593572,0.0242390600864894,"f"
2978,1,51.9634826170273,0.024238676848624,"f"
2979,1,51.964523978803,0.0242382935042801,"f"
2980,1,51.9655656908724,0.0242379100379495,"f"
2981,1,51.9666077994233,0.0242375264341236,"f"
2982,1,51.9676503506438,0.0242371426772943,"f"
2983,1,51.9686933907219,0.024236758751953,"f"
2984,1,51.9697369539345,0.024236374646514,"f"
2985,1,51.9707810273777,0.0242359903649296,"f"
2986,1,51.9718255864663,0.0242356059149988,"f"
2987,1,51.9728706066153,0.0242352213045209,"f"
2988,1,51.9739160632398,0.0242348365412948,"f"
2989,1,51.9749619317546,0.0242344516331196,"f"
2990,1,51.9760081875748,0.0242340665877945,"f"
2991,1,51.9770548061154,0.0242336814131186,"f"
2992,1,51.9781017627913,0.024233296116891,"f"
2993,1,51.9791490330175,0.0242329107069107,"f"
2994,1,51.9801965922091,0.0242325251909769,"f"
2995,1,51.9812444157809,0.0242321395768886,"f"
2996,1,51.9822924791479,0.024231753872445,"f"
2997,1,51.9833407577252,0.0242313680854451,"f"
2998,1,51.9843892269277,0.0242309822236882,"f"
2999,1,51.9854378621704,0.0242305962949731,"f"
3000,1,51.9864866388683,0.0242302103070991,"f"
3001,1,51.9875355324363,0.0242298242678653,"f"
3002,1,51.9885845182895,0.0242294381850708,"f"
3003,1,51.9896335718428,0.0242290520665146,"f"
3004,1,51.9906826685112,0.0242286659199958,"f"
3005,1,51.9917317837097,0.0242282797533136,"f"
3006,1,51.9927808928532,0.024227893574267,"f"
3007,1,51.9938299713567,0.0242275073906552,"f"
3008,1,51.9948789946353,0.0242271212102773,"f"
3009,1,51.9959279381039,0.0242267350409323,"f"
3010,1,51.9969767771775,0.0242263488904193,"f"
3011,1,51.998025487271,0.0242259627665375,"f"
3012,1,51.9990740437995,0.024225576677086,"f"
3013,1,52.0001224221779,0.0242251906298637,"f"
3014,1,52.001170597744,0.0242248046328074,"f"
3015,1,52.0022185450031,0.0242244186953358,"f"
3016,1,52.0032662379527,0.0242240328277724,"f"
3017,1,52.0043136505827,0.0242236470404534,"f"
3018,1,52.0053607568833,0.0242232613437152,"f"
3019,1,52.0064075308447,0.0242228757478941,"f"
3020,1,52.0074539464568,0.0242224902633263,"f"
3021,1,52.0084999777099,0.0242221049003482,"f"
3022,1,52.009545598594,0.0242217196692961,"f"
3023,1,52.0105907830992,0.0242213345805062,"f"
3024,1,52.0116355052156,0.0242209496443149,"f"
3025,1,52.0126797389334,0.0242205648710584,"f"
3026,1,52.0137234582427,0.0242201802710731,"f"
3027,1,52.0147666371335,0.0242197958546952,"f"
3028,1,52.0158092495959,0.0242194116322611,"f"
3029,1,52.0168512696202,0.0242190276141071,"f"
3030,1,52.0178926711963,0.0242186438105694,"f"
3031,1,52.0189334283143,0.0242182602319843,"f"
3032,1,52.0199735149645,0.0242178768886882,"f"
3033,1,52.0210129051369,0.0242174937910173,"f"
3034,1,52.0220515728215,0.024217110949308,"f"
3035,1,52.0230894920086,0.0242167283738966,"f"
3036,1,52.0241266366882,0.0242163460751193,"f"
3037,1,52.0251629808504,0.0242159640633124,"f"
3038,1,52.0261984984853,0.0242155823488122,"f"
3039,1,52.027233163583,0.0242152009419551,"f"
3040,1,52.0282669501337,0.0242148198530774,"f"
3041,1,52.0292998321274,0.0242144390925153,"f"
3042,1,52.0303317835543,0.0242140586706051,"f"
3043,1,52.0313627784044,0.0242136785976832,"f"
3044,1,52.0323927913393,0.0242132988838307,"f"
3045,1,52.0334218280685,0.0242129195273363,"f"
3046,1,52.0344499377547,0.0242125405099837,"f"
3047,1,52.0354771728013,0.024212161812326,"f"
3048,1,52.0365035856116,0.024211783414916,"f"
3049,1,52.0375292285892,0.0242114052983068,"f"
3050,1,52.0385541541372,0.0242110274430514,"f"
3051,1,52.0395784146593,0.0242106498297027,"f"
3052,1,52.0406020625586,0.0242102724388137,"f"
3053,1,52.0416251502387,0.0242098952509373,"f"
3054,1,52.042647730103,0.0242095182466266,"f"
3055,1,52.0436698545547,0.0242091414064345,"f"
3056,1,52.0446915759973,0.024208764710914,"f"
3057,1,52.0457129468343,0.0242083881406181,"f"
3058,1,52.0467340194689,0.0242080116760997,"f"
3059,1,52.0477548463046,0.0242076352979118,"f"
3060,1,52.0487754797448,0.0242072589866073,"f"
3061,1,52.0497959721928,0.0242068827227393,"f"
3062,1,52.050816376052,0.0242065064868608,"f"
3063,1,52.051836743726,0.0242061302595246,"f"
3064,1,52.0528571276179,0.0242057540212838,"f"
3065,1,52.0538775801312,0.0242053777526914,"f"
3066,1,52.0548981536694,0.0242050014343002,"f"
3067,1,52.0559189006358,0.0242046250466634,"f"
3068,1,52.0569398734337,0.0242042485703338,"f"
3069,1,52.0579611244667,0.0242038719858644,"f"
3070,1,52.058982706138,0.0242034952738083,"f"
3071,1,52.0600046708511,0.0242031184147183,"f"
3072,1,52.0610270710093,0.0242027413891475,"f"
3073,1,52.0620499590161,0.0242023641776488,"f"
3074,1,52.0630733872748,0.0242019867607753,"f"
3075,1,52.0640974038893,0.0242016091206589,"f"
3076,1,52.065122011109,0.0242012312562739,"f"
3077,1,52.0661471834496,0.0242008531767805,"f"
3078,1,52.0671728950404,0.024200474891481,"f"
3079,1,52.0681991200114,0.0242000964096774,"f"
3080,1,52.069225832492,0.024199717740672,"f"
3081,1,52.0702530066118,0.0241993388937668,"f"
3082,1,52.0712806165006,0.0241989598782641,"f"
3083,1,52.072308636288,0.0241985807034659,"f"
3084,1,52.0733370401036,0.0241982013786745,"f"
3085,1,52.074365802077,0.0241978219131919,"f"
3086,1,52.0753948963379,0.0241974423163203,"f"
3087,1,52.0764242970159,0.0241970625973619,"f"
3088,1,52.0774539782406,0.0241966827656189,"f"
3089,1,52.0784839141417,0.0241963028303932,"f"
3090,1,52.0795140788488,0.0241959228009872,"f"
3091,1,52.0805444464916,0.0241955426867029,"f"
3092,1,52.0815749911996,0.0241951624968426,"f"
3093,1,52.0826056871025,0.0241947822407082,"f"
3094,1,52.08363650833,0.0241944019276021,"f"
3095,1,52.0846674290117,0.0241940215668263,"f"
3096,1,52.0856984232772,0.024193641167683,"f"
3097,1,52.0867294652562,0.0241932607394744,"f"
3098,1,52.0877605290782,0.0241928802915025,"f"
3099,1,52.088791588873,0.0241924998330696,"f"
3100,1,52.0898226187701,0.0241921193734777,"f"
3101,1,52.0908535928992,0.0241917389220291,"f"
3102,1,52.09188448539,0.0241913584880258,"f"
3103,1,52.092915270372,0.0241909780807701,"f"
3104,1,52.0939459219749,0.024190597709564,"f"
3105,1,52.0949764143306,0.0241902173837154,"f"
3106,1,52.0960067216755,0.0241898371127872,"f"
3107,1,52.0970368183907,0.0241894569066965,"f"
3108,1,52.098066678868,0.0241890767753864,"f"
3109,1,52.0990962774991,0.0241886967288,"f"
3110,1,52.1001255886759,0.0241883167768805,"f"
3111,1,52.1011545867902,0.024187936929571,"f"
3112,1,52.1021832462338,0.0241875571968146,"f"
3113,1,52.1032115413985,0.0241871775885545,"f"
3114,1,52.1042394466761,0.0241867981147338,"f"
3115,1,52.1052669364583,0.0241864187852956,"f"
3116,1,52.1062939851371,0.0241860396101831,"f"
3117,1,52.1073205671042,0.0241856605993393,"f"
3118,1,52.1083466567513,0.0241852817627075,"f"
3119,1,52.1093722284703,0.0241849031102308,"f"
3120,1,52.1103972566531,0.0241845246518522,"f"
3121,1,52.1114217156913,0.024184146397515,"f"
3122,1,52.1124455799768,0.0241837683571622,"f"
3123,1,52.1134688239014,0.024183390540737,"f"
3124,1,52.114491421857,0.0241830129581825,"f"
3125,1,52.1155133482352,0.0241826356194419,"f"
3126,1,52.1165345774279,0.0241822585344583,"f"
3127,1,52.117555083827,0.0241818817131748,"f"
3128,1,52.1185748418241,0.0241815051655345,"f"
3129,1,52.1195938258112,0.0241811289014807,"f"
3130,1,52.1206120101799,0.0241807529309563,"f"
3131,1,52.1216293693222,0.0241803772639046,"f"
3132,1,52.1226458776298,0.0241800019102687,"f"
3133,1,52.1236615094944,0.0241796268799917,"f"
3134,1,52.124676239308,0.0241792521830167,"f"
3135,1,52.1256900414651,0.0241788778292859,"f"
3136,1,52.1267029059668,0.024178503822861,"f"
3137,1,52.1277148751086,0.0241781301481001,"f"
3138,1,52.1287260021267,0.024177756785239,"f"
3139,1,52.1297363402571,0.0241773837145137,"f"
3140,1,52.1307459427359,0.0241770109161598,"f"
3141,1,52.1317548627992,0.0241766383704134,"f"
3142,1,52.1327631536832,0.0241762660575102,"f"
3143,1,52.1337708686239,0.0241758939576861,"f"
3144,1,52.1347780608575,0.0241755220511769,"f"
3145,1,52.1357847836199,0.0241751503182185,"f"
3146,1,52.1367910901474,0.0241747787390467,"f"
3147,1,52.137797033676,0.0241744072938974,"f"
3148,1,52.1388026674418,0.0241740359630063,"f"
3149,1,52.1398080446809,0.0241736647266095,"f"
3150,1,52.1408132186294,0.0241732935649426,"f"
3151,1,52.1418182425234,0.0241729224582416,"f"
3152,1,52.1428231695991,0.0241725513867423,"f"
3153,1,52.1438280530924,0.0241721803306806,"f"
3154,1,52.1448329462395,0.0241718092702922,"f"
3155,1,52.1458379022766,0.024171438185813,"f"
3156,1,52.1468429744396,0.024171067057479,"f"
3157,1,52.1478482159647,0.0241706958655259,"f"
3158,1,52.1488536800881,0.0241703245901895,"f"
3159,1,52.1498594200457,0.0241699532117058,"f"
3160,1,52.1508654890737,0.0241695817103106,"f"
3161,1,52.1518719404082,0.0241692100662397,"f"
3162,1,52.1528788272852,0.0241688382597289,"f"
3163,1,52.153886202941,0.0241684662710141,"f"
3164,1,52.1548941206115,0.0241680940803312,"f"
3165,1,52.1559026335329,0.024167721667916,"f"
3166,1,52.1569117942104,0.0241673490142697,"f"
3167,1,52.1579216227097,0.0241669761116669,"f"
3168,1,52.1589320944701,0.0241666029685791,"f"
3169,1,52.1599431816843,0.0241662295946563,"f"
3170,1,52.160954856545,0.0241658559995483,"f"
3171,1,52.1619670912449,0.0241654821929049,"f"
3172,1,52.1629798579766,0.024165108184376,"f"
3173,1,52.1639931289329,0.0241647339836114,"f"
3174,1,52.1650068763064,0.024164359600261,"f"
3175,1,52.1660210722898,0.0241639850439746,"f"
3176,1,52.1670356890759,0.024163610324402,"f"
3177,1,52.1680506988572,0.0241632354511932,"f"
3178,1,52.1690660738266,0.0241628604339979,"f"
3179,1,52.1700817861766,0.024162485282466,"f"
3180,1,52.1710978081001,0.0241621100062474,"f"
3181,1,52.1721141117896,0.0241617346149918,"f"
3182,1,52.1731306694378,0.0241613591183493,"f"
3183,1,52.1741474532376,0.0241609835259695,"f"
3184,1,52.1751644353814,0.0241606078475023,"f"
3185,1,52.1761815880621,0.0241602320925976,"f"
3186,1,52.1771988834723,0.0241598562709053,"f"
3187,1,52.1782162938048,0.0241594803920751,"f"
3188,1,52.1792337912521,0.024159104465757,"f"
3189,1,52.180251348007,0.0241587285016007,"f"
3190,1,52.1812689362622,0.0241583525092561,"f"
3191,1,52.1822865282104,0.0241579764983731,"f"
3192,1,52.1833040960443,0.0241576004786016,"f"
3193,1,52.1843216119565,0.0241572244595912,"f"
3194,1,52.1853390481398,0.024156848450992,"f"
3195,1,52.1863563767868,0.0241564724624538,"f"
3196,1,52.1873735700903,0.0241560965036263,"f"
3197,1,52.1883906010325,0.0241557205843481,"f"
3198,1,52.1894074452142,0.0241553447150825,"f"
3199,1,52.1904240787788,0.0241549689064227,"f"
3200,1,52.1914404778698,0.0241545931689618,"f"
3201,1,52.1924566186306,0.024154217513293,"f"
3202,1,52.1934724772047,0.0241538419500093,"f"
3203,1,52.1944880297355,0.0241534664897037,"f"
3204,1,52.1955032523666,0.0241530911429696,"f"
3205,1,52.1965181212412,0.0241527159203998,"f"
3206,1,52.1975326125029,0.0241523408325876,"f"
3207,1,52.1985467022952,0.024151965890126,"f"
3208,1,52.1995603667614,0.0241515911036082,"f"
3209,1,52.200573582045,0.0241512164836272,"f"
3210,1,52.2015863242895,0.0241508420407761,"f"
3211,1,52.2025985696383,0.0241504677856482,"f"
3212,1,52.2036102942349,0.0241500937288363,"f"
3213,1,52.2046214742227,0.0241497198809337,"f"
3214,1,52.2056320857452,0.0241493462525335,"f"
3215,1,52.2066421049458,0.0241489728542288,"f"
3216,1,52.2076515079679,0.0241485996966126,"f"
3217,1,52.2086602709551,0.0241482267902781,"f"
3218,1,52.2096683700507,0.0241478541458184,"f"
3219,1,52.2106757813982,0.0241474817738266,"f"
3220,1,52.211682481141,0.0241471096848957,"f"
3221,1,52.2126884454227,0.024146737889619,"f"
3222,1,52.2136936503866,0.0241463663985894,"f"
3223,1,52.2146980721762,0.0241459952224001,"f"
3224,1,52.2157016869349,0.0241456243716443,"f"
3225,1,52.2167044708063,0.0241452538569149,"f"
3226,1,52.2177063999337,0.0241448836888052,"f"
3227,1,52.2187074559571,0.0241445138755801,"f"
3228,1,52.2197076688794,0.0241441444050211,"f"
3229,1,52.220707093828,0.0241437752542682,"f"
3230,1,52.2217057861449,0.0241434064003704,"f"
3231,1,52.222703801172,0.0241430378203771,"f"
3232,1,52.2237011942512,0.0241426694913374,"f"
3233,1,52.2246980207245,0.0241423013903003,"f"
3234,1,52.2256943359339,0.0241419334943152,"f"
3235,1,52.2266901952212,0.0241415657804311,"f"
3236,1,52.2276856539284,0.0241411982256973,"f"
3237,1,52.2286807673975,0.0241408308071629,"f"
3238,1,52.2296755909703,0.024140463501877,"f"
3239,1,52.2306701799888,0.0241400962868889,"f"
3240,1,52.2316645897949,0.0241397291392478,"f"
3241,1,52.2326588757307,0.0241393620360027,"f"
3242,1,52.2336530931379,0.0241389949542028,"f"
3243,1,52.2346472973586,0.0241386278708974,"f"
3244,1,52.2356415437346,0.0241382607631356,"f"
3245,1,52.236635887608,0.0241378936079665,"f"
3246,1,52.2376303843206,0.0241375263824394,"f"
3247,1,52.2386250892144,0.0241371590636033,"f"
3248,1,52.2396200576313,0.0241367916285075,"f"
3249,1,52.2406153449133,0.0241364240542012,"f"
3250,1,52.2416110064023,0.0241360563177335,"f"
3251,1,52.2426070974402,0.0241356883961535,"f"
3252,1,52.2436036733689,0.0241353202665105,"f"
3253,1,52.2446007895305,0.0241349519058537,"f"
3254,1,52.2455985012668,0.0241345832912321,"f"
3255,1,52.2465968639198,0.0241342143996949,"f"
3256,1,52.2475959328314,0.0241338452082914,"f"
3257,1,52.2485957633386,0.0241334756940727,"f"
3258,1,52.2495963898649,0.0241331058428281,"f"
3259,1,52.2505977780962,0.0241327356690666,"f"
3260,1,52.2515998796168,0.0241323651931891,"f"
3261,1,52.2526026460112,0.0241319944355962,"f"
3262,1,52.2536060288639,0.0241316234166889,"f"
3263,1,52.2546099797593,0.0241312521568679,"f"
3264,1,52.2556144502819,0.024130880676534,"f"
3265,1,52.2566193920161,0.024130508996088,"f"
3266,1,52.2576247565464,0.0241301371359307,"f"
3267,1,52.2586304954573,0.0241297651164629,"f"
3268,1,52.2596365603332,0.0241293929580854,"f"
3269,1,52.2606429027585,0.024129020681199,"f"
3270,1,52.2616494743179,0.0241286483062044,"f"
3271,1,52.2626562265956,0.0241282758535026,"f"
3272,1,52.2636631111762,0.0241279033434942,"f"
3273,1,52.2646700796441,0.0241275307965801,"f"
3274,1,52.2656770835837,0.024127158233161,"f"
3275,1,52.2666840745797,0.0241267856736379,"f"
3276,1,52.2676910042163,0.0241264131384113,"f"
3277,1,52.268697824078,0.0241260406478823,"f"
3278,1,52.2697044857494,0.0241256682224514,"f"
3279,1,52.2707109408149,0.0241252958825197,"f"
3280,1,52.2717171408589,0.0241249236484877,"f"
3281,1,52.2727230374659,0.0241245515407565,"f"
3282,1,52.2737285822204,0.0241241795797266,"f"
3283,1,52.2747337267068,0.024123807785799,"f"
3284,1,52.2757384225095,0.0241234361793744,"f"
3285,1,52.2767426212131,0.0241230647808536,"f"
3286,1,52.277746274402,0.0241226936106375,"f"
3287,1,52.2787493336606,0.0241223226891267,"f"
3288,1,52.2797517539269,0.0241219520351776,"f"
3289,1,52.2807535193262,0.0241215816542027,"f"
3290,1,52.281754629012,0.0241212115446925,"f"
3291,1,52.2827550822622,0.0241208417050803,"f"
3292,1,52.2837548783548,0.0241204721337994,"f"
3293,1,52.2847540165675,0.0241201028292832,"f"
3294,1,52.2857524961782,0.0241197337899649,"f"
3295,1,52.2867503164648,0.024119365014278,"f"
3296,1,52.2877474767051,0.0241189965006555,"f"
3297,1,52.2887439761769,0.024118628247531,"f"
3298,1,52.2897398141582,0.0241182602533377,"f"
3299,1,52.2907349899269,0.0241178925165089,"f"
3300,1,52.2917295027606,0.024117525035478,"f"
3301,1,52.2927233519374,0.0241171578086782,"f"
3302,1,52.2937165367351,0.0241167908345428,"f"
3303,1,52.2947090564314,0.0241164241115052,"f"
3304,1,52.2957009103044,0.0241160576379987,"f"
3305,1,52.2966920976318,0.0241156914124566,"f"
3306,1,52.2976826176915,0.0241153254333122,"f"
3307,1,52.2986724697613,0.0241149596989988,"f"
3308,1,52.2996616531192,0.0241145942079498,"f"
3309,1,52.3006501670429,0.0241142289585983,"f"
3310,1,52.3016380108103,0.0241138639493779,"f"
3311,1,52.3026251836994,0.0241134991787217,"f"
3312,1,52.3036116849878,0.0241131346450631,"f"
3313,1,52.3045975139536,0.0241127703468354,"f"
3314,1,52.3055826698745,0.0241124062824719,"f"
3315,1,52.3065671520285,0.0241120424504059,"f"
3316,1,52.3075509596933,0.0241116788490708,"f"
3317,1,52.3085340921468,0.0241113154768998,"f"
3318,1,52.3095165492919,0.0241109523321335,"f"
3319,1,52.3104983510488,0.0241105894068384,"f"
3320,1,52.3114795411055,0.0241102266857506,"f"
3321,1,52.3124601645322,0.0241098641531795,"f"
3322,1,52.3134402663992,0.0241095017934348,"f"
3323,1,52.3144198917764,0.0241091395908261,"f"
3324,1,52.3153990857341,0.0241087775296629,"f"
3325,1,52.3163778933424,0.024108415594255,"f"
3326,1,52.3173563596714,0.0241080537689118,"f"
3327,1,52.3183345297914,0.0241076920379431,"f"
3328,1,52.3193124487723,0.0241073303856584,"f"
3329,1,52.3202901616844,0.0241069687963674,"f"
3330,1,52.3212677135978,0.0241066072543796,"f"
3331,1,52.3222451495827,0.0241062457440046,"f"
3332,1,52.3232225147091,0.0241058842495521,"f"
3333,1,52.3241998540474,0.0241055227553316,"f"
3334,1,52.3251772126674,0.0241051612456528,"f"
3335,1,52.3261546356395,0.0241047997048254,"f"
3336,1,52.3271321680338,0.0241044381171587,"f"
3337,1,52.3281098549204,0.0241040764669626,"f"
3338,1,52.3290877413694,0.0241037147385466,"f"
3339,1,52.3300658724511,0.0241033529162203,"f"
3340,1,52.3310442932355,0.0241029909842934,"f"
3341,1,52.3320230487927,0.0241026289270753,"f"
3342,1,52.333002184193,0.0241022667288758,"f"
3343,1,52.3339817445064,0.0241019043740045,"f"
3344,1,52.3349617748032,0.0241015418467709,"f"
3345,1,52.3359423201534,0.0241011791314846,"f"
3346,1,52.3369234256272,0.0241008162124554,"f"
3347,1,52.3379051362947,0.0241004530739927,"f"
3348,1,52.3388874972261,0.0241000897004062,"f"
3349,1,52.3398705487289,0.0240997260777151,"f"
3350,1,52.3408542901041,0.024099362206658,"f"
3351,1,52.3418386997267,0.0240989980954852,"f"
3352,1,52.3428237558043,0.0240986337525071,"f"
3353,1,52.3438094365442,0.024098269186034,"f"
3354,1,52.3447957201541,0.0240979044043763,"f"
3355,1,52.3457825848415,0.0240975394158442,"f"
3356,1,52.3467700088137,0.0240971742287482,"f"
3357,1,52.3477579702785,0.0240968088513986,"f"
3358,1,52.3487464474432,0.0240964432921058,"f"
3359,1,52.3497354185154,0.02409607755918,"f"
3360,1,52.3507248617026,0.0240957116609317,"f"
3361,1,52.3517147552123,0.0240953456056711,"f"
3362,1,52.352705077252,0.0240949794017087,"f"
3363,1,52.3536958060292,0.0240946130573548,"f"
3364,1,52.3546869197515,0.0240942465809197,"f"
3365,1,52.3556783966263,0.0240938799807137,"f"
3366,1,52.3566702148612,0.0240935132650473,"f"
3367,1,52.3576623526636,0.0240931464422308,"f"
3368,1,52.3586547882411,0.0240927795205745,"f"
3369,1,52.3596474998012,0.0240924125083887,"f"
3370,1,52.3606404655514,0.0240920454139839,"f"
3371,1,52.3616336636992,0.0240916782456703,"f"
3372,1,52.3626270724521,0.0240913110117584,"f"
3373,1,52.3636206700177,0.0240909437205584,"f"
3374,1,52.3646144346034,0.0240905763803807,"f"
3375,1,52.3656083444167,0.0240902089995357,"f"
3376,1,52.3666023776652,0.0240898415863337,"f"
3377,1,52.3675965125564,0.024089474149085,"f"
3378,1,52.3685907272977,0.0240891066961,"f"
3379,1,52.3695850000304,0.0240887392356967,"f"
3380,1,52.3705793068057,0.0240883717764321,"f"
3381,1,52.3715736212149,0.0240880043271451,"f"
3382,1,52.372567916708,0.0240876368966905,"f"
3383,1,52.3735621667351,0.0240872694939232,"f"
3384,1,52.3745563447461,0.0240869021276981,"f"
3385,1,52.3755504241912,0.0240865348068701,"f"
3386,1,52.3765443785204,0.0240861675402941,"f"
3387,1,52.3775381811837,0.024085800336825,"f"
3388,1,52.3785318056311,0.0240854332053176,"f"
3389,1,52.3795252253128,0.024085066154627,"f"
3390,1,52.3805184136787,0.0240846991936079,"f"
3391,1,52.3815113441789,0.0240843323311152,"f"
3392,1,52.3825039902635,0.0240839655760039,"f"
3393,1,52.3834963253825,0.0240835989371289,"f"
3394,1,52.3844883229859,0.024083232423345,"f"
3395,1,52.3854799565238,0.0240828660435071,"f"
3396,1,52.3864711994463,0.0240824998064701,"f"
3397,1,52.3874620252033,0.024082133721089,"f"
3398,1,52.3884524072449,0.0240817677962185,"f"
3399,1,52.3894423190212,0.0240814020407137,"f"
3400,1,52.3904317339822,0.0240810364634293,"f"
3401,1,52.3914206255779,0.0240806710732204,"f"
3402,1,52.3924089672585,0.0240803058789417,"f"
3403,1,52.3933967324738,0.0240799408894482,"f"
3404,1,52.3943838946741,0.0240795761135948,"f"
3405,1,52.3953704273093,0.0240792115602363,"f"
3406,1,52.3963563038295,0.0240788472382277,"f"
3407,1,52.3973414976847,0.0240784831564238,"f"
3408,1,52.398325982325,0.0240781193236796,"f"
3409,1,52.3993097312242,0.0240777557488414,"f"
3410,1,52.4002927364008,0.0240773924341483,"f"
3411,1,52.4012750415925,0.0240770293634118,"f"
3412,1,52.4022566994827,0.0240766665172563,"f"
3413,1,52.4032377627545,0.0240763038763062,"f"
3414,1,52.4042182840914,0.0240759414211856,"f"
3415,1,52.4051983161765,0.024075579132519,"f"
3416,1,52.4061779116933,0.0240752169909307,"f"
3417,1,52.4071571233249,0.0240748549770449,"f"
3418,1,52.4081360037548,0.0240744930714861,"f"
3419,1,52.4091146056661,0.0240741312548784,"f"
3420,1,52.4100929817423,0.0240737695078463,"f"
3421,1,52.4110711846665,0.024073407811014,"f"
3422,1,52.4120492671221,0.0240730461450059,"f"
3423,1,52.4130272817924,0.0240726844904462,"f"
3424,1,52.4140052813608,0.0240723228279594,"f"
3425,1,52.4149833185104,0.0240719611381697,"f"
3426,1,52.4159614459246,0.0240715994017014,"f"
3427,1,52.4169397162867,0.0240712375991789,"f"
3428,1,52.41791818228,0.0240708757112264,"f"
3429,1,52.4188968965877,0.0240705137184683,"f"
3430,1,52.4198759118933,0.024070151601529,"f"
3431,1,52.4208552808799,0.0240697893410326,"f"
3432,1,52.421835056231,0.0240694269176036,"f"
3433,1,52.4228152906297,0.0240690643118662,"f"
3434,1,52.4237960367594,0.0240687015044449,"f"
3435,1,52.4247773473034,0.0240683384759638,"f"
3436,1,52.425759274945,0.0240679752070473,"f"
3437,1,52.4267418723675,0.0240676116783197,"f"
3438,1,52.4277251922541,0.0240672478704054,"f"
3439,1,52.4287092872883,0.0240668837639287,"f"
3440,1,52.4296942090508,0.0240665193399422,"f"
3441,1,52.430679975026,0.0240661545927501,"f"
3442,1,52.4316665628964,0.0240657895321245,"f"
3443,1,52.4326539480922,0.0240654241687134,"f"
3444,1,52.4336421060437,0.0240650585131643,"f"
3445,1,52.4346310121812,0.024064692576125,"f"
3446,1,52.435620641935,0.0240643263682431,"f"
3447,1,52.4366109707355,0.0240639599001664,"f"
3448,1,52.4376019740128,0.0240635931825425,"f"
3449,1,52.4385936271973,0.0240632262260191,"f"
3450,1,52.4395859057193,0.0240628590412439,"f"
3451,1,52.4405787850091,0.0240624916388645,"f"
3452,1,52.4415722404969,0.0240621240295288,"f"
3453,1,52.4425662476132,0.0240617562238843,"f"
3454,1,52.4435607817881,0.0240613882325788,"f"
3455,1,52.444555818452,0.0240610200662599,"f"
3456,1,52.4455513330352,0.0240606517355754,"f"
3457,1,52.446547300968,0.0240602832511729,"f"
3458,1,52.4475436976806,0.0240599146237001,"f"
3459,1,52.4485404986033,0.0240595458638047,"f"
3460,1,52.4495376791666,0.0240591769821343,"f"
3461,1,52.4505352148006,0.0240588079893368,"f"
3462,1,52.4515330809356,0.0240584388960597,"f"
3463,1,52.452531253002,0.0240580697129508,"f"
3464,1,52.4535297064301,0.0240577004506578,"f"
3465,1,52.45452841665,0.0240573311198282,"f"
3466,1,52.4555273590923,0.0240569617311099,"f"
3467,1,52.456526509187,0.0240565922951505,"f"
3468,1,52.4575258423646,0.0240562228225978,"f"
3469,1,52.4585253340554,0.0240558533240993,"f"
3470,1,52.4595249596893,0.0240554838103017,"f"
3471,1,52.4605246945266,0.0240551142911148,"f"
3472,1,52.4615245133583,0.0240547447744115,"f"
3473,1,52.462524390895,0.0240543752677165,"f"
3474,1,52.4635243018473,0.0240540057785542,"f"
3475,1,52.4645242209258,0.024053636314449,"f"
3476,1,52.4655241228411,0.0240532668829255,"f"
3477,1,52.4665239823039,0.0240528974915081,"f"
3478,1,52.4675237740246,0.0240525281477212,"f"
3479,1,52.4685234727141,0.0240521588590894,"f"
3480,1,52.4695230530828,0.0240517896331372,"f"
3481,1,52.4705224898414,0.0240514204773889,"f"
3482,1,52.4715217577004,0.0240510513993692,"f"
3483,1,52.4725208313706,0.0240506824066024,"f"
3484,1,52.4735196855625,0.024050313506613,"f"
3485,1,52.4745182949867,0.0240499447069255,"f"
3486,1,52.4755166343538,0.0240495760150644,"f"
3487,1,52.4765146783745,0.0240492074385541,"f"
3488,1,52.4775124017593,0.0240488389849192,"f"
3489,1,52.4785097792189,0.024048470661684,"f"
3490,1,52.4795067854639,0.0240481024763731,"f"
3491,1,52.4805033952049,0.024047734436511,"f"
3492,1,52.4814995831524,0.0240473665496221,"f"
3493,1,52.4824953240172,0.0240469988232308,"f"
3494,1,52.4834905925098,0.0240466312648617,"f"
3495,1,52.4844853633408,0.0240462638820393,"f"
3496,1,52.4854796112209,0.024045896682288,"f"
3497,1,52.4864733108607,0.0240455296731322,"f"
3498,1,52.4874664369707,0.0240451628620965,"f"
3499,1,52.4884589642615,0.0240447962567054,"f"
3500,1,52.4894508674439,0.0240444298644832,"f"
3501,1,52.490442128031,0.0240440636906767,"f"
3502,1,52.491432776345,0.0240436977241895,"f"
3503,1,52.4924228640232,0.0240433319467877,"f"
3504,1,52.4934124427921,0.024042966340208,"f"
3505,1,52.4944015643782,0.0240426008861868,"f"
3506,1,52.4953902805078,0.0240422355664606,"f"
3507,1,52.4963786429075,0.0240418703627659,"f"
3508,1,52.4973667033038,0.0240415052568392,"f"
3509,1,52.4983545134229,0.0240411402304169,"f"
3510,1,52.4993421249916,0.0240407752652357,"f"
3511,1,52.5003295897361,0.024040410343032,"f"
3512,1,52.5013169593829,0.0240400454455422,"f"
3513,1,52.5023042856585,0.0240396805545029,"f"
3514,1,52.5032916202893,0.0240393156516505,"f"
3515,1,52.5042790150019,0.0240389507187216,"f"
3516,1,52.5052665215226,0.0240385857374527,"f"
3517,1,52.5062541915779,0.0240382206895802,"f"
3518,1,52.5072420768942,0.0240378555568407,"f"
3519,1,52.5082302291981,0.0240374903209706,"f"
3520,1,52.5092187002159,0.0240371249637064,"f"
3521,1,52.5102075416742,0.0240367594667846,"f"
3522,1,52.5111968052993,0.0240363938119418,"f"
3523,1,52.5121865428178,0.0240360279809144,"f"
3524,1,52.513176805956,0.0240356619554389,"f"
3525,1,52.5141676464405,0.0240352957172518,"f"
3526,1,52.5151591159977,0.0240349292480896,"f"
3527,1,52.516151266354,0.0240345625296887,"f"
3528,1,52.517144149236,0.0240341955437858,"f"
3529,1,52.51813781637,0.0240338282721173,"f"
3530,1,52.5191323194825,0.0240334606964196,"f"
3531,1,52.5201277102731,0.0240330927984389,"f"
3532,1,52.5211240222393,0.0240327245664335,"f"
3533,1,52.5221212390617,0.0240323560064847,"f"
3534,1,52.5231193359752,0.0240319871276956,"f"
3535,1,52.5241182882144,0.0240316179391691,"f"
3536,1,52.5251180710143,0.0240312484500082,"f"
3537,1,52.5261186596097,0.024030878669316,"f"
3538,1,52.5271200292353,0.0240305086061955,"f"
3539,1,52.5281221551261,0.0240301382697496,"f"
3540,1,52.5291250125168,0.0240297676690815,"f"
3541,1,52.5301285766423,0.024029396813294,"f"
3542,1,52.5311328227373,0.0240290257114902,"f"
3543,1,52.5321377260368,0.0240286543727731,"f"
3544,1,52.5331432617754,0.0240282828062457,"f"
3545,1,52.5341494051881,0.0240279110210111,"f"
3546,1,52.5351561315096,0.0240275390261722,"f"
3547,1,52.5361634159748,0.024027166830832,"f"
3548,1,52.5371712338185,0.0240267944440936,"f"
3549,1,52.5381795602755,0.0240264218750599,"f"
3550,1,52.5391883705806,0.024026049132834,"f"
3551,1,52.5401976399687,0.0240256762265188,"f"
3552,1,52.5412073436745,0.0240253031652174,"f"
3553,1,52.542217456933,0.0240249299580328,"f"
3554,1,52.5432279549788,0.024024556614068,"f"
3555,1,52.5442388130469,0.024024183142426,"f"
3556,1,52.5452500063721,0.0240238095522098,"f"
3557,1,52.5462615101891,0.0240234358525225,"f"
3558,1,52.5472732997328,0.0240230620524669,"f"
3559,1,52.548285350238,0.0240226881611462,"f"
3560,1,52.5492976369395,0.0240223141876633,"f"
3561,1,52.5503101350722,0.0240219401411212,"f"
3562,1,52.5513228201157,0.0240215660305693,"f"
3563,1,52.5523356692873,0.0240211918646754,"f"
3564,1,52.5533486605569,0.0240208176519424,"f"
3565,1,52.5543617718969,0.0240204434008723,"f"
3566,1,52.55537498128,0.0240200691199674,"f"
3567,1,52.5563882666788,0.0240196948177298,"f"
3568,1,52.557401606066,0.0240193205026617,"f"
3569,1,52.558414977414,0.0240189461832653,"f"
3570,1,52.5594283586956,0.0240185718680426,"f"
3571,1,52.5604417278834,0.024018197565496,"f"
3572,1,52.5614550629499,0.0240178232841274,"f"
3573,1,52.5624683418678,0.0240174490324392,"f"
3574,1,52.5634815426097,0.0240170748189334,"f"
3575,1,52.5644946431483,0.0240167006521122,"f"
3576,1,52.565507621456,0.0240163265404778,"f"
3577,1,52.5665204555056,0.0240159524925323,"f"
3578,1,52.5675331232696,0.024015578516778,"f"
3579,1,52.5685456027207,0.0240152046217169,"f"
3580,1,52.5695578718315,0.0240148308158512,"f"
3581,1,52.5705699085746,0.0240144571076831,"f"
3582,1,52.5715816909226,0.0240140835057148,"f"
3583,1,52.5725931968481,0.0240137100184484,"f"
3584,1,52.5736044043237,0.024013336654386,"f"
3585,1,52.5746152913221,0.0240129634220299,"f"
3586,1,52.5756258358159,0.0240125903298822,"f"
3587,1,52.5766360157776,0.0240122173864451,"f"
3588,1,52.5776458091799,0.0240118446002206,"f"
3589,1,52.5786551939954,0.0240114719797111,"f"
3590,1,52.5796641481967,0.0240110995334186,"f"
3591,1,52.5806726497565,0.0240107272698453,"f"
3592,1,52.5816806779095,0.0240103551969951,"f"
3593,1,52.5826882413705,0.0240099833112351,"f"
3594,1,52.583695378585,0.0240096115971963,"f"
3595,1,52.5847021293109,0.0240092400389919,"f"
3596,1,52.5857085333062,0.0240088686207348,"f"
3597,1,52.5867146303287,0.0240084973265381,"f"
3598,1,52.5877204601365,0.0240081261405148,"f"
3599,1,52.5887260624875,0.024007755046778,"f"
3600,1,52.5897314771396,0.0240073840294408,"f"
3601,1,52.5907367438508,0.0240070130726161,"f"
3602,1,52.591741902379,0.024006642160417,"f"
3603,1,52.5927469924822,0.0240062712769565,"f"
3604,1,52.5937520539184,0.0240059004063477,"f"
3605,1,52.5947571264453,0.0240055295327036,"f"
3606,1,52.5957622498211,0.0240051586401373,"f"
3607,1,52.5967674638036,0.0240047877127617,"f"
3608,1,52.5977728081509,0.0240044167346901,"f"
3609,1,52.5987783226207,0.0240040456900353,"f"
3610,1,52.5997840469712,0.0240036745629104,"f"
3611,1,52.6007900209602,0.0240033033374284,"f"
3612,1,52.6017962843457,0.0240029319977025,"f"
3613,1,52.6028028768856,0.0240025605278456,"f"
3614,1,52.6038098383378,0.0240021889119708,"f"
3615,1,52.6048172084604,0.0240018171341911,"f"
3616,1,52.6058250270112,0.0240014451786195,"f"
3617,1,52.6068333337483,0.0240010730293692,"f"
3618,1,52.6078421684295,0.0240007006705531,"f"
3619,1,52.6088515708128,0.0240003280862843,"f"
3620,1,52.6098615806561,0.0239999552606758,"f"
3621,1,52.6108722377174,0.0239995821778407,"f"
3622,1,52.6118835817546,0.0239992088218919,"f"
3623,1,52.6128956510356,0.0239988351777689,"f"
3624,1,52.6139084733551,0.0239984612362178,"f"
3625,1,52.6149220720174,0.0239980869904749,"f"
3626,1,52.6159364703098,0.0239977124337857,"f"
3627,1,52.6169516915191,0.023997337559396,"f"
3628,1,52.6179677589327,0.0239969623605514,"f"
3629,1,52.6189846958375,0.0239965868304977,"f"
3630,1,52.6200025255207,0.0239962109624805,"f"
3631,1,52.6210212712694,0.0239958347497455,"f"
3632,1,52.6220409563706,0.0239954581855384,"f"
3633,1,52.6230616041116,0.0239950812631049,"f"
3634,1,52.6240832377795,0.0239947039756905,"f"
3635,1,52.6251058806612,0.0239943263165411,"f"
3636,1,52.626129556044,0.0239939482789023,"f"
3637,1,52.6271542872149,0.0239935698560198,"f"
3638,1,52.6281800974611,0.0239931910411393,"f"
3639,1,52.6292070100696,0.0239928118275063,"f"
3640,1,52.6302350483276,0.0239924322083668,"f"
3641,1,52.6312642355222,0.0239920521769662,"f"
3642,1,52.6322945949404,0.0239916717265503,"f"
3643,1,52.6333261498694,0.0239912908503647,"f"
3644,1,52.6343589235964,0.0239909095416552,"f"
3645,1,52.6353929394083,0.0239905277936674,"f"
3646,1,52.6364282205924,0.0239901455996471,"f"
3647,1,52.6374647904357,0.0239897629528398,"f"
3648,1,52.6385026722253,0.0239893798464913,"f"
3649,1,52.6395418892483,0.0239889962738472,"f"
3650,1,52.6405824647919,0.0239886122281533,"f"
3651,1,52.6416244221432,0.0239882277026551,"f"
3652,1,52.6426677845892,0.0239878426905985,"f"
3653,1,52.6437125733379,0.0239874571859311,"f"
3654,1,52.6447587617744,0.0239870711987476,"f"
3655,1,52.6458062754612,0.0239866847552899,"f"
3656,1,52.6468550378818,0.0239862978825017,"f"
3657,1,52.6479049725194,0.023985910607327,"f"
3658,1,52.6489560028574,0.0239855229567095,"f"
3659,1,52.6500080523789,0.023985134957593,"f"
3660,1,52.6510610445675,0.0239847466369214,"f"
3661,1,52.6521149029062,0.0239843580216384,"f"
3662,1,52.6531695508786,0.023983969138688,"f"
3663,1,52.6542249119679,0.0239835800150139,"f"
3664,1,52.6552809096573,0.02398319067756,"f"
3665,1,52.6563374674303,0.0239828011532701,"f"
3666,1,52.6573945087701,0.023982411469088,"f"
3667,1,52.65845195716,0.0239820216519575,"f"
3668,1,52.6595097360834,0.0239816317288224,"f"
3669,1,52.6605677690235,0.0239812417266267,"f"
3670,1,52.6616259794637,0.0239808516723141,"f"
3671,1,52.6626842908873,0.0239804615928283,"f"
3672,1,52.6637426267775,0.0239800715151134,"f"
3673,1,52.6648009106178,0.023979681466113,"f"
3674,1,52.6658590658914,0.023979291472771,"f"
3675,1,52.6669170160816,0.0239789015620313,"f"
3676,1,52.6679746846718,0.0239785117608376,"f"
3677,1,52.6690319951452,0.0239781220961338,"f"
3678,1,52.6700888709852,0.0239777325948636,"f"
3679,1,52.671145235675,0.023977343283971,"f"
3680,1,52.6722010126981,0.0239769541903998,"f"
3681,1,52.6732561255376,0.0239765653410937,"f"
3682,1,52.674310497677,0.0239761767629966,"f"
3683,1,52.6753640527503,0.023975788482998,"f"
3684,1,52.6764167538426,0.0239754005137948,"f"
3685,1,52.6774686560459,0.0239750128349831,"f"
3686,1,52.6785198275439,0.0239746254214496,"f"
3687,1,52.6795703365201,0.0239742382480807,"f"
3688,1,52.6806202511581,0.023973851289763,"f"
3689,1,52.6816696396415,0.0239734645213829,"f"
3690,1,52.6827185701538,0.0239730779178271,"f"
3691,1,52.6837671108788,0.023972691453982,"f"
3692,1,52.6848153299999,0.0239723051047341,"f"
3693,1,52.6858632957008,0.0239719188449699,"f"
3694,1,52.686911076165,0.0239715326495761,"f"
3695,1,52.6879587395761,0.0239711464934391,"f"
3696,1,52.6890063541177,0.0239707603514453,"f"
3697,1,52.6900539879734,0.0239703741984815,"f"
3698,1,52.6911017093268,0.0239699880094339,"f"
3699,1,52.6921495863615,0.0239696017591893,"f"
3700,1,52.693197687261,0.023969215422634,"f"
3701,1,52.694246080209,0.0239688289746547,"f"
3702,1,52.695294833389,0.0239684423901378,"f"
3703,1,52.6963440149847,0.0239680556439699,"f"
3704,1,52.6973936931795,0.0239676687110374,"f"
3705,1,52.6984439361572,0.0239672815662269,"f"
3706,1,52.6994948121012,0.023966894184425,"f"
3707,1,52.7005463891952,0.0239665065405181,"f"
3708,1,52.7015987356228,0.0239661186093927,"f"
3709,1,52.7026519195675,0.0239657303659354,"f"
3710,1,52.7037060092129,0.0239653417850327,"f"
3711,1,52.7047610727427,0.0239649528415712,"f"
3712,1,52.7058171783404,0.0239645635104372,"f"
3713,1,52.7068743941895,0.0239641737665174,"f"
3714,1,52.7079327863717,0.0239637835854858,"f"
3715,1,52.7089923733516,0.0239633929608558,"f"
3716,1,52.7100531263788,0.0239630019038297,"f"
3717,1,52.7111150146814,0.023962610426367,"f"
3718,1,52.7121780074874,0.0239622185404273,"f"
3719,1,52.7132420740248,0.0239618262579704,"f"
3720,1,52.7143071835217,0.0239614335909557,"f"
3721,1,52.7153733052062,0.0239610405513429,"f"
3722,1,52.7164404083062,0.0239606471510915,"f"
3723,1,52.7175084620499,0.0239602534021614,"f"
3724,1,52.7185774356652,0.0239598593165119,"f"
3725,1,52.7196472983801,0.0239594649061027,"f"
3726,1,52.7207180194229,0.0239590701828935,"f"
3727,1,52.7217895680213,0.0239586751588439,"f"
3728,1,52.7228619134036,0.0239582798459134,"f"
3729,1,52.7239350247978,0.0239578842560617,"f"
3730,1,52.7250088714318,0.0239574884012484,"f"
3731,1,52.7260834225337,0.0239570922934331,"f"
3732,1,52.7271586473316,0.0239566959445754,"f"
3733,1,52.7282345150536,0.0239562993666349,"f"
3734,1,52.7293109949276,0.0239559025715712,"f"
3735,1,52.7303880561816,0.023955505571344,"f"
3736,1,52.7314656680438,0.0239551083779129,"f"
3737,1,52.7325437997422,0.0239547110032374,"f"
3738,1,52.7336224205047,0.0239543134592771,"f"
3739,1,52.7347014995595,0.0239539157579918,"f"
3740,1,52.7357810061346,0.0239535179113409,"f"
3741,1,52.7368609094581,0.0239531199312842,"f"
3742,1,52.7379411787578,0.0239527218297811,"f"
3743,1,52.739021783262,0.0239523236187914,"f"
3744,1,52.7401026922018,0.0239519253102725,"f"
3745,1,52.7411838755886,0.0239515269156316,"f"
3746,1,52.7422653052373,0.0239511284450049,"f"
3747,1,52.7433469532167,0.0239507299083494,"f"
3748,1,52.7444287915954,0.0239503313156224,"f"
3749,1,52.7455107924423,0.0239499326767809,"f"
3750,1,52.7465929278261,0.023949534001782,"f"
3751,1,52.7476751698156,0.0239491353005829,"f"
3752,1,52.7487574904795,0.0239487365831405,"f"
3753,1,52.7498398618866,0.0239483378594122,"f"
3754,1,52.7509222561057,0.0239479391393549,"f"
3755,1,52.7520046452055,0.0239475404329257,"f"
3756,1,52.7530870012547,0.0239471417500818,"f"
3757,1,52.7541692963222,0.0239467431007803,"f"
3758,1,52.7552515024767,0.0239463444949783,"f"
3759,1,52.7563335917869,0.0239459459426329,"f"
3760,1,52.7574155363216,0.0239455474537012,"f"
3761,1,52.7584973081496,0.0239451490381403,"f"
3762,1,52.7595788793396,0.0239447507059073,"f"
3763,1,52.7606602219604,0.0239443524669593,"f"
3764,1,52.7617413080808,0.0239439543312535,"f"
3765,1,52.7628221097694,0.023943556308747,"f"
3766,1,52.7639025990951,0.0239431584093968,"f"
3767,1,52.7649827481266,0.02394276064316,"f"
3768,1,52.7660625289327,0.0239423630199938,"f"
3769,1,52.7671419135822,0.0239419655498553,"f"
3770,1,52.7682208741437,0.0239415682427016,"f"
3771,1,52.7692993826861,0.0239411711084898,"f"
3772,1,52.7703774112781,0.023940774157177,"f"
3773,1,52.7714549319885,0.0239403773987203,"f"
3774,1,52.772531916886,0.0239399808430769,"f"
3775,1,52.773608347197,0.0239395844968547,"f"
3776,1,52.7746842581636,0.0239391883469075,"f"
3777,1,52.775759704764,0.0239387923728711,"f"
3778,1,52.7768347420055,0.0239383965543709,"f"
3779,1,52.7779094248956,0.0239380008710321,"f"
3780,1,52.7789838084416,0.0239376053024799,"f"
3781,1,52.7800579476509,0.0239372098283396,"f"
3782,1,52.781131897531,0.0239368144282364,"f"
3783,1,52.7822057130892,0.0239364190817955,"f"
3784,1,52.7832794493328,0.0239360237686423,"f"
3785,1,52.7843531612693,0.023935628468402,"f"
3786,1,52.7854269039061,0.0239352331606997,"f"
3787,1,52.7865007322505,0.0239348378251609,"f"
3788,1,52.7875747013099,0.0239344424414106,"f"
3789,1,52.7886488660917,0.0239340469890742,"f"
3790,1,52.7897232816033,0.0239336514477768,"f"
3791,1,52.7907980028521,0.0239332557971439,"f"
3792,1,52.7918730848455,0.0239328600168005,"f"
3793,1,52.7929485825908,0.0239324640863719,"f"
3794,1,52.7940245510954,0.0239320679854835,"f"
3795,1,52.7951010453668,0.0239316716937603,"f"
3796,1,52.7961781204123,0.0239312751908278,"f"
3797,1,52.7972558312392,0.0239308784563111,"f"
3798,1,52.798334232855,0.0239304814698355,"f"
3799,1,52.7994133802671,0.0239300842110262,"f"
3800,1,52.8004933284829,0.0239296866595084,"f"
3801,1,52.8015741325096,0.0239292887949075,"f"
3802,1,52.8026558473548,0.0239288905968486,"f"
3803,1,52.8037385280258,0.0239284920449571,"f"
3804,1,52.80482222953,0.0239280931188581,"f"
3805,1,52.8059070067809,0.0239276937982126,"f"
3806,1,52.8069928922552,0.0239272940712051,"f"
3807,1,52.8080798670514,0.0239268939455384,"f"
3808,1,52.8091679051075,0.0239264934316357,"f"
3809,1,52.8102569803614,0.02392609253992,"f"
3810,1,52.8113470667512,0.0239256912808145,"f"
3811,1,52.8124381382147,0.0239252896647422,"f"
3812,1,52.81353016869,0.0239248877021262,"f"
3813,1,52.8146231321151,0.0239244854033897,"f"
3814,1,52.8157170024278,0.0239240827789557,"f"
3815,1,52.8168117535661,0.0239236798392473,"f"
3816,1,52.8179073594681,0.0239232765946877,"f"
3817,1,52.8190037940717,0.0239228730556998,"f"
3818,1,52.8201010313148,0.023922469232707,"f"
3819,1,52.8211990451354,0.0239220651361321,"f"
3820,1,52.8222978094715,0.0239216607763984,"f"
3821,1,52.8233972982611,0.0239212561639288,"f"
3822,1,52.824497485442,0.0239208513091467,"f"
3823,1,52.8255983449524,0.0239204462224749,"f"
3824,1,52.82669985073,0.0239200409143366,"f"
3825,1,52.827801976713,0.023919635395155,"f"
3826,1,52.8289046968392,0.0239192296753531,"f"
3827,1,52.8300079850467,0.023918823765354,"f"
3828,1,52.8311118152734,0.0239184176755808,"f"
3829,1,52.8322161614572,0.0239180114164566,"f"
3830,1,52.8333209975362,0.0239176049984045,"f"
3831,1,52.8344262974482,0.0239171984318477,"f"
3832,1,52.8355320351313,0.0239167917272091,"f"
3833,1,52.8366381845235,0.0239163848949119,"f"
3834,1,52.8377447195626,0.0239159779453793,"f"
3835,1,52.8388516141867,0.0239155708890343,"f"
3836,1,52.839958841768,0.0239151637362371,"f"
3837,1,52.841066372375,0.0239147564969816,"f"
3838,1,52.8421741748804,0.0239143491811285,"f"
3839,1,52.8432822181555,0.0239139417985386,"f"
3840,1,52.8443904710712,0.0239135343590727,"f"
3841,1,52.8454989024986,0.0239131268725916,"f"
3842,1,52.846607481309,0.0239127193489559,"f"
3843,1,52.8477161763732,0.0239123117980264,"f"
3844,1,52.8488249565626,0.0239119042296639,"f"
3845,1,52.8499337907481,0.023911496653729,"f"
3846,1,52.8510426478008,0.0239110890800827,"f"
3847,1,52.8521514965919,0.0239106815185855,"f"
3848,1,52.8532603059924,0.0239102739790982,"f"
3849,1,52.8543690448735,0.0239098664714817,"f"
3850,1,52.8554776821062,0.0239094590055965,"f"
3851,1,52.8565861865616,0.0239090515913036,"f"
3852,1,52.8576945271109,0.0239086442384635,"f"
3853,1,52.8588026726251,0.0239082369569371,"f"
3854,1,52.8599105919753,0.0239078297565852,"f"
3855,1,52.8610182540326,0.0239074226472683,"f"
3856,1,52.8621256276682,0.0239070156388474,"f"
3857,1,52.8632326817531,0.0239066087411831,"f"
3858,1,52.8643393851583,0.0239062019641362,"f"
3859,1,52.8654457067551,0.0239057953175675,"f"
3860,1,52.8665516154145,0.0239053888113376,"f"
3861,1,52.8676570800076,0.0239049824553073,"f"
3862,1,52.8687620694055,0.0239045762593374,"f"
3863,1,52.8698665524793,0.0239041702332887,"f"
3864,1,52.8709704981001,0.0239037643870217,"f"
3865,1,52.872073875139,0.0239033587303974,"f"
3866,1,52.87317665509,0.0239029532724092,"f"
3867,1,52.8742788558034,0.0239025480067236,"f"
3868,1,52.875380534841,0.0239021429138769,"f"
3869,1,52.8764817510481,0.023901737973981,"f"
3870,1,52.8775825632705,0.0239013331671479,"f"
3871,1,52.8786830303536,0.0239009284734895,"f"
3872,1,52.8797832111431,0.0239005238731177,"f"
3873,1,52.8808831644846,0.0239001193461443,"f"
3874,1,52.8819829492234,0.0238997148726813,"f"
3875,1,52.8830826242054,0.0238993104328405,"f"
3876,1,52.884182248276,0.023898906006734,"f"
3877,1,52.8852818802807,0.0238985015744735,"f"
3878,1,52.8863815790652,0.023898097116171,"f"
3879,1,52.8874814034751,0.0238976926119383,"f"
3880,1,52.8885814123558,0.0238972880418875,"f"
3881,1,52.889681664553,0.0238968833861304,"f"
3882,1,52.8907822189122,0.0238964786247788,"f"
3883,1,52.891883134279,0.0238960737379447,"f"
3884,1,52.8929844694989,0.02389566870574,"f"
3885,1,52.8940862834176,0.0238952635082767,"f"
3886,1,52.8951886348806,0.0238948581256665,"f"
3887,1,52.8962915827335,0.0238944525380214,"f"
3888,1,52.8973951858218,0.0238940467254533,"f"
3889,1,52.8984995029911,0.0238936406680742,"f"
3890,1,52.899604593087,0.0238932343459958,"f"
3891,1,52.900710514955,0.0238928277393301,"f"
3892,1,52.9018173274407,0.0238924208281891,"f"
3893,1,52.9029250893897,0.0238920135926846,"f"
3894,1,52.9040338596475,0.0238916060129285,"f"
3895,1,52.9051436970597,0.0238911980690327,"f"
3896,1,52.9062546604719,0.0238907897411091,"f"
3897,1,52.9073667986943,0.0238903810125607,"f"
3898,1,52.9084801025174,0.0238899718858176,"f"
3899,1,52.9095945419279,0.0238895623701322,"f"
3900,1,52.9107100868859,0.0238891524747658,"f"
3901,1,52.9118267073516,0.0238887422089799,"f"
3902,1,52.9129443732848,0.0238883315820355,"f"
3903,1,52.9140630546458,0.0238879206031941,"f"
3904,1,52.9151827213945,0.0238875092817168,"f"
3905,1,52.916303343491,0.0238870976268651,"f"
3906,1,52.9174248908953,0.0238866856479002,"f"
3907,1,52.9185473335676,0.0238862733540834,"f"
3908,1,52.9196706414678,0.0238858607546759,"f"
3909,1,52.9207947845561,0.0238854478589391,"f"
3910,1,52.9219197327925,0.0238850346761342,"f"
3911,1,52.923045456137,0.0238846212155226,"f"
3912,1,52.9241719245496,0.0238842074863655,"f"
3913,1,52.9252991079906,0.0238837934979243,"f"
3914,1,52.9264269764198,0.0238833792594601,"f"
3915,1,52.9275554997974,0.0238829647802344,"f"
3916,1,52.9286846480834,0.0238825500695083,"f"
3917,1,52.9298143912379,0.0238821351365432,"f"
3918,1,52.930944699221,0.0238817199906004,"f"
3919,1,52.9320755419926,0.0238813046409411,"f"
3920,1,52.9332068895128,0.0238808890968267,"f"
3921,1,52.9343387117417,0.0238804733675184,"f"
3922,1,52.9354709786394,0.0238800574622775,"f"
3923,1,52.9366036601659,0.0238796413903654,"f"
3924,1,52.9377367262813,0.0238792251610432,"f"
3925,1,52.9388701469456,0.0238788087835724,"f"
3926,1,52.9400038921188,0.0238783922672141,"f"
3927,1,52.9411379318343,0.0238779756213282,"f"
3928,1,52.9422722374,0.0238775588569902,"f"
3929,1,52.943406781207,0.0238771419867333,"f"
3930,1,52.9445415356808,0.0238767250231371,"f"
3931,1,52.9456764732469,0.0238763079787811,"f"
3932,1,52.9468115663307,0.0238758908662448,"f"
3933,1,52.9479467873577,0.0238754736981076,"f"
3934,1,52.9490821087533,0.023875056486949,"f"
3935,1,52.9502175029431,0.0238746392453486,"f"
3936,1,52.9513529423523,0.0238742219858859,"f"
3937,1,52.9524883994066,0.0238738047211404,"f"
3938,1,52.9536238465314,0.0238733874636915,"f"
3939,1,52.9547592561521,0.0238729702261187,"f"
3940,1,52.9558946006942,0.0238725530210017,"f"
3941,1,52.9570298525831,0.0238721358609198,"f"
3942,1,52.9581649842443,0.0238717187584525,"f"
3943,1,52.9592999681034,0.0238713017261795,"f"
3944,1,52.9604347765856,0.0238708847766801,"f"
3945,1,52.9615693821166,0.0238704679225339,"f"
3946,1,52.9627037571217,0.0238700511763203,"f"
3947,1,52.9638378740264,0.0238696345506189,"f"
3948,1,52.9649717052562,0.0238692180580092,"f"
3949,1,52.9661052232365,0.0238688017110707,"f"
3950,1,52.9672384003929,0.0238683855223828,"f"
3951,1,52.9683712091506,0.0238679695045251,"f"
3952,1,52.9695036219353,0.0238675536700771,"f"
3953,1,52.9706356111724,0.0238671380316182,"f"
3954,1,52.9717671492872,0.023866722601728,"f"
3955,1,52.9728982087054,0.0238663073929861,"f"
3956,1,52.9740287618523,0.0238658924179717,"f"
3957,1,52.9751587813553,0.0238654776891769,"f"
3958,1,52.9762882650622,0.0238650632081305,"f"
3959,1,52.977417260243,0.0238646489548792,"f"
3960,1,52.9785458199078,0.0238642349069746,"f"
3961,1,52.9796739970665,0.0238638210419682,"f"
3962,1,52.9808018447292,0.0238634073374115,"f"
3963,1,52.9819294159059,0.0238629937708561,"f"
3964,1,52.9830567636067,0.0238625803198537,"f"
3965,1,52.9841839408414,0.0238621669619556,"f"
3966,1,52.9853110006202,0.0238617536747136,"f"
3967,1,52.9864379959531,0.0238613404356791,"f"
3968,1,52.98756497985,0.0238609272224037,"f"
3969,1,52.988692005321,0.0238605140124389,"f"
3970,1,52.9898191253762,0.0238601007833364,"f"
3971,1,52.9909463930255,0.0238596875126477,"f"
3972,1,52.9920738612789,0.0238592741779243,"f"
3973,1,52.9932015831465,0.0238588607567178,"f"
3974,1,52.9943296116383,0.0238584472265797,"f"
3975,1,52.9954579997642,0.0238580335650616,"f"
3976,1,52.9965868005344,0.0238576197497151,"f"
3977,1,52.9977160669588,0.0238572057580917,"f"
3978,1,52.9988458520475,0.023856791567743,"f"
3979,1,52.9999762088104,0.0238563771562205,"f"
3980,1,53.0011071902576,0.0238559625010758,"f"
3981,1,53.0022388493992,0.0238555475798605,"f"
3982,1,53.003371239245,0.023855132370126,"f"
3983,1,53.0045044128052,0.0238547168494241,"f"
3984,1,53.0056384230897,0.0238543009953061,"f"
3985,1,53.0067733231086,0.0238538847853237,"f"
3986,1,53.0079091658718,0.0238534681970285,"f"
3987,1,53.0090460043895,0.0238530512079719,"f"
3988,1,53.0101838897064,0.0238526337965925,"f"
3989,1,53.0113228390705,0.0238522159565826,"f"
3990,1,53.0124628412661,0.0238517976944812,"f"
3991,1,53.0136038841885,0.0238513790172283,"f"
3992,1,53.0147459557334,0.0238509599317641,"f"
3993,1,53.0158890437961,0.0238505404450287,"f"
3994,1,53.0170331362723,0.0238501205639621,"f"
3995,1,53.0181782210573,0.0238497002955045,"f"
3996,1,53.0193242860468,0.023849279646596,"f"
3997,1,53.0204713191362,0.0238488586241766,"f"
3998,1,53.0216193082211,0.0238484372351864,"f"
3999,1,53.0227682411968,0.0238480154865657,"f"
4000,1,53.023918105959,0.0238475933852544,"f"
4001,1,53.025068890403,0.0238471709381926,"f"
4002,1,53.0262205824246,0.0238467481523205,"f"
4003,1,53.027373169919,0.0238463250345781,"f"
4004,1,53.0285266407819,0.0238459015919056,"f"
4005,1,53.0296809829087,0.0238454778312431,"f"
4006,1,53.030836184195,0.0238450537595306,"f"
4007,1,53.0319922325362,0.0238446293837082,"f"
4008,1,53.0331491158278,0.0238442047107161,"f"
4009,1,53.0343068219654,0.0238437797474943,"f"
4010,1,53.0354653388444,0.023843354500983,"f"
4011,1,53.0366246543603,0.0238429289781222,"f"
4012,1,53.0377847564088,0.0238425031858521,"f"
4013,1,53.0389456328851,0.0238420771311127,"f"
4014,1,53.040107271685,0.0238416508208441,"f"
4015,1,53.0412696607037,0.0238412242619865,"f"
4016,1,53.042432787837,0.0238407974614799,"f"
4017,1,53.0435966409802,0.0238403704262644,"f"
4018,1,53.0447612079347,0.0238399431633051,"f"
4019,1,53.0459264651178,0.02383951568259,"f"
4020,1,53.0470923668362,0.0238390879999775,"f"
4021,1,53.0482588648566,0.0238386601320008,"f"
4022,1,53.0494259109456,0.0238382320951931,"f"
4023,1,53.0505934568699,0.0238378039060873,"f"
4024,1,53.0517614543961,0.0238373755812167,"f"
4025,1,53.0529298552909,0.0238369471371143,"f"
4026,1,53.0540986113208,0.0238365185903132,"f"
4027,1,53.0552676742525,0.0238360899573466,"f"
4028,1,53.0564369958527,0.0238356612547475,"f"
4029,1,53.0576065278879,0.0238352324990491,"f"
4030,1,53.0587762221248,0.0238348037067844,"f"
4031,1,53.05994603033,0.0238343748944866,"f"
4032,1,53.0611159042702,0.0238339460786888,"f"
4033,1,53.0622857957119,0.0238335172759241,"f"
4034,1,53.0634556564219,0.0238330885027256,"f"
4035,1,53.0646254381667,0.0238326597756264,"f"
4036,1,53.065795092713,0.0238322311111596,"f"
4037,1,53.0669645718274,0.0238318025258583,"f"
4038,1,53.0681338272765,0.0238313740362557,"f"
4039,1,53.069302810827,0.0238309456588847,"f"
4040,1,53.0704714742456,0.0238305174102787,"f"
4041,1,53.0716397692987,0.0238300893069705,"f"
4042,1,53.0728076477531,0.0238296613654935,"f"
4043,1,53.0739750613754,0.0238292336023806,"f"
4044,1,53.0751419619322,0.0238288060341649,"f"
4045,1,53.0763083011902,0.0238283786773797,"f"
4046,1,53.077474030916,0.0238279515485579,"f"
4047,1,53.0786391028762,0.0238275246642327,"f"
4048,1,53.0798034688375,0.0238270980409372,"f"
4049,1,53.0809670960273,0.0238266716896639,"f"
4050,1,53.0821300270385,0.0238262455943968,"f"
4051,1,53.083292327394,0.0238258197309027,"f"
4052,1,53.084454062622,0.0238253940749465,"f"
4053,1,53.0856152982507,0.0238249686022929,"f"
4054,1,53.0867760998082,0.0238245432887068,"f"
4055,1,53.0879365328228,0.0238241181099531,"f"
4056,1,53.0890966628227,0.0238236930417965,"f"
4057,1,53.0902565553361,0.023823268060002,"f"
4058,1,53.0914162758912,0.0238228431403343,"f"
4059,1,53.0925758900162,0.0238224182585583,"f"
4060,1,53.0937354632393,0.0238219933904388,"f"
4061,1,53.0948950610887,0.0238215685117407,"f"
4062,1,53.0960547490927,0.0238211435982288,"f"
4063,1,53.0972145927793,0.023820718625668,"f"
4064,1,53.0983746576769,0.023820293569823,"f"
4065,1,53.0995350093136,0.0238198684064587,"f"
4066,1,53.1006957132176,0.0238194431113399,"f"
4067,1,53.1018568349171,0.0238190176602315,"f"
4068,1,53.1030184399404,0.0238185920288984,"f"
4069,1,53.1041805938157,0.0238181661931053,"f"
4070,1,53.105343362071,0.0238177401286171,"f"
4071,1,53.1065068102348,0.0238173138111986,"f"
4072,1,53.1076710038351,0.0238168872166147,"f"
4073,1,53.1088360084001,0.0238164603206302,"f"
4074,1,53.1100018894581,0.02381603309901,"f"
4075,1,53.1111687125373,0.0238156055275188,"f"
4076,1,53.1123365431658,0.0238151775819215,"f"
4077,1,53.1135054468719,0.023814749237983,"f"
4078,1,53.1146754891838,0.023814320471468,"f"
4079,1,53.1158467353635,0.0238138912582415,"f"
4080,1,53.1170192194833,0.0238134615858862,"f"
4081,1,53.1181929155778,0.0238130314645411,"f"
4082,1,53.1193677908585,0.0238126009069084,"f"
4083,1,53.1205438125366,0.0238121699256908,"f"
4084,1,53.1217209478236,0.0238117385335905,"f"
4085,1,53.1228991639307,0.02381130674331,"f"
4086,1,53.1240784280693,0.0238108745675517,"f"
4087,1,53.1252587074507,0.023810442019018,"f"
4088,1,53.1264399692864,0.0238100091104114,"f"
4089,1,53.1276221807875,0.0238095758544342,"f"
4090,1,53.1288053091656,0.0238091422637889,"f"
4091,1,53.1299893216318,0.0238087083511779,"f"
4092,1,53.1311741853977,0.0238082741293037,"f"
4093,1,53.1323598676744,0.0238078396108685,"f"
4094,1,53.1335463356734,0.0238074048085749,"f"
4095,1,53.1347335566059,0.0238069697351253,"f"
4096,1,53.1359214976834,0.0238065344032221,"f"
4097,1,53.1371101261172,0.0238060988255676,"f"
4098,1,53.1382994091185,0.0238056630148644,"f"
4099,1,53.1394893138989,0.0238052269838148,"f"
4100,1,53.1406798076695,0.0238047907451213,"f"
4101,1,53.1418708576418,0.0238043543114863,"f"
4102,1,53.1430624310271,0.0238039176956121,"f"
4103,1,53.1442544950367,0.0238034809102013,"f"
4104,1,53.1454470168821,0.0238030439679562,"f"
4105,1,53.1466399637744,0.0238026068815792,"f"
4106,1,53.1478333029251,0.0238021696637728,"f"
4107,1,53.1490270015454,0.0238017323272394,"f"
4108,1,53.1502210268469,0.0238012948846813,"f"
4109,1,53.1514153460407,0.0238008573488011,"f"
4110,1,53.1526099266907,0.0238004197321049,"f"
4111,1,53.1538047380619,0.0237999820461514,"f"
4112,1,53.154999749932,0.023799544302214,"f"
4113,1,53.1561949320787,0.0237991065115659,"f"
4114,1,53.1573902542797,0.0237986686854803,"f"
4115,1,53.1585856863129,0.0237982308352306,"f"
4116,1,53.159781197956,0.0237977929720899,"f"
4117,1,53.1609767589868,0.0237973551073315,"f"
4118,1,53.162172339183,0.0237969172522288,"f"
4119,1,53.1633679083223,0.0237964794180548,"f"
4120,1,53.1645634361826,0.0237960416160828,"f"
4121,1,53.1657588925416,0.0237956038575862,"f"
4122,1,53.1669542471771,0.0237951661538382,"f"
4123,1,53.1681494698668,0.023794728516112,"f"
4124,1,53.1693445303884,0.0237942909556808,"f"
4125,1,53.1705393985198,0.023793853483818,"f"
4126,1,53.1717340440388,0.0237934161117968,"f"
4127,1,53.1729284367229,0.0237929788508903,"f"
4128,1,53.1741225463501,0.023792541712372,"f"
4129,1,53.1753163426981,0.0237921047075149,"f"
4130,1,53.1765097955447,0.0237916678475925,"f"
4131,1,53.1777028746675,0.0237912311438778,"f"
4132,1,53.1788955498444,0.0237907946076442,"f"
4133,1,53.1800877908532,0.023790358250165,"f"
4134,1,53.1812795674715,0.0237899220827133,"f"
4135,1,53.1824708494772,0.0237894861165625,"f"
4136,1,53.183661606648,0.0237890503629857,"f"
4137,1,53.1848518087616,0.0237886148332563,"f"
4138,1,53.1860414255959,0.0237881795386475,"f"
4139,1,53.1872304269286,0.0237877444904324,"f"
4140,1,53.1884187861354,0.0237873096984969,"f"
4141,1,53.1896065260503,0.0237868751536515,"f"
4142,1,53.1907937054583,0.0237864408328416,"f"
4143,1,53.1919803839548,0.0237860067127001,"f"
4144,1,53.193166621135,0.0237855727698598,"f"
4145,1,53.1943524765942,0.0237851389809536,"f"
4146,1,53.1955380099275,0.0237847053226143,"f"
4147,1,53.1967232807303,0.0237842717714747,"f"
4148,1,53.1979083485979,0.0237838383041677,"f"
4149,1,53.1990932731254,0.0237834048973261,"f"
4150,1,53.2002781139081,0.0237829715275829,"f"
4151,1,53.2014629305413,0.0237825381715708,"f"
4152,1,53.2026477826202,0.0237821048059227,"f"
4153,1,53.2038327297401,0.0237816714072714,"f"
4154,1,53.2050178314963,0.0237812379522498,"f"
4155,1,53.2062031474839,0.0237808044174908,"f"
4156,1,53.2073887372982,0.0237803707796271,"f"
4157,1,53.2085746605346,0.0237799370152917,"f"
4158,1,53.2097609767882,0.0237795031011173,"f"
4159,1,53.2109477456543,0.0237790690137369,"f"
4160,1,53.2121350267282,0.0237786347297833,"f"
4161,1,53.2133228796051,0.0237782002258892,"f"
4162,1,53.2145113638802,0.0237777654786877,"f"
4163,1,53.2157005391489,0.0237773304648115,"f"
4164,1,53.2168904650063,0.0237768951608934,"f"
4165,1,53.2180812010477,0.0237764595435664,"f"
4166,1,53.2192728068685,0.0237760235894632,"f"
4167,1,53.2204653420637,0.0237755872752167,"f"
4168,1,53.2216588662288,0.0237751505774598,"f"
4169,1,53.2228534389588,0.0237747134728254,"f"
4170,1,53.2240491198492,0.0237742759379461,"f"
4171,1,53.2252459561706,0.0237738379545159,"f"
4172,1,53.2264439362847,0.0237733995284188,"f"
4173,1,53.2276430309726,0.0237729606727582,"f"
4174,1,53.228843211012,0.0237725214006389,"f"
4175,1,53.2300444471808,0.0237720817251654,"f"
4176,1,53.2312467102569,0.0237716416594426,"f"
4177,1,53.2324499710181,0.023771201216575,"f"
4178,1,53.2336542002423,0.0237707604096674,"f"
4179,1,53.2348593687074,0.0237703192518245,"f"
4180,1,53.2360654471911,0.0237698777561509,"f"
4181,1,53.2372724064714,0.0237694359357513,"f"
4182,1,53.2384802173262,0.0237689938037305,"f"
4183,1,53.2396888505332,0.0237685513731931,"f"
4184,1,53.2408982768704,0.0237681086572438,"f"
4185,1,53.2421084671156,0.0237676656689874,"f"
4186,1,53.2433193920467,0.0237672224215284,"f"
4187,1,53.2445310224415,0.0237667789279715,"f"
4188,1,53.2457433290778,0.0237663352014216,"f"
4189,1,53.2469562827336,0.0237658912549832,"f"
4190,1,53.2481698541868,0.023765447101761,"f"
4191,1,53.249384014215,0.0237650027548598,"f"
4192,1,53.2505987335963,0.0237645582273842,"f"
4193,1,53.2518139831085,0.0237641135324389,"f"
4194,1,53.2530297335294,0.0237636686831286,"f"
4195,1,53.2542459556369,0.023763223692558,"f"
4196,1,53.2554626202089,0.0237627785738318,"f"
4197,1,53.2566796980232,0.0237623333400546,"f"
4198,1,53.2578971598577,0.0237618880043312,"f"
4199,1,53.2591149764902,0.0237614425797662,"f"
4200,1,53.2603331186986,0.0237609970794644,"f"
4201,1,53.2615515570654,0.0237605515163818,"f"
4202,1,53.2627702595214,0.0237601059014577,"f"
4203,1,53.2639891920862,0.0237596602441776,"f"
4204,1,53.2652083207372,0.0237592145539949,"f"
4205,1,53.2664276114519,0.0237587688403633,"f"
4206,1,53.2676470302077,0.0237583231127361,"f"
4207,1,53.268866542982,0.0237578773805669,"f"
4208,1,53.2700861157523,0.0237574316533092,"f"
4209,1,53.2713057144961,0.0237569859404165,"f"
4210,1,53.2725253051906,0.0237565402513422,"f"
4211,1,53.2737448538135,0.0237560945955398,"f"
4212,1,53.2749643263422,0.0237556489824629,"f"
4213,1,53.276183688754,0.023755203421565,"f"
4214,1,53.2774029070264,0.0237547579222994,"f"
4215,1,53.2786219471369,0.0237543124941198,"f"
4216,1,53.2798407750628,0.0237538671464796,"f"
4217,1,53.2810593567817,0.0237534218888322,"f"
4218,1,53.282277658271,0.0237529767306313,"f"
4219,1,53.283495645508,0.0237525316813303,"f"
4220,1,53.2847132844703,0.0237520867503826,"f"
4221,1,53.2859305411353,0.0237516419472418,"f"
4222,1,53.2871473814805,0.0237511972813614,"f"
4223,1,53.2883637714831,0.0237507527621949,"f"
4224,1,53.2895796771208,0.0237503083991956,"f"
4225,1,53.2907950643709,0.0237498642018173,"f"
4226,1,53.2920098992109,0.0237494201795132,"f"
4227,1,53.2932241476182,0.023748976341737,"f"
4228,1,53.2944377755702,0.0237485326979421,"f"
4229,1,53.2956507490445,0.0237480892575821,"f"
4230,1,53.2968630340184,0.0237476460301103,"f"
4231,1,53.2980745969478,0.0237472030248342,"f"
4232,1,53.2992854386831,0.0237467602405563,"f"
4233,1,53.3004956169405,0.0237463176587113,"f"
4234,1,53.3017051947685,0.0237458752591051,"f"
4235,1,53.3029142352155,0.0237454330215438,"f"
4236,1,53.3041228013299,0.0237449909258333,"f"
4237,1,53.3053309561603,0.0237445489517797,"f"
4238,1,53.306538762755,0.023744107079189,"f"
4239,1,53.3077462841624,0.0237436652878671,"f"
4240,1,53.308953583431,0.0237432235576202,"f"
4241,1,53.3101607236092,0.0237427818682543,"f"
4242,1,53.3113677677455,0.0237423401995753,"f"
4243,1,53.3125747788882,0.0237418985313892,"f"
4244,1,53.3137818200859,0.0237414568435021,"f"
4245,1,53.3149889543869,0.02374101511572,"f"
4246,1,53.3161962448398,0.0237405733278489,"f"
4247,1,53.3174037544928,0.0237401314596948,"f"
4248,1,53.3186115463946,0.0237396894910638,"f"
4249,1,53.3198196835934,0.0237392474017618,"f"
4250,1,53.3210282291377,0.0237388051715948,"f"
4251,1,53.322237246076,0.0237383627803689,"f"
4252,1,53.3234467974567,0.0237379202078901,"f"
4253,1,53.3246569463283,0.0237374774339644,"f"
4254,1,53.325867755739,0.0237370344383978,"f"
4255,1,53.3270792887375,0.0237365912009964,"f"
4256,1,53.3282916083722,0.0237361477015661,"f"
4257,1,53.3295047776914,0.0237357039199129,"f"
4258,1,53.3307188597436,0.0237352598358429,"f"
4259,1,53.3319339175772,0.0237348154291621,"f"
4260,1,53.3331500142407,0.0237343706796764,"f"
4261,1,53.3343672127825,0.023733925567192,"f"
4262,1,53.3355855723374,0.0237334800727367,"f"
4263,1,53.3368050995627,0.0237330341937229,"f"
4264,1,53.3380257636197,0.0237325879392697,"f"
4265,1,53.3392475328592,0.0237321413187495,"f"
4266,1,53.3404703756317,0.0237316943415346,"f"
4267,1,53.3416942602877,0.0237312470169974,"f"
4268,1,53.3429191551779,0.0237307993545103,"f"
4269,1,53.3441450286528,0.0237303513634455,"f"
4270,1,53.345371849063,0.0237299030531754,"f"
4271,1,53.346599584759,0.0237294544330724,"f"
4272,1,53.3478282040915,0.0237290055125088,"f"
4273,1,53.3490576754111,0.023728556300857,"f"
4274,1,53.3502879670682,0.0237281068074893,"f"
4275,1,53.3515190474136,0.0237276570417781,"f"
4276,1,53.3527508847977,0.0237272070130957,"f"
4277,1,53.3539834475712,0.0237267567308144,"f"
4278,1,53.3552167040846,0.0237263062043067,"f"
4279,1,53.3564506226885,0.0237258554429448,"f"
4280,1,53.3576851717335,0.0237254044561011,"f"
4281,1,53.3589203195701,0.023724953253148,"f"
4282,1,53.360156034549,0.0237245018434578,"f"
4283,1,53.3613922850207,0.0237240502364028,"f"
4284,1,53.3626290393359,0.0237235984413554,"f"
4285,1,53.3638662658449,0.023723146467688,"f"
4286,1,53.3651039328986,0.0237226943247729,"f"
4287,1,53.3663420088474,0.0237222420219824,"f"
4288,1,53.3675804620419,0.0237217895686889,"f"
4289,1,53.3688192608327,0.0237213369742647,"f"
4290,1,53.3700583735704,0.0237208842480823,"f"
4291,1,53.3712977686055,0.0237204313995138,"f"
4292,1,53.3725374142883,0.0237199784379515,"f"
4293,1,53.3737772789413,0.0237195253741646,"f"
4294,1,53.3750173308419,0.0237190722211802,"f"
4295,1,53.3762575382634,0.0237186189922347,"f"
4296,1,53.377497869479,0.0237181657005644,"f"
4297,1,53.3787382927618,0.0237177123594057,"f"
4298,1,53.3799787763851,0.0237172589819947,"f"
4299,1,53.3812192886221,0.023716805581568,"f"
4300,1,53.382459797746,0.0237163521713617,"f"
4301,1,53.38370027203,0.0237158987646123,"f"
4302,1,53.3849406797473,0.0237154453745559,"f"
4303,1,53.3861809891711,0.0237149920144291,"f"
4304,1,53.3874211685747,0.023714538697468,"f"
4305,1,53.3886611862312,0.023714085436909,"f"
4306,1,53.3899010104139,0.0237136322459884,"f"
4307,1,53.3911406093959,0.0237131791379426,"f"
4308,1,53.3923799514506,0.0237127261260079,"f"
4309,1,53.393619004851,0.0237122732234206,"f"
4310,1,53.3948577378703,0.023711820443417,"f"
4311,1,53.3960961187819,0.0237113677992334,"f"
4312,1,53.397334115859,0.0237109153041062,"f"
4313,1,53.3985716973746,0.0237104629712717,"f"
4314,1,53.399808831602,0.0237100108139662,"f"
4315,1,53.4010454868145,0.0237095588454261,"f"
4316,1,53.4022816312853,0.0237091070788876,"f"
4317,1,53.4035172332875,0.0237086555275871,"f"
4318,1,53.4047522610944,0.0237082042047609,"f"
4319,1,53.4059866829792,0.0237077531236453,"f"
4320,1,53.407220467215,0.0237073022974767,"f"
4321,1,53.4084535820752,0.0237068517394914,"f"
4322,1,53.4096859958328,0.0237064014629256,"f"
4323,1,53.4109176917503,0.0237059514751195,"f"
4324,1,53.4121487136338,0.0237055017595963,"f"
4325,1,53.4133791205739,0.023705052293867,"f"
4326,1,53.414608971661,0.0237046030554426,"f"
4327,1,53.4158383259857,0.0237041540218341,"f"
4328,1,53.4170672426383,0.0237037051705524,"f"
4329,1,53.4182957807094,0.0237032564791084,"f"
4330,1,53.4195239992895,0.0237028079250131,"f"
4331,1,53.4207519574691,0.0237023594857774,"f"
4332,1,53.4219797143387,0.0237019111389123,"f"
4333,1,53.4232073289887,0.0237014628619288,"f"
4334,1,53.4244348605097,0.0237010146323378,"f"
4335,1,53.4256623679921,0.0237005664276502,"f"
4336,1,53.4268899105264,0.0237001182253771,"f"
4337,1,53.4281175472031,0.0236996700030293,"f"
4338,1,53.4293453371128,0.0236992217381178,"f"
4339,1,53.4305733393458,0.0236987734081535,"f"
4340,1,53.4318016129927,0.0236983249906475,"f"
4341,1,53.433030217144,0.0236978764631106,"f"
4342,1,53.4342592108901,0.0236974278030538,"f"
4343,1,53.4354886533216,0.0236969789879881,"f"
4344,1,53.4367186035289,0.0236965299954244,"f"
4345,1,53.4379491206026,0.0236960808028737,"f"
4346,1,53.4391802636331,0.0236956313878469,"f"
4347,1,53.4404120917108,0.023695181727855,"f"
4348,1,53.4416446639264,0.0236947318004089,"f"
4349,1,53.4428780393703,0.0236942815830195,"f"
4350,1,53.4441122771329,0.0236938310531979,"f"
4351,1,53.4453474363048,0.023693380188455,"f"
4352,1,53.4465835759765,0.0236929289663017,"f"
4353,1,53.44782075484,0.0236924773643946,"f"
4354,1,53.4490590043516,0.0236920253703457,"f"
4355,1,53.4502983117171,0.0236915729879417,"f"
4356,1,53.4515386600877,0.0236911202224515,"f"
4357,1,53.4527800326143,0.023690667079144,"f"
4358,1,53.4540224124481,0.0236902135632879,"f"
4359,1,53.4552657827401,0.0236897596801522,"f"
4360,1,53.4565101266414,0.0236893054350056,"f"
4361,1,53.4577554273031,0.0236888508331171,"f"
4362,1,53.4590016678762,0.0236883958797555,"f"
4363,1,53.4602488315118,0.0236879405801895,"f"
4364,1,53.4614969013609,0.0236874849396882,"f"
4365,1,53.4627458605748,0.0236870289635202,"f"
4366,1,53.4639956923043,0.0236865726569546,"f"
4367,1,53.4652463797006,0.02368611602526,"f"
4368,1,53.4664979059148,0.0236856590737055,"f"
4369,1,53.467750254098,0.0236852018075597,"f"
4370,1,53.4690034074011,0.0236847442320916,"f"
4371,1,53.4702573489753,0.02368428635257,"f"
4372,1,53.4715120619717,0.0236838281742638,"f"
4373,1,53.4727675295413,0.0236833697024418,"f"
4374,1,53.4740237348352,0.0236829109423729,"f"
4375,1,53.4752806610044,0.0236824518993258,"f"
4376,1,53.4765382912001,0.0236819925785695,"f"
4377,1,53.4777966085733,0.0236815329853728,"f"
4378,1,53.479055596275,0.0236810731250046,"f"
4379,1,53.4803152374564,0.0236806130027337,"f"
4380,1,53.4815755152686,0.0236801526238289,"f"
4381,1,53.4828364128625,0.0236796919935592,"f"
4382,1,53.4840979133893,0.0236792311171932,"f"
4383,1,53.48536,0.02367877,"f"
4384,1,53.4866226507077,0.0236783086496347,"f"
4385,1,53.4878858229736,0.0236778470832982,"f"
4386,1,53.4891494691206,0.0236773853205778,"f"
4387,1,53.490413541472,0.0236769233810606,"f"
4388,1,53.4916779923507,0.023676461284334,"f"
4389,1,53.4929427740799,0.0236759990499851,"f"
4390,1,53.4942078389828,0.0236755366976013,"f"
4391,1,53.4954731393823,0.0236750742467698,"f"
4392,1,53.4967386276016,0.0236746117170778,"f"
4393,1,53.4980042559638,0.0236741491281126,"f"
4394,1,53.499269976792,0.0236736864994613,"f"
4395,1,53.5005357424093,0.0236732238507114,"f"
4396,1,53.5018015051387,0.02367276120145,"f"
4397,1,53.5030672173035,0.0236722985712643,"f"
4398,1,53.5043328312266,0.0236718359797417,"f"
4399,1,53.5055982992312,0.0236713734464693,"f"
4400,1,53.5068635736403,0.0236709109910344,"f"
4401,1,53.5081286067771,0.0236704486330243,"f"
4402,1,53.5093933509647,0.0236699863920261,"f"
4403,1,53.5106577585262,0.0236695242876272,"f"
4404,1,53.5119217817846,0.0236690623394149,"f"
4405,1,53.5131853730631,0.0236686005669762,"f"
4406,1,53.5144484846848,0.0236681389898986,"f"
4407,1,53.5157110689727,0.0236676776277692,"f"
4408,1,53.5169730782499,0.0236672165001753,"f"
4409,1,53.5182344648396,0.0236667556267041,"f"
4410,1,53.5194951810649,0.0236662950269429,"f"
4411,1,53.5207551792488,0.0236658347204789,"f"
4412,1,53.5220144117145,0.0236653747268994,"f"
4413,1,53.523272830785,0.0236649150657917,"f"
4414,1,53.5245303948142,0.0236644557543161,"f"
4415,1,53.5257871279724,0.023663996783149,"f"
4416,1,53.5270430949387,0.0236635381266659,"f"
4417,1,53.528298360985,0.0236630797590037,"f"
4418,1,53.5295529913834,0.0236626216542995,"f"
4419,1,53.5308070514058,0.0236621637866904,"f"
4420,1,53.5320606063239,0.0236617061303134,"f"
4421,1,53.5333137214098,0.0236612486593056,"f"
4422,1,53.5345664619354,0.0236607913478038,"f"
4423,1,53.5358188931725,0.0236603341699453,"f"
4424,1,53.5370710803932,0.023659877099867,"f"
4425,1,53.5383230888692,0.023659420111706,"f"
4426,1,53.5395749838725,0.0236589631795993,"f"
4427,1,53.5408268306751,0.023658506277684,"f"
4428,1,53.5420786945488,0.023658049380097,"f"
4429,1,53.5433306407656,0.0236575924609754,"f"
4430,1,53.5445827345974,0.0236571354944563,"f"
4431,1,53.545835041316,0.0236566784546766,"f"
4432,1,53.5470876261934,0.0236562213157735,"f"
4433,1,53.5483405545015,0.0236557640518839,"f"
4434,1,53.5495938915123,0.0236553066371449,"f"
4435,1,53.5508477024976,0.0236548490456936,"f"
4436,1,53.5521020527293,0.0236543912516669,"f"
4437,1,53.5533570074794,0.0236539332292019,"f"
4438,1,53.5546126320198,0.0236534749524356,"f"
4439,1,53.5558689916224,0.0236530163955051,"f"
4440,1,53.557126151559,0.0236525575325474,"f"
4441,1,53.5583841771017,0.0236520983376995,"f"
4442,1,53.5596431335224,0.0236516387850986,"f"
4443,1,53.5609030860928,0.0236511788488815,"f"
4444,1,53.562164100085,0.0236507185031854,"f"
4445,1,53.563426224608,0.0236502577287528,"f"
4446,1,53.5646894447462,0.0236497965324922,"f"
4447,1,53.5659537297335,0.02364933492779,"f"
4448,1,53.5672190488035,0.0236488729280326,"f"
4449,1,53.56848537119,0.0236484105466065,"f"
4450,1,53.5697526661267,0.0236479477968982,"f"
4451,1,53.5710209028474,0.023647484692294,"f"
4452,1,53.5722900505858,0.0236470212461804,"f"
4453,1,53.5735600785756,0.0236465574719438,"f"
4454,1,53.5748309560505,0.0236460933829707,"f"
4455,1,53.5761026522444,0.0236456289926475,"f"
4456,1,53.5773751363908,0.0236451643143606,"f"
4457,1,53.5786483777237,0.0236446993614965,"f"
4458,1,53.5799223454766,0.0236442341474416,"f"
4459,1,53.5811970088834,0.0236437686855824,"f"
4460,1,53.5824723371778,0.0236433029893052,"f"
4461,1,53.5837482995935,0.0236428370719965,"f"
4462,1,53.5850248653642,0.0236423709470428,"f"
4463,1,53.5863020037237,0.0236419046278305,"f"
4464,1,53.5875796839057,0.023641438127746,"f"
4465,1,53.5888578751439,0.0236409714601757,"f"
4466,1,53.5901365466721,0.0236405046385061,"f"
4467,1,53.5914156677241,0.0236400376761237,"f"
4468,1,53.5926952075335,0.0236395705864148,"f"
4469,1,53.593975135334,0.0236391033827659,"f"
4470,1,53.5952554203595,0.0236386360785635,"f"
4471,1,53.5965360318437,0.0236381686871939,"f"
4472,1,53.5978169390202,0.0236377012220436,"f"
4473,1,53.5990981111229,0.0236372336964991,"f"
4474,1,53.6003795173855,0.0236367661239467,"f"
4475,1,53.601661126714,0.023636298517622,"f"
4476,1,53.6029429044799,0.0236358308891316,"f"
4477,1,53.6042248138984,0.0236353632490884,"f"
4478,1,53.6055068181534,0.0236348956080911,"f"
4479,1,53.6067888804291,0.0236344279767384,"f"
4480,1,53.6080709639098,0.023633960365629,"f"
4481,1,53.6093530317796,0.0236334927853617,"f"
4482,1,53.6106350472227,0.0236330252465352,"f"
4483,1,53.6119169734233,0.0236325577597481,"f"
4484,1,53.6131987735654,0.0236320903355991,"f"
4485,1,53.6144804108333,0.0236316229846871,"f"
4486,1,53.6157618484112,0.0236311557176107,"f"
4487,1,53.6170430494832,0.0236306885449685,"f"
4488,1,53.6183239772335,0.0236302214773594,"f"
4489,1,53.6196045948462,0.023629754525382,"f"
4490,1,53.6208848655056,0.0236292876996351,"f"
4491,1,53.6221647523958,0.0236288210107173,"f"
4492,1,53.6234442187009,0.0236283544692273,"f"
4493,1,53.6247232276052,0.023627888085764,"f"
4494,1,53.6260017422928,0.0236274218709259,"f"
4495,1,53.6272797259479,0.0236269558353118,"f"
4496,1,53.6285571417546,0.0236264899895204,"f"
4497,1,53.6298339528972,0.0236260243441505,"f"
4498,1,53.6311101225597,0.0236255589098006,"f"
4499,1,53.6323856139264,0.0236250936970696,"f"
4500,1,53.6336603901815,0.0236246287165562,"f"
4501,1,53.634934414509,0.023624163978859,"f"
4502,1,53.6362076500932,0.0236236994945768,"f"
4503,1,53.6374800601182,0.0236232352743083,"f"
4504,1,53.6387516077682,0.0236227713286521,"f"
4505,1,53.6400222571171,0.0236223076679332,"f"
4506,1,53.6412920133782,0.0236218442898122,"f"
4507,1,53.6425609393422,0.0236213811742254,"f"
4508,1,53.6438291020935,0.0236209182997873,"f"
4509,1,53.6450965687165,0.0236204556451125,"f"
4510,1,53.6463634062958,0.0236199931888156,"f"
4511,1,53.6476296819159,0.0236195309095109,"f"
4512,1,53.6488954626613,0.0236190687858132,"f"
4513,1,53.6501608156165,0.0236186067963368,"f"
4514,1,53.651425807866,0.0236181449196964,"f"
4515,1,53.6526905064943,0.0236176831345065,"f"
4516,1,53.6539549785858,0.0236172214193815,"f"
4517,1,53.6552192912252,0.0236167597529361,"f"
4518,1,53.6564835114968,0.0236162981137847,"f"
4519,1,53.6577477064852,0.0236158364805419,"f"
4520,1,53.6590119432749,0.0236153748318222,"f"
4521,1,53.6602762889504,0.0236149131462402,"f"
4522,1,53.6615408105961,0.0236144514024103,"f"
4523,1,53.6628055752967,0.0236139895789471,"f"
4524,1,53.6640706501365,0.0236135276544652,"f"
4525,1,53.6653361022001,0.023613065607579,"f"
4526,1,53.6666019985719,0.0236126034169031,"f"
4527,1,53.6678684063366,0.023612141061052,"f"
4528,1,53.6691353925785,0.0236116785186403,"f"
4529,1,53.6704030243822,0.0236112157682824,"f"
4530,1,53.6716713688321,0.023610752788593,"f"
4531,1,53.6729404930129,0.0236102895581865,"f"
4532,1,53.6742104640089,0.0236098260556775,"f"
4533,1,53.6754813489047,0.0236093622596804,"f"
4534,1,53.6767532147847,0.0236088981488099,"f"
4535,1,53.6780261287336,0.0236084337016805,"f"
4536,1,53.6793001522766,0.0236079688986272,"f"
4537,1,53.6805752876532,0.0236075037383346,"f"
4538,1,53.6818515012444,0.0236070382305857,"f"
4539,1,53.6831287589326,0.0236065723853176,"f"
4540,1,53.6844070266002,0.0236061062124678,"f"
4541,1,53.6856862701294,0.0236056397219736,"f"
4542,1,53.6869664554025,0.0236051729237722,"f"
4543,1,53.6882475483019,0.0236047058278009,"f"
4544,1,53.68952951471,0.023604238443997,"f"
4545,1,53.6908123205089,0.0236037707822979,"f"
4546,1,53.692095931581,0.0236033028526409,"f"
4547,1,53.6933803138087,0.0236028346649632,"f"
4548,1,53.6946654330743,0.0236023662292022,"f"
4549,1,53.69595125526,0.0236018975552951,"f"
4550,1,53.6972377462483,0.0236014286531793,"f"
4551,1,53.6985248719214,0.023600959532792,"f"
4552,1,53.6998125981616,0.0236004902040706,"f"
4553,1,53.7011008908513,0.0236000206769524,"f"
4554,1,53.7023897158727,0.0235995509613746,"f"
4555,1,53.7036790391083,0.0235990810672746,"f"
4556,1,53.7049688264403,0.0235986110045897,"f"
4557,1,53.7062590437509,0.0235981407832572,"f"
4558,1,53.7075496569227,0.0235976704132144,"f"
4559,1,53.7088406318378,0.0235971999043985,"f"
4560,1,53.7101319343786,0.023596729266747,"f"
4561,1,53.7114235304275,0.023596258510197,"f"
4562,1,53.7127153858666,0.0235957876446859,"f"
4563,1,53.7140074665784,0.023595316680151,"f"
4564,1,53.7152997384452,0.0235948456265296,"f"
4565,1,53.7165921673492,0.0235943744937591,"f"
4566,1,53.7178847191664,0.0235939032918105,"f"
4567,1,53.7191773594838,0.0235934320321898,"f"
4568,1,53.7204700534872,0.0235929607285323,"f"
4569,1,53.7217627663328,0.0235924893946304,"f"
4570,1,53.723055463177,0.0235920180442763,"f"
4571,1,53.7243481091761,0.0235915466912621,"f"
4572,1,53.7256406694863,0.0235910753493803,"f"
4573,1,53.7269331092641,0.0235906040324231,"f"
4574,1,53.7282253936656,0.0235901327541826,"f"
4575,1,53.7295174878473,0.0235896615284512,"f"
4576,1,53.7308093569653,0.023589190369021,"f"
4577,1,53.7321009661761,0.0235887192896845,"f"
4578,1,53.7333922806359,0.0235882483042338,"f"
4579,1,53.734683265501,0.0235877774264611,"f"
4580,1,53.7359738859277,0.0235873066701587,"f"
4581,1,53.7372641070723,0.023586836049119,"f"
4582,1,53.7385538940912,0.0235863655771341,"f"
4583,1,53.7398432121406,0.0235858952679962,"f"
4584,1,53.7411320263768,0.0235854251354977,"f"
4585,1,53.7424203019562,0.0235849551934308,"f"
4586,1,53.743708004035,0.0235844854555878,"f"
4587,1,53.7449950977696,0.0235840159357608,"f"
4588,1,53.7462815483162,0.0235835466477422,"f"
4589,1,53.7475673208312,0.0235830776053243,"f"
4590,1,53.7488523804709,0.0235826088222992,"f"
4591,1,53.7501366923915,0.0235821403124592,"f"
4592,1,53.7514202217494,0.0235816720895966,"f"
4593,1,53.7527029337009,0.0235812041675037,"f"
4594,1,53.7539847934023,0.0235807365599726,"f"
4595,1,53.7552657660098,0.0235802692807957,"f"
4596,1,53.7565458166834,0.0235798023437638,"f"
4597,1,53.7578249305929,0.0235793357551763,"f"
4598,1,53.7591031599575,0.0235788694962294,"f"
4599,1,53.7603805710241,0.0235784035428674,"f"
4600,1,53.7616572300394,0.0235779378710349,"f"
4601,1,53.7629332032501,0.0235774724566763,"f"
4602,1,53.7642085569031,0.0235770072757359,"f"
4603,1,53.765483357245,0.0235765423041582,"f"
4604,1,53.7667576705227,0.0235760775178876,"f"
4605,1,53.7680315629829,0.0235756128928685,"f"
4606,1,53.7693051008723,0.0235751484050453,"f"
4607,1,53.7705783504378,0.0235746840303626,"f"
4608,1,53.7718513779261,0.0235742197447646,"f"
4609,1,53.7731242495839,0.0235737555241958,"f"
4610,1,53.7743970316581,0.0235732913446006,"f"
4611,1,53.7756697903953,0.0235728271819235,"f"
4612,1,53.7769425920424,0.0235723630121089,"f"
4613,1,53.778215502846,0.0235718988111011,"f"
4614,1,53.7794885890531,0.0235714345548446,"f"
4615,1,53.7807619169103,0.0235709702192839,"f"
4616,1,53.7820355526643,0.0235705057803633,"f"
4617,1,53.783309562562,0.0235700412140272,"f"
4618,1,53.7845840128502,0.0235695764962202,"f"
4619,1,53.7858589697755,0.0235691116028865,"f"
4620,1,53.7871344995847,0.0235686465099706,"f"
4621,1,53.7884106685247,0.023568181193417,"f"
4622,1,53.7896875428421,0.0235677156291701,"f"
4623,1,53.7909651887837,0.0235672497931742,"f"
4624,1,53.7922436725964,0.0235667836613738,"f"
4625,1,53.7935230605268,0.0235663172097134,"f"
4626,1,53.7948034188217,0.0235658504141373,"f"
4627,1,53.7960848128087,0.0235653832509229,"f"
4628,1,53.7973672670244,0.0235649157111273,"f"
4629,1,53.7986507498888,0.0235644478061396,"f"
4630,1,53.79993522574,0.0235639795488279,"f"
4631,1,53.8012206589156,0.0235635109520605,"f"
4632,1,53.8025070137534,0.0235630420287057,"f"
4633,1,53.8037942545915,0.0235625727916316,"f"
4634,1,53.8050823457674,0.0235621032537065,"f"
4635,1,53.8063712516192,0.0235616334277986,"f"
4636,1,53.8076609364846,0.0235611633267762,"f"
4637,1,53.8089513647014,0.0235606929635075,"f"
4638,1,53.8102425006074,0.0235602223508607,"f"
4639,1,53.8115343085406,0.023559751501704,"f"
4640,1,53.8128267528387,0.0235592804289058,"f"
4641,1,53.8141197978395,0.0235588091453341,"f"
4642,1,53.8154134078809,0.0235583376638573,"f"
4643,1,53.8167075473007,0.0235578659973436,"f"
4644,1,53.8180021804367,0.0235573941586612,"f"
4645,1,53.8192972716268,0.0235569221606783,"f"
4646,1,53.8205927852088,0.0235564500162632,"f"
4647,1,53.8218886855205,0.0235559777382841,"f"
4648,1,53.8231849368998,0.0235555053396092,"f"
4649,1,53.8244815036844,0.0235550328331068,"f"
4650,1,53.8257783502122,0.023554560231645,"f"
4651,1,53.8270754408211,0.0235540875480922,"f"
4652,1,53.8283727398488,0.0235536147953166,"f"
4653,1,53.8296702116332,0.0235531419861863,"f"
4654,1,53.8309678205121,0.0235526691335697,"f"
4655,1,53.8322655308233,0.0235521962503349,"f"
4656,1,53.8335633069047,0.0235517233493502,"f"
4657,1,53.8348611130945,0.0235512504434837,"f"
4658,1,53.836158915583,0.0235507775448893,"f"
4659,1,53.8374566867068,0.0235503046633512,"f"
4660,1,53.8387544000758,0.0235498318081628,"f"
4661,1,53.8400520293002,0.0235493589886171,"f"
4662,1,53.8413495479899,0.0235488862140074,"f"
4663,1,53.8426469297548,0.023548413493627,"f"
4664,1,53.843944148205,0.0235479408367691,"f"
4665,1,53.8452411769504,0.0235474682527269,"f"
4666,1,53.8465379896011,0.0235469957507936,"f"
4667,1,53.847834559767,0.0235465233402625,"f"
4668,1,53.8491308610581,0.0235460510304268,"f"
4669,1,53.8504268670844,0.0235455788305797,"f"
4670,1,53.8517225514558,0.0235451067500145,"f"
4671,1,53.8530178877825,0.0235446347980244,"f"
4672,1,53.8543128496743,0.0235441629839026,"f"
4673,1,53.8556074107412,0.0235436913169423,"f"
4674,1,53.8569015445933,0.0235432198064369,"f"
4675,1,53.8581952248405,0.0235427484616794,"f"
4676,1,53.8594884250928,0.0235422772919632,"f"
4677,1,53.8607811189603,0.0235418063065814,"f"
4678,1,53.8620732800527,0.0235413355148273,"f"
4679,1,53.8633648819803,0.0235408649259942,"f"
4680,1,53.8646558983529,0.0235403945493752,"f"
4681,1,53.8659463027806,0.0235399243942636,"f"
4682,1,53.8672360688733,0.0235394544699526,"f"
4683,1,53.868525170241,0.0235389847857355,"f"
4684,1,53.8698135804938,0.0235385153509054,"f"
4685,1,53.8711012732415,0.0235380461747556,"f"
4686,1,53.8723882220942,0.0235375772665794,"f"
4687,1,53.8736744006619,0.0235371086356699,"f"
4688,1,53.8749597870559,0.0235366402897455,"f"
4689,1,53.8762443989937,0.0235361722226667,"f"
4690,1,53.8775282747687,0.0235357044210953,"f"
4691,1,53.8788114528495,0.0235352368716311,"f"
4692,1,53.880093971705,0.0235347695608745,"f"
4693,1,53.8813758698041,0.0235343024754255,"f"
4694,1,53.8826571856154,0.0235338356018842,"f"
4695,1,53.883937957608,0.0235333689268507,"f"
4696,1,53.8852182242504,0.0235329024369252,"f"
4697,1,53.8864980240117,0.0235324361187077,"f"
4698,1,53.8877773953605,0.0235319699587984,"f"
4699,1,53.8890563767656,0.0235315039437974,"f"
4700,1,53.890335006696,0.0235310380603048,"f"
4701,1,53.8916133236204,0.0235305722949207,"f"
4702,1,53.8928913660076,0.0235301066342453,"f"
4703,1,53.8941691723265,0.0235296410648787,"f"
4704,1,53.8954467810457,0.0235291755734209,"f"
4705,1,53.8967242306342,0.0235287101464721,"f"
4706,1,53.8980015595608,0.0235282447706323,"f"
4707,1,53.8992788062943,0.0235277794325019,"f"
4708,1,53.9005560093034,0.0235273141186807,"f"
4709,1,53.9018332070571,0.023526848815769,"f"
4710,1,53.903110438024,0.0235263835103669,"f"
4711,1,53.9043877406731,0.0235259181890744,"f"
4712,1,53.9056651534731,0.0235254528384918,"f"
4713,1,53.9069427148928,0.023524987445219,"f"
4714,1,53.9082204634011,0.0235245219958563,"f"
4715,1,53.9094984374667,0.0235240564770037,"f"
4716,1,53.9107766755585,0.0235235908752614,"f"
4717,1,53.9120552161453,0.0235231251772295,"f"
4718,1,53.9133340976972,0.0235226593695075,"f"
4719,1,53.9146133640281,0.0235221934365789,"f"
4720,1,53.9158930765164,0.0235217273559713,"f"
4721,1,53.9171733001439,0.0235212611037853,"f"
4722,1,53.918454099892,0.0235207946561217,"f"
4723,1,53.9197355407425,0.0235203279890812,"f"
4724,1,53.921017687677,0.0235198610787645,"f"
4725,1,53.922300605677,0.0235193939012722,"f"
4726,1,53.9235843597242,0.0235189264327051,"f"
4727,1,53.9248690148003,0.0235184586491639,"f"
4728,1,53.9261546358868,0.0235179905267493,"f"
4729,1,53.9274412879654,0.023517522041562,"f"
4730,1,53.9287290360177,0.0235170531697026,"f"
4731,1,53.9300179450254,0.0235165838872719,"f"
4732,1,53.93130807997,0.0235161141703706,"f"
4733,1,53.9325995058332,0.0235156439950994,"f"
4734,1,53.9338922875967,0.023515173337559,"f"
4735,1,53.935186490242,0.0235147021738501,"f"
4736,1,53.9364821787507,0.0235142304800734,"f"
4737,1,53.9377794181046,0.0235137582323296,"f"
4738,1,53.9390782732852,0.0235132854067193,"f"
4739,1,53.9403788092742,0.0235128119793434,"f"
4740,1,53.9416810910531,0.0235123379263024,"f"
4741,1,53.9429851836036,0.0235118632236972,"f"
4742,1,53.9442911519074,0.0235113878476283,"f"
4743,1,53.945599060946,0.0235109117741966,"f"
4744,1,53.9469089757011,0.0235104349795026,"f"
4745,1,53.9482209611543,0.0235099574396472,"f"
4746,1,53.9495350822873,0.023509479130731,"f"
4747,1,53.9508514040816,0.0235090000288546,"f"
4748,1,53.9521699915189,0.0235085201101189,"f"
4749,1,53.9534908953948,0.0235080393557453,"f"
4750,1,53.9548140430334,0.0235075577915247,"f"
4751,1,53.9561392981844,0.0235070754661969,"f"
4752,1,53.9574665240719,0.0235065924286911,"f"
4753,1,53.9587955839202,0.0235061087279366,"f"
4754,1,53.9601263409533,0.0235056244128626,"f"
4755,1,53.9614586583956,0.0235051395323986,"f"
4756,1,53.9627923994713,0.0235046541354737,"f"
4757,1,53.9641274274044,0.0235041682710172,"f"
4758,1,53.9654636054192,0.0235036819879584,"f"
4759,1,53.9668007967399,0.0235031953352267,"f"
4760,1,53.9681388645906,0.0235027083617512,"f"
4761,1,53.9694776721957,0.0235022211164613,"f"
4762,1,53.9708170827791,0.0235017336482863,"f"
4763,1,53.9721569595653,0.0235012460061554,"f"
4764,1,53.9734971657782,0.0235007582389979,"f"
4765,1,53.9748375646422,0.0235002703957432,"f"
4766,1,53.9761780193814,0.0234997825253204,"f"
4767,1,53.97751839322,0.0234992946766589,"f"
4768,1,53.9788585493822,0.023498806898688,"f"
4769,1,53.9801983510921,0.0234983192403369,"f"
4770,1,53.9815376615741,0.0234978317505349,"f"
4771,1,53.9828763440522,0.0234973444782113,"f"
4772,1,53.9842142617507,0.0234968574722955,"f"
4773,1,53.9855512778937,0.0234963707817166,"f"
4774,1,53.9868872557055,0.023495884455404,"f"
4775,1,53.9882220584102,0.0234953985422869,"f"
4776,1,53.989555549232,0.0234949130912947,"f"
4777,1,53.9908875913951,0.0234944281513566,"f"
4778,1,53.9922180481237,0.0234939437714019,"f"
4779,1,53.9935467857947,0.0234934599992433,"f"
4780,1,53.9948737717627,0.0234929768469327,"f"
4781,1,53.9961990932797,0.0234924942840604,"f"
4782,1,53.9975228445693,0.0234920122777477,"f"
4783,1,53.9988451198552,0.0234915307951162,"f"
4784,1,54.0001660133611,0.0234910498032872,"f"
4785,1,54.0014856193104,0.0234905692693821,"f"
4786,1,54.002804031927,0.0234900891605223,"f"
4787,1,54.0041213454343,0.0234896094438292,"f"
4788,1,54.0054376540561,0.0234891300864242,"f"
4789,1,54.0067530520159,0.0234886510554288,"f"
4790,1,54.0080676335374,0.0234881723179643,"f"
4791,1,54.0093814928442,0.0234876938411521,"f"
4792,1,54.0106947241599,0.0234872155921137,"f"
4793,1,54.0120074217082,0.0234867375379703,"f"
4794,1,54.0133196797128,0.0234862596458435,"f"
4795,1,54.0146315923972,0.0234857818828547,"f"
4796,1,54.015943253985,0.0234853042161252,"f"
4797,1,54.0172547586999,0.0234848266127764,"f"
4798,1,54.0185662007656,0.0234843490399298,"f"
4799,1,54.0198776744056,0.0234838714647068,"f"
4800,1,54.0211892738435,0.0234833938542286,"f"
4801,1,54.0225010933031,0.0234829161756169,"f"
4802,1,54.023813227008,0.0234824383959929,"f"
4803,1,54.0251257691817,0.0234819604824781,"f"
4804,1,54.0264388140479,0.0234814824021938,"f"
4805,1,54.0277524558302,0.0234810041222615,"f"
4806,1,54.0290667887524,0.0234805256098026,"f"
4807,1,54.0303819070378,0.0234800468319384,"f"
4808,1,54.0316979049104,0.0234795677557904,"f"
4809,1,54.0330148765935,0.02347908834848,"f"
4810,1,54.034332906221,0.0234786085805859,"f"
4811,1,54.0356519910514,0.0234781284524541,"f"
4812,1,54.03697208401,0.0234776479796214,"f"
4813,1,54.0382931376674,0.0234771671777461,"f"
4814,1,54.039615104594,0.0234766860624864,"f"
4815,1,54.0409379373603,0.0234762046495007,"f"
4816,1,54.0422615885369,0.0234757229544472,"f"
4817,1,54.0435860106942,0.0234752409929843,"f"
4818,1,54.0449111564028,0.0234747587807702,"f"
4819,1,54.0462369782332,0.0234742763334632,"f"
4820,1,54.0475634287558,0.0234737936667216,"f"
4821,1,54.0488904605413,0.0234733107962037,"f"
4822,1,54.0502180261601,0.0234728277375677,"f"
4823,1,54.0515460781827,0.0234723445064721,"f"
4824,1,54.0528745691796,0.023471861118575,"f"
4825,1,54.0542034517213,0.0234713775895347,"f"
4826,1,54.0555326783784,0.0234708939350096,"f"
4827,1,54.0568622017214,0.0234704101706579,"f"
4828,1,54.0581919743207,0.023469926312138,"f"
4829,1,54.0595219487469,0.023469442375108,"f"
4830,1,54.0608520775705,0.0234689583752264,"f"
4831,1,54.0621823133619,0.0234684743281513,"f"
4832,1,54.0635126086918,0.0234679902495411,"f"
4833,1,54.0648429161306,0.0234675061550541,"f"
4834,1,54.0661731882489,0.0234670220603485,"f"
4835,1,54.067503377617,0.0234665379810827,"f"
4836,1,54.0688334368057,0.023466053932915,"f"
4837,1,54.0701633183852,0.0234655699315035,"f"
4838,1,54.0714929749263,0.0234650859925067,"f"
4839,1,54.0728223589993,0.0234646021315827,"f"
4840,1,54.0741514233807,0.0234641183643472,"f"
4841,1,54.0754801273285,0.0234636347050688,"f"
4842,1,54.0768084377311,0.0234631511664305,"f"
4843,1,54.0781363219147,0.0234626677610246,"f"
4844,1,54.0794637472055,0.0234621845014432,"f"
4845,1,54.0807906809298,0.0234617014002784,"f"
4846,1,54.0821170904138,0.0234612184701224,"f"
4847,1,54.0834429429836,0.0234607357235673,"f"
4848,1,54.0847682059655,0.0234602531732053,"f"
4849,1,54.0860928466857,0.0234597708316285,"f"
4850,1,54.0874168324704,0.0234592887114291,"f"
4851,1,54.0887401306457,0.0234588068251991,"f"
4852,1,54.090062708538,0.0234583251855308,"f"
4853,1,54.0913845334734,0.0234578438050164,"f"
4854,1,54.0927055727781,0.0234573626962478,"f"
4855,1,54.0940257937784,0.0234568818718174,"f"
4856,1,54.0953451638004,0.0234564013443172,"f"
4857,1,54.0966636501704,0.0234559211263393,"f"
4858,1,54.0979812202145,0.023455441230476,"f"
4859,1,54.099297841259,0.0234549616693194,"f"
4860,1,54.10061348063,0.0234544824554616,"f"
4861,1,54.1019281056539,0.0234540036014948,"f"
4862,1,54.1032416836567,0.023453525120011,"f"
4863,1,54.1045541819648,0.0234530470236026,"f"
4864,1,54.1058655679042,0.0234525693248615,"f"
4865,1,54.1071758088013,0.02345209203638,"f"
4866,1,54.1084848719822,0.0234516151707502,"f"
4867,1,54.1097927247731,0.0234511387405642,"f"
4868,1,54.1110993345003,0.0234506627584142,"f"
4869,1,54.11240466849,0.0234501872368923,"f"
4870,1,54.1137086940972,0.0234497121885802,"f"
4871,1,54.1150114011997,0.0234492376178339,"f"
4872,1,54.1163128424881,0.0234487635060697,"f"
4873,1,54.1176130815177,0.0234482898307359,"f"
4874,1,54.1189121818436,0.023447816569281,"f"
4875,1,54.1202102070211,0.0234473436991533,"f"
4876,1,54.1215072206053,0.0234468711978013,"f"
4877,1,54.1228032861514,0.0234463990426732,"f"
4878,1,54.1240984672146,0.0234459272112176,"f"
4879,1,54.1253928273502,0.0234454556808827,"f"
4880,1,54.1266864301133,0.0234449844291171,"f"
4881,1,54.1279793390591,0.023444513433369,"f"
4882,1,54.1292716177428,0.0234440426710869,"f"
4883,1,54.1305633297196,0.0234435721197191,"f"
4884,1,54.1318545385447,0.0234431017567141,"f"
4885,1,54.1331453077733,0.0234426315595202,"f"
4886,1,54.1344357009606,0.0234421615055859,"f"
4887,1,54.1357257816618,0.0234416915723594,"f"
4888,1,54.1370156134321,0.0234412217372893,"f"
4889,1,54.1383052598267,0.0234407519778239,"f"
4890,1,54.1395947844007,0.0234402822714115,"f"
4891,1,54.1408842507094,0.0234398125955007,"f"
4892,1,54.1421737223081,0.0234393429275397,"f"
4893,1,54.1434632627517,0.023438873244977,"f"
4894,1,54.1447529355957,0.0234384035252609,"f"
4895,1,54.1460428043951,0.0234379337458398,"f"
4896,1,54.1473329327051,0.0234374638841622,"f"
4897,1,54.1486233840811,0.0234369939176764,"f"
4898,1,54.149914222078,0.0234365238238308,"f"
4899,1,54.1512055102512,0.0234360535800739,"f"
4900,1,54.1524973121559,0.0234355831638539,"f"
4901,1,54.1537896899115,0.023435112553103,"f"
4902,1,54.1550826612317,0.0234346417407143,"f"
4903,1,54.1563761919941,0.0234341707370453,"f"
4904,1,54.1576702451431,0.0234336995534418,"f"
4905,1,54.1589647836232,0.0234332282012495,"f"
4906,1,54.1602597703788,0.0234327566918141,"f"
4907,1,54.1615551683545,0.0234322850364813,"f"
4908,1,54.1628509404947,0.0234318132465968,"f"
4909,1,54.1641470497438,0.0234313413335064,"f"
4910,1,54.1654434590464,0.0234308693085559,"f"
4911,1,54.1667401313469,0.0234303971830908,"f"
4912,1,54.1680370295898,0.0234299249684569,"f"
4913,1,54.1693341167196,0.023429452676,"f"
4914,1,54.1706313556808,0.0234289803170658,"f"
4915,1,54.1719287094177,0.0234285079029999,"f"
4916,1,54.173226140875,0.0234280354451482,"f"
4917,1,54.174523612997,0.0234275629548563,"f"
4918,1,54.1758210887283,0.02342709044347,"f"
4919,1,54.1771185310133,0.0234266179223349,"f"
4920,1,54.1784159027965,0.0234261454027968,"f"
4921,1,54.1797131670223,0.0234256728962015,"f"
4922,1,54.1810102866353,0.0234252004138946,"f"
4923,1,54.1823072245799,0.0234247279672218,"f"
4924,1,54.1836039438005,0.023424255567529,"f"
4925,1,54.1849004072418,0.0234237832261617,"f"
4926,1,54.1861965778481,0.0234233109544658,"f"
4927,1,54.1874924185638,0.0234228387637869,"f"
4928,1,54.1887878923336,0.0234223666654707,"f"
4929,1,54.1900829621018,0.0234218946708631,"f"
4930,1,54.1913775908129,0.0234214227913096,"f"
4931,1,54.1926717414121,0.0234209510381571,"f"
4932,1,54.1939653773123,0.0234204794234999,"f"
4933,1,54.1952584632191,0.0234200079614976,"f"
4934,1,54.1965509640594,0.0234195366666635,"f"
4935,1,54.1978428447601,0.023419065553511,"f"
4936,1,54.199134070248,0.0234185946365533,"f"
4937,1,54.2004246054501,0.0234181239303038,"f"
4938,1,54.2017144152933,0.0234176534492757,"f"
4939,1,54.2030034647045,0.0234171832079825,"f"
4940,1,54.2042917186106,0.0234167132209373,"f"
4941,1,54.2055791419384,0.0234162435026536,"f"
4942,1,54.2068656996149,0.0234157740676446,"f"
4943,1,54.208151356567,0.0234153049304236,"f"
4944,1,54.2094360777216,0.023414836105504,"f"
4945,1,54.2107198280056,0.0234143676073991,"f"
4946,1,54.2120025723459,0.0234138994506222,"f"
4947,1,54.2132842756693,0.0234134316496865,"f"
4948,1,54.2145649029028,0.0234129642191055,"f"
4949,1,54.2158444189734,0.0234124971733924,"f"
4950,1,54.2171227888077,0.0234120305270605,"f"
4951,1,54.2183999773329,0.0234115642946232,"f"
4952,1,54.2196759494758,0.0234110984905938,"f"
4953,1,54.2209506701632,0.0234106331294855,"f"
4954,1,54.2222241043222,0.0234101682258118,"f"
4955,1,54.2234962168795,0.0234097037940858,"f"
4956,1,54.2247669727621,0.023409239848821,"f"
4957,1,54.2260363368969,0.0234087764045306,"f"
4958,1,54.2273042742108,0.0234083134757279,"f"
4959,1,54.2285707496306,0.0234078510769263,"f"
4960,1,54.2298357280834,0.0234073892226391,"f"
4961,1,54.2310991744959,0.0234069279273796,"f"
4962,1,54.2323610623978,0.0234064672023545,"f"
4963,1,54.2336214270425,0.0234060070350455,"f"
4964,1,54.2348803306387,0.0234055474025737,"f"
4965,1,54.2361378355081,0.0234050882820166,"f"
4966,1,54.237394003972,0.0234046296504518,"f"
4967,1,54.238648898352,0.0234041714849571,"f"
4968,1,54.2399025809694,0.02340371376261,"f"
4969,1,54.2411551141458,0.0234032564604881,"f"
4970,1,54.2424065602026,0.0234027995556692,"f"
4971,1,54.2436569814613,0.0234023430252307,"f"
4972,1,54.2449064402434,0.0234018868462504,"f"
4973,1,54.2461549988703,0.0234014309958058,"f"
4974,1,54.2474027196636,0.0234009754509746,"f"
4975,1,54.2486496649446,0.0234005201888345,"f"
4976,1,54.2498958970349,0.0234000651864629,"f"
4977,1,54.2511414782558,0.0233996104209377,"f"
4978,1,54.252386470929,0.0233991558693364,"f"
4979,1,54.2536309373758,0.0233987015087366,"f"
4980,1,54.2548749399178,0.0233982473162159,"f"
4981,1,54.2561185408764,0.023397793268852,"f"
4982,1,54.257361802573,0.0233973393437226,"f"
4983,1,54.2586047873291,0.0233968855179052,"f"
4984,1,54.2598475574663,0.0233964317684774,"f"
4985,1,54.2610901753059,0.023395978072517,"f"
4986,1,54.2623327031695,0.0233955244071014,"f"
4987,1,54.2635752033785,0.0233950707493085,"f"
4988,1,54.2648177382544,0.0233946170762157,"f"
4989,1,54.2660603701186,0.0233941633649007,"f"
4990,1,54.2673031612926,0.0233937095924411,"f"
4991,1,54.268546174098,0.0233932557359146,"f"
4992,1,54.269789470822,0.0233928017724108,"f"
4993,1,54.271033090696,0.0233923476871358,"f"
4994,1,54.2722770098489,0.02339189348751,"f"
4995,1,54.2735211937115,0.0233914391847196,"f"
4996,1,54.2747656077148,0.0233909847899511,"f"
4997,1,54.2760102172897,0.0233905303143908,"f"
4998,1,54.2772549878671,0.0233900757692251,"f"
4999,1,54.2784998848778,0.0233896211656403,"f"
5000,1,54.2797448737527,0.0233891665148229,"f"
5001,1,54.2809899199227,0.023388711827959,"f"
5002,1,54.2822349888187,0.0233882571162352,"f"
5003,1,54.2834800458716,0.0233878023908378,"f"
5004,1,54.2847250565123,0.0233873476629532,"f"
5005,1,54.2859699861716,0.0233868929437676,"f"
5006,1,54.2872148002805,0.0233864382444675,"f"
5007,1,54.2884594642698,0.0233859835762393,"f"
5008,1,54.2897039435705,0.0233855289502692,"f"
5009,1,54.2909482036133,0.0233850743777438,"f"
5010,1,54.2921922098293,0.0233846198698492,"f"
5011,1,54.2934359276492,0.0233841654377719,"f"
5012,1,54.294679322504,0.0233837110926983,"f"
5013,1,54.2959223598245,0.0233832568458147,"f"
5014,1,54.2971650050417,0.0233828027083075,"f"
5015,1,54.2984072235864,0.023382348691363,"f"
5016,1,54.2996489808895,0.0233818948061676,"f"
5017,1,54.300890242382,0.0233814410639076,"f"
5018,1,54.3021309734946,0.0233809874757695,"f"
5019,1,54.3033711396583,0.0233805340529396,"f"
5020,1,54.304610706304,0.0233800808066042,"f"
5021,1,54.3058496388625,0.0233796277479497,"f"
5022,1,54.3070879027648,0.0233791748881625,"f"
5023,1,54.3083254629075,0.0233787222389107,"f"
5024,1,54.3095622803941,0.0233782698152832,"f"
5025,1,54.3107983146866,0.0233778176338495,"f"
5026,1,54.3120335252405,0.0233773657111846,"f"
5027,1,54.3132678715113,0.0233769140638639,"f"
5028,1,54.3145013129543,0.0233764627084625,"f"
5029,1,54.315733809025,0.0233760116615558,"f"
5030,1,54.3169653191789,0.0233755609397188,"f"
5031,1,54.3181958028714,0.023375110559527,"f"
5032,1,54.319425219558,0.0233746605375554,"f"
5033,1,54.3206535286941,0.0233742108903793,"f"
5034,1,54.3218806897352,0.0233737616345739,"f"
5035,1,54.3231066621367,0.0233733127867145,"f"
5036,1,54.324331405354,0.0233728643633763,"f"
5037,1,54.3255548788427,0.0233724163811346,"f"
5038,1,54.3267770420582,0.0233719688565645,"f"
5039,1,54.3279978544559,0.0233715218062413,"f"
5040,1,54.3292172754912,0.0233710752467402,"f"
5041,1,54.3304352646197,0.0233706291946364,"f"
5042,1,54.3316517812967,0.0233701836665052,"f"
5043,1,54.3328667849778,0.0233697386789218,"f"
5044,1,54.3340802351184,0.0233692942484614,"f"
5045,1,54.3352920911738,0.0233688503916993,"f"
5046,1,54.3365023125997,0.0233684071252107,"f"
5047,1,54.3377108588513,0.0233679644655708,"f"
5048,1,54.3389176893843,0.0233675224293548,"f"
5049,1,54.3401227636539,0.023367081033138,"f"
5050,1,54.3413260411158,0.0233666402934956,"f"
5051,1,54.3425274812252,0.0233662002270028,"f"
5052,1,54.3437270434377,0.0233657608502349,"f"
5053,1,54.3449246898952,0.0233653221787173,"f"
5054,1,54.3461204454786,0.0233648842034579,"f"
5055,1,54.3473143983426,0.0233644468907383,"f"
5056,1,54.3485066394351,0.0233640102057488,"f"
5057,1,54.3496972597039,0.0233635741136793,"f"
5058,1,54.3508863500968,0.02336313857972,"f"
5059,1,54.3520740015616,0.023362703569061,"f"
5060,1,54.3532603050462,0.0233622690468924,"f"
5061,1,54.3544453514983,0.0233618349784044,"f"
5062,1,54.3556292318659,0.0233614013287869,"f"
5063,1,54.3568120370967,0.0233609680632302,"f"
5064,1,54.3579938581386,0.0233605351469243,"f"
5065,1,54.3591747859394,0.0233601025450594,"f"
5066,1,54.3603549114468,0.0233596702228255,"f"
5067,1,54.3615343256088,0.0233592381454128,"f"
5068,1,54.3627131193732,0.0233588062780113,"f"
5069,1,54.3638913836877,0.0233583745858112,"f"
5070,1,54.3650692095002,0.0233579430340027,"f"
5071,1,54.3662466877586,0.0233575115877757,"f"
5072,1,54.3674239094106,0.0233570802123204,"f"
5073,1,54.3686009654041,0.0233566488728269,"f"
5074,1,54.369777946687,0.0233562175344854,"f"
5075,1,54.3709549442069,0.0233557861624859,"f"
5076,1,54.3721320489118,0.0233553547220185,"f"
5077,1,54.3733093517495,0.0233549231782733,"f"
5078,1,54.3744869436678,0.0233544914964405,"f"
5079,1,54.3756649156145,0.0233540596417102,"f"
5080,1,54.3768433585375,0.0233536275792725,"f"
5081,1,54.3780223633846,0.0233531952743174,"f"
5082,1,54.3792020211035,0.0233527626920351,"f"
5083,1,54.3803824226422,0.0233523297976157,"f"
5084,1,54.3815636360499,0.0233518965649112,"f"
5085,1,54.382745568445,0.0233514630286497,"f"
5086,1,54.3839280579416,0.0233510292496616,"f"
5087,1,54.3851109423902,0.0233505952888772,"f"
5088,1,54.3862940596412,0.0233501612072267,"f"
5089,1,54.3874772475451,0.0233497270656405,"f"
5090,1,54.3886603439522,0.0233492929250488,"f"
5091,1,54.3898431867131,0.0233488588463818,"f"
5092,1,54.391025613678,0.0233484248905699,"f"
5093,1,54.3922074626974,0.0233479911185433,"f"
5094,1,54.3933885716217,0.0233475575912323,"f"
5095,1,54.3945687783014,0.0233471243695672,"f"
5096,1,54.3957479205868,0.0233466915144782,"f"
5097,1,54.3969258363284,0.0233462590868955,"f"
5098,1,54.3981023633766,0.0233458271477496,"f"
5099,1,54.3992773395818,0.0233453957579706,"f"
5100,1,54.4004506027945,0.0233449649784888,"f"
5101,1,54.4016219908649,0.0233445348702344,"f"
5102,1,54.4027913416437,0.0233441054941378,"f"
5103,1,54.4039584929811,0.0233436769111293,"f"
5104,1,54.4051232827276,0.023343249182139,"f"
5105,1,54.4062855487337,0.0233428223680973,"f"
5106,1,54.4074451288497,0.0233423965299345,"f"
5107,1,54.408601860926,0.0233419717285807,"f"
5108,1,54.4097555828131,0.0233415480249663,"f"
5109,1,54.4109061323613,0.0233411254800216,"f"
5110,1,54.4120533474212,0.0233407041546767,"f"
5111,1,54.4131970658431,0.0233402841098621,"f"
5112,1,54.4143371254774,0.0233398654065079,"f"
5113,1,54.4154733641746,0.0233394481055445,"f"
5114,1,54.4166056252816,0.0233390322658255,"f"
5115,1,54.417733878567,0.0233386178984429,"f"
5116,1,54.4188582202205,0.0233382049667272,"f"
5117,1,54.4199787519288,0.0233377934319324,"f"
5118,1,54.4210955753783,0.0233373832553121,"f"
5119,1,54.4222087922555,0.0233369743981204,"f"
5120,1,54.4233185042469,0.0233365668216109,"f"
5121,1,54.4244248130389,0.0233361604870377,"f"
5122,1,54.4255278203182,0.0233357553556545,"f"
5123,1,54.4266276277711,0.0233353513887153,"f"
5124,1,54.4277243370842,0.0233349485474738,"f"
5125,1,54.428818049944,0.0233345467931839,"f"
5126,1,54.429908868037,0.0233341460870995,"f"
5127,1,54.4309968930496,0.0233337463904744,"f"
5128,1,54.4320822266683,0.0233333476645625,"f"
5129,1,54.4331649705797,0.0233329498706176,"f"
5130,1,54.4342452264702,0.0233325529698936,"f"
5131,1,54.4353230960264,0.0233321569236444,"f"
5132,1,54.4363986809347,0.0233317616931238,"f"
5133,1,54.4374720828816,0.0233313672395857,"f"
5134,1,54.4385434035537,0.0233309735242838,"f"
5135,1,54.4396127446373,0.0233305805084722,"f"
5136,1,54.4406802078191,0.0233301881534045,"f"
5137,1,54.4417458947854,0.0233297964203348,"f"
5138,1,54.4428099072229,0.0233294052705167,"f"
5139,1,54.4438723468179,0.0233290146652043,"f"
5140,1,54.444933315257,0.0233286245656513,"f"
5141,1,54.4459929142267,0.0233282349331117,"f"
5142,1,54.4470512454134,0.0233278457288391,"f"
5143,1,54.4481084105038,0.0233274569140876,"f"
5144,1,54.4491645111019,0.0233270684501438,"f"
5145,1,54.4502196272907,0.023326680306878,"f"
5146,1,54.4512737889614,0.0233262924741794,"f"
5147,1,54.4523270188636,0.0233259049447854,"f"
5148,1,54.4533793397468,0.0233255177114337,"f"
5149,1,54.4544307743605,0.0233251307668617,"f"
5150,1,54.4554813454542,0.023324744103807,"f"
5151,1,54.4565310757774,0.0233243577150072,"f"
5152,1,54.4575799880796,0.0233239715931998,"f"
5153,1,54.4586281051105,0.0233235857311223,"f"
5154,1,54.4596754496194,0.0233232001215123,"f"
5155,1,54.4607220443558,0.0233228147571073,"f"
5156,1,54.4617679120695,0.0233224296306449,"f"
5157,1,54.4628130755097,0.0233220447348626,"f"
5158,1,54.4638575574261,0.0233216600624979,"f"
5159,1,54.4649013805682,0.0233212756062884,"f"
5160,1,54.4659445676855,0.0233208913589717,"f"
5161,1,54.4669871415275,0.0233205073132853,"f"
5162,1,54.4680291248437,0.0233201234619666,"f"
5163,1,54.4690705403837,0.0233197397977534,"f"
5164,1,54.4701114108969,0.023319356313383,"f"
5165,1,54.4711517591329,0.0233189730015931,"f"
5166,1,54.4721916078413,0.0233185898551212,"f"
5167,1,54.4732309797714,0.0233182068667048,"f"
5168,1,54.4742698976729,0.0233178240290815,"f"
5169,1,54.4753083842952,0.0233174413349888,"f"
5170,1,54.476346462388,0.0233170587771643,"f"
5171,1,54.4773841547006,0.0233166763483455,"f"
5172,1,54.4784214839826,0.0233162940412699,"f"
5173,1,54.4794584729836,0.0233159118486751,"f"
5174,1,54.480495144453,0.0233155297632987,"f"
5175,1,54.4815315202077,0.0233151477781967,"f"
5176,1,54.4825676009339,0.0233147658936399,"f"
5177,1,54.4836033663665,0.0233143841170534,"f"
5178,1,54.484638795343,0.0233140024561683,"f"
5179,1,54.4856738667008,0.023313620918716,"f"
5180,1,54.4867085592774,0.0233132395124275,"f"
5181,1,54.4877428519106,0.0233128582450342,"f"
5182,1,54.4887767234376,0.0233124771242673,"f"
5183,1,54.4898101526962,0.023312096157858,"f"
5184,1,54.4908431185237,0.0233117153535376,"f"
5185,1,54.4918755997579,0.0233113347190372,"f"
5186,1,54.492907575236,0.0233109542620881,"f"
5187,1,54.4939390237958,0.0233105739904216,"f"
5188,1,54.4949699242747,0.0233101939117689,"f"
5189,1,54.4960002555102,0.0233098140338611,"f"
5190,1,54.49702999634,0.0233094343644296,"f"
5191,1,54.4980591256014,0.0233090549112056,"f"
5192,1,54.4990876221321,0.0233086756819203,"f"
5193,1,54.5001154647696,0.0233082966843049,"f"
5194,1,54.5011426323513,0.0233079179260906,"f"
5195,1,54.5021691037149,0.0233075394150088,"f"
5196,1,54.5031948576979,0.0233071611587906,"f"
5197,1,54.5042198731377,0.0233067831651672,"f"
5198,1,54.5052441288719,0.02330640544187,"f"
5199,1,54.5062676037381,0.02330602799663,"f"
5200,1,54.5072902765738,0.0233056508371786,"f"
5201,1,54.5083121262164,0.023305273971247,"f"
5202,1,54.5093331315036,0.0233048974065664,"f"
5203,1,54.5103532712728,0.0233045211508681,"f"
5204,1,54.5113725243617,0.0233041452118832,"f"
5205,1,54.5123908696029,0.0233037695973445,"f"
5206,1,54.5134082846552,0.0233033943153424,"f"
5207,1,54.5144247444636,0.023303019374794,"f"
5208,1,54.5154402235911,0.0233026447847329,"f"
5209,1,54.5164546966007,0.0233022705541928,"f"
5210,1,54.5174681380554,0.0233018966922074,"f"
5211,1,54.518480522518,0.0233015232078101,"f"
5212,1,54.5194918245517,0.0233011501100346,"f"
5213,1,54.5205020187193,0.0233007774079145,"f"
5214,1,54.5215110795838,0.0233004051104835,"f"
5215,1,54.5225189817083,0.0233000332267751,"f"
5216,1,54.5235256996556,0.0232996617658229,"f"
5217,1,54.5245312079887,0.0232992907366606,"f"
5218,1,54.5255354812707,0.0232989201483218,"f"
5219,1,54.5265384940644,0.02329855000984,"f"
5220,1,54.5275402209329,0.023298180330249,"f"
5221,1,54.5285406364391,0.0232978111185822,"f"
5222,1,54.5295397151459,0.0232974423838734,"f"
5223,1,54.5305374316165,0.0232970741351561,"f"
5224,1,54.5315337604137,0.0232967063814639,"f"
5225,1,54.5325286761005,0.0232963391318305,"f"
5226,1,54.5335221532398,0.0232959723952894,"f"
5227,1,54.5345141663947,0.0232956061808743,"f"
5228,1,54.5355046901281,0.0232952404976188,"f"
5229,1,54.536493699003,0.0232948753545565,"f"
5230,1,54.5374811675824,0.023294510760721,"f"
5231,1,54.5384670704291,0.0232941467251459,"f"
5232,1,54.5394513821063,0.0232937832568648,"f"
5233,1,54.5404340771768,0.0232934203649113,"f"
5234,1,54.5414151302037,0.0232930580583191,"f"
5235,1,54.5423945157499,0.0232926963461218,"f"
5236,1,54.5433722167451,0.0232923352343265,"f"
5237,1,54.5443482654705,0.0232919747110894,"f"
5238,1,54.5453227122388,0.0232916147580444,"f"
5239,1,54.5462956073897,0.0232912553568154,"f"
5240,1,54.5472670012626,0.0232908964890267,"f"
5241,1,54.548236944197,0.0232905381363024,"f"
5242,1,54.5492054865325,0.0232901802802665,"f"
5243,1,54.5501726786087,0.0232898229025433,"f"
5244,1,54.551138570765,0.0232894659847568,"f"
5245,1,54.5521032133409,0.0232891095085312,"f"
5246,1,54.553066656676,0.0232887534554906,"f"
5247,1,54.5540289511099,0.0232883978072591,"f"
5248,1,54.554990146982,0.0232880425454609,"f"
5249,1,54.5559502946318,0.02328768765172,"f"
5250,1,54.5569094443989,0.0232873331076607,"f"
5251,1,54.5578676466229,0.0232869788949069,"f"
5252,1,54.5588249516432,0.023286624995083,"f"
5253,1,54.5597814097994,0.0232862713898129,"f"
5254,1,54.5607370714309,0.0232859180607208,"f"
5255,1,54.5616919868774,0.0232855649894309,"f"
5256,1,54.5626462064783,0.0232852121575672,"f"
5257,1,54.5635997805732,0.023284859546754,"f"
5258,1,54.5645527595016,0.0232845071386152,"f"
5259,1,54.565505193603,0.0232841549147751,"f"
5260,1,54.5664571332169,0.0232838028568578,"f"
5261,1,54.5674086286829,0.0232834509464873,"f"
5262,1,54.5683597303405,0.0232830991652879,"f"
5263,1,54.5693104885293,0.0232827474948836,"f"
5264,1,54.5702609535887,0.0232823959168986,"f"
5265,1,54.5712111758582,0.023282044412957,"f"
5266,1,54.5721612055894,0.0232816929647154,"f"
5267,1,54.5731110719738,0.0232813415616127,"f"
5268,1,54.5740607559783,0.0232809902109072,"f"
5269,1,54.5750102318487,0.0232806389223413,"f"
5270,1,54.5759594738306,0.0232802877056571,"f"
5271,1,54.57690845617,0.0232799365705967,"f"
5272,1,54.5778571531125,0.0232795855269023,"f"
5273,1,54.578805538904,0.0232792345843161,"f"
5274,1,54.5797535877901,0.0232788837525803,"f"
5275,1,54.5807012740167,0.023278533041437,"f"
5276,1,54.5816485718295,0.0232781824606284,"f"
5277,1,54.5825954554743,0.0232778320198966,"f"
5278,1,54.5835418991968,0.0232774817289839,"f"
5279,1,54.5844878772429,0.0232771315976324,"f"
5280,1,54.5854333638581,0.0232767816355843,"f"
5281,1,54.5863783332885,0.0232764318525817,"f"
5282,1,54.5873227597796,0.0232760822583668,"f"
5283,1,54.5882666175773,0.0232757328626818,"f"
5284,1,54.5892098809273,0.0232753836752689,"f"
5285,1,54.5901525240754,0.0232750347058701,"f"
5286,1,54.5910945212673,0.0232746859642278,"f"
5287,1,54.5920358467488,0.023274337460084,"f"
5288,1,54.5929764747658,0.023273989203181,"f"
5289,1,54.5939163795639,0.0232736412032608,"f"
5290,1,54.5948555353888,0.0232732934700657,"f"
5291,1,54.5957939164865,0.0232729460133379,"f"
5292,1,54.5967314971026,0.0232725988428194,"f"
5293,1,54.5976682514828,0.0232722519682526,"f"
5294,1,54.5986041538731,0.0232719053993794,"f"
5295,1,54.599539178519,0.0232715591459422,"f"
5296,1,54.6004732996665,0.0232712132176831,"f"
5297,1,54.6014064919695,0.0232708676241296,"f"
5298,1,54.6023387324671,0.023270522373556,"f"
5299,1,54.603269999061,0.0232701774737828,"f"
5300,1,54.6042002696544,0.0232698329326302,"f"
5301,1,54.6051295221507,0.0232694887579179,"f"
5302,1,54.6060577344528,0.0232691449574661,"f"
5303,1,54.606984884464,0.0232688015390947,"f"
5304,1,54.6079109500875,0.0232684585106236,"f"
5305,1,54.6088359092264,0.0232681158798729,"f"
5306,1,54.6097597397838,0.0232677736546624,"f"
5307,1,54.610682419663,0.0232674318428123,"f"
5308,1,54.6116039267671,0.0232670904521425,"f"
5309,1,54.6125242389993,0.0232667494904729,"f"
5310,1,54.6134433342627,0.0232664089656236,"f"
5311,1,54.6143611904605,0.0232660688854145,"f"
5312,1,54.6152777854959,0.0232657292576655,"f"
5313,1,54.6161930972721,0.0232653900901967,"f"
5314,1,54.6171071036921,0.0232650513908281,"f"
5315,1,54.6180197826593,0.0232647131673796,"f"
5316,1,54.6189311120767,0.0232643754276711,"f"
5317,1,54.6198410698474,0.0232640381795228,"f"
5318,1,54.6207496338748,0.0232637014307545,"f"
5319,1,54.6216567820619,0.0232633651891862,"f"
5320,1,54.6225624923119,0.0232630294626379,"f"
5321,1,54.623466742528,0.0232626942589296,"f"
5322,1,54.6243695106134,0.0232623595858813,"f"
5323,1,54.6252707744711,0.0232620254513129,"f"
5324,1,54.6261705120044,0.0232616918630444,"f"
5325,1,54.6270687011165,0.0232613588288958,"f"
5326,1,54.6279653197105,0.0232610263566871,"f"
5327,1,54.6288603476717,0.0232606944535522,"f"
5328,1,54.6297537999182,0.0232603631145003,"f"
5329,1,54.6306457213784,0.0232600323241541,"f"
5330,1,54.6315361579514,0.0232597020668003,"f"
5331,1,54.6324251555361,0.0232593723267257,"f"
5332,1,54.6333127600315,0.023259043088217,"f"
5333,1,54.6341990173364,0.0232587143355611,"f"
5334,1,54.6350839733498,0.0232583860530446,"f"
5335,1,54.6359676739706,0.0232580582249544,"f"
5336,1,54.6368501650978,0.0232577308355773,"f"
5337,1,54.6377314926303,0.0232574038691999,"f"
5338,1,54.6386117024671,0.0232570773101091,"f"
5339,1,54.6394908405071,0.0232567511425916,"f"
5340,1,54.6403689526492,0.0232564253509343,"f"
5341,1,54.6412460847923,0.0232560999194238,"f"
5342,1,54.6421222828355,0.0232557748323469,"f"
5343,1,54.6429975926776,0.0232554500739905,"f"
5344,1,54.6438720602175,0.0232551256286412,"f"
5345,1,54.6447457313543,0.0232548014805859,"f"
5346,1,54.6456186519869,0.0232544776141113,"f"
5347,1,54.6464908680141,0.0232541540135041,"f"
5348,1,54.6473624253349,0.0232538306630513,"f"
5349,1,54.6482333698484,0.0232535075470394,"f"
5350,1,54.6491037474533,0.0232531846497554,"f"
5351,1,54.6499736040486,0.0232528619554859,"f"
5352,1,54.6508429855334,0.0232525394485177,"f"
5353,1,54.6517119378064,0.0232522171131376,"f"
5354,1,54.6525805067667,0.0232518949336324,"f"
5355,1,54.6534487383132,0.0232515728942889,"f"
5356,1,54.6543166783448,0.0232512509793937,"f"
5357,1,54.6551843727604,0.0232509291732337,"f"
5358,1,54.6560518595632,0.0232506074626502,"f"
5359,1,54.6569191311064,0.0232502858492533,"f"
5360,1,54.6577861633746,0.0232499643399489,"f"
5361,1,54.6586529323318,0.0232496429416496,"f"
5362,1,54.6595194139415,0.0232493216612679,"f"
5363,1,54.6603855841676,0.0232490005057166,"f"
5364,1,54.6612514189739,0.0232486794819082,"f"
5365,1,54.662116894324,0.0232483585967553,"f"
5366,1,54.6629819861818,0.0232480378571706,"f"
5367,1,54.663846670511,0.0232477172700666,"f"
5368,1,54.6647109232753,0.023247396842356,"f"
5369,1,54.6655747204385,0.0232470765809513,"f"
5370,1,54.6664380379643,0.0232467564927653,"f"
5371,1,54.6673008518166,0.0232464365847104,"f"
5372,1,54.668163137959,0.0232461168636993,"f"
5373,1,54.6690248723553,0.0232457973366447,"f"
5374,1,54.6698860309693,0.0232454780104591,"f"
5375,1,54.6707465897647,0.0232451588920552,"f"
5376,1,54.6716065247053,0.0232448399883455,"f"
5377,1,54.6724658117548,0.0232445213062427,"f"
5378,1,54.673324426877,0.0232442028526594,"f"
5379,1,54.6741823460357,0.0232438846345082,"f"
5380,1,54.6750395451945,0.0232435666587016,"f"
5381,1,54.6758960003172,0.0232432489321524,"f"
5382,1,54.6767516873677,0.0232429314617732,"f"
5383,1,54.6776065823096,0.0232426142544764,"f"
5384,1,54.6784606611066,0.0232422973171748,"f"
5385,1,54.6793138997227,0.023241980656781,"f"
5386,1,54.6801662741214,0.0232416642802076,"f"
5387,1,54.6810177602667,0.0232413481943672,"f"
5388,1,54.6818683341738,0.0232410324062597,"f"
5389,1,54.6827179727605,0.0232407169244075,"f"
5390,1,54.6835666537102,0.0232404017586262,"f"
5391,1,54.6844143547311,0.0232400869187725,"f"
5392,1,54.6852610535312,0.023239772414703,"f"
5393,1,54.6861067278185,0.0232394582562744,"f"
5394,1,54.6869513553009,0.0232391444533434,"f"
5395,1,54.6877949136866,0.0232388310157665,"f"
5396,1,54.6886373806834,0.0232385179534005,"f"
5397,1,54.6894787339995,0.0232382052761021,"f"
5398,1,54.6903189513429,0.0232378929937278,"f"
5399,1,54.6911580104215,0.0232375811161344,"f"
5400,1,54.6919958889435,0.0232372696531785,"f"
5401,1,54.6928325646167,0.0232369586147167,"f"
5402,1,54.6936680151492,0.0232366480106058,"f"
5403,1,54.6945022182491,0.0232363378507024,"f"
5404,1,54.6953351516243,0.0232360281448631,"f"
5405,1,54.6961667929828,0.0232357189029446,"f"
5406,1,54.6969971200328,0.0232354101348036,"f"
5407,1,54.6978261104821,0.0232351018502968,"f"
5408,1,54.6986537420389,0.0232347940592807,"f"
5409,1,54.699479992411,0.0232344867716121,"f"
5410,1,54.7003048393066,0.0232341799971476,"f"
5411,1,54.7011282604337,0.0232338737457439,"f"
5412,1,54.7019502335002,0.0232335680272576,"f"
5413,1,54.7027707362142,0.0232332628515454,"f"
5414,1,54.7035897462837,0.023232958228464,"f"
5415,1,54.7044072414167,0.02323265416787,"f"
5416,1,54.7052231993213,0.02323235067962,"f"
5417,1,54.7060375977054,0.0232320477735709,"f"
5418,1,54.7068504144716,0.0232317454595016,"f"
5419,1,54.7076616518433,0.0232314437375074,"f"
5420,1,54.7084713597023,0.0232311425887071,"f"
5421,1,54.7092795934655,0.0232308419920152,"f"
5422,1,54.7100864085498,0.0232305419263464,"f"
5423,1,54.7108918603724,0.0232302423706155,"f"
5424,1,54.71169600435,0.023229943303737,"f"
5425,1,54.7124988958998,0.0232296447046257,"f"
5426,1,54.7133005904386,0.0232293465521962,"f"
5427,1,54.7141011433835,0.0232290488253632,"f"
5428,1,54.7149006101514,0.0232287515030414,"f"
5429,1,54.7156990461594,0.0232284545641454,"f"
5430,1,54.7164965068243,0.02322815798759,"f"
5431,1,54.7172930475631,0.0232278617522897,"f"
5432,1,54.7180887237929,0.0232275658371593,"f"
5433,1,54.7188835909306,0.0232272702211134,"f"
5434,1,54.7196777043931,0.0232269748830667,"f"
5435,1,54.7204711195975,0.0232266798019339,"f"
5436,1,54.7212638919607,0.0232263849566296,"f"
5437,1,54.7220560768997,0.0232260903260686,"f"
5438,1,54.7228477298315,0.0232257958891654,"f"
5439,1,54.723638906173,0.0232255016248348,"f"
5440,1,54.7244296613413,0.0232252075119914,"f"
5441,1,54.7252200507532,0.02322491352955,"f"
5442,1,54.7260101298258,0.0232246196564251,"f"
5443,1,54.726799953976,0.0232243258715314,"f"
5444,1,54.7275895786209,0.0232240321537837,"f"
5445,1,54.7283790591773,0.0232237384820965,"f"
5446,1,54.7291684510623,0.0232234448353846,"f"
5447,1,54.7299578096929,0.0232231511925627,"f"
5448,1,54.7307471904859,0.0232228575325453,"f"
5449,1,54.7315366448498,0.0232225638357633,"f"
5450,1,54.7323261552511,0.0232222701087215,"f"
5451,1,54.7331156460941,0.023221976379884,"f"
5452,1,54.7339050399699,0.0232216826784008,"f"
5453,1,54.7346942594698,0.0232213890334217,"f"
5454,1,54.7354832271852,0.0232210954740966,"f"
5455,1,54.7362718657072,0.0232208020295753,"f"
5456,1,54.7370600976272,0.0232205087290077,"f"
5457,1,54.7378478455364,0.0232202156015438,"f"
5458,1,54.7386350320262,0.0232199226763333,"f"
5459,1,54.7394215796877,0.0232196299825261,"f"
5460,1,54.7402074111122,0.0232193375492721,"f"
5461,1,54.7409924488911,0.0232190454057211,"f"
5462,1,54.7417766156156,0.0232187535810231,"f"
5463,1,54.7425598338769,0.0232184621043279,"f"
5464,1,54.7433420262664,0.0232181710047853,"f"
5465,1,54.7441231153753,0.0232178803115453,"f"
5466,1,54.7449030237949,0.0232175900537577,"f"
5467,1,54.7456816741164,0.0232173002605723,"f"
5468,1,54.7464589889312,0.0232170109611391,"f"
5469,1,54.7472348908305,0.0232167221846079,"f"
5470,1,54.7480093024056,0.0232164339601286,"f"
5471,1,54.7487821462477,0.023216146316851,"f"
5472,1,54.7495533449481,0.023215859283925,"f"
5473,1,54.7503228210982,0.0232155728905005,"f"
5474,1,54.7510904972891,0.0232152871657273,"f"
5475,1,54.7518562961121,0.0232150021387554,"f"
5476,1,54.7526201401586,0.0232147178387345,"f"
5477,1,54.7533819520198,0.0232144342948146,"f"
5478,1,54.7541416542869,0.0232141515361455,"f"
5479,1,54.754899169856,0.0232138695917601,"f"
5480,1,54.7556544584908,0.0232135884765387,"f"
5481,1,54.7564075515581,0.023213308177875,"f"
5482,1,54.7571584886514,0.0232130286800045,"f"
5483,1,54.7579073093639,0.0232127499671629,"f"
5484,1,54.7586540532893,0.023212472023586,"f"
5485,1,54.7593987600209,0.0232121948335092,"f"
5486,1,54.7601414691521,0.0232119183811684,"f"
5487,1,54.7608822202764,0.023211642650799,"f"
5488,1,54.7616210529873,0.0232113676266368,"f"
5489,1,54.7623580068781,0.0232110932929174,"f"
5490,1,54.7630931215422,0.0232108196338765,"f"
5491,1,54.7638264365732,0.0232105466337497,"f"
5492,1,54.7645579915645,0.0232102742767726,"f"
5493,1,54.7652878261094,0.0232100025471808,"f"
5494,1,54.7660159798015,0.0232097314292102,"f"
5495,1,54.7667424922341,0.0232094609070961,"f"
5496,1,54.7674674030007,0.0232091909650745,"f"
5497,1,54.7681907516947,0.0232089215873807,"f"
5498,1,54.7689125779096,0.0232086527582506,"f"
5499,1,54.7696329212387,0.0232083844619198,"f"
5500,1,54.7703518212756,0.0232081166826238,"f"
5501,1,54.7710693176136,0.0232078494045984,"f"
5502,1,54.7717854498462,0.0232075826120792,"f"
5503,1,54.7725002575669,0.0232073162893018,"f"
5504,1,54.773213780369,0.0232070504205019,"f"
5505,1,54.773926057846,0.0232067849899152,"f"
5506,1,54.7746371295913,0.0232065199817772,"f"
5507,1,54.7753470351984,0.0232062553803236,"f"
5508,1,54.7760558142606,0.0232059911697901,"f"
5509,1,54.7767635063715,0.0232057273344123,"f"
5510,1,54.777470148776,0.0232054638597142,"f"
5511,1,54.7781757672712,0.0232052007375005,"f"
5512,1,54.7788803841712,0.0232049379614865,"f"
5513,1,54.7795840217893,0.023204675525388,"f"
5514,1,54.7802867024389,0.023204413422921,"f"
5515,1,54.7809884484333,0.0232041516478012,"f"
5516,1,54.7816892820858,0.0232038901937444,"f"
5517,1,54.7823892257096,0.0232036290544666,"f"
5518,1,54.783088301618,0.0232033682236836,"f"
5519,1,54.7837865321245,0.0232031076951111,"f"
5520,1,54.7844839395422,0.0232028474624651,"f"
5521,1,54.7851805461846,0.0232025875194614,"f"
5522,1,54.7858763743648,0.0232023278598158,"f"
5523,1,54.7865714463962,0.0232020684772442,"f"
5524,1,54.7872657845922,0.0232018093654624,"f"
5525,1,54.787959411266,0.0232015505181862,"f"
5526,1,54.7886523487308,0.0232012919291315,"f"
5527,1,54.7893446193002,0.0232010335920142,"f"
5528,1,54.7900362452872,0.0232007755005501,"f"
5529,1,54.7907272490053,0.0232005176484549,"f"
5530,1,54.7914176527678,0.0232002600294446,"f"
5531,1,54.7921074788879,0.0232000026372351,"f"
5532,1,54.792796749679,0.023199745465542,"f"
5533,1,54.7934854874543,0.0231994885080814,"f"
5534,1,54.7941737145272,0.023199231758569,"f"
5535,1,54.794861453211,0.0231989752107206,"f"
5536,1,54.7955487258189,0.0231987188582522,"f"
5537,1,54.7962355546644,0.0231984626948795,"f"
5538,1,54.7969219620607,0.0231982067143184,"f"
5539,1,54.797607970321,0.0231979509102847,"f"
5540,1,54.7982936016651,0.0231976952765186,"f"
5541,1,54.7989788673268,0.023197439809601,"f"
5542,1,54.7996637573945,0.0231971845115816,"f"
5543,1,54.8003482595527,0.0231969293851316,"f"
5544,1,54.8010323614865,0.0231966744329222,"f"
5545,1,54.8017160508805,0.0231964196576244,"f"
5546,1,54.8023993154195,0.0231961650619095,"f"
5547,1,54.8030821427884,0.0231959106484485,"f"
5548,1,54.803764520672,0.0231956564199128,"f"
5549,1,54.804446436755,0.0231954023789734,"f"
5550,1,54.8051278787223,0.0231951485283014,"f"
5551,1,54.8058088342587,0.0231948948705682,"f"
5552,1,54.8064892910489,0.0231946414084447,"f"
5553,1,54.8071692367779,0.0231943881446022,"f"
5554,1,54.8078486591303,0.0231941350817118,"f"
5555,1,54.8085275457909,0.0231938822224447,"f"
5556,1,54.8092058844447,0.023193629569472,"f"
5557,1,54.8098836627763,0.023193377125465,"f"
5558,1,54.8105608684706,0.0231931248930947,"f"
5559,1,54.8112374892125,0.0231928728750324,"f"
5560,1,54.8119135126866,0.0231926210739491,"f"
5561,1,54.8125889265777,0.0231923694925161,"f"
5562,1,54.8132637185708,0.0231921181334045,"f"
5563,1,54.8139378763506,0.0231918669992855,"f"
5564,1,54.8146113876019,0.0231916160928301,"f"
5565,1,54.8152842400095,0.0231913654167097,"f"
5566,1,54.8159564212582,0.0231911149735953,"f"
5567,1,54.8166279190328,0.0231908647661581,"f"
5568,1,54.8172987210181,0.0231906147970693,"f"
5569,1,54.8179688148989,0.023190365069,"f"
5570,1,54.81863818836,0.0231901155846214,"f"
5571,1,54.819306828321,0.0231898663472975,"f"
5572,1,54.8199747180074,0.023189617363737,"f"
5573,1,54.8206418395317,0.0231893686416561,"f"
5574,1,54.8213081750064,0.0231891201887717,"f"
5575,1,54.8219737065435,0.0231888720128002,"f"
5576,1,54.8226384162554,0.0231886241214582,"f"
5577,1,54.8233022862544,0.0231883765224625,"f"
5578,1,54.8239652986527,0.0231881292235296,"f"
5579,1,54.8246274355627,0.0231878822323761,"f"
5580,1,54.8252886790966,0.0231876355567187,"f"
5581,1,54.8259490113667,0.0231873892042739,"f"
5582,1,54.8266084144853,0.0231871431827584,"f"
5583,1,54.8272668705646,0.0231868974998889,"f"
5584,1,54.827924361717,0.0231866521633818,"f"
5585,1,54.8285808700547,0.0231864071809538,"f"
5586,1,54.8292363776899,0.0231861625603216,"f"
5587,1,54.8298908667351,0.0231859183092018,"f"
5588,1,54.8305443193024,0.0231856744353109,"f"
5589,1,54.8311967175041,0.0231854309463656,"f"
5590,1,54.8318480434525,0.0231851878500826,"f"
5591,1,54.83249827926,0.0231849451541783,"f"
5592,1,54.8331474070387,0.0231847028663695,"f"
5593,1,54.8337954089009,0.0231844609943728,"f"
5594,1,54.834442266959,0.0231842195459047,"f"
5595,1,54.8350879633252,0.0231839785286819,"f"
5596,1,54.8357324801118,0.0231837379504211,"f"
5597,1,54.836375799431,0.0231834978188387,"f"
5598,1,54.8370179033952,0.0231832581416515,"f"
5599,1,54.8376587741167,0.0231830189265761,"f"
5600,1,54.8382983937076,0.023182780181329,"f"
5601,1,54.8389367464153,0.0231825419127848,"f"
5602,1,54.8395738458346,0.0231823041162431,"f"
5603,1,54.8402097268932,0.0231820667785894,"f"
5604,1,54.8408444249993,0.0231818298865197,"f"
5605,1,54.8414779755613,0.0231815934267301,"f"
5606,1,54.8421104139875,0.0231813573859165,"f"
5607,1,54.8427417756863,0.0231811217507749,"f"
5608,1,54.843372096066,0.0231808865080012,"f"
5609,1,54.8440014105349,0.0231806516442917,"f"
5610,1,54.8446297545015,0.0231804171463421,"f"
5611,1,54.8452571633739,0.0231801830008485,"f"
5612,1,54.8458836725606,0.0231799491945069,"f"
5613,1,54.8465093174698,0.0231797157140133,"f"
5614,1,54.84713413351,0.0231794825460637,"f"
5615,1,54.8477581560895,0.0231792496773541,"f"
5616,1,54.8483814206165,0.0231790170945804,"f"
5617,1,54.8490039624995,0.0231787847844388,"f"
5618,1,54.8496258171467,0.0231785527336251,"f"
5619,1,54.8502470199665,0.0231783209288353,"f"
5620,1,54.8508676063672,0.0231780893567656,"f"
5621,1,54.8514876117572,0.0231778580041118,"f"
5622,1,54.8521070715449,0.02317762685757,"f"
5623,1,54.8527260211384,0.0231773959038361,"f"
5624,1,54.8533444959462,0.0231771651296062,"f"
5625,1,54.8539625313767,0.0231769345215763,"f"
5626,1,54.8545801628381,0.0231767040664423,"f"
5627,1,54.8551974257387,0.0231764737509002,"f"
5628,1,54.855814355487,0.0231762435616461,"f"
5629,1,54.8564309874913,0.0231760134853759,"f"
5630,1,54.8570473571598,0.0231757835087856,"f"
5631,1,54.8576634999009,0.0231755536185713,"f"
5632,1,54.858279443868,0.0231753238040152,"f"
5633,1,54.8588951825368,0.0231750940667623,"f"
5634,1,54.8595106990337,0.0231748644121466,"f"
5635,1,54.8601259764834,0.0231746348455032,"f"
5636,1,54.8607409980105,0.0231744053721667,"f"
5637,1,54.8613557467399,0.0231741759974722,"f"
5638,1,54.8619702057961,0.0231739467267545,"f"
5639,1,54.8625843583039,0.0231737175653484,"f"
5640,1,54.8631981873879,0.0231734885185888,"f"
5641,1,54.8638116761727,0.0231732595918106,"f"
5642,1,54.8644248077832,0.0231730307903486,"f"
5643,1,54.865037565344,0.0231728021195378,"f"
5644,1,54.8656499319796,0.0231725735847129,"f"
5645,1,54.866261890815,0.0231723451912089,"f"
5646,1,54.8668734249746,0.0231721169443605,"f"
5647,1,54.8674845175833,0.0231718888495028,"f"
5648,1,54.8680951517656,0.0231716609119705,"f"
5649,1,54.8687053106463,0.0231714331370986,"f"
5650,1,54.86931497735,0.0231712055302218,"f"
5651,1,54.8699241350015,0.023170978096675,"f"
5652,1,54.8705327667253,0.0231707508417932,"f"
5653,1,54.8711408556463,0.0231705237709112,"f"
5654,1,54.871748384889,0.0231702968893638,"f"
5655,1,54.8723553375782,0.0231700702024859,"f"
5656,1,54.8729616968386,0.0231698437156125,"f"
5657,1,54.8735674457947,0.0231696174340782,"f"
5658,1,54.8741725675714,0.0231693913632181,"f"
5659,1,54.8747770452932,0.023169165508367,"f"
5660,1,54.8753808620849,0.0231689398748598,"f"
5661,1,54.8759840010712,0.0231687144680312,"f"
5662,1,54.8765864455892,0.0231684892932595,"f"
5663,1,54.8771881818622,0.0231682643565092,"f"
5664,1,54.8777891981929,0.0231680396641676,"f"
5665,1,54.8783894829302,0.0231678152226314,"f"
5666,1,54.8789890244228,0.0231675910382972,"f"
5667,1,54.8795878110196,0.0231673671175618,"f"
5668,1,54.8801858310694,0.0231671434668217,"f"
5669,1,54.8807830729209,0.0231669200924737,"f"
5670,1,54.8813795249229,0.0231666970009143,"f"
5671,1,54.8819751754242,0.0231664741985404,"f"
5672,1,54.8825700127737,0.0231662516917484,"f"
5673,1,54.88316402532,0.023166029486935,"f"
5674,1,54.8837572014121,0.023165807590497,"f"
5675,1,54.8843495293986,0.023165586008831,"f"
5676,1,54.8849409976285,0.0231653647483336,"f"
5677,1,54.8855315944504,0.0231651438154015,"f"
5678,1,54.8861213082131,0.0231649232164314,"f"
5679,1,54.8867101272656,0.0231647029578199,"f"
5680,1,54.8872980399565,0.0231644830459636,"f"
5681,1,54.8878850346346,0.0231642634872593,"f"
5682,1,54.8884710996488,0.0231640442881036,"f"
5683,1,54.8890562233478,0.0231638254548931,"f"
5684,1,54.8896403940804,0.0231636069940245,"f"
5685,1,54.8902236001954,0.0231633889118945,"f"
5686,1,54.8908058300417,0.0231631712148998,"f"
5687,1,54.8913870719679,0.0231629539094369,"f"
5688,1,54.8919673143229,0.0231627370019026,"f"
5689,1,54.8925465454556,0.0231625204986934,"f"
5690,1,54.8931247537146,0.0231623044062061,"f"
5691,1,54.8937019274487,0.0231620887308374,"f"
5692,1,54.8942780552037,0.0231618734788911,"f"
5693,1,54.8948531396764,0.0231616586500055,"f"
5694,1,54.8954272069608,0.0231614442327983,"f"
5695,1,54.8960002853444,0.0231612302148537,"f"
5696,1,54.8965724031152,0.023161016583756,"f"
5697,1,54.8971435885607,0.0231608033270895,"f"
5698,1,54.8977138699687,0.0231605904324384,"f"
5699,1,54.898283275627,0.023160377887387,"f"
5700,1,54.8988518338233,0.0231601656795195,"f"
5701,1,54.8994195728453,0.0231599537964203,"f"
5702,1,54.8999865209808,0.0231597422256735,"f"
5703,1,54.9005527065174,0.0231595309548635,"f"
5704,1,54.901118157743,0.0231593199715744,"f"
5705,1,54.9016829029451,0.0231591092633907,"f"
5706,1,54.9022469704117,0.0231588988178965,"f"
5707,1,54.9028103884304,0.023158688622676,"f"
5708,1,54.9033731852889,0.0231584786653137,"f"
5709,1,54.903935389275,0.0231582689333936,"f"
5710,1,54.9044970286764,0.0231580594145002,"f"
5711,1,54.9050581317808,0.0231578500962176,"f"
5712,1,54.9056187268759,0.0231576409661301,"f"
5713,1,54.9061788422496,0.023157432011822,"f"
5714,1,54.9067385061895,0.0231572232208775,"f"
5715,1,54.9072977469833,0.023157014580881,"f"
5716,1,54.9078565929188,0.0231568060794166,"f"
5717,1,54.9084150722838,0.0231565977040687,"f"
5718,1,54.9089732133659,0.0231563894424214,"f"
5719,1,54.9095310444528,0.0231561812820591,"f"
5720,1,54.9100885938324,0.0231559732105661,"f"
5721,1,54.9106458897923,0.0231557652155265,"f"
5722,1,54.9112029606203,0.0231555572845247,"f"
5723,1,54.9117598330157,0.0231553494058412,"f"
5724,1,54.9123165123798,0.0231551415770932,"f"
5725,1,54.912872988896,0.0231549338025689,"f"
5726,1,54.9134292524188,0.0231547260867008,"f"
5727,1,54.9139852928024,0.0231545184339214,"f"
5728,1,54.9145410999012,0.0231543108486633,"f"
5729,1,54.9150966635697,0.0231541033353589,"f"
5730,1,54.9156519736621,0.0231538958984409,"f"
5731,1,54.9162070200328,0.0231536885423416,"f"
5732,1,54.9167617925363,0.0231534812714936,"f"
5733,1,54.9173162810268,0.0231532740903294,"f"
5734,1,54.9178704753588,0.0231530670032816,"f"
5735,1,54.9184243653865,0.0231528600147826,"f"
5736,1,54.9189779409644,0.023152653129265,"f"
5737,1,54.9195311919469,0.0231524463511612,"f"
5738,1,54.9200841081883,0.0231522396849039,"f"
5739,1,54.9206366795429,0.0231520331349254,"f"
5740,1,54.9211888958651,0.0231518267056583,"f"
5741,1,54.9217407470094,0.0231516204015352,"f"
5742,1,54.92229222283,0.0231514142269885,"f"
5743,1,54.9228433131814,0.0231512081864507,"f"
5744,1,54.9233940079178,0.0231510022843544,"f"
5745,1,54.9239442968938,0.0231507965251321,"f"
5746,1,54.9244941699635,0.0231505909132163,"f"
5747,1,54.9250436169814,0.0231503854530395,"f"
5748,1,54.9255926278019,0.0231501801490342,"f"
5749,1,54.9261411922794,0.023149975005633,"f"
5750,1,54.9266893002681,0.0231497700272683,"f"
5751,1,54.9272369416225,0.0231495652183726,"f"
5752,1,54.9277841061969,0.0231493605833786,"f"
5753,1,54.9283307837734,0.0231491561267441,"f"
5754,1,54.9288769590606,0.0231489518547162,"f"
5755,1,54.9294226084527,0.0231487477764738,"f"
5756,1,54.929967707573,0.0231485439014675,"f"
5757,1,54.9305122320448,0.0231483402391481,"f"
5758,1,54.9310561574914,0.0231481367989662,"f"
5759,1,54.9315994595362,0.0231479335903726,"f"
5760,1,54.9321421138023,0.0231477306228179,"f"
5761,1,54.9326840959132,0.0231475279057528,"f"
5762,1,54.9332253814922,0.023147325448628,"f"
5763,1,54.9337659461625,0.0231471232608943,"f"
5764,1,54.9343057655475,0.0231469213520022,"f"
5765,1,54.9348448152705,0.0231467197314025,"f"
5766,1,54.9353830709548,0.0231465184085458,"f"
5767,1,54.9359205082237,0.0231463173928829,"f"
5768,1,54.9364571027006,0.0231461166938645,"f"
5769,1,54.9369928300087,0.0231459163209412,"f"
5770,1,54.9375276657713,0.0231457162835638,"f"
5771,1,54.9380615856119,0.0231455165911829,"f"
5772,1,54.9385945651536,0.0231453172532491,"f"
5773,1,54.9391265800198,0.0231451182792133,"f"
5774,1,54.9396576058338,0.0231449196785261,"f"
5775,1,54.9401876182189,0.0231447214606382,"f"
5776,1,54.9407165927984,0.0231445236350002,"f"
5777,1,54.9412445051957,0.023144326211063,"f"
5778,1,54.9417713310341,0.023144129198277,"f"
5779,1,54.9422970459368,0.0231439326060932,"f"
5780,1,54.9428216255272,0.023143736443962,"f"
5781,1,54.9433450454286,0.0231435407213343,"f"
5782,1,54.9438672812643,0.0231433454476608,"f"
5783,1,54.9443883086576,0.023143150632392,"f"
5784,1,54.9449081190349,0.0231429562789524,"f"
5785,1,54.9454267676542,0.0231427623664243,"f"
5786,1,54.9459443258875,0.0231425688677454,"f"
5787,1,54.9464608651072,0.023142375755853,"f"
5788,1,54.9469764566854,0.0231421830036847,"f"
5789,1,54.9474911719943,0.0231419905841779,"f"
5790,1,54.9480050824061,0.02314179847027,"f"
5791,1,54.948518259293,0.0231416066348985,"f"
5792,1,54.9490307740272,0.0231414150510009,"f"
5793,1,54.9495426979808,0.0231412236915147,"f"
5794,1,54.9500541025261,0.0231410325293772,"f"
5795,1,54.9505650590352,0.023140841537526,"f"
5796,1,54.9510756388803,0.0231406506888986,"f"
5797,1,54.9515859134337,0.0231404599564324,"f"
5798,1,54.9520959540675,0.0231402693130648,"f"
5799,1,54.9526058321539,0.0231400787317333,"f"
5800,1,54.9531156190651,0.0231398881853755,"f"
5801,1,54.9536253861733,0.0231396976469287,"f"
5802,1,54.9541352048507,0.0231395070893304,"f"
5803,1,54.9546451464695,0.0231393164855181,"f"
5804,1,54.9551552824018,0.0231391258084292,"f"
5805,1,54.9556656840199,0.0231389350310013,"f"
5806,1,54.9561764226959,0.0231387441261717,"f"
5807,1,54.9566875698021,0.023138553066878,"f"
5808,1,54.9571991967105,0.0231383618260575,"f"
5809,1,54.9577113747935,0.0231381703766478,"f"
5810,1,54.9582241754232,0.0231379786915864,"f"
5811,1,54.9587376699719,0.0231377867438106,"f"
5812,1,54.9592519298116,0.023137594506258,"f"
5813,1,54.9597670263145,0.023137401951866,"f"
5814,1,54.9602830295543,0.0231372090540602,"f"
5815,1,54.9607999208289,0.0231370158196352,"f"
5816,1,54.9613175372009,0.0231368223096007,"f"
5817,1,54.9618357025161,0.0231366285899342,"f"
5818,1,54.9623542406207,0.0231364347266133,"f"
5819,1,54.9628729753608,0.0231362407856155,"f"
5820,1,54.9633917305822,0.0231360468329183,"f"
5821,1,54.9639103301311,0.0231358529344994,"f"
5822,1,54.9644285978535,0.0231356591563363,"f"
5823,1,54.9649463575954,0.0231354655644064,"f"
5824,1,54.9654634332028,0.0231352722246874,"f"
5825,1,54.9659796485218,0.0231350792031567,"f"
5826,1,54.9664948273984,0.023134886565792,"f"
5827,1,54.9670087936786,0.0231346943785708,"f"
5828,1,54.9675213712085,0.0231345027074705,"f"
5829,1,54.9680323838341,0.0231343116184689,"f"
5830,1,54.9685416554014,0.0231341211775433,"f"
5831,1,54.9690490097564,0.0231339314506713,"f"
5832,1,54.9695542707452,0.0231337425038306,"f"
5833,1,54.9700572622138,0.0231335544029986,"f"
5834,1,54.9705578080083,0.0231333672141528,"f"
5835,1,54.9710557319746,0.0231331810032709,"f"
5836,1,54.9715508579588,0.0231329958363304,"f"
5837,1,54.9720430098069,0.0231328117793087,"f"
5838,1,54.972532011365,0.0231326288981835,"f"
5839,1,54.973017686479,0.0231324472589323,"f"
5840,1,54.9734998589951,0.0231322669275326,"f"
5841,1,54.9739783527592,0.0231320879699619,"f"
5842,1,54.9744529916173,0.023131910452198,"f"
5843,1,54.9749235994156,0.0231317344402181,"f"
5844,1,54.97539,0.02313156,"f"
5845,1,54.9758520753078,0.023131387175801,"f"
5846,1,54.9763099396412,0.0231312159249981,"f"
5847,1,54.9767637653939,0.0231310461832482,"f"
5848,1,54.9772137249592,0.0231308778862082,"f"
5849,1,54.9776599907307,0.0231307109695348,"f"
5850,1,54.9781027351019,0.023130545368885,"f"
5851,1,54.9785421304664,0.0231303810199157,"f"
5852,1,54.9789783492175,0.0231302178582836,"f"
5853,1,54.9794115637489,0.0231300558196457,"f"
5854,1,54.9798419464541,0.0231298948396588,"f"
5855,1,54.9802696697265,0.0231297348539798,"f"
5856,1,54.9806949059597,0.0231295757982655,"f"
5857,1,54.9811178275472,0.0231294176081729,"f"
5858,1,54.9815386068825,0.0231292602193587,"f"
5859,1,54.981957416359,0.0231291035674799,"f"
5860,1,54.9823744283704,0.0231289475881932,"f"
5861,1,54.9827898153101,0.0231287922171556,"f"
5862,1,54.9832037495717,0.023128637390024,"f"
5863,1,54.9836164035486,0.0231284830424551,"f"
5864,1,54.9840279496343,0.0231283291101059,"f"
5865,1,54.9844385602224,0.0231281755286332,"f"
5866,1,54.9848484077064,0.0231280222336938,"f"
5867,1,54.9852576644798,0.0231278691609447,"f"
5868,1,54.9856665029361,0.0231277162460428,"f"
5869,1,54.9860750954688,0.0231275634246448,"f"
5870,1,54.9864836144714,0.0231274106324076,"f"
5871,1,54.9868922323374,0.0231272578049881,"f"
5872,1,54.9873011214604,0.0231271048780432,"f"
5873,1,54.9877104542338,0.0231269517872296,"f"
5874,1,54.9881204030512,0.0231267984682044,"f"
5875,1,54.9885311296209,0.023126644860596,"f"
5876,1,54.9889426790392,0.0231264909473767,"f"
5877,1,54.9893550246293,0.0231263367381968,"f"
5878,1,54.9897681386644,0.0231261822430967,"f"
5879,1,54.9901819934177,0.0231260274721166,"f"
5880,1,54.9905965611623,0.0231258724352971,"f"
5881,1,54.9910118141714,0.0231257171426784,"f"
5882,1,54.9914277247182,0.0231255616043011,"f"
5883,1,54.9918442650759,0.0231254058302054,"f"
5884,1,54.9922614075175,0.0231252498304318,"f"
5885,1,54.9926791243164,0.0231250936150207,"f"
5886,1,54.9930973877456,0.0231249371940125,"f"
5887,1,54.9935161700784,0.0231247805774475,"f"
5888,1,54.9939354435879,0.0231246237753662,"f"
5889,1,54.9943551805473,0.0231244667978089,"f"
5890,1,54.9947753532298,0.0231243096548161,"f"
5891,1,54.9951959339085,0.023124152356428,"f"
5892,1,54.9956168948565,0.0231239949126853,"f"
5893,1,54.9960382083472,0.0231238373336281,"f"
5894,1,54.9964598466537,0.0231236796292969,"f"
5895,1,54.996881782049,0.0231235218097321,"f"
5896,1,54.9973039868065,0.0231233638849742,"f"
5897,1,54.9977264331992,0.0231232058650634,"f"
5898,1,54.9981490935003,0.0231230477600402,"f"
5899,1,54.9985719399831,0.0231228895799449,"f"
5900,1,54.9989949449207,0.023122731334818,"f"
5901,1,54.9994180805862,0.0231225730346999,"f"
5902,1,54.9998413192529,0.0231224146896309,"f"
5903,1,55.0002646331939,0.0231222563096515,"f"
5904,1,55.0006879946824,0.023122097904802,"f"
5905,1,55.0011113759915,0.0231219394851228,"f"
5906,1,55.0015347547294,0.0231217810587816,"f"
5907,1,55.0019581296371,0.0231216226265274,"f"
5908,1,55.0023815046875,0.0231214641872727,"f"
5909,1,55.0028048838537,0.02312130573993,"f"
5910,1,55.0032282711084,0.0231211472834118,"f"
5911,1,55.0036516704247,0.0231209888166306,"f"
5912,1,55.0040750857755,0.0231208303384988,"f"
5913,1,55.0044985211337,0.0231206718479289,"f"
5914,1,55.0049219804724,0.0231205133438335,"f"
5915,1,55.0053454677643,0.0231203548251249,"f"
5916,1,55.0057689869826,0.0231201962907158,"f"
5917,1,55.0061925421,0.0231200377395185,"f"
5918,1,55.0066161370896,0.0231198791704455,"f"
5919,1,55.0070397759243,0.0231197205824094,"f"
5920,1,55.007463462577,0.0231195619743226,"f"
5921,1,55.0078872010207,0.0231194033450976,"f"
5922,1,55.0083109952283,0.0231192446936468,"f"
5923,1,55.0087348491728,0.0231190860188828,"f"
5924,1,55.0091587668271,0.0231189273197181,"f"
5925,1,55.0095827521641,0.0231187685950651,"f"
5926,1,55.0100068091569,0.0231186098438362,"f"
5927,1,55.0104309417782,0.0231184510649441,"f"
5928,1,55.0108551540011,0.0231182922573012,"f"
5929,1,55.0112794497986,0.0231181334198199,"f"
5930,1,55.0117038331435,0.0231179745514127,"f"
5931,1,55.0121283080088,0.0231178156509922,"f"
5932,1,55.0125528783674,0.0231176567174708,"f"
5933,1,55.0129775481923,0.0231174977497609,"f"
5934,1,55.0134023214564,0.0231173387467751,"f"
5935,1,55.0138272021327,0.0231171797074259,"f"
5936,1,55.0142521931035,0.0231170206310308,"f"
5937,1,55.0146772854856,0.0231168615212773,"f"
5938,1,55.0151024632171,0.0231167023845195,"f"
5939,1,55.0155277101339,0.023116543227149,"f"
5940,1,55.0159530100715,0.0231163840555581,"f"
5941,1,55.0163783468657,0.0231162248761384,"f"
5942,1,55.0168037043523,0.023116065695282,"f"
5943,1,55.017229066367,0.0231159065193807,"f"
5944,1,55.0176544167455,0.0231157473548266,"f"
5945,1,55.0180797393235,0.0231155882080115,"f"
5946,1,55.0185050179368,0.0231154290853274,"f"
5947,1,55.0189302364211,0.0231152699931661,"f"
5948,1,55.0193553786121,0.0231151109379197,"f"
5949,1,55.0197804283456,0.0231149519259799,"f"
5950,1,55.0202053694573,0.0231147929637389,"f"
5951,1,55.0206301857829,0.0231146340575884,"f"
5952,1,55.0210548611581,0.0231144752139204,"f"
5953,1,55.0214793794187,0.0231143164391268,"f"
5954,1,55.0219037244004,0.0231141577395996,"f"
5955,1,55.022327879939,0.0231139991217306,"f"
5956,1,55.0227518298701,0.0231138405919119,"f"
5957,1,55.0231755580295,0.0231136821565353,"f"
5958,1,55.0235990482529,0.0231135238219927,"f"
5959,1,55.024022284376,0.0231133655946761,"f"
5960,1,55.0244452502346,0.0231132074809774,"f"
5961,1,55.0248679296644,0.0231130494872885,"f"
5962,1,55.0252903065012,0.0231128916200014,"f"
5963,1,55.0257123645806,0.023112733885508,"f"
5964,1,55.0261340877383,0.0231125762902001,"f"
5965,1,55.0265554598103,0.0231124188404698,"f"
5966,1,55.0269764649701,0.0231122615425688,"f"
5967,1,55.0273971030248,0.0231121043962724,"f"
5968,1,55.0278173956611,0.0231119473922913,"f"
5969,1,55.0282373661972,0.02311179052066,"f"
5970,1,55.0286570379514,0.0231116337714134,"f"
5971,1,55.0290764342421,0.0231114771345861,"f"
5972,1,55.0294955783874,0.0231113206002127,"f"
5973,1,55.0299144937057,0.0231111641583279,"f"
5974,1,55.0303332035153,0.0231110077989665,"f"
5975,1,55.0307517311345,0.023110851512163,"f"
5976,1,55.0311700998816,0.0231106952879523,"f"
5977,1,55.0315883330748,0.0231105391163689,"f"
5978,1,55.0320064540326,0.0231103829874475,"f"
5979,1,55.0324244860731,0.0231102268912228,"f"
5980,1,55.0328424525147,0.0231100708177295,"f"
5981,1,55.0332603766757,0.0231099147570023,"f"
5982,1,55.0336782818744,0.0231097586990759,"f"
5983,1,55.034096191429,0.0231096026339848,"f"
5984,1,55.0345141286579,0.0231094465517639,"f"
5985,1,55.0349321168793,0.0231092904424477,"f"
5986,1,55.0353501794116,0.023109134296071,"f"
5987,1,55.035768339573,0.0231089781026685,"f"
5988,1,55.0361866206819,0.0231088218522748,"f"
5989,1,55.0366050460566,0.0231086655349246,"f"
5990,1,55.0370236390153,0.0231085091406525,"f"
5991,1,55.0374424228763,0.0231083526594933,"f"
5992,1,55.0378614209579,0.0231081960814817,"f"
5993,1,55.0382806565785,0.0231080393966522,"f"
5994,1,55.0387001530564,0.0231078825950397,"f"
5995,1,55.0391199337097,0.0231077256666787,"f"
5996,1,55.0395400218569,0.023107568601604,"f"
5997,1,55.0399604389598,0.0231074113906806,"f"
5998,1,55.0403811866829,0.0231072540336301,"f"
5999,1,55.0408022547162,0.0231070965355305,"f"
6000,1,55.0412236325833,0.0231069389015344,"f"
6001,1,55.0416453098077,0.0231067811367944,"f"
6002,1,55.0420672759131,0.0231066232464632,"f"
6003,1,55.0424895204229,0.0231064652356933,"f"
6004,1,55.0429120328607,0.0231063071096373,"f"
6005,1,55.0433348027501,0.0231061488734479,"f"
6006,1,55.0437578196146,0.0231059905322777,"f"
6007,1,55.0441810729777,0.0231058320912791,"f"
6008,1,55.044604552363,0.023105673555605,"f"
6009,1,55.0450282472941,0.0231055149304078,"f"
6010,1,55.0454521472945,0.0231053562208401,"f"
6011,1,55.0458762418877,0.0231051974320546,"f"
6012,1,55.0463005205974,0.0231050385692039,"f"
6013,1,55.046724972947,0.0231048796374406,"f"
6014,1,55.0471495884602,0.0231047206419172,"f"
6015,1,55.0475743566604,0.0231045615877864,"f"
6016,1,55.0479992670712,0.0231044024802008,"f"
6017,1,55.0484243092162,0.023104243324313,"f"
6018,1,55.0488494726188,0.0231040841252756,"f"
6019,1,55.0492747468028,0.0231039248882412,"f"
6020,1,55.0497001212916,0.0231037656183624,"f"
6021,1,55.0501255856087,0.0231036063207917,"f"
6022,1,55.0505511292778,0.0231034470006819,"f"
6023,1,55.0509767418223,0.0231032876631855,"f"
6024,1,55.0514024127659,0.0231031283134551,"f"
6025,1,55.051828131632,0.0231029689566434,"f"
6026,1,55.0522538879443,0.0231028095979028,"f"
6027,1,55.0526796712096,0.0231026502423749,"f"
6028,1,55.0531054701832,0.0231024908946932,"f"
6029,1,55.0535312725771,0.0231023315587869,"f"
6030,1,55.0539570660266,0.023102172238533,"f"
6031,1,55.0543828381668,0.0231020129378089,"f"
6032,1,55.054808576633,0.0231018536604917,"f"
6033,1,55.0552342690604,0.0231016944104586,"f"
6034,1,55.0556599030842,0.0231015351915867,"f"
6035,1,55.0560854663397,0.0231013760077533,"f"
6036,1,55.056510946462,0.0231012168628355,"f"
6037,1,55.0569363310864,0.0231010577607106,"f"
6038,1,55.0573616078481,0.0231008987052557,"f"
6039,1,55.0577867643823,0.023100739700348,"f"
6040,1,55.0582117883242,0.0231005807498646,"f"
6041,1,55.0586366673091,0.0231004218576829,"f"
6042,1,55.0590613889722,0.0231002630276799,"f"
6043,1,55.0594859409487,0.0231001042637329,"f"
6044,1,55.0599103108738,0.023099945569719,"f"
6045,1,55.0603344863827,0.0230997869495154,"f"
6046,1,55.0607584551106,0.0230996284069994,"f"
6047,1,55.0611822046929,0.023099469946048,"f"
6048,1,55.0616057227646,0.0230993115705386,"f"
6049,1,55.0620289969611,0.0230991532843482,"f"
6050,1,55.0624520149175,0.0230989950913541,"f"
6051,1,55.062874764269,0.0230988369954334,"f"
6052,1,55.0632972326509,0.0230986790004633,"f"
6053,1,55.0637194076984,0.0230985211103211,"f"
6054,1,55.0641412770467,0.0230983633288839,"f"
6055,1,55.064562828331,0.0230982056600289,"f"
6056,1,55.0649840491866,0.0230980481076332,"f"
6057,1,55.0654049272499,0.0230978906755737,"f"
6058,1,55.0658254570705,0.0230977333653213,"f"
6059,1,55.0662456563629,0.0230975761702853,"f"
6060,1,55.0666655476876,0.0230974190821887,"f"
6061,1,55.0670851536055,0.0230972620927543,"f"
6062,1,55.0675044966771,0.023097105193705,"f"
6063,1,55.0679235994632,0.0230969483767636,"f"
6064,1,55.0683424845245,0.0230967916336531,"f"
6065,1,55.0687611744216,0.0230966349560963,"f"
6066,1,55.0691796917153,0.023096478335816,"f"
6067,1,55.0695980589663,0.0230963217645351,"f"
6068,1,55.0700162987352,0.0230961652339765,"f"
6069,1,55.0704344335827,0.0230960087358631,"f"
6070,1,55.0708524860695,0.0230958522619177,"f"
6071,1,55.0712704787564,0.0230956958038632,"f"
6072,1,55.0716884342039,0.0230955393534225,"f"
6073,1,55.0721063749728,0.0230953829023184,"f"
6074,1,55.0725243236239,0.0230952264422738,"f"
6075,1,55.0729423027176,0.0230950699650116,"f"
6076,1,55.0733603348149,0.0230949134622547,"f"
6077,1,55.0737784424763,0.0230947569257258,"f"
6078,1,55.0741966482626,0.0230946003471479,"f"
6079,1,55.0746149747344,0.0230944437182438,"f"
6080,1,55.0750334444525,0.0230942870307365,"f"
6081,1,55.0754520799774,0.0230941302763487,"f"
6082,1,55.07587090387,0.0230939734468034,"f"
6083,1,55.0762899386909,0.0230938165338234,"f"
6084,1,55.0767092070008,0.0230936595291316,"f"
6085,1,55.0771287313603,0.0230935024244508,"f"
6086,1,55.0775485343303,0.023093345211504,"f"
6087,1,55.0779686384713,0.0230931878820139,"f"
6088,1,55.0783890660396,0.0230930304278239,"f"
6089,1,55.078809825778,0.0230928728461189,"f"
6090,1,55.0792309078393,0.0230927151414328,"f"
6091,1,55.0796523010235,0.0230925573188339,"f"
6092,1,55.080073994131,0.0230923993833906,"f"
6093,1,55.080495975962,0.0230922413401713,"f"
6094,1,55.0809182353167,0.0230920831942444,"f"
6095,1,55.0813407609954,0.0230919249506782,"f"
6096,1,55.0817635417982,0.0230917666145411,"f"
6097,1,55.0821865665254,0.0230916081909016,"f"
6098,1,55.0826098239773,0.023091449684828,"f"
6099,1,55.083033302954,0.0230912911013886,"f"
6100,1,55.0834569922558,0.0230911324456519,"f"
6101,1,55.083880880683,0.0230909737226863,"f"
6102,1,55.0843049570357,0.02309081493756,"f"
6103,1,55.0847292101142,0.0230906560953416,"f"
6104,1,55.0851536287187,0.0230904972010994,"f"
6105,1,55.0855782016495,0.0230903382599017,"f"
6106,1,55.0860029177068,0.023090179276817,"f"
6107,1,55.0864277656907,0.0230900202569135,"f"
6108,1,55.0868527344017,0.0230898612052599,"f"
6109,1,55.0872778126397,0.0230897021269242,"f"
6110,1,55.0877029892052,0.0230895430269751,"f"
6111,1,55.0881282528984,0.0230893839104808,"f"
6112,1,55.0885535925193,0.0230892247825098,"f"
6113,1,55.0889789968684,0.0230890656481304,"f"
6114,1,55.0894044547459,0.023088906512411,"f"
6115,1,55.0898299549518,0.0230887473804199,"f"
6116,1,55.0902554862866,0.0230885882572256,"f"
6117,1,55.0906810375504,0.0230884291478965,"f"
6118,1,55.0911065975434,0.0230882700575008,"f"
6119,1,55.091532155136,0.0230881109906005,"f"
6120,1,55.0919576994305,0.023087951950078,"f"
6121,1,55.0923832195778,0.0230877929384675,"f"
6122,1,55.0928087047284,0.023087633958303,"f"
6123,1,55.093234144033,0.0230874750121189,"f"
6124,1,55.0936595266421,0.0230873161024492,"f"
6125,1,55.0940848417066,0.0230871572318283,"f"
6126,1,55.094510078377,0.0230869984027903,"f"
6127,1,55.094935225804,0.0230868396178695,"f"
6128,1,55.0953602731382,0.0230866808795999,"f"
6129,1,55.0957852095303,0.0230865221905159,"f"
6130,1,55.0962100241309,0.0230863635531516,"f"
6131,1,55.0966347060907,0.0230862049700412,"f"
6132,1,55.0970592445603,0.023086046443719,"f"
6133,1,55.0974836286903,0.023085887976719,"f"
6134,1,55.0979078476315,0.0230857295715756,"f"
6135,1,55.0983318905345,0.0230855712308229,"f"
6136,1,55.0987557465499,0.0230854129569951,"f"
6137,1,55.0991794048283,0.0230852547526264,"f"
6138,1,55.0996028545205,0.0230850966202511,"f"
6139,1,55.100026084777,0.0230849385624033,"f"
6140,1,55.1004490847486,0.0230847805816172,"f"
6141,1,55.1008718435858,0.023084622680427,"f"
6142,1,55.1012943504393,0.0230844648613669,"f"
6143,1,55.1017165944598,0.0230843071269712,"f"
6144,1,55.1021385647979,0.0230841494797739,"f"
6145,1,55.1025602506043,0.0230839919223094,"f"
6146,1,55.1029816410296,0.0230838344571119,"f"
6147,1,55.1034027252245,0.0230836770867154,"f"
6148,1,55.1038234923395,0.0230835198136543,"f"
6149,1,55.1042439337724,0.0230833626397921,"f"
6150,1,55.1046640606907,0.0230832055610923,"f"
6151,1,55.105083894533,0.0230830485704533,"f"
6152,1,55.1055034568253,0.0230828916607472,"f"
6153,1,55.1059227690937,0.0230827348248461,"f"
6154,1,55.1063418528642,0.0230825780556221,"f"
6155,1,55.1067607296629,0.0230824213459475,"f"
6156,1,55.1071794210159,0.0230822646886944,"f"
6157,1,55.1075979484493,0.0230821080767349,"f"
6158,1,55.1080163334891,0.0230819515029412,"f"
6159,1,55.1084345976615,0.0230817949601854,"f"
6160,1,55.1088527624924,0.0230816384413397,"f"
6161,1,55.109270849508,0.0230814819392763,"f"
6162,1,55.1096888802343,0.0230813254468672,"f"
6163,1,55.1101068761973,0.0230811689569846,"f"
6164,1,55.1105248589233,0.0230810124625007,"f"
6165,1,55.1109428499382,0.0230808559562876,"f"
6166,1,55.1113608707682,0.0230806994312175,"f"
6167,1,55.1117789429392,0.0230805428801625,"f"
6168,1,55.1121970879773,0.0230803862959948,"f"
6169,1,55.1126153274087,0.0230802296715865,"f"
6170,1,55.1130336827595,0.0230800729998098,"f"
6171,1,55.1134521755556,0.0230799162735368,"f"
6172,1,55.1138708273231,0.0230797594856397,"f"
6173,1,55.1142896595882,0.0230796026289906,"f"
6174,1,55.1147086938768,0.0230794456964616,"f"
6175,1,55.1151279517152,0.023079288680925,"f"
6176,1,55.1155474546292,0.0230791315752528,"f"
6177,1,55.1159672241451,0.0230789743723173,"f"
6178,1,55.1163872817889,0.0230788170649905,"f"
6179,1,55.1168076490851,0.0230786596461451,"f"
6180,1,55.1172283410693,0.0230785021108763,"f"
6181,1,55.117649351449,0.0230783444615839,"f"
6182,1,55.1180706695565,0.0230781867021662,"f"
6183,1,55.118492284724,0.0230780288365216,"f"
6184,1,55.1189141862837,0.0230778708685485,"f"
6185,1,55.119336363568,0.0230777128021451,"f"
6186,1,55.1197588059091,0.0230775546412099,"f"
6187,1,55.1201815026391,0.0230773963896411,"f"
6188,1,55.1206044430904,0.0230772380513372,"f"
6189,1,55.1210276165953,0.0230770796301965,"f"
6190,1,55.1214510124858,0.0230769211301173,"f"
6191,1,55.1218746200944,0.023076762554998,"f"
6192,1,55.1222984287532,0.0230766039087369,"f"
6193,1,55.1227224277945,0.0230764451952324,"f"
6194,1,55.1231466065505,0.0230762864183829,"f"
6195,1,55.1235709543535,0.0230761275820866,"f"
6196,1,55.1239954605357,0.023075968690242,"f"
6197,1,55.1244201144293,0.0230758097467473,"f"
6198,1,55.1248449053667,0.023075650755501,"f"
6199,1,55.1252698226801,0.0230754917204014,"f"
6200,1,55.1256948557017,0.0230753326453468,"f"
6201,1,55.1261199937637,0.0230751735342356,"f"
6202,1,55.1265452261984,0.0230750143909662,"f"
6203,1,55.1269705423381,0.0230748552194368,"f"
6204,1,55.1273959315149,0.0230746960235459,"f"
6205,1,55.1278213830612,0.0230745368071917,"f"
6206,1,55.1282468863092,0.0230743775742727,"f"
6207,1,55.1286724305911,0.0230742183286872,"f"
6208,1,55.1290980052391,0.0230740590743335,"f"
6209,1,55.1295235995856,0.02307389981511,"f"
6210,1,55.1299492028742,0.0230737405549149,"f"
6211,1,55.1303748035779,0.0230735812976463,"f"
6212,1,55.1308003897725,0.0230734220472019,"f"
6213,1,55.131225949531,0.0230732628074794,"f"
6214,1,55.1316514709261,0.0230731035823764,"f"
6215,1,55.1320769420304,0.0230729443757908,"f"
6216,1,55.1325023509169,0.0230727851916203,"f"
6217,1,55.1329276856581,0.0230726260337627,"f"
6218,1,55.133352934327,0.0230724669061155,"f"
6219,1,55.1337780849962,0.0230723078125766,"f"
6220,1,55.1342031257386,0.0230721487570438,"f"
6221,1,55.1346280446267,0.0230719897434147,"f"
6222,1,55.1350528297335,0.023071830775587,"f"
6223,1,55.1354774691317,0.0230716718574586,"f"
6224,1,55.135901950894,0.0230715129929271,"f"
6225,1,55.1363262630932,0.0230713541858902,"f"
6226,1,55.136750393802,0.0230711954402458,"f"
6227,1,55.1371743310933,0.0230710367598915,"f"
6228,1,55.1375980630396,0.023070878148725,"f"
6229,1,55.1380215777139,0.0230707196106442,"f"
6230,1,55.1384448631889,0.0230705611495467,"f"
6231,1,55.1388679075373,0.0230704027693302,"f"
6232,1,55.1392906988319,0.0230702444738925,"f"
6233,1,55.1397132251454,0.0230700862671313,"f"
6234,1,55.1401354745506,0.0230699281529444,"f"
6235,1,55.1405574351202,0.0230697701352295,"f"
6236,1,55.1409790949271,0.0230696122178843,"f"
6237,1,55.1414004420439,0.0230694544048065,"f"
6238,1,55.1418214645434,0.023069296699894,"f"
6239,1,55.1422421504984,0.0230691391070443,"f"
6240,1,55.1426624884607,0.0230689816300048,"f"
6241,1,55.1430824823228,0.0230688242677039,"f"
6242,1,55.1435021541929,0.0230686670133483,"f"
6243,1,55.1439215272383,0.023068509859812,"f"
6244,1,55.1443406246262,0.0230683527999689,"f"
6245,1,55.1447594695237,0.023068195826693,"f"
6246,1,55.1451780850983,0.0230680389328583,"f"
6247,1,55.145596494517,0.0230678821113388,"f"
6248,1,55.1460147209471,0.0230677253550084,"f"
6249,1,55.1464327875558,0.0230675686567411,"f"
6250,1,55.1468507175105,0.0230674120094108,"f"
6251,1,55.1472685339783,0.0230672554058917,"f"
6252,1,55.1476862601264,0.0230670988390575,"f"
6253,1,55.1481039191221,0.0230669423017824,"f"
6254,1,55.1485215341327,0.0230667857869402,"f"
6255,1,55.1489391283254,0.0230666292874051,"f"
6256,1,55.1493567248673,0.0230664727960508,"f"
6257,1,55.1497743469258,0.0230663163057515,"f"
6258,1,55.1501920176681,0.023066159809381,"f"
6259,1,55.1506097602614,0.0230660032998134,"f"
6260,1,55.1510275978729,0.0230658467699226,"f"
6261,1,55.1514455536699,0.0230656902125826,"f"
6262,1,55.1518636508197,0.0230655336206674,"f"
6263,1,55.1522819124894,0.023065376987051,"f"
6264,1,55.1527003618462,0.0230652203046073,"f"
6265,1,55.1531190220576,0.0230650635662103,"f"
6266,1,55.1535379162906,0.023064906764734,"f"
6267,1,55.1539570677124,0.0230647498930524,"f"
6268,1,55.1543764994905,0.0230645929440393,"f"
6269,1,55.1547962347919,0.0230644359105689,"f"
6270,1,55.1552162967839,0.0230642787855151,"f"
6271,1,55.1556367061289,0.0230641215624394,"f"
6272,1,55.1560574619228,0.0230639642408239,"f"
6273,1,55.1564785522558,0.0230638068231718,"f"
6274,1,55.15689996513,0.0230636493120105,"f"
6275,1,55.1573216885476,0.0230634917098673,"f"
6276,1,55.1577437105105,0.0230633340192698,"f"
6277,1,55.1581660190211,0.0230631762427452,"f"
6278,1,55.1585886020813,0.0230630183828211,"f"
6279,1,55.1590114476934,0.0230628604420248,"f"
6280,1,55.1594345438593,0.0230627024228837,"f"
6281,1,55.1598578785813,0.0230625443279252,"f"
6282,1,55.1602814398615,0.0230623861596768,"f"
6283,1,55.160705215702,0.0230622279206658,"f"
6284,1,55.1611291941049,0.0230620696134196,"f"
6285,1,55.1615533630724,0.0230619112404657,"f"
6286,1,55.1619777106065,0.0230617528043315,"f"
6287,1,55.1624022247094,0.0230615943075443,"f"
6288,1,55.1628268933832,0.0230614357526316,"f"
6289,1,55.16325170463,0.0230612771421207,"f"
6290,1,55.163676646452,0.0230611184785391,"f"
6291,1,55.1641017068512,0.0230609597644142,"f"
6292,1,55.1645268738298,0.0230608010022734,"f"
6293,1,55.1649521353899,0.023060642194644,"f"
6294,1,55.1653774795337,0.0230604833440536,"f"
6295,1,55.1658028942632,0.0230603244530295,"f"
6296,1,55.1662283675806,0.023060165524099,"f"
6297,1,55.166653887488,0.0230600065597897,"f"
6298,1,55.1670794419875,0.0230598475626289,"f"
6299,1,55.1675050190812,0.023059688535144,"f"
6300,1,55.1679306067713,0.0230595294798625,"f"
6301,1,55.1683561930824,0.0230593703993475,"f"
6302,1,55.1687817667477,0.0230592112972895,"f"
6303,1,55.1692073173345,0.0230590521787062,"f"
6304,1,55.1696328344581,0.0230588930486913,"f"
6305,1,55.1700583077336,0.0230587339123386,"f"
6306,1,55.1704837267763,0.0230585747747417,"f"
6307,1,55.1709090812013,0.0230584156409944,"f"
6308,1,55.171334360624,0.0230582565161905,"f"
6309,1,55.1717595546594,0.0230580974054237,"f"
6310,1,55.1721846529228,0.0230579383137877,"f"
6311,1,55.1726096450294,0.0230577792463764,"f"
6312,1,55.1730345205945,0.0230576202082833,"f"
6313,1,55.1734592692332,0.0230574612046024,"f"
6314,1,55.1738838805607,0.0230573022404272,"f"
6315,1,55.1743083441922,0.0230571433208517,"f"
6316,1,55.174732649743,0.0230569844509694,"f"
6317,1,55.1751567868283,0.0230568256358742,"f"
6318,1,55.1755807450632,0.0230566668806597,"f"
6319,1,55.176004514063,0.0230565081904198,"f"
6320,1,55.1764280834429,0.0230563495702481,"f"
6321,1,55.176851442818,0.0230561910252385,"f"
6322,1,55.1772745818037,0.0230560325604846,"f"
6323,1,55.1776974900151,0.0230558741810802,"f"
6324,1,55.1781201570674,0.0230557158921191,"f"
6325,1,55.1785425725758,0.0230555576986949,"f"
6326,1,55.1789647261556,0.0230553996059014,"f"
6327,1,55.1793866074219,0.0230552416188325,"f"
6328,1,55.17980820599,0.0230550837425817,"f"
6329,1,55.180229511475,0.0230549259822429,"f"
6330,1,55.1806505134922,0.0230547683429097,"f"
6331,1,55.1810712016661,0.023054610829672,"f"
6332,1,55.1814915728455,0.023054453444468,"f"
6333,1,55.1819116440276,0.0230542961804478,"f"
6334,1,55.1823314356945,0.023054139029241,"f"
6335,1,55.1827509683282,0.0230539819824774,"f"
6336,1,55.1831702624109,0.0230538250317867,"f"
6337,1,55.1835893384244,0.0230536681687988,"f"
6338,1,55.1840082168511,0.0230535113851433,"f"
6339,1,55.1844269181728,0.02305335467245,"f"
6340,1,55.1848454628717,0.0230531980223487,"f"
6341,1,55.1852638714298,0.0230530414264691,"f"
6342,1,55.1856821643293,0.023052884876441,"f"
6343,1,55.1861003620521,0.0230527283638941,"f"
6344,1,55.1865184850803,0.0230525718804582,"f"
6345,1,55.1869365538961,0.023052415417763,"f"
6346,1,55.1873545889814,0.0230522589674384,"f"
6347,1,55.1877726108184,0.0230521025211139,"f"
6348,1,55.1881906398891,0.0230519460704195,"f"
6349,1,55.1886086966756,0.0230517896069848,"f"
6350,1,55.1890268016599,0.0230516331224397,"f"
6351,1,55.1894449753242,0.0230514766084138,"f"
6352,1,55.1898632381504,0.0230513200565369,"f"
6353,1,55.1902816106207,0.0230511634584388,"f"
6354,1,55.1907001132171,0.0230510068057492,"f"
6355,1,55.1911187664217,0.0230508500900979,"f"
6356,1,55.1915375907166,0.0230506933031146,"f"
6357,1,55.1919566065837,0.0230505364364291,"f"
6358,1,55.1923758345053,0.0230503794816712,"f"
6359,1,55.1927952949633,0.0230502224304705,"f"
6360,1,55.1932150084399,0.0230500652744569,"f"
6361,1,55.193634995417,0.0230499080052601,"f"
6362,1,55.1940552759555,0.0230497506146896,"f"
6363,1,55.194475857083,0.0230495931001163,"f"
6364,1,55.1948967306136,0.0230494354654028,"f"
6365,1,55.1953178875007,0.0230492777147789,"f"
6366,1,55.1957393186973,0.0230491198524745,"f"
6367,1,55.1961610151569,0.0230489618827195,"f"
6368,1,55.1965829678325,0.023048803809744,"f"
6369,1,55.1970051676775,0.0230486456377776,"f"
6370,1,55.1974276056451,0.0230484873710505,"f"
6371,1,55.1978502726885,0.0230483290137924,"f"
6372,1,55.198273159761,0.0230481705702333,"f"
6373,1,55.1986962578158,0.023048012044603,"f"
6374,1,55.1991195578061,0.0230478534411316,"f"
6375,1,55.1995430506853,0.0230476947640488,"f"
6376,1,55.1999667274065,0.0230475360175846,"f"
6377,1,55.200390578923,0.023047377205969,"f"
6378,1,55.200814596188,0.0230472183334317,"f"
6379,1,55.2012387701547,0.0230470594042027,"f"
6380,1,55.2016630917765,0.023046900422512,"f"
6381,1,55.2020875520065,0.0230467413925893,"f"
6382,1,55.202512141798,0.0230465823186647,"f"
6383,1,55.2029368521043,0.023046423204968,"f"
6384,1,55.2033616738785,0.0230462640557292,"f"
6385,1,55.2037865980739,0.0230461048751781,"f"
6386,1,55.2042116156438,0.0230459456675446,"f"
6387,1,55.2046367175413,0.0230457864370587,"f"
6388,1,55.2050618947198,0.0230456271879502,"f"
6389,1,55.2054871381325,0.0230454679244491,"f"
6390,1,55.2059124387326,0.0230453086507853,"f"
6391,1,55.2063377874734,0.0230451493711886,"f"
6392,1,55.2067631753068,0.0230449900898889,"f"
6393,1,55.2071885922366,0.0230448308110225,"f"
6394,1,55.2076140256475,0.0230446715384681,"f"
6395,1,55.2080394624757,0.0230445122760602,"f"
6396,1,55.2084648896571,0.023044353027633,"f"
6397,1,55.2088902941279,0.023044193797021,"f"
6398,1,55.2093156628242,0.0230440345880586,"f"
6399,1,55.2097409826821,0.0230438754045804,"f"
6400,1,55.2101662406376,0.0230437162504206,"f"
6401,1,55.210591423627,0.0230435571294137,"f"
6402,1,55.2110165185862,0.0230433980453941,"f"
6403,1,55.2114415124513,0.0230432390021962,"f"
6404,1,55.2118663921586,0.0230430800036545,"f"
6405,1,55.212291144644,0.0230429210536034,"f"
6406,1,55.2127157568436,0.0230427621558773,"f"
6407,1,55.2131402156936,0.0230426033143106,"f"
6408,1,55.2135645081301,0.0230424445327377,"f"
6409,1,55.2139886210891,0.0230422858149931,"f"
6410,1,55.2144125415068,0.0230421271649112,"f"
6411,1,55.2148362563192,0.0230419685863263,"f"
6412,1,55.2152597524624,0.023041810083073,"f"
6413,1,55.2156830168726,0.0230416516589856,"f"
6414,1,55.2161060364858,0.0230414933178985,"f"
6415,1,55.2165287982382,0.0230413350636462,"f"
6416,1,55.2169512890658,0.0230411769000631,"f"
6417,1,55.2173734959047,0.0230410188309836,"f"
6418,1,55.217795405691,0.0230408608602422,"f"
6419,1,55.2182170053608,0.0230407029916731,"f"
6420,1,55.2186382818502,0.023040545229111,"f"
6421,1,55.2190592220954,0.0230403875763901,"f"
6422,1,55.2194798130324,0.023040230037345,"f"
6423,1,55.219900044865,0.0230400726148351,"f"
6424,1,55.2203199312437,0.0230399153047252,"f"
6425,1,55.2207394960578,0.0230397580998257,"f"
6426,1,55.2211587632399,0.023039600992934,"f"
6427,1,55.221577756722,0.0230394439768473,"f"
6428,1,55.2219965004367,0.0230392870443633,"f"
6429,1,55.2224150183162,0.0230391301882794,"f"
6430,1,55.2228333342929,0.0230389734013929,"f"
6431,1,55.223251472299,0.0230388166765013,"f"
6432,1,55.2236694562669,0.023038660006402,"f"
6433,1,55.2240873101289,0.0230385033838925,"f"
6434,1,55.2245050578173,0.0230383468017702,"f"
6435,1,55.2249227232645,0.0230381902528326,"f"
6436,1,55.2253403304028,0.023038033729877,"f"
6437,1,55.2257579031645,0.023037877225701,"f"
6438,1,55.226175465482,0.0230377207331019,"f"
6439,1,55.2265930412875,0.0230375642448772,"f"
6440,1,55.2270106545133,0.0230374077538243,"f"
6441,1,55.2274283290919,0.0230372512527406,"f"
6442,1,55.2278460889555,0.0230370947344237,"f"
6443,1,55.2282639580365,0.0230369381916708,"f"
6444,1,55.2286819602672,0.0230367816172795,"f"
6445,1,55.2291001195798,0.0230366250040472,"f"
6446,1,55.2295184599068,0.0230364683447713,"f"
6447,1,55.2299370051804,0.0230363116322493,"f"
6448,1,55.230355779333,0.0230361548592785,"f"
6449,1,55.2307748062969,0.0230359980186565,"f"
6450,1,55.2311941100044,0.0230358411031806,"f"
6451,1,55.2316137143879,0.0230356841056484,"f"
6452,1,55.2320336433796,0.0230355270188571,"f"
6453,1,55.2324539208987,0.0230353698356079,"f"
6454,1,55.2328745618452,0.023035212551106,"f"
6455,1,55.2332955564362,0.0230350551671374,"f"
6456,1,55.2337168907039,0.0230348976866036,"f"
6457,1,55.2341385506805,0.023034740112406,"f"
6458,1,55.2345605223982,0.0230345824474461,"f"
6459,1,55.2349827918893,0.0230344246946255,"f"
6460,1,55.235405345186,0.0230342668568456,"f"
6461,1,55.2358281683206,0.023034108937008,"f"
6462,1,55.2362512473252,0.0230339509380142,"f"
6463,1,55.2366745682321,0.0230337928627656,"f"
6464,1,55.2370981170735,0.0230336347141638,"f"
6465,1,55.2375218798816,0.0230334764951102,"f"
6466,1,55.2379458426887,0.0230333182085064,"f"
6467,1,55.238369991527,0.0230331598572539,"f"
6468,1,55.2387943124287,0.0230330014442542,"f"
6469,1,55.2392187914261,0.0230328429724087,"f"
6470,1,55.2396434145514,0.0230326844446189,"f"
6471,1,55.2400681678368,0.0230325258637865,"f"
6472,1,55.2404930373145,0.0230323672328128,"f"
6473,1,55.2409180090168,0.0230322085545994,"f"
6474,1,55.2413430689758,0.0230320498320478,"f"
6475,1,55.2417682032239,0.0230318910680595,"f"
6476,1,55.2421933977933,0.0230317322655359,"f"
6477,1,55.2426186387161,0.0230315734273787,"f"
6478,1,55.2430439120246,0.0230314145564892,"f"
6479,1,55.2434692037511,0.023031255655769,"f"
6480,1,55.2438944999277,0.0230310967281196,"f"
6481,1,55.2443197865867,0.0230309377764425,"f"
6482,1,55.2447450497604,0.0230307788036392,"f"
6483,1,55.2451702754809,0.0230306198126111,"f"
6484,1,55.245595450544,0.0230304608063289,"f"
6485,1,55.2460205671682,0.0230303017882527,"f"
6486,1,55.2464456199181,0.0230301427620546,"f"
6487,1,55.2468706033678,0.0230299837314079,"f"
6488,1,55.2472955120915,0.0230298246999854,"f"
6489,1,55.2477203406633,0.0230296656714603,"f"
6490,1,55.2481450836574,0.0230295066495056,"f"
6491,1,55.2485697356478,0.0230293476377943,"f"
6492,1,55.2489942912088,0.0230291886399995,"f"
6493,1,55.2494187449143,0.0230290296597943,"f"
6494,1,55.2498430913386,0.0230288707008515,"f"
6495,1,55.2502673250558,0.0230287117668444,"f"
6496,1,55.25069144064,0.023028552861446,"f"
6497,1,55.2511154326653,0.0230283939883292,"f"
6498,1,55.2515392957059,0.0230282351511671,"f"
6499,1,55.2519630243359,0.0230280763536329,"f"
6500,1,55.2523866131294,0.0230279175993994,"f"
6501,1,55.2528100566606,0.0230277588921398,"f"
6502,1,55.2532333495035,0.0230276002355272,"f"
6503,1,55.2536564862324,0.0230274416332344,"f"
6504,1,55.2540794614212,0.0230272830889347,"f"
6505,1,55.2545022696443,0.023027124606301,"f"
6506,1,55.2549249054756,0.0230269661890064,"f"
6507,1,55.2553473634894,0.0230268078407239,"f"
6508,1,55.2557696382597,0.0230266495651266,"f"
6509,1,55.2561917243606,0.0230264913658874,"f"
6510,1,55.2566136163664,0.0230263332466796,"f"
6511,1,55.2570353088511,0.023026175211176,"f"
6512,1,55.2574567963889,0.0230260172630497,"f"
6513,1,55.2578780735539,0.0230258594059738,"f"
6514,1,55.2582991351765,0.0230257016434821,"f"
6515,1,55.2587199820747,0.0230255439758537,"f"
6516,1,55.2591406211043,0.023025386400086,"f"
6517,1,55.2595610593881,0.0230252289130314,"f"
6518,1,55.2599813040487,0.0230250715115423,"f"
6519,1,55.2604013622087,0.023024914192471,"f"
6520,1,55.2608212409908,0.02302475695267,"f"
6521,1,55.2612409475175,0.0230245997889916,"f"
6522,1,55.2616604889115,0.0230244426982882,"f"
6523,1,55.2620798722954,0.0230242856774122,"f"
6524,1,55.2624991047918,0.0230241287232161,"f"
6525,1,55.2629181935234,0.0230239718325521,"f"
6526,1,55.2633371456128,0.0230238150022727,"f"
6527,1,55.2637559681826,0.0230236582292302,"f"
6528,1,55.2641746683554,0.0230235015102772,"f"
6529,1,55.2645932532539,0.0230233448422658,"f"
6530,1,55.2650117300007,0.0230231882220486,"f"
6531,1,55.2654301057183,0.0230230316464778,"f"
6532,1,55.2658483875296,0.023022875112406,"f"
6533,1,55.2662665825569,0.0230227186166855,"f"
6534,1,55.2666846979231,0.0230225621561687,"f"
6535,1,55.2671027407506,0.0230224057277079,"f"
6536,1,55.2675207181622,0.0230222493281556,"f"
6537,1,55.2679386372805,0.0230220929543641,"f"
6538,1,55.268356505228,0.0230219366031858,"f"
6539,1,55.2687743291275,0.0230217802714732,"f"
6540,1,55.2691921161014,0.0230216239560786,"f"
6541,1,55.2696098732726,0.0230214676538544,"f"
6542,1,55.2700276077635,0.0230213113616529,"f"
6543,1,55.2704453266968,0.0230211550763266,"f"
6544,1,55.2708630371952,0.0230209987947279,"f"
6545,1,55.271285773649,0.0230208405703306,"f"
6546,1,55.2717096457287,0.0230206819069296,"f"
6547,1,55.2721335178084,0.0230205232435285,"f"
6548,1,55.2725573898881,0.0230203645801275,"f"
6549,1,55.2729812619678,0.0230202059167265,"f"
6550,1,55.2734051340475,0.0230200472533254,"f"
6551,1,55.2738290061272,0.0230198885899244,"f"
6552,1,55.2742528782069,0.0230197299265233,"f"
6553,1,55.2746767502866,0.0230195712631223,"f"
6554,1,55.2751006223663,0.0230194125997213,"f"
6555,1,55.275524494446,0.0230192539363202,"f"
6556,1,55.2759483665257,0.0230190952729192,"f"
6557,1,55.2763722386053,0.0230189366095182,"f"
6558,1,55.276796110685,0.0230187779461171,"f"
6559,1,55.2772199827647,0.0230186192827161,"f"
6560,1,55.2776438548444,0.023018460619315,"f"
6561,1,55.2780677269241,0.023018301955914,"f"
6562,1,55.2784915990038,0.023018143292513,"f"
6563,1,55.2789154710835,0.0230179846291119,"f"
6564,1,55.2793393431632,0.0230178259657109,"f"
6565,1,55.2797632152429,0.0230176673023099,"f"
6566,1,55.2801870873226,0.0230175086389088,"f"
6567,1,55.2806109594023,0.0230173499755078,"f"
6568,1,55.281034831482,0.0230171913121067,"f"
6569,1,55.2814587035617,0.0230170326487057,"f"
6570,1,55.2818825756414,0.0230168739853047,"f"
6571,1,55.2823064477211,0.0230167153219036,"f"
6572,1,55.2827303198008,0.0230165566585026,"f"
6573,1,55.2831541918805,0.0230163979951016,"f"
6574,1,55.2835780639602,0.0230162393317005,"f"
6575,1,55.28379,0.02301616,"f"
