"age_days","L","M","S","sex"
0,-0.3053,13.4069,0.0956,"m"
1,-0.1867,13.3976,0.09597,"m"
2,-0.0681,13.3883,0.09634,"m"
3,0.0505,13.3791,0.09672,"m"
4,0.169,13.3698,0.09709,"m"
5,0.2876,13.3606,0.09746,"m"
6,0.4062,13.3513,0.09784,"m"
7,0.5247,13.3421,0.09821,"m"
8,0.5094,13.3843,0.09769,"m"
9,0.4941,13.4265,0.09716,"m"
10,0.4789,13.4687,0.09664,"m"
11,0.4636,13.511,0.09611,"m"
12,0.4483,13.5532,0.09559,"m"
13,0.433,13.5954,0.09507,"m"
14,0.4177,13.6377,0.09454,"m"
15,0.4059,13.7174,0.09416,"m"
16,0.3946,13.8006,0.0938,"m"
17,0.3839,13.8854,0.09347,"m"
18,0.3735,13.9707,0.09315,"m"
19,0.3636,14.0558,0.09285,"m"
20,0.3541,14.1404,0.09257,"m"
21,0.3449,14.2241,0.0923,"m"
22,0.336,14.3065,0.09204,"m"
23,0.3274,14.3877,0.0918,"m"
24,0.3191,14.4675,0.09156,"m"
25,0.311,14.5457,0.09134,"m"
26,0.3032,14.6225,0.09112,"m"
27,0.2955,14.6977,0.09092,"m"
28,0.2881,14.7714,0.09072,"m"
29,0.2809,14.8436,0.09053,"m"
30,0.2738,14.914,0.09035,"m"
31,0.2669,14.9822,0.09017,"m"
32,0.2602,15.0485,0.09,"m"
33,0.2536,15.1127,0.08984,"m"
34,0.2472,15.175,0.08968,"m"
35,0.2409,15.2355,0.08953,"m"
36,0.2348,15.2942,0.08938,"m"
37,0.2287,15.3511,0.08924,"m"
38,0.2228,15.4062,0.0891,"m"
39,0.217,15.4597,0.08897,"m"
40,0.2113,15.5115,0.08884,"m"
41,0.2058,15.5618,0.08871,"m"
42,0.2003,15.6107,0.08859,"m"
43,0.1949,15.6582,0.08847,"m"
44,0.1896,15.7043,0.08835,"m"
45,0.1844,15.7492,0.08824,"m"
46,0.1793,15.7929,0.08813,"m"
47,0.1743,15.8353,0.08802,"m"
48,0.1693,15.8767,0.08792,"m"
49,0.1645,15.9169,0.08782,"m"
50,0.1597,15.956,0.08772,"m"
51,0.155,15.9941,0.08762,"m"
52,0.1503,16.0311,0.08753,"m"
53,0.1457,16.0672,0.08743,"m"
54,0.1412,16.1023,0.08734,"m"
55,0.1368,16.1365,0.08725,"m"
56,0.1324,16.1698,0.08717,"m"
57,0.128,16.2021,0.08708,"m"
58,0.1238,16.2336,0.087,"m"
59,0.1196,16.2642,0.08692,"m"
60,0.1154,16.2941,0.08684,"m"
61,0.1113,16.3231,0.08676,"m"
62,0.1072,16.3513,0.08669,"m"
63,0.1032,16.3787,0.08661,"m"
64,0.0993,16.4053,0.08654,"m"
65,0.0954,16.4312,0.08646,"m"
66,0.0915,16.4562,0.08639,"m"
67,0.0877,16.4806,0.08632,"m"
68,0.084,16.5042,0.08626,"m"
69,0.0803,16.5271,0.08619,"m"
70,0.0766,16.5494,0.08612,"m"
71,0.0729,16.571,0.08606,"m"
72,0.0693,16.592,0.08599,"m"
73,0.0658,16.6124,0.08593,"m"
74,0.0623,16.6321,0.08587,"m"
75,0.0588,16.6514,0.08581,"m"
76,0.0554,16.67,0.08575,"m"
77,0.052,16.6882,0.08569,"m"
78,0.0486,16.7058,0.08564,"m"
79,0.0452,16.7229,0.08558,"m"
80,0.0419,16.7396,0.08552,"m"
81,0.0387,16.7557,0.08547,"m"
82,0.0354,16.7715,0.08541,"m"
83,0.0322,16.7867,0.08536,"m"
84,0.0291,16.8016,0.08531,"m"
85,0.0259,16.8161,0.08526,"m"
86,0.0228,16.8301,0.08521,"m"
87,0.0197,16.8438,0.08516,"m"
88,0.0167,16.8571,0.08511,"m"
89,0.0137,16.8701,0.08506,"m"
90,0.0107,16.8827,0.08501,"m"
91,0.0077,16.895,0.08496,"m"
92,0.0048,16.9069,0.08492,"m"
93,0.0018,16.9186,0.08487,"m"
94,-0.0011,16.9299,0.08483,"m"
95,-0.0039,16.941,0.08478,"m"
96,-0.0068,16.9518,0.08474,"m"
97,-0.0096,16.9623,0.0847,"m"
98,-0.0124,16.9725,0.08465,"m"
99,-0.0151,16.9825,0.08461,"m"
100,-0.0179,16.9923,0.08457,"m"
101,-0.0206,17.0018,0.08453,"m"
102,-0.0233,17.0111,0.08449,"m"
103,-0.026,17.0201,0.08445,"m"
104,-0.0287,17.029,0.08441,"m"
105,-0.0313,17.0376,0.08437,"m"
106,-0.0339,17.0461,0.08433,"m"
107,-0.0365,17.0544,0.08429,"m"
108,-0.0391,17.0624,0.08426,"m"
109,-0.0416,17.0704,0.08422,"m"
110,-0.0442,17.0781,0.08418,"m"
111,-0.0467,17.0857,0.08415,"m"
112,-0.0492,17.0931,0.08411,"m"
113,-0.0517,17.1003,0.08408,"m"
114,-0.0541,17.1074,0.08404,"m"
115,-0.0566,17.1144,0.08401,"m"
116,-0.059,17.1212,0.08397,"m"
117,-0.0614,17.1279,0.08394,"m"
118,-0.0638,17.1344,0.08391,"m"
119,-0.0662,17.1409,0.08387,"m"
120,-0.0686,17.1472,0.08384,"m"
121,-0.0709,17.1533,0.08381,"m"
122,-0.0732,17.1594,0.08378,"m"
123,-0.0756,17.1653,0.08375,"m"
124,-0.0779,17.1712,0.08371,"m"
125,-0.0801,17.1769,0.08368,"m"
126,-0.0824,17.1825,0.08365,"m"
127,-0.0847,17.188,0.08362,"m"
128,-0.0869,17.1934,0.08359,"m"
129,-0.0891,17.1987,0.08356,"m"
130,-0.0913,17.2038,0.08354,"m"
131,-0.0935,17.2089,0.08351,"m"
132,-0.0957,17.2138,0.08348,"m"
133,-0.0979,17.2187,0.08345,"m"
134,-0.1,17.2234,0.08342,"m"
135,-0.1022,17.2281,0.0834,"m"
136,-0.1043,17.2326,0.08337,"m"
137,-0.1064,17.237,0.08334,"m"
138,-0.1085,17.2414,0.08332,"m"
139,-0.1106,17.2456,0.08329,"m"
140,-0.1127,17.2497,0.08326,"m"
141,-0.1147,17.2537,0.08324,"m"
142,-0.1168,17.2576,0.08321,"m"
143,-0.1188,17.2615,0.08319,"m"
144,-0.1208,17.2652,0.08316,"m"
145,-0.1229,17.2688,0.08314,"m"
146,-0.1249,17.2723,0.08311,"m"
147,-0.1269,17.2757,0.08309,"m"
148,-0.1288,17.2791,0.08306,"m"
149,-0.1308,17.2823,0.08304,"m"
150,-0.1328,17.2854,0.08302,"m"
151,-0.1347,17.2885,0.08299,"m"
152,-0.1366,17.2914,0.08297,"m"
153,-0.1386,17.2943,0.08295,"m"
154,-0.1405,17.297,0.08292,"m"
155,-0.1424,17.2997,0.0829,"m"
156,-0.1443,17.3023,0.08288,"m"
157,-0.1462,17.3048,0.08285,"m"
158,-0.148,17.3072,0.08283,"m"
159,-0.1499,17.3095,0.08281,"m"
160,-0.1518,17.3117,0.08279,"m"
161,-0.1536,17.3139,0.08277,"m"
162,-0.1554,17.316,0.08275,"m"
163,-0.1573,17.318,0.08272,"m"
164,-0.1591,17.3199,0.0827,"m"
165,-0.1609,17.3218,0.08268,"m"
166,-0.1627,17.3235,0.08266,"m"
167,-0.1645,17.3252,0.08264,"m"
168,-0.1663,17.3268,0.08262,"m"
169,-0.168,17.3284,0.0826,"m"
170,-0.1698,17.3299,0.08258,"m"
171,-0.1715,17.3313,0.08256,"m"
172,-0.1733,17.3326,0.08254,"m"
173,-0.175,17.3338,0.08252,"m"
174,-0.1768,17.335,0.0825,"m"
175,-0.1785,17.3361,0.08248,"m"
176,-0.1802,17.3371,0.08246,"m"
177,-0.1819,17.3381,0.08244,"m"
178,-0.1836,17.339,0.08242,"m"
179,-0.1853,17.3398,0.08241,"m"
180,-0.187,17.3406,0.08239,"m"
181,-0.1886,17.3412,0.08237,"m"
182,-0.1903,17.3419,0.08235,"m"
183,-0.1919,17.3424,0.08233,"m"
184,-0.1936,17.3429,0.08231,"m"
185,-0.1952,17.3433,0.0823,"m"
186,-0.1969,17.3437,0.08228,"m"
187,-0.1985,17.3439,0.08226,"m"
188,-0.2001,17.3441,0.08224,"m"
189,-0.2017,17.3443,0.08222,"m"
190,-0.2033,17.3444,0.08221,"m"
191,-0.2049,17.3444,0.08219,"m"
192,-0.2065,17.3443,0.08217,"m"
193,-0.2081,17.3442,0.08216,"m"
194,-0.2097,17.344,0.08214,"m"
195,-0.2112,17.3438,0.08212,"m"
196,-0.2128,17.3434,0.0821,"m"
197,-0.2144,17.3431,0.08209,"m"
198,-0.2159,17.3426,0.08207,"m"
199,-0.2174,17.3421,0.08205,"m"
200,-0.219,17.3416,0.08204,"m"
201,-0.2205,17.3409,0.08202,"m"
202,-0.222,17.3402,0.08201,"m"
203,-0.2235,17.3395,0.08199,"m"
204,-0.2251,17.3387,0.08197,"m"
205,-0.2266,17.3378,0.08196,"m"
206,-0.2281,17.3369,0.08194,"m"
207,-0.2295,17.3359,0.08193,"m"
208,-0.231,17.3349,0.08191,"m"
209,-0.2325,17.3338,0.08189,"m"
210,-0.234,17.3326,0.08188,"m"
211,-0.2354,17.3314,0.08186,"m"
212,-0.2369,17.3302,0.08185,"m"
213,-0.2384,17.3289,0.08183,"m"
214,-0.2398,17.3275,0.08182,"m"
215,-0.2413,17.3261,0.0818,"m"
216,-0.2427,17.3246,0.08179,"m"
217,-0.2441,17.323,0.08177,"m"
218,-0.2456,17.3215,0.08176,"m"
219,-0.247,17.3198,0.08174,"m"
220,-0.2484,17.3181,0.08173,"m"
221,-0.2498,17.3164,0.08171,"m"
222,-0.2512,17.3146,0.0817,"m"
223,-0.2526,17.3127,0.08168,"m"
224,-0.254,17.3108,0.08167,"m"
225,-0.2554,17.3089,0.08165,"m"
226,-0.2568,17.3069,0.08164,"m"
227,-0.2581,17.3048,0.08163,"m"
228,-0.2595,17.3027,0.08161,"m"
229,-0.2609,17.3006,0.0816,"m"
230,-0.2622,17.2984,0.08158,"m"
231,-0.2636,17.2962,0.08157,"m"
232,-0.265,17.2939,0.08155,"m"
233,-0.2663,17.2916,0.08154,"m"
234,-0.2676,17.2892,0.08153,"m"
235,-0.269,17.2868,0.08151,"m"
236,-0.2703,17.2844,0.0815,"m"
237,-0.2716,17.2819,0.08149,"m"
238,-0.273,17.2794,0.08147,"m"
239,-0.2743,17.2768,0.08146,"m"
240,-0.2756,17.2742,0.08145,"m"
241,-0.2769,17.2715,0.08143,"m"
242,-0.2782,17.2688,0.08142,"m"
243,-0.2795,17.2661,0.08141,"m"
244,-0.2808,17.2633,0.08139,"m"
245,-0.2821,17.2605,0.08138,"m"
246,-0.2834,17.2577,0.08137,"m"
247,-0.2847,17.2548,0.08135,"m"
248,-0.2859,17.2519,0.08134,"m"
249,-0.2872,17.249,0.08133,"m"
250,-0.2885,17.246,0.08131,"m"
251,-0.2898,17.243,0.0813,"m"
252,-0.291,17.2399,0.08129,"m"
253,-0.2923,17.2368,0.08128,"m"
254,-0.2935,17.2337,0.08126,"m"
255,-0.2948,17.2306,0.08125,"m"
256,-0.296,17.2274,0.08124,"m"
257,-0.2972,17.2242,0.08122,"m"
258,-0.2985,17.221,0.08121,"m"
259,-0.2997,17.2177,0.0812,"m"
260,-0.3009,17.2144,0.08119,"m"
261,-0.3022,17.2111,0.08117,"m"
262,-0.3034,17.2078,0.08116,"m"
263,-0.3046,17.2044,0.08115,"m"
264,-0.3058,17.2011,0.08114,"m"
265,-0.307,17.1976,0.08113,"m"
266,-0.3082,17.1942,0.08111,"m"
267,-0.3094,17.1908,0.0811,"m"
268,-0.3106,17.1873,0.08109,"m"
269,-0.3118,17.1838,0.08108,"m"
270,-0.313,17.1803,0.08107,"m"
271,-0.3142,17.1767,0.08105,"m"
272,-0.3153,17.1731,0.08104,"m"
273,-0.3165,17.1696,0.08103,"m"
274,-0.3177,17.1659,0.08102,"m"
275,-0.3189,17.1623,0.08101,"m"
276,-0.32,17.1587,0.08099,"m"
277,-0.3212,17.155,0.08098,"m"
278,-0.3223,17.1513,0.08097,"m"
279,-0.3235,17.1476,0.08096,"m"
280,-0.3246,17.1439,0.08095,"m"
281,-0.3258,17.1402,0.08094,"m"
282,-0.3269,17.1364,0.08093,"m"
283,-0.3281,17.1326,0.08091,"m"
284,-0.3292,17.1288,0.0809,"m"
285,-0.3303,17.125,0.08089,"m"
286,-0.3315,17.1212,0.08088,"m"
287,-0.3326,17.1174,0.08087,"m"
288,-0.3337,17.1135,0.08086,"m"
289,-0.3348,17.1097,0.08085,"m"
290,-0.3359,17.1058,0.08084,"m"
291,-0.3371,17.1019,0.08082,"m"
292,-0.3382,17.098,0.08081,"m"
293,-0.3393,17.0941,0.0808,"m"
294,-0.3404,17.0901,0.08079,"m"
295,-0.3415,17.0862,0.08078,"m"
296,-0.3426,17.0823,0.08077,"m"
297,-0.3437,17.0783,0.08076,"m"
298,-0.3448,17.0743,0.08075,"m"
299,-0.3458,17.0703,0.08074,"m"
300,-0.3469,17.0663,0.08073,"m"
301,-0.348,17.0623,0.08071,"m"
302,-0.3491,17.0583,0.0807,"m"
303,-0.3502,17.0543,0.08069,"m"
304,-0.3512,17.0503,0.08068,"m"
305,-0.3523,17.0463,0.08067,"m"
306,-0.3534,17.0422,0.08066,"m"
307,-0.3544,17.0382,0.08065,"m"
308,-0.3555,17.0341,0.08064,"m"
309,-0.3565,17.0301,0.08063,"m"
310,-0.3576,17.026,0.08062,"m"
311,-0.3586,17.0219,0.08061,"m"
312,-0.3597,17.0178,0.0806,"m"
313,-0.3607,17.0138,0.08059,"m"
314,-0.3618,17.0097,0.08058,"m"
315,-0.3628,17.0056,0.08057,"m"
316,-0.3638,17.0015,0.08056,"m"
317,-0.3649,16.9974,0.08055,"m"
318,-0.3659,16.9933,0.08054,"m"
319,-0.3669,16.9892,0.08053,"m"
320,-0.3679,16.985,0.08052,"m"
321,-0.369,16.9809,0.08051,"m"
322,-0.37,16.9768,0.0805,"m"
323,-0.371,16.9727,0.08049,"m"
324,-0.372,16.9686,0.08048,"m"
325,-0.373,16.9644,0.08047,"m"
326,-0.374,16.9603,0.08046,"m"
327,-0.375,16.9562,0.08045,"m"
328,-0.376,16.9521,0.08044,"m"
329,-0.377,16.9479,0.08043,"m"
330,-0.378,16.9438,0.08042,"m"
331,-0.379,16.9397,0.08041,"m"
332,-0.38,16.9355,0.0804,"m"
333,-0.381,16.9314,0.08039,"m"
334,-0.382,16.9273,0.08038,"m"
335,-0.383,16.9231,0.08037,"m"
336,-0.3839,16.919,0.08036,"m"
337,-0.3849,16.9148,0.08035,"m"
338,-0.3859,16.9107,0.08034,"m"
339,-0.3869,16.9066,0.08033,"m"
340,-0.3878,16.9024,0.08032,"m"
341,-0.3888,16.8983,0.08031,"m"
342,-0.3898,16.8942,0.0803,"m"
343,-0.3907,16.89,0.08029,"m"
344,-0.3917,16.8859,0.08028,"m"
345,-0.3926,16.8817,0.08027,"m"
346,-0.3936,16.8776,0.08026,"m"
347,-0.3945,16.8735,0.08025,"m"
348,-0.3955,16.8693,0.08024,"m"
349,-0.3964,16.8652,0.08023,"m"
350,-0.3974,16.861,0.08022,"m"
351,-0.3983,16.8569,0.08022,"m"
352,-0.3993,16.8528,0.08021,"m"
353,-0.4002,16.8486,0.0802,"m"
354,-0.4011,16.8445,0.08019,"m"
355,-0.4021,16.8404,0.08018,"m"
356,-0.403,16.8363,0.08017,"m"
357,-0.4039,16.8321,0.08016,"m"
358,-0.4049,16.828,0.08015,"m"
359,-0.4058,16.8239,0.08014,"m"
360,-0.4067,16.8198,0.08013,"m"
361,-0.4076,16.8156,0.08012,"m"
362,-0.4085,16.8115,0.08011,"m"
363,-0.4095,16.8074,0.08011,"m"
364,-0.4104,16.8033,0.0801,"m"
365,-0.4113,16.7992,0.08009,"m"
366,-0.4122,16.7951,0.08008,"m"
367,-0.4131,16.7909,0.08007,"m"
368,-0.414,16.7868,0.08006,"m"
369,-0.4149,16.7827,0.08005,"m"
370,-0.4158,16.7786,0.08004,"m"
371,-0.4167,16.7745,0.08003,"m"
372,-0.4176,16.7704,0.08003,"m"
373,-0.4185,16.7663,0.08002,"m"
374,-0.4194,16.7622,0.08001,"m"
375,-0.4203,16.7582,0.08,"m"
376,-0.4211,16.7541,0.07999,"m"
377,-0.422,16.75,0.07998,"m"
378,-0.4229,16.7459,0.07997,"m"
379,-0.4238,16.7418,0.07996,"m"
380,-0.4247,16.7377,0.07996,"m"
381,-0.4255,16.7337,0.07995,"m"
382,-0.4264,16.7296,0.07994,"m"
383,-0.4273,16.7255,0.07993,"m"
384,-0.4282,16.7215,0.07992,"m"
385,-0.429,16.7174,0.07991,"m"
386,-0.4299,16.7134,0.0799,"m"
387,-0.4308,16.7093,0.0799,"m"
388,-0.4316,16.7053,0.07989,"m"
389,-0.4325,16.7012,0.07988,"m"
390,-0.4333,16.6972,0.07987,"m"
391,-0.4342,16.6932,0.07986,"m"
392,-0.435,16.6891,0.07985,"m"
393,-0.4359,16.6851,0.07984,"m"
394,-0.4367,16.6811,0.07984,"m"
395,-0.4376,16.6771,0.07983,"m"
396,-0.4384,16.6731,0.07982,"m"
397,-0.4393,16.6691,0.07981,"m"
398,-0.4401,16.6651,0.0798,"m"
399,-0.441,16.6611,0.0798,"m"
400,-0.4418,16.6571,0.07979,"m"
401,-0.4426,16.6531,0.07978,"m"
402,-0.4435,16.6491,0.07977,"m"
403,-0.4443,16.6451,0.07976,"m"
404,-0.4451,16.6412,0.07975,"m"
405,-0.446,16.6372,0.07975,"m"
406,-0.4468,16.6332,0.07974,"m"
407,-0.4476,16.6293,0.07973,"m"
408,-0.4484,16.6253,0.07972,"m"
409,-0.4493,16.6214,0.07971,"m"
410,-0.4501,16.6175,0.07971,"m"
411,-0.4509,16.6135,0.0797,"m"
412,-0.4517,16.6096,0.07969,"m"
413,-0.4525,16.6057,0.07968,"m"
414,-0.4533,16.6018,0.07967,"m"
415,-0.4541,16.5979,0.07966,"m"
416,-0.455,16.594,0.07966,"m"
417,-0.4558,16.5901,0.07965,"m"
418,-0.4566,16.5862,0.07964,"m"
419,-0.4574,16.5823,0.07963,"m"
420,-0.4582,16.5784,0.07963,"m"
421,-0.459,16.5745,0.07962,"m"
422,-0.4598,16.5707,0.07961,"m"
423,-0.4606,16.5668,0.0796,"m"
424,-0.4614,16.5629,0.07959,"m"
425,-0.4621,16.5591,0.07959,"m"
426,-0.4629,16.5553,0.07958,"m"
427,-0.4637,16.5514,0.07957,"m"
428,-0.4645,16.5476,0.07956,"m"
429,-0.4653,16.5438,0.07955,"m"
430,-0.4661,16.5399,0.07955,"m"
431,-0.4669,16.5361,0.07954,"m"
432,-0.4677,16.5323,0.07953,"m"
433,-0.4684,16.5285,0.07952,"m"
434,-0.4692,16.5247,0.07952,"m"
435,-0.47,16.5209,0.07951,"m"
436,-0.4708,16.5172,0.0795,"m"
437,-0.4715,16.5134,0.07949,"m"
438,-0.4723,16.5096,0.07949,"m"
439,-0.4731,16.5059,0.07948,"m"
440,-0.4738,16.5021,0.07947,"m"
441,-0.4746,16.4984,0.07946,"m"
442,-0.4754,16.4946,0.07946,"m"
443,-0.4761,16.4909,0.07945,"m"
444,-0.4769,16.4871,0.07944,"m"
445,-0.4777,16.4834,0.07943,"m"
446,-0.4784,16.4797,0.07943,"m"
447,-0.4792,16.476,0.07942,"m"
448,-0.4799,16.4723,0.07941,"m"
449,-0.4807,16.4686,0.0794,"m"
450,-0.4814,16.4649,0.0794,"m"
451,-0.4822,16.4612,0.07939,"m"
452,-0.4829,16.4576,0.07938,"m"
453,-0.4837,16.4539,0.07937,"m"
454,-0.4844,16.4502,0.07937,"m"
455,-0.4852,16.4466,0.07936,"m"
456,-0.4859,16.4429,0.07935,"m"
457,-0.4867,16.4393,0.07934,"m"
458,-0.4874,16.4357,0.07934,"m"
459,-0.4881,16.432,0.07933,"m"
460,-0.4889,16.4284,0.07932,"m"
461,-0.4896,16.4248,0.07931,"m"
462,-0.4903,16.4212,0.07931,"m"
463,-0.4911,16.4176,0.0793,"m"
464,-0.4918,16.414,0.07929,"m"
465,-0.4925,16.4104,0.07929,"m"
466,-0.4933,16.4069,0.07928,"m"
467,-0.494,16.4033,0.07927,"m"
468,-0.4947,16.3997,0.07926,"m"
469,-0.4954,16.3962,0.07926,"m"
470,-0.4962,16.3926,0.07925,"m"
471,-0.4969,16.3891,0.07924,"m"
472,-0.4976,16.3856,0.07924,"m"
473,-0.4983,16.3821,0.07923,"m"
474,-0.499,16.3785,0.07922,"m"
475,-0.4997,16.375,0.07921,"m"
476,-0.5005,16.3715,0.07921,"m"
477,-0.5012,16.368,0.0792,"m"
478,-0.5019,16.3646,0.07919,"m"
479,-0.5026,16.3611,0.07919,"m"
480,-0.5033,16.3576,0.07918,"m"
481,-0.504,16.3541,0.07917,"m"
482,-0.5047,16.3507,0.07916,"m"
483,-0.5054,16.3472,0.07916,"m"
484,-0.5061,16.3438,0.07915,"m"
485,-0.5068,16.3404,0.07914,"m"
486,-0.5075,16.3369,0.07914,"m"
487,-0.5082,16.3335,0.07913,"m"
488,-0.5089,16.3301,0.07912,"m"
489,-0.5096,16.3267,0.07912,"m"
490,-0.5103,16.3233,0.07911,"m"
491,-0.511,16.3199,0.0791,"m"
492,-0.5117,16.3165,0.07909,"m"
493,-0.5124,16.3131,0.07909,"m"
494,-0.5131,16.3098,0.07908,"m"
495,-0.5138,16.3064,0.07907,"m"
496,-0.5144,16.3031,0.07907,"m"
497,-0.5151,16.2997,0.07906,"m"
498,-0.5158,16.2964,0.07905,"m"
499,-0.5165,16.293,0.07905,"m"
500,-0.5172,16.2897,0.07904,"m"
501,-0.5179,16.2864,0.07903,"m"
502,-0.5185,16.2831,0.07903,"m"
503,-0.5192,16.2798,0.07902,"m"
504,-0.5199,16.2765,0.07901,"m"
505,-0.5206,16.2732,0.07901,"m"
506,-0.5212,16.2699,0.079,"m"
507,-0.5219,16.2666,0.07899,"m"
508,-0.5226,16.2634,0.07899,"m"
509,-0.5233,16.2601,0.07898,"m"
510,-0.5239,16.2568,0.07897,"m"
511,-0.5246,16.2536,0.07897,"m"
512,-0.5253,16.2504,0.07896,"m"
513,-0.5259,16.2471,0.07895,"m"
514,-0.5266,16.2439,0.07895,"m"
515,-0.5273,16.2407,0.07894,"m"
516,-0.5279,16.2375,0.07893,"m"
517,-0.5286,16.2343,0.07893,"m"
518,-0.5292,16.2311,0.07892,"m"
519,-0.5299,16.2279,0.07891,"m"
520,-0.5306,16.2247,0.07891,"m"
521,-0.5312,16.2215,0.0789,"m"
522,-0.5319,16.2184,0.07889,"m"
523,-0.5325,16.2152,0.07889,"m"
524,-0.5332,16.2121,0.07888,"m"
525,-0.5338,16.2089,0.07887,"m"
526,-0.5345,16.2058,0.07887,"m"
527,-0.5351,16.2027,0.07886,"m"
528,-0.5358,16.1996,0.07885,"m"
529,-0.5364,16.1964,0.07885,"m"
530,-0.5371,16.1933,0.07884,"m"
531,-0.5377,16.1902,0.07883,"m"
532,-0.5383,16.1872,0.07883,"m"
533,-0.539,16.1841,0.07882,"m"
534,-0.5396,16.181,0.07881,"m"
535,-0.5403,16.1779,0.07881,"m"
536,-0.5409,16.1749,0.0788,"m"
537,-0.5415,16.1718,0.0788,"m"
538,-0.5422,16.1688,0.07879,"m"
539,-0.5428,16.1658,0.07878,"m"
540,-0.5434,16.1627,0.07878,"m"
541,-0.5441,16.1597,0.07877,"m"
542,-0.5447,16.1567,0.07876,"m"
543,-0.5453,16.1537,0.07876,"m"
544,-0.546,16.1507,0.07875,"m"
545,-0.5466,16.1477,0.07874,"m"
546,-0.5472,16.1447,0.07874,"m"
547,-0.5479,16.1418,0.07873,"m"
548,-0.5485,16.1388,0.07873,"m"
549,-0.5491,16.1359,0.07872,"m"
550,-0.5497,16.1329,0.07871,"m"
551,-0.5503,16.13,0.07871,"m"
552,-0.551,16.127,0.0787,"m"
553,-0.5516,16.1241,0.07869,"m"
554,-0.5522,16.1212,0.07869,"m"
555,-0.5528,16.1183,0.07868,"m"
556,-0.5534,16.1154,0.07867,"m"
557,-0.5541,16.1125,0.07867,"m"
558,-0.5547,16.1096,0.07866,"m"
559,-0.5553,16.1067,0.07866,"m"
560,-0.5559,16.1039,0.07865,"m"
561,-0.5565,16.101,0.07864,"m"
562,-0.5571,16.0981,0.07864,"m"
563,-0.5577,16.0953,0.07863,"m"
564,-0.5583,16.0925,0.07863,"m"
565,-0.5589,16.0896,0.07862,"m"
566,-0.5595,16.0868,0.07861,"m"
567,-0.5602,16.084,0.07861,"m"
568,-0.5608,16.0812,0.0786,"m"
569,-0.5614,16.0784,0.07859,"m"
570,-0.562,16.0756,0.07859,"m"
571,-0.5626,16.0728,0.07858,"m"
572,-0.5632,16.0701,0.07858,"m"
573,-0.5638,16.0673,0.07857,"m"
574,-0.5644,16.0646,0.07856,"m"
575,-0.565,16.0618,0.07856,"m"
576,-0.5656,16.0591,0.07855,"m"
577,-0.5662,16.0564,0.07855,"m"
578,-0.5667,16.0536,0.07854,"m"
579,-0.5673,16.0509,0.07853,"m"
580,-0.5679,16.0482,0.07853,"m"
581,-0.5685,16.0455,0.07852,"m"
582,-0.5691,16.0429,0.07852,"m"
583,-0.5697,16.0402,0.07851,"m"
584,-0.5703,16.0375,0.0785,"m"
585,-0.5709,16.0349,0.0785,"m"
586,-0.5715,16.0322,0.07849,"m"
587,-0.5721,16.0296,0.07849,"m"
588,-0.5726,16.0269,0.07848,"m"
589,-0.5732,16.0243,0.07847,"m"
590,-0.5738,16.0217,0.07847,"m"
591,-0.5744,16.0191,0.07846,"m"
592,-0.575,16.0165,0.07846,"m"
593,-0.5755,16.0139,0.07845,"m"
594,-0.5761,16.0113,0.07844,"m"
595,-0.5767,16.0088,0.07844,"m"
596,-0.5773,16.0062,0.07843,"m"
597,-0.5779,16.0036,0.07843,"m"
598,-0.5784,16.0011,0.07842,"m"
599,-0.579,15.9986,0.07841,"m"
600,-0.5796,15.996,0.07841,"m"
601,-0.5802,15.9935,0.0784,"m"
602,-0.5807,15.991,0.0784,"m"
603,-0.5813,15.9885,0.07839,"m"
604,-0.5819,15.986,0.07838,"m"
605,-0.5824,15.9835,0.07838,"m"
606,-0.583,15.9811,0.07837,"m"
607,-0.5836,15.9786,0.07837,"m"
608,-0.5841,15.9761,0.07836,"m"
609,-0.5847,15.9737,0.07836,"m"
610,-0.5853,15.9713,0.07835,"m"
611,-0.5858,15.9688,0.07834,"m"
612,-0.5864,15.9664,0.07834,"m"
613,-0.587,15.964,0.07833,"m"
614,-0.5875,15.9616,0.07833,"m"
615,-0.5881,15.9592,0.07832,"m"
616,-0.5886,15.9568,0.07832,"m"
617,-0.5892,15.9544,0.07831,"m"
618,-0.5898,15.9521,0.0783,"m"
619,-0.5903,15.9497,0.0783,"m"
620,-0.5909,15.9473,0.07829,"m"
621,-0.5914,15.945,0.07829,"m"
622,-0.592,15.9427,0.07828,"m"
623,-0.5925,15.9403,0.07827,"m"
624,-0.5931,15.938,0.07827,"m"
625,-0.5936,15.9357,0.07826,"m"
626,-0.5942,15.9334,0.07826,"m"
627,-0.5947,15.9311,0.07825,"m"
628,-0.5953,15.9288,0.07825,"m"
629,-0.5958,15.9266,0.07824,"m"
630,-0.5964,15.9243,0.07824,"m"
631,-0.5969,15.922,0.07823,"m"
632,-0.5975,15.9198,0.07822,"m"
633,-0.598,15.9176,0.07822,"m"
634,-0.5986,15.9153,0.07821,"m"
635,-0.5991,15.9131,0.07821,"m"
636,-0.5996,15.9109,0.0782,"m"
637,-0.6002,15.9087,0.0782,"m"
638,-0.6007,15.9065,0.07819,"m"
639,-0.6013,15.9043,0.07818,"m"
640,-0.6018,15.9021,0.07818,"m"
641,-0.6023,15.9,0.07817,"m"
642,-0.6029,15.8978,0.07817,"m"
643,-0.6034,15.8956,0.07816,"m"
644,-0.604,15.8935,0.07816,"m"
645,-0.6045,15.8913,0.07815,"m"
646,-0.605,15.8892,0.07815,"m"
647,-0.6056,15.8871,0.07814,"m"
648,-0.6061,15.885,0.07813,"m"
649,-0.6066,15.8829,0.07813,"m"
650,-0.6072,15.8808,0.07812,"m"
651,-0.6077,15.8787,0.07812,"m"
652,-0.6082,15.8766,0.07811,"m"
653,-0.6087,15.8745,0.07811,"m"
654,-0.6093,15.8725,0.0781,"m"
655,-0.6098,15.8704,0.0781,"m"
656,-0.6103,15.8684,0.07809,"m"
657,-0.6109,15.8663,0.07809,"m"
658,-0.6114,15.8643,0.07808,"m"
659,-0.6119,15.8623,0.07807,"m"
660,-0.6124,15.8602,0.07807,"m"
661,-0.613,15.8582,0.07806,"m"
662,-0.6135,15.8562,0.07806,"m"
663,-0.614,15.8542,0.07805,"m"
664,-0.6145,15.8522,0.07805,"m"
665,-0.615,15.8503,0.07804,"m"
666,-0.6156,15.8483,0.07804,"m"
667,-0.6161,15.8463,0.07803,"m"
668,-0.6166,15.8444,0.07803,"m"
669,-0.6171,15.8424,0.07802,"m"
670,-0.6176,15.8405,0.07802,"m"
671,-0.6181,15.8385,0.07801,"m"
672,-0.6187,15.8366,0.078,"m"
673,-0.6192,15.8347,0.078,"m"
674,-0.6197,15.8328,0.07799,"m"
675,-0.6202,15.8309,0.07799,"m"
676,-0.6207,15.829,0.07798,"m"
677,-0.6212,15.8271,0.07798,"m"
678,-0.6217,15.8252,0.07797,"m"
679,-0.6222,15.8233,0.07797,"m"
680,-0.6227,15.8214,0.07796,"m"
681,-0.6233,15.8196,0.07796,"m"
682,-0.6238,15.8177,0.07795,"m"
683,-0.6243,15.8158,0.07795,"m"
684,-0.6248,15.814,0.07794,"m"
685,-0.6253,15.8122,0.07794,"m"
686,-0.6258,15.8103,0.07793,"m"
687,-0.6263,15.8085,0.07792,"m"
688,-0.6268,15.8067,0.07792,"m"
689,-0.6273,15.8049,0.07791,"m"
690,-0.6278,15.8031,0.07791,"m"
691,-0.6283,15.8013,0.0779,"m"
692,-0.6288,15.7995,0.0779,"m"
693,-0.6293,15.7977,0.07789,"m"
694,-0.6298,15.7959,0.07789,"m"
695,-0.6303,15.7941,0.07788,"m"
696,-0.6308,15.7924,0.07788,"m"
697,-0.6313,15.7906,0.07787,"m"
698,-0.6318,15.7888,0.07787,"m"
699,-0.6323,15.7871,0.07786,"m"
700,-0.6328,15.7853,0.07786,"m"
701,-0.6333,15.7836,0.07785,"m"
702,-0.6338,15.7819,0.07785,"m"
703,-0.6343,15.7802,0.07784,"m"
704,-0.6348,15.7784,0.07784,"m"
705,-0.6352,15.7767,0.07783,"m"
706,-0.6357,15.775,0.07783,"m"
707,-0.6362,15.7733,0.07782,"m"
708,-0.6367,15.7716,0.07782,"m"
709,-0.6372,15.7699,0.07781,"m"
710,-0.6377,15.7682,0.07781,"m"
711,-0.6382,15.7665,0.0778,"m"
712,-0.6387,15.7649,0.0778,"m"
713,-0.6392,15.7632,0.07779,"m"
714,-0.6396,15.7615,0.07779,"m"
715,-0.6401,15.7599,0.07778,"m"
716,-0.6406,15.7582,0.07778,"m"
717,-0.6411,15.7566,0.07777,"m"
718,-0.6416,15.7549,0.07777,"m"
719,-0.6421,15.7533,0.07776,"m"
720,-0.6425,15.7517,0.07776,"m"
721,-0.643,15.75,0.07775,"m"
722,-0.6435,15.7484,0.07775,"m"
723,-0.644,15.7468,0.07774,"m"
724,-0.6445,15.7452,0.07774,"m"
725,-0.6449,15.7436,0.07773,"m"
726,-0.6454,15.742,0.07773,"m"
727,-0.6459,15.7404,0.07772,"m"
728,-0.6464,15.7388,0.07772,"m"
729,-0.6469,15.7372,0.07771,"m"
730,-0.6473,15.7356,0.07771,"m"
731,-0.6187,16.0189,0.07785,"m"
732,-0.6175,16.0176,0.07785,"m"
733,-0.6164,16.0163,0.07785,"m"
734,-0.6152,16.015,0.07785,"m"
735,-0.614,16.0136,0.07786,"m"
736,-0.6129,16.0123,0.07786,"m"
737,-0.6117,16.011,0.07786,"m"
738,-0.6105,16.0097,0.07786,"m"
739,-0.6094,16.0084,0.07787,"m"
740,-0.6082,16.0071,0.07787,"m"
741,-0.607,16.0058,0.07787,"m"
742,-0.6059,16.0045,0.07787,"m"
743,-0.6047,16.0032,0.07787,"m"
744,-0.6036,16.0019,0.07788,"m"
745,-0.6024,16.0006,0.07788,"m"
746,-0.6012,15.9993,0.07788,"m"
747,-0.6001,15.998,0.07788,"m"
748,-0.5989,15.9967,0.07789,"m"
749,-0.5978,15.9954,0.07789,"m"
750,-0.5966,15.9941,0.07789,"m"
751,-0.5955,15.9928,0.07789,"m"
752,-0.5943,15.9915,0.07789,"m"
753,-0.5932,15.9902,0.0779,"m"
754,-0.592,15.9889,0.0779,"m"
755,-0.5909,15.9876,0.0779,"m"
756,-0.5897,15.9863,0.0779,"m"
757,-0.5886,15.985,0.07791,"m"
758,-0.5874,15.9838,0.07791,"m"
759,-0.5863,15.9825,0.07791,"m"
760,-0.5851,15.9812,0.07791,"m"
761,-0.584,15.9799,0.07792,"m"
762,-0.5828,15.9786,0.07792,"m"
763,-0.5817,15.9773,0.07792,"m"
764,-0.5805,15.976,0.07792,"m"
765,-0.5794,15.9748,0.07793,"m"
766,-0.5783,15.9735,0.07793,"m"
767,-0.5771,15.9722,0.07793,"m"
768,-0.576,15.9709,0.07793,"m"
769,-0.5748,15.9697,0.07794,"m"
770,-0.5737,15.9684,0.07794,"m"
771,-0.5726,15.9671,0.07794,"m"
772,-0.5714,15.9658,0.07794,"m"
773,-0.5703,15.9646,0.07795,"m"
774,-0.5692,15.9633,0.07795,"m"
775,-0.568,15.962,0.07795,"m"
776,-0.5669,15.9607,0.07795,"m"
777,-0.5658,15.9595,0.07796,"m"
778,-0.5647,15.9582,0.07796,"m"
779,-0.5635,15.9569,0.07796,"m"
780,-0.5624,15.9557,0.07796,"m"
781,-0.5613,15.9544,0.07797,"m"
782,-0.5602,15.9532,0.07797,"m"
783,-0.559,15.9519,0.07797,"m"
784,-0.5579,15.9506,0.07798,"m"
785,-0.5568,15.9494,0.07798,"m"
786,-0.5557,15.9481,0.07798,"m"
787,-0.5546,15.9468,0.07798,"m"
788,-0.5535,15.9456,0.07799,"m"
789,-0.5523,15.9443,0.07799,"m"
790,-0.5512,15.9431,0.07799,"m"
791,-0.5501,15.9418,0.07799,"m"
792,-0.549,15.9406,0.078,"m"
793,-0.5479,15.9393,0.078,"m"
794,-0.5468,15.9381,0.078,"m"
795,-0.5457,15.9368,0.07801,"m"
796,-0.5446,15.9356,0.07801,"m"
797,-0.5435,15.9343,0.07801,"m"
798,-0.5424,15.9331,0.07801,"m"
799,-0.5413,15.9318,0.07802,"m"
800,-0.5402,15.9306,0.07802,"m"
801,-0.5391,15.9293,0.07802,"m"
802,-0.538,15.9281,0.07803,"m"
803,-0.5369,15.9268,0.07803,"m"
804,-0.5358,15.9256,0.07803,"m"
805,-0.5347,15.9244,0.07803,"m"
806,-0.5336,15.9231,0.07804,"m"
807,-0.5325,15.9219,0.07804,"m"
808,-0.5315,15.9206,0.07804,"m"
809,-0.5304,15.9194,0.07805,"m"
810,-0.5293,15.9182,0.07805,"m"
811,-0.5282,15.9169,0.07805,"m"
812,-0.5271,15.9157,0.07805,"m"
813,-0.526,15.9145,0.07806,"m"
814,-0.525,15.9132,0.07806,"m"
815,-0.5239,15.912,0.07806,"m"
816,-0.5228,15.9108,0.07807,"m"
817,-0.5217,15.9095,0.07807,"m"
818,-0.5207,15.9083,0.07807,"m"
819,-0.5196,15.9071,0.07808,"m"
820,-0.5185,15.9058,0.07808,"m"
821,-0.5175,15.9046,0.07808,"m"
822,-0.5164,15.9034,0.07809,"m"
823,-0.5153,15.9022,0.07809,"m"
824,-0.5143,15.9009,0.07809,"m"
825,-0.5132,15.8997,0.07809,"m"
826,-0.5122,15.8985,0.0781,"m"
827,-0.5111,15.8973,0.0781,"m"
828,-0.5101,15.8961,0.0781,"m"
829,-0.509,15.8948,0.07811,"m"
830,-0.508,15.8936,0.07811,"m"
831,-0.5069,15.8924,0.07811,"m"
832,-0.5059,15.8912,0.07812,"m"
833,-0.5048,15.89,0.07812,"m"
834,-0.5038,15.8888,0.07812,"m"
835,-0.5027,15.8875,0.07813,"m"
836,-0.5017,15.8863,0.07813,"m"
837,-0.5006,15.8851,0.07813,"m"
838,-0.4996,15.8839,0.07814,"m"
839,-0.4986,15.8827,0.07814,"m"
840,-0.4975,15.8815,0.07814,"m"
841,-0.4965,15.8803,0.07815,"m"
842,-0.4955,15.8791,0.07815,"m"
843,-0.4944,15.8779,0.07815,"m"
844,-0.4934,15.8767,0.07816,"m"
845,-0.4924,15.8755,0.07816,"m"
846,-0.4914,15.8742,0.07816,"m"
847,-0.4904,15.873,0.07817,"m"
848,-0.4893,15.8718,0.07817,"m"
849,-0.4883,15.8706,0.07817,"m"
850,-0.4873,15.8694,0.07818,"m"
851,-0.4863,15.8682,0.07818,"m"
852,-0.4853,15.867,0.07818,"m"
853,-0.4843,15.8658,0.07819,"m"
854,-0.4833,15.8646,0.07819,"m"
855,-0.4823,15.8634,0.07819,"m"
856,-0.4813,15.8622,0.0782,"m"
857,-0.4803,15.8611,0.0782,"m"
858,-0.4793,15.8599,0.0782,"m"
859,-0.4783,15.8587,0.07821,"m"
860,-0.4773,15.8575,0.07821,"m"
861,-0.4763,15.8563,0.07821,"m"
862,-0.4753,15.8551,0.07822,"m"
863,-0.4743,15.8539,0.07822,"m"
864,-0.4733,15.8527,0.07822,"m"
865,-0.4723,15.8515,0.07823,"m"
866,-0.4713,15.8503,0.07823,"m"
867,-0.4704,15.8491,0.07824,"m"
868,-0.4694,15.848,0.07824,"m"
869,-0.4684,15.8468,0.07824,"m"
870,-0.4674,15.8456,0.07825,"m"
871,-0.4665,15.8444,0.07825,"m"
872,-0.4655,15.8432,0.07825,"m"
873,-0.4645,15.842,0.07826,"m"
874,-0.4636,15.8409,0.07826,"m"
875,-0.4626,15.8397,0.07826,"m"
876,-0.4616,15.8385,0.07827,"m"
877,-0.4607,15.8373,0.07827,"m"
878,-0.4597,15.8361,0.07828,"m"
879,-0.4587,15.835,0.07828,"m"
880,-0.4578,15.8338,0.07828,"m"
881,-0.4568,15.8326,0.07829,"m"
882,-0.4559,15.8314,0.07829,"m"
883,-0.4549,15.8303,0.07829,"m"
884,-0.454,15.8291,0.0783,"m"
885,-0.4531,15.8279,0.0783,"m"
886,-0.4521,15.8267,0.07831,"m"
887,-0.4512,15.8256,0.07831,"m"
888,-0.4502,15.8244,0.07831,"m"
889,-0.4493,15.8232,0.07832,"m"
890,-0.4484,15.8221,0.07832,"m"
891,-0.4474,15.8209,0.07832,"m"
892,-0.4465,15.8197,0.07833,"m"
893,-0.4456,15.8186,0.07833,"m"
894,-0.4446,15.8174,0.07834,"m"
895,-0.4437,15.8162,0.07834,"m"
896,-0.4428,15.8151,0.07834,"m"
897,-0.4419,15.8139,0.07835,"m"
898,-0.441,15.8127,0.07835,"m"
899,-0.4401,15.8116,0.07835,"m"
900,-0.4391,15.8104,0.07836,"m"
901,-0.4382,15.8093,0.07836,"m"
902,-0.4373,15.8081,0.07837,"m"
903,-0.4364,15.8069,0.07837,"m"
904,-0.4355,15.8058,0.07837,"m"
905,-0.4346,15.8046,0.07838,"m"
906,-0.4337,15.8035,0.07838,"m"
907,-0.4328,15.8023,0.07839,"m"
908,-0.4319,15.8012,0.07839,"m"
909,-0.431,15.8,0.07839,"m"
910,-0.4301,15.7989,0.0784,"m"
911,-0.4293,15.7977,0.0784,"m"
912,-0.4284,15.7966,0.07841,"m"
913,-0.4275,15.7954,0.07841,"m"
914,-0.4266,15.7943,0.07841,"m"
915,-0.4257,15.7931,0.07842,"m"
916,-0.4249,15.792,0.07842,"m"
917,-0.424,15.7908,0.07843,"m"
918,-0.4231,15.7897,0.07843,"m"
919,-0.4222,15.7885,0.07843,"m"
920,-0.4214,15.7874,0.07844,"m"
921,-0.4205,15.7862,0.07844,"m"
922,-0.4196,15.7851,0.07845,"m"
923,-0.4188,15.7839,0.07845,"m"
924,-0.4179,15.7828,0.07845,"m"
925,-0.4171,15.7817,0.07846,"m"
926,-0.4162,15.7805,0.07846,"m"
927,-0.4154,15.7794,0.07847,"m"
928,-0.4145,15.7782,0.07847,"m"
929,-0.4137,15.7771,0.07848,"m"
930,-0.4128,15.776,0.07848,"m"
931,-0.412,15.7748,0.07848,"m"
932,-0.4111,15.7737,0.07849,"m"
933,-0.4103,15.7726,0.07849,"m"
934,-0.4095,15.7714,0.0785,"m"
935,-0.4086,15.7703,0.0785,"m"
936,-0.4078,15.7692,0.0785,"m"
937,-0.407,15.768,0.07851,"m"
938,-0.4062,15.7669,0.07851,"m"
939,-0.4053,15.7658,0.07852,"m"
940,-0.4045,15.7646,0.07852,"m"
941,-0.4037,15.7635,0.07853,"m"
942,-0.4029,15.7624,0.07853,"m"
943,-0.4021,15.7612,0.07853,"m"
944,-0.4013,15.7601,0.07854,"m"
945,-0.4005,15.759,0.07854,"m"
946,-0.3997,15.7579,0.07855,"m"
947,-0.3988,15.7567,0.07855,"m"
948,-0.398,15.7556,0.07856,"m"
949,-0.3973,15.7545,0.07856,"m"
950,-0.3965,15.7534,0.07857,"m"
951,-0.3957,15.7522,0.07857,"m"
952,-0.3949,15.7511,0.07857,"m"
953,-0.3941,15.75,0.07858,"m"
954,-0.3933,15.7489,0.07858,"m"
955,-0.3925,15.7478,0.07859,"m"
956,-0.3917,15.7466,0.07859,"m"
957,-0.391,15.7455,0.0786,"m"
958,-0.3902,15.7444,0.0786,"m"
959,-0.3894,15.7433,0.07861,"m"
960,-0.3886,15.7422,0.07861,"m"
961,-0.3879,15.7411,0.07861,"m"
962,-0.3871,15.74,0.07862,"m"
963,-0.3864,15.7388,0.07862,"m"
964,-0.3856,15.7377,0.07863,"m"
965,-0.3848,15.7366,0.07863,"m"
966,-0.3841,15.7355,0.07864,"m"
967,-0.3833,15.7344,0.07864,"m"
968,-0.3826,15.7333,0.07865,"m"
969,-0.3818,15.7322,0.07865,"m"
970,-0.3811,15.7311,0.07865,"m"
971,-0.3804,15.73,0.07866,"m"
972,-0.3796,15.7289,0.07866,"m"
973,-0.3789,15.7278,0.07867,"m"
974,-0.3782,15.7267,0.07867,"m"
975,-0.3774,15.7256,0.07868,"m"
976,-0.3767,15.7245,0.07868,"m"
977,-0.376,15.7234,0.07869,"m"
978,-0.3753,15.7222,0.07869,"m"
979,-0.3745,15.7211,0.0787,"m"
980,-0.3738,15.72,0.0787,"m"
981,-0.3731,15.719,0.07871,"m"
982,-0.3724,15.7179,0.07871,"m"
983,-0.3717,15.7168,0.07872,"m"
984,-0.371,15.7157,0.07872,"m"
985,-0.3703,15.7146,0.07872,"m"
986,-0.3696,15.7135,0.07873,"m"
987,-0.3689,15.7124,0.07873,"m"
988,-0.3682,15.7113,0.07874,"m"
989,-0.3675,15.7102,0.07874,"m"
990,-0.3668,15.7091,0.07875,"m"
991,-0.3661,15.708,0.07875,"m"
992,-0.3655,15.7069,0.07876,"m"
993,-0.3648,15.7058,0.07876,"m"
994,-0.3641,15.7047,0.07877,"m"
995,-0.3634,15.7037,0.07877,"m"
996,-0.3628,15.7026,0.07878,"m"
997,-0.3621,15.7015,0.07878,"m"
998,-0.3614,15.7004,0.07879,"m"
999,-0.3608,15.6993,0.07879,"m"
1000,-0.3601,15.6982,0.0788,"m"
1001,-0.3594,15.6971,0.0788,"m"
1002,-0.3588,15.6961,0.07881,"m"
1003,-0.3581,15.695,0.07881,"m"
1004,-0.3575,15.6939,0.07882,"m"
1005,-0.3568,15.6928,0.07882,"m"
1006,-0.3562,15.6917,0.07883,"m"
1007,-0.3556,15.6907,0.07883,"m"
1008,-0.3549,15.6896,0.07884,"m"
1009,-0.3543,15.6885,0.07884,"m"
1010,-0.3536,15.6874,0.07885,"m"
1011,-0.353,15.6864,0.07885,"m"
1012,-0.3524,15.6853,0.07886,"m"
1013,-0.3518,15.6842,0.07886,"m"
1014,-0.3511,15.6832,0.07887,"m"
1015,-0.3505,15.6821,0.07887,"m"
1016,-0.3499,15.681,0.07888,"m"
1017,-0.3493,15.6799,0.07888,"m"
1018,-0.3487,15.6789,0.07889,"m"
1019,-0.3481,15.6778,0.07889,"m"
1020,-0.3475,15.6767,0.0789,"m"
1021,-0.3469,15.6757,0.0789,"m"
1022,-0.3463,15.6746,0.07891,"m"
1023,-0.3457,15.6735,0.07891,"m"
1024,-0.3451,15.6725,0.07892,"m"
1025,-0.3445,15.6714,0.07892,"m"
1026,-0.3439,15.6704,0.07893,"m"
1027,-0.3433,15.6693,0.07893,"m"
1028,-0.3427,15.6682,0.07894,"m"
1029,-0.3422,15.6672,0.07894,"m"
1030,-0.3416,15.6661,0.07895,"m"
1031,-0.341,15.6651,0.07895,"m"
1032,-0.3404,15.664,0.07896,"m"
1033,-0.3399,15.663,0.07896,"m"
1034,-0.3393,15.6619,0.07897,"m"
1035,-0.3388,15.6609,0.07897,"m"
1036,-0.3382,15.6598,0.07898,"m"
1037,-0.3376,15.6588,0.07898,"m"
1038,-0.3371,15.6577,0.07899,"m"
1039,-0.3365,15.6567,0.07899,"m"
1040,-0.336,15.6556,0.079,"m"
1041,-0.3354,15.6546,0.079,"m"
1042,-0.3349,15.6535,0.07901,"m"
1043,-0.3344,15.6525,0.07901,"m"
1044,-0.3338,15.6514,0.07902,"m"
1045,-0.3333,15.6504,0.07903,"m"
1046,-0.3328,15.6493,0.07903,"m"
1047,-0.3322,15.6483,0.07904,"m"
1048,-0.3317,15.6473,0.07904,"m"
1049,-0.3312,15.6462,0.07905,"m"
1050,-0.3307,15.6452,0.07905,"m"
1051,-0.3302,15.6441,0.07906,"m"
1052,-0.3296,15.6431,0.07906,"m"
1053,-0.3291,15.6421,0.07907,"m"
1054,-0.3286,15.641,0.07907,"m"
1055,-0.3281,15.64,0.07908,"m"
1056,-0.3276,15.639,0.07908,"m"
1057,-0.3271,15.6379,0.07909,"m"
1058,-0.3266,15.6369,0.0791,"m"
1059,-0.3261,15.6359,0.0791,"m"
1060,-0.3257,15.6349,0.07911,"m"
1061,-0.3252,15.6338,0.07911,"m"
1062,-0.3247,15.6328,0.07912,"m"
1063,-0.3242,15.6318,0.07912,"m"
1064,-0.3237,15.6308,0.07913,"m"
1065,-0.3233,15.6297,0.07913,"m"
1066,-0.3228,15.6287,0.07914,"m"
1067,-0.3223,15.6277,0.07915,"m"
1068,-0.3218,15.6267,0.07915,"m"
1069,-0.3214,15.6256,0.07916,"m"
1070,-0.3209,15.6246,0.07916,"m"
1071,-0.3205,15.6236,0.07917,"m"
1072,-0.32,15.6226,0.07917,"m"
1073,-0.3196,15.6216,0.07918,"m"
1074,-0.3191,15.6206,0.07918,"m"
1075,-0.3187,15.6196,0.07919,"m"
1076,-0.3182,15.6185,0.0792,"m"
1077,-0.3178,15.6175,0.0792,"m"
1078,-0.3174,15.6165,0.07921,"m"
1079,-0.3169,15.6155,0.07921,"m"
1080,-0.3165,15.6145,0.07922,"m"
1081,-0.3161,15.6135,0.07922,"m"
1082,-0.3156,15.6125,0.07923,"m"
1083,-0.3152,15.6115,0.07924,"m"
1084,-0.3148,15.6105,0.07924,"m"
1085,-0.3144,15.6095,0.07925,"m"
1086,-0.314,15.6085,0.07925,"m"
1087,-0.3136,15.6075,0.07926,"m"
1088,-0.3132,15.6065,0.07926,"m"
1089,-0.3128,15.6055,0.07927,"m"
1090,-0.3124,15.6045,0.07928,"m"
1091,-0.312,15.6035,0.07928,"m"
1092,-0.3116,15.6025,0.07929,"m"
1093,-0.3112,15.6015,0.07929,"m"
1094,-0.3108,15.6005,0.0793,"m"
1095,-0.3104,15.5995,0.07931,"m"
1096,-0.31,15.5986,0.07931,"m"
1097,-0.3097,15.5976,0.07932,"m"
1098,-0.3093,15.5966,0.07932,"m"
1099,-0.3089,15.5956,0.07933,"m"
1100,-0.3085,15.5946,0.07934,"m"
1101,-0.3082,15.5936,0.07934,"m"
1102,-0.3078,15.5926,0.07935,"m"
1103,-0.3074,15.5917,0.07935,"m"
1104,-0.3071,15.5907,0.07936,"m"
1105,-0.3067,15.5897,0.07936,"m"
1106,-0.3064,15.5887,0.07937,"m"
1107,-0.306,15.5878,0.07938,"m"
1108,-0.3057,15.5868,0.07938,"m"
1109,-0.3054,15.5858,0.07939,"m"
1110,-0.305,15.5848,0.0794,"m"
1111,-0.3047,15.5839,0.0794,"m"
1112,-0.3043,15.5829,0.07941,"m"
1113,-0.304,15.5819,0.07941,"m"
1114,-0.3037,15.581,0.07942,"m"
1115,-0.3034,15.58,0.07943,"m"
1116,-0.3031,15.579,0.07943,"m"
1117,-0.3027,15.5781,0.07944,"m"
1118,-0.3024,15.5771,0.07944,"m"
1119,-0.3021,15.5761,0.07945,"m"
1120,-0.3018,15.5752,0.07946,"m"
1121,-0.3015,15.5742,0.07946,"m"
1122,-0.3012,15.5733,0.07947,"m"
1123,-0.3009,15.5723,0.07948,"m"
1124,-0.3006,15.5714,0.07948,"m"
1125,-0.3003,15.5704,0.07949,"m"
1126,-0.3,15.5695,0.07949,"m"
1127,-0.2997,15.5685,0.0795,"m"
1128,-0.2995,15.5676,0.07951,"m"
1129,-0.2992,15.5666,0.07951,"m"
1130,-0.2989,15.5657,0.07952,"m"
1131,-0.2986,15.5647,0.07953,"m"
1132,-0.2984,15.5638,0.07953,"m"
1133,-0.2981,15.5628,0.07954,"m"
1134,-0.2978,15.5619,0.07954,"m"
1135,-0.2976,15.5609,0.07955,"m"
1136,-0.2973,15.56,0.07956,"m"
1137,-0.2971,15.5591,0.07956,"m"
1138,-0.2968,15.5581,0.07957,"m"
1139,-0.2966,15.5572,0.07958,"m"
1140,-0.2963,15.5563,0.07958,"m"
1141,-0.2961,15.5553,0.07959,"m"
1142,-0.2959,15.5544,0.0796,"m"
1143,-0.2956,15.5535,0.0796,"m"
1144,-0.2954,15.5525,0.07961,"m"
1145,-0.2952,15.5516,0.07962,"m"
1146,-0.2949,15.5507,0.07962,"m"
1147,-0.2947,15.5498,0.07963,"m"
1148,-0.2945,15.5489,0.07964,"m"
1149,-0.2943,15.5479,0.07964,"m"
1150,-0.2941,15.547,0.07965,"m"
1151,-0.2939,15.5461,0.07966,"m"
1152,-0.2937,15.5452,0.07966,"m"
1153,-0.2934,15.5443,0.07967,"m"
1154,-0.2932,15.5434,0.07967,"m"
1155,-0.2931,15.5424,0.07968,"m"
1156,-0.2929,15.5415,0.07969,"m"
1157,-0.2927,15.5406,0.07969,"m"
1158,-0.2925,15.5397,0.0797,"m"
1159,-0.2923,15.5388,0.07971,"m"
1160,-0.2921,15.5379,0.07972,"m"
1161,-0.2919,15.537,0.07972,"m"
1162,-0.2918,15.5361,0.07973,"m"
1163,-0.2916,15.5352,0.07974,"m"
1164,-0.2914,15.5343,0.07974,"m"
1165,-0.2913,15.5334,0.07975,"m"
1166,-0.2911,15.5325,0.07976,"m"
1167,-0.2909,15.5316,0.07976,"m"
1168,-0.2908,15.5307,0.07977,"m"
1169,-0.2906,15.5298,0.07978,"m"
1170,-0.2905,15.5289,0.07978,"m"
1171,-0.2903,15.5281,0.07979,"m"
1172,-0.2902,15.5272,0.0798,"m"
1173,-0.2901,15.5263,0.0798,"m"
1174,-0.2899,15.5254,0.07981,"m"
1175,-0.2898,15.5245,0.07982,"m"
1176,-0.2897,15.5236,0.07982,"m"
1177,-0.2895,15.5228,0.07983,"m"
1178,-0.2894,15.5219,0.07984,"m"
1179,-0.2893,15.521,0.07985,"m"
1180,-0.2892,15.5201,0.07985,"m"
1181,-0.289,15.5193,0.07986,"m"
1182,-0.2889,15.5184,0.07987,"m"
1183,-0.2888,15.5175,0.07987,"m"
1184,-0.2887,15.5167,0.07988,"m"
1185,-0.2886,15.5158,0.07989,"m"
1186,-0.2885,15.5149,0.07989,"m"
1187,-0.2884,15.5141,0.0799,"m"
1188,-0.2883,15.5132,0.07991,"m"
1189,-0.2882,15.5123,0.07992,"m"
1190,-0.2881,15.5115,0.07992,"m"
1191,-0.2881,15.5106,0.07993,"m"
1192,-0.288,15.5098,0.07994,"m"
1193,-0.2879,15.5089,0.07994,"m"
1194,-0.2878,15.5081,0.07995,"m"
1195,-0.2877,15.5072,0.07996,"m"
1196,-0.2877,15.5064,0.07997,"m"
1197,-0.2876,15.5055,0.07997,"m"
1198,-0.2875,15.5047,0.07998,"m"
1199,-0.2875,15.5038,0.07999,"m"
1200,-0.2874,15.503,0.07999,"m"
1201,-0.2874,15.5021,0.08,"m"
1202,-0.2873,15.5013,0.08001,"m"
1203,-0.2873,15.5005,0.08002,"m"
1204,-0.2872,15.4996,0.08002,"m"
1205,-0.2872,15.4988,0.08003,"m"
1206,-0.2871,15.498,0.08004,"m"
1207,-0.2871,15.4971,0.08005,"m"
1208,-0.2871,15.4963,0.08005,"m"
1209,-0.287,15.4955,0.08006,"m"
1210,-0.287,15.4946,0.08007,"m"
1211,-0.287,15.4938,0.08008,"m"
1212,-0.287,15.493,0.08008,"m"
1213,-0.2869,15.4922,0.08009,"m"
1214,-0.2869,15.4914,0.0801,"m"
1215,-0.2869,15.4905,0.08011,"m"
1216,-0.2869,15.4897,0.08011,"m"
1217,-0.2869,15.4889,0.08012,"m"
1218,-0.2869,15.4881,0.08013,"m"
1219,-0.2869,15.4873,0.08014,"m"
1220,-0.2869,15.4865,0.08014,"m"
1221,-0.2869,15.4857,0.08015,"m"
1222,-0.2869,15.4848,0.08016,"m"
1223,-0.2869,15.484,0.08017,"m"
1224,-0.2869,15.4832,0.08017,"m"
1225,-0.2869,15.4824,0.08018,"m"
1226,-0.287,15.4816,0.08019,"m"
1227,-0.287,15.4808,0.0802,"m"
1228,-0.287,15.48,0.0802,"m"
1229,-0.287,15.4792,0.08021,"m"
1230,-0.2871,15.4785,0.08022,"m"
1231,-0.2871,15.4777,0.08023,"m"
1232,-0.2871,15.4769,0.08023,"m"
1233,-0.2872,15.4761,0.08024,"m"
1234,-0.2872,15.4753,0.08025,"m"
1235,-0.2873,15.4745,0.08026,"m"
1236,-0.2873,15.4737,0.08027,"m"
1237,-0.2874,15.4729,0.08027,"m"
1238,-0.2874,15.4722,0.08028,"m"
1239,-0.2875,15.4714,0.08029,"m"
1240,-0.2875,15.4706,0.0803,"m"
1241,-0.2876,15.4698,0.08031,"m"
1242,-0.2877,15.4691,0.08031,"m"
1243,-0.2877,15.4683,0.08032,"m"
1244,-0.2878,15.4675,0.08033,"m"
1245,-0.2879,15.4667,0.08034,"m"
1246,-0.288,15.466,0.08034,"m"
1247,-0.288,15.4652,0.08035,"m"
1248,-0.2881,15.4645,0.08036,"m"
1249,-0.2882,15.4637,0.08037,"m"
1250,-0.2883,15.4629,0.08038,"m"
1251,-0.2884,15.4622,0.08038,"m"
1252,-0.2885,15.4614,0.08039,"m"
1253,-0.2886,15.4607,0.0804,"m"
1254,-0.2887,15.4599,0.08041,"m"
1255,-0.2888,15.4592,0.08042,"m"
1256,-0.2889,15.4584,0.08042,"m"
1257,-0.289,15.4577,0.08043,"m"
1258,-0.2891,15.4569,0.08044,"m"
1259,-0.2892,15.4562,0.08045,"m"
1260,-0.2893,15.4554,0.08046,"m"
1261,-0.2894,15.4547,0.08046,"m"
1262,-0.2896,15.4539,0.08047,"m"
1263,-0.2897,15.4532,0.08048,"m"
1264,-0.2898,15.4525,0.08049,"m"
1265,-0.2899,15.4517,0.0805,"m"
1266,-0.2901,15.451,0.08051,"m"
1267,-0.2902,15.4503,0.08051,"m"
1268,-0.2903,15.4495,0.08052,"m"
1269,-0.2905,15.4488,0.08053,"m"
1270,-0.2906,15.4481,0.08054,"m"
1271,-0.2908,15.4473,0.08055,"m"
1272,-0.2909,15.4466,0.08056,"m"
1273,-0.2911,15.4459,0.08056,"m"
1274,-0.2912,15.4452,0.08057,"m"
1275,-0.2914,15.4445,0.08058,"m"
1276,-0.2915,15.4437,0.08059,"m"
1277,-0.2917,15.443,0.0806,"m"
1278,-0.2918,15.4423,0.08061,"m"
1279,-0.292,15.4416,0.08061,"m"
1280,-0.2922,15.4409,0.08062,"m"
1281,-0.2924,15.4402,0.08063,"m"
1282,-0.2925,15.4395,0.08064,"m"
1283,-0.2927,15.4388,0.08065,"m"
1284,-0.2929,15.438,0.08066,"m"
1285,-0.2931,15.4373,0.08066,"m"
1286,-0.2933,15.4366,0.08067,"m"
1287,-0.2934,15.4359,0.08068,"m"
1288,-0.2936,15.4352,0.08069,"m"
1289,-0.2938,15.4345,0.0807,"m"
1290,-0.294,15.4338,0.08071,"m"
1291,-0.2942,15.4332,0.08072,"m"
1292,-0.2944,15.4325,0.08072,"m"
1293,-0.2946,15.4318,0.08073,"m"
1294,-0.2948,15.4311,0.08074,"m"
1295,-0.295,15.4304,0.08075,"m"
1296,-0.2952,15.4297,0.08076,"m"
1297,-0.2954,15.429,0.08077,"m"
1298,-0.2957,15.4283,0.08078,"m"
1299,-0.2959,15.4276,0.08078,"m"
1300,-0.2961,15.427,0.08079,"m"
1301,-0.2963,15.4263,0.0808,"m"
1302,-0.2965,15.4256,0.08081,"m"
1303,-0.2968,15.4249,0.08082,"m"
1304,-0.297,15.4243,0.08083,"m"
1305,-0.2972,15.4236,0.08084,"m"
1306,-0.2975,15.4229,0.08085,"m"
1307,-0.2977,15.4222,0.08085,"m"
1308,-0.2979,15.4216,0.08086,"m"
1309,-0.2982,15.4209,0.08087,"m"
1310,-0.2984,15.4202,0.08088,"m"
1311,-0.2987,15.4196,0.08089,"m"
1312,-0.2989,15.4189,0.0809,"m"
1313,-0.2992,15.4182,0.08091,"m"
1314,-0.2994,15.4176,0.08092,"m"
1315,-0.2997,15.4169,0.08093,"m"
1316,-0.3,15.4162,0.08093,"m"
1317,-0.3002,15.4156,0.08094,"m"
1318,-0.3005,15.4149,0.08095,"m"
1319,-0.3008,15.4143,0.08096,"m"
1320,-0.301,15.4136,0.08097,"m"
1321,-0.3013,15.413,0.08098,"m"
1322,-0.3016,15.4123,0.08099,"m"
1323,-0.3018,15.4117,0.081,"m"
1324,-0.3021,15.411,0.08101,"m"
1325,-0.3024,15.4104,0.08102,"m"
1326,-0.3027,15.4097,0.08102,"m"
1327,-0.303,15.4091,0.08103,"m"
1328,-0.3033,15.4084,0.08104,"m"
1329,-0.3036,15.4078,0.08105,"m"
1330,-0.3038,15.4072,0.08106,"m"
1331,-0.3041,15.4065,0.08107,"m"
1332,-0.3044,15.4059,0.08108,"m"
1333,-0.3047,15.4052,0.08109,"m"
1334,-0.305,15.4046,0.0811,"m"
1335,-0.3054,15.404,0.08111,"m"
1336,-0.3057,15.4033,0.08112,"m"
1337,-0.306,15.4027,0.08113,"m"
1338,-0.3063,15.4021,0.08113,"m"
1339,-0.3066,15.4015,0.08114,"m"
1340,-0.3069,15.4008,0.08115,"m"
1341,-0.3072,15.4002,0.08116,"m"
1342,-0.3076,15.3996,0.08117,"m"
1343,-0.3079,15.399,0.08118,"m"
1344,-0.3082,15.3983,0.08119,"m"
1345,-0.3085,15.3977,0.0812,"m"
1346,-0.3089,15.3971,0.08121,"m"
1347,-0.3092,15.3965,0.08122,"m"
1348,-0.3095,15.3958,0.08123,"m"
1349,-0.3099,15.3952,0.08124,"m"
1350,-0.3102,15.3946,0.08125,"m"
1351,-0.3106,15.394,0.08126,"m"
1352,-0.3109,15.3934,0.08127,"m"
1353,-0.3113,15.3928,0.08128,"m"
1354,-0.3116,15.3922,0.08128,"m"
1355,-0.312,15.3916,0.08129,"m"
1356,-0.3123,15.3909,0.0813,"m"
1357,-0.3127,15.3903,0.08131,"m"
1358,-0.313,15.3897,0.08132,"m"
1359,-0.3134,15.3891,0.08133,"m"
1360,-0.3138,15.3885,0.08134,"m"
1361,-0.3141,15.3879,0.08135,"m"
1362,-0.3145,15.3873,0.08136,"m"
1363,-0.3149,15.3867,0.08137,"m"
1364,-0.3152,15.3861,0.08138,"m"
1365,-0.3156,15.3855,0.08139,"m"
1366,-0.316,15.3849,0.0814,"m"
1367,-0.3164,15.3843,0.08141,"m"
1368,-0.3168,15.3837,0.08142,"m"
1369,-0.3171,15.3831,0.08143,"m"
1370,-0.3175,15.3825,0.08144,"m"
1371,-0.3179,15.382,0.08145,"m"
1372,-0.3183,15.3814,0.08146,"m"
1373,-0.3187,15.3808,0.08147,"m"
1374,-0.3191,15.3802,0.08148,"m"
1375,-0.3195,15.3796,0.08149,"m"
1376,-0.3199,15.379,0.0815,"m"
1377,-0.3203,15.3784,0.08151,"m"
1378,-0.3207,15.3778,0.08152,"m"
1379,-0.3211,15.3773,0.08153,"m"
1380,-0.3215,15.3767,0.08154,"m"
1381,-0.322,15.3761,0.08155,"m"
1382,-0.3224,15.3755,0.08156,"m"
1383,-0.3228,15.3749,0.08157,"m"
1384,-0.3232,15.3744,0.08158,"m"
1385,-0.3236,15.3738,0.08159,"m"
1386,-0.3241,15.3732,0.0816,"m"
1387,-0.3245,15.3726,0.08161,"m"
1388,-0.3249,15.3721,0.08162,"m"
1389,-0.3253,15.3715,0.08163,"m"
1390,-0.3258,15.3709,0.08164,"m"
1391,-0.3262,15.3703,0.08165,"m"
1392,-0.3266,15.3698,0.08166,"m"
1393,-0.3271,15.3692,0.08167,"m"
1394,-0.3275,15.3686,0.08168,"m"
1395,-0.328,15.3681,0.08169,"m"
1396,-0.3284,15.3675,0.0817,"m"
1397,-0.3289,15.3669,0.08171,"m"
1398,-0.3293,15.3664,0.08172,"m"
1399,-0.3298,15.3658,0.08173,"m"
1400,-0.3302,15.3652,0.08174,"m"
1401,-0.3307,15.3647,0.08175,"m"
1402,-0.3312,15.3641,0.08176,"m"
1403,-0.3316,15.3636,0.08177,"m"
1404,-0.3321,15.363,0.08178,"m"
1405,-0.3325,15.3624,0.08179,"m"
1406,-0.333,15.3619,0.0818,"m"
1407,-0.3335,15.3613,0.08181,"m"
1408,-0.334,15.3608,0.08182,"m"
1409,-0.3344,15.3602,0.08183,"m"
1410,-0.3349,15.3597,0.08184,"m"
1411,-0.3354,15.3591,0.08185,"m"
1412,-0.3359,15.3586,0.08186,"m"
1413,-0.3364,15.358,0.08187,"m"
1414,-0.3369,15.3575,0.08188,"m"
1415,-0.3373,15.3569,0.08189,"m"
1416,-0.3378,15.3564,0.0819,"m"
1417,-0.3383,15.3558,0.08191,"m"
1418,-0.3388,15.3553,0.08192,"m"
1419,-0.3393,15.3547,0.08193,"m"
1420,-0.3398,15.3542,0.08194,"m"
1421,-0.3403,15.3537,0.08195,"m"
1422,-0.3408,15.3531,0.08196,"m"
1423,-0.3413,15.3526,0.08197,"m"
1424,-0.3418,15.352,0.08198,"m"
1425,-0.3424,15.3515,0.082,"m"
1426,-0.3429,15.351,0.08201,"m"
1427,-0.3434,15.3504,0.08202,"m"
1428,-0.3439,15.3499,0.08203,"m"
1429,-0.3444,15.3493,0.08204,"m"
1430,-0.3449,15.3488,0.08205,"m"
1431,-0.3455,15.3483,0.08206,"m"
1432,-0.346,15.3477,0.08207,"m"
1433,-0.3465,15.3472,0.08208,"m"
1434,-0.3471,15.3467,0.08209,"m"
1435,-0.3476,15.3461,0.0821,"m"
1436,-0.3481,15.3456,0.08211,"m"
1437,-0.3487,15.3451,0.08212,"m"
1438,-0.3492,15.3445,0.08213,"m"
1439,-0.3497,15.344,0.08214,"m"
1440,-0.3503,15.3435,0.08215,"m"
1441,-0.3508,15.343,0.08216,"m"
1442,-0.3514,15.3424,0.08218,"m"
1443,-0.3519,15.3419,0.08219,"m"
1444,-0.3525,15.3414,0.0822,"m"
1445,-0.353,15.3409,0.08221,"m"
1446,-0.3536,15.3403,0.08222,"m"
1447,-0.3541,15.3398,0.08223,"m"
1448,-0.3547,15.3393,0.08224,"m"
1449,-0.3553,15.3388,0.08225,"m"
1450,-0.3558,15.3383,0.08226,"m"
1451,-0.3564,15.3377,0.08227,"m"
1452,-0.357,15.3372,0.08228,"m"
1453,-0.3575,15.3367,0.08229,"m"
1454,-0.3581,15.3362,0.08231,"m"
1455,-0.3587,15.3357,0.08232,"m"
1456,-0.3593,15.3352,0.08233,"m"
1457,-0.3598,15.3346,0.08234,"m"
1458,-0.3604,15.3341,0.08235,"m"
1459,-0.361,15.3336,0.08236,"m"
1460,-0.3616,15.3331,0.08237,"m"
1461,-0.3622,15.3326,0.08238,"m"
1462,-0.3628,15.3321,0.08239,"m"
1463,-0.3634,15.3316,0.0824,"m"
1464,-0.364,15.3311,0.08241,"m"
1465,-0.3646,15.3306,0.08243,"m"
1466,-0.3652,15.3301,0.08244,"m"
1467,-0.3658,15.3295,0.08245,"m"
1468,-0.3664,15.329,0.08246,"m"
1469,-0.367,15.3285,0.08247,"m"
1470,-0.3676,15.328,0.08248,"m"
1471,-0.3682,15.3275,0.08249,"m"
1472,-0.3688,15.327,0.0825,"m"
1473,-0.3694,15.3265,0.08251,"m"
1474,-0.37,15.326,0.08253,"m"
1475,-0.3706,15.3255,0.08254,"m"
1476,-0.3713,15.325,0.08255,"m"
1477,-0.3719,15.3245,0.08256,"m"
1478,-0.3725,15.324,0.08257,"m"
1479,-0.3731,15.3235,0.08258,"m"
1480,-0.3738,15.323,0.08259,"m"
1481,-0.3744,15.3225,0.0826,"m"
1482,-0.375,15.322,0.08262,"m"
1483,-0.3756,15.3215,0.08263,"m"
1484,-0.3763,15.3211,0.08264,"m"
1485,-0.3769,15.3206,0.08265,"m"
1486,-0.3776,15.3201,0.08266,"m"
1487,-0.3782,15.3196,0.08267,"m"
1488,-0.3789,15.3191,0.08268,"m"
1489,-0.3795,15.3186,0.08269,"m"
1490,-0.3801,15.3181,0.08271,"m"
1491,-0.3808,15.3176,0.08272,"m"
1492,-0.3815,15.3171,0.08273,"m"
1493,-0.3821,15.3166,0.08274,"m"
1494,-0.3828,15.3162,0.08275,"m"
1495,-0.3834,15.3157,0.08276,"m"
1496,-0.3841,15.3152,0.08277,"m"
1497,-0.3847,15.3147,0.08279,"m"
1498,-0.3854,15.3142,0.0828,"m"
1499,-0.3861,15.3137,0.08281,"m"
1500,-0.3867,15.3133,0.08282,"m"
1501,-0.3874,15.3128,0.08283,"m"
1502,-0.3881,15.3123,0.08284,"m"
1503,-0.3888,15.3118,0.08285,"m"
1504,-0.3894,15.3113,0.08287,"m"
1505,-0.3901,15.3109,0.08288,"m"
1506,-0.3908,15.3104,0.08289,"m"
1507,-0.3915,15.3099,0.0829,"m"
1508,-0.3922,15.3094,0.08291,"m"
1509,-0.3929,15.309,0.08292,"m"
1510,-0.3936,15.3085,0.08293,"m"
1511,-0.3942,15.308,0.08295,"m"
1512,-0.3949,15.3075,0.08296,"m"
1513,-0.3956,15.3071,0.08297,"m"
1514,-0.3963,15.3066,0.08298,"m"
1515,-0.397,15.3061,0.08299,"m"
1516,-0.3977,15.3057,0.083,"m"
1517,-0.3984,15.3052,0.08302,"m"
1518,-0.3991,15.3047,0.08303,"m"
1519,-0.3998,15.3043,0.08304,"m"
1520,-0.4006,15.3038,0.08305,"m"
1521,-0.4013,15.3033,0.08306,"m"
1522,-0.402,15.3029,0.08307,"m"
1523,-0.4027,15.3024,0.08309,"m"
1524,-0.4034,15.3019,0.0831,"m"
1525,-0.4041,15.3015,0.08311,"m"
1526,-0.4049,15.301,0.08312,"m"
1527,-0.4056,15.3005,0.08313,"m"
1528,-0.4063,15.3001,0.08314,"m"
1529,-0.407,15.2996,0.08316,"m"
1530,-0.4078,15.2992,0.08317,"m"
1531,-0.4085,15.2987,0.08318,"m"
1532,-0.4092,15.2982,0.08319,"m"
1533,-0.41,15.2978,0.0832,"m"
1534,-0.4107,15.2973,0.08322,"m"
1535,-0.4114,15.2969,0.08323,"m"
1536,-0.4122,15.2964,0.08324,"m"
1537,-0.4129,15.2959,0.08325,"m"
1538,-0.4137,15.2955,0.08326,"m"
1539,-0.4144,15.295,0.08327,"m"
1540,-0.4151,15.2946,0.08329,"m"
1541,-0.4159,15.2941,0.0833,"m"
1542,-0.4166,15.2937,0.08331,"m"
1543,-0.4174,15.2932,0.08332,"m"
1544,-0.4182,15.2928,0.08333,"m"
1545,-0.4189,15.2923,0.08335,"m"
1546,-0.4197,15.2919,0.08336,"m"
1547,-0.4204,15.2914,0.08337,"m"
1548,-0.4212,15.291,0.08338,"m"
1549,-0.422,15.2905,0.08339,"m"
1550,-0.4227,15.2901,0.08341,"m"
1551,-0.4235,15.2896,0.08342,"m"
1552,-0.4243,15.2892,0.08343,"m"
1553,-0.425,15.2888,0.08344,"m"
1554,-0.4258,15.2883,0.08345,"m"
1555,-0.4266,15.2879,0.08347,"m"
1556,-0.4274,15.2874,0.08348,"m"
1557,-0.4281,15.287,0.08349,"m"
1558,-0.4289,15.2865,0.0835,"m"
1559,-0.4297,15.2861,0.08351,"m"
1560,-0.4305,15.2857,0.08353,"m"
1561,-0.4313,15.2852,0.08354,"m"
1562,-0.4321,15.2848,0.08355,"m"
1563,-0.4328,15.2844,0.08356,"m"
1564,-0.4336,15.2839,0.08357,"m"
1565,-0.4344,15.2835,0.08359,"m"
1566,-0.4352,15.283,0.0836,"m"
1567,-0.436,15.2826,0.08361,"m"
1568,-0.4368,15.2822,0.08362,"m"
1569,-0.4376,15.2817,0.08364,"m"
1570,-0.4384,15.2813,0.08365,"m"
1571,-0.4392,15.2809,0.08366,"m"
1572,-0.44,15.2805,0.08367,"m"
1573,-0.4408,15.28,0.08368,"m"
1574,-0.4417,15.2796,0.0837,"m"
1575,-0.4425,15.2792,0.08371,"m"
1576,-0.4433,15.2787,0.08372,"m"
1577,-0.4441,15.2783,0.08373,"m"
1578,-0.4449,15.2779,0.08375,"m"
1579,-0.4457,15.2775,0.08376,"m"
1580,-0.4465,15.277,0.08377,"m"
1581,-0.4474,15.2766,0.08378,"m"
1582,-0.4482,15.2762,0.08379,"m"
1583,-0.449,15.2758,0.08381,"m"
1584,-0.4498,15.2753,0.08382,"m"
1585,-0.4507,15.2749,0.08383,"m"
1586,-0.4515,15.2745,0.08384,"m"
1587,-0.4523,15.2741,0.08386,"m"
1588,-0.4532,15.2737,0.08387,"m"
1589,-0.454,15.2732,0.08388,"m"
1590,-0.4548,15.2728,0.08389,"m"
1591,-0.4557,15.2724,0.08391,"m"
1592,-0.4565,15.272,0.08392,"m"
1593,-0.4574,15.2716,0.08393,"m"
1594,-0.4582,15.2712,0.08394,"m"
1595,-0.459,15.2708,0.08395,"m"
1596,-0.4599,15.2703,0.08397,"m"
1597,-0.4607,15.2699,0.08398,"m"
1598,-0.4616,15.2695,0.08399,"m"
1599,-0.4624,15.2691,0.084,"m"
1600,-0.4633,15.2687,0.08402,"m"
1601,-0.4641,15.2683,0.08403,"m"
1602,-0.465,15.2679,0.08404,"m"
1603,-0.4659,15.2675,0.08405,"m"
1604,-0.4667,15.2671,0.08407,"m"
1605,-0.4676,15.2667,0.08408,"m"
1606,-0.4684,15.2662,0.08409,"m"
1607,-0.4693,15.2658,0.0841,"m"
1608,-0.4702,15.2654,0.08412,"m"
1609,-0.471,15.265,0.08413,"m"
1610,-0.4719,15.2646,0.08414,"m"
1611,-0.4728,15.2642,0.08415,"m"
1612,-0.4736,15.2638,0.08417,"m"
1613,-0.4745,15.2634,0.08418,"m"
1614,-0.4754,15.263,0.08419,"m"
1615,-0.4762,15.2626,0.0842,"m"
1616,-0.4771,15.2622,0.08422,"m"
1617,-0.478,15.2618,0.08423,"m"
1618,-0.4789,15.2614,0.08424,"m"
1619,-0.4798,15.261,0.08425,"m"
1620,-0.4806,15.2606,0.08427,"m"
1621,-0.4815,15.2602,0.08428,"m"
1622,-0.4824,15.2598,0.08429,"m"
1623,-0.4833,15.2594,0.08431,"m"
1624,-0.4842,15.259,0.08432,"m"
1625,-0.4851,15.2586,0.08433,"m"
1626,-0.486,15.2582,0.08434,"m"
1627,-0.4869,15.2579,0.08436,"m"
1628,-0.4877,15.2575,0.08437,"m"
1629,-0.4886,15.2571,0.08438,"m"
1630,-0.4895,15.2567,0.08439,"m"
1631,-0.4904,15.2563,0.08441,"m"
1632,-0.4913,15.2559,0.08442,"m"
1633,-0.4922,15.2555,0.08443,"m"
1634,-0.4931,15.2551,0.08444,"m"
1635,-0.494,15.2547,0.08446,"m"
1636,-0.4949,15.2543,0.08447,"m"
1637,-0.4958,15.254,0.08448,"m"
1638,-0.4968,15.2536,0.0845,"m"
1639,-0.4977,15.2532,0.08451,"m"
1640,-0.4986,15.2528,0.08452,"m"
1641,-0.4995,15.2524,0.08453,"m"
1642,-0.5004,15.252,0.08455,"m"
1643,-0.5013,15.2516,0.08456,"m"
1644,-0.5022,15.2513,0.08457,"m"
1645,-0.5031,15.2509,0.08459,"m"
1646,-0.504,15.2505,0.0846,"m"
1647,-0.505,15.2501,0.08461,"m"
1648,-0.5059,15.2497,0.08462,"m"
1649,-0.5068,15.2494,0.08464,"m"
1650,-0.5077,15.249,0.08465,"m"
1651,-0.5087,15.2486,0.08466,"m"
1652,-0.5096,15.2482,0.08468,"m"
1653,-0.5105,15.2478,0.08469,"m"
1654,-0.5114,15.2475,0.0847,"m"
1655,-0.5124,15.2471,0.08471,"m"
1656,-0.5133,15.2467,0.08473,"m"
1657,-0.5142,15.2463,0.08474,"m"
1658,-0.5151,15.246,0.08475,"m"
1659,-0.5161,15.2456,0.08477,"m"
1660,-0.517,15.2452,0.08478,"m"
1661,-0.518,15.2448,0.08479,"m"
1662,-0.5189,15.2445,0.0848,"m"
1663,-0.5198,15.2441,0.08482,"m"
1664,-0.5208,15.2437,0.08483,"m"
1665,-0.5217,15.2433,0.08484,"m"
1666,-0.5227,15.243,0.08486,"m"
1667,-0.5236,15.2426,0.08487,"m"
1668,-0.5245,15.2422,0.08488,"m"
1669,-0.5255,15.2419,0.0849,"m"
1670,-0.5264,15.2415,0.08491,"m"
1671,-0.5274,15.2411,0.08492,"m"
1672,-0.5283,15.2408,0.08493,"m"
1673,-0.5293,15.2404,0.08495,"m"
1674,-0.5302,15.24,0.08496,"m"
1675,-0.5312,15.2397,0.08497,"m"
1676,-0.5321,15.2393,0.08499,"m"
1677,-0.5331,15.2389,0.085,"m"
1678,-0.5341,15.2386,0.08501,"m"
1679,-0.535,15.2382,0.08503,"m"
1680,-0.536,15.2378,0.08504,"m"
1681,-0.5369,15.2375,0.08505,"m"
1682,-0.5379,15.2371,0.08506,"m"
1683,-0.5389,15.2368,0.08508,"m"
1684,-0.5398,15.2364,0.08509,"m"
1685,-0.5408,15.236,0.0851,"m"
1686,-0.5418,15.2357,0.08512,"m"
1687,-0.5427,15.2353,0.08513,"m"
1688,-0.5437,15.235,0.08514,"m"
1689,-0.5447,15.2346,0.08516,"m"
1690,-0.5456,15.2342,0.08517,"m"
1691,-0.5466,15.2339,0.08518,"m"
1692,-0.5476,15.2335,0.0852,"m"
1693,-0.5486,15.2332,0.08521,"m"
1694,-0.5495,15.2328,0.08522,"m"
1695,-0.5505,15.2325,0.08524,"m"
1696,-0.5515,15.2321,0.08525,"m"
1697,-0.5525,15.2318,0.08526,"m"
1698,-0.5535,15.2314,0.08527,"m"
1699,-0.5544,15.2311,0.08529,"m"
1700,-0.5554,15.2307,0.0853,"m"
1701,-0.5564,15.2304,0.08531,"m"
1702,-0.5574,15.23,0.08533,"m"
1703,-0.5584,15.2297,0.08534,"m"
1704,-0.5594,15.2293,0.08535,"m"
1705,-0.5604,15.229,0.08537,"m"
1706,-0.5614,15.2286,0.08538,"m"
1707,-0.5623,15.2283,0.08539,"m"
1708,-0.5633,15.2279,0.08541,"m"
1709,-0.5643,15.2276,0.08542,"m"
1710,-0.5653,15.2272,0.08543,"m"
1711,-0.5663,15.2269,0.08545,"m"
1712,-0.5673,15.2265,0.08546,"m"
1713,-0.5683,15.2262,0.08547,"m"
1714,-0.5693,15.2258,0.08549,"m"
1715,-0.5703,15.2255,0.0855,"m"
1716,-0.5713,15.2252,0.08551,"m"
1717,-0.5723,15.2248,0.08553,"m"
1718,-0.5733,15.2245,0.08554,"m"
1719,-0.5743,15.2241,0.08555,"m"
1720,-0.5754,15.2238,0.08557,"m"
1721,-0.5764,15.2235,0.08558,"m"
1722,-0.5774,15.2231,0.08559,"m"
1723,-0.5784,15.2228,0.08561,"m"
1724,-0.5794,15.2224,0.08562,"m"
1725,-0.5804,15.2221,0.08563,"m"
1726,-0.5814,15.2218,0.08565,"m"
1727,-0.5824,15.2214,0.08566,"m"
1728,-0.5835,15.2211,0.08567,"m"
1729,-0.5845,15.2208,0.08569,"m"
1730,-0.5855,15.2204,0.0857,"m"
1731,-0.5865,15.2201,0.08571,"m"
1732,-0.5875,15.2198,0.08573,"m"
1733,-0.5886,15.2194,0.08574,"m"
1734,-0.5896,15.2191,0.08575,"m"
1735,-0.5906,15.2188,0.08577,"m"
1736,-0.5916,15.2184,0.08578,"m"
1737,-0.5927,15.2181,0.08579,"m"
1738,-0.5937,15.2178,0.08581,"m"
1739,-0.5947,15.2175,0.08582,"m"
1740,-0.5958,15.2171,0.08583,"m"
1741,-0.5968,15.2168,0.08585,"m"
1742,-0.5978,15.2165,0.08586,"m"
1743,-0.5989,15.2162,0.08587,"m"
1744,-0.5999,15.2158,0.08589,"m"
1745,-0.6009,15.2155,0.0859,"m"
1746,-0.602,15.2152,0.08591,"m"
1747,-0.603,15.2149,0.08593,"m"
1748,-0.604,15.2145,0.08594,"m"
1749,-0.6051,15.2142,0.08595,"m"
1750,-0.6061,15.2139,0.08597,"m"
1751,-0.6072,15.2136,0.08598,"m"
1752,-0.6082,15.2133,0.08599,"m"
1753,-0.6093,15.213,0.08601,"m"
1754,-0.6103,15.2126,0.08602,"m"
1755,-0.6114,15.2123,0.08603,"m"
1756,-0.6124,15.212,0.08605,"m"
1757,-0.6135,15.2117,0.08606,"m"
1758,-0.6145,15.2114,0.08608,"m"
1759,-0.6156,15.2111,0.08609,"m"
1760,-0.6166,15.2108,0.0861,"m"
1761,-0.6177,15.2104,0.08612,"m"
1762,-0.6187,15.2101,0.08613,"m"
1763,-0.6198,15.2098,0.08614,"m"
1764,-0.6209,15.2095,0.08616,"m"
1765,-0.6219,15.2092,0.08617,"m"
1766,-0.623,15.2089,0.08618,"m"
1767,-0.6241,15.2086,0.0862,"m"
1768,-0.6251,15.2083,0.08621,"m"
1769,-0.6262,15.208,0.08622,"m"
1770,-0.6273,15.2077,0.08624,"m"
1771,-0.6283,15.2074,0.08625,"m"
1772,-0.6294,15.2071,0.08626,"m"
1773,-0.6305,15.2068,0.08628,"m"
1774,-0.6315,15.2065,0.08629,"m"
1775,-0.6326,15.2061,0.0863,"m"
1776,-0.6337,15.2058,0.08632,"m"
1777,-0.6348,15.2055,0.08633,"m"
1778,-0.6358,15.2052,0.08634,"m"
1779,-0.6369,15.2049,0.08636,"m"
1780,-0.638,15.2047,0.08637,"m"
1781,-0.6391,15.2044,0.08639,"m"
1782,-0.6402,15.2041,0.0864,"m"
1783,-0.6412,15.2038,0.08641,"m"
1784,-0.6423,15.2035,0.08643,"m"
1785,-0.6434,15.2032,0.08644,"m"
1786,-0.6445,15.2029,0.08645,"m"
1787,-0.6456,15.2026,0.08647,"m"
1788,-0.6467,15.2023,0.08648,"m"
1789,-0.6478,15.202,0.08649,"m"
1790,-0.6488,15.2017,0.08651,"m"
1791,-0.6499,15.2014,0.08652,"m"
1792,-0.651,15.2011,0.08653,"m"
1793,-0.6521,15.2008,0.08655,"m"
1794,-0.6532,15.2005,0.08656,"m"
1795,-0.6543,15.2003,0.08657,"m"
1796,-0.6554,15.2,0.08659,"m"
1797,-0.6565,15.1997,0.0866,"m"
1798,-0.6576,15.1994,0.08662,"m"
1799,-0.6587,15.1991,0.08663,"m"
1800,-0.6598,15.1988,0.08664,"m"
1801,-0.6609,15.1985,0.08666,"m"
1802,-0.662,15.1983,0.08667,"m"
1803,-0.6631,15.198,0.08668,"m"
1804,-0.6642,15.1977,0.0867,"m"
1805,-0.6653,15.1974,0.08671,"m"
1806,-0.6665,15.1971,0.08672,"m"
1807,-0.6676,15.1969,0.08674,"m"
1808,-0.6687,15.1966,0.08675,"m"
1809,-0.6698,15.1963,0.08676,"m"
1810,-0.6709,15.196,0.08678,"m"
1811,-0.672,15.1958,0.08679,"m"
1812,-0.6731,15.1955,0.0868,"m"
1813,-0.6743,15.1952,0.08682,"m"
1814,-0.6754,15.1949,0.08683,"m"
1815,-0.6765,15.1947,0.08685,"m"
1816,-0.6776,15.1944,0.08686,"m"
1817,-0.6787,15.1941,0.08687,"m"
1818,-0.6799,15.1938,0.08689,"m"
1819,-0.681,15.1936,0.0869,"m"
1820,-0.6821,15.1933,0.08691,"m"
1821,-0.6833,15.193,0.08693,"m"
1822,-0.6844,15.1928,0.08694,"m"
1823,-0.6855,15.1925,0.08695,"m"
1824,-0.6866,15.1922,0.08697,"m"
1825,-0.6878,15.192,0.08698,"m"
1826,-0.6889,15.1917,0.08699,"m"
1827,-0.69,15.1914,0.08701,"m"
1828,-0.6912,15.1912,0.08702,"m"
1829,-0.6923,15.1909,0.08704,"m"
1830,-0.6935,15.1906,0.08705,"m"
1831,-0.6946,15.1904,0.08706,"m"
1832,-0.6957,15.1901,0.08708,"m"
1833,-0.6969,15.1899,0.08709,"m"
1834,-0.698,15.1896,0.0871,"m"
1835,-0.6992,15.1893,0.08712,"m"
1836,-0.7003,15.1891,0.08713,"m"
1837,-0.7015,15.1888,0.08714,"m"
1838,-0.7026,15.1886,0.08716,"m"
1839,-0.7038,15.1883,0.08717,"m"
1840,-0.7049,15.188,0.08718,"m"
1841,-0.7061,15.1878,0.0872,"m"
1842,-0.7072,15.1875,0.08721,"m"
1843,-0.7084,15.1873,0.08722,"m"
1844,-0.7095,15.187,0.08724,"m"
1845,-0.7107,15.1868,0.08725,"m"
1846,-0.7118,15.1865,0.08727,"m"
1847,-0.713,15.1863,0.08728,"m"
1848,-0.7141,15.186,0.08729,"m"
1849,-0.7153,15.1858,0.08731,"m"
1850,-0.7165,15.1855,0.08732,"m"
1851,-0.7176,15.1853,0.08733,"m"
1852,-0.7188,15.185,0.08735,"m"
1853,-0.72,15.1848,0.08736,"m"
1854,-0.7211,15.1845,0.08737,"m"
1855,-0.7223,15.1843,0.08739,"m"
1856,-0.7235,15.184,0.0874,"m"
1857,-0.738940246406571,15.2640743326489,0.0839024640657084,"m"
1858,-0.739709034907598,15.2639921971253,0.0839103490759754,"m"
1859,-0.740477823408624,15.2639100616016,0.0839182340862423,"m"
1860,-0.741246611909651,15.263827926078,0.0839261190965092,"m"
1861,-0.742015400410678,15.2637457905544,0.0839340041067762,"m"
1862,-0.742784188911704,15.2636636550308,0.0839418891170431,"m"
1863,-0.743552977412731,15.2635815195072,0.0839497741273101,"m"
1864,-0.744321765913758,15.2634993839836,0.083957659137577,"m"
1865,-0.745090554414784,15.26341724846,0.0839655441478439,"m"
1866,-0.745859342915811,15.2633351129363,0.0839734291581109,"m"
1867,-0.746628131416838,15.2632529774127,0.0839813141683778,"m"
1868,-0.747396919917864,15.2631708418891,0.0839891991786448,"m"
1869,-0.748165708418891,15.2630887063655,0.0839970841889117,"m"
1870,-0.748934496919918,15.2630065708419,0.0840049691991786,"m"
1871,-0.749703285420945,15.2629244353183,0.0840128542094456,"m"
1872,-0.750472073921971,15.2628422997947,0.0840207392197125,"m"
1873,-0.751240862422998,15.262760164271,0.0840286242299795,"m"
1874,-0.752009650924025,15.2626780287474,0.0840365092402464,"m"
1875,-0.752778439425051,15.2625958932238,0.0840443942505134,"m"
1876,-0.753547227926078,15.2625137577002,0.0840522792607803,"m"
1877,-0.754316016427105,15.2624316221766,0.0840601642710472,"m"
1878,-0.755084804928131,15.262349486653,0.0840680492813142,"m"
1879,-0.755853593429158,15.2622673511294,0.0840759342915811,"m"
1880,-0.756622381930185,15.2621852156057,0.0840838193018481,"m"
1881,-0.757391170431212,15.2621030800821,0.084091704312115,"m"
1882,-0.758159958932238,15.2620209445585,0.0840995893223819,"m"
1883,-0.758928747433265,15.2619388090349,0.0841074743326489,"m"
1884,-0.759697535934292,15.2618566735113,0.0841153593429158,"m"
1885,-0.760466324435318,15.2617745379877,0.0841232443531828,"m"
1886,-0.761235112936345,15.2616924024641,0.0841311293634497,"m"
1887,-0.762003901437372,15.2616102669405,0.0841390143737166,"m"
1888,-0.762777146157138,15.2615576614875,0.0841472089309415,"m"
1889,-0.7635510174119,15.2615093245358,0.0841554475686459,"m"
1890,-0.764324866700812,15.2614610964995,0.0841636858997732,"m"
1891,-0.765098682308755,15.2614130354671,0.0841719237608159,"m"
1892,-0.765872452520607,15.2613651995268,0.0841801609882661,"m"
1893,-0.766646165621249,15.261317646767,0.0841883974186162,"m"
1894,-0.767419809895562,15.2612704352757,0.0841966328883583,"m"
1895,-0.768193373628425,15.2612236231415,0.0842048672339848,"m"
1896,-0.768966845104718,15.2611772684525,0.0842131002919879,"m"
1897,-0.769740212609321,15.2611314292971,0.0842213318988599,"m"
1898,-0.770513464427115,15.2610861637635,0.0842295618910932,"m"
1899,-0.771286588842979,15.26104152994,0.0842377901051798,"m"
1900,-0.772059574141793,15.260997585915,0.0842460163776122,"m"
1901,-0.772832408608438,15.2609543897766,0.0842542405448826,"m"
1902,-0.773605080527793,15.2609119996132,0.0842624624434832,"m"
1903,-0.774377578184738,15.260870473513,0.0842706819099064,"m"
1904,-0.775149889864154,15.2608298695645,0.0842788987806444,"m"
1905,-0.77592200385092,15.2607902458557,0.0842871128921894,"m"
1906,-0.776693908429917,15.2607516604751,0.0842953240810338,"m"
1907,-0.777465591886024,15.2607141715109,0.0843035321836698,"m"
1908,-0.778237042504122,15.2606778370514,0.0843117370365898,"m"
1909,-0.779008248569091,15.2606427151849,0.0843199384762858,"m"
1910,-0.77977919836581,15.2606088639997,0.0843281363392503,"m"
1911,-0.78054988017916,15.260576341584,0.0843363304619755,"m"
1912,-0.78132028229402,15.2605452060262,0.0843445206809537,"m"
1913,-0.782090392995271,15.2605155154145,0.0843527068326772,"m"
1914,-0.782860200567793,15.2604873278372,0.0843608887536381,"m"
1915,-0.783629693296465,15.2604607013827,0.0843690662803288,"m"
1916,-0.784398859466169,15.2604356941391,0.0843772392492416,"m"
1917,-0.785167687361783,15.2604123641949,0.0843854074968688,"m"
1918,-0.785936165655282,15.2603907686344,0.0843935708733947,"m"
1919,-0.786704295201386,15.2603709329515,0.0844017296599281,"m"
1920,-0.787472091197616,15.2603528454479,0.0844098846449068,"m"
1921,-0.788239569664205,15.2603364922921,0.0844180366458695,"m"
1922,-0.789006746621391,15.2603218596526,0.0844261864803548,"m"
1923,-0.78977363808941,15.2603089336977,0.0844343349659013,"m"
1924,-0.790540260088496,15.2602977005958,0.0844424829200477,"m"
1925,-0.791306628638886,15.2602881465155,0.0844506311603326,"m"
1926,-0.792072759760815,15.2602802576252,0.0844587805042947,"m"
1927,-0.79283866947452,15.2602740200932,0.0844669317694726,"m"
1928,-0.793604373800236,15.260269420088,0.084475085773405,"m"
1929,-0.794369888758199,15.260266443778,0.0844832433336304,"m"
1930,-0.795135230368644,15.2602650773318,0.0844914052676877,"m"
1931,-0.795900414651808,15.2602653069176,0.0844995723931152,"m"
1932,-0.796665457627927,15.260267118704,0.0845077455274519,"m"
1933,-0.797430375317235,15.2602704988593,0.0845159254882362,"m"
1934,-0.798195183739969,15.2602754335521,0.0845241130930068,"m"
1935,-0.798959898916365,15.2602819089507,0.0845323091593024,"m"
1936,-0.799724536866658,15.2602899112235,0.0845405145046616,"m"
1937,-0.800489113611084,15.2602994265391,0.0845487299466231,"m"
1938,-0.801253645169879,15.2603104410658,0.0845569563027254,"m"
1939,-0.802018147563279,15.260322940972,0.0845651943905073,"m"
1940,-0.80278263681152,15.2603369124263,0.0845734450275074,"m"
1941,-0.803547128934837,15.260352341597,0.0845817090312643,"m"
1942,-0.804311639953466,15.2603692146525,0.0845899872193167,"m"
1943,-0.805076185887643,15.2603875177613,0.0845982804092032,"m"
1944,-0.805840782757604,15.2604072370919,0.0846065894184625,"m"
1945,-0.806605446583584,15.2604283588126,0.0846149150646331,"m"
1946,-0.80737019338582,15.2604508690919,0.0846232581652538,"m"
1947,-0.808135039184546,15.2604747540982,0.0846316195378633,"m"
1948,-0.8089,15.2605,0.08464,"m"
1949,-0.8096650875473,15.2605265948106,0.0846484000697999,"m"
1950,-0.810430296321104,15.260554533923,0.084656819067787,"m"
1951,-0.811195616510953,15.2605838145754,0.0846652560150829,"m"
1952,-0.811961038306386,15.2606144340055,0.0846737099328088,"m"
1953,-0.812726551896946,15.2606463894515,0.0846821798420862,"m"
1954,-0.813492147472173,15.2606796781513,0.0846906647640363,"m"
1955,-0.814257815221608,15.2607142973428,0.0846991637197805,"m"
1956,-0.815023545334792,15.2607502442642,0.0847076757304402,"m"
1957,-0.815789328001266,15.2607875161533,0.0847161998171367,"m"
1958,-0.816555153410571,15.2608261102482,0.0847247350009915,"m"
1959,-0.817321011752246,15.2608660237868,0.0847332803031257,"m"
1960,-0.818086893215835,15.2609072540071,0.0847418347446609,"m"
1961,-0.818852787990877,15.2609497981471,0.0847503973467183,"m"
1962,-0.819618686266913,15.2609936534448,0.0847589671304193,"m"
1963,-0.820384578233484,15.2610388171381,0.0847675431168854,"m"
1964,-0.821150454080131,15.2610852864651,0.0847761243272377,"m"
1965,-0.821916303996395,15.2611330586637,0.0847847097825977,"m"
1966,-0.822682118171817,15.261182130972,0.0847932985040868,"m"
1967,-0.823447886795937,15.2612325006279,0.0848018895128263,"m"
1968,-0.824213600058297,15.2612841648693,0.0848104818299375,"m"
1969,-0.824979248148438,15.2613371209344,0.0848190744765418,"m"
1970,-0.8257448212559,15.2613913660609,0.0848276664737606,"m"
1971,-0.826510309570224,15.2614468974871,0.0848362568427152,"m"
1972,-0.827275703280951,15.2615037124507,0.084844844604527,"m"
1973,-0.828040992577623,15.2615618081899,0.0848534287803173,"m"
1974,-0.828806167649779,15.2616211819426,0.0848620083912075,"m"
1975,-0.829571218686961,15.2616818309467,0.084870582458319,"m"
1976,-0.83033613587871,15.2617437524403,0.0848791500027731,"m"
1977,-0.831100909414566,15.2618069436614,0.0848877100456911,"m"
1978,-0.831865529484071,15.2618714018478,0.0848962616081945,"m"
1979,-0.832629986625436,15.2619371244265,0.0849048037692204,"m"
1980,-0.833394277455421,15.2620041121152,0.0849133366156383,"m"
1981,-0.834158403753893,15.2620723684269,0.084921861090453,"m"
1982,-0.83492236746477,15.2621418969636,0.0849303781638723,"m"
1983,-0.83568617053197,15.2622127013273,0.0849388888061039,"m"
1984,-0.836449814899413,15.26228478512,0.0849473939873555,"m"
1985,-0.837213302511016,15.2623581519435,0.0849558946778349,"m"
1986,-0.837976635310698,15.2624328053998,0.0849643918477497,"m"
1987,-0.838739815242379,15.2625087490909,0.0849728864673077,"m"
1988,-0.839502844249976,15.2625859866187,0.0849813795067167,"m"
1989,-0.840265724277409,15.2626645215852,0.0849898719361843,"m"
1990,-0.841028457268595,15.2627443575923,0.0849983647259183,"m"
1991,-0.841791045167454,15.262825498242,0.0850068588461264,"m"
1992,-0.842553489917904,15.2629079471362,0.0850153552670163,"m"
1993,-0.843315793463864,15.2629917078768,0.0850238549587958,"m"
1994,-0.844077957749252,15.2630767840658,0.0850323588916726,"m"
1995,-0.844839984717987,15.2631631793052,0.0850408680358544,"m"
1996,-0.845601876313988,15.2632508971969,0.0850493833615489,"m"
1997,-0.846363634481173,15.2633399413429,0.0850579058389639,"m"
1998,-0.84712526116346,15.263430315345,0.0850664364383071,"m"
1999,-0.847886758304769,15.2635220228053,0.0850749761297862,"m"
2000,-0.848648127849018,15.2636150673257,0.085083525883609,"m"
2001,-0.849409371740126,15.2637094525081,0.0850920866699831,"m"
2002,-0.850170491922011,15.2638051819546,0.0851006594591164,"m"
2003,-0.850931490338592,15.2639022592669,0.0851092452212164,"m"
2004,-0.851692368933787,15.2640006880472,0.085117844926491,"m"
2005,-0.852453129651515,15.2641004718973,0.0851264595451479,"m"
2006,-0.853213774435695,15.2642016144192,0.0851350900473948,"m"
2007,-0.853974305230245,15.2643041192148,0.0851437374034395,"m"
2008,-0.854734723979085,15.2644079898861,0.0851524025834896,"m"
2009,-0.855495032626161,15.264513230037,0.085161086557185,"m"
2010,-0.856255233136868,15.2646198446945,0.0851697898824847,"m"
2011,-0.857015327535843,15.2647278428172,0.0851785119799723,"m"
2012,-0.857775317857872,15.264837234037,0.0851872520754636,"m"
2013,-0.85853520613774,15.2649480279859,0.0851960093947748,"m"
2014,-0.85929499441023,15.2650602342957,0.0852047831637216,"m"
2015,-0.860054684710129,15.2651738625984,0.0852135726081201,"m"
2016,-0.860814279072219,15.2652889225258,0.0852223769537862,"m"
2017,-0.861573779531287,15.2654054237099,0.0852311954265358,"m"
2018,-0.862333188122116,15.2655233757825,0.0852400272521849,"m"
2019,-0.863092506879492,15.2656427883756,0.0852488716565493,"m"
2020,-0.863851737838198,15.2657636711211,0.0852577278654451,"m"
2021,-0.86461088303302,15.2658860336509,0.0852665951046882,"m"
2022,-0.865369944498742,15.2660098855968,0.0852754726000946,"m"
2023,-0.86612892427015,15.2661352365908,0.0852843595774801,"m"
2024,-0.866887824382026,15.2662620962648,0.0852932552626607,"m"
2025,-0.867646646869157,15.2663904742507,0.0853021588814523,"m"
2026,-0.868405393766327,15.2665203801804,0.085311069659671,"m"
2027,-0.86916406710832,15.2666518236858,0.0853199868231326,"m"
2028,-0.869922668929921,15.2667848143988,0.085328909597653,"m"
2029,-0.870681201265915,15.2669193619513,0.0853378372090483,"m"
2030,-0.871439666151087,15.2670554759753,0.0853467688831343,"m"
2031,-0.87219806562022,15.2671931661025,0.085355703845727,"m"
2032,-0.872956401708101,15.267332441965,0.0853646413226423,"m"
2033,-0.873714676449512,15.2674733131946,0.0853735805396963,"m"
2034,-0.87447289187924,15.2676157894233,0.0853825207227047,"m"
2035,-0.875231050032069,15.2677598802829,0.0853914610974836,"m"
2036,-0.875989152942782,15.2679055954053,0.0854004008898488,"m"
2037,-0.876747202646166,15.2680529444225,0.0854093393256165,"m"
2038,-0.877505201177004,15.2682019369663,0.0854182756306024,"m"
2039,-0.878263150570082,15.2683525826687,0.0854272090306225,"m"
2040,-0.879021052203899,15.2685048895106,0.0854361387933543,"m"
2041,-0.879778900376874,15.2686588476623,0.0854450646380829,"m"
2042,-0.880536685067584,15.2688144364268,0.0854539865596371,"m"
2043,-0.881294396192972,15.2689716349523,0.0854629045567772,"m"
2044,-0.88205202366998,15.2691304223869,0.0854718186282637,"m"
2045,-0.882809557415552,15.2692907778787,0.0854807287728567,"m"
2046,-0.883566987346631,15.2694526805759,0.0854896349893167,"m"
2047,-0.884324303380158,15.2696161096265,0.0854985372764038,"m"
2048,-0.885081495433077,15.2697810441787,0.0855074356328784,"m"
2049,-0.88583855342233,15.2699474633805,0.0855163300575008,"m"
2050,-0.886595467264861,15.2701153463802,0.0855252205490314,"m"
2051,-0.887352226877612,15.2702846723258,0.0855341071062303,"m"
2052,-0.888108822177526,15.2704554203654,0.085542989727858,"m"
2053,-0.888865243081546,15.2706275696472,0.0855518684126748,"m"
2054,-0.889621479506614,15.2708010993192,0.0855607431594409,"m"
2055,-0.890377521369673,15.2709759885296,0.0855696139669166,"m"
2056,-0.891133358587667,15.2711522164264,0.0855784808338623,"m"
2057,-0.891888981077537,15.2713297621579,0.0855873437590382,"m"
2058,-0.892644378756227,15.2715086048721,0.0855962027412048,"m"
2059,-0.89339954154068,15.2716887237171,0.0856050577791222,"m"
2060,-0.894154459347837,15.2718700978411,0.0856139088715508,"m"
2061,-0.894909122094643,15.2720527063922,0.0856227560172509,"m"
2062,-0.895663519698039,15.2722365285184,0.0856315992149828,"m"
2063,-0.896417642074969,15.2724215433679,0.0856404384635068,"m"
2064,-0.897171479142375,15.2726077300888,0.0856492737615832,"m"
2065,-0.8979250208172,15.2727950678293,0.0856581051079724,"m"
2066,-0.898678257016387,15.2729835357374,0.0856669325014346,"m"
2067,-0.899431177656879,15.2731731129612,0.0856757559407301,"m"
2068,-0.900183772655619,15.2733637786489,0.0856845754246193,"m"
2069,-0.900936031929548,15.2735555119486,0.0856933909518624,"m"
2070,-0.901687945466191,15.2737482920886,0.085702202523252,"m"
2071,-0.902439511793282,15.2739421080006,0.0857110103854825,"m"
2072,-0.903190746024915,15.2741369674621,0.085719815262826,"m"
2073,-0.903941665180853,15.2743328804156,0.0857286179344253,"m"
2074,-0.904692286280859,15.2745298568036,0.0857374191794234,"m"
2075,-0.905442626344694,15.2747279065689,0.0857462197769629,"m"
2076,-0.90619270239212,15.2749270396539,0.0857550205061869,"m"
2077,-0.906942531442901,15.2751272660014,0.085763822146238,"m"
2078,-0.907692130516797,15.2753285955537,0.0857726254762591,"m"
2079,-0.908441516633571,15.2755310382536,0.085781431275393,"m"
2080,-0.909190706812986,15.2757346040437,0.0857902403227827,"m"
2081,-0.909939718074803,15.2759393028665,0.0857990533975708,"m"
2082,-0.910688567438784,15.2761451446645,0.0858078712789003,"m"
2083,-0.911437271924693,15.2763521393805,0.0858166947459139,"m"
2084,-0.91218584855229,15.276560296957,0.0858255245777545,"m"
2085,-0.912934314341339,15.2767696273366,0.085834361553565,"m"
2086,-0.913682686311601,15.2769801404618,0.0858432064524881,"m"
2087,-0.914430981482838,15.2771918462753,0.0858520600536667,"m"
2088,-0.915179216874813,15.2774047547196,0.0858609231362436,"m"
2089,-0.915927409507288,15.2776188757374,0.0858697964793617,"m"
2090,-0.916675576400025,15.2778342192712,0.0858786808621638,"m"
2091,-0.917423734572787,15.2780507952637,0.0858875770637926,"m"
2092,-0.918171901045334,15.2782686136573,0.0858964858633911,"m"
2093,-0.918920092837431,15.2784876843947,0.0859054080401021,"m"
2094,-0.919668326968838,15.2787080174185,0.0859143443730684,"m"
2095,-0.920416620459318,15.2789296226713,0.0859232956414328,"m"
2096,-0.921164990328633,15.2791525100957,0.0859322626243382,"m"
2097,-0.921913453596545,15.2793766896342,0.0859412461009274,"m"
2098,-0.922662027282817,15.2796021712294,0.0859502468503432,"m"
2099,-0.923410728407211,15.279828964824,0.0859592656517285,"m"
2100,-0.924159573989489,15.2800570803605,0.085968303284226,"m"
2101,-0.924908578147578,15.2802865271036,0.0859773603690419,"m"
2102,-0.925657734393347,15.2805173095039,0.085986436405866,"m"
2103,-0.92640702732183,15.2807494299291,0.0859955304090757,"m"
2104,-0.9271564414924,15.2809828907383,0.0860046413911078,"m"
2105,-0.927905961464429,15.2812176942907,0.0860137683643986,"m"
2106,-0.928655571797291,15.2814538429456,0.0860229103413849,"m"
2107,-0.929405257050356,15.2816913390621,0.0860320663345031,"m"
2108,-0.930155001782999,15.2819301849994,0.0860412353561899,"m"
2109,-0.930904790554592,15.2821703831169,0.0860504164188819,"m"
2110,-0.931654607924507,15.2824119357736,0.0860596085350155,"m"
2111,-0.932404438452117,15.2826548453289,0.0860688107170274,"m"
2112,-0.933154266696793,15.2828991141418,0.0860780219773542,"m"
2113,-0.93390407721791,15.2831447445716,0.0860872413284324,"m"
2114,-0.93465385457484,15.2833917389776,0.0860964677826986,"m"
2115,-0.935403583326955,15.2836400997189,0.0861057003525894,"m"
2116,-0.936153248033627,15.2838898291548,0.0861149380505413,"m"
2117,-0.93690283325423,15.2841409296444,0.0861241798889909,"m"
2118,-0.937652323548135,15.2843934035469,0.0861334248803749,"m"
2119,-0.938401703474716,15.2846472532217,0.0861426720371297,"m"
2120,-0.939150957593344,15.2849024810278,0.0861519203716919,"m"
2121,-0.939900070463394,15.2851590893245,0.0861611688964982,"m"
2122,-0.940649026644236,15.285417080471,0.086170416623985,"m"
2123,-0.941397810695244,15.2856764568265,0.086179662566589,"m"
2124,-0.942146407175791,15.2859372207503,0.0861889057367468,"m"
2125,-0.942894800645248,15.2861993746015,0.0861981451468949,"m"
2126,-0.943642975662989,15.2864629207393,0.0862073798094698,"m"
2127,-0.944390916788386,15.286727861523,0.0862166087369082,"m"
2128,-0.945138608580811,15.2869941993117,0.0862258309416467,"m"
2129,-0.945886035599637,15.2872619364647,0.0862350454361217,"m"
2130,-0.946633182404237,15.2875310753412,0.08624425123277,"m"
2131,-0.947380033708918,15.2878016181093,0.0862534473618777,"m"
2132,-0.948126581245906,15.2880735582828,0.0862626336622593,"m"
2133,-0.948872826485301,15.2883468773668,0.0862718110946198,"m"
2134,-0.949618771614486,15.2886215559818,0.0862809807023016,"m"
2135,-0.950364418820844,15.2888975747485,0.0862901435286476,"m"
2136,-0.951109770291759,15.2891749142873,0.0862993006170004,"m"
2137,-0.951854828214615,15.289453555219,0.0863084530107027,"m"
2138,-0.952599594776793,15.2897334781639,0.0863176017530971,"m"
2139,-0.953344072165679,15.2900146637428,0.0863267478875263,"m"
2140,-0.954088262568656,15.2902970925761,0.086335892457333,"m"
2141,-0.954832168173106,15.2905807452845,0.0863450365058599,"m"
2142,-0.955575791166415,15.2908656024885,0.0863541810764495,"m"
2143,-0.956319133735964,15.2911516448087,0.0863633272124447,"m"
2144,-0.957062198069137,15.2914388528657,0.086372475957188,"m"
2145,-0.957804986353318,15.29172720728,0.0863816283540222,"m"
2146,-0.958547500775891,15.2920166886722,0.0863907854462898,"m"
2147,-0.959289743524238,15.2923072776629,0.0863999482773337,"m"
2148,-0.960031716785743,15.2925989548726,0.0864091178904963,"m"
2149,-0.96077342274779,15.292891700922,0.0864182953291205,"m"
2150,-0.961514863597763,15.2931854964315,0.0864274816365489,"m"
2151,-0.962256041523043,15.2934803220218,0.0864366778561241,"m"
2152,-0.962996958711016,15.2937761583134,0.0864458850311889,"m"
2153,-0.963737617349064,15.2940729859269,0.0864551042050859,"m"
2154,-0.964478019624571,15.2943707854829,0.0864643364211577,"m"
2155,-0.965218167724921,15.294669537602,0.0864735827227471,"m"
2156,-0.965958063837496,15.2949692229046,0.0864828441531966,"m"
2157,-0.966697710149681,15.2952698220114,0.0864921217558491,"m"
2158,-0.967437108848858,15.295571315543,0.0865014165740471,"m"
2159,-0.968176262122412,15.2958736841199,0.0865107296511334,"m"
2160,-0.968915172157725,15.2961769083627,0.0865200620304505,"m"
2161,-0.969653841142181,15.296480968892,0.0865294147553412,"m"
2162,-0.970392271881655,15.296785850545,0.0865387885805672,"m"
2163,-0.97113047016745,15.2970915585126,0.0865481828679213,"m"
2164,-0.971868442690476,15.2973981041192,0.0865575965594499,"m"
2165,-0.972606196141829,15.2977054986901,0.0865670285971139,"m"
2166,-0.9733437372126,15.2980137535509,0.0865764779228743,"m"
2167,-0.974081072593884,15.2983228800269,0.086585943478692,"m"
2168,-0.974818208976774,15.2986328894437,0.086595424206528,"m"
2169,-0.975555153052365,15.2989437931267,0.0866049190483433,"m"
2170,-0.976291911511749,15.2992556024014,0.0866144269460987,"m"
2171,-0.97702849104602,15.2995683285932,0.0866239468417552,"m"
2172,-0.977764898346272,15.2998819830275,0.0866334776772737,"m"
2173,-0.978501140103598,15.30019657703,0.0866430183946153,"m"
2174,-0.979237223009092,15.3005121219259,0.0866525679357409,"m"
2175,-0.979973153753848,15.3008286290408,0.0866621252426113,"m"
2176,-0.980708939028959,15.3011461097002,0.0866716892571876,"m"
2177,-0.981444585525519,15.3014645752294,0.0866812589214307,"m"
2178,-0.982180099934622,15.301784036954,0.0866908331773015,"m"
2179,-0.98291548894736,15.3021045061994,0.0867004109667611,"m"
2180,-0.983650759254829,15.3024259942911,0.0867099912317702,"m"
2181,-0.98438591754812,15.3027485125545,0.08671957291429,"m"
2182,-0.985120970518329,15.3030720723151,0.0867291549562813,"m"
2183,-0.985855924856548,15.3033966848983,0.0867387362997051,"m"
2184,-0.986590787253871,15.3037223616297,0.0867483158865223,"m"
2185,-0.987325564401392,15.3040491138347,0.0867578926586939,"m"
2186,-0.988060262990204,15.3043769528387,0.0867674655581808,"m"
2187,-0.988794889711401,15.3047058899672,0.086777033526944,"m"
2188,-0.989529451256077,15.3050359365456,0.0867865955069444,"m"
2189,-0.990263954315325,15.3053671038995,0.0867961504401429,"m"
2190,-0.990998405580239,15.3056994033543,0.0868056972685006,"m"
2191,-0.991732811741912,15.3060328462354,0.0868152349339783,"m"
2192,-0.992467179192164,15.3063674435356,0.0868247624226846,"m"
2193,-0.993201507439503,15.3067031985952,0.0868342797361227,"m"
2194,-0.993935789109129,15.3070401071023,0.0868437878911903,"m"
2195,-0.994670016526964,15.3073781644121,0.0868532879489326,"m"
2196,-0.995404182018934,15.3077173658798,0.0868627809703952,"m"
2197,-0.996138277910963,15.3080577068609,0.0868722680166232,"m"
2198,-0.996872296528974,15.3083991827104,0.0868817501486621,"m"
2199,-0.997606230198891,15.3087417887837,0.0868912284275571,"m"
2200,-0.99834007124664,15.309085520436,0.0869007039143537,"m"
2201,-0.999073811998143,15.3094303730226,0.086910177670097,"m"
2202,-0.999807444779326,15.3097763418989,0.0869196507558326,"m"
2203,-1.00054096191611,15.31012342242,0.0869291242326057,"m"
2204,-1.00127435573443,15.3104716099412,0.0869385991614617,"m"
2205,-1.00200761856019,15.3108208998178,0.0869480766034458,"m"
2206,-1.00274074271933,15.311171287405,0.0869575576196035,"m"
2207,-1.00347372053777,15.3115227680582,0.08696704327098,"m"
2208,-1.00420654434143,15.3118753371325,0.0869765346186208,"m"
2209,-1.00493920645625,15.3122289899834,0.0869860327235711,"m"
2210,-1.00567169920813,15.3125837219659,0.0869955386468763,"m"
2211,-1.00640401492301,15.3129395284355,0.0870050534495817,"m"
2212,-1.00713614592681,15.3132964047473,0.0870145781927326,"m"
2213,-1.00786808454546,15.3136543462566,0.0870241139373745,"m"
2214,-1.00859982310487,15.3140133483188,0.0870336617445525,"m"
2215,-1.00933135393098,15.314373406289,0.0870432226753122,"m"
2216,-1.0100626693497,15.3147345155226,0.0870527977906987,"m"
2217,-1.01079376168697,15.3150966713747,0.0870623881517575,"m"
2218,-1.0115246232687,15.3154598692008,0.0870719948195338,"m"
2219,-1.01225524642082,15.3158241043559,0.0870816188550731,"m"
2220,-1.01298562346925,15.3161893721955,0.0870912613194206,"m"
2221,-1.01371574673992,15.3165556680748,0.0871009232736218,"m"
2222,-1.01444560855918,15.3169229873486,0.0871106057786356,"m"
2223,-1.01517520333106,15.3172913234984,0.087120309472072,"m"
2224,-1.01590453235466,15.317660663788,0.0871300335866148,"m"
2225,-1.0166335983575,15.3180309941931,0.08713977706389,"m"
2226,-1.01736240406711,15.3184023006895,0.0871495388455235,"m"
2227,-1.01809095221102,15.3187745692531,0.0871593178731412,"m"
2228,-1.01881924551675,15.3191477858596,0.0871691130883689,"m"
2229,-1.01954728671184,15.3195219364849,0.0871789234328327,"m"
2230,-1.0202750785238,15.3198970071046,0.0871887478481583,"m"
2231,-1.02100262368018,15.3202729836945,0.0871985852759718,"m"
2232,-1.02172992490849,15.3206498522306,0.087208434657899,"m"
2233,-1.02245698493627,15.3210275986885,0.0872182949355658,"m"
2234,-1.02318380649104,15.321406209044,0.0872281650505981,"m"
2235,-1.02391039230032,15.3217856692729,0.0872380439446219,"m"
2236,-1.02463674509166,15.322165965351,0.087247930559263,"m"
2237,-1.02536286759257,15.322547083254,0.0872578238361474,"m"
2238,-1.02608876253059,15.3229290089579,0.087267722716901,"m"
2239,-1.02681443263323,15.3233117284382,0.0872776261431496,"m"
2240,-1.02753988062804,15.3236952276709,0.0872875330565192,"m"
2241,-1.02826510924253,15.3240794926318,0.0872974423986357,"m"
2242,-1.02899012120424,15.3244645092965,0.087307353111125,"m"
2243,-1.02971491924069,15.3248502636409,0.087317264135613,"m"
2244,-1.03043950607941,15.3252367416407,0.0873271744137256,"m"
2245,-1.03116388444793,15.3256239292718,0.0873370828870888,"m"
2246,-1.03188805707377,15.32601181251,0.0873469884973283,"m"
2247,-1.03261202668447,15.326400377331,0.0873568901860702,"m"
2248,-1.03333579600755,15.3267896097105,0.0873667868949403,"m"
2249,-1.03405936777054,15.3271794956245,0.0873766775655646,"m"
2250,-1.03478274470096,15.3275700210486,0.087386561139569,"m"
2251,-1.03550592952635,15.3279611719586,0.0873964365585793,"m"
2252,-1.03622892497424,15.3283529343305,0.0874063027642215,"m"
2253,-1.03695173352949,15.3287452954504,0.087416158783695,"m"
2254,-1.03767435438264,15.3291382603983,0.0874260048059468,"m"
2255,-1.03839678435008,15.3295318470773,0.0874358418571756,"m"
2256,-1.03911902019577,15.3299260736736,0.0874456709820643,"m"
2257,-1.03984105868368,15.3303209583734,0.0874554932252958,"m"
2258,-1.04056289657777,15.330716519363,0.0874653096315529,"m"
2259,-1.041284530642,15.3311127748285,0.0874751212455183,"m"
2260,-1.04200595764034,15.3315097429563,0.0874849291118751,"m"
2261,-1.04272717433675,15.3319074419325,0.0874947342753058,"m"
2262,-1.0434481774952,15.3323058899435,0.0875045377804935,"m"
2263,-1.04416896387966,15.3327051051753,0.0875143406721209,"m"
2264,-1.04488953025408,15.3331051058143,0.0875241439948708,"m"
2265,-1.04560987338243,15.3335059100466,0.0875339487934261,"m"
2266,-1.04632999002868,15.3339075360586,0.0875437561124696,"m"
2267,-1.0470498769568,15.3343100020364,0.0875535669966841,"m"
2268,-1.04776953093073,15.3347133261663,0.0875633824907525,"m"
2269,-1.04848894871446,15.3351175266345,0.0875732036393576,"m"
2270,-1.04920812707194,15.3355226216272,0.0875830314871822,"m"
2271,-1.04992706276714,15.3359286293307,0.0875928670789092,"m"
2272,-1.05064575256403,15.3363355679312,0.0876027114592213,"m"
2273,-1.05136419322657,15.3367434556149,0.0876125656728015,"m"
2274,-1.05208238151871,15.3371523105681,0.0876224307643324,"m"
2275,-1.05280031420444,15.3375621509769,0.0876323077784971,"m"
2276,-1.05351798804771,15.3379729950277,0.0876421977599782,"m"
2277,-1.05423539981248,15.3383848609067,0.0876521017534586,"m"
2278,-1.05495254626273,15.3387977668,0.0876620208036212,"m"
2279,-1.05566942416241,15.3392117308939,0.0876719559551487,"m"
2280,-1.0563860302755,15.3396267713747,0.0876819082527241,"m"
2281,-1.05710236136595,15.3400429064286,0.0876918787410301,"m"
2282,-1.05781841419772,15.3404601542417,0.0877018684647495,"m"
2283,-1.05853418554958,15.3408785329627,0.087711878466327,"m"
2284,-1.05924967589568,15.3412980513036,0.0877219092285709,"m"
2285,-1.05996489425002,15.3417186961701,0.0877319599410164,"m"
2286,-1.06067985082922,15.3421404513966,0.0877420296110745,"m"
2287,-1.0613945558499,15.342563300818,0.0877521172461562,"m"
2288,-1.06210901952866,15.3429872282689,0.0877622218536725,"m"
2289,-1.06282325208212,15.3434122175839,0.0877723424410344,"m"
2290,-1.06353726372689,15.3438382525977,0.0877824780156527,"m"
2291,-1.06425106467959,15.3442653171449,0.0877926275849387,"m"
2292,-1.06496466515684,15.3446933950603,0.087802790156303,"m"
2293,-1.06567807537524,15.3451224701783,0.0878129647371569,"m"
2294,-1.0663913055514,15.3455525263338,0.0878231503349113,"m"
2295,-1.06710436590196,15.3459835473613,0.0878333459569771,"m"
2296,-1.0678172666435,15.3464155170955,0.0878435506107653,"m"
2297,-1.06853001799266,15.3468484193711,0.087853763303687,"m"
2298,-1.06924263016605,15.3472822380228,0.087863983043153,"m"
2299,-1.06995511338027,15.3477169568851,0.0878742088365745,"m"
2300,-1.07066747785194,15.3481525597927,0.0878844396913623,"m"
2301,-1.07137973379768,15.3485890305803,0.0878946746149274,"m"
2302,-1.0720918914341,15.3490263530826,0.0879049126146809,"m"
2303,-1.07280396097782,15.3494645111342,0.0879151526980336,"m"
2304,-1.07351595264544,15.3499034885697,0.0879253938723967,"m"
2305,-1.07422787665358,15.3503432692239,0.087935635145181,"m"
2306,-1.07493974321886,15.3507838369313,0.0879458755237976,"m"
2307,-1.07565156255789,15.3512251755266,0.0879561140156575,"m"
2308,-1.07636334488728,15.3516672688445,0.0879663496281715,"m"
2309,-1.07707510042365,15.3521101007196,0.0879765813687508,"m"
2310,-1.07778683938361,15.3525536549866,0.0879868082448062,"m"
2311,-1.07849857198377,15.3529979154802,0.0879970292637488,"m"
2312,-1.07921030844075,15.3534428660349,0.0880072434329896,"m"
2313,-1.07992205897116,15.3538884904855,0.0880174497599395,"m"
2314,-1.08063383192347,15.3543347740788,0.0880276473779036,"m"
2315,-1.08134561938622,15.3547817143535,0.0880378365159321,"m"
2316,-1.08205740507589,15.3552293151769,0.0880480179672673,"m"
2317,-1.08276917263972,15.355677580469,0.0880581925298142,"m"
2318,-1.08348090572499,15.3561265141493,0.0880683610014779,"m"
2319,-1.08419258797895,15.3565761201379,0.0880785241801633,"m"
2320,-1.08490420304887,15.3570264023543,0.0880886828637756,"m"
2321,-1.08561573458201,15.3574773647185,0.0880988378502198,"m"
2322,-1.08632716622563,15.3579290111501,0.0881089899374008,"m"
2323,-1.08703848162699,15.3583813455691,0.0881191399232238,"m"
2324,-1.08774966443335,15.3588343718951,0.0881292886055938,"m"
2325,-1.08846069829199,15.3592880940479,0.0881394367824159,"m"
2326,-1.08917156685015,15.3597425159474,0.088149585251595,"m"
2327,-1.0898822537551,15.3601976415133,0.0881597348110361,"m"
2328,-1.09059274265411,15.3606534746654,0.0881698862586445,"m"
2329,-1.09130301719443,15.3611100193235,0.088180040392325,"m"
2330,-1.09201306102333,15.3615672794074,0.0881901980099827,"m"
2331,-1.09272285778806,15.3620252588368,0.0882003599095227,"m"
2332,-1.0934323911359,15.3624839615315,0.08821052688885,"m"
2333,-1.09414164471411,15.3629433914114,0.0882206997458696,"m"
2334,-1.09485060216993,15.3634035523962,0.0882308792784866,"m"
2335,-1.09555924715065,15.3638644484056,0.088241066284606,"m"
2336,-1.09626756330352,15.3643260833595,0.0882512615621328,"m"
2337,-1.0969755342758,15.3647884611777,0.0882614659089722,"m"
2338,-1.09768314371475,15.36525158578,0.088271680123029,"m"
2339,-1.09839037526764,15.365715461086,0.0882819050022085,"m"
2340,-1.09909721258172,15.3661800910157,0.0882921413444155,"m"
2341,-1.09980363930427,15.3666454794887,0.0883023899475552,"m"
2342,-1.10050963908254,15.3671116304249,0.0883126516095325,"m"
2343,-1.10121519556379,15.3675785477441,0.0883229271282526,"m"
2344,-1.10192029254275,15.3680462353486,0.0883332172971996,"m"
2345,-1.10262492414928,15.3685146959167,0.0883435226000116,"m"
2346,-1.1033291014522,15.3689839301205,0.0883538430124984,"m"
2347,-1.10403283709049,15.3694539384462,0.0883641784633972,"m"
2348,-1.10473614370311,15.3699247213801,0.088374528881445,"m"
2349,-1.10543903392905,15.3703962794084,0.0883848941953789,"m"
2350,-1.10614152040727,15.3708686130173,0.0883952743339359,"m"
2351,-1.10684361577676,15.3713417226929,0.0884056692258531,"m"
2352,-1.10754533267648,15.3718156089216,0.0884160787998675,"m"
2353,-1.10824668374541,15.3722902721894,0.0884265029847164,"m"
2354,-1.10894768162253,15.3727657129827,0.0884369417091366,"m"
2355,-1.10964833894679,15.3732419317876,0.0884473949018653,"m"
2356,-1.11034866835719,15.3737189290903,0.0884578624916396,"m"
2357,-1.11104868249269,15.3741967053771,0.0884683444071964,"m"
2358,-1.11174839399227,15.3746752611341,0.0884788405772729,"m"
2359,-1.1124478154949,15.3751545968476,0.0884893509306062,"m"
2360,-1.11314695963956,15.3756347130037,0.0884998753959333,"m"
2361,-1.11384583906521,15.3761156100887,0.0885104139019913,"m"
2362,-1.11454446641083,15.3765972885888,0.0885209663775172,"m"
2363,-1.1152428543154,15.3770797489902,0.0885315327512481,"m"
2364,-1.1159410154179,15.3775629917791,0.0885421129519211,"m"
2365,-1.11663896235728,15.3780470174417,0.0885527069082732,"m"
2366,-1.11733670777253,15.3785318264643,0.0885633145490416,"m"
2367,-1.11803426430262,15.3790174193329,0.0885739358029632,"m"
2368,-1.11873164458653,15.3795037965339,0.0885845705987752,"m"
2369,-1.11942886126322,15.3799909585535,0.0885952188652146,"m"
2370,-1.12012592697168,15.3804789058777,0.0886058805310184,"m"
2371,-1.12082285435087,15.380967638993,0.0886165555249239,"m"
2372,-1.12151965603978,15.3814571583854,0.0886272437756679,"m"
2373,-1.12221634467736,15.3819474645412,0.0886379452119876,"m"
2374,-1.12291293290261,15.3824385579466,0.0886486597626201,"m"
2375,-1.12360943050012,15.3829304383787,0.0886593873069972,"m"
2376,-1.12430583058602,15.3834231014738,0.0886701274366258,"m"
2377,-1.12500212024316,15.3839165413693,0.0886808796387965,"m"
2378,-1.12569828654605,15.3844107522005,0.0886916434006558,"m"
2379,-1.12639431656924,15.384905728103,0.0887024182093505,"m"
2380,-1.12709019738724,15.385401463212,0.0887132035520273,"m"
2381,-1.12778591607457,15.3858979516629,0.0887239989158329,"m"
2382,-1.12848145970577,15.3863951875912,0.088734803787914,"m"
2383,-1.12917681535535,15.3868931651321,0.0887456176554172,"m"
2384,-1.12987197009785,15.3873918784212,0.0887564400054892,"m"
2385,-1.13056691100778,15.3878913215937,0.0887672703252768,"m"
2386,-1.13126162515967,15.388391488785,0.0887781081019267,"m"
2387,-1.13195609962805,15.3888923741306,0.0887889528225855,"m"
2388,-1.13265032148745,15.3893939717658,0.0887998039743999,"m"
2389,-1.13334427781237,15.389896275826,0.0888106610445166,"m"
2390,-1.13403795567736,15.3903992804465,0.0888215235200824,"m"
2391,-1.13473134215694,15.3909029797628,0.0888323908882438,"m"
2392,-1.13542442432563,15.3914073679102,0.0888432626361477,"m"
2393,-1.13611718925795,15.3919124390241,0.0888541382509406,"m"
2394,-1.13680962402844,15.39241818724,0.0888650172197694,"m"
2395,-1.13750171571161,15.3929246066931,0.0888758990297806,"m"
2396,-1.13819345138199,15.3934316915188,0.088886783168121,"m"
2397,-1.13888481811411,15.3939394358526,0.0888976691219373,"m"
2398,-1.13957580298249,15.3944478338298,0.0889085563783761,"m"
2399,-1.14026639306166,15.3949568795858,0.0889194444245842,"m"
2400,-1.14095657542614,15.395466567256,0.0889303327477083,"m"
2401,-1.14164633715046,15.3959768909758,0.088941220834895,"m"
2402,-1.14233566530913,15.3964878448804,0.088952108173291,"m"
2403,-1.1430245469767,15.3969994231055,0.0889629942500431,"m"
2404,-1.14371296922767,15.3975116197862,0.0889738785522979,"m"
2405,-1.1444009195652,15.3980244291635,0.0889847605742888,"m"
2406,-1.14508839898211,15.3985378487987,0.0889956400332831,"m"
2407,-1.14577542435266,15.399051880162,0.089006516909127,"m"
2408,-1.1464620134621,15.3995665249482,0.0890173911967285,"m"
2409,-1.14714818409567,15.4000817848517,0.0890282628909956,"m"
2410,-1.14783395403863,15.4005976615672,0.0890391319868361,"m"
2411,-1.1485193410762,15.4011141567892,0.0890499984791581,"m"
2412,-1.14920436299364,15.4016312722123,0.0890608623628694,"m"
2413,-1.1498890375762,15.4021490095312,0.0890717236328781,"m"
2414,-1.1505733826091,15.4026673704403,0.0890825822840922,"m"
2415,-1.15125741587761,15.4031863566344,0.0890934383114194,"m"
2416,-1.15194115516697,15.4037059698079,0.0891042917097679,"m"
2417,-1.15262461826241,15.4042262116554,0.0891151424740456,"m"
2418,-1.15330782294918,15.4047470838716,0.0891259905991604,"m"
2419,-1.15399078701253,15.405268588151,0.0891368360800202,"m"
2420,-1.1546735282377,15.4057907261882,0.0891476789115331,"m"
2421,-1.15535606440994,15.4063134996778,0.089158519088607,"m"
2422,-1.15603841331449,15.4068369103143,0.0891693566061499,"m"
2423,-1.15672059273659,15.4073609597925,0.0891801914590696,"m"
2424,-1.15740262046149,15.4078856498067,0.0891910236422742,"m"
2425,-1.15808451427444,15.4084109820517,0.0892018531506716,"m"
2426,-1.15876629196067,15.408936958222,0.0892126799791697,"m"
2427,-1.15944797130543,15.4094635800122,0.0892235041226766,"m"
2428,-1.16012957009397,15.4099908491168,0.0892343255761001,"m"
2429,-1.16081110611153,15.4105187672306,0.0892451443343483,"m"
2430,-1.16149259714336,15.4110473360479,0.0892559603923291,"m"
2431,-1.16217406097469,15.4115765572636,0.0892667737449503,"m"
2432,-1.16285551539078,15.412106432572,0.0892775843871201,"m"
2433,-1.16353697817686,15.4126369636678,0.0892883923137464,"m"
2434,-1.16421846711819,15.4131681522456,0.089299197519737,"m"
2435,-1.1649,15.4137,0.08931,"m"
2436,-1.16558158903331,15.4142325081908,0.0893207998391622,"m"
2437,-1.16626322413222,15.4147656763391,0.0893315974807262,"m"
2438,-1.16694488963658,15.4152995035311,0.0893423934579136,"m"
2439,-1.16762656988625,15.415833988853,0.0893531883039456,"m"
2440,-1.16830824922111,15.4163691313913,0.089363982552044,"m"
2441,-1.168989911981,15.4169049302321,0.0893747767354301,"m"
2442,-1.1696715425058,15.4174413844617,0.0893855713873254,"m"
2443,-1.17035312513535,15.4179784931665,0.0893963670409515,"m"
2444,-1.17103464420954,15.4185162554327,0.0894071642295297,"m"
2445,-1.17171608406821,15.4190546703465,0.0894179634862816,"m"
2446,-1.17239742905122,15.4195937369943,0.0894287653444288,"m"
2447,-1.17307866349845,15.4201334544624,0.0894395703371926,"m"
2448,-1.17375977174975,15.4206738218369,0.0894503789977945,"m"
2449,-1.17444073814499,15.4212148382043,0.0894611918594561,"m"
2450,-1.17512154702402,15.4217565026508,0.0894720094553988,"m"
2451,-1.17580218272671,15.4222988142626,0.0894828323188441,"m"
2452,-1.17648262959291,15.4228417721261,0.0894936609830135,"m"
2453,-1.1771628719625,15.4233853753275,0.0895044959811286,"m"
2454,-1.17784289417533,15.4239296229531,0.0895153378464106,"m"
2455,-1.17852268057127,15.4244745140892,0.0895261871120813,"m"
2456,-1.17920221549017,15.425020047822,0.089537044311362,"m"
2457,-1.1798814832719,15.425566223238,0.0895479099774742,"m"
2458,-1.18056046825632,15.4261130394232,0.0895587846436395,"m"
2459,-1.1812391547833,15.4266604954641,0.0895696688430792,"m"
2460,-1.18191752719268,15.4272085904468,0.089580563109015,"m"
2461,-1.18259556982434,15.4277573234577,0.0895914679746682,"m"
2462,-1.18327326701814,15.4283066935831,0.0896023839732604,"m"
2463,-1.18395060311394,15.4288566999092,0.0896133116380131,"m"
2464,-1.1846275624516,15.4294073415223,0.0896242515021477,"m"
2465,-1.18530412937098,15.4299586175087,0.0896352040988857,"m"
2466,-1.1859802887447,15.43051052704,0.0896461699456309,"m"
2467,-1.18665603473307,15.4310630707738,0.0896571492840286,"m"
2468,-1.18733136938539,15.4316162506304,0.0896681421214954,"m"
2469,-1.18800629500158,15.4321700685701,0.0896791484580057,"m"
2470,-1.1886808138816,15.4327245265532,0.0896901682935338,"m"
2471,-1.18935492832539,15.4332796265399,0.089701201628054,"m"
2472,-1.19002864063289,15.4338353704906,0.0897122484615405,"m"
2473,-1.19070195310405,15.4343917603655,0.0897233087939676,"m"
2474,-1.19137486803882,15.4349487981249,0.0897343826253098,"m"
2475,-1.19204738773714,15.4355064857292,0.0897454699555412,"m"
2476,-1.19271951449894,15.4360648251386,0.0897565707846362,"m"
2477,-1.19339125062419,15.4366238183134,0.0897676851125691,"m"
2478,-1.19406259841282,15.437183467214,0.0897788129393141,"m"
2479,-1.19473356016477,15.4377437738005,0.0897899542648457,"m"
2480,-1.19540413817999,15.4383047400333,0.089801109089138,"m"
2481,-1.19607433475843,15.4388663678727,0.0898122774121654,"m"
2482,-1.19674415220002,15.439428659279,0.0898234592339021,"m"
2483,-1.19741359280472,15.4399916162125,0.0898346545543226,"m"
2484,-1.19808265887247,15.4405552406334,0.0898458633734011,"m"
2485,-1.19875135270321,15.4411195345021,0.0898570856911118,"m"
2486,-1.19941967659689,15.4416844997788,0.0898683215074291,"m"
2487,-1.20008763285345,15.4422501384239,0.0898795708223274,"m"
2488,-1.20075522377283,15.4428164523976,0.0898908336357808,"m"
2489,-1.20142245165498,15.4433834436603,0.0899021099477637,"m"
2490,-1.20208931879985,15.4439511141721,0.0899133997582504,"m"
2491,-1.20275582750738,15.4445194658935,0.0899247030672152,"m"
2492,-1.20342198007751,15.4450885007847,0.0899360198746325,"m"
2493,-1.20408777881019,15.445658220806,0.0899473501804764,"m"
2494,-1.20475322600536,15.4462286279176,0.0899586939847213,"m"
2495,-1.20541832396297,15.44679972408,0.0899700512873415,"m"
2496,-1.20608307498431,15.4473715112504,0.0899814220881378,"m"
2497,-1.20674748235256,15.4479439892888,0.0899928062610996,"m"
2498,-1.20741155206354,15.4485171522601,0.09000420333263,"m"
2499,-1.20807529057763,15.4490909932367,0.0900156127696103,"m"
2500,-1.20873870435517,15.4496655052913,0.0900270340389218,"m"
2501,-1.20940179985653,15.4502406814964,0.0900384666074458,"m"
2502,-1.21006458354207,15.4508165149246,0.0900499099420637,"m"
2503,-1.21072706187216,15.4513929986483,0.0900613635096566,"m"
2504,-1.21138924130714,15.4519701257402,0.090072826777106,"m"
2505,-1.21205112830738,15.4525478892727,0.0900842992112931,"m"
2506,-1.21271272933325,15.4531262823185,0.0900957802790993,"m"
2507,-1.2133740508451,15.4537052979501,0.0901072694474058,"m"
2508,-1.21403509930329,15.45428492924,0.090118766183094,"m"
2509,-1.21469588116819,15.4548651692608,0.0901302699530452,"m"
2510,-1.21535640290015,15.455446011085,0.0901417802241406,"m"
2511,-1.21601667095953,15.4560274477852,0.0901532964632616,"m"
2512,-1.2166766918067,15.456609472434,0.0901648181372895,"m"
2513,-1.21733647190202,15.4571920781038,0.0901763447131056,"m"
2514,-1.21799601770584,15.4577752578672,0.0901878756575911,"m"
2515,-1.21865533567853,15.4583590047968,0.0901994104376275,"m"
2516,-1.21931443228044,15.4589433119651,0.090210948520096,"m"
2517,-1.21997331397194,15.4595281724447,0.090222489371878,"m"
2518,-1.22063198721339,15.4601135793081,0.0902340324598546,"m"
2519,-1.22129045846515,15.4606995256279,0.0902455772509073,"m"
2520,-1.22194873418758,15.4612860044766,0.0902571232119174,"m"
2521,-1.22260682084103,15.4618730089267,0.0902686698097661,"m"
2522,-1.22326472488588,15.4624605320509,0.0902802165113347,"m"
2523,-1.22392245278248,15.4630485669216,0.0902917627835046,"m"
2524,-1.22458001099119,15.4636371066114,0.0903033080931571,"m"
2525,-1.22523740597237,15.4642261441929,0.0903148519071734,"m"
2526,-1.22589464418638,15.4648156727386,0.090326393692435,"m"
2527,-1.22655173137197,15.4654056859384,0.0903379329449522,"m"
2528,-1.22720866548305,15.4659961841424,0.0903494694749854,"m"
2529,-1.22786543972369,15.4665871717647,0.0903610032845313,"m"
2530,-1.22852204723017,15.4671786532769,0.0903725343783219,"m"
2531,-1.2291784811388,15.4677706331509,0.0903840627610898,"m"
2532,-1.22983473458587,15.4683631158585,0.090395588437567,"m"
2533,-1.23049080070768,15.4689561058716,0.0904071114124859,"m"
2534,-1.23114667264052,15.469549607662,0.0904186316905787,"m"
2535,-1.23180234352068,15.4701436257015,0.0904301492765778,"m"
2536,-1.23245780648447,15.470738164462,0.0904416641752153,"m"
2537,-1.23311305466818,15.4713332284153,0.0904531763912235,"m"
2538,-1.23376808120811,15.4719288220332,0.0904646859293348,"m"
2539,-1.23442287924054,15.4725249497876,0.0904761927942813,"m"
2540,-1.23507744190178,15.4731216161503,0.0904876969907954,"m"
2541,-1.23573176232812,15.4737188255931,0.0904991985236092,"m"
2542,-1.23638583365586,15.4743165825878,0.0905106973974552,"m"
2543,-1.23703964902129,15.4749148916064,0.0905221936170655,"m"
2544,-1.23769320156071,15.4755137571205,0.0905336871871724,"m"
2545,-1.23834648441041,15.4761131836021,0.0905451781125081,"m"
2546,-1.23899949070669,15.476713175523,0.0905566663978051,"m"
2547,-1.23965221358585,15.477313737355,0.0905681520477954,"m"
2548,-1.24030464618418,15.47791487357,0.0905796350672114,"m"
2549,-1.24095678163798,15.4785165886397,0.0905911154607854,"m"
2550,-1.24160861308353,15.4791188870361,0.0906025932332495,"m"
2551,-1.24226013365715,15.4797217732309,0.0906140683893362,"m"
2552,-1.24291133649512,15.4803252516959,0.0906255409337776,"m"
2553,-1.24356221473373,15.4809293269031,0.090637010871306,"m"
2554,-1.2442127615093,15.4815340033242,0.0906484782066537,"m"
2555,-1.2448629699581,15.4821392854311,0.0906599429445529,"m"
2556,-1.24551283321644,15.4827451776956,0.090671405089736,"m"
2557,-1.24616234443774,15.4833516845494,0.0906828646482618,"m"
2558,-1.24681149884898,15.4839588055614,0.0906943217867216,"m"
2559,-1.24746029570425,15.4845665308569,0.0907057769834836,"m"
2560,-1.24810873472031,15.485174849476,0.0907172307527376,"m"
2561,-1.24875681561394,15.4857837504588,0.0907286836086732,"m"
2562,-1.24940453810192,15.4863932228455,0.09074013606548,"m"
2563,-1.25005190190103,15.4870032556761,0.0907515886373476,"m"
2564,-1.25069890672802,15.4876138379908,0.0907630418384656,"m"
2565,-1.2513455522997,15.4882249588297,0.0907744961830236,"m"
2566,-1.25199183833281,15.4888366072329,0.0907859521852114,"m"
2567,-1.25263776454415,15.4894487722406,0.0907974103592184,"m"
2568,-1.25328333065049,15.4900614428928,0.0908088712192344,"m"
2569,-1.25392853636859,15.4906746082298,0.090820335279449,"m"
2570,-1.25457338141525,15.4912882572915,0.0908318030540517,"m"
2571,-1.25521786550722,15.4919023791183,0.0908432750572322,"m"
2572,-1.25586198836129,15.49251696275,0.0908547518031801,"m"
2573,-1.25650574969424,15.493131997227,0.0908662338060851,"m"
2574,-1.25714914922282,15.4937474715893,0.0908777215801368,"m"
2575,-1.25779218666383,15.4943633748771,0.0908892156395247,"m"
2576,-1.25843486173404,15.4949796961304,0.0909007164984386,"m"
2577,-1.25907717415022,15.4955964243894,0.0909122246710681,"m"
2578,-1.25971912362915,15.4962135486942,0.0909237406716027,"m"
2579,-1.26036070988759,15.496831058085,0.0909352650142321,"m"
2580,-1.26100193264233,15.4974489416018,0.0909467982131459,"m"
2581,-1.26164279161015,15.4980671882848,0.0909583407825337,"m"
2582,-1.26228328650781,15.498685787174,0.0909698932365853,"m"
2583,-1.26292341705209,15.4993047273098,0.0909814560894901,"m"
2584,-1.26356318295976,15.499923997732,0.0909930298554378,"m"
2585,-1.26420258394761,15.500543587481,0.0910046150486181,"m"
2586,-1.26484161973241,15.5011634855968,0.0910162121832205,"m"
2587,-1.26548029003092,15.5017836811194,0.0910278217734347,"m"
2588,-1.26611859530012,15.5024041656861,0.0910394442934087,"m"
2589,-1.26675654125304,15.5030249493749,0.091051079932953,"m"
2590,-1.26739413587721,15.5036460502438,0.0910627287588371,"m"
2591,-1.26803138716921,15.504267486383,0.0910743908373384,"m"
2592,-1.26866830312566,15.5048892758822,0.0910860662347345,"m"
2593,-1.26930489174316,15.5055114368317,0.0910977550173027,"m"
2594,-1.26994116101831,15.5061339873213,0.0911094572513205,"m"
2595,-1.27057711894773,15.506756945441,0.0911211730030654,"m"
2596,-1.27121277352801,15.5073803292809,0.0911329023388147,"m"
2597,-1.27184813275575,15.5080041569309,0.0911446453248459,"m"
2598,-1.27248320462757,15.508628446481,0.0911564020274365,"m"
2599,-1.27311799714007,15.5092532160212,0.0911681725128638,"m"
2600,-1.27375251828985,15.5098784836415,0.0911799568474054,"m"
2601,-1.27438677607351,15.5105042674319,0.0911917550973386,"m"
2602,-1.27502077848767,15.5111305854824,0.091203567328941,"m"
2603,-1.27565453352892,15.5117574558829,0.0912153936084899,"m"
2604,-1.27628804919387,15.5123848967235,0.0912272340022628,"m"
2605,-1.27692133347913,15.5130129260942,0.0912390885765371,"m"
2606,-1.2775543943813,15.513641562085,0.0912509573975903,"m"
2607,-1.27818723989697,15.5142708227857,0.0912628405316998,"m"
2608,-1.27881987802277,15.5149007262865,0.0912747380451431,"m"
2609,-1.27945231675529,15.5155312906774,0.0912866500041976,"m"
2610,-1.28008456409113,15.5161625340482,0.0912985764751407,"m"
2611,-1.28071662802691,15.5167944744891,0.0913105175242498,"m"
2612,-1.28134851655922,15.5174271300899,0.0913224732178025,"m"
2613,-1.28198023768467,15.5180605189408,0.0913344436220762,"m"
2614,-1.28261179939987,15.5186946591316,0.0913464288033482,"m"
2615,-1.28324320970142,15.5193295687524,0.0913584288278961,"m"
2616,-1.28387447658592,15.5199652658932,0.0913704437619972,"m"
2617,-1.28450560804998,15.5206017686439,0.0913824736719291,"m"
2618,-1.28513661192829,15.52123909477,0.0913945186165373,"m"
2619,-1.28576748872147,15.5218772473326,0.0914065783180332,"m"
2620,-1.28639822875362,15.52251620899,0.0914186520315239,"m"
2621,-1.28702882159922,15.5231559608972,0.0914307389777102,"m"
2622,-1.28765925683276,15.5237964842098,0.0914428383772927,"m"
2623,-1.28828952402873,15.5244377600828,0.0914549494509718,"m"
2624,-1.28891961276162,15.5250797696716,0.0914670714194484,"m"
2625,-1.28954951260592,15.5257224941315,0.0914792035034229,"m"
2626,-1.29017921313612,15.5263659146178,0.091491344923596,"m"
2627,-1.2908087039267,15.5270100122856,0.0915034949006682,"m"
2628,-1.29143797455216,15.5276547682904,0.0915156526553403,"m"
2629,-1.29206701458699,15.5283001637872,0.0915278174083129,"m"
2630,-1.29269581360567,15.5289461799316,0.0915399883802865,"m"
2631,-1.29332436118269,15.5295927978786,0.0915521647919617,"m"
2632,-1.29395264689254,15.5302399987836,0.0915643458640392,"m"
2633,-1.29458066030972,15.5308877638018,0.0915765308172196,"m"
2634,-1.2952083910087,15.5315360740886,0.0915887188722035,"m"
2635,-1.29583582856399,15.5321849107991,0.0916009092496915,"m"
2636,-1.29646296255006,15.5328342550888,0.0916131011703843,"m"
2637,-1.29708978254141,15.5334840881127,0.0916252938549824,"m"
2638,-1.29771627811253,15.5341343910263,0.0916374865241864,"m"
2639,-1.29834243883791,15.5347851449848,0.091649678398697,"m"
2640,-1.29896825429203,15.5354363311434,0.0916618686992148,"m"
2641,-1.29959371404938,15.5360879306575,0.0916740566464404,"m"
2642,-1.30021880768446,15.5367399246823,0.0916862414610745,"m"
2643,-1.30084352477174,15.537392294373,0.0916984223638175,"m"
2644,-1.30146785488573,15.538045020885,0.0917105985753702,"m"
2645,-1.30209178760092,15.5386980853736,0.0917227693164332,"m"
2646,-1.30271531249178,15.5393514689939,0.091734933807707,"m"
2647,-1.3033384191328,15.5400051529013,0.0917470912698923,"m"
2648,-1.30396109709849,15.540659118251,0.0917592409236897,"m"
2649,-1.30458333910174,15.5413133508097,0.0917713822235959,"m"
2650,-1.3052051530045,15.5419678586022,0.0917835157526329,"m"
2651,-1.30582655123359,15.5426226563609,0.0917956424338831,"m"
2652,-1.30644754621676,15.5432777588191,0.0918077631904985,"m"
2653,-1.30706815038179,15.5439331807106,0.091819878945631,"m"
2654,-1.30768837615641,15.5445889367687,0.0918319906224326,"m"
2655,-1.3083082359684,15.5452450417272,0.091844099144055,"m"
2656,-1.3089277422455,15.5459015103195,0.0918562054336503,"m"
2657,-1.30954690741548,15.5465583572792,0.0918683104143702,"m"
2658,-1.31016574390609,15.5472155973398,0.0918804150093668,"m"
2659,-1.31078426414509,15.5478732452349,0.0918925201417918,"m"
2660,-1.31140248056023,15.548531315698,0.0919046267347972,"m"
2661,-1.31202040557928,15.5491898234628,0.091916735711535,"m"
2662,-1.31263805162998,15.5498487832627,0.0919288479951569,"m"
2663,-1.31325543114011,15.5505082098313,0.091940964508815,"m"
2664,-1.3138725565374,15.5511681179021,0.091953086175661,"m"
2665,-1.31448944024963,15.5518285222088,0.0919652139188469,"m"
2666,-1.31510609470455,15.5524894374847,0.0919773486615246,"m"
2667,-1.31572253232991,15.5531508784636,0.091989491326846,"m"
2668,-1.31633876555347,15.553812859879,0.0920016428379631,"m"
2669,-1.31695480680299,15.5544753964643,0.0920138041180275,"m"
2670,-1.31757066850623,15.5551385029532,0.0920259760901914,"m"
2671,-1.31818636309095,15.5558021940792,0.0920381596776066,"m"
2672,-1.31880190298489,15.5564664845759,0.092050355803425,"m"
2673,-1.31941730061582,15.5571313891768,0.0920625653907984,"m"
2674,-1.3200325684115,15.5577969226154,0.0920747893628788,"m"
2675,-1.32064771879968,15.5584630996254,0.0920870286428181,"m"
2676,-1.32126276420812,15.5591299349402,0.0920992841537682,"m"
2677,-1.32187771706457,15.5597974432935,0.092111556818881,"m"
2678,-1.3224925897968,15.5604656394187,0.0921238475613084,"m"
2679,-1.32310739419848,15.5611345373505,0.0921361572686045,"m"
2680,-1.32372212747958,15.5618041350499,0.0921484860095753,"m"
2681,-1.32433677226633,15.5624744144039,0.0921608330342785,"m"
2682,-1.32495131055091,15.5631453566007,0.0921731975571741,"m"
2683,-1.32556572432547,15.5638169428285,0.0921855787927221,"m"
2684,-1.32617999558218,15.5644891542756,0.0921979759553825,"m"
2685,-1.3267941063132,15.56516197213,0.0922103882596153,"m"
2686,-1.32740803851071,15.56583537758,0.0922228149198805,"m"
2687,-1.32802177416685,15.5665093518139,0.0922352551506381,"m"
2688,-1.32863529527381,15.5671838760198,0.092247708166348,"m"
2689,-1.32924858382373,15.5678589313859,0.0922601731814703,"m"
2690,-1.32986162180879,15.5685344991004,0.092272649410465,"m"
2691,-1.33047439122116,15.5692105603516,0.092285136067792,"m"
2692,-1.33108687405299,15.5698870963276,0.0922976323679114,"m"
2693,-1.33169905229645,15.5705640882167,0.0923101375252831,"m"
2694,-1.33231090794371,15.571241517207,0.0923226507543671,"m"
2695,-1.33292242298692,15.5719193644867,0.0923351712696235,"m"
2696,-1.33353357941826,15.5725976112441,0.0923476982855122,"m"
2697,-1.33414435922989,15.5732762386673,0.0923602310164932,"m"
2698,-1.33475474441397,15.5739552279446,0.0923727686770265,"m"
2699,-1.33536471696267,15.5746345602642,0.0923853104815721,"m"
2700,-1.33597425886815,15.5753142168142,0.0923978556445899,"m"
2701,-1.33658335212258,15.5759941787829,0.0924104033805401,"m"
2702,-1.33719197871812,15.5766744273584,0.0924229529038825,"m"
2703,-1.33780012064694,15.5773549437291,0.0924355034290773,"m"
2704,-1.3384077599012,15.578035709083,0.0924480541705842,"m"
2705,-1.33901487847306,15.5787167046083,0.0924606043428635,"m"
2706,-1.3396214583547,15.5793979114934,0.092473153160375,"m"
2707,-1.34022748153826,15.5800793109263,0.0924856998375787,"m"
2708,-1.34083293001593,15.5807608840954,0.0924982435889346,"m"
2709,-1.34143778578129,15.5814426121902,0.0925107836289385,"m"
2710,-1.34204203783029,15.5821244837452,0.0925233193472207,"m"
2711,-1.34264569839695,15.5828065116692,0.0925358507146139,"m"
2712,-1.34324878452948,15.5834887139203,0.0925483778223578,"m"
2713,-1.3438513132761,15.5841711084568,0.0925609007616925,"m"
2714,-1.34445330168504,15.5848537132371,0.0925734196238578,"m"
2715,-1.34505476680451,15.5855365462193,0.0925859345000938,"m"
2716,-1.34565572568274,15.5862196253618,0.0925984454816402,"m"
2717,-1.34625619536794,15.5869029686228,0.0926109526597371,"m"
2718,-1.34685619290834,15.5875865939606,0.0926234561256244,"m"
2719,-1.34745573535216,15.5882705193335,0.0926359559705419,"m"
2720,-1.34805483974761,15.5889547626997,0.0926484522857297,"m"
2721,-1.34865352314292,15.5896393420175,0.0926609451624276,"m"
2722,-1.34925180258631,15.5903242752452,0.0926734346918756,"m"
2723,-1.349849695126,15.5910095803411,0.0926859209653136,"m"
2724,-1.35044721781021,15.5916952752634,0.0926984040739814,"m"
2725,-1.35104438768716,15.5923813779704,0.0927108841091191,"m"
2726,-1.35164122180507,15.5930679064203,0.0927233611619666,"m"
2727,-1.35223773721216,15.5937548785715,0.0927358353237638,"m"
2728,-1.35283395095665,15.5944423123822,0.0927483066857505,"m"
2729,-1.35342988008677,15.5951302258106,0.0927607753391669,"m"
2730,-1.35402554165073,15.5958186368151,0.0927732413752526,"m"
2731,-1.35462095269675,15.596507563354,0.0927857048852478,"m"
2732,-1.35521613027306,15.5971970233854,0.0927981659603922,"m"
2733,-1.35581109142787,15.5978870348677,0.0928106246919259,"m"
2734,-1.35640585320941,15.5985776157591,0.0928230811710888,"m"
2735,-1.3570004326659,15.599268784018,0.0928355354891207,"m"
2736,-1.35759484684555,15.5999605576025,0.0928479877372617,"m"
2737,-1.35818911279658,15.600652954471,0.0928604380067516,"m"
2738,-1.35878324756723,15.6013459925817,0.0928728863888303,"m"
2739,-1.3593772682057,15.6020396898929,0.0928853329747379,"m"
2740,-1.35997119075608,15.6027340632062,0.092897777869115,"m"
2741,-1.36056501763014,15.6034291136217,0.0929102213585331,"m"
2742,-1.3611587414151,15.6041248309231,0.0929226638606779,"m"
2743,-1.36175235448127,15.6048212046447,0.0929351057961296,"m"
2744,-1.36234584919898,15.6055182243203,0.0929475475854687,"m"
2745,-1.36293921793853,15.6062158794842,0.0929599896492754,"m"
2746,-1.36353245307025,15.6069141596704,0.0929724324081299,"m"
2747,-1.36412554696445,15.6076130544129,0.0929848762826127,"m"
2748,-1.36471849199145,15.6083125532459,0.0929973216933041,"m"
2749,-1.36531128052157,15.6090126457033,0.0930097690607842,"m"
2750,-1.36590390492513,15.6097133213194,0.0930222188056336,"m"
2751,-1.36649635757243,15.6104145696282,0.0930346713484323,"m"
2752,-1.36708863083381,15.6111163801636,0.0930471271097609,"m"
2753,-1.36768071707957,15.61181874246,0.0930595865101995,"m"
2754,-1.36827260868004,15.6125216460512,0.0930720499703284,"m"
2755,-1.36886429800552,15.6132250804713,0.0930845179107281,"m"
2756,-1.36945577742635,15.6139290352545,0.0930969907519788,"m"
2757,-1.37004703931283,15.6146334999349,0.0931094689146607,"m"
2758,-1.37063807603528,15.6153384640464,0.0931219528193543,"m"
2759,-1.37122887996402,15.6160439171232,0.0931344428866398,"m"
2760,-1.37181944346937,15.6167498486993,0.0931469395370975,"m"
2761,-1.37240975892164,15.6174562483089,0.0931594431913078,"m"
2762,-1.37299981869115,15.618163105486,0.0931719542698509,"m"
2763,-1.37358961514822,15.6188704097646,0.0931844731933071,"m"
2764,-1.37417914066317,15.6195781506789,0.0931970003822568,"m"
2765,-1.37476838760631,15.6202863177629,0.0932095362572803,"m"
2766,-1.37535734834795,15.6209949005507,0.0932220812389578,"m"
2767,-1.37594601525843,15.6217038885764,0.0932346357478698,"m"
2768,-1.37653438070805,15.622413271374,0.0932472002045964,"m"
2769,-1.37712243706713,15.6231230384777,0.093259775029718,"m"
2770,-1.3777101767058,15.6238331794358,0.0932723606437421,"m"
2771,-1.37829759194541,15.6245436873937,0.0932849574489432,"m"
2772,-1.37888467499467,15.6252545638086,0.093297565805462,"m"
2773,-1.37947141804641,15.6259658113082,0.0933101860675055,"m"
2774,-1.38005781329344,15.6266774325203,0.0933228185892808,"m"
2775,-1.38064385292861,15.6273894300726,0.093335463724995,"m"
2776,-1.38122952914474,15.6281018065928,0.0933481218288549,"m"
2777,-1.38181483413465,15.6288145647088,0.0933607932550678,"m"
2778,-1.38239976009119,15.6295277070482,0.0933734783578407,"m"
2779,-1.38298429920716,15.6302412362389,0.0933861774913805,"m"
2780,-1.38356844367542,15.6309551549084,0.0933988910098944,"m"
2781,-1.38415218568877,15.6316694656847,0.0934116192675894,"m"
2782,-1.38473551744006,15.6323841711954,0.0934243626186725,"m"
2783,-1.38531843112211,15.6330992740682,0.0934371214173508,"m"
2784,-1.38590091892774,15.633814776931,0.0934498960178314,"m"
2785,-1.38648297304979,15.6345306824115,0.0934626867743212,"m"
2786,-1.38706458568109,15.6352469931374,0.0934754940410274,"m"
2787,-1.38764574901446,15.6359637117364,0.0934883181721569,"m"
2788,-1.38822645524274,15.6366808408364,0.0935011595219168,"m"
2789,-1.38880669655875,15.637398383065,0.0935140184445142,"m"
2790,-1.38938646515531,15.63811634105,0.0935268952941561,"m"
2791,-1.38996575322527,15.6388347174191,0.0935397904250496,"m"
2792,-1.39054455296144,15.6395535148001,0.0935527041914017,"m"
2793,-1.39112285655666,15.6402727358208,0.0935656369474194,"m"
2794,-1.39170065620375,15.6409923831088,0.0935785890473098,"m"
2795,-1.39227794409555,15.6417124592919,0.09359156084528,"m"
2796,-1.39285471242488,15.6424329669979,0.0936045526955369,"m"
2797,-1.39343095338457,15.6431539088546,0.0936175649522877,"m"
2798,-1.39400665916745,15.6438752874895,0.0936305979697394,"m"
2799,-1.39458182196634,15.6445971055306,0.0936436521020989,"m"
2800,-1.39515643397409,15.6453193656055,0.0936567277035735,"m"
2801,-1.39573048916859,15.6460420701541,0.0936698249742721,"m"
2802,-1.3963039970646,15.6467652199805,0.0936829427730808,"m"
2803,-1.39687697517669,15.6474888150465,0.0936960792682984,"m"
2804,-1.39744944108556,15.6482128553072,0.0937092326225165,"m"
2805,-1.39802141237188,15.6489373407174,0.0937224009983264,"m"
2806,-1.39859290661634,15.6496622712322,0.0937355825583198,"m"
2807,-1.39916394139963,15.6503876468064,0.0937487754650882,"m"
2808,-1.39973453430243,15.651113467395,0.093761977881223,"m"
2809,-1.40030470290544,15.6518397329529,0.0937751879693157,"m"
2810,-1.40087446478933,15.6525664434351,0.093788403891958,"m"
2811,-1.4014438375348,15.6532935987966,0.0938016238117411,"m"
2812,-1.40201283872253,15.6540211989923,0.0938148458912568,"m"
2813,-1.4025814859332,15.654749243977,0.0938280682930965,"m"
2814,-1.40314979674751,15.6554777337059,0.0938412891798516,"m"
2815,-1.40371778874614,15.6562066681337,0.0938545067141138,"m"
2816,-1.40428547950977,15.6569360472155,0.0938677190584744,"m"
2817,-1.4048528866191,15.6576658709062,0.093880924375525,"m"
2818,-1.4054200276548,15.6583961391608,0.0938941208278572,"m"
2819,-1.40598692019757,15.6591268519341,0.0939073065780624,"m"
2820,-1.40655358182809,15.6598580091811,0.0939204797887321,"m"
2821,-1.40712003012705,15.6605896108569,0.0939336386224579,"m"
2822,-1.40768628267513,15.6613216569162,0.0939467812418312,"m"
2823,-1.40825235705302,15.6620541473142,0.0939599058094436,"m"
2824,-1.4088182708414,15.6627870820056,0.0939730104878865,"m"
2825,-1.40938404162097,15.6635204609455,0.0939860934397514,"m"
2826,-1.40994968697241,15.6642542840887,0.09399915282763,"m"
2827,-1.41051522447641,15.6649885513904,0.0940121868141136,"m"
2828,-1.41108067171365,15.6657232628053,0.0940251935617938,"m"
2829,-1.41164604626481,15.6664584182884,0.0940381712332621,"m"
2830,-1.41221136571059,15.6671940177947,0.09405111799111,"m"
2831,-1.41277664744073,15.6679300612669,0.0940640320212103,"m"
2832,-1.41334189546217,15.6686665477913,0.094076913141179,"m"
2833,-1.41390709184785,15.6694034750504,0.0940897638430067,"m"
2834,-1.41447221663757,15.6701408405968,0.094102586866584,"m"
2835,-1.41503724987112,15.6708786419829,0.0941153849518015,"m"
2836,-1.41560217158829,15.6716168767613,0.0941281608385495,"m"
2837,-1.41616696182886,15.6723555424843,0.0941409172667187,"m"
2838,-1.41673160063263,15.6730946367044,0.0941536569761996,"m"
2839,-1.41729606803939,15.6738341569742,0.0941663827068827,"m"
2840,-1.41786034408892,15.6745741008462,0.0941790971986585,"m"
2841,-1.41842440882103,15.6753144658727,0.0941918031914175,"m"
2842,-1.41898824227549,15.6760552496063,0.0942045034250503,"m"
2843,-1.4195518244921,15.6767964495994,0.0942172006394474,"m"
2844,-1.42011513551065,15.6775380634046,0.0942298975744992,"m"
2845,-1.42067815537092,15.6782800885742,0.0942425969700963,"m"
2846,-1.42124086411271,15.6790225226609,0.0942553015661293,"m"
2847,-1.42180324177581,15.679765363217,0.0942680141024887,"m"
2848,-1.42236526840001,15.6805086077951,0.0942807373190649,"m"
2849,-1.4229269240251,15.6812522539475,0.0942934739557485,"m"
2850,-1.42348818869087,15.6819962992269,0.09430622675243,"m"
2851,-1.4240490424371,15.6827407411857,0.0943189984489999,"m"
2852,-1.42460946530359,15.6834855773763,0.0943317917853488,"m"
2853,-1.42516943733013,15.6842308053512,0.0943446095013672,"m"
2854,-1.42572893855651,15.6849764226629,0.0943574543369456,"m"
2855,-1.42628794902252,15.685722426864,0.0943703290319744,"m"
2856,-1.42684644876794,15.6864688155068,0.0943832363263443,"m"
2857,-1.42740441783257,15.6872155861438,0.0943961789599458,"m"
2858,-1.42796183625621,15.6879627363276,0.0944091596726693,"m"
2859,-1.42851868407863,15.6887102636105,0.0944221812044055,"m"
2860,-1.42907494133963,15.6894581655452,0.0944352462950447,"m"
2861,-1.42963058807899,15.6902064396839,0.0944483576844776,"m"
2862,-1.43018560876526,15.6909550849508,0.0944615175008734,"m"
2863,-1.43074001372926,15.691704108278,0.0944747243001633,"m"
2864,-1.43129382266288,15.6924535194969,0.0944879753452819,"m"
2865,-1.4318470552709,15.6932033284425,0.0945012678973802,"m"
2866,-1.43239973125811,15.69395354495,0.0945145992176091,"m"
2867,-1.4329518703293,15.6947041788545,0.0945279665671198,"m"
2868,-1.43350349218925,15.6954552399911,0.0945413672070632,"m"
2869,-1.43405461654277,15.6962067381951,0.0945547983985903,"m"
2870,-1.43460526309464,15.6969586833014,0.0945682574028522,"m"
2871,-1.43515545154965,15.6977110851454,0.094581741481,"m"
2872,-1.43570520161258,15.6984639535622,0.0945952478941845,"m"
2873,-1.43625453298823,15.6992172983868,0.0946087739035569,"m"
2874,-1.43680346538139,15.6999711294544,0.0946223167702682,"m"
2875,-1.43735201849684,15.7007254566002,0.0946358737554694,"m"
2876,-1.43790021203938,15.7014802896593,0.0946494421203116,"m"
2877,-1.43844806571379,15.7022356384668,0.0946630191259456,"m"
2878,-1.43899559922487,15.702991512858,0.0946766020335227,"m"
2879,-1.4395428322774,15.7037479226679,0.0946901881041937,"m"
2880,-1.44008978457617,15.7045048777316,0.0947037745991098,"m"
2881,-1.44063647582598,15.7052623878844,0.0947173587794219,"m"
2882,-1.44118292573161,15.7060204629614,0.094730937906281,"m"
2883,-1.44172915399784,15.7067791127977,0.0947445092408383,"m"
2884,-1.44227518032948,15.7075383472284,0.0947580700442447,"m"
2885,-1.44282102443131,15.7082981760887,0.0947716175776512,"m"
2886,-1.44336670600812,15.7090586092138,0.0947851491022089,"m"
2887,-1.44391224476469,15.7098196564387,0.0947986618790688,"m"
2888,-1.44445766040583,15.7105813275987,0.0948121531693818,"m"
2889,-1.44500297263631,15.7113436325289,0.0948256202342992,"m"
2890,-1.44554820116092,15.7121065810644,0.0948390603349717,"m"
2891,-1.44609336568447,15.7128701830403,0.0948524707325506,"m"
2892,-1.44663848540917,15.7136344479366,0.0948658487519836,"m"
2893,-1.44718356372059,15.7143993740542,0.0948791937260506,"m"
2894,-1.44772858538327,15.7151649465325,0.094892507351361,"m"
2895,-1.44827353409363,15.7159311497562,0.0949057914601155,"m"
2896,-1.44881839354807,15.71669796811,0.0949190478845149,"m"
2897,-1.44936314744303,15.7174653859784,0.09493227845676,"m"
2898,-1.44990777947491,15.7182333877461,0.0949454850090516,"m"
2899,-1.45045227334013,15.7190019577978,0.0949586693735905,"m"
2900,-1.4509966127351,15.719771080518,0.0949718333825773,"m"
2901,-1.45154078135625,15.7205407402914,0.0949849788682129,"m"
2902,-1.45208476289999,15.7213109215026,0.0949981076626981,"m"
2903,-1.45262854106273,15.7220816085363,0.0950112215982336,"m"
2904,-1.4531720995409,15.7228527857771,0.0950243225070202,"m"
2905,-1.45371542203091,15.7236244376095,0.0950374122212587,"m"
2906,-1.45425849222917,15.7243965484183,0.0950504925731499,"m"
2907,-1.45480129383211,15.7251691025881,0.0950635653948945,"m"
2908,-1.45534381053613,15.7259420845035,0.0950766325186932,"m"
2909,-1.45588602603766,15.7267154785491,0.095089695776747,"m"
2910,-1.45642792403311,15.7274892691096,0.0951027570012565,"m"
2911,-1.4569694882189,15.7282634405696,0.0951158180244225,"m"
2912,-1.45751070229145,15.7290379773137,0.0951288806784458,"m"
2913,-1.45805154994716,15.7298128637265,0.0951419467955271,"m"
2914,-1.45859201488246,15.7305880841927,0.0951550182078673,"m"
2915,-1.45913208079377,15.731363623097,0.0951680967476672,"m"
2916,-1.45967173137749,15.7321394648239,0.0951811842471274,"m"
2917,-1.46021095033006,15.732915593758,0.0951942825384487,"m"
2918,-1.46074972134787,15.7336919942841,0.095207393453832,"m"
2919,-1.46128802812736,15.7344686507867,0.095220518825478,"m"
2920,-1.46182585436493,15.7352455476505,0.0952336604855875,"m"
2921,-1.46236318375701,15.73602266926,0.0952468202663612,"m"
2922,-1.4629,15.7368,0.09526,"m"
2923,-1.46343628999996,15.7375775285361,0.0952732011576015,"m"
2924,-1.46397205350143,15.7383552606582,0.095286423765851,"m"
2925,-1.4645072934586,15.7391332064374,0.095299667490331,"m"
2926,-1.46504201282565,15.7399113759445,0.0953129319966236,"m"
2927,-1.46557621455676,15.7406897792505,0.0953262169503112,"m"
2928,-1.4661099016061,15.7414684264264,0.095339522016976,"m"
2929,-1.46664307692787,15.7422473275433,0.0953528468622004,"m"
2930,-1.46717574347623,15.743026492672,0.0953661911515666,"m"
2931,-1.46770790420538,15.7438059318835,0.0953795545506569,"m"
2932,-1.46823956206949,15.7445856552488,0.0953929367250536,"m"
2933,-1.46877072002274,15.7453656728389,0.095406337340339,"m"
2934,-1.46930138101931,15.7461459947247,0.0954197560620954,"m"
2935,-1.46983154801339,15.7469266309773,0.0954331925559051,"m"
2936,-1.47036122395915,15.7477075916675,0.0954466464873503,"m"
2937,-1.47089041181078,15.7484888868663,0.0954601175220134,"m"
2938,-1.47141911452245,15.7492705266448,0.0954736053254766,"m"
2939,-1.47194733504835,15.7500525210739,0.0954871095633223,"m"
2940,-1.47247507634266,15.7508348802246,0.0955006299011327,"m"
2941,-1.47300234135955,15.7516176141678,0.0955141660044901,"m"
2942,-1.47352913305322,15.7524007329745,0.0955277175389768,"m"
2943,-1.47405545437783,15.7531842467157,0.0955412841701751,"m"
2944,-1.47458130828757,15.7539681654624,0.0955548655636672,"m"
2945,-1.47510669773662,15.7547524992854,0.0955684613850356,"m"
2946,-1.47563162567917,15.7555372582559,0.0955820712998624,"m"
2947,-1.47615609506938,15.7563224524447,0.0955956949737299,"m"
2948,-1.47668010886145,15.7571080919229,0.0956093320722205,"m"
2949,-1.47720367000956,15.7578941867614,0.0956229822609165,"m"
2950,-1.47772678146787,15.7586807470311,0.0956366452054,"m"
2951,-1.47824944619058,15.7594677828031,0.0956503205712534,"m"
2952,-1.47877166713187,15.7602553041484,0.0956640080240591,"m"
2953,-1.47929344729138,15.7610433207385,0.0956777072246498,"m"
2954,-1.47981479046134,15.7618318352836,0.0956914177510595,"m"
2955,-1.48033570110724,15.7626208445808,0.095705139110993,"m"
2956,-1.48085618371593,15.7634103452392,0.0957188708099202,"m"
2957,-1.48137624277427,15.7642003338681,0.0957326123533113,"m"
2958,-1.48189588276912,15.7649908070765,0.0957463632466363,"m"
2959,-1.48241510818735,15.7657817614736,0.0957601229953653,"m"
2960,-1.48293392351581,15.7665731936686,0.0957738911049684,"m"
2961,-1.48345233324136,15.7673651002707,0.0957876670809155,"m"
2962,-1.48397034185087,15.768157477889,0.0958014504286769,"m"
2963,-1.4844879538312,15.7689503231328,0.0958152406537226,"m"
2964,-1.48500517366921,15.7697436326111,0.0958290372615226,"m"
2965,-1.48552200585175,15.7705374029331,0.095842839757547,"m"
2966,-1.48603845486569,15.771331630708,0.0958566476472659,"m"
2967,-1.48655452519789,15.772126312545,0.0958704604361493,"m"
2968,-1.48707022133522,15.7729214450533,0.0958842776296673,"m"
2969,-1.48758554776452,15.7737170248419,0.09589809873329,"m"
2970,-1.48810050897267,15.7745130485201,0.0959119232524875,"m"
2971,-1.48861510944652,15.7753095126971,0.0959257506927297,"m"
2972,-1.48912935367293,15.7761064139819,0.0959395805594869,"m"
2973,-1.48964324613877,15.7769037489838,0.0959534123582289,"m"
2974,-1.49015679133089,15.7777015143119,0.0959672455944261,"m"
2975,-1.49066999373616,15.7784997065755,0.0959810797735483,"m"
2976,-1.49118285784144,15.7792983223836,0.0959949144010656,"m"
2977,-1.49169538813358,15.7800973583454,0.0960087489824482,"m"
2978,-1.49220758909946,15.7808968110702,0.096022583023166,"m"
2979,-1.49271946522592,15.781696677167,0.0960364160286893,"m"
2980,-1.49323102099983,15.782496953245,0.0960502475044879,"m"
2981,-1.49374226090806,15.7832976359135,0.0960640769560321,"m"
2982,-1.49425318943745,15.7840987217815,0.0960779038887918,"m"
2983,-1.49476381107355,15.7849002074605,0.0960917278084583,"m"
2984,-1.49527412933169,15.7857020911863,0.0961055483810391,"m"
2985,-1.49578414504694,15.7865043756828,0.0961193657154572,"m"
2986,-1.49629385859535,15.7873070644423,0.0961331799964819,"m"
2987,-1.49680327035298,15.7881101609572,0.0961469914088824,"m"
2988,-1.49731238069588,15.7889136687198,0.0961608001374279,"m"
2989,-1.49782119000012,15.7897175912226,0.0961746063668878,"m"
2990,-1.49832969864175,15.7905219319578,0.096188410282031,"m"
2991,-1.49883790699683,15.7913266944179,0.0962022120676271,"m"
2992,-1.49934581544141,15.7921318820951,0.0962160119084451,"m"
2993,-1.49985342435157,15.792937498482,0.0962298099892542,"m"
2994,-1.50036073410335,15.7937435470707,0.0962436064948239,"m"
2995,-1.50086774507281,15.7945500313537,0.0962574016099232,"m"
2996,-1.50137445763601,15.7953569548234,0.0962711955193214,"m"
2997,-1.50188087216901,15.796164320972,0.0962849884077877,"m"
2998,-1.50238698904786,15.7969721332921,0.0962987804600914,"m"
2999,-1.50289280864863,15.7977803952759,0.0963125718610016,"m"
3000,-1.50339833134738,15.7985891104157,0.0963263627952878,"m"
3001,-1.50390355752016,15.799398282204,0.096340153447719,"m"
3002,-1.50440848754302,15.8002079141332,0.0963539440030644,"m"
3003,-1.50491312179203,15.8010180096955,0.0963677346460935,"m"
3004,-1.50541746064325,15.8018285723833,0.0963815255615753,"m"
3005,-1.50592150447273,15.8026396056891,0.0963953169342791,"m"
3006,-1.50642525365654,15.8034511131051,0.0964091089489741,"m"
3007,-1.50692870857072,15.8042630981237,0.0964229017904296,"m"
3008,-1.50743186959134,15.8050755642373,0.0964366956434148,"m"
3009,-1.50793473709446,15.8058885149383,0.0964504906926989,"m"
3010,-1.50843731145614,15.806701953719,0.0964642871230512,"m"
3011,-1.50893959305242,15.8075158840718,0.0964780851192409,"m"
3012,-1.50944158225938,15.808330309489,0.0964918848660372,"m"
3013,-1.50994327945306,15.809145233463,0.0965056865482094,"m"
3014,-1.5104446846647,15.809960658724,0.0965194903272756,"m"
3015,-1.51094579420537,15.8107765797813,0.0965332961139176,"m"
3016,-1.51144660211639,15.8115929861277,0.096547103665772,"m"
3017,-1.51194710240664,15.8124098671845,0.0965609127382918,"m"
3018,-1.51244728908505,15.8132272123732,0.09657472308693,"m"
3019,-1.51294715616051,15.8140450111152,0.0965885344671397,"m"
3020,-1.51344669764193,15.8148632528319,0.0966023466343737,"m"
3021,-1.51394590753822,15.8156819269446,0.0966161593440852,"m"
3022,-1.51444477985828,15.8165010228747,0.0966299723517271,"m"
3023,-1.51494330861103,15.8173205300436,0.0966437854127523,"m"
3024,-1.51544148780537,15.8181404378727,0.096657598282614,"m"
3025,-1.5159393114502,15.8189607357834,0.0966714107167651,"m"
3026,-1.51643677355443,15.8197814131971,0.0966852224706586,"m"
3027,-1.51693386812698,15.8206024595351,0.0966990332997475,"m"
3028,-1.51743058917673,15.8214238642189,0.0967128429594847,"m"
3029,-1.51792693071261,15.8222456166697,0.0967266512053234,"m"
3030,-1.51842288674352,15.8230677063091,0.0967404577927165,"m"
3031,-1.51891845127837,15.8238901225584,0.0967542624771169,"m"
3032,-1.51941361832606,15.8247128548389,0.0967680650139777,"m"
3033,-1.5199083818955,15.8255358925721,0.096781865158752,"m"
3034,-1.52040273599559,15.8263592251794,0.0967956626668926,"m"
3035,-1.52089667463525,15.8271828420821,0.0968094572938525,"m"
3036,-1.52139019182337,15.8280067327016,0.0968232487950849,"m"
3037,-1.52188328156888,15.8288308864593,0.0968370369260426,"m"
3038,-1.52237593788066,15.8296552927766,0.0968508214421787,"m"
3039,-1.52286815476764,15.8304799410749,0.0968646020989462,"m"
3040,-1.52335992623871,15.8313048207756,0.096878378651798,"m"
3041,-1.52385124630278,15.8321299213,0.0968921508561872,"m"
3042,-1.52434210896877,15.8329552320695,0.0969059184675667,"m"
3043,-1.52483250824557,15.8337807425055,0.0969196812413897,"m"
3044,-1.52532243816371,15.8346064421027,0.096933438935812,"m"
3045,-1.52581189536963,15.8354323292173,0.0969471916360571,"m"
3046,-1.52630088159025,15.8362584194164,0.0969609400625617,"m"
3047,-1.52678939913619,15.8370847302444,0.0969746850087447,"m"
3048,-1.52727745031809,15.8379112792456,0.0969884272680249,"m"
3049,-1.52776503744658,15.8387380839646,0.0970021676338209,"m"
3050,-1.52825216283231,15.8395651619456,0.0970159068995516,"m"
3051,-1.52873882878589,15.8403925307332,0.0970296458586358,"m"
3052,-1.52922503761796,15.8412202078718,0.0970433853044922,"m"
3053,-1.52971079163916,15.8420482109057,0.0970571260305396,"m"
3054,-1.53019609316012,15.8428765573794,0.0970708688301968,"m"
3055,-1.53068094449146,15.8437052648372,0.0970846144968825,"m"
3056,-1.53116534794384,15.8445343508237,0.0970983638240156,"m"
3057,-1.53164930582787,15.8453638328832,0.0971121176050148,"m"
3058,-1.53213282045418,15.8461937285601,0.0971258766332988,"m"
3059,-1.53261589413343,15.8470240553989,0.0971396417022865,"m"
3060,-1.53309852917622,15.8478548309439,0.0971534136053967,"m"
3061,-1.53358072789321,15.8486860727396,0.097167193136048,"m"
3062,-1.53406249259502,15.8495177983303,0.0971809810876594,"m"
3063,-1.53454382559228,15.8503500252606,0.0971947782536495,"m"
3064,-1.53502472919563,15.8511827710748,0.0972085854274371,"m"
3065,-1.53550520571571,15.8520160533173,0.0972224034024411,"m"
3066,-1.53598525746313,15.8528498895326,0.0972362329720801,"m"
3067,-1.53646488674854,15.853684297265,0.097250074929773,"m"
3068,-1.53694409588257,15.854519294059,0.0972639300689385,"m"
3069,-1.53742288717586,15.855354897459,0.0972777991829955,"m"
3070,-1.53790126293903,15.8561911250094,0.0972916830653626,"m"
3071,-1.53837922548272,15.8570279942546,0.0973055825094587,"m"
3072,-1.53885677711756,15.8578655227391,0.0973194983087026,"m"
3073,-1.53933392015418,15.8587037280071,0.0973334312565129,"m"
3074,-1.53981065690322,15.8595426276033,0.0973473821463086,"m"
3075,-1.54028698917808,15.8603822359799,0.0973613516289412,"m"
3076,-1.54076291526134,15.8612225456325,0.0973753393428869,"m"
3077,-1.54123843190765,15.8620635395555,0.0973893444885379,"m"
3078,-1.54171353586559,15.8629052007052,0.0974033662645343,"m"
3079,-1.54218822388371,15.863747512038,0.0974174038695161,"m"
3080,-1.54266249271058,15.86459045651,0.0974314565021236,"m"
3081,-1.54313633909475,15.8654340170778,0.0974455233609967,"m"
3082,-1.5436097597848,15.8662781766976,0.0974596036447756,"m"
3083,-1.54408275152927,15.8671229183256,0.0974736965521005,"m"
3084,-1.54455531107674,15.8679682249183,0.0974878012816113,"m"
3085,-1.54502743517576,15.868814079432,0.0975019170319482,"m"
3086,-1.54549912057489,15.8696604648229,0.0975160430017513,"m"
3087,-1.5459703640227,15.8705073640475,0.0975301783896608,"m"
3088,-1.54644116226775,15.8713547600619,0.0975443223943167,"m"
3089,-1.54691151205859,15.8722026358226,0.097558474214359,"m"
3090,-1.5473814101438,15.8730509742859,0.097572633048428,"m"
3091,-1.54785085327193,15.8738997584081,0.0975867980951638,"m"
3092,-1.54831983819154,15.8747489711454,0.0976009685532063,"m"
3093,-1.5487883616512,15.8755985954543,0.0976151436211958,"m"
3094,-1.54925642039946,15.8764486142911,0.0976293224977724,"m"
3095,-1.54972401118489,15.877299010612,0.0976435043815761,"m"
3096,-1.55019113075605,15.8781497673734,0.097657688471247,"m"
3097,-1.5506577758615,15.8790008675317,0.0976718739654253,"m"
3098,-1.5511239432498,15.8798522940431,0.097686060062751,"m"
3099,-1.55158962966952,15.8807040298639,0.0977002459618643,"m"
3100,-1.55205483186921,15.8815560579505,0.0977144308614052,"m"
3101,-1.55251954659743,15.8824083612592,0.0977286139600139,"m"
3102,-1.55298377060276,15.8832609227464,0.0977427944563305,"m"
3103,-1.55344750063374,15.8841137253683,0.0977569715489951,"m"
3104,-1.55391073343894,15.8849667520813,0.0977711444366477,"m"
3105,-1.55437346588951,15.8858199860624,0.0977853123274701,"m"
3106,-1.55483570040886,15.8866734204888,0.097799474861839,"m"
3107,-1.55529744712464,15.8875270624133,0.0978136322798336,"m"
3108,-1.55575871673196,15.8883809199109,0.0978277848657064,"m"
3109,-1.55621951992596,15.8892350010565,0.0978419329037099,"m"
3110,-1.55667986740174,15.890089313925,0.0978560766780968,"m"
3111,-1.55713976985443,15.8909438665914,0.0978702164731198,"m"
3112,-1.55759923797915,15.8917986671306,0.0978843525730313,"m"
3113,-1.55805828247102,15.8926537236176,0.0978984852620841,"m"
3114,-1.55851691402517,15.8935090441272,0.0979126148245306,"m"
3115,-1.55897514333671,15.8943646367344,0.0979267415446236,"m"
3116,-1.55943298110077,15.8952205095141,0.0979408657066157,"m"
3117,-1.55989043801246,15.8960766705413,0.0979549875947593,"m"
3118,-1.56034752476691,15.896933127891,0.0979691074933072,"m"
3119,-1.56080425205925,15.897789889638,0.097983225686512,"m"
3120,-1.56126063058458,15.8986469638572,0.0979973424586262,"m"
3121,-1.56171667103804,15.8995043586237,0.0980114580939025,"m"
3122,-1.56217238411474,15.9003620820123,0.0980255728765934,"m"
3123,-1.5626277805098,15.901220142098,0.0980396870909516,"m"
3124,-1.56308287091835,15.9020785469558,0.0980538010212297,"m"
3125,-1.56353766603551,15.9029373046605,0.0980679149516802,"m"
3126,-1.5639921765564,15.903796423287,0.0980820291665559,"m"
3127,-1.56444641317613,15.9046559109104,0.0980961439501092,"m"
3128,-1.56490038658984,15.9055157756056,0.0981102595865928,"m"
3129,-1.56535410749264,15.9063760254474,0.0981243763602594,"m"
3130,-1.56580758657965,15.9072366685109,0.0981384945553614,"m"
3131,-1.566260834546,15.908097712871,0.0981526144561516,"m"
3132,-1.5667138620868,15.9089591666025,0.0981667363468825,"m"
3133,-1.56716667989718,15.9098210377805,0.0981808605118067,"m"
3134,-1.56761929867226,15.9106833344798,0.0981949872351769,"m"
3135,-1.56807172910716,15.9115460647754,0.0982091168012456,"m"
3136,-1.56852397792181,15.9124092364603,0.0982232494091347,"m"
3137,-1.56897603264801,15.9132728559663,0.0982373848470431,"m"
3138,-1.56942787503557,15.9141369293152,0.0982515227793456,"m"
3139,-1.56987948683314,15.9150014625284,0.0982656628703916,"m"
3140,-1.57033084978935,15.9158664616277,0.0982798047845305,"m"
3141,-1.57078194565284,15.9167319326347,0.098293948186112,"m"
3142,-1.57123275617223,15.917597881571,0.0983080927394853,"m"
3143,-1.57168326309617,15.9184643144582,0.0983222381090001,"m"
3144,-1.57213344817329,15.9193312373179,0.0983363839590057,"m"
3145,-1.57258329315222,15.9201986561718,0.0983505299538517,"m"
3146,-1.57303277978161,15.9210665770414,0.0983646757578875,"m"
3147,-1.57348188981009,15.9219350059485,0.0983788210354626,"m"
3148,-1.57393060498629,15.9228039489146,0.0983929654509265,"m"
3149,-1.57437890705885,15.9236734119613,0.0984071086686286,"m"
3150,-1.5748267777764,15.9245434011103,0.0984212503529185,"m"
3151,-1.57527419888758,15.9254139223832,0.0984353901681455,"m"
3152,-1.57572115214103,15.9262849818016,0.0984495277786592,"m"
3153,-1.57616761928538,15.9271565853871,0.098463662848809,"m"
3154,-1.57661358206927,15.9280287391614,0.0984777950429444,"m"
3155,-1.57705902224133,15.9289014491461,0.0984919240254149,"m"
3156,-1.57750392155019,15.9297747213627,0.09850604946057,"m"
3157,-1.57794826174451,15.9306485618329,0.098520171012759,"m"
3158,-1.5783920245729,15.9315229765784,0.0985342883463316,"m"
3159,-1.578835191784,15.9323979716208,0.0985484011256372,"m"
3160,-1.57927774512646,15.9332735529816,0.0985625090150252,"m"
3161,-1.5797196663489,15.9341497266825,0.0985766116788451,"m"
3162,-1.58016093719996,15.9350264987451,0.0985907087814464,"m"
3163,-1.58060153942828,15.9359038751911,0.0986047999871786,"m"
3164,-1.58104145478249,15.936781862042,0.0986188849603911,"m"
3165,-1.58148066501123,15.9376604653195,0.0986329633654335,"m"
3166,-1.58191915265494,15.938539690693,0.0986470348956967,"m"
3167,-1.58235691846541,15.9394195357315,0.0986610999125305,"m"
3168,-1.58279398140582,15.9402999899034,0.0986751594452425,"m"
3169,-1.58323036123114,15.9411810423249,0.0986892145521822,"m"
3170,-1.58366607769635,15.9420626821124,0.0987032662916993,"m"
3171,-1.58410115055641,15.9429448983821,0.0987173157221431,"m"
3172,-1.5845355995663,15.9438276802502,0.0987313639018632,"m"
3173,-1.584969444481,15.9447110168331,0.0987454118892091,"m"
3174,-1.58540270505547,15.9455948972469,0.0987594607425303,"m"
3175,-1.58583540104469,15.946479310608,0.0987735115201762,"m"
3176,-1.58626755220362,15.9473642460326,0.0987875652804965,"m"
3177,-1.58669917828725,15.948249692637,0.0988016230818405,"m"
3178,-1.58713029905054,15.9491356395374,0.0988156859825579,"m"
3179,-1.58756093424847,15.9500220758501,0.098829755040998,"m"
3180,-1.587991103636,15.9509089906913,0.0988438313155104,"m"
3181,-1.58842082696812,15.9517963731774,0.0988579158644446,"m"
3182,-1.58885012399979,15.9526842124246,0.0988720097461502,"m"
3183,-1.58927901448598,15.9535724975491,0.0988861140189765,"m"
3184,-1.58970751818167,15.9544612176672,0.0989002297412731,"m"
3185,-1.59013565484183,15.9553503618952,0.0989143579713895,"m"
3186,-1.59056344422144,15.9562399193494,0.0989284997676752,"m"
3187,-1.59099090607546,15.9571298791459,0.0989426561884798,"m"
3188,-1.59141806015886,15.9580202304011,0.0989568282921526,"m"
3189,-1.59184492622663,15.9589109622312,0.0989710171370433,"m"
3190,-1.59227152403373,15.9598020637525,0.0989852237815012,"m"
3191,-1.59269787333513,15.9606935240813,0.098999449283876,"m"
3192,-1.59312399388581,15.9615853323338,0.0990136947025171,"m"
3193,-1.59354990544073,15.9624774776262,0.099027961095774,"m"
3194,-1.59397562775488,15.9633699490749,0.0990422495219963,"m"
3195,-1.59440118058322,15.9642627357961,0.0990565610395333,"m"
3196,-1.59482658367919,15.9651558269072,0.0990708967066196,"m"
3197,-1.59525184921215,15.9660492169425,0.0990852570165374,"m"
3198,-1.59567696418308,15.9669429184135,0.0990996405877191,"m"
3199,-1.59610191037882,15.9678369475557,0.0991140456501855,"m"
3200,-1.59652666958621,15.9687313206049,0.0991284704339574,"m"
3201,-1.59695122359208,15.9696260537966,0.0991429131690554,"m"
3202,-1.59737555418328,15.9705211633666,0.0991573720855004,"m"
3203,-1.59779964314664,15.9714166655504,0.099171845413313,"m"
3204,-1.59822347226901,15.9723125765837,0.0991863313825139,"m"
3205,-1.59864702333722,15.9732089127022,0.0992008282231239,"m"
3206,-1.59907027813811,15.9741056901415,0.0992153341651636,"m"
3207,-1.59949321845852,15.9750029251372,0.0992298474386539,"m"
3208,-1.5999158260853,15.9759006339251,0.0992443662736154,"m"
3209,-1.60033808280527,15.9767988327406,0.0992588889000689,"m"
3210,-1.60075997040528,15.9776975378196,0.099273413548035,"m"
3211,-1.60118147067216,15.9785967653976,0.0992879384475346,"m"
3212,-1.60160256539277,15.9794965317102,0.0993024618285882,"m"
3213,-1.60202323635393,15.9803968529932,0.0993169819212168,"m"
3214,-1.60244346534248,15.9812977454822,0.0993314969554409,"m"
3215,-1.60286323414527,15.9821992254128,0.0993460051612813,"m"
3216,-1.60328252454913,15.9831013090206,0.0993605047687587,"m"
3217,-1.6037013183409,15.9840040125413,0.0993749940078939,"m"
3218,-1.60411959730742,15.9849073522106,0.0993894711087076,"m"
3219,-1.60453734323554,15.9858113442641,0.0994039343012204,"m"
3220,-1.60495453791208,15.9867160049374,0.0994183818154532,"m"
3221,-1.60537116312389,15.9876213504663,0.0994328118814266,"m"
3222,-1.60578720065781,15.9885273970862,0.0994472227291613,"m"
3223,-1.60620263230067,15.989434161033,0.0994616125886782,"m"
3224,-1.60661743983932,15.9903416585421,0.0994759796899979,"m"
3225,-1.6070316050606,15.9912499058494,0.0994903222631411,"m"
3226,-1.60744510975134,15.9921589191903,0.0995046385381285,"m"
3227,-1.60785793686844,15.993068713672,0.0995189268888616,"m"
3228,-1.60827008525359,15.9939792890779,0.0995331876425651,"m"
3229,-1.60868156519635,15.9948906341483,0.0995474225341921,"m"
3230,-1.60909238723904,15.9958027373799,0.0995616333297738,"m"
3231,-1.60950256192396,15.996715587269,0.0995758217953412,"m"
3232,-1.60991209979342,15.9976291723123,0.0995899896969258,"m"
3233,-1.61032101138972,15.9985434810062,0.0996041388005585,"m"
3234,-1.61072930725518,15.9994585018473,0.0996182708722707,"m"
3235,-1.6111369979321,16.0003742233321,0.0996323876780935,"m"
3236,-1.61154409396278,16.0012906339571,0.0996464909840581,"m"
3237,-1.61195060588954,16.0022077222187,0.0996605825561958,"m"
3238,-1.61235654425467,16.0031254766137,0.0996746641605377,"m"
3239,-1.6127619196005,16.0040438856383,0.099688737563115,"m"
3240,-1.61316674246932,16.0049629377893,0.0997028045299589,"m"
3241,-1.61357102340345,16.005882621563,0.0997168668271006,"m"
3242,-1.61397477294519,16.006802925456,0.0997309262205714,"m"
3243,-1.61437800163684,16.0077238379649,0.0997449844764023,"m"
3244,-1.61478072002072,16.008645347586,0.0997590433606246,"m"
3245,-1.61518293863912,16.0095674428161,0.0997731046392696,"m"
3246,-1.61558466803437,16.0104901121515,0.0997871700783683,"m"
3247,-1.61598591874877,16.0114133440888,0.099801241443952,"m"
3248,-1.61638670132461,16.0123371271245,0.099815320502052,"m"
3249,-1.61678702630422,16.0132614497552,0.0998294090186993,"m"
3250,-1.61718690422989,16.0141863004772,0.0998435087599251,"m"
3251,-1.61758634564394,16.0151116677873,0.0998576214917608,"m"
3252,-1.61798536108867,16.0160375401818,0.0998717489802375,"m"
3253,-1.61838396110639,16.0169639061573,0.0998858929913863,"m"
3254,-1.61878215623941,16.0178907542104,0.0999000552912385,"m"
3255,-1.61917995703003,16.0188180728374,0.0999142376458252,"m"
3256,-1.61957737402056,16.0197458505351,0.0999284418211777,"m"
3257,-1.61997441773878,16.0206740758217,0.099942669580246,"m"
3258,-1.62037109508077,16.021602742711,0.0999569219155482,"m"
3259,-1.62076740455002,16.0225318579153,0.0999711980391994,"m"
3260,-1.62116334346814,16.0234614299351,0.0999854969125906,"m"
3261,-1.62155890915675,16.0243914672711,0.0999998174971125,"m"
3262,-1.62195409893746,16.0253219784238,0.100014158754156,"m"
3263,-1.62234891013189,16.0262529718939,0.100028519645112,"m"
3264,-1.62274334006165,16.0271844561819,0.100042899131372,"m"
3265,-1.62313738604835,16.0281164397885,0.100057296174326,"m"
3266,-1.62353104541361,16.0290489312143,0.100071709735365,"m"
3267,-1.62392431547904,16.0299819389598,0.100086138775881,"m"
3268,-1.62431719356626,16.0309154715257,0.100100582257263,"m"
3269,-1.62470967699689,16.0318495374126,0.100115039140904,"m"
3270,-1.62510176309252,16.032784145121,0.100129508388193,"m"
3271,-1.62549344917479,16.0337193031516,0.100143988960522,"m"
3272,-1.6258847325653,16.034655020005,0.100158479819282,"m"
3273,-1.62627561058567,16.0355913041818,0.100172979925863,"m"
3274,-1.62666608055752,16.0365281641825,0.100187488241657,"m"
3275,-1.62705613980245,16.0374656085078,0.100202003728054,"m"
3276,-1.62744578564208,16.0384036456583,0.100216525346446,"m"
3277,-1.62783501539803,16.0393422841346,0.100231052058222,"m"
3278,-1.6282238263919,16.0402815324372,0.100245582824774,"m"
3279,-1.62861221594532,16.0412213990669,0.100260116607494,"m"
3280,-1.6290001813799,16.0421618925241,0.100274652367771,"m"
3281,-1.62938772001725,16.0431030213095,0.100289189066997,"m"
3282,-1.62977482917898,16.0440447939237,0.100303725666562,"m"
3283,-1.63016150618672,16.0449872188673,0.100318261127859,"m"
3284,-1.63054774836207,16.0459303046409,0.100332794412276,"m"
3285,-1.63093355302665,16.0468740597451,0.100347324481206,"m"
3286,-1.63131891750208,16.0478184926805,0.100361850296039,"m"
3287,-1.63170383910996,16.0487636119477,0.100376370818166,"m"
3288,-1.63208831537227,16.0497094253637,0.100390885100331,"m"
3289,-1.63247234555491,16.050655934796,0.10040539299039,"m"
3290,-1.63285592982169,16.0516031390487,0.100419894745597,"m"
3291,-1.63323906834384,16.0525510369006,0.100434390626588,"m"
3292,-1.63362176129261,16.0534996271303,0.100448880894,"m"
3293,-1.63400400883922,16.0544489085167,0.100463365808471,"m"
3294,-1.63438581115491,16.0553988798384,0.100477845630638,"m"
3295,-1.63476716841091,16.0563495398744,0.100492320621137,"m"
3296,-1.63514808077847,16.0573008874033,0.100506791040606,"m"
3297,-1.63552854842883,16.0582529212038,0.100521257149682,"m"
3298,-1.6359085715332,16.0592056400548,0.100535719209001,"m"
3299,-1.63628815026284,16.060159042735,0.100550177479201,"m"
3300,-1.63666728478898,16.0611131280231,0.100564632220918,"m"
3301,-1.63704597528284,16.062067894698,0.10057908369479,"m"
3302,-1.63742422191568,16.0630233415383,0.100593532161453,"m"
3303,-1.63780202485873,16.0639794673229,0.100607977881546,"m"
3304,-1.63817938428321,16.0649362708304,0.100622421115704,"m"
3305,-1.63855630036037,16.0658937508397,0.100636862124564,"m"
3306,-1.63893277326144,16.0668519061295,0.100651301168765,"m"
3307,-1.63930880315767,16.0678107354785,0.100665738508942,"m"
3308,-1.63968439022027,16.0687702376656,0.100680174405733,"m"
3309,-1.6400595346205,16.0697304114695,0.100694609119775,"m"
3310,-1.64043423652959,16.0706912556688,0.100709042911704,"m"
3311,-1.64080849611876,16.0716527690425,0.100723476042159,"m"
3312,-1.64118231355927,16.0726149503692,0.100737908771775,"m"
3313,-1.64155568902234,16.0735777984277,0.10075234136119,"m"
3314,-1.64192862267921,16.0745413119968,0.100766774071041,"m"
3315,-1.64230111470111,16.0755054898553,0.100781207161964,"m"
3316,-1.64267316525929,16.0764703307817,0.100795640894598,"m"
3317,-1.64304477452498,16.0774358335551,0.100810075529578,"m"
3318,-1.64341594267868,16.0784019969418,0.100824511326197,"m"
3319,-1.64378667055048,16.079368818855,0.100838948449428,"m"
3320,-1.64415696003515,16.0803362958087,0.10085338690966,"m"
3321,-1.64452681312612,16.0813044241872,0.100867826702956,"m"
3322,-1.64489623181683,16.0822732003749,0.100882267825375,"m"
3323,-1.64526521810074,16.0832426207562,0.10089671027298,"m"
3324,-1.64563377397127,16.0842126817154,0.100911154041831,"m"
3325,-1.64600190142188,16.0851833796369,0.100925599127989,"m"
3326,-1.64636960244599,16.0861547109051,0.100940045527515,"m"
3327,-1.64673687903707,16.0871266719044,0.100954493236471,"m"
3328,-1.64710373318854,16.088099259019,0.100968942250917,"m"
3329,-1.64747016689386,16.0890724686335,0.100983392566914,"m"
3330,-1.64783618214645,16.090046297132,0.100997844180524,"m"
3331,-1.64820178093977,16.0910207408991,0.101012297087807,"m"
3332,-1.64856696526726,16.0919957963191,0.101026751284825,"m"
3333,-1.64893173712235,16.0929714597763,0.101041206767638,"m"
3334,-1.6492960984985,16.0939477276551,0.101055663532308,"m"
3335,-1.64966005138914,16.0949245963399,0.101070121574895,"m"
3336,-1.65002359778771,16.0959020622151,0.101084580891461,"m"
3337,-1.65038673968766,16.0968801216649,0.101099041478067,"m"
3338,-1.65074947908243,16.0978587710739,0.101113503330773,"m"
3339,-1.65111181796546,16.0988380068263,0.101127966445642,"m"
3340,-1.6514737583302,16.0998178253064,0.101142430818733,"m"
3341,-1.65183530217008,16.1007982228988,0.101156896446108,"m"
3342,-1.65219645147854,16.1017791959877,0.101171363323828,"m"
3343,-1.65255720824904,16.1027607409576,0.101185831447954,"m"
3344,-1.65291757447501,16.1037428541927,0.101200300814546,"m"
3345,-1.65327755214989,16.1047255320775,0.101214771419667,"m"
3346,-1.65363714326713,16.1057087709963,0.101229243259378,"m"
3347,-1.65399634982016,16.1066925673334,0.101243716329738,"m"
3348,-1.65435517380244,16.1076769174733,0.101258190626809,"m"
3349,-1.6547136160754,16.1086618199552,0.101272666119751,"m"
3350,-1.65507167089005,16.1096472859018,0.101287142620623,"m"
3351,-1.65542933010468,16.1106333309907,0.101301619884622,"m"
3352,-1.65578658557428,16.1116199709056,0.101316097666868,"m"
3353,-1.65614342915385,16.1126072213302,0.101330575722479,"m"
3354,-1.65649985269839,16.1135950979485,0.101345053806575,"m"
3355,-1.65685584806289,16.114583616444,0.101359531674273,"m"
3356,-1.65721140710235,16.1155727925007,0.101374009080693,"m"
3357,-1.65756652167176,16.1165626418022,0.101388485780953,"m"
3358,-1.65792118362612,16.1175531800324,0.101402961530173,"m"
3359,-1.65827538482043,16.1185444228751,0.101417436083471,"m"
3360,-1.65862911710968,16.1195363860139,0.101431909195966,"m"
3361,-1.65898237234886,16.1205290851328,0.101446380622776,"m"
3362,-1.65933514239297,16.1215225359154,0.101460850119021,"m"
3363,-1.65968741909702,16.1225167540455,0.10147531743982,"m"
3364,-1.66003919431598,16.1235117552069,0.101489782340291,"m"
3365,-1.66039045990487,16.1245075550834,0.101504244575552,"m"
3366,-1.66074120771867,16.1255041693588,0.101518703900724,"m"
3367,-1.66109142961238,16.1265016137168,0.101533160070924,"m"
3368,-1.66144111744099,16.1274999038412,0.101547612841272,"m"
3369,-1.66179026305951,16.1284990554157,0.101562061966885,"m"
3370,-1.66213885832293,16.1294990841243,0.101576507202884,"m"
3371,-1.66248689508623,16.1305000056505,0.101590948304387,"m"
3372,-1.66283436520443,16.1315018356782,0.101605385026513,"m"
3373,-1.66318126053251,16.1325045898913,0.10161981712438,"m"
3374,-1.66352757292547,16.1335082839733,0.101634244353107,"m"
3375,-1.66387329423831,16.1345129336082,0.101648666467813,"m"
3376,-1.66421841632602,16.1355185544797,0.101663083223618,"m"
3377,-1.6645629310436,16.1365251622716,0.101677494375639,"m"
3378,-1.66490683024604,16.1375327726676,0.101691899678996,"m"
3379,-1.66525010603193,16.1385414009014,0.101706298905951,"m"
3380,-1.6655927581665,16.1395510480419,0.101720692368316,"m"
3381,-1.6659347954409,16.1405616984816,0.101735081013119,"m"
3382,-1.66627622716401,16.1415733356563,0.101749465823824,"m"
3383,-1.66661706264474,16.142585943002,0.101763847783894,"m"
3384,-1.66695731119198,16.1435995039545,0.101778227876792,"m"
3385,-1.66729698211462,16.1446140019498,0.101792607085984,"m"
3386,-1.66763608472155,16.1456294204237,0.101806986394932,"m"
3387,-1.66797462832166,16.1466457428122,0.101821366787099,"m"
3388,-1.66831262222386,16.1476629525511,0.101835749245951,"m"
3389,-1.66865007573703,16.1486810330764,0.10185013475495,"m"
3390,-1.66898699817006,16.1496999678239,0.10186452429756,"m"
3391,-1.66932339883185,16.1507197402295,0.101878918857245,"m"
3392,-1.6696592870313,16.1517403337292,0.101893319417468,"m"
3393,-1.66999467207729,16.1527617317589,0.101907726961694,"m"
3394,-1.67032956327871,16.1537839177544,0.101922142473386,"m"
3395,-1.67066396994447,16.1548068751516,0.101936566936007,"m"
3396,-1.67099790138345,16.1558305873865,0.101951001333022,"m"
3397,-1.67133136690455,16.1568550378949,0.101965446647894,"m"
3398,-1.67166437581666,16.1578802101128,0.101979903864087,"m"
3399,-1.67199693742868,16.158906087476,0.101994373965064,"m"
3400,-1.67232906104949,16.1599326534205,0.10200885793429,"m"
3401,-1.67266075598799,16.1609598913821,0.102023356755227,"m"
3402,-1.67299203155307,16.1619877847967,0.10203787141134,"m"
3403,-1.67332289705363,16.1630163171003,0.102052402886092,"m"
3404,-1.67365336179856,16.1640454717287,0.102066952162948,"m"
3405,-1.67398343509675,16.1650752321179,0.10208152022537,"m"
3406,-1.6743131262571,16.1661055817037,0.102096108056822,"m"
3407,-1.67464244458849,16.1671365039221,0.102110716640769,"m"
3408,-1.67497139939983,16.1681679822089,0.102125346960674,"m"
3409,-1.6753,16.1692,0.10214,"m"
3410,-1.67562825284427,16.1702325448283,0.1021546763181,"m"
3411,-1.67595615297338,16.171265620614,0.10216937477788,"m"
3412,-1.67628369257445,16.1722992353746,0.102184093818134,"m"
3413,-1.67661086383458,16.1733333971272,0.102198831877657,"m"
3414,-1.6769376589409,16.174368113889,0.102213587395244,"m"
3415,-1.67726407008052,16.1754033936774,0.102228358809689,"m"
3416,-1.67759008944055,16.1764392445097,0.102243144559786,"m"
3417,-1.6779157092081,16.177475674403,0.102257943084331,"m"
3418,-1.67824092157029,16.1785126913746,0.102272752822117,"m"
3419,-1.67856571871424,16.1795503034419,0.10228757221194,"m"
3420,-1.67889009282705,16.180588518622,0.102302399692594,"m"
3421,-1.67921403609584,16.1816273449323,0.102317233702873,"m"
3422,-1.67953754070773,16.18266679039,0.102332072681573,"m"
3423,-1.67986059884982,16.1837068630123,0.102346915067487,"m"
3424,-1.68018320270924,16.1847475708165,0.10236175929941,"m"
3425,-1.68050534447309,16.1857889218199,0.102376603816137,"m"
3426,-1.6808270163285,16.1868309240398,0.102391447056462,"m"
3427,-1.68114821046257,16.1878735854933,0.10240628745918,"m"
3428,-1.68146891906241,16.1889169141979,0.102421123463086,"m"
3429,-1.68178913431515,16.1899609181706,0.102435953506974,"m"
3430,-1.6821088484079,16.1910056054289,0.102450776029638,"m"
3431,-1.68242805352776,16.1920509839899,0.102465589469874,"m"
3432,-1.68274674186186,16.193097061871,0.102480392266475,"m"
3433,-1.6830649055973,16.1941438470893,0.102495182858236,"m"
3434,-1.68338253692121,16.1951913476622,0.102509959683952,"m"
3435,-1.68369962802069,16.1962395716068,0.102524721182418,"m"
3436,-1.68401617108286,16.1972885269406,0.102539465792428,"m"
3437,-1.68433215829483,16.1983382216807,0.102554191952776,"m"
3438,-1.68464758184372,16.1993886638444,0.102568898102257,"m"
3439,-1.68496243391664,16.2004398614489,0.102583582679666,"m"
3440,-1.68527670695219,16.201491822445,0.102598244199944,"m"
3441,-1.68559039777311,16.2025445536226,0.102612882505518,"m"
3442,-1.68590350692605,16.2035980607858,0.102627498566383,"m"
3443,-1.68621603507598,16.2046523497072,0.102642093388361,"m"
3444,-1.68652798288787,16.2057074261597,0.102656667977273,"m"
3445,-1.68683935102669,16.206763295916,0.102671223338941,"m"
3446,-1.68715014015741,16.2078199647488,0.102685760479187,"m"
3447,-1.687460350945,16.2088774384307,0.102700280403833,"m"
3448,-1.68776998405443,16.2099357227347,0.102714784118699,"m"
3449,-1.68807904015066,16.2109948234333,0.102729272629608,"m"
3450,-1.68838751989866,16.2120547462993,0.10274374694238,"m"
3451,-1.68869542396342,16.2131154971055,0.102758208062839,"m"
3452,-1.68900275300988,16.2141770816246,0.102772656996805,"m"
3453,-1.68930950770303,16.2152395056293,0.1027870947501,"m"
3454,-1.68961568870784,16.2163027748923,0.102801522328546,"m"
3455,-1.68992129668926,16.2173668951864,0.102815940737964,"m"
3456,-1.69022633231228,16.2184318722843,0.102830350984176,"m"
3457,-1.69053079624185,16.2194977119588,0.102844754073003,"m"
3458,-1.69083468914296,16.2205644199825,0.102859151010268,"m"
3459,-1.69113801168056,16.2216320021282,0.102873542801791,"m"
3460,-1.69144076451964,16.2227004641687,0.102887930453395,"m"
3461,-1.69174294832515,16.2237698118766,0.1029023149709,"m"
3462,-1.69204456376207,16.2248400510247,0.10291669736013,"m"
3463,-1.69234561149536,16.2259111873858,0.102931078626904,"m"
3464,-1.69264609219,16.2269832267325,0.102945459777046,"m"
3465,-1.69294600651096,16.2280561748376,0.102959841816376,"m"
3466,-1.6932453551232,16.2291300374738,0.102974225750716,"m"
3467,-1.69354413869169,16.2302048204139,0.102988612585888,"m"
3468,-1.6938423578814,16.2312805294305,0.103003003327713,"m"
3469,-1.69414001335731,16.2323571702965,0.103017398982013,"m"
3470,-1.69443710578584,16.2334347487794,0.103031800554174,"m"
3471,-1.69473363689261,16.2345132669646,0.103046208733305,"m"
3472,-1.69502961132952,16.2355927167636,0.103060623334725,"m"
3473,-1.69532503424959,16.236673088346,0.10307504402412,"m"
3474,-1.69561991080582,16.2377543718812,0.103089470467179,"m"
3475,-1.69591424615122,16.2388365575388,0.103103902329587,"m"
3476,-1.69620804543881,16.2399196354882,0.103118339277033,"m"
3477,-1.69650131382158,16.241003595899,0.103132780975203,"m"
3478,-1.69679405645255,16.2420884289406,0.103147227089784,"m"
3479,-1.69708627848473,16.2431741247825,0.103161677286464,"m"
3480,-1.69737798507112,16.2442606735942,0.103176131230929,"m"
3481,-1.69766918136474,16.2453480655453,0.103190588588868,"m"
3482,-1.69795987251859,16.2464362908051,0.103205049025966,"m"
3483,-1.69825006368569,16.2475253395433,0.103219512207912,"m"
3484,-1.69853976001904,16.2486152019292,0.103233977800392,"m"
3485,-1.69882896667165,16.2497058681324,0.103248445469093,"m"
3486,-1.69911768879654,16.2507973283224,0.103262914879703,"m"
3487,-1.6994059315467,16.2518895726687,0.103277385697909,"m"
3488,-1.69969370007515,16.2529825913408,0.103291857589397,"m"
3489,-1.6999809995349,16.2540763745081,0.103306330219855,"m"
3490,-1.70026783507895,16.2551709123401,0.103320803254971,"m"
3491,-1.70055421186032,16.2562661950065,0.103335276360431,"m"
3492,-1.70084013503202,16.2573622126765,0.103349749201922,"m"
3493,-1.70112560974705,16.2584589555198,0.103364221445132,"m"
3494,-1.70141064115842,16.2595564137058,0.103378692755747,"m"
3495,-1.70169523441914,16.2606545774041,0.103393162799456,"m"
3496,-1.70197939468223,16.261753436784,0.103407631241944,"m"
3497,-1.70226312710068,16.2628529820152,0.103422097748899,"m"
3498,-1.70254643682752,16.2639532032671,0.103436561986009,"m"
3499,-1.70282932901574,16.2650540907092,0.10345102361896,"m"
3500,-1.70311180881836,16.2661556345109,0.10346548231344,"m"
3501,-1.70339388110934,16.2672578260389,0.103479937771191,"m"
3502,-1.7036755477523,16.2683606695732,0.103494390082929,"m"
3503,-1.70395680877412,16.269464177273,0.103508839576698,"m"
3504,-1.70423766417549,16.2705683614099,0.103523286583927,"m"
3505,-1.70451811395707,16.2716732342555,0.103537731436047,"m"
3506,-1.70479815811954,16.2727788080814,0.103552174464486,"m"
3507,-1.70507779666358,16.2738850951593,0.103566616000676,"m"
3508,-1.70535702958987,16.2749921077608,0.103581056376046,"m"
3509,-1.70563585689909,16.2760998581574,0.103595495922025,"m"
3510,-1.7059142785919,16.2772083586208,0.103609934970043,"m"
3511,-1.70619229466899,16.2783176214225,0.103624373851531,"m"
3512,-1.70646990513103,16.2794276588343,0.103638812897918,"m"
3513,-1.70674710997871,16.2805384831277,0.103653252440633,"m"
3514,-1.70702390921269,16.2816501065743,0.103667692811107,"m"
3515,-1.70730030283365,16.2827625414458,0.10368213434077,"m"
3516,-1.70757629084228,16.2838758000137,0.103696577361051,"m"
3517,-1.70785187323924,16.2849898945496,0.10371102220338,"m"
3518,-1.70812705002521,16.2861048373252,0.103725469199187,"m"
3519,-1.70840182120088,16.2872206406121,0.103739918679901,"m"
3520,-1.70867618676691,16.2883373166819,0.103754370976953,"m"
3521,-1.70895014672398,16.2894548778063,0.103768826421773,"m"
3522,-1.70922370107278,16.2905733362567,0.103783285345789,"m"
3523,-1.70949684981397,16.2916927043048,0.103797748080433,"m"
3524,-1.70976959294824,16.2928129942223,0.103812214957133,"m"
3525,-1.71004193047626,16.2939342182808,0.10382668630732,"m"
3526,-1.7103138623987,16.2950563887518,0.103841162462423,"m"
3527,-1.71058538871625,16.2961795179069,0.103855643753872,"m"
3528,-1.71085650942958,16.2973036180179,0.103870130513097,"m"
3529,-1.71112722453936,16.2984287013562,0.103884623071528,"m"
3530,-1.71139753404628,16.2995547801936,0.103899121760595,"m"
3531,-1.71166743793759,16.3006818667228,0.103913626908282,"m"
3532,-1.71193693457572,16.3018099636048,0.103928138425743,"m"
3533,-1.71220601916753,16.3029390549884,0.103942655414584,"m"
3534,-1.71247468655729,16.3040691228952,0.103957176883399,"m"
3535,-1.7127429315893,16.3052001493469,0.103971701840781,"m"
3536,-1.71301074910783,16.3063321163654,0.103986229295323,"m"
3537,-1.71327813395717,16.3074650059724,0.104000758255619,"m"
3538,-1.7135450809816,16.3085988001896,0.104015287730264,"m"
3539,-1.71381158502542,16.3097334810388,0.10402981672785,"m"
3540,-1.7140776409329,16.3108690305417,0.104044344256971,"m"
3541,-1.71434324354832,16.31200543072,0.104058869326221,"m"
3542,-1.71460838771598,16.3131426635955,0.104073390944193,"m"
3543,-1.71487306828015,16.3142807111899,0.104087908119481,"m"
3544,-1.71513728008512,16.315419555525,0.104102419860678,"m"
3545,-1.71540101797517,16.3165591786225,0.104116925176379,"m"
3546,-1.71566427679459,16.3176995625041,0.104131423075177,"m"
3547,-1.71592705138767,16.3188406891917,0.104145912565665,"m"
3548,-1.71618933659868,16.3199825407069,0.104160392656437,"m"
3549,-1.71645112727191,16.3211250990715,0.104174862356087,"m"
3550,-1.71671241825165,16.3222683463072,0.104189320673208,"m"
3551,-1.71697320438217,16.3234122644358,0.104203766616394,"m"
3552,-1.71723348050777,16.324556835479,0.104218199194239,"m"
3553,-1.71749324147272,16.3257020414585,0.104232617415335,"m"
3554,-1.71775248212132,16.3268478643961,0.104247020288278,"m"
3555,-1.71801119729784,16.3279942863136,0.104261406821659,"m"
3556,-1.71826938184657,16.3291412892327,0.104275776024074,"m"
3557,-1.71852703061179,16.330288855175,0.104290126904116,"m"
3558,-1.7187841384378,16.3314369661625,0.104304458470377,"m"
3559,-1.71904070016886,16.3325856042167,0.104318769731453,"m"
3560,-1.71929671064928,16.3337347513595,0.104333059695936,"m"
3561,-1.71955216472332,16.3348843896126,0.10434732737242,"m"
3562,-1.71980705763758,16.3360345041323,0.104361571992795,"m"
3563,-1.72006138749541,16.3371851023341,0.104375794374593,"m"
3564,-1.72031515363638,16.3383362012654,0.104389996021497,"m"
3565,-1.72056835540498,16.3394878180125,0.104404178439934,"m"
3566,-1.72082099214572,16.3406399696612,0.104418343136332,"m"
3567,-1.72107306320311,16.3417926732976,0.104432491617119,"m"
3568,-1.72132456792165,16.3429459460079,0.104446625388721,"m"
3569,-1.72157550564585,16.344099804878,0.104460745957567,"m"
3570,-1.7218258757202,16.345254266994,0.104474854830084,"m"
3571,-1.72207567748922,16.346409349442,0.104488953512699,"m"
3572,-1.72232491029741,16.347565069308,0.104503043511841,"m"
3573,-1.72257357348927,16.3487214436781,0.104517126333936,"m"
3574,-1.72282166640931,16.3498784896384,0.104531203485412,"m"
3575,-1.72306918840204,16.3510362242748,0.104545276472696,"m"
3576,-1.72331613881194,16.3521946646735,0.104559346802217,"m"
3577,-1.72356251698354,16.3533538279205,0.104573415980401,"m"
3578,-1.72380832226134,16.3545137311019,0.104587485513677,"m"
3579,-1.72405355398983,16.3556743913036,0.104601556908471,"m"
3580,-1.72429821151353,16.3568358256118,0.104615631671211,"m"
3581,-1.72454229417694,16.3579980511126,0.104629711308324,"m"
3582,-1.72478580132456,16.3591610848919,0.104643797326239,"m"
3583,-1.72502873230091,16.3603249440359,0.104657891231383,"m"
3584,-1.72527108645047,16.3614896456306,0.104671994530183,"m"
3585,-1.72551286311776,16.362655206762,0.104686108729067,"m"
3586,-1.72575406164728,16.3638216445162,0.104700235334461,"m"
3587,-1.72599468138354,16.3649889759792,0.104714375852795,"m"
3588,-1.72623472167104,16.3661572182372,0.104728531790495,"m"
3589,-1.72647418185429,16.3673263883761,0.104742704653989,"m"
3590,-1.72671306127778,16.3684965034821,0.104756895949704,"m"
3591,-1.72695135928603,16.3696675806411,0.104771107184068,"m"
3592,-1.72718907529766,16.3708396367204,0.104785339843423,"m"
3593,-1.72742621208865,16.3720126786757,0.10479959450435,"m"
3594,-1.72766277709354,16.3731866997092,0.104813870481065,"m"
3595,-1.72789877809004,16.3743616920105,0.104828166994801,"m"
3596,-1.72813422285585,16.375537647769,0.104842483266791,"m"
3597,-1.72836911916866,16.376714559174,0.104856818518268,"m"
3598,-1.72860347480617,16.377892418415,0.104871171970465,"m"
3599,-1.72883729754607,16.3790712176813,0.104885542844613,"m"
3600,-1.72907059516607,16.3802509491623,0.104899930361947,"m"
3601,-1.72930337544386,16.3814316050475,0.104914333743698,"m"
3602,-1.72953564615715,16.3826131775262,0.104928752211099,"m"
3603,-1.72976741508362,16.3837956587879,0.104943184985384,"m"
3604,-1.72999869000098,16.384979041022,0.104957631287784,"m"
3605,-1.73022947868692,16.3861633164178,0.104972090339532,"m"
3606,-1.73045978891915,16.3873484771647,0.104986561361862,"m"
3607,-1.73068962847535,16.3885345154522,0.105001043576006,"m"
3608,-1.73091900513323,16.3897214234696,0.105015536203196,"m"
3609,-1.73114792667049,16.3909091934064,0.105030038464666,"m"
3610,-1.73137640086482,16.392097817452,0.105044549581648,"m"
3611,-1.73160443549392,16.3932872877957,0.105059068775374,"m"
3612,-1.73183203833549,16.394477596627,0.105073595267078,"m"
3613,-1.73205921716723,16.3956687361352,0.105088128277993,"m"
3614,-1.73228597976683,16.3968606985098,0.10510266702935,"m"
3615,-1.732512333912,16.3980534759401,0.105117210742383,"m"
3616,-1.73273828738042,16.3992470606157,0.105131758638324,"m"
3617,-1.7329638479498,16.4004414447257,0.105146309938407,"m"
3618,-1.73318902339783,16.4016366204598,0.105160863863863,"m"
3619,-1.73341382150222,16.4028325800071,0.105175419635926,"m"
3620,-1.73363825004066,16.4040293155573,0.105189976475828,"m"
3621,-1.73386231679085,16.4052268192996,0.105204533604803,"m"
3622,-1.73408602953049,16.4064250834235,0.105219090244082,"m"
3623,-1.73430939370881,16.407624100213,0.105233645650554,"m"
3624,-1.73453240353568,16.4088238624091,0.105248199253221,"m"
3625,-1.73475504983417,16.4100243628904,0.105262750532944,"m"
3626,-1.73497732342668,16.4112255945355,0.105277298970597,"m"
3627,-1.73519921513558,16.4124275502232,0.105291844047054,"m"
3628,-1.73542071578326,16.4136302228321,0.105306385243187,"m"
3629,-1.73564181619211,16.4148336052408,0.105320922039871,"m"
3630,-1.73586250718452,16.416037690328,0.105335453917979,"m"
3631,-1.73608277958288,16.4172424709724,0.105349980358383,"m"
3632,-1.73630262420956,16.4184479400526,0.105364500841958,"m"
3633,-1.73652203188695,16.4196540904472,0.105379014849577,"m"
3634,-1.73674099343745,16.4208609150351,0.105393521862114,"m"
3635,-1.73695949968344,16.4220684066947,0.105408021360441,"m"
3636,-1.7371775414473,16.4232765583047,0.105422512825431,"m"
3637,-1.73739510955142,16.4244853627439,0.10543699573796,"m"
3638,-1.73761219481818,16.4256948128909,0.105451469578899,"m"
3639,-1.73782878806999,16.4269049016243,0.105465933829123,"m"
3640,-1.73804488012921,16.4281156218228,0.105480387969504,"m"
3641,-1.73826046181824,16.4293269663651,0.105494831480916,"m"
3642,-1.73847552395946,16.4305389281298,0.105509263844232,"m"
3643,-1.73869005737526,16.4317514999955,0.105523684540327,"m"
3644,-1.73890405288802,16.432964674841,0.105538093050072,"m"
3645,-1.73911750132014,16.4341784455449,0.105552488854343,"m"
3646,-1.739330393494,16.4353928049858,0.105566871434011,"m"
3647,-1.73954272023198,16.4366077460425,0.105581240269951,"m"
3648,-1.73975447235647,16.4378232615935,0.105595594843035,"m"
3649,-1.73996564068986,16.4390393445176,0.105609934634138,"m"
3650,-1.74017621605454,16.4402559876933,0.105624259124132,"m"
3651,-1.74038618927288,16.4414731839994,0.105638567793891,"m"
3652,-1.74059555116728,16.4426909263145,0.105652860124289,"m"
3653,-1.74080429291081,16.4439092079785,0.10566713562217,"m"
3654,-1.74101241374219,16.4451280329399,0.105681394391723,"m"
3655,-1.74121992096582,16.4463474157557,0.105695637134484,"m"
3656,-1.74142682223677,16.4475673714442,0.105709864577956,"m"
3657,-1.74163312521012,16.4487879150237,0.105724077449647,"m"
3658,-1.74183883754094,16.4500090615124,0.10573827647706,"m"
3659,-1.74204396688431,16.4512308259287,0.105752462387702,"m"
3660,-1.74224852089529,16.4524532232908,0.105766635909079,"m"
3661,-1.74245250722898,16.453676268617,0.105780797768695,"m"
3662,-1.74265593354043,16.4548999769256,0.105794948694056,"m"
3663,-1.74285880748473,16.4561243632348,0.105809089412668,"m"
3664,-1.74306113671695,16.457349442563,0.105823220652036,"m"
3665,-1.74326292889217,16.4585752299283,0.105837343139666,"m"
3666,-1.74346419166545,16.4598017403492,0.105851457603062,"m"
3667,-1.74366493269187,16.4610289888438,0.105865564769732,"m"
3668,-1.74386515962652,16.4622569904305,0.105879665367179,"m"
3669,-1.74406488012445,16.4634857601275,0.10589376012291,"m"
3670,-1.74426410184076,16.4647153129532,0.10590784976443,"m"
3671,-1.7444628324305,16.4659456639257,0.105921935019245,"m"
3672,-1.74466107954876,16.4671768280634,0.10593601661486,"m"
3673,-1.74485885085061,16.4684088203845,0.10595009527878,"m"
3674,-1.74505615399113,16.4696416559074,0.105964171738512,"m"
3675,-1.74525299662539,16.4708753496503,0.10597824672156,"m"
3676,-1.74544938640846,16.4721099166315,0.10599232095543,"m"
3677,-1.74564533099542,16.4733453718692,0.106006395167627,"m"
3678,-1.74584083804134,16.4745817303818,0.106020470085658,"m"
3679,-1.74603591520131,16.4758190071875,0.106034546437027,"m"
3680,-1.74623057013038,16.4770572173047,0.10604862494924,"m"
3681,-1.74642481048365,16.4782963757515,0.106062706349802,"m"
3682,-1.74661864391617,16.4795364975463,0.10607679136622,"m"
3683,-1.74681207808272,16.4807775977063,0.106090880725958,"m"
3684,-1.74700511907599,16.4820196861722,0.106104974958604,"m"
3685,-1.74719776780492,16.4832627560378,0.106119073937075,"m"
3686,-1.7473900241045,16.4845067969067,0.106133177398243,"m"
3687,-1.74758188780973,16.4857517983825,0.106147285078981,"m"
3688,-1.7477733587556,16.4869977500687,0.106161396716161,"m"
3689,-1.74796443677712,16.488244641569,0.106175512046657,"m"
3690,-1.74815512170928,16.4894924624869,0.106189630807342,"m"
3691,-1.74834541338707,16.490741202426,0.106203752735088,"m"
3692,-1.7485353116455,16.4919908509899,0.106217877566768,"m"
3693,-1.74872481631957,16.4932413977821,0.106232005039256,"m"
3694,-1.74891392724426,16.4944928324064,0.106246134889423,"m"
3695,-1.74910264425458,16.4957451444662,0.106260266854142,"m"
3696,-1.74929096718552,16.4969983235652,0.106274400670288,"m"
3697,-1.74947889587208,16.4982523593068,0.106288536074731,"m"
3698,-1.74966643014926,16.4995072412949,0.106302672804346,"m"
3699,-1.74985356985206,16.5007629591328,0.106316810596005,"m"
3700,-1.75004031481547,16.5020195024241,0.106330949186581,"m"
3701,-1.75022666487449,16.5032768607726,0.106345088312947,"m"
3702,-1.75041261986412,16.5045350237817,0.106359227711975,"m"
3703,-1.75059817961936,16.5057939810551,0.106373367120539,"m"
3704,-1.7507833439752,16.5070537221963,0.10638750627551,"m"
3705,-1.75096811276663,16.508314236809,0.106401644913764,"m"
3706,-1.75115248582867,16.5095755144966,0.106415782772171,"m"
3707,-1.75133646299629,16.5108375448628,0.106429919587604,"m"
3708,-1.75152004410451,16.5121003175112,0.106444055096938,"m"
3709,-1.75170322898832,16.5133638220454,0.106458189037044,"m"
3710,-1.75188601748272,16.514628048069,0.106472321144795,"m"
3711,-1.75206840942269,16.5158929851854,0.106486451157065,"m"
3712,-1.75225040464325,16.5171586229984,0.106500578810725,"m"
3713,-1.75243200297939,16.5184249511115,0.106514703842649,"m"
3714,-1.75261320398819,16.5196919597666,0.106528826013642,"m"
3715,-1.75279400345374,16.5209596478706,0.106542945409394,"m"
3716,-1.75297439444101,16.5222280205754,0.10655706234974,"m"
3717,-1.75315436995494,16.5234970831708,0.106571177159684,"m"
3718,-1.75333392300046,16.5247668409463,0.106585290164228,"m"
3719,-1.75351304658251,16.5260372991916,0.106599401688375,"m"
3720,-1.75369173370603,16.5273084631966,0.106613512057129,"m"
3721,-1.75386997737595,16.5285803382507,0.106627621595493,"m"
3722,-1.75404777059721,16.5298529296439,0.10664173062847,"m"
3723,-1.75422510637474,16.5311262426657,0.106655839481064,"m"
3724,-1.75440197771348,16.5324002826058,0.106669948478276,"m"
3725,-1.75457837761837,16.533675054754,0.10668405794511,"m"
3726,-1.75475429909434,16.5349505643999,0.106698168206571,"m"
3727,-1.75492973514633,16.5362268168332,0.106712279587659,"m"
3728,-1.75510467877928,16.5375038173436,0.10672639241338,"m"
3729,-1.75527912299811,16.5387815712208,0.106740507008736,"m"
3730,-1.75545306080778,16.5400600837545,0.106754623698729,"m"
3731,-1.75562648521321,16.5413393602344,0.106768742808364,"m"
3732,-1.75579938921934,16.5426194059502,0.106782864662643,"m"
3733,-1.7559717658311,16.5439002261916,0.10679698958657,"m"
3734,-1.75614360805344,16.5451818262482,0.106811117905147,"m"
3735,-1.75631490889129,16.5464642114098,0.106825249943378,"m"
3736,-1.75648566134958,16.5477473869661,0.106839386026265,"m"
3737,-1.75665585843325,16.5490313582067,0.106853526478813,"m"
3738,-1.75682549314724,16.5503161304213,0.106867671626024,"m"
3739,-1.75699455849649,16.5516017088997,0.106881821792902,"m"
3740,-1.75716304748592,16.5528880989315,0.106895977304448,"m"
3741,-1.75733095312048,16.5541753058064,0.106910138485668,"m"
3742,-1.75749826840511,16.5554633348142,0.106924305661563,"m"
3743,-1.75766498634473,16.5567521912444,0.106938479157137,"m"
3744,-1.75783109995951,16.5580418803693,0.106952659295896,"m"
3745,-1.75799660607768,16.5593324030512,0.10696684602724,"m"
3746,-1.75816151032754,16.560623749963,0.106981038436028,"m"
3747,-1.75832581957667,16.5619159103421,0.106995235485377,"m"
3748,-1.75848954069264,16.5632088734263,0.107009436138401,"m"
3749,-1.75865268054303,16.5645026284533,0.107023639358215,"m"
3750,-1.75881524599542,16.5657971646605,0.107037844107932,"m"
3751,-1.75897724391737,16.5670924712858,0.107052049350668,"m"
3752,-1.75913868117648,16.5683885375666,0.107066254049537,"m"
3753,-1.7592995646403,16.5696853527407,0.107080457167654,"m"
3754,-1.75945990117643,16.5709829060458,0.107094657668134,"m"
3755,-1.75961969765242,16.5722811867193,0.107108854514091,"m"
3756,-1.75977896093587,16.5735801839991,0.107123046668639,"m"
3757,-1.75993769789434,16.5748798871227,0.107137233094894,"m"
3758,-1.76009591539542,16.5761802853277,0.107151412755969,"m"
3759,-1.76025362030667,16.5774813678519,0.10716558461498,"m"
3760,-1.76041081949567,16.5787831239328,0.107179747635041,"m"
3761,-1.76056751983,16.5800855428082,0.107193900779267,"m"
3762,-1.76072372817724,16.5813886137155,0.107208043010772,"m"
3763,-1.76087945140496,16.5826923258925,0.107222173292671,"m"
3764,-1.76103469638073,16.5839966685769,0.107236290588079,"m"
3765,-1.76118946997214,16.5853016310062,0.107250393860109,"m"
3766,-1.76134377904675,16.5866072024181,0.107264482071877,"m"
3767,-1.76149763047215,16.5879133720502,0.107278554186498,"m"
3768,-1.7616510311159,16.5892201291402,0.107292609167086,"m"
3769,-1.76180398784559,16.5905274629257,0.107306645976755,"m"
3770,-1.7619565075288,16.5918353626444,0.10732066357862,"m"
3771,-1.76210859703309,16.5931438175339,0.107334660935796,"m"
3772,-1.76226026322604,16.5944528168319,0.107348637011397,"m"
3773,-1.76241151297523,16.5957623497759,0.107362590768538,"m"
3774,-1.76256235314823,16.5970724056037,0.107376521170334,"m"
3775,-1.76271279018617,16.5983829754684,0.107390427371968,"m"
3776,-1.76286282681843,16.5996940671965,0.107404310200342,"m"
3777,-1.76301246386325,16.6010056971989,0.107418171343111,"m"
3778,-1.76316170212308,16.6023178819577,0.107432012495046,"m"
3779,-1.76331054240034,16.6036306379551,0.107445835350918,"m"
3780,-1.76345898549749,16.604943981673,0.107459641605496,"m"
3781,-1.76360703221697,16.6062579295936,0.10747343295355,"m"
3782,-1.76375468336122,16.6075724981988,0.107487211089852,"m"
3783,-1.76390193973269,16.6088877039708,0.10750097770917,"m"
3784,-1.76404880213381,16.6102035633916,0.107514734506276,"m"
3785,-1.76419527136703,16.6115200929433,0.10752848317594,"m"
3786,-1.7643413482348,16.6128373091078,0.107542225412932,"m"
3787,-1.76448703353955,16.6141552283674,0.107555962912022,"m"
3788,-1.76463232808372,16.615473867204,0.10756969736798,"m"
3789,-1.76477723266977,16.6167932420998,0.107583430475577,"m"
3790,-1.76492174810012,16.6181133695367,0.107597163929583,"m"
3791,-1.76506587517724,16.6194342659968,0.107610899424768,"m"
3792,-1.76520961470355,16.6207559479622,0.107624638655902,"m"
3793,-1.7653529674815,16.622078431915,0.107638383317756,"m"
3794,-1.76549593431353,16.6234017343371,0.1076521351051,"m"
3795,-1.76563851600209,16.6247258717108,0.107665895712704,"m"
3796,-1.76578071334962,16.626050860518,0.107679666835338,"m"
3797,-1.76592252715855,16.6273767172407,0.107693450167773,"m"
3798,-1.76606395823135,16.6287034583611,0.107707247404778,"m"
3799,-1.76620500737043,16.6300311003613,0.107721060241125,"m"
3800,-1.76634567537826,16.6313596597232,0.107734890371583,"m"
3801,-1.76648596305726,16.6326891529289,0.107748739490923,"m"
3802,-1.76662587120989,16.6340195964605,0.107762609293914,"m"
3803,-1.76676540063859,16.6353510068001,0.107776501475328,"m"
3804,-1.76690455214579,16.6366834004297,0.107790417729933,"m"
3805,-1.76704332647861,16.6380167936834,0.10780435973632,"m"
3806,-1.76718172050566,16.6393511925241,0.107818328038941,"m"
3807,-1.76731972473882,16.6406865859171,0.10783232132344,"m"
3808,-1.76745732910075,16.6420229612517,0.107846338103156,"m"
3809,-1.76759452351409,16.6433603059175,0.10786037689143,"m"
3810,-1.76773129790152,16.6446986073039,0.107874436201604,"m"
3811,-1.76786764218567,16.6460378528004,0.107888514547018,"m"
3812,-1.76800354628921,16.6473780297965,0.107902610441013,"m"
3813,-1.76813900013478,16.6487191256817,0.107916722396931,"m"
3814,-1.76827399364504,16.6500611278455,0.107930848928111,"m"
3815,-1.76840851674265,16.6514040236773,0.107944988547894,"m"
3816,-1.76854255935025,16.6527478005666,0.107959139769622,"m"
3817,-1.76867611139051,16.6540924459029,0.107973301106635,"m"
3818,-1.76880916278607,16.6554379470756,0.107987471072274,"m"
3819,-1.76894170345959,16.6567842914744,0.10800164817988,"m"
3820,-1.76907372333372,16.6581314664886,0.108015830942793,"m"
3821,-1.76920521233112,16.6594794595077,0.108030017874356,"m"
3822,-1.76933616037444,16.6608282579212,0.108044207487907,"m"
3823,-1.76946655738634,16.6621778491187,0.108058398296789,"m"
3824,-1.76959639328946,16.6635282204895,0.108072588814342,"m"
3825,-1.76972565800646,16.6648793594231,0.108086777553906,"m"
3826,-1.76985434146,16.6662312533091,0.108100963028824,"m"
3827,-1.76998243357273,16.6675838895369,0.108115143752434,"m"
3828,-1.7701099242673,16.668937255496,0.108129318238079,"m"
3829,-1.77023680346637,16.6702913385759,0.1081434849991,"m"
3830,-1.77036306109259,16.671646126166,0.108157642548836,"m"
3831,-1.77048868706862,16.6730016056559,0.108171789400629,"m"
3832,-1.7706136713171,16.6743577644351,0.10818592406782,"m"
3833,-1.77073800376069,16.6757145898929,0.108200045063749,"m"
3834,-1.77086167432205,16.6770720694189,0.108214150901757,"m"
3835,-1.77098467292383,16.6784301904026,0.108228240095186,"m"
3836,-1.77110699264922,16.6797889430575,0.108242311322957,"m"
3837,-1.77122864503783,16.6811483340885,0.108256364230928,"m"
3838,-1.77134964830971,16.6825083761697,0.108270398814946,"m"
3839,-1.77147002069412,16.6838690819834,0.108284415071342,"m"
3840,-1.77158978042032,16.6852304642121,0.108298412996445,"m"
3841,-1.77170894571756,16.6865925355379,0.108312392586585,"m"
3842,-1.77182753481511,16.6879553086432,0.108326353838093,"m"
3843,-1.77194556594224,16.6893187962104,0.108340296747299,"m"
3844,-1.77206305732819,16.6906830109218,0.108354221310532,"m"
3845,-1.77218002720223,16.6920479654598,0.108368127524123,"m"
3846,-1.77229649379363,16.6934136725066,0.108382015384401,"m"
3847,-1.77241247533163,16.6947801447445,0.108395884887698,"m"
3848,-1.7725279900455,16.696147394856,0.108409736030341,"m"
3849,-1.77264305616451,16.6975154355234,0.108423568808663,"m"
3850,-1.7727576919179,16.6988842794289,0.108437383218992,"m"
3851,-1.77287191553495,16.7002539392549,0.10845117925766,"m"
3852,-1.77298574524491,16.7016244276838,0.108464956920995,"m"
3853,-1.77309919927704,16.7029957573979,0.108478716205327,"m"
3854,-1.7732122958606,16.7043679410794,0.108492457106988,"m"
3855,-1.77332505322486,16.7057409914108,0.108506179622307,"m"
3856,-1.77343748959906,16.7071149210743,0.108519883747614,"m"
3857,-1.77354962321249,16.7084897427524,0.108533569479238,"m"
3858,-1.77366147229438,16.7098654691272,0.108547236813511,"m"
3859,-1.77377305507401,16.7112421128813,0.108560885746762,"m"
3860,-1.77388438978063,16.7126196866968,0.108574516275321,"m"
3861,-1.77399549464351,16.7139982032561,0.108588128395518,"m"
3862,-1.7741063878919,16.7153776752416,0.108601722103683,"m"
3863,-1.77421708775506,16.7167581153356,0.108615297396146,"m"
3864,-1.77432761246226,16.7181395362204,0.108628854269238,"m"
3865,-1.77443798024275,16.7195219505783,0.108642392719288,"m"
3866,-1.77454820878828,16.7209053706796,0.108655912763631,"m"
3867,-1.7746582988735,16.7222897958265,0.108669415080677,"m"
3868,-1.7747682313565,16.7236752100536,0.108682901127122,"m"
3869,-1.77487798595296,16.7250615965197,0.108696372404305,"m"
3870,-1.77498754237855,16.7264489383837,0.108709830413564,"m"
3871,-1.77509688034894,16.7278372188045,0.10872327665624,"m"
3872,-1.77520597957979,16.729226420941,0.108736712633671,"m"
3873,-1.77531481978677,16.7306165279521,0.108750139847195,"m"
3874,-1.77542338068556,16.7320075229965,0.108763559798153,"m"
3875,-1.77553164199183,16.7333993892333,0.108776973987883,"m"
3876,-1.77563958342123,16.7347921098213,0.108790383917723,"m"
3877,-1.77574718468945,16.7361856679193,0.108803791089015,"m"
3878,-1.77585442551215,16.7375800466863,0.108817197003095,"m"
3879,-1.775961285605,16.7389752292811,0.108830603161303,"m"
3880,-1.77606774468367,16.7403711988626,0.108844011064979,"m"
3881,-1.77617378246383,16.7417679385897,0.108857422215461,"m"
3882,-1.77627937866115,16.7431654316212,0.108870838114089,"m"
3883,-1.7763845129913,16.744563661116,0.108884260262201,"m"
3884,-1.77648916516994,16.745962610233,0.108897690161136,"m"
3885,-1.77659331491275,16.7473622621311,0.108911129312234,"m"
3886,-1.77669694193539,16.7487625999692,0.108924579216833,"m"
3887,-1.77680002595354,16.750163606906,0.108938041376273,"m"
3888,-1.77690254668286,16.7515652661006,0.108951517291893,"m"
3889,-1.77700448383903,16.7529675607118,0.108965008465031,"m"
3890,-1.7771058171377,16.7543704738984,0.108978516397027,"m"
3891,-1.77720652629456,16.7557739888194,0.108992042589219,"m"
3892,-1.77730659102527,16.7571780886336,0.109005588542948,"m"
3893,-1.7774059910455,16.7585827564999,0.109019155759551,"m"
3894,-1.77750470607092,16.7599879755771,0.109032745740368,"m"
3895,-1.7776027158172,16.7613937290242,0.109046359986738,"m"
3896,-1.7777,16.7628,0.10906,"m"
3897,-1.77779654510784,16.7642067764914,0.109073666740245,"m"
3898,-1.77789236472058,16.7656140657972,0.109087359002571,"m"
3899,-1.77798747919091,16.7670218800442,0.109101075040828,"m"
3900,-1.77808190887153,16.7684302313591,0.109114813108867,"m"
3901,-1.77817567411514,16.7698391318689,0.109128571460538,"m"
3902,-1.77826879527445,16.7712485937002,0.109142348349691,"m"
3903,-1.77836129270214,16.77265862898,0.109156142030176,"m"
3904,-1.77845318675093,16.7740692498349,0.109169950755843,"m"
3905,-1.77854449777349,16.7754804683918,0.109183772780543,"m"
3906,-1.77863524612255,16.7768922967775,0.109197606358127,"m"
3907,-1.77872545215078,16.7783047471187,0.109211449742443,"m"
3908,-1.7788151362109,16.7797178315423,0.109225301187342,"m"
3909,-1.77890431865561,16.7811315621751,0.109239158946676,"m"
3910,-1.77899301983759,16.7825459511439,0.109253021274292,"m"
3911,-1.77908126010954,16.7839610105754,0.109266886424043,"m"
3912,-1.77916905982418,16.7853767525965,0.109280752649778,"m"
3913,-1.77925643933419,16.786793189334,0.109294618205348,"m"
3914,-1.77934341899228,16.7882103329146,0.109308481344602,"m"
3915,-1.77943001915114,16.7896281954652,0.109322340321391,"m"
3916,-1.77951626016347,16.7910467891125,0.109336193389565,"m"
3917,-1.77960216238197,16.7924661259834,0.109350038802974,"m"
3918,-1.77968774615934,16.7938862182046,0.109363874815468,"m"
3919,-1.77977303184828,16.795307077903,0.109377699680899,"m"
3920,-1.77985803980148,16.7967287172053,0.109391511653115,"m"
3921,-1.77994279037165,16.7981511482384,0.109405308985967,"m"
3922,-1.78002730391149,16.799574383129,0.109419089933306,"m"
3923,-1.78011160077368,16.800998434004,0.109432852748981,"m"
3924,-1.78019570131094,16.8024233129901,0.109446595686843,"m"
3925,-1.78027962587596,16.8038490322141,0.109460317000742,"m"
3926,-1.78036339482143,16.8052756038029,0.109474014944528,"m"
3927,-1.78044702734546,16.8067030392153,0.109487687860266,"m"
3928,-1.78053052251747,16.808131338267,0.1095013356279,"m"
3929,-1.78061386230959,16.8095604908839,0.10951495943365,"m"
3930,-1.78069702815073,16.8109904866775,0.109528560505239,"m"
3931,-1.78078000146979,16.8124213152595,0.10954214007039,"m"
3932,-1.78086276369568,16.8138529662415,0.109555699356827,"m"
3933,-1.78094529625728,16.8152854292351,0.109569239592275,"m"
3934,-1.7810275805835,16.816718693852,0.109582762004456,"m"
3935,-1.78110959810324,16.8181527497037,0.109596267821094,"m"
3936,-1.7811913302454,16.8195875864018,0.109609758269913,"m"
3937,-1.78127275843888,16.821023193558,0.109623234578637,"m"
3938,-1.78135386411259,16.8224595607839,0.109636697974989,"m"
3939,-1.78143462869541,16.823896677691,0.109650149686694,"m"
3940,-1.78151503361625,16.8253345338911,0.109663590941474,"m"
3941,-1.78159506030402,16.8267731189957,0.109677022967054,"m"
3942,-1.78167469018761,16.8282124226165,0.109690446991157,"m"
3943,-1.78175390469591,16.8296524343649,0.109703864241507,"m"
3944,-1.78183268525784,16.8310931438528,0.109717275945827,"m"
3945,-1.78191101330229,16.8325345406916,0.109730683331842,"m"
3946,-1.78198887025816,16.8339766144931,0.109744087627275,"m"
3947,-1.78206623755436,16.8354193548687,0.109757490059849,"m"
3948,-1.78214309661977,16.8368627514302,0.109770891857289,"m"
3949,-1.78221942888331,16.838306793789,0.109784294247318,"m"
3950,-1.78229521577387,16.839751471557,0.10979769845766,"m"
3951,-1.78237043872035,16.8411967743456,0.109811105716038,"m"
3952,-1.78244507915166,16.8426426917665,0.109824517250176,"m"
3953,-1.78251911849669,16.8440892134313,0.109837934287798,"m"
3954,-1.78259253818434,16.8455363289516,0.109851358056628,"m"
3955,-1.78266531964351,16.846984027939,0.109864789784389,"m"
3956,-1.78273744430311,16.8484323000051,0.109878230698804,"m"
3957,-1.78280889360178,16.8498811347677,0.109891682026862,"m"
3958,-1.78287965604584,16.8513305262191,0.109905144461072,"m"
3959,-1.78294973966789,16.8527804804388,0.10991861721732,"m"
3960,-1.78301915584426,16.8542310055757,0.109932099258629,"m"
3961,-1.78308791595131,16.855682109779,0.109945589548022,"m"
3962,-1.78315603136535,16.8571338011976,0.109959087048523,"m"
3963,-1.78322351346272,16.8585860879808,0.109972590723155,"m"
3964,-1.78329037361977,16.8600389782774,0.109986099534941,"m"
3965,-1.78335662321283,16.8614924802367,0.109999612446904,"m"
3966,-1.78342227361824,16.8629466020076,0.110013128422068,"m"
3967,-1.78348733621233,16.8644013517392,0.110026646423455,"m"
3968,-1.78355182237143,16.8658567375806,0.110040165414089,"m"
3969,-1.7836157434719,16.8673127676808,0.110053684356993,"m"
3970,-1.78367911089006,16.8687694501889,0.11006720221519,"m"
3971,-1.78374193600225,16.870226793254,0.110080717951704,"m"
3972,-1.7838042301848,16.8716848050252,0.110094230529557,"m"
3973,-1.78386600481406,16.8731434936514,0.110107738911773,"m"
3974,-1.78392727126636,16.8746028672818,0.110121242061375,"m"
3975,-1.78398804091804,16.8760629340654,0.110134738941386,"m"
3976,-1.78404832514542,16.8775237021513,0.11014822851483,"m"
3977,-1.78410813532486,16.8789851796885,0.11016170974473,"m"
3978,-1.78416748283269,16.8804473748262,0.110175181594108,"m"
3979,-1.78422637904524,16.8819102957133,0.110188643025988,"m"
3980,-1.78428483533885,16.883373950499,0.110202093003394,"m"
3981,-1.78434286308985,16.8848383473322,0.110215530489348,"m"
3982,-1.7844004736746,16.8863034943622,0.110228954446873,"m"
3983,-1.78445767846941,16.8877693997378,0.110242363838994,"m"
3984,-1.78451448885062,16.8892360716083,0.110255757628732,"m"
3985,-1.78457091619458,16.8907035181226,0.110269134779112,"m"
3986,-1.78462697187763,16.8921717474298,0.110282494253157,"m"
3987,-1.78468266727608,16.893640767679,0.110295835013889,"m"
3988,-1.78473801284382,16.8951105865275,0.110309156123409,"m"
3989,-1.78479300908289,16.896581206328,0.110322457712675,"m"
3990,-1.78484765042337,16.8980526261964,0.110335740564797,"m"
3991,-1.78490193120869,16.8995248452026,0.110349005472191,"m"
3992,-1.78495584578229,16.9009978624163,0.110362253227272,"m"
3993,-1.78500938848759,16.9024716769074,0.110375484622456,"m"
3994,-1.78506255366804,16.9039462877458,0.110388700450157,"m"
3995,-1.78511533566708,16.9054216940011,0.110401901502791,"m"
3996,-1.78516772882813,16.9068978947432,0.110415088572773,"m"
3997,-1.78521972749463,16.908374889042,0.110428262452518,"m"
3998,-1.78527132601002,16.9098526759673,0.110441423934442,"m"
3999,-1.78532251871773,16.9113312545888,0.11045457381096,"m"
4000,-1.7853732999612,16.9128106239764,0.110467712874488,"m"
4001,-1.78542366408386,16.9142907831999,0.11048084191744,"m"
4002,-1.78547360542914,16.9157717313291,0.110493961732231,"m"
4003,-1.78552311834049,16.9172534674339,0.110507073111278,"m"
4004,-1.78557219716134,16.918735990584,0.110520176846996,"m"
4005,-1.78562083623511,16.9202192998492,0.110533273731799,"m"
4006,-1.78566902990526,16.9217033942994,0.110546364558103,"m"
4007,-1.78571677251521,16.9231882730045,0.110559450118323,"m"
4008,-1.78576405840839,16.9246739350341,0.110572531204876,"m"
4009,-1.78581088192825,16.9261603794581,0.110585608610174,"m"
4010,-1.78585723741822,16.9276476053464,0.110598683126635,"m"
4011,-1.78590311922173,16.9291356117687,0.110611755546674,"m"
4012,-1.78594852168222,16.9306243977949,0.110624826662705,"m"
4013,-1.78599343914312,16.9321139624947,0.110637897267144,"m"
4014,-1.78603786594787,16.9336043049381,0.110650968152407,"m"
4015,-1.7860817964399,16.9350954241947,0.110664040110908,"m"
4016,-1.78612522496265,16.9365873193345,0.110677113935063,"m"
4017,-1.78616814585956,16.9380799894272,0.110690190417287,"m"
4018,-1.78621055351808,16.9395734335335,0.110703270347919,"m"
4019,-1.78625244765299,16.9410676496119,0.110716354266056,"m"
4020,-1.78629383832546,16.94256263348,0.110729442222843,"m"
4021,-1.78633473678543,16.9440583807096,0.110742534213365,"m"
4022,-1.78637515428281,16.9455548868721,0.110755630232705,"m"
4023,-1.78641510206752,16.9470521475394,0.110768730275948,"m"
4024,-1.7864545913895,16.9485501582832,0.110781834338177,"m"
4025,-1.78649363349866,16.950048914675,0.110794942414475,"m"
4026,-1.78653223964493,16.9515484122866,0.110808054499928,"m"
4027,-1.78657042107822,16.9530486466897,0.110821170589618,"m"
4028,-1.78660818904847,16.9545496134559,0.11083429067863,"m"
4029,-1.78664555480559,16.9560513081569,0.110847414762048,"m"
4030,-1.78668252959951,16.9575537263643,0.110860542834954,"m"
4031,-1.78671912468015,16.95905686365,0.110873674892434,"m"
4032,-1.78675535129743,16.9605607155855,0.110886810929571,"m"
4033,-1.78679122070128,16.9620652777425,0.110899950941448,"m"
4034,-1.78682674414162,16.9635705456928,0.110913094923151,"m"
4035,-1.78686193286837,16.9650765150079,0.110926242869762,"m"
4036,-1.78689679813145,16.9665831812595,0.110939394776365,"m"
4037,-1.78693135118079,16.9680905400194,0.110952550638044,"m"
4038,-1.78696560326631,16.9695985868592,0.110965710449884,"m"
4039,-1.78699956563794,16.9711073173506,0.110978874206968,"m"
4040,-1.78703324954559,16.9726167270653,0.110992041904379,"m"
4041,-1.78706666623919,16.9741268115749,0.111005213537202,"m"
4042,-1.78709982696866,16.9756375664511,0.111018389100521,"m"
4043,-1.78713274298393,16.9771489872656,0.111031568589419,"m"
4044,-1.78716542553491,16.9786610695902,0.111044751998981,"m"
4045,-1.78719788587153,16.9801738089963,0.111057939324289,"m"
4046,-1.78723013524372,16.9816872010558,0.111071130560429,"m"
4047,-1.78726218490139,16.9832012413404,0.111084325702483,"m"
4048,-1.78729404609447,16.9847159254216,0.111097524745536,"m"
4049,-1.78732572745221,16.9862312490315,0.11111072761603,"m"
4050,-1.78735721899425,16.9877472090412,0.111123933752981,"m"
4051,-1.78738850268737,16.9892638028145,0.111137142384482,"m"
4052,-1.78741956046612,16.9907810277171,0.111150352737783,"m"
4053,-1.78745037426505,16.9922988811149,0.111163564040133,"m"
4054,-1.78748092601872,16.9938173603736,0.11117677551878,"m"
4055,-1.78751119766169,16.995336462859,0.111189986400975,"m"
4056,-1.78754117112851,16.9968561859369,0.111203195913966,"m"
4057,-1.78757082835374,16.9983765269731,0.111216403285003,"m"
4058,-1.78760015127193,16.9998974833334,0.111229607741335,"m"
4059,-1.78762912181764,17.0014190523836,0.111242808510212,"m"
4060,-1.78765772192542,17.0029412314895,0.111256004818882,"m"
4061,-1.78768593352983,17.0044640180168,0.111269195894596,"m"
4062,-1.78771373856543,17.0059874093314,0.111282380964601,"m"
4063,-1.78774111896676,17.0075114027991,0.111295559256149,"m"
4064,-1.78776805666839,17.0090359957856,0.111308729996487,"m"
4065,-1.78779453360488,17.0105611856568,0.111321892412865,"m"
4066,-1.78782053171076,17.0120869697783,0.111335045732533,"m"
4067,-1.78784603292061,17.0136133455161,0.11134818918274,"m"
4068,-1.78787101916898,17.0151403102359,0.111361321990734,"m"
4069,-1.78789547239042,17.0166678613035,0.111374443383766,"m"
4070,-1.78791937451948,17.0181959960847,0.111387552589085,"m"
4071,-1.78794270749073,17.0197247119452,0.111400648833939,"m"
4072,-1.78796545323872,17.021254006251,0.111413731345579,"m"
4073,-1.78798759369801,17.0227838763677,0.111426799351253,"m"
4074,-1.78800911080314,17.0243143196612,0.111439852078211,"m"
4075,-1.78802998648868,17.0258453334972,0.111452888753703,"m"
4076,-1.78805020268918,17.0273769152415,0.111465908604976,"m"
4077,-1.7880697413392,17.02890906226,0.111478910859281,"m"
4078,-1.78808858437328,17.0304417719184,0.111491894743867,"m"
4079,-1.78810671404699,17.0319750417372,0.111504859501285,"m"
4080,-1.78812412715569,17.0335088762434,0.111517805067157,"m"
4081,-1.78814084066979,17.035043289686,0.111530732338798,"m"
4082,-1.78815687304578,17.0365782970302,0.111543642284358,"m"
4083,-1.78817224274016,17.0381139132411,0.111556535871988,"m"
4084,-1.7881869682094,17.0396501532839,0.111569414069838,"m"
4085,-1.78820106791001,17.0411870321238,0.11158227784606,"m"
4086,-1.78821456029848,17.0427245647258,0.111595128168805,"m"
4087,-1.78822746383129,17.0442627660553,0.111607966006222,"m"
4088,-1.78823979696494,17.0458016510772,0.111620792326463,"m"
4089,-1.78825157815593,17.0473412347569,0.111633608097679,"m"
4090,-1.78826282586073,17.0488815320593,0.11164641428802,"m"
4091,-1.78827355853584,17.0504225579498,0.111659211865637,"m"
4092,-1.78828379463776,17.0519643273934,0.111672001798681,"m"
4093,-1.78829355262297,17.0535068553553,0.111684785055303,"m"
4094,-1.78830285094796,17.0550501568007,0.111697562603654,"m"
4095,-1.78831170806923,17.0565942466947,0.111710335411883,"m"
4096,-1.78832014244327,17.0581391400024,0.111723104448143,"m"
4097,-1.78832817252657,17.0596848516891,0.111735870680583,"m"
4098,-1.78833581677562,17.0612313967199,0.111748635077355,"m"
4099,-1.7883430936469,17.0627787900599,0.111761398606609,"m"
4100,-1.78835002159693,17.0643270466744,0.111774162236496,"m"
4101,-1.78835661908217,17.0658761815284,0.111786926935167,"m"
4102,-1.78836290455913,17.0674262095871,0.111799693670773,"m"
4103,-1.78836889648429,17.0689771458156,0.111812463411465,"m"
4104,-1.78837461331415,17.0705290051793,0.111825237125392,"m"
4105,-1.7883800735052,17.072081802643,0.111838015780706,"m"
4106,-1.78838529551393,17.0736355531722,0.111850800345559,"m"
4107,-1.78839029779683,17.0751902717318,0.111863591788099,"m"
4108,-1.78839509881039,17.0767459732871,0.11187639107648,"m"
4109,-1.7883997170111,17.0783026728032,0.11188919917885,"m"
4110,-1.7884041665074,17.0798603811754,0.11190201679691,"m"
4111,-1.78840844041974,17.0814190896535,0.111914843346213,"m"
4112,-1.78841252554427,17.0829787835678,0.111927677854753,"m"
4113,-1.78841640867583,17.0845394482471,0.111940519350445,"m"
4114,-1.78842007660926,17.0861010690204,0.111953366861207,"m"
4115,-1.7884235161394,17.0876636312167,0.111966219414953,"m"
4116,-1.78842671406111,17.0892271201649,0.1119790760396,"m"
4117,-1.78842965716922,17.090791521194,0.111991935763063,"m"
4118,-1.78843233225858,17.0923568196329,0.112004797613258,"m"
4119,-1.78843472612403,17.0939230008105,0.112017660618101,"m"
4120,-1.78843682556042,17.0954900500558,0.112030523805507,"m"
4121,-1.78843861736259,17.0970579526977,0.112043386203393,"m"
4122,-1.78844008832538,17.0986266940652,0.112056246839674,"m"
4123,-1.78844122524364,17.1001962594872,0.112069104742267,"m"
4124,-1.78844201491221,17.1017666342927,0.112081958939086,"m"
4125,-1.78844244412593,17.1033378038107,0.112094808458048,"m"
4126,-1.78844249967966,17.10490975337,0.112107652327068,"m"
4127,-1.78844216836822,17.1064824682996,0.112120489574063,"m"
4128,-1.78844143698648,17.1080559339284,0.112133319226948,"m"
4129,-1.78844029232926,17.1096301355855,0.112146140313639,"m"
4130,-1.78843872119143,17.1112050585997,0.112158951862052,"m"
4131,-1.78843671036781,17.1127806882999,0.112171752900102,"m"
4132,-1.78843424665325,17.1143570100153,0.112184542455706,"m"
4133,-1.7884313168426,17.1159340090746,0.112197319556778,"m"
4134,-1.7884279077307,17.1175116708068,0.112210083231236,"m"
4135,-1.78842400611239,17.1190899805409,0.112222832506995,"m"
4136,-1.78841959878252,17.1206689236059,0.112235566411971,"m"
4137,-1.78841467253594,17.1222484853306,0.112248283974078,"m"
4138,-1.78840921416748,17.123828651044,0.112260984221234,"m"
4139,-1.78840321047199,17.1254094060751,0.112273666181355,"m"
4140,-1.78839664879206,17.1269907360826,0.112286328919115,"m"
4141,-1.78838952906833,17.128572634313,0.112298972344683,"m"
4142,-1.78838186383951,17.1301551016,0.112311597213715,"m"
4143,-1.78837366619206,17.1317381391073,0.112324204318629,"m"
4144,-1.78836494921242,17.1333217479986,0.112336794451844,"m"
4145,-1.78835572598705,17.1349059294377,0.112349368405776,"m"
4146,-1.78834600960239,17.1364906845881,0.112361926972844,"m"
4147,-1.78833581314491,17.1380760146136,0.112374470945465,"m"
4148,-1.78832514970104,17.139661920678,0.112387001116057,"m"
4149,-1.78831403235725,17.1412484039448,0.112399518277038,"m"
4150,-1.78830247419998,17.1428354655779,0.112412023220826,"m"
4151,-1.78829048831568,17.1444231067408,0.112424516739838,"m"
4152,-1.7882780877908,17.1460113285973,0.112436999626492,"m"
4153,-1.7882652857118,17.1476001323111,0.112449472673207,"m"
4154,-1.78825209516513,17.1491895190458,0.112461936672399,"m"
4155,-1.78823852923723,17.1507794899653,0.112474392416487,"m"
4156,-1.78822460101457,17.1523700462331,0.112486840697888,"m"
4157,-1.78821032358358,17.153961189013,0.11249928230902,"m"
4158,-1.78819571003073,17.1555529194686,0.112511718042301,"m"
4159,-1.78818077344246,17.1571452387637,0.112524148690148,"m"
4160,-1.78816552690522,17.158738148062,0.11253657504498,"m"
4161,-1.78814998350547,17.1603316485271,0.112548997899214,"m"
4162,-1.78813415632966,17.1619257413228,0.112561418045268,"m"
4163,-1.78811805846423,17.1635204276127,0.11257383627556,"m"
4164,-1.78810170299564,17.1651157085605,0.112586253382508,"m"
4165,-1.78808510301034,17.16671158533,0.112598670158528,"m"
4166,-1.78806827159478,17.1683080590849,0.11261108739604,"m"
4167,-1.78805122183542,17.1699051309887,0.112623505887461,"m"
4168,-1.7880339668187,17.1715028022053,0.112635926425208,"m"
4169,-1.78801651963107,17.1731010738984,0.1126483498017,"m"
4170,-1.78799889335773,17.1746999472319,0.112660776809318,"m"
4171,-1.78798109490179,17.1762994251382,0.112673208068217,"m"
4172,-1.78796311065054,17.1778995164179,0.112685643626987,"m"
4173,-1.78794492274102,17.1795002310872,0.11269808341581,"m"
4174,-1.78792651331026,17.1811015791625,0.112710527364867,"m"
4175,-1.78790786449529,17.1827035706599,0.112722975404339,"m"
4176,-1.78788895843314,17.1843062155958,0.112735427464408,"m"
4177,-1.78786977726085,17.1859095239864,0.112747883475255,"m"
4178,-1.78785030311546,17.187513505848,0.112760343367061,"m"
4179,-1.78783051813399,17.1891181711968,0.112772807070007,"m"
4180,-1.78781040445348,17.1907235300492,0.112785274514275,"m"
4181,-1.78778994421096,17.1923295924213,0.112797745630047,"m"
4182,-1.78776911954347,17.1939363683295,0.112810220347502,"m"
4183,-1.78774791258804,17.19554386779,0.112822698596824,"m"
4184,-1.7877263054817,17.1971521008191,0.112835180308192,"m"
4185,-1.78770428036149,17.1987610774331,0.112847665411789,"m"
4186,-1.78768181936443,17.2003708076482,0.112860153837795,"m"
4187,-1.78765890462757,17.2019813014807,0.112872645516391,"m"
4188,-1.78763551828793,17.2035925689468,0.11288514037776,"m"
4189,-1.78761164248256,17.2052046200629,0.112897638352083,"m"
4190,-1.78758725934848,17.2068174648452,0.11291013936954,"m"
4191,-1.78756235102272,17.20843111331,0.112922643360313,"m"
4192,-1.78753689964232,17.2100455754735,0.112935150254583,"m"
4193,-1.78751088734432,17.211660861352,0.112947659982532,"m"
4194,-1.78748429626575,17.2132769809618,0.112960172474341,"m"
4195,-1.78745710854363,17.2148939443191,0.112972687660191,"m"
4196,-1.78742930631501,17.2165117614402,0.112985205470263,"m"
4197,-1.78740087171691,17.2181304423414,0.112997725834739,"m"
4198,-1.78737178688638,17.219749997039,0.1130102486838,"m"
4199,-1.78734203396043,17.2213704355492,0.113022773947628,"m"
4200,-1.78731159507612,17.2229917678883,0.113035301556403,"m"
4201,-1.78728045374063,17.2246140037189,0.113047831422268,"m"
4202,-1.78724861206241,17.2262371479035,0.113060363212469,"m"
4203,-1.78721608555558,17.2278612018451,0.11307289641776,"m"
4204,-1.78718289003019,17.2294861668703,0.113085430524997,"m"
4205,-1.78714904129627,17.2311120443056,0.113097965021038,"m"
4206,-1.78711455516389,17.2327388354777,0.11311049939274,"m"
4207,-1.7870794474431,17.2343665417132,0.11312303312696,"m"
4208,-1.78704373394394,17.2359951643385,0.113135565710554,"m"
4209,-1.78700743047647,17.2376247046804,0.113148096630381,"m"
4210,-1.78697055285074,17.2392551640655,0.113160625373297,"m"
4211,-1.7869331168768,17.2408865438202,0.113173151426158,"m"
4212,-1.7868951383647,17.2425188452713,0.113185674275823,"m"
4213,-1.7868566331245,17.2441520697453,0.113198193409148,"m"
4214,-1.78681761696623,17.2457862185688,0.113210708312991,"m"
4215,-1.78677810569997,17.2474212930685,0.113223218474207,"m"
4216,-1.78673811513574,17.2490572945708,0.113235723379655,"m"
4217,-1.78669766108362,17.2506942244024,0.113248222516192,"m"
4218,-1.78665675935364,17.2523320838899,0.113260715370674,"m"
4219,-1.78661542575586,17.2539708743598,0.113273201429958,"m"
4220,-1.78657367610033,17.2556105971389,0.113285680180903,"m"
4221,-1.7865315261971,17.2572512535536,0.113298151110363,"m"
4222,-1.78648899185623,17.2588928449306,0.113310613705198,"m"
4223,-1.78644608888776,17.2605353725964,0.113323067452264,"m"
4224,-1.78640283310174,17.2621788378777,0.113335511838417,"m"
4225,-1.78635924030823,17.2638232421011,0.113347946350515,"m"
4226,-1.78631532631727,17.2654685865931,0.113360370475415,"m"
4227,-1.78627110693893,17.2671148726803,0.113372783699975,"m"
4228,-1.78622659798324,17.2687621016894,0.11338518551105,"m"
4229,-1.78618181526026,17.2704102749468,0.113397575395499,"m"
4230,-1.78613677458005,17.2720593937793,0.113409952840177,"m"
4231,-1.78609149173217,17.2737094594952,0.113422317332501,"m"
4232,-1.78604597738806,17.2753604688291,0.113434668499368,"m"
4233,-1.78600023039144,17.2770124079469,0.113447006290007,"m"
4234,-1.78595424792046,17.2786652615258,0.113459330699041,"m"
4235,-1.78590802715323,17.2803190142433,0.113471641721092,"m"
4236,-1.78586156526788,17.2819736507767,0.113483939350782,"m"
4237,-1.78581485944255,17.2836291558033,0.113496223582735,"m"
4238,-1.78576790685535,17.2852855140005,0.113508494411571,"m"
4239,-1.78572070468441,17.2869427100457,0.113520751831913,"m"
4240,-1.78567325010785,17.2886007286162,0.113532995838383,"m"
4241,-1.78562554030381,17.2902595543893,0.113545226425605,"m"
4242,-1.78557757245041,17.2919191720425,0.113557443588199,"m"
4243,-1.78552934372578,17.293579566253,0.113569647320789,"m"
4244,-1.78548085130803,17.2952407216983,0.113581837617996,"m"
4245,-1.78543209237531,17.2969026230556,0.113594014474442,"m"
4246,-1.78538306410573,17.2985652550024,0.113606177884751,"m"
4247,-1.78533376367742,17.3002286022159,0.113618327843544,"m"
4248,-1.7852841882685,17.3018926493736,0.113630464345444,"m"
4249,-1.78523433505711,17.3035573811528,0.113642587385072,"m"
4250,-1.78518420122137,17.3052227822308,0.113654696957052,"m"
4251,-1.78513378393941,17.306888837285,0.113666793056005,"m"
4252,-1.78508308038934,17.3085555309927,0.113678875676553,"m"
4253,-1.78503208774931,17.3102228480314,0.11369094481332,"m"
4254,-1.78498080319742,17.3118907730783,0.113703000460926,"m"
4255,-1.78492922391182,17.3135592908109,0.113715042613995,"m"
4256,-1.78487734707063,17.3152283859064,0.113727071267149,"m"
4257,-1.78482516985196,17.3168980430422,0.113739086415009,"m"
4258,-1.78477268943396,17.3185682468957,0.113751088052199,"m"
4259,-1.78471990299474,17.3202389821443,0.11376307617334,"m"
4260,-1.78466680771243,17.3219102334652,0.113775050773055,"m"
4261,-1.78461340076516,17.3235819855358,0.113787011845966,"m"
4262,-1.78455967921147,17.325254225335,0.113798959424666,"m"
4263,-1.78450563906913,17.3269269598723,0.113810893872236,"m"
4264,-1.78445127582002,17.3286002064711,0.113822815721925,"m"
4265,-1.78439658494157,17.33027398254,0.113834725508386,"m"
4266,-1.78434156191123,17.3319483054878,0.113846623766272,"m"
4267,-1.78428620220644,17.3336231927229,0.113858511030239,"m"
4268,-1.78423050130466,17.3352986616541,0.113870387834939,"m"
4269,-1.78417445468331,17.3369747296899,0.113882254715026,"m"
4270,-1.78411805781986,17.3386514142391,0.113894112205155,"m"
4271,-1.78406130619173,17.3403287327101,0.113905960839979,"m"
4272,-1.78400419527638,17.3420067025116,0.113917801154153,"m"
4273,-1.78394672055125,17.3436853410524,0.113929633682329,"m"
4274,-1.78388887749378,17.3453646657409,0.113941458959163,"m"
4275,-1.78383066158142,17.3470446939858,0.113953277519307,"m"
4276,-1.78377206829161,17.3487254431958,0.113965089897416,"m"
4277,-1.7837130931018,17.3504069307794,0.113976896628143,"m"
4278,-1.78365373148942,17.3520891741454,0.113988698246143,"m"
4279,-1.78359397893193,17.3537721907022,0.11400049528607,"m"
4280,-1.78353383090677,17.3554559978586,0.114012288282576,"m"
4281,-1.78347328289138,17.3571406130232,0.114024077770317,"m"
4282,-1.78341233036321,17.3588260536046,0.114035864283946,"m"
4283,-1.78335096879969,17.3605123370114,0.114047648358117,"m"
4284,-1.78328919367828,17.3621994806523,0.114059430527483,"m"
4285,-1.78322700047642,17.3638875019358,0.114071211326699,"m"
4286,-1.78316438467155,17.3655764182707,0.114082991290419,"m"
4287,-1.78310134174112,17.3672662470655,0.114094770953296,"m"
4288,-1.78303786716257,17.3689570057288,0.114106550849985,"m"
4289,-1.78297395641334,17.3706487116694,0.114118331515138,"m"
4290,-1.78290960497089,17.3723413822957,0.114130113483411,"m"
4291,-1.78284480831264,17.3740350350165,0.114141897289457,"m"
4292,-1.7827795619372,17.375729687092,0.114153683465182,"m"
4293,-1.78271386282505,17.3774253453856,0.114165472349948,"m"
4294,-1.78264771038546,17.3791219997203,0.114177263967535,"m"
4295,-1.78258110425287,17.3808196383395,0.114189058312476,"m"
4296,-1.78251404406167,17.3825182494869,0.1142008553793,"m"
4297,-1.78244652944629,17.3842178214059,0.114212655162538,"m"
4298,-1.78237856004114,17.38591834234,0.11422445765672,"m"
4299,-1.78231013548064,17.3876198005327,0.114236262856377,"m"
4300,-1.7822412553992,17.3893221842275,0.114248070756039,"m"
4301,-1.78217191943124,17.391025481668,0.114259881350236,"m"
4302,-1.78210212721117,17.3927296810976,0.114271694633499,"m"
4303,-1.7820318783734,17.3944347707598,0.114283510600358,"m"
4304,-1.78196117255237,17.3961407388982,0.114295329245343,"m"
4305,-1.78189000938247,17.3978475737562,0.114307150562986,"m"
4306,-1.78181838849812,17.3995552635774,0.114318974547816,"m"
4307,-1.78174630953375,17.4012637966052,0.114330801194364,"m"
4308,-1.78167377212376,17.4029731610832,0.11434263049716,"m"
4309,-1.78160077590257,17.4046833452548,0.114354462450734,"m"
4310,-1.7815273205046,17.4063943373636,0.114366297049618,"m"
4311,-1.78145340556425,17.408106125653,0.114378134288341,"m"
4312,-1.78137903071596,17.4098186983667,0.114389974161434,"m"
4313,-1.78130419559412,17.411532043748,0.114401816663427,"m"
4314,-1.78122889983316,17.4132461500405,0.114413661788851,"m"
4315,-1.7811531430675,17.4149610054877,0.114425509532236,"m"
4316,-1.78107692493154,17.416676598333,0.114437359888112,"m"
4317,-1.7810002450597,17.4183929168201,0.114449212851011,"m"
4318,-1.78092310308641,17.4201099491924,0.114461068415461,"m"
4319,-1.78084549864606,17.4218276836933,0.114472926575994,"m"
4320,-1.78076743137309,17.4235461085665,0.11448478732714,"m"
4321,-1.7806889009019,17.4252652120554,0.11449665066343,"m"
4322,-1.78060990686691,17.4269849824035,0.114508516579394,"m"
4323,-1.78053044961159,17.4287054100981,0.114520385012919,"m"
4324,-1.78045053362004,17.4304264987296,0.114532255571121,"m"
4325,-1.78037016487508,17.4321482566312,0.11454412774139,"m"
4326,-1.78028934936161,17.4338706921425,0.114556001010949,"m"
4327,-1.78020809306452,17.4355938136033,0.114567874867025,"m"
4328,-1.78012640196871,17.437317629353,0.11457974879684,"m"
4329,-1.78004428205907,17.4390421477316,0.114591622287619,"m"
4330,-1.7799617393205,17.4407673770785,0.114603494826588,"m"
4331,-1.77987877973789,17.4424933257335,0.11461536590097,"m"
4332,-1.77979540929614,17.4442200020363,0.114627234997991,"m"
4333,-1.77971163398014,17.4459474143266,0.114639101604873,"m"
4334,-1.77962745977478,17.447675570944,0.114650965208843,"m"
4335,-1.77954289266496,17.4494044802281,0.114662825297125,"m"
4336,-1.77945793863558,17.4511341505188,0.114674681356942,"m"
4337,-1.77937260367152,17.4528645901555,0.11468653287552,"m"
4338,-1.77928689375769,17.4545958074781,0.114698379340082,"m"
4339,-1.77920081487897,17.4563278108262,0.114710220237855,"m"
4340,-1.77911437302027,17.4580606085394,0.114722055056061,"m"
4341,-1.77902757416647,17.4597942089575,0.114733883281926,"m"
4342,-1.77894042430248,17.4615286204201,0.114745704402674,"m"
4343,-1.77885292941318,17.4632638512669,0.114757517905529,"m"
4344,-1.77876509548347,17.4649999098375,0.114769323277716,"m"
4345,-1.77867692849824,17.4667368044717,0.11478112000646,"m"
4346,-1.7785884344424,17.4684745435091,0.114792907578985,"m"
4347,-1.77849961930083,17.4702131352894,0.114804685482515,"m"
4348,-1.77841048905843,17.4719525881523,0.114816453204276,"m"
4349,-1.77832104970008,17.4736929104374,0.11482821023149,"m"
4350,-1.7782313072107,17.4754341104844,0.114839956051384,"m"
4351,-1.77814126757517,17.4771761966329,0.114851690151182,"m"
4352,-1.77805093677839,17.4789191772228,0.114863412018107,"m"
4353,-1.77796032068967,17.4806630604726,0.114875121145548,"m"
4354,-1.7778694215408,17.4824078507955,0.114886817220855,"m"
4355,-1.77777823728114,17.4841535481239,0.114898500159733,"m"
4356,-1.77768676561436,17.4859001521332,0.114910169890986,"m"
4357,-1.77759500424416,17.487647662499,0.114921826343417,"m"
4358,-1.77750295087422,17.4893960788968,0.114933469445829,"m"
4359,-1.77741060320822,17.491145401002,0.114945099127026,"m"
4360,-1.77731795894987,17.4928956284901,0.114956715315811,"m"
4361,-1.77722501580285,17.4946467610365,0.114968317940987,"m"
4362,-1.77713177147084,17.4963987983169,0.114979906931359,"m"
4363,-1.77703822365754,17.4981517400065,0.114991482215729,"m"
4364,-1.77694437006663,17.499905585781,0.1150030437229,"m"
4365,-1.7768502084018,17.5016603353158,0.115014591381677,"m"
4366,-1.77675573636675,17.5034159882864,0.115026125120862,"m"
4367,-1.77666095166515,17.5051725443682,0.115037644869259,"m"
4368,-1.7765658520007,17.5069300032367,0.115049150555671,"m"
4369,-1.77647043507709,17.5086883645675,0.115060642108902,"m"
4370,-1.77637469859801,17.510447628036,0.115072119457755,"m"
4371,-1.77627864026713,17.5122077933177,0.115083582531034,"m"
4372,-1.77618225778816,17.513968860088,0.115095031257541,"m"
4373,-1.77608554886479,17.5157308280224,0.115106465566081,"m"
4374,-1.77598851120069,17.5174936967965,0.115117885385456,"m"
4375,-1.77589114249956,17.5192574660857,0.115129290644471,"m"
4376,-1.77579344046508,17.5210221355654,0.115140681271928,"m"
4377,-1.77569540280095,17.5227877049112,0.115152057196631,"m"
4378,-1.77559702721086,17.5245541737985,0.115163418347383,"m"
4379,-1.77549831139849,17.5263215419029,0.115174764652987,"m"
4380,-1.77539925306753,17.5280898088997,0.115186096042248,"m"
4381,-1.77529984992167,17.5298589744645,0.115197412443968,"m"
4382,-1.7752000996646,17.5316290382728,0.115208713786951,"m"
4383,-1.7751,17.5334,0.11522,"m"
4384,-1.77499954954768,17.5351718582021,0.115231271156712,"m"
4385,-1.77489875059188,17.536944606957,0.115242527909855,"m"
4386,-1.77479760633294,17.5387182392232,0.115253771056992,"m"
4387,-1.77469611997123,17.540492747959,0.115265001395684,"m"
4388,-1.77459429470708,17.5422681261228,0.115276219723494,"m"
4389,-1.77449213374086,17.5440443666731,0.115287426837983,"m"
4390,-1.7743896402729,17.5458214625682,0.115298623536713,"m"
4391,-1.77428681750357,17.5475994067666,0.115309810617245,"m"
4392,-1.77418366863322,17.5493781922266,0.115320988877143,"m"
4393,-1.77408019686219,17.5511578119067,0.115332159113968,"m"
4394,-1.77397640539084,17.5529382587654,0.115343322125282,"m"
4395,-1.77387229741951,17.5547195257609,0.115354478708646,"m"
4396,-1.77376787614857,17.5565016058517,0.115365629661623,"m"
4397,-1.77366314477835,17.5582844919962,0.115376775781775,"m"
4398,-1.77355810650922,17.5600681771528,0.115387917866663,"m"
4399,-1.77345276454152,17.5618526542799,0.115399056713849,"m"
4400,-1.7733471220756,17.5636379163359,0.115410193120896,"m"
4401,-1.77324118231181,17.5654239562793,0.115421327885365,"m"
4402,-1.77313494845052,17.5672107670684,0.115432461804819,"m"
4403,-1.77302842369205,17.5689983416617,0.115443595676818,"m"
4404,-1.77292161123678,17.5707866730175,0.115454730298925,"m"
4405,-1.77281451428505,17.5725757540942,0.115465866468703,"m"
4406,-1.7727071360372,17.5743655778504,0.115477004983712,"m"
4407,-1.7725994796936,17.5761561372443,0.115488146641515,"m"
4408,-1.77249154845459,17.5779474252343,0.115499292239674,"m"
4409,-1.77238334552052,17.579739434779,0.11551044257575,"m"
4410,-1.77227487409175,17.5815321588367,0.115521598447306,"m"
4411,-1.77216613736863,17.5833255903657,0.115532760651903,"m"
4412,-1.7720571385515,17.5851197223246,0.115543929987104,"m"
4413,-1.77194788084072,17.5869145476716,0.115555107250469,"m"
4414,-1.77183836703009,17.5887100597882,0.1155662931865,"m"
4415,-1.77172859282592,17.590506259427,0.115577487614628,"m"
4416,-1.77161854791439,17.5923031536024,0.115588689568537,"m"
4417,-1.77150822179041,17.5941007495276,0.115599898056944,"m"
4418,-1.7713976039489,17.5958990544157,0.115611112088567,"m"
4419,-1.77128668388475,17.5976980754801,0.115622330672122,"m"
4420,-1.77117545109287,17.5994978199339,0.115633552816327,"m"
4421,-1.77106389506817,17.6012982949902,0.115644777529898,"m"
4422,-1.77095200530556,17.6030995078625,0.115656003821553,"m"
4423,-1.77083977129994,17.6049014657637,0.11566723070001,"m"
4424,-1.77072718254622,17.6067041759072,0.115678457173984,"m"
4425,-1.77061422853931,17.6085076455062,0.115689682252193,"m"
4426,-1.77050089877411,17.6103118817738,0.115700904943355,"m"
4427,-1.77038718274553,17.6121168919233,0.115712124256187,"m"
4428,-1.77027306994848,17.6139226831679,0.115723339199405,"m"
4429,-1.77015854987787,17.6157292627209,0.115734548781726,"m"
4430,-1.7700436120286,17.6175366377953,0.115745752011869,"m"
4431,-1.76992824589557,17.6193448156045,0.115756947898549,"m"
4432,-1.7698124409737,17.6211538033616,0.115768135450485,"m"
4433,-1.7696961867579,17.6229636082798,0.115779313676393,"m"
4434,-1.76957947274306,17.6247742375724,0.115790481584991,"m"
4435,-1.7694622884241,17.6265856984526,0.115801638184994,"m"
4436,-1.76934462329593,17.6283979981335,0.115812782485122,"m"
4437,-1.76922646685344,17.6302111438285,0.11582391349409,"m"
4438,-1.76910780859155,17.6320251427506,0.115835030220617,"m"
4439,-1.76898863800517,17.6338400021132,0.115846131673418,"m"
4440,-1.7688689445892,17.6356557291294,0.115857216861211,"m"
4441,-1.76874871783854,17.6374723310124,0.115868284792714,"m"
4442,-1.76862794724811,17.6392898149755,0.115879334476643,"m"
4443,-1.76850662231281,17.6411081882318,0.115890364921716,"m"
4444,-1.76838473253668,17.6429274579921,0.11590137513731,"m"
4445,-1.76826227404302,17.6447476296387,0.115912364612146,"m"
4446,-1.76813926124258,17.6465687035031,0.115923334159247,"m"
4447,-1.76801571167769,17.6483906790517,0.115934284818413,"m"
4448,-1.76789164289069,17.650213555751,0.115945217629447,"m"
4449,-1.76776707242392,17.6520373330672,0.11595613363215,"m"
4450,-1.76764201781972,17.653862010467,0.115967033866323,"m"
4451,-1.76751649662044,17.6556875874167,0.115977919371767,"m"
4452,-1.7673905263684,17.6575140633828,0.115988791188285,"m"
4453,-1.76726412460595,17.6593414378316,0.115999650355676,"m"
4454,-1.76713730887542,17.6611697102297,0.116010497913743,"m"
4455,-1.76701009671916,17.6629988800434,0.116021334902287,"m"
4456,-1.76688250567951,17.6648289467391,0.11603216236111,"m"
4457,-1.7667545532988,17.6666599097834,0.116042981330012,"m"
4458,-1.76662625711938,17.6684917686427,0.116053792848795,"m"
4459,-1.76649763468358,17.6703245227833,0.11606459795726,"m"
4460,-1.76636870353374,17.6721581716717,0.116075397695209,"m"
4461,-1.7662394812122,17.6739927147744,0.116086193102444,"m"
4462,-1.7661099852613,17.6758281515577,0.116096985218764,"m"
4463,-1.76598023322338,17.6776644814882,0.116107775083973,"m"
4464,-1.76585024264078,17.6795017040322,0.116118563737871,"m"
4465,-1.76572003105584,17.6813398186561,0.116129352220259,"m"
4466,-1.7655896160109,17.6831788248265,0.116140141570939,"m"
4467,-1.76545901504829,17.6850187220097,0.116150932829713,"m"
4468,-1.76532824571035,17.6868595096721,0.116161727036381,"m"
4469,-1.76519732553943,17.6887011872802,0.116172525230745,"m"
4470,-1.76506627207787,17.6905437543005,0.116183328452606,"m"
4471,-1.76493510286799,17.6923872101993,0.116194137741766,"m"
4472,-1.76480383545215,17.6942315544431,0.116204954138027,"m"
4473,-1.76467248737268,17.6960767864984,0.116215778681188,"m"
4474,-1.76454107617192,17.6979229058315,0.116226612411053,"m"
4475,-1.76440961751555,17.6997699116627,0.116237456254774,"m"
4476,-1.7642781068236,17.7016178005566,0.116248309924252,"m"
4477,-1.7641465271634,17.7034665674573,0.116259172389912,"m"
4478,-1.76401486142607,17.7053162072859,0.116270042611598,"m"
4479,-1.76388309250271,17.7071667149634,0.116280919549158,"m"
4480,-1.76375120328441,17.709018085411,0.116291802162436,"m"
4481,-1.76361917666227,17.7108703135497,0.116302689411278,"m"
4482,-1.7634869955274,17.7127233943005,0.11631358025553,"m"
4483,-1.76335464277089,17.7145773225845,0.116324473655038,"m"
4484,-1.76322210128385,17.7164320933228,0.116335368569646,"m"
4485,-1.76308935395738,17.7182877014365,0.116346263959201,"m"
4486,-1.76295638368257,17.7201441418465,0.116357158783548,"m"
4487,-1.76282317335053,17.722001409474,0.116368052002534,"m"
4488,-1.76268970585236,17.72385949924,0.116378942576002,"m"
4489,-1.76255596407916,17.7257184060656,0.1163898294638,"m"
4490,-1.76242193092203,17.7275781248718,0.116400711625773,"m"
4491,-1.76228758927207,17.7294386505797,0.116411588021766,"m"
4492,-1.76215292202037,17.7312999781104,0.116422457611625,"m"
4493,-1.76201791205805,17.7331621023849,0.116433319355196,"m"
4494,-1.7618825422762,17.7350250183243,0.116444172212325,"m"
4495,-1.76174679556592,17.7368887208497,0.116455015142856,"m"
4496,-1.76161065481832,17.738753204882,0.116465847106636,"m"
4497,-1.76147410292449,17.7406184653425,0.11647666706351,"m"
4498,-1.76133712277553,17.742484497152,0.116487473973324,"m"
4499,-1.76119969726254,17.7443512952318,0.116498266795923,"m"
4500,-1.76106180927663,17.7462188545028,0.116509044491154,"m"
4501,-1.7609234417089,17.7480871698862,0.116519806018861,"m"
4502,-1.76078457745044,17.7499562363029,0.116530550338891,"m"
4503,-1.76064519939235,17.7518260486741,0.116541276411089,"m"
4504,-1.76050529042575,17.7536966019207,0.1165519831953,"m"
4505,-1.76036483350798,17.7555678909761,0.116562669656666,"m"
4506,-1.76022381961483,17.7574399122387,0.116573335400996,"m"
4507,-1.76008225529494,17.7593126649533,0.11658398127838,"m"
4508,-1.75994014888622,17.7611861486913,0.116594608281866,"m"
4509,-1.75979750872656,17.7630603630246,0.1166052174045,"m"
4510,-1.75965434315385,17.7649353075247,0.116615809639332,"m"
4511,-1.75951066050599,17.7668109817633,0.116626385979409,"m"
4512,-1.75936646912088,17.768687385312,0.116636947417778,"m"
4513,-1.75922177733641,17.7705645177424,0.116647494947489,"m"
4514,-1.75907659349047,17.7724423786262,0.116658029561588,"m"
4515,-1.75893092592095,17.7743209675351,0.116668552253124,"m"
4516,-1.75878478296577,17.7762002840406,0.116679064015144,"m"
4517,-1.75863817296279,17.7780803277144,0.116689565840697,"m"
4518,-1.75849110424993,17.7799610981281,0.11670005872283,"m"
4519,-1.75834358516508,17.7818425948535,0.116710543654592,"m"
4520,-1.75819562404613,17.783724817462,0.116721021629029,"m"
4521,-1.75804722923098,17.7856077655254,0.116731493639191,"m"
4522,-1.75789840905751,17.7874914386153,0.116741960678125,"m"
4523,-1.75774917186364,17.7893758363034,0.116752423738878,"m"
4524,-1.75759952598724,17.7912609581612,0.116762883814499,"m"
4525,-1.75744947976621,17.7931468037605,0.116773341898037,"m"
4526,-1.75729904153846,17.7950333726728,0.116783798982537,"m"
4527,-1.75714821964187,17.7969206644697,0.116794256061049,"m"
4528,-1.75699702241434,17.7988086787231,0.116804714126621,"m"
4529,-1.75684545819376,17.8006974150044,0.1168151741723,"m"
4530,-1.75669353531803,17.8025868728853,0.116825637191134,"m"
4531,-1.75654126212505,17.8044770519374,0.116836104176171,"m"
4532,-1.7563886469527,17.8063679517325,0.116846576120459,"m"
4533,-1.75623569813888,17.8082595718421,0.116857054017047,"m"
4534,-1.75608242402149,17.8101519118378,0.116867538858981,"m"
4535,-1.75592883293843,17.8120449712913,0.116878031639309,"m"
4536,-1.75577493293231,17.8139387504198,0.116888533190408,"m"
4537,-1.75562072994907,17.8158332540242,0.116899043203702,"m"
4538,-1.75546622902735,17.8177284888889,0.116909560876897,"m"
4539,-1.75531143520215,17.8196244618063,0.116920085405725,"m"
4540,-1.75515635350846,17.8215211795688,0.116930615985917,"m"
4541,-1.7550009889813,17.8234186489687,0.116941151813202,"m"
4542,-1.75484534665567,17.8253168767985,0.116951692083314,"m"
4543,-1.75468943156656,17.8272158698506,0.116962235991981,"m"
4544,-1.75453324874898,17.8291156349172,0.116972782734935,"m"
4545,-1.75437680323794,17.8310161787908,0.116983331507908,"m"
4546,-1.75422010006843,17.8329175082638,0.11699388150663,"m"
4547,-1.75406314427547,17.8348196301286,0.117004431926831,"m"
4548,-1.75390594089405,17.8367225511775,0.117014981964244,"m"
4549,-1.75374849495917,17.8386262782029,0.117025530814599,"m"
4550,-1.75359081150584,17.8405308179972,0.117036077673626,"m"
4551,-1.75343289556906,17.8424361773529,0.117046621737058,"m"
4552,-1.75327475218384,17.8443423630621,0.117057162200624,"m"
4553,-1.75311638638517,17.8462493819175,0.117067698260056,"m"
4554,-1.75295780320806,17.8481572407112,0.117078229111084,"m"
4555,-1.75279900768752,17.8500659462358,0.117088753949441,"m"
4556,-1.75264000485854,17.8519755052836,0.117099271970855,"m"
4557,-1.75248079975613,17.8538859246469,0.11710978237106,"m"
4558,-1.75232139741529,17.8557972111182,0.117120284345785,"m"
4559,-1.75216180287102,17.8577093714899,0.117130777090761,"m"
4560,-1.75200202115834,17.8596224125542,0.11714125980172,"m"
4561,-1.75184205731223,17.8615363411037,0.117151731674392,"m"
4562,-1.7516819163677,17.8634511639307,0.117162191904508,"m"
4563,-1.75152160335976,17.8653668878275,0.1171726396878,"m"
4564,-1.75136112332341,17.8672835195866,0.117183074219998,"m"
4565,-1.75120048129365,17.8692010660003,0.117193494696833,"m"
4566,-1.75103968219794,17.8711195337533,0.117203900321951,"m"
4567,-1.75087872609277,17.873038924651,0.117214290657509,"m"
4568,-1.75071760627577,17.8749592337288,0.117224665763124,"m"
4569,-1.7505563155467,17.876880455523,0.117235025735057,"m"
4570,-1.75039484670535,17.8788025845702,0.117245370669568,"m"
4571,-1.75023319255148,17.8807256154069,0.117255700662917,"m"
4572,-1.75007134588489,17.8826495425696,0.117266015811364,"m"
4573,-1.74990929950534,17.8845743605948,0.117276316211169,"m"
4574,-1.7497470462126,17.8865000640191,0.117286601958592,"m"
4575,-1.74958457880646,17.888426647379,0.117296873149893,"m"
4576,-1.74942189008669,17.890354105211,0.117307129881332,"m"
4577,-1.74925897285307,17.8922824320515,0.11731737224917,"m"
4578,-1.74909581990537,17.8942116224372,0.117327600349666,"m"
4579,-1.74893242404336,17.8961416709045,0.11733781427908,"m"
4580,-1.74876877806683,17.89807257199,0.117348014133674,"m"
4581,-1.74860487477555,17.9000043202301,0.117358200009706,"m"
4582,-1.7484407069693,17.9019369101614,0.117368372003436,"m"
4583,-1.74827626744785,17.9038703363203,0.117378530211126,"m"
4584,-1.74811154901098,17.9058045932435,0.117388674729035,"m"
4585,-1.74794654445846,17.9077396754674,0.117398805653422,"m"
4586,-1.74778124659007,17.9096755775286,0.117408923080549,"m"
4587,-1.74761564820559,17.9116122939634,0.117419027106675,"m"
4588,-1.74744974210478,17.9135498193086,0.117429117828061,"m"
4589,-1.74728352108744,17.9154881481005,0.117439195340966,"m"
4590,-1.74711697795333,17.9174272748758,0.11744925974165,"m"
4591,-1.74695010550223,17.9193671941708,0.117459311126374,"m"
4592,-1.74678289653391,17.9213079005222,0.117469349591398,"m"
4593,-1.74661534384816,17.9232493884664,0.117479375232981,"m"
4594,-1.74644744024474,17.92519165254,0.117489388147385,"m"
4595,-1.74627917852344,17.9271346872794,0.117499388430868,"m"
4596,-1.74611055148403,17.9290784872212,0.117509376179691,"m"
4597,-1.74594155325678,17.9310230467986,0.117519351534467,"m"
4598,-1.74577218439428,17.9329683599458,0.1175293148499,"m"
4599,-1.74560244738434,17.9349144204466,0.117539266545205,"m"
4600,-1.74543234471517,17.9368612220851,0.117549207039611,"m"
4601,-1.74526187887499,17.9388087586449,0.117559136752345,"m"
4602,-1.745091052352,17.9407570239101,0.117569056102638,"m"
4603,-1.74491986763442,17.9427060116645,0.117578965509718,"m"
4604,-1.74474832721045,17.944655715692,0.117588865392813,"m"
4605,-1.74457643356831,17.9466061297764,0.117598756171152,"m"
4606,-1.74440418919621,17.9485572477016,0.117608638263965,"m"
4607,-1.74423159658237,17.9505090632515,0.117618512090478,"m"
4608,-1.74405865821498,17.95246157021,0.117628378069922,"m"
4609,-1.74388537658227,17.9544147623609,0.117638236621525,"m"
4610,-1.74371175417245,17.9563686334881,0.117648088164516,"m"
4611,-1.74353779347372,17.9583231773756,0.117657933118123,"m"
4612,-1.7433634969743,17.9602783878071,0.117667771901575,"m"
4613,-1.74318886716239,17.9622342585665,0.1176776049341,"m"
4614,-1.74301390652622,17.9641907834378,0.117687432634928,"m"
4615,-1.74283861755399,17.9661479562048,0.117697255423288,"m"
4616,-1.74266300273391,17.9681057706513,0.117707073718407,"m"
4617,-1.7424870645542,17.9700642205613,0.117716887939514,"m"
4618,-1.74231080550306,17.9720232997186,0.117726698505839,"m"
4619,-1.74213422806871,17.9739830019071,0.11773650583661,"m"
4620,-1.74195733473936,17.9759433209106,0.117746310351055,"m"
4621,-1.74178012800322,17.9779042505131,0.117756112468404,"m"
4622,-1.7416026103485,17.9798657844985,0.117765912607884,"m"
4623,-1.74142478426341,17.9818279166505,0.117775711188726,"m"
4624,-1.74124665223616,17.9837906407531,0.117785508630156,"m"
4625,-1.74106821675497,17.9857539505901,0.117795305351405,"m"
4626,-1.74088948030805,17.9877178399455,0.117805101771701,"m"
4627,-1.74071044527442,17.9896823029211,0.117814898308925,"m"
4628,-1.74053111152187,17.991647340934,0.11782469534999,"m"
4629,-1.74035147640698,17.9936129627166,0.117834493250834,"m"
4630,-1.74017153717712,17.995579177319,0.117844292366051,"m"
4631,-1.73999129107967,17.9975459937916,0.117854093050235,"m"
4632,-1.739810735362,17.9995134211847,0.117863895657979,"m"
4633,-1.7396298672715,18.0014814685486,0.117873700543876,"m"
4634,-1.73944868405555,18.0034501449336,0.117883508062519,"m"
4635,-1.73926718296152,18.00541945939,0.117893318568502,"m"
4636,-1.73908536123679,18.0073894209681,0.117903132416419,"m"
4637,-1.73890321612875,18.0093600387182,0.117912949960861,"m"
4638,-1.73872074488477,18.0113313216906,0.117922771556424,"m"
4639,-1.73853794475222,18.0133032789356,0.117932597557699,"m"
4640,-1.73835481297849,18.0152759195036,0.117942428319282,"m"
4641,-1.73817134681097,18.0172492524447,0.117952264195763,"m"
4642,-1.73798754349701,18.0192232868094,0.117962105541738,"m"
4643,-1.73780340028401,18.0211980316479,0.1179719527118,"m"
4644,-1.73761891441935,18.0231734960105,0.117981806060541,"m"
4645,-1.73743408315039,18.0251496889476,0.117991665942555,"m"
4646,-1.73724890372453,18.0271266195094,0.118001532712436,"m"
4647,-1.73706337338914,18.0291042967462,0.118011406724776,"m"
4648,-1.73687748939159,18.0310827297083,0.11802128833417,"m"
4649,-1.73669124897928,18.0330619274461,0.11803117789521,"m"
4650,-1.73650464939956,18.0350418990098,0.118041075762489,"m"
4651,-1.73631768789984,18.0370226534498,0.118050982290602,"m"
4652,-1.73613036172748,18.0390041998163,0.118060897834141,"m"
4653,-1.73594266812986,18.0409865471596,0.1180708227477,"m"
4654,-1.73575460435436,18.0429697045301,0.118080757385872,"m"
4655,-1.73556616764836,18.0449536809781,0.11809070210325,"m"
4656,-1.73537735525924,18.0469384855538,0.118100657254428,"m"
4657,-1.73518816443484,18.0489241273068,0.118110623193909,"m"
4658,-1.73499859467512,18.0509106117397,0.118120599838313,"m"
4659,-1.734808652954,18.0528979325837,0.118130585651089,"m"
4660,-1.73461834779374,18.0548860811314,0.118140578794635,"m"
4661,-1.73442768771662,18.0568750486754,0.118150577431349,"m"
4662,-1.73423668124491,18.0588648265083,0.118160579723629,"m"
4663,-1.73404533690089,18.0608554059226,0.118170583833873,"m"
4664,-1.73385366320682,18.0628467782111,0.11818058792448,"m"
4665,-1.73366166868499,18.0648389346662,0.118190590157846,"m"
4666,-1.73346936185766,18.0668318665806,0.118200588696371,"m"
4667,-1.73327675124711,18.0688255652469,0.118210581702451,"m"
4668,-1.73308384537561,18.0708200219576,0.118220567338486,"m"
4669,-1.73289065276544,18.0728152280054,0.118230543766873,"m"
4670,-1.73269718193887,18.0748111746829,0.118240509150009,"m"
4671,-1.73250344141817,18.0768078532827,0.118250461650294,"m"
4672,-1.73230943972561,18.0788052550973,0.118260399430124,"m"
4673,-1.73211518538348,18.0808033714193,0.118270320651899,"m"
4674,-1.73192068691404,18.0828021935415,0.118280223478015,"m"
4675,-1.73172595283956,18.0848017127562,0.118290106070872,"m"
4676,-1.73153099168233,18.0868019203563,0.118299966592866,"m"
4677,-1.73133581196461,18.0888028076341,0.118309803206397,"m"
4678,-1.73114042220867,18.0908043658824,0.118319614073861,"m"
4679,-1.7309448309368,18.0928065863938,0.118329397357657,"m"
4680,-1.73074904667126,18.0948094604608,0.118339151220183,"m"
4681,-1.73055307793433,18.096812979376,0.118348873823837,"m"
4682,-1.73035693324828,18.098817134432,0.118358563331017,"m"
4683,-1.73016062113538,18.1008219169215,0.118368217904121,"m"
4684,-1.72996415011791,18.102827318137,0.118377835705546,"m"
4685,-1.72976752871815,18.1048333293711,0.118387414897692,"m"
4686,-1.72957076545835,18.1068399419164,0.118396953642955,"m"
4687,-1.72937386886081,18.1088471470656,0.118406450103734,"m"
4688,-1.72917684669172,18.1108549366486,0.118415902628701,"m"
4689,-1.72897969645295,18.1128633097924,0.118425312095391,"m"
4690,-1.72878240824902,18.1148722708825,0.118434681203845,"m"
4691,-1.72858497202115,18.1168818244205,0.118444012694344,"m"
4692,-1.72838737771052,18.118891974908,0.118453309307164,"m"
4693,-1.72818961525837,18.1209027268467,0.118462573782585,"m"
4694,-1.72799167460589,18.1229140847381,0.118471808860884,"m"
4695,-1.7277935456943,18.124926053084,0.11848101728234,"m"
4696,-1.72759521846481,18.1269386363859,0.118490201787231,"m"
4697,-1.72739668285862,18.1289518391455,0.118499365115835,"m"
4698,-1.72719792881694,18.1309656658644,0.118508510008432,"m"
4699,-1.72699894628099,18.1329801210443,0.118517639205298,"m"
4700,-1.72679972519197,18.1349952091867,0.118526755446713,"m"
4701,-1.72660025549109,18.1370109347932,0.118535861472955,"m"
4702,-1.72640052711956,18.1390273023656,0.118544960024302,"m"
4703,-1.7262005300186,18.1410443164054,0.118554053841032,"m"
4704,-1.7260002541294,18.1430619814143,0.118563145663423,"m"
4705,-1.72579968939318,18.1450803018939,0.118572238231755,"m"
4706,-1.72559882575116,18.1470992823458,0.118581334286305,"m"
4707,-1.72539765314453,18.1491189272716,0.118590436567351,"m"
4708,-1.7251961615145,18.1511392411731,0.118599547815173,"m"
4709,-1.7249943408023,18.1531602285517,0.118608670770048,"m"
4710,-1.72479218094912,18.1551818939091,0.118617808172254,"m"
4711,-1.72458967189617,18.1572042417471,0.11862696276207,"m"
4712,-1.72438680358467,18.1592272765671,0.118636137279774,"m"
4713,-1.72418356595583,18.1612510028708,0.118645334465645,"m"
4714,-1.72397994895085,18.1632754251598,0.11865455705996,"m"
4715,-1.72377594251094,18.1653005479359,0.118663807802999,"m"
4716,-1.72357153657731,18.1673263757005,0.118673089435039,"m"
4717,-1.72336672109118,18.1693529129553,0.118682404696358,"m"
4718,-1.72316148601626,18.1713801641869,0.118691756321215,"m"
4719,-1.72295582694596,18.1734081300905,0.118701145538383,"m"
4720,-1.7227497524834,18.1754368026009,0.118710570097589,"m"
4721,-1.72254327306379,18.1774661724189,0.118720027258628,"m"
4722,-1.72233639912233,18.1794962302454,0.118729514281292,"m"
4723,-1.72212914109424,18.1815269667813,0.118739028425375,"m"
4724,-1.72192150941472,18.1835583727276,0.118748566950671,"m"
4725,-1.72171351451898,18.185590438785,0.118758127116972,"m"
4726,-1.72150516684223,18.1876231556545,0.118767706184072,"m"
4727,-1.72129647681966,18.189656514037,0.118777301411765,"m"
4728,-1.72108745488649,18.1916905046334,0.118786910059843,"m"
4729,-1.72087811147793,18.1937251181446,0.118796529388101,"m"
4730,-1.72066845702919,18.1957603452714,0.118806156656331,"m"
4731,-1.72045850197546,18.1977961767148,0.118815789124327,"m"
4732,-1.72024825675197,18.1998326031756,0.118825424051882,"m"
4733,-1.7200377317939,18.2018696153548,0.11883505869879,"m"
4734,-1.71982693753648,18.2039072039532,0.118844690324844,"m"
4735,-1.71961588441491,18.2059453596717,0.118854316189838,"m"
4736,-1.7194045828644,18.2079840732113,0.118863933553564,"m"
4737,-1.71919304332015,18.2100233352728,0.118873539675816,"m"
4738,-1.71898127621737,18.212063136557,0.118883131816388,"m"
4739,-1.71876929199127,18.214103467765,0.118892707235073,"m"
4740,-1.71855710107705,18.2161443195976,0.118902263191665,"m"
4741,-1.71834471390993,18.2181856827557,0.118911796945956,"m"
4742,-1.7181321409251,18.2202275479401,0.11892130575774,"m"
4743,-1.71791939255779,18.2222699058518,0.11893078688681,"m"
4744,-1.71770647924318,18.2243127471917,0.118940237592961,"m"
4745,-1.7174934114165,18.2263560626606,0.118949655135984,"m"
4746,-1.71728019951295,18.2283998429595,0.118959036775674,"m"
4747,-1.71706685396773,18.2304440787892,0.118968379771824,"m"
4748,-1.71685338521605,18.2324887608507,0.118977681384228,"m"
4749,-1.71663980222784,18.2345338813014,0.11898693919453,"m"
4750,-1.71642610121965,18.2365794449767,0.11899615358568,"m"
4751,-1.71621227184139,18.2386254632399,0.119005326383001,"m"
4752,-1.7159983036887,18.2406719475079,0.119014459423738,"m"
4753,-1.71578418635722,18.2427189091981,0.119023554545132,"m"
4754,-1.71556990944261,18.2447663597274,0.119032613584429,"m"
4755,-1.7153554625405,18.2468143105129,0.119041638378871,"m"
4756,-1.71514083524654,18.2488627729719,0.119050630765703,"m"
4757,-1.71492601715637,18.2509117585214,0.119059592582167,"m"
4758,-1.71471099786564,18.2529612785786,0.119068525665508,"m"
4759,-1.71449576696999,18.2550113445605,0.119077431852968,"m"
4760,-1.71428031406506,18.2570619678843,0.119086312981792,"m"
4761,-1.71406462874651,18.259113159967,0.119095170889223,"m"
4762,-1.71384870060996,18.2611649322259,0.119104007412505,"m"
4763,-1.71363251925108,18.2632172960781,0.11911282438888,"m"
4764,-1.71341607426549,18.2652702629405,0.119121623655594,"m"
4765,-1.71319935524885,18.2673238442305,0.119130407049888,"m"
4766,-1.7129823517968,18.269378051365,0.119139176409008,"m"
4767,-1.71276505350497,18.2714328957613,0.119147933570196,"m"
4768,-1.71254744996903,18.2734883888364,0.119156680370696,"m"
4769,-1.71232953078461,18.2755445420074,0.119165418647752,"m"
4770,-1.71211128554735,18.2776013666915,0.119174150238606,"m"
4771,-1.7118927038529,18.2796588743057,0.119182876980504,"m"
4772,-1.71167377529691,18.2817170762673,0.119191600710688,"m"
4773,-1.71145448947501,18.2837759839933,0.119200323266402,"m"
4774,-1.71123483598285,18.2858356089008,0.119209046484889,"m"
4775,-1.71101480441608,18.287895962407,0.119217772203393,"m"
4776,-1.71079438437033,18.2899570559289,0.119226502259158,"m"
4777,-1.71057356544126,18.2920189008838,0.119235238489427,"m"
4778,-1.71035233722451,18.2940815086886,0.119243982731444,"m"
4779,-1.71013068941901,18.2961448906258,0.119252736811311,"m"
4780,-1.70990861896355,18.2982090485275,0.119261501774256,"m"
4781,-1.70968613466275,18.3002739687378,0.119270277385682,"m"
4782,-1.70946324642116,18.302339636165,0.119279063292357,"m"
4783,-1.7092399641433,18.3044060357173,0.119287859141049,"m"
4784,-1.70901629773372,18.3064731523032,0.119296664578528,"m"
4785,-1.70879225709694,18.3085409708309,0.119305479251562,"m"
4786,-1.70856785213751,18.3106094762087,0.11931430280692,"m"
4787,-1.70834309275995,18.312678653345,0.119323134891371,"m"
4788,-1.7081179888688,18.314748487148,0.119331975151683,"m"
4789,-1.7078925503686,18.3168189625261,0.119340823234626,"m"
4790,-1.70766678716388,18.3188900643877,0.119349678786967,"m"
4791,-1.70744070915918,18.3209617776409,0.119358541455476,"m"
4792,-1.70721432625903,18.3230340871941,0.119367410886921,"m"
4793,-1.70698764836796,18.3251069779557,0.119376286728072,"m"
4794,-1.70676068539051,18.327180434834,0.119385168625696,"m"
4795,-1.70653344723121,18.3292544427372,0.119394056226563,"m"
4796,-1.70630594379461,18.3313289865737,0.119402949177442,"m"
4797,-1.70607818498523,18.3334040512518,0.1194118471251,"m"
4798,-1.70585018070761,18.3354796216798,0.119420749716307,"m"
4799,-1.70562194086628,18.3375556827661,0.119429656597832,"m"
4800,-1.70539347536578,18.3396322194189,0.119438567416444,"m"
4801,-1.70516479411064,18.3417092165465,0.11944748181891,"m"
4802,-1.7049359070054,18.3437866590573,0.119456399452,"m"
4803,-1.70470682395459,18.3458645318596,0.119465319962483,"m"
4804,-1.70447755486275,18.3479428198617,0.119474242997127,"m"
4805,-1.70424810963441,18.350021507972,0.119483168202701,"m"
4806,-1.70401849817411,18.3521005810986,0.119492095225974,"m"
4807,-1.70378873038638,18.35418002415,0.119501023713714,"m"
4808,-1.70355881617576,18.3562598220345,0.119509953312691,"m"
4809,-1.70332876544678,18.3583399596603,0.119518883669673,"m"
4810,-1.703098586112,18.3604204243349,0.119527814423491,"m"
4811,-1.70286827445157,18.3625012173746,0.119536745166627,"m"
4812,-1.70263782253519,18.3645823451668,0.119545675474786,"m"
4813,-1.70240722242676,18.3666638141057,0.119554604923649,"m"
4814,-1.70217646619019,18.3687456305855,0.119563533088897,"m"
4815,-1.70194554588936,18.3708278010007,0.119572459546212,"m"
4816,-1.70171445358819,18.3729103317453,0.119581383871276,"m"
4817,-1.70148318135056,18.3749932292137,0.11959030563977,"m"
4818,-1.70125172124038,18.3770764998001,0.119599224427375,"m"
4819,-1.70102006532155,18.3791601498987,0.119608139809772,"m"
4820,-1.70078820565796,18.3812441859039,0.119617051362645,"m"
4821,-1.70055613431352,18.3833286142099,0.119625958661672,"m"
4822,-1.70032384335212,18.385413441211,0.119634861282537,"m"
4823,-1.70009132483767,18.3874986733013,0.119643758800921,"m"
4824,-1.69985857083405,18.3895843168752,0.119652650792505,"m"
4825,-1.69962557340518,18.3916703783269,0.119661536832971,"m"
4826,-1.69939232461494,18.3937568640507,0.119670416497999,"m"
4827,-1.69915881652725,18.3958437804409,0.119679289363272,"m"
4828,-1.69892504120599,18.3979311338916,0.119688155004471,"m"
4829,-1.69869099071507,18.4000189307972,0.119697012997278,"m"
4830,-1.69845665711839,18.4021071775519,0.119705862917373,"m"
4831,-1.69822203247984,18.40419588055,0.119714704340439,"m"
4832,-1.69798710886332,18.4062850461857,0.119723536842157,"m"
4833,-1.69775187833274,18.4083746808533,0.119732359998208,"m"
4834,-1.69751633295199,18.4104647909471,0.119741173384273,"m"
4835,-1.69728046478497,18.4125553828612,0.119749976576035,"m"
4836,-1.69704426589558,18.4146464629901,0.119758769149175,"m"
4837,-1.69680772834772,18.4167380377278,0.119767550679374,"m"
4838,-1.69657084420528,18.4188301134687,0.119776320742313,"m"
4839,-1.69633360553218,18.4209226966071,0.119785078913675,"m"
4840,-1.69609600451091,18.4230157933016,0.119793824773984,"m"
4841,-1.69585803705685,18.4251094022965,0.119802558056209,"m"
4842,-1.6956197034801,18.4272035136072,0.119811278672794,"m"
4843,-1.69538100434286,18.4292981167483,0.119819986546475,"m"
4844,-1.6951419402073,18.4313932012345,0.119828681599989,"m"
4845,-1.69490251163561,18.4334887565804,0.119837363756075,"m"
4846,-1.69466271918999,18.4355847723007,0.119846032937468,"m"
4847,-1.69442256343262,18.4376812379101,0.119854689066906,"m"
4848,-1.69418204492568,18.4397781429231,0.119863332067126,"m"
4849,-1.69394116423137,18.4418754768545,0.119871961860866,"m"
4850,-1.69369992191186,18.4439732292189,0.119880578370863,"m"
4851,-1.69345831852936,18.4460713895309,0.119889181519854,"m"
4852,-1.69321635464603,18.4481699473053,0.119897771230575,"m"
4853,-1.69297403082408,18.4502688920566,0.119906347425765,"m"
4854,-1.69273134762569,18.4523682132995,0.119914910028161,"m"
4855,-1.69248830561304,18.4544679005486,0.119923458960499,"m"
4856,-1.69224490534832,18.4565679433187,0.119931994145518,"m"
4857,-1.69200114739373,18.4586683311243,0.119940515505953,"m"
4858,-1.69175703231144,18.4607690534801,0.119949022964543,"m"
4859,-1.69151256066364,18.4628700999008,0.119957516444024,"m"
4860,-1.69126773301253,18.464971459901,0.119965995867134,"m"
4861,-1.69102254992028,18.4670731229954,0.11997446115661,"m"
4862,-1.69077701194909,18.4691750786986,0.119982912235189,"m"
4863,-1.69053111966114,18.4712773165253,0.119991349025609,"m"
4864,-1.69028487361863,18.4733798259901,0.119999771450606,"m"
4865,-1.69003827438372,18.4754825966077,0.120008179432918,"m"
4866,-1.68979132251862,18.4775856178927,0.120016572895281,"m"
4867,-1.68954401858551,18.4796888793597,0.120024951760434,"m"
4868,-1.68929636314658,18.4817923705236,0.120033315951114,"m"
4869,-1.68904835676402,18.4838960808988,0.120041665390056,"m"
4870,-1.6888,18.486,0.12005,"m"
4871,-1.68855129427092,18.4881041214677,0.120058319838787,"m"
4872,-1.68830224440993,18.4902084554456,0.120066625504682,"m"
4873,-1.68805285610438,18.4923130162031,0.120074917731054,"m"
4874,-1.68780313504163,18.4944178180096,0.120083197251273,"m"
4875,-1.68755308690903,18.4965228751346,0.120091464798709,"m"
4876,-1.68730271739393,18.4986282018475,0.120099721106732,"m"
4877,-1.68705203218369,18.5007338124178,0.120107966908711,"m"
4878,-1.68680103696565,18.502839721115,0.120116202938016,"m"
4879,-1.68654973742718,18.5049459422085,0.120124429928017,"m"
4880,-1.68629813925561,18.5070524899678,0.120132648612083,"m"
4881,-1.68604624813831,18.5091593786622,0.120140859723585,"m"
4882,-1.68579406976263,18.5112666225613,0.120149063995892,"m"
4883,-1.68554160981592,18.5133742359345,0.120157262162373,"m"
4884,-1.68528887398553,18.5154822330513,0.120165454956399,"m"
4885,-1.68503586795882,18.5175906281811,0.120173643111339,"m"
4886,-1.68478259742314,18.5196994355933,0.120181827360562,"m"
4887,-1.68452906806583,18.5218086695575,0.12019000843744,"m"
4888,-1.68427528557426,18.523918344343,0.120198187075341,"m"
4889,-1.68402125563578,18.5260284742193,0.120206364007635,"m"
4890,-1.68376698393773,18.5281390734559,0.120214539967691,"m"
4891,-1.68351247616748,18.5302501563222,0.12022271568888,"m"
4892,-1.68325773801237,18.5323617370877,0.120230891904572,"m"
4893,-1.68300277515975,18.5344738300218,0.120239069348135,"m"
4894,-1.68274759329698,18.536586449394,0.12024724875294,"m"
4895,-1.68249219811142,18.5386996094737,0.120255430852357,"m"
4896,-1.68223659529041,18.5408133245304,0.120263616379755,"m"
4897,-1.68198079052131,18.5429276088335,0.120271806068503,"m"
4898,-1.68172478949146,18.5450424766525,0.120280000651973,"m"
4899,-1.68146859788823,18.5471579422568,0.120288200863532,"m"
4900,-1.68121222139897,18.5492740199159,0.120296407436552,"m"
4901,-1.68095566548198,18.551390722725,0.120304621061039,"m"
4902,-1.68069893160269,18.5535080433092,0.120312841671052,"m"
4903,-1.68044201783494,18.5556259569062,0.120321068558544,"m"
4904,-1.68018492214481,18.5577444382013,0.120329300995066,"m"
4905,-1.67992764249839,18.5598634618795,0.120337538252173,"m"
4906,-1.67967017686177,18.5619830026262,0.120345779601415,"m"
4907,-1.67941252320103,18.5641030351266,0.120354024314344,"m"
4908,-1.67915467948225,18.5662235340658,0.120362271662513,"m"
4909,-1.67889664367152,18.5683444741292,0.120370520917474,"m"
4910,-1.67863841373492,18.570465830002,0.120378771350778,"m"
4911,-1.67837998763854,18.5725875763693,0.120387022233979,"m"
4912,-1.67812136334846,18.5747096879164,0.120395272838627,"m"
4913,-1.67786253883077,18.5768321393286,0.120403522436276,"m"
4914,-1.67760351205154,18.578954905291,0.120411770298477,"m"
4915,-1.67734428097687,18.5810779604888,0.120420015696782,"m"
4916,-1.67708484357285,18.5832012796074,0.120428257902743,"m"
4917,-1.67682519780554,18.5853248373319,0.120436496187913,"m"
4918,-1.67656534164104,18.5874486083475,0.120444729823843,"m"
4919,-1.67630527304544,18.5895725673394,0.120452958082086,"m"
4920,-1.67604498998482,18.591696688993,0.120461180234194,"m"
4921,-1.67578449042525,18.5938209479934,0.120469395551719,"m"
4922,-1.67552377233283,18.5959453190258,0.120477603306212,"m"
4923,-1.67526283367365,18.5980697767755,0.120485802769226,"m"
4924,-1.67500167241378,18.6001942959277,0.120493993212314,"m"
4925,-1.67474028651931,18.6023188511676,0.120502173907027,"m"
4926,-1.67447867395632,18.6044434171804,0.120510344124916,"m"
4927,-1.6742168326909,18.6065679686514,0.120518503137536,"m"
4928,-1.67395476068914,18.6086924802657,0.120526650216436,"m"
4929,-1.67369245591711,18.6108169267087,0.120534784633171,"m"
4930,-1.67342991634091,18.6129412826655,0.12054290565929,"m"
4931,-1.67316713992807,18.6150655228371,0.120551012566602,"m"
4932,-1.67290412570396,18.617189633364,0.120559104811254,"m"
4933,-1.67264087561643,18.6193136319906,0.120567182358687,"m"
4934,-1.67237739211378,18.6214375418737,0.120575245261556,"m"
4935,-1.67211367764434,18.6235613861698,0.120583293572512,"m"
4936,-1.6718497346564,18.6256851880355,0.120591327344212,"m"
4937,-1.67158556559827,18.6278089706275,0.120599346629307,"m"
4938,-1.67132117291828,18.6299327571022,0.120607351480452,"m"
4939,-1.67105655906471,18.6320565706165,0.1206153419503,"m"
4940,-1.6707917264859,18.6341804343268,0.120623318091506,"m"
4941,-1.67052667763014,18.6363043713897,0.120631279956722,"m"
4942,-1.67026141494574,18.6384284049619,0.120639227598603,"m"
4943,-1.66999594088101,18.6405525582,0.120647161069803,"m"
4944,-1.66973025788427,18.6426768542605,0.120655080422974,"m"
4945,-1.66946436840382,18.6448013163001,0.120662985710772,"m"
4946,-1.66919827488797,18.6469259674754,0.120670876985848,"m"
4947,-1.66893197978503,18.649050830943,0.120678754300858,"m"
4948,-1.66866548554331,18.6511759298595,0.120686617708455,"m"
4949,-1.66839879461112,18.6533012873816,0.120694467261292,"m"
4950,-1.66813190943677,18.6554269266657,0.120702303012024,"m"
4951,-1.66786483246857,18.6575528708685,0.120710125013304,"m"
4952,-1.66759756615482,18.6596791431467,0.120717933317785,"m"
4953,-1.66733011294384,18.6618057666567,0.120725727978122,"m"
4954,-1.66706247528394,18.6639327645554,0.120733509046968,"m"
4955,-1.66679465562343,18.6660601599991,0.120741276576977,"m"
4956,-1.66652665641061,18.6681879761446,0.120749030620803,"m"
4957,-1.6662584800938,18.6703162361485,0.120756771231098,"m"
4958,-1.6659901291213,18.6724449631673,0.120764498460518,"m"
4959,-1.66572160594142,18.6745741803577,0.120772212361716,"m"
4960,-1.66545291300248,18.6767039108762,0.120779912987345,"m"
4961,-1.66518405275278,18.6788341778795,0.120787600390059,"m"
4962,-1.6649150270878,18.6809650019294,0.120795274647705,"m"
4963,-1.66464583193901,18.6830963755934,0.120802936109921,"m"
4964,-1.66437645959902,18.685228274359,0.120810585292173,"m"
4965,-1.6641069023085,18.6873606734699,0.120818222712295,"m"
4966,-1.66383715230813,18.6894935481698,0.120825848888119,"m"
4967,-1.66356720183859,18.6916268737024,0.120833464337479,"m"
4968,-1.66329704314054,18.6937606253116,0.120841069578208,"m"
4969,-1.66302666845468,18.6958947782408,0.120848665128138,"m"
4970,-1.66275607002168,18.698029307734,0.120856251505104,"m"
4971,-1.66248524008222,18.7001641890348,0.120863829226937,"m"
4972,-1.66221417087697,18.7022993973869,0.120871398811471,"m"
4973,-1.66194285464662,18.7044349080341,0.120878960776539,"m"
4974,-1.66167128363183,18.7065706962199,0.120886515639974,"m"
4975,-1.6613994500733,18.7087067371883,0.120894063919609,"m"
4976,-1.66112734621169,18.7108430061829,0.120901606133277,"m"
4977,-1.66085496428769,18.7129794784473,0.120909142798812,"m"
4978,-1.66058229654197,18.7151161292254,0.120916674434045,"m"
4979,-1.6603093352152,18.7172529337608,0.120924201556811,"m"
4980,-1.66003607254808,18.7193898672972,0.120931724684943,"m"
4981,-1.65976250078128,18.7215269050784,0.120939244336273,"m"
4982,-1.65948861215546,18.7236640223481,0.120946761028635,"m"
4983,-1.65921439891132,18.72580119435,0.120954275279861,"m"
4984,-1.65893985328953,18.7279383963278,0.120961787607785,"m"
4985,-1.65866496753076,18.7300756035252,0.120969298530239,"m"
4986,-1.6583897338757,18.732212791186,0.120976808565057,"m"
4987,-1.65811414456503,18.7343499345538,0.120984318230073,"m"
4988,-1.65783819183941,18.7364870088724,0.120991828043118,"m"
4989,-1.65756186793954,18.7386239893855,0.120999338522026,"m"
4990,-1.65728516510608,18.7407608513368,0.12100685018463,"m"
4991,-1.65700807557971,18.74289756997,0.121014363548763,"m"
4992,-1.65673059164036,18.7450341206247,0.121021879130919,"m"
4993,-1.65645271031677,18.7471704902336,0.121029397285614,"m"
4994,-1.65617443786059,18.7493066882453,0.121036918052774,"m"
4995,-1.6558957815831,18.7514427266952,0.12104444143618,"m"
4996,-1.65561674879561,18.7535786176189,0.121051967439616,"m"
4997,-1.65533734680941,18.7557143730518,0.121059496066864,"m"
4998,-1.65505758293581,18.7578500050295,0.121067027321705,"m"
4999,-1.65477746448609,18.7599855255873,0.121074561207922,"m"
5000,-1.65449699877155,18.7621209467609,0.121082097729297,"m"
5001,-1.6542161931035,18.7642562805856,0.121089636889613,"m"
5002,-1.65393505479323,18.7663915390969,0.121097178692651,"m"
5003,-1.65365359115203,18.7685267343304,0.121104723142195,"m"
5004,-1.65337180949121,18.7706618783216,0.121112270242026,"m"
5005,-1.65308971712206,18.7727969831058,0.121119819995926,"m"
5006,-1.65280732135587,18.7749320607186,0.121127372407678,"m"
5007,-1.65252462950396,18.7770671231955,0.121134927481064,"m"
5008,-1.6522416488776,18.7792021825719,0.121142485219866,"m"
5009,-1.6519583867881,18.7813372508834,0.121150045627866,"m"
5010,-1.65167485054676,18.7834723401654,0.121157608708848,"m"
5011,-1.65139104746488,18.7856074624534,0.121165174466592,"m"
5012,-1.65110698485374,18.787742629783,0.121172742904881,"m"
5013,-1.65082267002465,18.7898778541894,0.121180314027498,"m"
5014,-1.65053811028891,18.7920131477084,0.121187887838225,"m"
5015,-1.65025331295781,18.7941485223753,0.121195464340843,"m"
5016,-1.64996828534265,18.7962839902256,0.121203043539136,"m"
5017,-1.64968303475472,18.7984195632949,0.121210625436885,"m"
5018,-1.64939756850533,18.8005552536185,0.121218210037873,"m"
5019,-1.64911189390577,18.802691073232,0.121225797345882,"m"
5020,-1.64882601826734,18.8048270341709,0.121233387364694,"m"
5021,-1.64853994890133,18.8069631484707,0.121240980098091,"m"
5022,-1.64825369311905,18.8090994281667,0.121248575549856,"m"
5023,-1.64796725755957,18.8112358840302,0.121256173675788,"m"
5024,-1.64768064408857,18.813372517854,0.121263774090958,"m"
5025,-1.64739385250612,18.8155093275455,0.121271376262994,"m"
5026,-1.64710688260404,18.8176463109968,0.121278979658932,"m"
5027,-1.64681973417414,18.8197834660999,0.121286583745812,"m"
5028,-1.64653240700825,18.8219207907469,0.121294187990671,"m"
5029,-1.64624490089817,18.8240582828298,0.121301791860547,"m"
5030,-1.64595721563572,18.8261959402406,0.121309394822479,"m"
5031,-1.64566935101272,18.8283337608714,0.121316996343503,"m"
5032,-1.64538130682099,18.8304717426142,0.121324595890659,"m"
5033,-1.64509308285233,18.832609883361,0.121332192930983,"m"
5034,-1.64480467889856,18.8347481810038,0.121339786931515,"m"
5035,-1.64451609475151,18.8368866334347,0.121347377359291,"m"
5036,-1.64422733020297,18.8390252385457,0.12135496368135,"m"
5037,-1.64393838504478,18.8411639942289,0.12136254536473,"m"
5038,-1.64364925906875,18.8433028983762,0.121370121876469,"m"
5039,-1.64335995206668,18.8454419488797,0.121377692683604,"m"
5040,-1.64307046383041,18.8475811436314,0.121385257253174,"m"
5041,-1.64278079415174,18.8497204805234,0.121392815052216,"m"
5042,-1.64249094282248,18.8518599574477,0.121400365547769,"m"
5043,-1.64220090963446,18.8539995722963,0.12140790820687,"m"
5044,-1.64191069437949,18.8561393229613,0.121415442496558,"m"
5045,-1.64162029684939,18.8582792073346,0.12142296788387,"m"
5046,-1.64132971683596,18.8604192233083,0.121430483835845,"m"
5047,-1.64103895413103,18.8625593687745,0.121437989819519,"m"
5048,-1.64074800852642,18.8646996416252,0.121445485301932,"m"
5049,-1.64045687981393,18.8668400397523,0.121452969750121,"m"
5050,-1.64016556778538,18.868980561048,0.121460442631124,"m"
5051,-1.6398740722326,18.8711212034042,0.12146790341198,"m"
5052,-1.63958239294738,18.873261964713,0.121475351559725,"m"
5053,-1.63929052966645,18.8754028428533,0.121482786546085,"m"
5054,-1.63899847963019,18.8775438351085,0.121490208055081,"m"
5055,-1.63870623661519,18.8796849379359,0.121497616065314,"m"
5056,-1.63841379414288,18.8818261477319,0.121505010577081,"m"
5057,-1.6381211457347,18.8839674608929,0.121512391590679,"m"
5058,-1.63782828491211,18.8861088738152,0.121519759106406,"m"
5059,-1.63753520519653,18.8882503828953,0.121527113124561,"m"
5060,-1.63724190010941,18.8903919845295,0.12153445364544,"m"
5061,-1.63694836317219,18.8925336751143,0.121541780669342,"m"
5062,-1.63665458790631,18.8946754510461,0.121549094196564,"m"
5063,-1.6363605678332,18.8968173087211,0.121556394227405,"m"
5064,-1.63606629647432,18.898959244536,0.121563680762161,"m"
5065,-1.63577176735109,18.9011012548869,0.121570953801131,"m"
5066,-1.63547697398497,18.9032433361704,0.121578213344613,"m"
5067,-1.63518190989739,18.9053854847829,0.121585459392903,"m"
5068,-1.63488656860979,18.9075276971206,0.1215926919463,"m"
5069,-1.63459094364361,18.9096699695801,0.121599911005102,"m"
5070,-1.63429502852029,18.9118122985577,0.121607116569607,"m"
5071,-1.63399881676128,18.9139546804498,0.121614308640111,"m"
5072,-1.63370230188801,18.9160971116528,0.121621487216914,"m"
5073,-1.63340547742193,18.9182395885631,0.121628652300312,"m"
5074,-1.63310833688447,18.9203821075771,0.121635803890603,"m"
5075,-1.63281087379707,18.9225246650911,0.121642941988086,"m"
5076,-1.63251308168118,18.9246672575017,0.121650066593057,"m"
5077,-1.63221495405824,18.9268098812052,0.121657177705816,"m"
5078,-1.63191648444968,18.9289525325979,0.121664275326658,"m"
5079,-1.63161766637695,18.9310952080763,0.121671359455883,"m"
5080,-1.63131849336149,18.9332379040368,0.121678430093788,"m"
5081,-1.63101895892473,18.9353806168757,0.12168548724067,"m"
5082,-1.63071905658813,18.9375233429895,0.121692530896828,"m"
5083,-1.63041877987311,18.9396660787746,0.121699561062559,"m"
5084,-1.63011812385614,18.9418088204691,0.121706577811148,"m"
5085,-1.62981709111969,18.943951563548,0.121713581568184,"m"
5086,-1.62951568650805,18.9460943032558,0.121720572865415,"m"
5087,-1.62921391486596,18.9482370348375,0.121727552234613,"m"
5088,-1.62891178103815,18.9503797535375,0.121734520207549,"m"
5089,-1.62860928986936,18.9525224546008,0.121741477315995,"m"
5090,-1.62830644620434,18.9546651332719,0.12174842409172,"m"
5091,-1.62800325488783,18.9568077847956,0.121755361066497,"m"
5092,-1.62769972076456,18.9589504044165,0.121762288772095,"m"
5093,-1.62739584867928,18.9610929873795,0.121769207740287,"m"
5094,-1.62709164347672,18.9632355289291,0.121776118502843,"m"
5095,-1.62678711000164,18.9653780243101,0.121783021591534,"m"
5096,-1.62648225309876,18.9675204687673,0.121789917538132,"m"
5097,-1.62617707761284,18.9696628575452,0.121796806874407,"m"
5098,-1.6258715883886,18.9718051858887,0.12180369013213,"m"
5099,-1.62556579027079,18.9739474490423,0.121810567843072,"m"
5100,-1.62525968810415,18.9760896422509,0.121817440539005,"m"
5101,-1.62495328673342,18.9782317607592,0.1218243087517,"m"
5102,-1.62464659100335,18.9803737998117,0.121831173012927,"m"
5103,-1.62433960575866,18.9825157546533,0.121838033854457,"m"
5104,-1.62403233584411,18.9846576205287,0.121844891808062,"m"
5105,-1.62372478610443,18.9867993926825,0.121851747405512,"m"
5106,-1.62341696138436,18.9889410663595,0.121858601178579,"m"
5107,-1.62310886652865,18.9910826368043,0.121865453659034,"m"
5108,-1.62280050638203,18.9932240992617,0.121872305378647,"m"
5109,-1.62249188578924,18.9953654489764,0.12187915686919,"m"
5110,-1.62218300959503,18.9975066811931,0.121886008662434,"m"
5111,-1.62187388264413,18.9996477911564,0.12189286129015,"m"
5112,-1.62156450978129,19.0017887741112,0.121899715284108,"m"
5113,-1.62125489585124,19.0039296253021,0.12190657117608,"m"
5114,-1.62094504577233,19.0060703401009,0.121913429486767,"m"
5115,-1.62063496615555,19.0082109168035,0.121920290482246,"m"
5116,-1.62032466530461,19.01035135663,0.121927154173976,"m"
5117,-1.62001415159677,19.0124916609273,0.121934020562341,"m"
5118,-1.61970343340931,19.0146318310427,0.121940889647729,"m"
5119,-1.61939251911952,19.0167718683231,0.121947761430526,"m"
5120,-1.61908141710468,19.0189117741158,0.121954635911118,"m"
5121,-1.61877013574206,19.0210515497678,0.121961513089892,"m"
5122,-1.61845868340894,19.0231911966262,0.121968392967233,"m"
5123,-1.61814706848261,19.0253307160381,0.121975275543528,"m"
5124,-1.61783529934035,19.0274701093505,0.121982160819164,"m"
5125,-1.61752338435943,19.0296093779107,0.121989048794526,"m"
5126,-1.61721133191713,19.0317485230657,0.121995939470002,"m"
5127,-1.61689915039074,19.0338875461626,0.122002832845976,"m"
5128,-1.61658684815753,19.0360264485485,0.122009728922837,"m"
5129,-1.61627443359479,19.0381652315704,0.122016627700969,"m"
5130,-1.61596191507979,19.0403038965756,0.12202352918076,"m"
5131,-1.61564930098981,19.0424424449111,0.122030433362595,"m"
5132,-1.61533659970213,19.0445808779239,0.122037340246861,"m"
5133,-1.61502381959404,19.0467191969613,0.122044249833945,"m"
5134,-1.61471096904281,19.0488574033702,0.122051162124232,"m"
5135,-1.61439805642572,19.0509954984979,0.122058077118109,"m"
5136,-1.61408509012006,19.0531334836913,0.122064994815962,"m"
5137,-1.6137720785031,19.0552713602976,0.122071915218178,"m"
5138,-1.61345902995211,19.0574091296639,0.122078838325142,"m"
5139,-1.61314595284439,19.0595467931373,0.122085764137242,"m"
5140,-1.61283285555721,19.0616843520648,0.122092692654863,"m"
5141,-1.61251974646786,19.0638218077937,0.122099623878392,"m"
5142,-1.6122066339536,19.0659591616709,0.122106557808215,"m"
5143,-1.61189352639172,19.0680964150436,0.122113494444719,"m"
5144,-1.61158043215847,19.0702335692589,0.122120433788267,"m"
5145,-1.61126735454582,19.0723706252681,0.12212737573262,"m"
5146,-1.61095427997309,19.0745075827101,0.122134319817752,"m"
5147,-1.6106411913641,19.0766444409518,0.122141265510349,"m"
5148,-1.61032807164268,19.0787811993601,0.122148212277093,"m"
5149,-1.61001490373265,19.080917857302,0.122155159584669,"m"
5150,-1.60970167055783,19.0830544141443,0.12216210689976,"m"
5151,-1.60938835504205,19.0851908692538,0.12216905368905,"m"
5152,-1.60907494010912,19.0873272219976,0.122175999419222,"m"
5153,-1.60876140868287,19.0894634717425,0.122182943556961,"m"
5154,-1.60844774368712,19.0915996178553,0.122189885568949,"m"
5155,-1.60813392804569,19.0937356597031,0.122196824921872,"m"
5156,-1.60781994468241,19.0958715966527,0.122203761082411,"m"
5157,-1.60750577652109,19.0980074280709,0.122210693517251,"m"
5158,-1.60719140648557,19.1001431533248,0.122217621693077,"m"
5159,-1.60687681749966,19.1022787717811,0.12222454507657,"m"
5160,-1.60656199248719,19.1044142828068,0.122231463134416,"m"
5161,-1.60624691437197,19.1065496857689,0.122238375333297,"m"
5162,-1.60593156607784,19.1086849800341,0.122245281139898,"m"
5163,-1.6056159305286,19.1108201649694,0.122252180020903,"m"
5164,-1.6052999906481,19.1129552399416,0.122259071442994,"m"
5165,-1.60498372936014,19.1150902043178,0.122265954872855,"m"
5166,-1.60466712958855,19.1172250574647,0.122272829777171,"m"
5167,-1.60435017425715,19.1193597987493,0.122279695622625,"m"
5168,-1.60403284628977,19.1214944275384,0.122286551875901,"m"
5169,-1.60371512861022,19.1236289431991,0.122293398003682,"m"
5170,-1.60339700414233,19.1257633450981,0.122300233472652,"m"
5171,-1.60307845580993,19.1278976326023,0.122307057749495,"m"
5172,-1.60275946653683,19.1300318050788,0.122313870300894,"m"
5173,-1.60244001924686,19.1321658618943,0.122320670593533,"m"
5174,-1.60212009686384,19.1342998024157,0.122327458094097,"m"
5175,-1.60179968371329,19.136433626084,0.122334232291176,"m"
5176,-1.60147878315025,19.1385673333446,0.122340992970796,"m"
5177,-1.60115741224403,19.1407009253667,0.122347740133335,"m"
5178,-1.60083558836669,19.1428344033357,0.122354473783903,"m"
5179,-1.60051332889029,19.1449677684369,0.122361193927611,"m"
5180,-1.60019065118691,19.1471010218556,0.122367900569571,"m"
5181,-1.59986757262861,19.1492341647771,0.122374593714892,"m"
5182,-1.59954411058745,19.1513671983867,0.122381273368685,"m"
5183,-1.5992202824355,19.1535001238698,0.122387939536061,"m"
5184,-1.59889610554483,19.1556329424116,0.122394592222131,"m"
5185,-1.59857159728751,19.1577656551974,0.122401231432005,"m"
5186,-1.5982467750356,19.1598982634126,0.122407857170794,"m"
5187,-1.59792165616117,19.1620307682424,0.122414469443609,"m"
5188,-1.59759625803628,19.1641631708722,0.12242106825556,"m"
5189,-1.597270598033,19.1662954724873,0.122427653611759,"m"
5190,-1.59694469352339,19.168427674273,0.122434225517315,"m"
5191,-1.59661856187954,19.1705597774145,0.12244078397734,"m"
5192,-1.59629222047349,19.1726917830973,0.122447328996944,"m"
5193,-1.59596568667732,19.1748236925066,0.122453860581238,"m"
5194,-1.59563897786309,19.1769555068277,0.122460378735332,"m"
5195,-1.59531211140287,19.179087227246,0.122466883464338,"m"
5196,-1.59498510466873,19.1812188549467,0.122473374773365,"m"
5197,-1.59465797503272,19.1833503911151,0.122479852667525,"m"
5198,-1.59433073986693,19.1854818369366,0.122486317151929,"m"
5199,-1.59400341654342,19.1876131935965,0.122492768231687,"m"
5200,-1.59367602243424,19.18974446228,0.122499205911909,"m"
5201,-1.59334857491148,19.1918756441725,0.122505630197707,"m"
5202,-1.59302109134718,19.1940067404594,0.12251204109419,"m"
5203,-1.59269358911343,19.1961377523258,0.122518438606471,"m"
5204,-1.59236608558229,19.1982686809571,0.122524822739659,"m"
5205,-1.59203859809591,19.2003995275329,0.122531193499423,"m"
5206,-1.59171113651672,19.2025302917784,0.122537551030913,"m"
5207,-1.59138369342215,19.2046609700589,0.122543895801612,"m"
5208,-1.59105625895547,19.206791558266,0.122550228324392,"m"
5209,-1.59072882325996,19.2089220522918,0.122556549112127,"m"
5210,-1.5904013764789,19.211052448028,0.12256285867769,"m"
5211,-1.59007390875555,19.2131827413666,0.122569157533956,"m"
5212,-1.58974641023321,19.2153129281994,0.122575446193797,"m"
5213,-1.58941887105514,19.2174430044183,0.122581725170087,"m"
5214,-1.58909128136462,19.2195729659151,0.1225879949757,"m"
5215,-1.58876363130492,19.2217028085818,0.122594256123509,"m"
5216,-1.58843591101932,19.2238325283101,0.122600509126388,"m"
5217,-1.5881081106511,19.2259621209919,0.122606754497211,"m"
5218,-1.58778022034353,19.2280915825191,0.12261299274885,"m"
5219,-1.58745223023989,19.2302209087837,0.12261922439418,"m"
5220,-1.58712413048345,19.2323500956773,0.122625449946073,"m"
5221,-1.58679591121749,19.234479139092,0.122631669917404,"m"
5222,-1.58646756258529,19.2366080349195,0.122637884821046,"m"
5223,-1.58613907473012,19.2387367790518,0.122644095169873,"m"
5224,-1.58581043779525,19.2408653673806,0.122650301476757,"m"
5225,-1.58548164192397,19.242993795798,0.122656504254574,"m"
5226,-1.58515267725954,19.2451220601957,0.122662704016195,"m"
5227,-1.58482353394525,19.2472501564655,0.122668901274495,"m"
5228,-1.58449420212437,19.2493780804995,0.122675096542348,"m"
5229,-1.58416467194018,19.2515058281894,0.122681290332626,"m"
5230,-1.58383493353594,19.2536333954271,0.122687483158204,"m"
5231,-1.58350497705495,19.2557607781044,0.122693675531954,"m"
5232,-1.58317479264046,19.2578879721133,0.122699867966751,"m"
5233,-1.58284437043577,19.2600149733456,0.122706060975468,"m"
5234,-1.58251370058414,19.2621417776932,0.122712255070978,"m"
5235,-1.58218277322885,19.2642683810479,0.122718450766155,"m"
5236,-1.58185157926088,19.2663947791664,0.122724648542815,"m"
5237,-1.58152011607889,19.2685209666291,0.122730848612457,"m"
5238,-1.58118838443234,19.2706469374104,0.122737051047393,"m"
5239,-1.58085638509839,19.2727726854799,0.122743255918787,"m"
5240,-1.58052411885418,19.2748982048072,0.122749463297803,"m"
5241,-1.58019158647686,19.2770234893618,0.122755673255604,"m"
5242,-1.57985878874358,19.2791485331132,0.122761885863352,"m"
5243,-1.57952572643149,19.281273330031,0.122768101192213,"m"
5244,-1.57919240031773,19.2833978740848,0.122774319313349,"m"
5245,-1.57885881117945,19.285522159244,0.122780540297922,"m"
5246,-1.5785249597938,19.2876461794783,0.122786764217098,"m"
5247,-1.57819084693794,19.2897699287571,0.122792991142038,"m"
5248,-1.577856473389,19.29189340105,0.122799221143907,"m"
5249,-1.57752183992413,19.2940165903265,0.122805454293868,"m"
5250,-1.5771869473205,19.2961394905563,0.122811690663084,"m"
5251,-1.57685179635523,19.2982620957088,0.122817930322718,"m"
5252,-1.57651638780548,19.3003843997535,0.122824173343934,"m"
5253,-1.57618072244841,19.3025063966601,0.122830419797895,"m"
5254,-1.57584480106115,19.3046280803981,0.122836669755765,"m"
5255,-1.57550862442086,19.3067494449369,0.122842923288706,"m"
5256,-1.57517219330468,19.3088704842463,0.122849180467883,"m"
5257,-1.57483550848976,19.3109911922956,0.122855441364459,"m"
5258,-1.57449857075326,19.3131115630545,0.122861706049596,"m"
5259,-1.57416138087231,19.3152315904924,0.122867974594459,"m"
5260,-1.57382393962407,19.317351268579,0.12287424707021,"m"
5261,-1.57348624778569,19.3194705912838,0.122880523548014,"m"
5262,-1.57314830613431,19.3215895525762,0.122886804099032,"m"
5263,-1.57281011544708,19.323708146426,0.12289308879443,"m"
5264,-1.57247167650116,19.3258263668025,0.12289937770537,"m"
5265,-1.57213299007368,19.3279442076754,0.122905670903015,"m"
5266,-1.57179405697217,19.3300616630802,0.12291196845411,"m"
5267,-1.57145488013271,19.3321787316807,0.122918270115725,"m"
5268,-1.57111546598007,19.334295419726,0.12292457513738,"m"
5269,-1.57077582126236,19.3364117341684,0.122930882721547,"m"
5270,-1.57043595272772,19.3385276819602,0.122937192070699,"m"
5271,-1.57009586712429,19.3406432700536,0.12294350238731,"m"
5272,-1.56975557120019,19.3427585054009,0.122949812873853,"m"
5273,-1.56941507170355,19.3448733949544,0.1229561227328,"m"
5274,-1.56907437538251,19.3469879456664,0.122962431166625,"m"
5275,-1.56873348898519,19.3491021644892,0.122968737377801,"m"
5276,-1.56839241925973,19.351216058375,0.1229750405688,"m"
5277,-1.56805117295426,19.3533296342761,0.122981339942096,"m"
5278,-1.5677097568169,19.3554428991448,0.122987634700163,"m"
5279,-1.5673681775958,19.3575558599334,0.122993924045471,"m"
5280,-1.56702644203907,19.359668523594,0.123000207180496,"m"
5281,-1.56668455689486,19.3617808970791,0.12300648330771,"m"
5282,-1.56634252891129,19.3638929873409,0.123012751629585,"m"
5283,-1.5660003648365,19.3660048013317,0.123019011348596,"m"
5284,-1.56565807141861,19.3681163460037,0.123025261667215,"m"
5285,-1.56531565540575,19.3702276283092,0.123031501787914,"m"
5286,-1.56497312354607,19.3723386552006,0.123037730913168,"m"
5287,-1.56463048258768,19.37444943363,0.123043948245449,"m"
5288,-1.56428773927872,19.3765599705497,0.12305015298723,"m"
5289,-1.56394490036732,19.3786702729121,0.123056344340984,"m"
5290,-1.56360197260161,19.3807803476694,0.123062521509185,"m"
5291,-1.56325896272972,19.3828902017739,0.123068683694304,"m"
5292,-1.56291587749979,19.3849998421778,0.123074830098816,"m"
5293,-1.56257272365994,19.3871092758335,0.123080959925194,"m"
5294,-1.56222950795831,19.3892185096932,0.123087072375909,"m"
5295,-1.56188623714302,19.3913275507091,0.123093166653436,"m"
5296,-1.56154291796221,19.3934364058337,0.123099241960248,"m"
5297,-1.5611995556857,19.3955450811869,0.123105297698532,"m"
5298,-1.56085614695052,19.3976535780292,0.123111334436744,"m"
5299,-1.56051268526898,19.399761895862,0.123117353165478,"m"
5300,-1.56016916414909,19.4018700341845,0.123123354875911,"m"
5301,-1.55982557709886,19.4039779924956,0.123129340559219,"m"
5302,-1.5594819176263,19.4060857702943,0.123135311206577,"m"
5303,-1.55913817923943,19.4081933670797,0.123141267809163,"m"
5304,-1.55879435544624,19.4103007823508,0.123147211358153,"m"
5305,-1.55845043975476,19.4124080156067,0.123153142844723,"m"
5306,-1.55810642567298,19.4145150663464,0.123159063260049,"m"
5307,-1.55776230670893,19.4166219340689,0.123164973595307,"m"
5308,-1.5574180763706,19.4187286182732,0.123170874841675,"m"
5309,-1.55707372816602,19.4208351184584,0.123176767990328,"m"
5310,-1.55672925560318,19.4229414341235,0.123182654032442,"m"
5311,-1.5563846521901,19.4250475647675,0.123188533959194,"m"
5312,-1.55603991143479,19.4271535098895,0.12319440876176,"m"
5313,-1.55569502684526,19.4292592689885,0.123200279431316,"m"
5314,-1.55534999192951,19.4313648415636,0.12320614695904,"m"
5315,-1.55500480019556,19.4334702271137,0.123212012336106,"m"
5316,-1.55465944515141,19.4355754251378,0.123217876553692,"m"
5317,-1.55431392030508,19.4376804351352,0.123223740602973,"m"
5318,-1.55396821916458,19.4397852566046,0.123229605475126,"m"
5319,-1.55362233523791,19.4418898890453,0.123235472161327,"m"
5320,-1.55327626203309,19.4439943319562,0.123241341652753,"m"
5321,-1.55292999305812,19.4460985848363,0.12324721494058,"m"
5322,-1.55258352182102,19.4482026471847,0.123253093015984,"m"
5323,-1.55223684182978,19.4503065185004,0.123258976870142,"m"
5324,-1.55188994659244,19.4524101982825,0.123264867494229,"m"
5325,-1.55154282961698,19.4545136860299,0.123270765879422,"m"
5326,-1.55119548441143,19.4566169812418,0.123276673016898,"m"
5327,-1.55084790454567,19.458720083355,0.123282589869492,"m"
5328,-1.5505000855373,19.460822989853,0.123288516508106,"m"
5329,-1.55015202519694,19.4629256959193,0.123294451953564,"m"
5330,-1.54980372146673,19.4650281966055,0.123300395166455,"m"
5331,-1.54945517228883,19.4671304869632,0.123306345107369,"m"
5332,-1.54910637560537,19.4692325620441,0.123312300736896,"m"
5333,-1.54875732935852,19.4713344168997,0.123318261015627,"m"
5334,-1.54840803149041,19.4734360465815,0.123324224904151,"m"
5335,-1.54805847994321,19.4755374461413,0.123330191363058,"m"
5336,-1.54770867265904,19.4776386106305,0.123336159352938,"m"
5337,-1.54735860758007,19.4797395351009,0.123342127834381,"m"
5338,-1.54700828264844,19.481840214604,0.123348095767977,"m"
5339,-1.54665769580631,19.4839406441913,0.123354062114316,"m"
5340,-1.54630684499581,19.4860408189146,0.123360025833987,"m"
5341,-1.5459557281591,19.4881407338253,0.123365985887582,"m"
5342,-1.54560434323832,19.4902403839751,0.123371941235689,"m"
5343,-1.54525268817563,19.4923397644157,0.123377890838899,"m"
5344,-1.54490076091317,19.4944388701985,0.123383833657802,"m"
5345,-1.5445485593931,19.4965376963752,0.123389768652988,"m"
5346,-1.54419608155755,19.4986362379973,0.123395694785046,"m"
5347,-1.54384332534869,19.5007344901166,0.123401611014566,"m"
5348,-1.54349028870865,19.5028324477845,0.123407516302139,"m"
5349,-1.54313696957958,19.5049301060527,0.123413409608355,"m"
5350,-1.54278336590364,19.5070274599728,0.123419289893803,"m"
5351,-1.54242947562297,19.5091245045963,0.123425156119073,"m"
5352,-1.54207529667973,19.5112212349749,0.123431007244755,"m"
5353,-1.54172082701605,19.5133176461602,0.12343684223144,"m"
5354,-1.54136606457409,19.5154137332038,0.123442660039717,"m"
5355,-1.54101100729599,19.5175094911572,0.123448459630176,"m"
5356,-1.54065565312392,19.5196049150721,0.123454239963407,"m"
5357,-1.5403,19.5217,0.12346,"m"
5358,-1.53994404866327,19.5237947416535,0.123465739046896,"m"
5359,-1.53958781104025,19.5258891383885,0.12347145779644,"m"
5360,-1.53923130185433,19.527983189222,0.123477157287327,"m"
5361,-1.53887453582892,19.5300768931708,0.123482838558253,"m"
5362,-1.5385175276874,19.5321702492519,0.123488502647914,"m"
5363,-1.53816029215318,19.534263256482,0.123494150595006,"m"
5364,-1.53780284394965,19.5363559138782,0.123499783438223,"m"
5365,-1.5374451978002,19.5384482204574,0.123505402216262,"m"
5366,-1.53708736842824,19.5405401752363,0.123511007967819,"m"
5367,-1.53672937055716,19.542631777232,0.123516601731589,"m"
5368,-1.53637121891035,19.5447230254612,0.123522184546268,"m"
5369,-1.53601292821122,19.546813918941,0.123527757450551,"m"
5370,-1.53565451318315,19.5489044566881,0.123533321483135,"m"
5371,-1.53529598854956,19.5509946377196,0.123538877682715,"m"
5372,-1.53493736903382,19.5530844610522,0.123544427087986,"m"
5373,-1.53457866935934,19.5551739257029,0.123549970737644,"m"
5374,-1.53421990424952,19.5572630306885,0.123555509670386,"m"
5375,-1.53386108842775,19.559351775026,0.123561044924906,"m"
5376,-1.53350223661743,19.5614401577323,0.1235665775399,"m"
5377,-1.53314336354195,19.5635281778242,0.123572108554065,"m"
5378,-1.53278448392471,19.5656158343187,0.123577639006095,"m"
5379,-1.53242561248911,19.5677031262327,0.123583169934687,"m"
5380,-1.53206676395855,19.5697900525829,0.123588702378536,"m"
5381,-1.53170795305641,19.5718766123864,0.123594237376337,"m"
5382,-1.5313491945061,19.57396280466,0.123599775966787,"m"
5383,-1.53099050303102,19.5760486284207,0.123605319188582,"m"
5384,-1.53063189335455,19.5781340826852,0.123610868080416,"m"
5385,-1.5302733802001,19.5802191664706,0.123616423680986,"m"
5386,-1.52991497829107,19.5823038787937,0.123621987028986,"m"
5387,-1.52955670235084,19.5843882186713,0.123627559163114,"m"
5388,-1.52919856624247,19.5864721854131,0.123633141061959,"m"
5389,-1.5288405688303,19.5885557834293,0.123638732656247,"m"
5390,-1.52848269623873,19.5906390214633,0.123644332986655,"m"
5391,-1.52812493418741,19.5927219083957,0.123649941065578,"m"
5392,-1.52776726839596,19.5948044531075,0.123655555905413,"m"
5393,-1.52740968458401,19.5968866644794,0.123661176518554,"m"
5394,-1.52705216847119,19.5989685513922,0.123666801917397,"m"
5395,-1.52669470577714,19.6010501227269,0.123672431114337,"m"
5396,-1.52633728222148,19.6031313873642,0.12367806312177,"m"
5397,-1.52597988352384,19.6052123541849,0.123683696952092,"m"
5398,-1.52562249540385,19.6072930320699,0.123689331617698,"m"
5399,-1.52526510358114,19.6093734298999,0.123694966130983,"m"
5400,-1.52490769377534,19.6114535565559,0.123700599504343,"m"
5401,-1.52455025170608,19.6135334209186,0.123706230750174,"m"
5402,-1.52419276309299,19.6156130318689,0.123711858880871,"m"
5403,-1.52383521365571,19.6176923982876,0.123717482908829,"m"
5404,-1.52347758911385,19.6197715290554,0.123723101846444,"m"
5405,-1.52311987518705,19.6218504330533,0.123728714706112,"m"
5406,-1.52276205759494,19.6239291191621,0.123734320500228,"m"
5407,-1.52240412205715,19.6260075962625,0.123739918241187,"m"
5408,-1.52204605429331,19.6280858732354,0.123745506941385,"m"
5409,-1.52168784002304,19.6301639589617,0.123751085613218,"m"
5410,-1.52132946496599,19.6322418623221,0.123756653269081,"m"
5411,-1.52097091484177,19.6343195921975,0.123762208921369,"m"
5412,-1.52061217537002,19.6363971574687,0.123767751582478,"m"
5413,-1.52025323227037,19.6384745670165,0.123773280264804,"m"
5414,-1.51989407126245,19.6405518297217,0.123778793980742,"m"
5415,-1.51953467806588,19.6426289544652,0.123784291742687,"m"
5416,-1.5191750384003,19.6447059501279,0.123789772563036,"m"
5417,-1.51881513798534,19.6467828255904,0.123795235454183,"m"
5418,-1.51845496254522,19.6488595897265,0.1238006794291,"m"
5419,-1.51809450113726,19.6509362461838,0.123806103918854,"m"
5420,-1.51773375202728,19.6530127841723,0.123811509509595,"m"
5421,-1.517372715058,19.6550891904294,0.123816896985279,"m"
5422,-1.51701139007215,19.6571654516926,0.12382226712986,"m"
5423,-1.51664977691244,19.6592415546995,0.123827620727291,"m"
5424,-1.5162878754216,19.6613174861875,0.123832958561528,"m"
5425,-1.51592568544234,19.663393232894,0.123838281416523,"m"
5426,-1.51556320681739,19.6654687815567,0.123843590076231,"m"
5427,-1.51520043938946,19.6675441189129,0.123848885324607,"m"
5428,-1.51483738300128,19.6696192317003,0.123854167945603,"m"
5429,-1.51447403749556,19.6716941066561,0.123859438723175,"m"
5430,-1.51411040271504,19.6737687305181,0.123864698441277,"m"
5431,-1.51374647850241,19.6758430900236,0.123869947883862,"m"
5432,-1.51338226470042,19.6779171719101,0.123875187834884,"m"
5433,-1.51301776115178,19.6799909629152,0.123880419078299,"m"
5434,-1.5126529676992,19.6820644497763,0.123885642398059,"m"
5435,-1.51228788418541,19.6841376192309,0.123890858578119,"m"
5436,-1.51192251045314,19.6862104580165,0.123896068402433,"m"
5437,-1.51155684634509,19.6882829528706,0.123901272654955,"m"
5438,-1.51119089170399,19.6903550905307,0.123906472119639,"m"
5439,-1.51082464637256,19.6924268577343,0.123911667580439,"m"
5440,-1.51045811019352,19.6944982412189,0.12391685982131,"m"
5441,-1.5100912830096,19.6965692277219,0.123922049626206,"m"
5442,-1.50972416466351,19.6986398039809,0.12392723777908,"m"
5443,-1.50935675499796,19.7007099567334,0.123932425063886,"m"
5444,-1.50898905385569,19.7027796727168,0.12393761226458,"m"
5445,-1.50862106107942,19.7048489386686,0.123942800165114,"m"
5446,-1.50825277651185,19.7069177413263,0.123947989549443,"m"
5447,-1.50788419999572,19.7089860674275,0.123953181201521,"m"
5448,-1.50751533137375,19.7110539037096,0.123958375905302,"m"
5449,-1.50714617130464,19.7131212377157,0.123963574401176,"m"
5450,-1.50677672925017,19.7151880656809,0.123968776959546,"m"
5451,-1.50640702004318,19.7172543891434,0.12397398356406,"m"
5452,-1.50603705859317,19.7193202097169,0.123979194194275,"m"
5453,-1.50566685980962,19.7213855290153,0.123984408829747,"m"
5454,-1.50529643860202,19.7234503486525,0.123989627450031,"m"
5455,-1.50492580987986,19.7255146702423,0.123994850034685,"m"
5456,-1.50455498855264,19.7275784953986,0.124000076563265,"m"
5457,-1.50418398952983,19.7296418257352,0.124005307015327,"m"
5458,-1.50381282772093,19.7317046628659,0.124010541370428,"m"
5459,-1.50344151803543,19.7337670084046,0.124015779608123,"m"
5460,-1.50307007538281,19.7358288639651,0.124021021707969,"m"
5461,-1.50269851467256,19.7378902311614,0.124026267649522,"m"
5462,-1.50232685081417,19.7399511116071,0.12403151741234,"m"
5463,-1.50195509871714,19.7420115069163,0.124036770975977,"m"
5464,-1.50158327329095,19.7440714187026,0.12404202831999,"m"
5465,-1.50121138944508,19.74613084858,0.124047289423936,"m"
5466,-1.50083946208903,19.7481897981624,0.124052554267372,"m"
5467,-1.50046750613228,19.7502482690634,0.124057822829852,"m"
5468,-1.50009553648433,19.7523062628971,0.124063095090934,"m"
5469,-1.49972356805466,19.7543637812772,0.124068371030174,"m"
5470,-1.49935161575276,19.7564208258177,0.124073650627128,"m"
5471,-1.49897969448812,19.7584773981322,0.124078933861352,"m"
5472,-1.49860781917023,19.7605334998348,0.124084220712404,"m"
5473,-1.49823600470857,19.7625891325391,0.124089511159839,"m"
5474,-1.49786426601264,19.7646442978591,0.124094805183213,"m"
5475,-1.49749261799193,19.7666989974087,0.124100102762083,"m"
5476,-1.49712107555591,19.7687532328016,0.124105403876005,"m"
5477,-1.49674965361409,19.7708070056517,0.124110708504536,"m"
5478,-1.49637836707595,19.7728603175729,0.124116016627231,"m"
5479,-1.49600723076808,19.7749131701925,0.124121328221872,"m"
5480,-1.49563624948577,19.7769655667743,0.124126643051422,"m"
5481,-1.49526540854212,19.7790175137603,0.124131960461636,"m"
5482,-1.4948946910118,19.7810690179577,0.124137279750335,"m"
5483,-1.4945240799695,19.7831200861734,0.12414260021534,"m"
5484,-1.49415355848992,19.7851707252148,0.12414792115447,"m"
5485,-1.49378310964774,19.7872209418888,0.124153241865547,"m"
5486,-1.49341271651766,19.7892707430027,0.124158561646391,"m"
5487,-1.49304236217435,19.7913201353635,0.124163879794823,"m"
5488,-1.49267202969252,19.7933691257784,0.124169195608664,"m"
5489,-1.49230170214684,19.7954177210545,0.124174508385734,"m"
5490,-1.49193136261201,19.797465927999,0.124179817423854,"m"
5491,-1.49156099416272,19.7995137534189,0.124185122020844,"m"
5492,-1.49119057987366,19.8015612041214,0.124190421474525,"m"
5493,-1.49082010281951,19.8036082869136,0.124195715082718,"m"
5494,-1.49044954607497,19.8056550086027,0.124201002143243,"m"
5495,-1.49007889271472,19.8077013759957,0.124206281953921,"m"
5496,-1.48970812581346,19.8097473958999,0.124211553812573,"m"
5497,-1.48933722844587,19.8117930751222,0.124216817017019,"m"
5498,-1.48896618368663,19.81383842047,0.124222070865079,"m"
5499,-1.48859497461045,19.8158834387502,0.124227314654575,"m"
5500,-1.48822358429201,19.81792813677,0.124232547683328,"m"
5501,-1.487851995806,19.8199725213365,0.124237769249157,"m"
5502,-1.4874801922271,19.8220165992569,0.124242978649883,"m"
5503,-1.48710815663001,19.8240603773383,0.124248175183328,"m"
5504,-1.48673587208942,19.8261038623878,0.124253358147311,"m"
5505,-1.48636332168001,19.8281470612126,0.124258526839653,"m"
5506,-1.48599048847647,19.8301899806197,0.124263680558175,"m"
5507,-1.4856173555535,19.8322326274163,0.124268818600698,"m"
5508,-1.48524390598578,19.8342750084096,0.124273940265042,"m"
5509,-1.484870122848,19.8363171304065,0.124279044849028,"m"
5510,-1.48449599164301,19.8383589989296,0.12428413177595,"m"
5511,-1.48412151511606,19.8404006103779,0.124289201360099,"m"
5512,-1.4837467034737,19.8424419572023,0.124294254301327,"m"
5513,-1.48337156695232,19.8444830318384,0.124299291301027,"m"
5514,-1.48299611578832,19.8465238267213,0.124304313060591,"m"
5515,-1.48262036021808,19.8485643342865,0.124309320281412,"m"
5516,-1.482244310478,19.8506045469693,0.124314313664884,"m"
5517,-1.48186797680447,19.8526444572049,0.124319293912399,"m"
5518,-1.48149136943388,19.8546840574287,0.12432426172535,"m"
5519,-1.48111449860262,19.8567233400761,0.124329217805131,"m"
5520,-1.48073737454708,19.8587622975824,0.124334162853133,"m"
5521,-1.48036000750364,19.8608009223829,0.124339097570751,"m"
5522,-1.47998240770871,19.8628392069129,0.124344022659377,"m"
5523,-1.47960458539868,19.8648771436077,0.124348938820404,"m"
5524,-1.47922655080992,19.8669147249027,0.124353846755224,"m"
5525,-1.47884831417885,19.8689519432333,0.124358747165232,"m"
5526,-1.47846988574183,19.8709887910347,0.12436364075182,"m"
5527,-1.47809127573528,19.8730252607422,0.12436852821638,"m"
5528,-1.47771249439557,19.8750613447913,0.124373410260306,"m"
5529,-1.4773335519591,19.8770970356172,0.124378287584991,"m"
5530,-1.47695445866226,19.8791323256552,0.124383160891828,"m"
5531,-1.47657522474144,19.8811672073407,0.124388030882209,"m"
5532,-1.47619586043303,19.883201673109,0.124392898257528,"m"
5533,-1.47581637597342,19.8852357153955,0.124397763719177,"m"
5534,-1.475436781599,19.8872693266354,0.12440262796855,"m"
5535,-1.47505708754617,19.8893024992641,0.12440749170704,"m"
5536,-1.47467730405131,19.891335225717,0.124412355636039,"m"
5537,-1.47429744135082,19.8933674984293,0.12441722045694,"m"
5538,-1.47391750968109,19.8953993098363,0.124422086871137,"m"
5539,-1.4735375192785,19.8974306523735,0.124426955580021,"m"
5540,-1.47315748026538,19.8994615185617,0.124431827279037,"m"
5541,-1.47277739759696,19.9014919047989,0.124436702394098,"m"
5542,-1.47239726905878,19.9035218128627,0.124441580977127,"m"
5543,-1.47201709190829,19.9055512449269,0.1244464630525,"m"
5544,-1.4716368634029,19.9075802031655,0.124451348644594,"m"
5545,-1.47125658080005,19.9096086897524,0.124456237777783,"m"
5546,-1.47087624135716,19.9116367068613,0.124461130476444,"m"
5547,-1.47049584233167,19.9136642566663,0.124466026764952,"m"
5548,-1.470115380981,19.9156913413411,0.124470926667683,"m"
5549,-1.46973485456259,19.9177179630597,0.124475830209013,"m"
5550,-1.46935426033385,19.9197441239958,0.124480737413317,"m"
5551,-1.46897359555223,19.9217698263235,0.124485648304972,"m"
5552,-1.46859285747515,19.9237950722166,0.124490562908352,"m"
5553,-1.46821204336005,19.9258198638489,0.124495481247835,"m"
5554,-1.46783115046434,19.9278442033944,0.124500403347795,"m"
5555,-1.46745017604546,19.9298680930269,0.124505329232608,"m"
5556,-1.46706911736084,19.9318915349202,0.12451025892665,"m"
5557,-1.46668797166791,19.9339145312484,0.124515192454298,"m"
5558,-1.4663067362241,19.9359370841852,0.124520129839925,"m"
5559,-1.46592540828683,19.9379591959045,0.124525071107909,"m"
5560,-1.46554398511354,19.9399808685803,0.124530016282625,"m"
5561,-1.46516246396165,19.9420021043863,0.124534965388449,"m"
5562,-1.4647808420886,19.9440229054965,0.124539918449757,"m"
5563,-1.46439911675182,19.9460432740847,0.124544875490924,"m"
5564,-1.46401728520873,19.9480632123249,0.124549836536325,"m"
5565,-1.46363534471676,19.9500827223909,0.124554801610338,"m"
5566,-1.46325329253334,19.9521018064565,0.124559770737337,"m"
5567,-1.46287112591591,19.9541204666957,0.124564743941699,"m"
5568,-1.46248884212188,19.9561387052824,0.124569721247799,"m"
5569,-1.4621064384087,19.9581565243903,0.124574702680012,"m"
5570,-1.46172391203379,19.9601739261935,0.124579688262715,"m"
5571,-1.461341260732,19.9621909124119,0.124584677907225,"m"
5572,-1.46095848454266,19.9642074825749,0.124589670979124,"m"
5573,-1.46057558419952,19.9662236355519,0.124594666679552,"m"
5574,-1.46019256043648,19.968239370212,0.124599664209611,"m"
5575,-1.45980941398742,19.9702546854243,0.124604662770407,"m"
5576,-1.45942614558625,19.972269580058,0.124609661563042,"m"
5577,-1.45904275596684,19.9742840529823,0.124614659788622,"m"
5578,-1.4586592458631,19.9762981030663,0.124619656648249,"m"
5579,-1.45827561600891,19.9783117291792,0.124624651343029,"m"
5580,-1.45789186713817,19.9803249301901,0.124629643074065,"m"
5581,-1.45750799998476,19.9823377049682,0.124634631042461,"m"
5582,-1.45712401528258,19.9843500523827,0.124639614449321,"m"
5583,-1.45673991376552,19.9863619713027,0.124644592495749,"m"
5584,-1.45635569616748,19.9883734605974,0.12464956438285,"m"
5585,-1.45597136322233,19.9903845191359,0.124654529311727,"m"
5586,-1.45558691566399,19.9923951457874,0.124659486483484,"m"
5587,-1.45520235422633,19.994405339421,0.124664435099225,"m"
5588,-1.45481767964325,19.9964150989059,0.124669374360055,"m"
5589,-1.45443289264864,19.9984244231114,0.124674303467078,"m"
5590,-1.45404799397639,20.0004333109064,0.124679221621396,"m"
5591,-1.45366298436039,20.0024417611602,0.124684128024116,"m"
5592,-1.45327786453454,20.0044497727419,0.124689021876339,"m"
5593,-1.45289263523273,20.0064573445207,0.124693902379172,"m"
5594,-1.45250729718884,20.0084644753658,0.124698768733717,"m"
5595,-1.45212185113678,20.0104711641463,0.124703620141078,"m"
5596,-1.45173629781043,20.0124774097314,0.12470845580236,"m"
5597,-1.45135063794368,20.0144832109902,0.124713274918667,"m"
5598,-1.45096487227043,20.0164885667918,0.124718076691103,"m"
5599,-1.45057900152456,20.0184934760056,0.124722860320771,"m"
5600,-1.45019302643997,20.0204979375005,0.124727625008776,"m"
5601,-1.44980694773125,20.0225019502183,0.124732369994604,"m"
5602,-1.44942076566883,20.0245055147682,0.124737095400527,"m"
5603,-1.44903448007903,20.0265086334274,0.124741802231602,"m"
5604,-1.44864809076886,20.0285113085452,0.12474649153127,"m"
5605,-1.44826159754532,20.0305135424711,0.12475116434297,"m"
5606,-1.44787500021541,20.0325153375547,0.124755821710143,"m"
5607,-1.44748829858614,20.0345166961455,0.124760464676229,"m"
5608,-1.44710149246451,20.0365176205928,0.124765094284666,"m"
5609,-1.44671458165753,20.0385181132463,0.124769711578896,"m"
5610,-1.4463275659722,20.0405181764553,0.124774317602357,"m"
5611,-1.44594044521553,20.0425178125694,0.124778913398491,"m"
5612,-1.44555321919451,20.0445170239382,0.124783500010737,"m"
5613,-1.44516588771615,20.0465158129109,0.124788078482534,"m"
5614,-1.44477845058746,20.0485141818373,0.124792649857324,"m"
5615,-1.44439090761544,20.0505121330666,0.124797215178544,"m"
5616,-1.44400325860709,20.0525096689486,0.124801775489637,"m"
5617,-1.44361550336942,20.0545067918325,0.124806331834041,"m"
5618,-1.44322764170943,20.0565035040679,0.124810885255196,"m"
5619,-1.44283967343413,20.0584998080044,0.124815436796543,"m"
5620,-1.44245159835052,20.0604957059913,0.124819987501521,"m"
5621,-1.4420634162656,20.0624912003783,0.124824538413569,"m"
5622,-1.44167512698638,20.0644862935146,0.124829090576129,"m"
5623,-1.44128673031986,20.06648098775,0.12483364503264,"m"
5624,-1.44089822607305,20.0684752854338,0.124838202826542,"m"
5625,-1.44050961405295,20.0704691889155,0.124842765001275,"m"
5626,-1.44012089406656,20.0724627005447,0.124847332600278,"m"
5627,-1.43973206592088,20.0744558226708,0.124851906666992,"m"
5628,-1.43934312942294,20.0764485576433,0.124856488244856,"m"
5629,-1.43895408437971,20.0784409078117,0.124861078377311,"m"
5630,-1.43856493059822,20.0804328755255,0.124865678107796,"m"
5631,-1.43817566788546,20.0824244631337,0.124870288479659,"m"
5632,-1.43778629609463,20.0844156708647,0.124874910078715,"m"
5633,-1.43739681523207,20.0864064919095,0.124879541972428,"m"
5634,-1.43700722533587,20.0883969180009,0.124884182913702,"m"
5635,-1.43661752644413,20.0903869408718,0.124888831655441,"m"
5636,-1.43622771859494,20.092376552255,0.12489348695055,"m"
5637,-1.43583780182639,20.0943657438835,0.124898147551933,"m"
5638,-1.43544777617658,20.0963545074901,0.124902812212495,"m"
5639,-1.4350576416836,20.0983428348077,0.12490747968514,"m"
5640,-1.43466739838553,20.1003307175692,0.124912148722774,"m"
5641,-1.43427704632048,20.1023181475075,0.124916818078299,"m"
5642,-1.43388658552653,20.1043051163555,0.124921486504621,"m"
5643,-1.43349601604178,20.1062916158461,0.124926152754645,"m"
5644,-1.43310533790432,20.108277637712,0.124930815581275,"m"
5645,-1.43271455115224,20.1102631736863,0.124935473737415,"m"
5646,-1.43232365582364,20.1122482155018,0.12494012597597,"m"
5647,-1.4319326519566,20.1142327548914,0.124944771049845,"m"
5648,-1.43154153958922,20.116216783588,0.124949407711944,"m"
5649,-1.4311503187596,20.1182002933244,0.124954034715171,"m"
5650,-1.43075898950581,20.1201832758336,0.124958650812431,"m"
5651,-1.43036755186597,20.1221657228484,0.124963254756629,"m"
5652,-1.42997600587815,20.1241476261018,0.124967845300669,"m"
5653,-1.42958435158045,20.1261289773265,0.124972421197456,"m"
5654,-1.42919258901097,20.1281097682555,0.124976981199893,"m"
5655,-1.42880071820779,20.1300899906217,0.124981524060887,"m"
5656,-1.42840873920901,20.1320696361579,0.12498604853334,"m"
5657,-1.42801665205272,20.134048696597,0.124990553370158,"m"
5658,-1.42762445677702,20.136027163672,0.124995037324245,"m"
5659,-1.42723215341999,20.1380050291157,0.124999499148507,"m"
5660,-1.42683974201973,20.139982284661,0.125003937595846,"m"
5661,-1.42644722261433,20.1419589220407,0.125008351419168,"m"
5662,-1.42605459524198,20.1439349337084,0.125012739496063,"m"
5663,-1.42566185994229,20.1459103218997,0.125017102396849,"m"
5664,-1.42526901675585,20.1478850959003,0.12502144191177,"m"
5665,-1.42487606572329,20.1498592651514,0.125025759857999,"m"
5666,-1.42448300688524,20.1518328390945,0.125030058052709,"m"
5667,-1.42408984028233,20.1538058271707,0.125034338313074,"m"
5668,-1.42369656595517,20.1557782388213,0.125038602456269,"m"
5669,-1.42330318394441,20.1577500834877,0.125042852299466,"m"
5670,-1.42290969429065,20.1597213706111,0.12504708965984,"m"
5671,-1.42251609703454,20.1616921096329,0.125051316354565,"m"
5672,-1.4221223922167,20.1636623099942,0.125055534200814,"m"
5673,-1.42172857987774,20.1656319811365,0.125059745015762,"m"
5674,-1.42133466005831,20.167601132501,0.125063950616581,"m"
5675,-1.42094063279902,20.1695697735289,0.125068152820446,"m"
5676,-1.42054649814051,20.1715379136617,0.125072353444531,"m"
5677,-1.42015225612339,20.1735055623405,0.125076554306009,"m"
5678,-1.4197579067883,20.1754727290066,0.125080757222054,"m"
5679,-1.41936345017585,20.1774394231015,0.12508496400984,"m"
5680,-1.41896888632669,20.1794056540662,0.125089176486542,"m"
5681,-1.41857421528143,20.1813714313422,0.125093396469332,"m"
5682,-1.4181794370807,20.1833367643708,0.125097625775384,"m"
5683,-1.41778455176513,20.1853016625931,0.125101866221872,"m"
5684,-1.41738955937534,20.1872661354506,0.125106119625971,"m"
5685,-1.41699445995196,20.1892301923844,0.125110387804854,"m"
5686,-1.41659925353562,20.191193842836,0.125114672575694,"m"
5687,-1.41620394016694,20.1931570962465,0.125118975755665,"m"
5688,-1.41580851988655,20.1951199620573,0.125123299161943,"m"
5689,-1.41541299273507,20.1970824497097,0.125127644611699,"m"
5690,-1.41501735875314,20.1990445686449,0.125132013922108,"m"
5691,-1.41462161798137,20.2010063283043,0.125136408910343,"m"
5692,-1.41422577046014,20.2029677381097,0.125140831389643,"m"
5693,-1.41382981616353,20.2049288026314,0.125145282188933,"m"
5694,-1.41343375491251,20.2068895152279,0.125149759862476,"m"
5695,-1.41303758650649,20.2088498676788,0.12515426264421,"m"
5696,-1.41264131074486,20.2108098517638,0.125158788768072,"m"
5697,-1.41224492742704,20.2127694592625,0.125163336467997,"m"
5698,-1.41184843635241,20.2147286819545,0.125167903977923,"m"
5699,-1.41145183732039,20.2166875116195,0.125172489531787,"m"
5700,-1.41105513013038,20.2186459400371,0.125177091363524,"m"
5701,-1.41065831458177,20.2206039589869,0.125181707707072,"m"
5702,-1.41026139047397,20.2225615602486,0.125186336796367,"m"
5703,-1.40986435760639,20.2245187356018,0.125190976865347,"m"
5704,-1.40946721577841,20.2264754768261,0.125195626147946,"m"
5705,-1.40906996478946,20.2284317757012,0.125200282878104,"m"
5706,-1.40867260443891,20.2303876240068,0.125204945289755,"m"
5707,-1.40827513452619,20.2323430135223,0.125209611616836,"m"
5708,-1.40787755485069,20.2342979360275,0.125214280093285,"m"
5709,-1.40747986521182,20.236252383302,0.125218948953037,"m"
5710,-1.40708206540896,20.2382063471254,0.125223616430031,"m"
5711,-1.40668415524154,20.2401598192775,0.125228280758201,"m"
5712,-1.40628613450895,20.2421127915377,0.125232940171485,"m"
5713,-1.40588800301058,20.2440652556857,0.12523759290382,"m"
5714,-1.40548976054585,20.2460172035012,0.125242237189141,"m"
5715,-1.40509140691416,20.2479686267639,0.125246871261387,"m"
5716,-1.4046929419149,20.2499195172532,0.125251493354493,"m"
5717,-1.40429436534748,20.2518698667489,0.125256101702396,"m"
5718,-1.4038956770113,20.2538196670307,0.125260694539033,"m"
5719,-1.40349687670577,20.255768909878,0.12526527009834,"m"
5720,-1.40309796423028,20.2577175870706,0.125269826614254,"m"
5721,-1.40269893938424,20.2596656903882,0.125274362320712,"m"
5722,-1.40229980196705,20.2616132116102,0.125278875451651,"m"
5723,-1.40190055184577,20.2635601432465,0.125283364434901,"m"
5724,-1.40150118947643,20.2655064841608,0.12528782938589,"m"
5725,-1.40110171561828,20.2674522364885,0.125292271288981,"m"
5726,-1.40070213103309,20.2693974023921,0.125296691135718,"m"
5727,-1.40030243648262,20.2713419840342,0.125301089917642,"m"
5728,-1.39990263272863,20.2732859835771,0.125305468626297,"m"
5729,-1.39950272053291,20.2752294031835,0.125309828253227,"m"
5730,-1.3991027006572,20.2771722450159,0.125314169789975,"m"
5731,-1.39870257386328,20.2791145112366,0.125318494228083,"m"
5732,-1.3983023409129,20.2810562040082,0.125322802559095,"m"
5733,-1.39790200256785,20.2829973254932,0.125327095774554,"m"
5734,-1.39750155958987,20.284937877854,0.125331374866003,"m"
5735,-1.39710101274075,20.2868778632533,0.125335640824986,"m"
5736,-1.39670036278223,20.2888172838534,0.125339894643045,"m"
5737,-1.3962996104761,20.2907561418169,0.125344137311724,"m"
5738,-1.39589875658411,20.2926944393062,0.125348369822565,"m"
5739,-1.39549780186803,20.2946321784839,0.125352593167113,"m"
5740,-1.39509674708963,20.2965693615124,0.12535680833691,"m"
5741,-1.39469559301066,20.2985059905543,0.125361016323499,"m"
5742,-1.39429434039291,20.3004420677719,0.125365218118424,"m"
5743,-1.39389298999812,20.3023775953279,0.125369414713228,"m"
5744,-1.39349154258808,20.3043125753848,0.125373607099453,"m"
5745,-1.39308999892454,20.3062470101049,0.125377796268643,"m"
5746,-1.39268835976926,20.3081809016508,0.125381983212342,"m"
5747,-1.39228662588403,20.3101142521851,0.125386168922092,"m"
5748,-1.39188479803059,20.3120470638701,0.125390354389436,"m"
5749,-1.39148287697072,20.3139793388684,0.125394540605918,"m"
5750,-1.39108086346618,20.3159110793425,0.125398728563081,"m"
5751,-1.39067875827874,20.3178422874548,0.125402919252468,"m"
5752,-1.39027656217016,20.319772965368,0.125407113665622,"m"
5753,-1.38987427588385,20.3217031152312,0.125411312788675,"m"
5754,-1.38947189887696,20.3236327382697,0.1254155172285,"m"
5755,-1.38906942849842,20.3255618341943,0.125419726970372,"m"
5756,-1.38866686190177,20.3274904025755,0.125423941941953,"m"
5757,-1.38826419624055,20.3294184429835,0.1254281620709,"m"
5758,-1.3878614286683,20.3313459549888,0.125432387284871,"m"
5759,-1.38745855633855,20.3332729381618,0.125436617511527,"m"
5760,-1.38705557640483,20.3351993920729,0.125440852678527,"m"
5761,-1.38665248602068,20.3371253162925,0.125445092713527,"m"
5762,-1.38624928233965,20.3390507103909,0.125449337544189,"m"
5763,-1.38584596251525,20.3409755739386,0.125453587098171,"m"
5764,-1.38544252370103,20.3428999065059,0.125457841303131,"m"
5765,-1.38503896305053,20.3448237076633,0.125462100086728,"m"
5766,-1.38463527771727,20.3467469769811,0.125466363376622,"m"
5767,-1.3842314648548,20.3486697140297,0.125470631100471,"m"
5768,-1.38382752161665,20.3505919183795,0.125474903185934,"m"
5769,-1.38342344515636,20.352513589601,0.125479179560671,"m"
5770,-1.38301923262746,20.3544347272644,0.125483460152339,"m"
5771,-1.38261488118348,20.3563553309403,0.125487744888598,"m"
5772,-1.38221038797797,20.3582754001989,0.125492033697107,"m"
5773,-1.38180575016446,20.3601949346107,0.125496326505525,"m"
5774,-1.38140096489648,20.3621139337461,0.12550062324151,"m"
5775,-1.38099602932757,20.3640323971755,0.125504923832721,"m"
5776,-1.38059094061126,20.3659503244692,0.125509228206818,"m"
5777,-1.3801856959011,20.3678677151977,0.125513536291459,"m"
5778,-1.37978029235061,20.3697845689314,0.125517848014303,"m"
5779,-1.37937472711334,20.3717008852405,0.125522163303009,"m"
5780,-1.37896899734281,20.3736166636956,0.125526482085236,"m"
5781,-1.37856310019257,20.3755319038671,0.125530804288643,"m"
5782,-1.37815703281614,20.3774466053252,0.125535129840888,"m"
5783,-1.37775079236707,20.3793607676405,0.125539458669631,"m"
5784,-1.37734437750293,20.3812743903816,0.125543790632207,"m"
5785,-1.37693779566433,20.383187473108,0.125548125175285,"m"
5786,-1.37653105747099,20.3851000153756,0.125552461596892,"m"
5787,-1.37612417354699,20.3870120167403,0.125556799194849,"m"
5788,-1.37571715451643,20.388923476758,0.125561137266977,"m"
5789,-1.37531001100341,20.3908343949848,0.125565475111098,"m"
5790,-1.374902753632,20.3927447709764,0.125569812025032,"m"
5791,-1.37449539302631,20.3946546042889,0.125574147306601,"m"
5792,-1.37408793981043,20.3965638944782,0.125578480253627,"m"
5793,-1.37368040460845,20.3984726411002,0.12558281016393,"m"
5794,-1.37327279804445,20.4003808437109,0.125587136335332,"m"
5795,-1.37286513074254,20.4022885018662,0.125591458065653,"m"
5796,-1.37245741332681,20.4041956151221,0.125595774652716,"m"
5797,-1.37204965642134,20.4061021830344,0.125600085394342,"m"
5798,-1.37164187065023,20.4080082051591,0.125604389588352,"m"
5799,-1.37123406663757,20.4099136810521,0.125608686532566,"m"
5800,-1.37082625500745,20.4118186102694,0.125612975524807,"m"
5801,-1.37041844638397,20.4137229923669,0.125617255862896,"m"
5802,-1.37001065139121,20.4156268269006,0.125621526844653,"m"
5803,-1.36960288065328,20.4175301134264,0.125625787767901,"m"
5804,-1.36919514479425,20.4194328515001,0.12563003793046,"m"
5805,-1.36878745443823,20.4213350406778,0.125634276630151,"m"
5806,-1.3683798202093,20.4232366805154,0.125638503164797,"m"
5807,-1.36797225273156,20.4251377705689,0.125642716832217,"m"
5808,-1.3675647626291,20.427038310394,0.125646916930234,"m"
5809,-1.36715736052601,20.4289382995469,0.125651102756669,"m"
5810,-1.36675005704638,20.4308377375834,0.125655273609343,"m"
5811,-1.36634286281431,20.4327366240595,0.125659428786077,"m"
5812,-1.36593578845389,20.434634958531,0.125663567584692,"m"
5813,-1.3655288445892,20.436532740554,0.12566768930301,"m"
5814,-1.36512204143965,20.4384299697213,0.125671793259166,"m"
5815,-1.36471537648802,20.4403266467899,0.125675879410607,"m"
5816,-1.3643088322222,20.442222773887,0.125679948467448,"m"
5817,-1.36390239026998,20.4441183532185,0.125684001182976,"m"
5818,-1.36349603225913,20.4460133869903,0.12568803831048,"m"
5819,-1.36308973981742,20.4479078774081,0.125692060603248,"m"
5820,-1.36268349457264,20.4498018266779,0.125696068814566,"m"
5821,-1.36227727815257,20.4516952370056,0.125700063697724,"m"
5822,-1.36187107218499,20.453588110597,0.125704046006008,"m"
5823,-1.36146485829766,20.4554804496579,0.125708016492707,"m"
5824,-1.36105861811838,20.4573722563944,0.125711975911109,"m"
5825,-1.36065233327492,20.4592635330121,0.125715925014502,"m"
5826,-1.36024598539505,20.461154281717,0.125719864556172,"m"
5827,-1.35983955610656,20.4630445047149,0.125723795289409,"m"
5828,-1.35943302703723,20.4649342042118,0.1257277179675,"m"
5829,-1.35902637981483,20.4668233824134,0.125731633343733,"m"
5830,-1.35861959606714,20.4687120415256,0.125735542171396,"m"
5831,-1.35821265742193,20.4706001837544,0.125739445203776,"m"
5832,-1.357805545507,20.4724878113056,0.125743343194162,"m"
5833,-1.35739824195011,20.474374926385,0.125747236895841,"m"
5834,-1.35699072837905,20.4762615311985,0.125751127062101,"m"
5835,-1.35658298642159,20.4781476279519,0.12575501444623,"m"
5836,-1.35617499770551,20.4800332188513,0.125758899801517,"m"
5837,-1.35576674385859,20.4819183061023,0.125762783881248,"m"
5838,-1.35535820650861,20.4838028919109,0.125766667438712,"m"
5839,-1.35494936728334,20.4856869784829,0.125770551227196,"m"
5840,-1.35454020781057,20.4875705680242,0.125774435999989,"m"
5841,-1.35413070971807,20.4894536627408,0.125778322510377,"m"
5842,-1.35372085463363,20.4913362648383,0.12578221151165,"m"
5843,-1.35331062418501,20.4932183765228,0.125786103757095,"m"
5844,-1.3529,20.4951,0.12579,"m"
5845,-1.35248897015332,20.4969811357117,0.12579390083757,"m"
5846,-1.35207754850745,20.4988617770425,0.125797806242684,"m"
5847,-1.35166575537184,20.5007419156133,0.125801716032136,"m"
5848,-1.3512536110559,20.5026215430444,0.125805630022722,"m"
5849,-1.35084113586907,20.5045006509566,0.125809548031238,"m"
5850,-1.35042835012077,20.5063792309705,0.12581346987448,"m"
5851,-1.35001527412045,20.5082572747066,0.125817395369242,"m"
5852,-1.34960192817753,20.5101347737855,0.12582132433232,"m"
5853,-1.34918833260144,20.5120117198278,0.12582525658051,"m"
5854,-1.34877450770161,20.5138881044542,0.125829191930607,"m"
5855,-1.34836047378747,20.5157639192852,0.125833130199406,"m"
5856,-1.34794625116845,20.5176391559414,0.125837071203705,"m"
5857,-1.34753186015398,20.5195138060435,0.125841014760296,"m"
5858,-1.3471173210535,20.521387861212,0.125844960685977,"m"
5859,-1.34670265417643,20.5232613130675,0.125848908797543,"m"
5860,-1.34628787983221,20.5251341532306,0.125852858911789,"m"
5861,-1.34587301833026,20.527006373322,0.125856810845511,"m"
5862,-1.34545808998002,20.5288779649622,0.125860764415504,"m"
5863,-1.34504311509091,20.5307489197719,0.125864719438564,"m"
5864,-1.34462811397237,20.5326192293715,0.125868675731486,"m"
5865,-1.34421310693383,20.5344888853818,0.125872633111066,"m"
5866,-1.34379811428471,20.5363578794234,0.125876591394099,"m"
5867,-1.34338315633445,20.5382262031167,0.125880550397381,"m"
5868,-1.34296825339248,20.5400938480825,0.125884509937708,"m"
5869,-1.34255342576823,20.5419608059413,0.125888469831874,"m"
5870,-1.34213869377113,20.5438270683137,0.125892429896675,"m"
5871,-1.34172407771061,20.5456926268203,0.125896389948908,"m"
5872,-1.3413095978961,20.5475574730818,0.125900349805366,"m"
5873,-1.34089527463703,20.5494215987187,0.125904309282847,"m"
5874,-1.34048112824283,20.5512849953516,0.125908268198145,"m"
5875,-1.34006717781803,20.5531476551473,0.125912226372883,"m"
5876,-1.33965342146155,20.5550095797948,0.125916183712838,"m"
5877,-1.33923983943015,20.5568707790711,0.125920140195271,"m"
5878,-1.33882641141371,20.5587312630104,0.12592409579971,"m"
5879,-1.33841311710208,20.5605910416466,0.125928050505686,"m"
5880,-1.33799993618514,20.5624501250138,0.12593200429273,"m"
5881,-1.33758684835274,20.564308523146,0.12593595714037,"m"
5882,-1.33717383329475,20.5661662460774,0.125939909028138,"m"
5883,-1.33676087070103,20.5680233038419,0.125943859935563,"m"
5884,-1.33634794026144,20.5698797064737,0.125947809842175,"m"
5885,-1.33593502166586,20.5717354640067,0.125951758727505,"m"
5886,-1.33552209460413,20.5735905864751,0.125955706571083,"m"
5887,-1.33510913876613,20.5754450839128,0.125959653352439,"m"
5888,-1.33469613384172,20.577298966354,0.125963599051103,"m"
5889,-1.33428305952077,20.5791522438326,0.125967543646604,"m"
5890,-1.33386989549313,20.5810049263828,0.125971487118474,"m"
5891,-1.33345662144867,20.5828570240386,0.125975429446243,"m"
5892,-1.33304321707726,20.5847085468341,0.125979370609439,"m"
5893,-1.33262966206875,20.5865595048032,0.125983310587595,"m"
5894,-1.33221593611301,20.5884099079801,0.125987249360239,"m"
5895,-1.33180201889991,20.5902597663988,0.125991186906901,"m"
5896,-1.33138789011931,20.5921090900934,0.125995123207113,"m"
5897,-1.33097352946106,20.5939578890979,0.125999058240403,"m"
5898,-1.33055891661505,20.5958061734464,0.126002991986303,"m"
5899,-1.33014403127112,20.5976539531729,0.126006924424342,"m"
5900,-1.32972885311914,20.5995012383115,0.12601085553405,"m"
5901,-1.32931336184898,20.6013480388963,0.126014785294958,"m"
5902,-1.3288975371505,20.6031943649612,0.126018713686595,"m"
5903,-1.32848135871357,20.6050402265403,0.126022640688492,"m"
5904,-1.32806480622804,20.6068856336678,0.126026566280179,"m"
5905,-1.32764785939637,20.6087305963709,0.126030490441279,"m"
5906,-1.327230507051,20.6105751198359,0.126034413218806,"m"
5907,-1.32681276324824,20.6124191958741,0.126038334845961,"m"
5908,-1.32639464636386,20.6142628140062,0.126042255587829,"m"
5909,-1.3259761747736,20.6161059637532,0.126046175709493,"m"
5910,-1.32555736685322,20.6179486346359,0.126050095476038,"m"
5911,-1.32513824097846,20.6197908161752,0.126054015152547,"m"
5912,-1.32471881552507,20.621632497892,0.126057935004104,"m"
5913,-1.32429910886882,20.6234736693071,0.126061855295794,"m"
5914,-1.32387913938544,20.6253143199413,0.126065776292701,"m"
5915,-1.32345892545069,20.6271544393157,0.126069698259908,"m"
5916,-1.32303848544032,20.6289940169509,0.126073621462499,"m"
5917,-1.32261783773009,20.630833042368,0.12607754616556,"m"
5918,-1.32219700069573,20.6326715050877,0.126081472634173,"m"
5919,-1.32177599271301,20.634509394631,0.126085401133422,"m"
5920,-1.32135483215767,20.6363467005186,0.126089331928393,"m"
5921,-1.32093353740547,20.6381834122715,0.126093265284168,"m"
5922,-1.32051212683216,20.6400195194106,0.126097201465832,"m"
5923,-1.32009061881348,20.6418550114566,0.126101140738469,"m"
5924,-1.3196690317252,20.6436898779305,0.126105083367162,"m"
5925,-1.31924738394305,20.6455241083532,0.126109029616997,"m"
5926,-1.31882569384279,20.6473576922454,0.126112979753056,"m"
5927,-1.31840397980018,20.6491906191281,0.126116934040425,"m"
5928,-1.31798226019096,20.6510228785221,0.126120892744186,"m"
5929,-1.31756055339088,20.6528544599483,0.126124856129425,"m"
5930,-1.31713887777569,20.6546853529276,0.126128824461224,"m"
5931,-1.31671725172116,20.6565155469808,0.126132798004669,"m"
5932,-1.31629569360302,20.6583450316289,0.126136777024842,"m"
5933,-1.31587422179703,20.6601737963926,0.126140761786829,"m"
5934,-1.31545285467893,20.6620018307928,0.126144752555713,"m"
5935,-1.31503161062449,20.6638291243504,0.126148749596579,"m"
5936,-1.31461050643814,20.6656556677282,0.126152753103835,"m"
5937,-1.31418954197275,20.6674814639075,0.12615676250945,"m"
5938,-1.3137687067384,20.669306523386,0.126160776780195,"m"
5939,-1.31334799009758,20.6711308567684,0.126164794876203,"m"
5940,-1.3129273814128,20.6729544746595,0.126168815757608,"m"
5941,-1.31250687004653,20.6747773876642,0.126172838384545,"m"
5942,-1.31208644536129,20.6765996063871,0.126176861717146,"m"
5943,-1.31166609671957,20.6784211414332,0.126180884715546,"m"
5944,-1.31124581348386,20.6802420034072,0.126184906339877,"m"
5945,-1.31082558501665,20.6820622029139,0.126188925550275,"m"
5946,-1.31040540068046,20.6838817505581,0.126192941306873,"m"
5947,-1.30998524983777,20.6857006569445,0.126196952569804,"m"
5948,-1.30956512185108,20.6875189326781,0.126200958299203,"m"
5949,-1.30914500608288,20.6893365883636,0.126204957455202,"m"
5950,-1.30872489189568,20.6911536346057,0.126208948997936,"m"
5951,-1.30830476865196,20.6929700820093,0.126212931887539,"m"
5952,-1.30788462571423,20.6947859411792,0.126216905084144,"m"
5953,-1.30746445244497,20.6966012227202,0.126220867547885,"m"
5954,-1.3070442382067,20.698415937237,0.126224818238896,"m"
5955,-1.3066239723619,20.7002300953345,0.126228756117311,"m"
5956,-1.30620364427307,20.7020437076174,0.126232680143263,"m"
5957,-1.3057832433027,20.7038567846906,0.126236589276886,"m"
5958,-1.3053627588133,20.7056693371589,0.126240482478313,"m"
5959,-1.30494218016735,20.707481375627,0.12624435870768,"m"
5960,-1.30452149672736,20.7092929106997,0.126248216925118,"m"
5961,-1.30410069785582,20.7111039529819,0.126252056090763,"m"
5962,-1.30367977291523,20.7129145130783,0.126255875164748,"m"
5963,-1.30325871126808,20.7147246015937,0.126259673107206,"m"
5964,-1.30283750227687,20.716534229133,0.126263448878272,"m"
5965,-1.3024161353041,20.7183434063009,0.126267201438078,"m"
5966,-1.30199459974751,20.7201521436468,0.126270929754068,"m"
5967,-1.30157288926948,20.7219604450188,0.126274633678017,"m"
5968,-1.30115100581499,20.7237683012498,0.126278314779207,"m"
5969,-1.3007289522806,20.7255757016775,0.126281974824251,"m"
5970,-1.30030673156292,20.7273826356395,0.126285615579762,"m"
5971,-1.29988434655851,20.7291890924735,0.126289238812352,"m"
5972,-1.29946180016396,20.7309950615171,0.126292846288634,"m"
5973,-1.29903909527585,20.7328005321079,0.126296439775221,"m"
5974,-1.29861623479076,20.7346054935835,0.126300021038725,"m"
5975,-1.29819322160527,20.7364099352816,0.12630359184576,"m"
5976,-1.29777005861597,20.7382138465398,0.126307153962937,"m"
5977,-1.29734674871944,20.7400172166957,0.126310709156871,"m"
5978,-1.29692329481226,20.741820035087,0.126314259194173,"m"
5979,-1.29649969979101,20.7436222910513,0.126317805841457,"m"
5980,-1.29607596655226,20.7454239739262,0.126321350865334,"m"
5981,-1.29565209799262,20.7472250730494,0.126324896032418,"m"
5982,-1.29522809700865,20.7490255777585,0.126328443109322,"m"
5983,-1.29480396649693,20.7508254773911,0.126331993862658,"m"
5984,-1.29437970935406,20.7526247612849,0.126335550059039,"m"
5985,-1.2939553284766,20.7544234187774,0.126339113465078,"m"
5986,-1.29353082676115,20.7562214392064,0.126342685847387,"m"
5987,-1.29310620710428,20.7580188119094,0.126346268972579,"m"
5988,-1.29268147240258,20.7598155262241,0.126349864607268,"m"
5989,-1.29225662555262,20.7616115714882,0.126353474518065,"m"
5990,-1.291831669451,20.7634069370392,0.126357100471584,"m"
5991,-1.29140660699428,20.7652016122147,0.126360744234436,"m"
5992,-1.29098144107906,20.7669955863525,0.126364407573236,"m"
5993,-1.29055617460191,20.7687888487901,0.126368092254596,"m"
5994,-1.29013081045941,20.7705813888652,0.126371800045128,"m"
5995,-1.28970535154816,20.7723731959154,0.126375532711445,"m"
5996,-1.28927980076472,20.7741642592783,0.12637929202016,"m"
5997,-1.28885416066192,20.7759545702073,0.126383079421632,"m"
5998,-1.28842843135148,20.7777441335592,0.126386894120492,"m"
5999,-1.28800261188881,20.7795329600775,0.126390734349577,"m"
6000,-1.28757670132509,20.7813210605291,0.126394598337839,"m"
6001,-1.28715069871149,20.783108445681,0.12639848431423,"m"
6002,-1.28672460309919,20.7848951263003,0.126402390507702,"m"
6003,-1.28629841353936,20.7866811131539,0.126406315147205,"m"
6004,-1.28587212908319,20.7884664170089,0.126410256461693,"m"
6005,-1.28544574878185,20.7902510486322,0.126414212680116,"m"
6006,-1.28501927168651,20.7920350187908,0.126418182031427,"m"
6007,-1.28459269684836,20.7938183382517,0.126422162744576,"m"
6008,-1.28416602331857,20.795601017782,0.126426153048516,"m"
6009,-1.28373925014831,20.7973830681485,0.126430151172198,"m"
6010,-1.28331237638878,20.7991645001184,0.126434155344574,"m"
6011,-1.28288540109113,20.8009453244586,0.126438163794596,"m"
6012,-1.28245832330655,20.8027255519361,0.126442174751215,"m"
6013,-1.28203114208622,20.8045051933178,0.126446186443383,"m"
6014,-1.28160385648131,20.8062842593709,0.126450197100052,"m"
6015,-1.281176465543,20.8080627608622,0.126454204950173,"m"
6016,-1.28074896832247,20.8098407085588,0.126458208222698,"m"
6017,-1.28032136387089,20.8116181132278,0.126462205146578,"m"
6018,-1.27989365123944,20.8133949856359,0.126466193950766,"m"
6019,-1.2794658294793,20.8151713365504,0.126470172864214,"m"
6020,-1.27903789764164,20.8169471767381,0.126474140115872,"m"
6021,-1.27860985477765,20.8187225169661,0.126478093934692,"m"
6022,-1.27818169993849,20.8204973680013,0.126482032549626,"m"
6023,-1.27775343217535,20.8222717406108,0.126485954189626,"m"
6024,-1.27732505053941,20.8240456455615,0.126489857083644,"m"
6025,-1.27689655408183,20.8258190936205,0.126493739460631,"m"
6026,-1.2764679418538,20.8275920955547,0.126497599549538,"m"
6027,-1.27603921292273,20.8293646619387,0.126501435604219,"m"
6028,-1.27561036709156,20.8311367946304,0.126505247006412,"m"
6029,-1.27518140518383,20.8329084833929,0.126509034702883,"m"
6030,-1.27475232809825,20.8346797170981,0.126512799755676,"m"
6031,-1.27432313673352,20.8364504846181,0.126516543226835,"m"
6032,-1.27389383198836,20.8382207748251,0.126520266178404,"m"
6033,-1.27346441476147,20.839990576591,0.126523969672429,"m"
6034,-1.27303488595158,20.8417598787879,0.126527654770951,"m"
6035,-1.27260524645738,20.843528670288,0.126531322536017,"m"
6036,-1.27217549717759,20.8452969399632,0.126534974029669,"m"
6037,-1.27174563901092,20.8470646766857,0.126538610313953,"m"
6038,-1.27131567285608,20.8488318693275,0.126542232450912,"m"
6039,-1.27088559961178,20.8505985067606,0.12654584150259,"m"
6040,-1.27045542017673,20.8523645778572,0.126549438531031,"m"
6041,-1.27002513544964,20.8541300714893,0.12655302459828,"m"
6042,-1.26959474632922,20.855894976529,0.126556600766381,"m"
6043,-1.26916425371418,20.8576592818483,0.126560168097377,"m"
6044,-1.26873365850324,20.8594229763194,0.126563727653314,"m"
6045,-1.26830296159509,20.8611860488142,0.126567280496234,"m"
6046,-1.26787216388846,20.8629484882048,0.126570827688183,"m"
6047,-1.26744126628205,20.8647102833634,0.126574370291204,"m"
6048,-1.26701026967458,20.866471423162,0.126577909367342,"m"
6049,-1.26657917496475,20.8682318964726,0.12658144597864,"m"
6050,-1.26614798305127,20.8699916921673,0.126584981187143,"m"
6051,-1.26571669483286,20.8717507991182,0.126588516054895,"m"
6052,-1.26528531120822,20.8735092061974,0.12659205164394,"m"
6053,-1.26485383307607,20.8752669022768,0.126595589016323,"m"
6054,-1.26442226133511,20.8770238762287,0.126599129234086,"m"
6055,-1.26399059688406,20.878780116925,0.126602673359275,"m"
6056,-1.26355884062162,20.8805356132378,0.126606222453933,"m"
6057,-1.26312699344651,20.8822903540393,0.126609777580106,"m"
6058,-1.26269505577065,20.8840443314416,0.126613339606009,"m"
6059,-1.2622630256562,20.885797553198,0.126616908464265,"m"
6060,-1.2618309004573,20.8875500317744,0.126620483805572,"m"
6061,-1.26139867752793,20.8893017796379,0.12662406528057,"m"
6062,-1.26096635422206,20.8910528092556,0.126627652539898,"m"
6063,-1.26053392789369,20.8928031330946,0.126631245234196,"m"
6064,-1.26010139589679,20.8945527636218,0.126634843014105,"m"
6065,-1.25966875558534,20.8963017133044,0.126638445530265,"m"
6066,-1.25923600431332,20.8980499946094,0.126642052433315,"m"
6067,-1.25880313943472,20.8997976200038,0.126645663373896,"m"
6068,-1.25837015830352,20.9015446019547,0.126649278002647,"m"
6069,-1.2579370582737,20.9032909529291,0.126652895970209,"m"
6070,-1.25750383669923,20.9050366853942,0.126656516927221,"m"
6071,-1.25707049093411,20.9067818118169,0.126660140524324,"m"
6072,-1.25663701833232,20.9085263446643,0.126663766412157,"m"
6073,-1.25620341624782,20.9102702964034,0.126667394241361,"m"
6074,-1.25576968203462,20.9120136795014,0.126671023662575,"m"
6075,-1.25533581304668,20.9137565064252,0.126674654326439,"m"
6076,-1.25490180663799,20.915498789642,0.126678285883594,"m"
6077,-1.25446766016253,20.9172405416187,0.12668191798468,"m"
6078,-1.25403337097429,20.9189817748224,0.126685550280336,"m"
6079,-1.25359893642724,20.9207225017202,0.126689182421202,"m"
6080,-1.25316435387536,20.9224627347791,0.126692814057919,"m"
6081,-1.25272962067264,20.9242024864662,0.126696444841126,"m"
6082,-1.25229473417306,20.9259417692486,0.126700074421463,"m"
6083,-1.25185969173059,20.9276805955932,0.126703702449571,"m"
6084,-1.25142449069923,20.9294189779671,0.12670732857609,"m"
6085,-1.25098912843296,20.9311569288374,0.126710952451658,"m"
6086,-1.25055360228574,20.9328944606712,0.126714573726917,"m"
6087,-1.25011790961157,20.9346315859355,0.126718192052506,"m"
6088,-1.24968204802134,20.9363683164738,0.126721807093332,"m"
6089,-1.2492460210347,20.9381046497883,0.126725418842411,"m"
6090,-1.24880983808013,20.93984056904,0.126729027620875,"m"
6091,-1.24837350884299,20.9415760567662,0.126732633764119,"m"
6092,-1.24793704300863,20.9433110955045,0.126736237607538,"m"
6093,-1.24750045026244,20.9450456677921,0.12673983948653,"m"
6094,-1.24706374028976,20.9467797561666,0.126743439736489,"m"
6095,-1.24662692277596,20.9485133431652,0.126747038692813,"m"
6096,-1.2461900074064,20.9502464113255,0.126750636690895,"m"
6097,-1.24575300386646,20.9519789431847,0.126754234066133,"m"
6098,-1.24531592184149,20.9537109212804,0.126757831153923,"m"
6099,-1.24487877101686,20.9554423281499,0.12676142828966,"m"
6100,-1.24444156107792,20.9571731463306,0.12676502580874,"m"
6101,-1.24400430171005,20.95890335836,0.126768624046559,"m"
6102,-1.24356700259861,20.9606329467753,0.126772223338513,"m"
6103,-1.24312967342896,20.9623618941142,0.126775824019998,"m"
6104,-1.24269232388646,20.9640901829138,0.12677942642641,"m"
6105,-1.24225496365648,20.9658177957117,0.126783030893145,"m"
6106,-1.24181760242439,20.9675447150453,0.126786637755598,"m"
6107,-1.24138024987554,20.9692709234519,0.126790247349165,"m"
6108,-1.2409429156953,20.970996403469,0.126793860009243,"m"
6109,-1.24050560956904,20.9727211376339,0.126797476071228,"m"
6110,-1.24006834118211,20.9744451084841,0.126801095870514,"m"
6111,-1.23963112021988,20.976168298557,0.126804719742499,"m"
6112,-1.23919395636772,20.9778906903899,0.126808348022577,"m"
6113,-1.23875685931098,20.9796122665204,0.126811981046146,"m"
6114,-1.23831983873504,20.9813330094857,0.1268156191486,"m"
6115,-1.23788290432525,20.9830529018233,0.126819262665336,"m"
6116,-1.23744606576698,20.9847719260706,0.126822911931749,"m"
6117,-1.2370093327456,20.9864900647651,0.126826567283237,"m"
6118,-1.23657271494546,20.9882073004453,0.126830229055139,"m"
6119,-1.2361362171565,20.9899236221001,0.12683389731761,"m"
6120,-1.23569982792595,20.9916390401228,0.126837571260746,"m"
6121,-1.23526353243606,20.9933535693416,0.126841249892324,"m"
6122,-1.23482731586907,20.9950672245844,0.12684493222012,"m"
6123,-1.23439116340723,20.996780020679,0.126848617251911,"m"
6124,-1.23395506023278,20.9984919724536,0.126852303995474,"m"
6125,-1.23351899152798,21.0002030947361,0.126855991458583,"m"
6126,-1.23308294247506,21.0019134023543,0.126859678649017,"m"
6127,-1.23264689825627,21.0036229101364,0.126863364574551,"m"
6128,-1.23221084405386,21.0053316329102,0.126867048242962,"m"
6129,-1.23177476505007,21.0070395855037,0.126870728662026,"m"
6130,-1.23133864642715,21.0087467827449,0.126874404839519,"m"
6131,-1.23090247336735,21.0104532394618,0.126878075783219,"m"
6132,-1.23046623105291,21.0121589704823,0.1268817405009,"m"
6133,-1.23002990466607,21.0138639906344,0.126885398000341,"m"
6134,-1.22959347938909,21.015568314746,0.126889047289317,"m"
6135,-1.2291569404042,21.0172719576451,0.126892687375604,"m"
6136,-1.22872027289366,21.0189749341597,0.12689631726698,"m"
6137,-1.22828346203971,21.0206772591177,0.126899935971219,"m"
6138,-1.2278464930246,21.0223789473472,0.1269035424961,"m"
6139,-1.22740935103057,21.024080013676,0.126907135849398,"m"
6140,-1.22697202123986,21.0257804729321,0.126910715038889,"m"
6141,-1.22653448883473,21.0274803399436,0.126914279072351,"m"
6142,-1.22609673899741,21.0291796295383,0.126917826957559,"m"
6143,-1.22565875691016,21.0308783565443,0.126921357702289,"m"
6144,-1.22522052775522,21.0325765357894,0.126924870314319,"m"
6145,-1.22478203671484,21.0342741821017,0.126928363801425,"m"
6146,-1.22434326897126,21.0359713103091,0.126931837171383,"m"
6147,-1.22390420970673,21.0376679352397,0.126935289431969,"m"
6148,-1.22346484410349,21.0393640717212,0.12693871959096,"m"
6149,-1.22302515823279,21.0410597340072,0.126942126757775,"m"
6150,-1.22258515023492,21.0427549285499,0.126945511421723,"m"
6151,-1.22214482694816,21.0444496561795,0.12694887506658,"m"
6152,-1.22170419540279,21.0461439176021,0.126952219198076,"m"
6153,-1.2212632626291,21.0478377135239,0.126955545321942,"m"
6154,-1.22082203565737,21.0495310446508,0.126958854943909,"m"
6155,-1.2203805215179,21.0512239116891,0.126962149569705,"m"
6156,-1.21993872724098,21.0529163153448,0.126965430705062,"m"
6157,-1.2194966598569,21.054608256324,0.126968699855709,"m"
6158,-1.21905432639594,21.0562997353328,0.126971958527378,"m"
6159,-1.21861173388839,21.0579907530773,0.126975208225797,"m"
6160,-1.21816888936455,21.0596813102637,0.126978450456699,"m"
6161,-1.2177257998547,21.0613714075979,0.126981686725812,"m"
6162,-1.21728247238912,21.0630610457862,0.126984918538867,"m"
6163,-1.21683891399812,21.0647502255346,0.126988147401595,"m"
6164,-1.21639513171198,21.0664389475492,0.126991374819725,"m"
6165,-1.21595113256098,21.0681272125361,0.126994602298988,"m"
6166,-1.21550692357543,21.0698150212015,0.126997831345114,"m"
6167,-1.21506251178559,21.0715023742513,0.127001063463834,"m"
6168,-1.21461790422178,21.0731892723918,0.127004300160877,"m"
6169,-1.21417310791426,21.0748757163289,0.127007542941974,"m"
6170,-1.21372812989334,21.0765617067689,0.127010793312855,"m"
6171,-1.21328297718931,21.0782472444178,0.127014052779251,"m"
6172,-1.21283765683244,21.0799323299817,0.127017322846892,"m"
6173,-1.21239217585303,21.0816169641667,0.127020605021508,"m"
6174,-1.21194654128138,21.0833011476789,0.127023900808828,"m"
6175,-1.21150076014776,21.0849848812244,0.127027211714585,"m"
6176,-1.21105483948247,21.0866681655093,0.127030539244507,"m"
6177,-1.21060878631579,21.0883510012398,0.127033884904325,"m"
6178,-1.21016260767802,21.0900333891218,0.12703725019977,"m"
6179,-1.20971631060048,21.0917153298414,0.127040636634066,"m"
6180,-1.20926990237382,21.0933968190413,0.127044045083878,"m"
6181,-1.20882339088791,21.0950778407106,0.127047474977949,"m"
6182,-1.20837678411705,21.0967583771967,0.127050925541117,"m"
6183,-1.20793009003551,21.0984384108472,0.127054395998223,"m"
6184,-1.20748331661757,21.10011792401,0.127057885574103,"m"
6185,-1.20703647183751,21.1017968990325,0.127061393493598,"m"
6186,-1.20658956366961,21.1034753182624,0.127064918981547,"m"
6187,-1.20614260008816,21.1051531640474,0.127068461262787,"m"
6188,-1.20569558906743,21.106830418735,0.127072019562159,"m"
6189,-1.2052485385817,21.108507064673,0.127075593104501,"m"
6190,-1.20480145660526,21.110183084209,0.127079181114652,"m"
6191,-1.20435435111238,21.1118584596905,0.127082782817451,"m"
6192,-1.20390723007734,21.1135331734653,0.127086397437737,"m"
6193,-1.20346010147442,21.115207207881,0.127090024200349,"m"
6194,-1.20301297327791,21.1168805452852,0.127093662330125,"m"
6195,-1.20256585346208,21.1185531680255,0.127097311051906,"m"
6196,-1.20211875000121,21.1202250584496,0.127100969590529,"m"
6197,-1.20167167086959,21.1218961989052,0.127104637170833,"m"
6198,-1.20122462404148,21.1235665717397,0.127108313017659,"m"
6199,-1.20077761749119,21.125236159301,0.127111996355843,"m"
6200,-1.20033065919297,21.1269049439367,0.127115686410226,"m"
6201,-1.19988375712112,21.1285729079942,0.127119382405646,"m"
6202,-1.19943691924991,21.1302400338214,0.127123083566943,"m"
6203,-1.19899015355363,21.1319063037659,0.127126789118955,"m"
6204,-1.19854346800655,21.1335717001752,0.12713049828652,"m"
6205,-1.19809687058295,21.135236205397,0.127134210294479,"m"
6206,-1.19765036925712,21.136899801779,0.12713792436767,"m"
6207,-1.19720397200333,21.1385624716688,0.127141639730932,"m"
6208,-1.19675768679587,21.1402241974141,0.127145355609103,"m"
6209,-1.19631152160901,21.1418849613623,0.127149071227023,"m"
6210,-1.19586548261535,21.1435447490254,0.127152785826569,"m"
6211,-1.19541956030611,21.1452035734543,0.127156498797902,"m"
6212,-1.19497373709831,21.1468614618797,0.127160209607537,"m"
6213,-1.19452799534221,21.1485184416498,0.127163917722621,"m"
6214,-1.19408231738809,21.1501745401124,0.127167622610299,"m"
6215,-1.19363668558622,21.1518297846155,0.127171323737717,"m"
6216,-1.19319108228686,21.1534842025073,0.127175020572021,"m"
6217,-1.19274548984031,21.1551378211355,0.127178712580357,"m"
6218,-1.19229989059682,21.1567906678483,0.12718239922987,"m"
6219,-1.19185426690667,21.1584427699935,0.127186079987706,"m"
6220,-1.19140860112014,21.1600941549193,0.127189754321011,"m"
6221,-1.19096287558749,21.1617448499736,0.127193421696931,"m"
6222,-1.190517072659,21.1633948825043,0.127197081582612,"m"
6223,-1.19007117468494,21.1650442798595,0.127200733445199,"m"
6224,-1.18962516401558,21.1666930693872,0.127204376751838,"m"
6225,-1.1891790230012,21.1683412784353,0.127208010969675,"m"
6226,-1.18873273399207,21.1699889343518,0.127211635565856,"m"
6227,-1.18828627933845,21.1716360644848,0.127215250007527,"m"
6228,-1.18783964139064,21.1732826961821,0.127218853761833,"m"
6229,-1.18739280249889,21.1749288567919,0.127222446295921,"m"
6230,-1.18694574501348,21.176574573662,0.127226027076935,"m"
6231,-1.18649845128468,21.1782198741406,0.127229595572023,"m"
6232,-1.18605090366277,21.1798647855754,0.127233151248329,"m"
6233,-1.18560308449801,21.1815093353147,0.127236693572999,"m"
6234,-1.18515497614069,21.1831535507062,0.12724022201318,"m"
6235,-1.18470656094107,21.1847974590981,0.127243736036017,"m"
6236,-1.18425782124942,21.1864410878383,0.127247235108656,"m"
6237,-1.18380873941602,21.1880844642748,0.127250718698242,"m"
6238,-1.18335929779114,21.1897276157556,0.127254186271922,"m"
6239,-1.18290947872506,21.1913705696287,0.127257637296842,"m"
6240,-1.18245926475989,21.193013352961,0.127261071246817,"m"
6241,-1.18200865188405,21.194655973122,0.127264488063257,"m"
6242,-1.181557658124,21.1962984051977,0.127267888453932,"m"
6243,-1.18110630354901,21.1979406212815,0.127271273197652,"m"
6244,-1.18065460822833,21.1995825934669,0.127274643073227,"m"
6245,-1.18020259223124,21.2012242938474,0.127277998859466,"m"
6246,-1.179750275627,21.2028656945163,0.12728134133518,"m"
6247,-1.17929767848487,21.2045067675672,0.127284671279177,"m"
6248,-1.17884482087412,21.2061474850935,0.127287989470267,"m"
6249,-1.17839172286402,21.2077878191886,0.127291296687261,"m"
6250,-1.17793840452383,21.2094277419461,0.127294593708967,"m"
6251,-1.17748488592282,21.2110672254593,0.127297881314196,"m"
6252,-1.17703118713024,21.2127062418217,0.127301160281757,"m"
6253,-1.17657732821537,21.2143447631268,0.127304431390459,"m"
6254,-1.17612332924748,21.2159827614681,0.127307695419112,"m"
6255,-1.17566921029582,21.2176202089389,0.127310953146527,"m"
6256,-1.17521499142966,21.2192570776328,0.127314205351512,"m"
6257,-1.17476069271826,21.2208933396432,0.127317452812877,"m"
6258,-1.1743063342309,21.2225289670636,0.127320696309433,"m"
6259,-1.17385193603684,21.2241639319873,0.127323936619987,"m"
6260,-1.17339751820533,21.2257982065079,0.127327174523351,"m"
6261,-1.17294310080566,21.2274317627189,0.127330410798334,"m"
6262,-1.17248870390708,21.2290645727136,0.127333646223745,"m"
6263,-1.17203434757885,21.2306966085856,0.127336881578395,"m"
6264,-1.17158005189025,21.2323278424282,0.127340117641092,"m"
6265,-1.17112583691053,21.233958246335,0.127343355190646,"m"
6266,-1.17067172270897,21.2355877923994,0.127346595005868,"m"
6267,-1.17021772935482,21.2372164527148,0.127349837865566,"m"
6268,-1.16976387691736,21.2388441993747,0.127353084548551,"m"
6269,-1.16931018546585,21.2404710044726,0.127356335833632,"m"
6270,-1.16885667506955,21.242096840102,0.127359592499618,"m"
6271,-1.16840336131581,21.2437216837548,0.127362855187604,"m"
6272,-1.16795023361917,21.2453455444494,0.127366123734465,"m"
6273,-1.16749727192073,21.2469684426153,0.127369397685987,"m"
6274,-1.16704445614851,21.2485903986975,0.127372676587554,"m"
6275,-1.16659176623055,21.2502114331411,0.12737595998455,"m"
6276,-1.16613918209487,21.2518315663915,0.127379247422359,"m"
6277,-1.16568668366951,21.2534508188935,0.127382538446364,"m"
6278,-1.1652342508825,21.2550692110926,0.127385832601949,"m"
6279,-1.16478186366187,21.2566867634336,0.127389129434498,"m"
6280,-1.16432950193565,21.2583034963619,0.127392428489395,"m"
6281,-1.16387714563187,21.2599194303226,0.127395729312023,"m"
6282,-1.16342477467856,21.2615345857607,0.127399031447767,"m"
6283,-1.16297236900375,21.2631489831215,0.12740233444201,"m"
6284,-1.16251990853548,21.2647626428501,0.127405637840136,"m"
6285,-1.16206737320177,21.2663755853916,0.127408941187529,"m"
6286,-1.16161474293066,21.2679878311912,0.127412244029573,"m"
6287,-1.16116199765017,21.269599400694,0.12741554591165,"m"
6288,-1.16070911728834,21.2712103143452,0.127418846379147,"m"
6289,-1.1602560817732,21.2728205925899,0.127422144977445,"m"
6290,-1.15980287103277,21.2744302558732,0.127425441251929,"m"
6291,-1.15934946499509,21.2760393246404,0.127428734747982,"m"
6292,-1.1588958435882,21.2776478193365,0.127432025010989,"m"
6293,-1.15844198674011,21.2792557604067,0.127435311586334,"m"
6294,-1.15798787437886,21.2808631682961,0.127438594019399,"m"
6295,-1.15753348643249,21.2824700634498,0.127441871855569,"m"
6296,-1.15707880282902,21.2840764663132,0.127445144640228,"m"
6297,-1.15662380349648,21.2856823973311,0.127448411918759,"m"
6298,-1.15616846836291,21.2872878769489,0.127451673236547,"m"
6299,-1.15571277735633,21.2888929256116,0.127454928138975,"m"
6300,-1.15525671040478,21.2904975637645,0.127458176171426,"m"
6301,-1.15480024796295,21.2921018114092,0.12746141690014,"m"
6302,-1.1543433870607,21.2937056745955,0.127464650547715,"m"
6303,-1.15388614424194,21.2953091429468,0.127467878109479,"m"
6304,-1.15342853716993,21.2969122051445,0.127471100625089,"m"
6305,-1.1529705835079,21.2985148498699,0.1274743191342,"m"
6306,-1.15251230091911,21.3001170658044,0.127477534676466,"m"
6307,-1.1520537070668,21.3017188416292,0.127480748291543,"m"
6308,-1.15159481961422,21.3033201660257,0.127483961019086,"m"
6309,-1.15113565622462,21.3049210276753,0.12748717389875,"m"
6310,-1.15067623456125,21.3065214152593,0.127490387970191,"m"
6311,-1.15021657228735,21.3081213174589,0.127493604273063,"m"
6312,-1.14975668706617,21.3097207229556,0.127496823847021,"m"
6313,-1.14929659656096,21.3113196204306,0.127500047731721,"m"
6314,-1.14883631843496,21.3129179985654,0.127503276966818,"m"
6315,-1.14837587035143,21.3145158460412,0.127506512591967,"m"
6316,-1.14791526997361,21.3161131515393,0.127509755646823,"m"
6317,-1.14745453496475,21.3177099037411,0.127513007171041,"m"
6318,-1.14699368298809,21.319306091328,0.127516268204276,"m"
6319,-1.14653273170689,21.3209017029812,0.127519539786184,"m"
6320,-1.14607169878439,21.3224967273821,0.12752282295642,"m"
6321,-1.14561060188384,21.324091153212,0.127526118754638,"m"
6322,-1.14514945866848,21.3256849691522,0.127529428220494,"m"
6323,-1.14468828680157,21.3272781638842,0.127532752393643,"m"
6324,-1.14422710394636,21.3288707260891,0.12753609231374,"m"
6325,-1.14376592776608,21.3304626444484,0.127539449020441,"m"
6326,-1.14330477592399,21.3320539076434,0.1275428235534,"m"
6327,-1.14284366608333,21.3336445043554,0.127546216952272,"m"
6328,-1.14238261590735,21.3352344232657,0.127549630256713,"m"
6329,-1.14192164305931,21.3368236530557,0.127553064506378,"m"
6330,-1.14146076520244,21.3384121824067,0.127556520740922,"m"
6331,-1.141,21.34,0.12756,"m"
6332,-1.14053936083375,21.3415870969954,0.127563502887285,"m"
6333,-1.14007884395951,21.3431734744663,0.127567028262524,"m"
6334,-1.13961844135163,21.3447591359646,0.127570574549479,"m"
6335,-1.13915814498445,21.3463440850421,0.127574140171915,"m"
6336,-1.13869794683231,21.3479283252506,0.127577723553596,"m"
6337,-1.13823783886957,21.3495118601421,0.127581323118285,"m"
6338,-1.13777781307055,21.3510946932683,0.127584937289747,"m"
6339,-1.13731786140961,21.3526768281811,0.127588564491745,"m"
6340,-1.13685797586108,21.3542582684323,0.127592203148043,"m"
6341,-1.13639814839931,21.3558390175738,0.127595851682405,"m"
6342,-1.13593837099864,21.3574190791575,0.127599508518595,"m"
6343,-1.13547863563342,21.3589984567352,0.127603172080376,"m"
6344,-1.13501893427799,21.3605771538587,0.127606840791513,"m"
6345,-1.13455925890668,21.3621551740798,0.12761051307577,"m"
6346,-1.13409960149385,21.3637325209505,0.12761418735691,"m"
6347,-1.13363995401384,21.3653091980226,0.127617862058697,"m"
6348,-1.13318030844098,21.3668852088479,0.127621535604895,"m"
6349,-1.13272065674963,21.3684605569783,0.127625206419268,"m"
6350,-1.13226099091413,21.3700352459656,0.127628872925579,"m"
6351,-1.13180130290881,21.3716092793617,0.127632533547593,"m"
6352,-1.13134158470802,21.3731826607183,0.127636186709074,"m"
6353,-1.13088182828611,21.3747553935875,0.127639830833785,"m"
6354,-1.13042202561741,21.3763274815209,0.12764346434549,"m"
6355,-1.12996216867628,21.3778989280705,0.127647085667954,"m"
6356,-1.12950224943704,21.3794697367881,0.127650693224939,"m"
6357,-1.12904225987406,21.3810399112256,0.12765428544021,"m"
6358,-1.12858219196166,21.3826094549347,0.127657860737531,"m"
6359,-1.12812203767419,21.3841783714674,0.127661417540665,"m"
6360,-1.127661788986,21.3857466643755,0.127664954273376,"m"
6361,-1.12720143787142,21.3873143372109,0.127668469359429,"m"
6362,-1.12674097634003,21.3888813933343,0.127671961299295,"m"
6363,-1.1262803970154,21.3904478327759,0.127675429930741,"m"
6364,-1.12581969304266,21.3920136527369,0.127678876227428,"m"
6365,-1.1253588575835,21.3935788503286,0.127682301199109,"m"
6366,-1.12489788379964,21.3951434226622,0.127685705855536,"m"
6367,-1.12443676485276,21.396707366849,0.127689091206464,"m"
6368,-1.12397549390456,21.3982706800004,0.127692458261644,"m"
6369,-1.12351406411675,21.3998333592276,0.127695808030831,"m"
6370,-1.12305246865102,21.4013954016418,0.127699141523776,"m"
6371,-1.12259070066907,21.4029568043544,0.127702459750233,"m"
6372,-1.12212875333259,21.4045175644766,0.127705763719955,"m"
6373,-1.1216666198033,21.4060776791197,0.127709054442695,"m"
6374,-1.12120429324288,21.4076371453949,0.127712332928206,"m"
6375,-1.12074176681304,21.4091959604137,0.127715600186241,"m"
6376,-1.12027903367547,21.4107541212871,0.127718857226552,"m"
6377,-1.11981608699187,21.4123116251266,0.127722105058894,"m"
6378,-1.11935291992394,21.4138684690434,0.127725344693019,"m"
6379,-1.11888952563338,21.4154246501488,0.127728577138679,"m"
6380,-1.1184258972819,21.416980165554,0.127731803405629,"m"
6381,-1.11796202803117,21.4185350123703,0.127735024503621,"m"
6382,-1.11749791104292,21.4200891877091,0.127738241442407,"m"
6383,-1.11703353947882,21.4216426886815,0.127741455231742,"m"
6384,-1.11656890650059,21.4231955123989,0.127744666881377,"m"
6385,-1.11610400526993,21.4247476559726,0.127747877401067,"m"
6386,-1.11563882894852,21.4262991165138,0.127751087800564,"m"
6387,-1.11517337069807,21.4278498911338,0.12775429908962,"m"
6388,-1.11470762368028,21.4293999769438,0.12775751227799,"m"
6389,-1.11424158105684,21.4309493710552,0.127760728375426,"m"
6390,-1.11377523598946,21.4324980705793,0.12776394839168,"m"
6391,-1.11330858163983,21.4340460726273,0.127767173336507,"m"
6392,-1.11284161117647,21.435593374314,0.127770404219221,"m"
6393,-1.11237432270967,21.4371399753248,0.127773641731771,"m"
6394,-1.11190672800263,21.4386858824465,0.127776885689296,"m"
6395,-1.11143884115654,21.4402311036823,0.127780135756789,"m"
6396,-1.11097067627257,21.4417756470351,0.127783391599241,"m"
6397,-1.11050224745192,21.4433195205081,0.127786652881646,"m"
6398,-1.11003356879575,21.4448627321041,0.127789919268995,"m"
6399,-1.10956465440525,21.4464052898264,0.127793190426281,"m"
6400,-1.1090955183816,21.4479472016778,0.127796466018497,"m"
6401,-1.10862617482598,21.4494884756615,0.127799745710634,"m"
6402,-1.10815663783956,21.4510291197805,0.127803029167684,"m"
6403,-1.10768692152354,21.4525691420378,0.127806316054641,"m"
6404,-1.10721703997909,21.4541085504365,0.127809606036496,"m"
6405,-1.10674700730739,21.4556473529796,0.127812898778242,"m"
6406,-1.10627683760962,21.4571855576701,0.127816193944871,"m"
6407,-1.10580654498696,21.4587231725111,0.127819491201375,"m"
6408,-1.10533614354059,21.4602602055056,0.127822790212747,"m"
6409,-1.1048656473717,21.4617966646566,0.127826090643978,"m"
6410,-1.10439507058146,21.4633325579673,0.127829392160063,"m"
6411,-1.10392442727105,21.4648678934406,0.127832694425991,"m"
6412,-1.10345373154166,21.4664026790795,0.127835997106757,"m"
6413,-1.10298299749446,21.4679369228872,0.127839299867352,"m"
6414,-1.10251223923063,21.4694706328666,0.127842602372768,"m"
6415,-1.10204147085136,21.4710038170208,0.127845904287998,"m"
6416,-1.10157070645782,21.4725364833528,0.127849205278035,"m"
6417,-1.1010999601512,21.4740686398657,0.12785250500787,"m"
6418,-1.10062924603268,21.4756002945625,0.127855803142495,"m"
6419,-1.10015857820343,21.4771314554462,0.127859099346904,"m"
6420,-1.09968797076464,21.4786621305198,0.127862393286088,"m"
6421,-1.09921743781749,21.4801923277865,0.12786568462504,"m"
6422,-1.09874699346315,21.4817220552493,0.127868973028752,"m"
6423,-1.09827665065941,21.4832513200528,0.127872258198247,"m"
6424,-1.09780641002879,21.4847801200817,0.127875540223254,"m"
6425,-1.09733626466764,21.486308447571,0.127878819430668,"m"
6426,-1.09686620756489,21.4878362946749,0.127882096150765,"m"
6427,-1.09639623170949,21.4893636535476,0.127885370713824,"m"
6428,-1.09592633009038,21.4908905163434,0.127888643450122,"m"
6429,-1.0954564956965,21.4924168752166,0.127891914689938,"m"
6430,-1.09498672151681,21.4939427223213,0.127895184763548,"m"
6431,-1.09451700054023,21.4954680498119,0.127898454001231,"m"
6432,-1.09404732575572,21.4969928498426,0.127901722733264,"m"
6433,-1.09357769015222,21.4985171145676,0.127904991289925,"m"
6434,-1.09310808671868,21.5000408361412,0.127908260001493,"m"
6435,-1.09263850844403,21.5015640067176,0.127911529198243,"m"
6436,-1.09216894831722,21.5030866184512,0.127914799210455,"m"
6437,-1.0916993993272,21.5046086634961,0.127918070368407,"m"
6438,-1.09122985446291,21.5061301340066,0.127921343002374,"m"
6439,-1.09076030671329,21.5076510221369,0.127924617442637,"m"
6440,-1.09029074906729,21.5091713200414,0.127927894019472,"m"
6441,-1.08982117451385,21.5106910198742,0.127931173063157,"m"
6442,-1.08935157604191,21.5122101137896,0.127934454903969,"m"
6443,-1.08888194664042,21.5137285939418,0.127937739872188,"m"
6444,-1.08841227929832,21.5152464524852,0.127941028298089,"m"
6445,-1.08794256700456,21.5167636815739,0.127944320511952,"m"
6446,-1.08747280274808,21.5182802733622,0.127947616844053,"m"
6447,-1.08700297951782,21.5197962200043,0.127950917624671,"m"
6448,-1.08653309030272,21.5213115136546,0.127954223184083,"m"
6449,-1.08606312809174,21.5228261464673,0.127957533852567,"m"
6450,-1.08559308587381,21.5243401105965,0.127960849960401,"m"
6451,-1.08512295663788,21.5258533981966,0.127964171837863,"m"
6452,-1.0846527333729,21.5273660014218,0.127967499815229,"m"
6453,-1.08418240906695,21.5288779124523,0.127970834219351,"m"
6454,-1.08371197660619,21.5303891266029,0.12797417496228,"m"
6455,-1.08324142867873,21.5318996452763,0.127977521150471,"m"
6456,-1.08277075794993,21.533409470575,0.127980871797822,"m"
6457,-1.08229995708514,21.5349186046011,0.127984225918227,"m"
6458,-1.08182901874974,21.5364270494569,0.127987582525585,"m"
6459,-1.08135793560909,21.5379348072447,0.127990940633792,"m"
6460,-1.08088670032854,21.5394418800668,0.127994299256745,"m"
6461,-1.08041530557347,21.5409482700254,0.127997657408341,"m"
6462,-1.07994374400923,21.5424539792229,0.128001014102475,"m"
6463,-1.07947200830119,21.5439590097614,0.128004368353045,"m"
6464,-1.0790000911147,21.5454633637434,0.128007719173948,"m"
6465,-1.07852798511513,21.546967043271,0.12801106557908,"m"
6466,-1.07805568296785,21.5484700504465,0.128014406582338,"m"
6467,-1.07758317733821,21.5499723873723,0.128017741197619,"m"
6468,-1.07711046089158,21.5514740561505,0.128021068438819,"m"
6469,-1.07663752629332,21.5529750588835,0.128024387319835,"m"
6470,-1.07616436620879,21.5544753976735,0.128027696854564,"m"
6471,-1.07569097330336,21.5559750746229,0.128030996056903,"m"
6472,-1.07521734024238,21.5574740918338,0.128034283940747,"m"
6473,-1.07474345969122,21.5589724514086,0.128037559519995,"m"
6474,-1.07426932431525,21.5604701554496,0.128040821808542,"m"
6475,-1.07379492677981,21.5619672060589,0.128044069820286,"m"
6476,-1.07332025975029,21.563463605339,0.128047302569122,"m"
6477,-1.07284531589203,21.564959355392,0.128050519068949,"m"
6478,-1.0723700878704,21.5664544583203,0.128053718333662,"m"
6479,-1.07189456835077,21.5679489162261,0.128056899377158,"m"
6480,-1.07141874999849,21.5694427312117,0.128060061213334,"m"
6481,-1.07094262547893,21.5709359053794,0.128063202856086,"m"
6482,-1.07046618745745,21.5724284408314,0.128066323319312,"m"
6483,-1.06998942859942,21.5739203396701,0.128069421616907,"m"
6484,-1.06951234357325,21.5754116037593,0.128072496983799,"m"
6485,-1.06903494127119,21.576902233271,0.128075550224453,"m"
6486,-1.06855723674056,21.5783922276447,0.12807858282252,"m"
6487,-1.06807924505328,21.579881586317,0.128081596264367,"m"
6488,-1.06760098128127,21.5813703087247,0.128084592036361,"m"
6489,-1.06712246049646,21.5828583943042,0.12808757162487,"m"
6490,-1.06664369777078,21.5843458424923,0.128090536516261,"m"
6491,-1.06616470817614,21.5858326527257,0.1280934881969,"m"
6492,-1.06568550678447,21.5873188244409,0.128096428153156,"m"
6493,-1.0652061086677,21.5888043570746,0.128099357871396,"m"
6494,-1.06472652889776,21.5902892500635,0.128102278837986,"m"
6495,-1.06424678254656,21.5917735028442,0.128105192539294,"m"
6496,-1.06376688468603,21.5932571148533,0.128108100461687,"m"
6497,-1.0632868503881,21.5947400855275,0.128111004091533,"m"
6498,-1.06280669472469,21.5962224143034,0.128113904915198,"m"
6499,-1.06232643276772,21.5977041006177,0.12811680441905,"m"
6500,-1.06184607958913,21.5991851439071,0.128119704089456,"m"
6501,-1.06136565026083,21.600665543608,0.128122605412784,"m"
6502,-1.06088515985475,21.6021452991574,0.128125509875399,"m"
6503,-1.06040462344282,21.6036244099916,0.128128418963671,"m"
6504,-1.05992405609695,21.6051028755475,0.128131334163965,"m"
6505,-1.05944347288908,21.6065806952616,0.12813425696265,"m"
6506,-1.05896288889113,21.6080578685706,0.128137188846092,"m"
6507,-1.05848231917502,21.6095343949111,0.128140131300658,"m"
6508,-1.05800177881268,21.6110102737198,0.128143085812717,"m"
6509,-1.05752128287603,21.6124855044333,0.128146053868634,"m"
6510,-1.05704084643701,21.6139600864883,0.128149036954778,"m"
6511,-1.05656048456752,21.6154340193214,0.128152036557515,"m"
6512,-1.0560802123395,21.6169073023692,0.128155054163212,"m"
6513,-1.05560004482487,21.6183799350684,0.128158091258238,"m"
6514,-1.05511999687171,21.619851916862,0.128161149309709,"m"
6515,-1.05464007318832,21.6213232474773,0.1281642289128,"m"
6516,-1.05416026441336,21.6227939270363,0.1281673294528,"m"
6517,-1.05368056014914,21.6242639556902,0.12817045022588,"m"
6518,-1.05320094999797,21.6257333335903,0.128173590528212,"m"
6519,-1.05272142356214,21.6272020608875,0.128176749655965,"m"
6520,-1.05224197044395,21.6286701377331,0.128179926905311,"m"
6521,-1.05176258024572,21.6301375642781,0.128183121572421,"m"
6522,-1.05128324256974,21.6316043406739,0.128186332953466,"m"
6523,-1.05080394701831,21.6330704670714,0.128189560344615,"m"
6524,-1.05032468319374,21.6345359436219,0.12819280304204,"m"
6525,-1.04984544069834,21.6360007704764,0.128196060341913,"m"
6526,-1.04936620913439,21.6374649477862,0.128199331540403,"m"
6527,-1.04888697810422,21.6389284757023,0.128202615933681,"m"
6528,-1.04840773721011,21.640391354376,0.128205912817918,"m"
6529,-1.04792847605438,21.6418535839584,0.128209221489286,"m"
6530,-1.04744918423932,21.6433151646006,0.128212541243955,"m"
6531,-1.04696985136723,21.6447760964537,0.128215871378095,"m"
6532,-1.04649046704043,21.646236379669,0.128219211187878,"m"
6533,-1.04601102086121,21.6476960143975,0.128222559969474,"m"
6534,-1.04553150243188,21.6491550007904,0.128225917019054,"m"
6535,-1.04505190135473,21.6506133389988,0.128229281632789,"m"
6536,-1.04457220723208,21.652071029174,0.12823265310685,"m"
6537,-1.04409240966622,21.653528071467,0.128236030737407,"m"
6538,-1.04361249825946,21.654984466029,0.128239413820632,"m"
6539,-1.0431324626141,21.6564402130111,0.128242801652695,"m"
6540,-1.04265229233244,21.6578953125645,0.128246193529767,"m"
6541,-1.04217197701678,21.6593497648403,0.128249588748019,"m"
6542,-1.04169150626944,21.6608035699897,0.128252986603621,"m"
6543,-1.0412108696927,21.6622567281638,0.128256386392745,"m"
6544,-1.04073005688888,21.6637092395138,0.128259787411561,"m"
6545,-1.04024905960795,21.6651611041643,0.128263188943195,"m"
6546,-1.03976787996662,21.6666123221127,0.128266590207807,"m"
6547,-1.03928652320544,21.6680628933176,0.128269990406581,"m"
6548,-1.0388049945656,21.6695128177379,0.128273388740699,"m"
6549,-1.03832329928827,21.6709620953323,0.128276784411342,"m"
6550,-1.03784144261464,21.6724107260596,0.128280176619692,"m"
6551,-1.03735942978588,21.6738587098785,0.128283564566929,"m"
6552,-1.03687726604319,21.6753060467479,0.128286947454236,"m"
6553,-1.03639495662775,21.6767527366265,0.128290324482793,"m"
6554,-1.03591250678073,21.6781987794731,0.128293694853783,"m"
6555,-1.03542992174331,21.6796441752463,0.128297057768385,"m"
6556,-1.03494720675669,21.6810889239052,0.128300412427782,"m"
6557,-1.03446436706204,21.6825330254082,0.128303758033155,"m"
6558,-1.03398140790054,21.6839764797144,0.128307093785685,"m"
6559,-1.03349833451338,21.6854192867824,0.128310418886553,"m"
6560,-1.03301515214174,21.6868614465709,0.128313732536941,"m"
6561,-1.0325318660268,21.6883029590389,0.128317033938031,"m"
6562,-1.03204848140974,21.6897438241449,0.128320322291003,"m"
6563,-1.03156500353175,21.6911840418479,0.128323596797039,"m"
6564,-1.031081437634,21.6926236121066,0.12832685665732,"m"
6565,-1.03059778895769,21.6940625348797,0.128330101073027,"m"
6566,-1.03011406274398,21.695500810126,0.128333329245342,"m"
6567,-1.02963026423407,21.6969384378044,0.128336540375447,"m"
6568,-1.02914639866914,21.6983754178734,0.128339733664522,"m"
6569,-1.02866247129036,21.6998117502921,0.128342908313748,"m"
6570,-1.02817848733893,21.701247435019,0.128346063524308,"m"
6571,-1.02769445205601,21.702682472013,0.128349198497383,"m"
6572,-1.02721037068281,21.7041168612329,0.128352312434153,"m"
6573,-1.02672624846048,21.7055506026373,0.1283554045358,"m"
6574,-1.02624209063023,21.7069836961852,0.128358474003506,"m"
6575,-1.02575790210389,21.7084161418363,0.128361520091997,"m"
6576,-1.02527368021854,21.7098479395771,0.12836454328753,"m"
6577,-1.02478941473648,21.71127908942,0.128367545307898,"m"
6578,-1.02430509509069,21.7127095913789,0.128370527924435,"m"
6579,-1.02382071071413,21.7141394454676,0.128373492908478,"m"
6580,-1.02333625103977,21.7155686516997,0.128376442031361,"m"
6581,-1.02285170550058,21.7169972100892,0.128379377064421,"m"
6582,-1.02236706352953,21.7184251206497,0.128382299778994,"m"
6583,-1.02188231455959,21.719852383395,0.128385211946414,"m"
6584,-1.02139744802372,21.7212789983389,0.128388115338018,"m"
6585,-1.02091245335489,21.7227049654952,0.128391011725141,"m"
6586,-1.02042731998608,21.7241302848776,0.128393902879119,"m"
6587,-1.01994203735025,21.7255549564999,0.128396790571288,"m"
6588,-1.01945659488037,21.7269789803759,0.128399676572983,"m"
6589,-1.0189709820094,21.7284023565194,0.12840256265554,"m"
6590,-1.01848518817033,21.729825084944,0.128405450590294,"m"
6591,-1.0179992027961,21.7312471656636,0.128408342148582,"m"
6592,-1.01751301531971,21.732668598692,0.128411239101739,"m"
6593,-1.0170266151741,21.734089384043,0.1284141432211,"m"
6594,-1.01653999179226,21.7355095217302,0.128417056278001,"m"
6595,-1.01605313460715,21.7369290117675,0.128419980043779,"m"
6596,-1.01556603305173,21.7383478541686,0.128422916289768,"m"
6597,-1.01507867655899,21.7397660489473,0.128425866787304,"m"
6598,-1.01459105456187,21.7411835961175,0.128428833307723,"m"
6599,-1.01410315649337,21.7426004956927,0.12843181762236,"m"
6600,-1.01361497178643,21.7440167476869,0.128434821502552,"m"
6601,-1.01312648987404,21.7454323521138,0.128437846719634,"m"
6602,-1.01263770018916,21.7468473089871,0.128440895044941,"m"
6603,-1.01214859216476,21.7482616183207,0.12844396824981,"m"
6604,-1.0116591552338,21.7496752801283,0.128447068105575,"m"
6605,-1.01116937883033,21.7510882944236,0.128450196383418,"m"
6606,-1.01067925764501,21.752500661215,0.128453354095015,"m"
6607,-1.0101888038131,21.7539123804923,0.128456539731546,"m"
6608,-1.00969803308387,21.7553234522418,0.128459751262026,"m"
6609,-1.00920696120658,21.7567338764495,0.128462986655466,"m"
6610,-1.00871560393048,21.7581436531016,0.128466243880879,"m"
6611,-1.00822397700484,21.7595527821843,0.128469520907277,"m"
6612,-1.00773209617893,21.7609612636836,0.128472815703672,"m"
6613,-1.00723997720199,21.7623690975859,0.128476126239078,"m"
6614,-1.0067476358233,21.7637762838771,0.128479450482505,"m"
6615,-1.00625508779212,21.7651828225434,0.128482786402968,"m"
6616,-1.0057623488577,21.7665887135711,0.128486131969477,"m"
6617,-1.00526943476931,21.7679939569461,0.128489485151047,"m"
6618,-1.00477636127622,21.7693985526548,0.128492843916688,"m"
6619,-1.00428314412767,21.7708025006832,0.128496206235414,"m"
6620,-1.00378979907293,21.7722058010175,0.128499570076237,"m"
6621,-1.00329634186127,21.7736084536438,0.128502933408169,"m"
6622,-1.00280278824194,21.7750104585483,0.128506294200223,"m"
6623,-1.00230915396421,21.7764118157171,0.128509650421412,"m"
6624,-1.00181545477734,21.7778125251364,0.128513000040746,"m"
6625,-1.00132170643058,21.7792125867923,0.12851634102724,"m"
6626,-1.00082792467321,21.7806120006709,0.128519671349906,"m"
6627,-1.00033412525447,21.7820107667585,0.128522988977755,"m"
6628,-0.999840323923646,21.7834088850411,0.1285262918798,"m"
6629,-0.999346536429981,21.7848063555049,0.128529578025055,"m"
6630,-0.998852778522743,21.7862031781361,0.12853284538253,"m"
6631,-0.998359065951192,21.7875993529208,0.128536091921239,"m"
6632,-0.99786541446459,21.7889948798451,0.128539315610194,"m"
6633,-0.997371839812197,21.7903897588952,0.128542514418407,"m"
6634,-0.996878357743277,21.7917839900573,0.128545686314892,"m"
6635,-0.996384984007089,21.7931775733175,0.128548829268659,"m"
6636,-0.995891733310256,21.7945705086641,0.128551941416694,"m"
6637,-0.995398606204523,21.7959627961163,0.128555023176359,"m"
6638,-0.994905593040452,21.7973544357153,0.128558076608453,"m"
6639,-0.994412683943391,21.7987454275025,0.128561103810052,"m"
6640,-0.993919869038691,21.8001357715198,0.128564106878234,"m"
6641,-0.993427138451702,21.8015254678087,0.12856708791008,"m"
6642,-0.992934482307774,21.8029145164108,0.128570049002665,"m"
6643,-0.992441890732257,21.8043029173679,0.128572992253069,"m"
6644,-0.9919493538505,21.8056906707215,0.12857591975837,"m"
6645,-0.991456861787854,21.8070777765133,0.128578833615647,"m"
6646,-0.990964404669669,21.8084642347849,0.128581735921976,"m"
6647,-0.990471972621294,21.809850045578,0.128584628774437,"m"
6648,-0.98997955576808,21.8112352089342,0.128587514270108,"m"
6649,-0.989487144235377,21.8126197248952,0.128590394506068,"m"
6650,-0.988994728148534,21.8140035935025,0.128593271579393,"m"
6651,-0.988502297632902,21.8153868147979,0.128596147587163,"m"
6652,-0.98800984281383,21.8167693888229,0.128599024626456,"m"
6653,-0.987517353816669,21.8181513156193,0.12860190479435,"m"
6654,-0.987024820766768,21.8195325952286,0.128604790187923,"m"
6655,-0.986532233789477,21.8209132276925,0.128607682904254,"m"
6656,-0.986039583010147,21.8222932130526,0.12861058504042,"m"
6657,-0.985546858554127,21.8236725513506,0.1286134986935,"m"
6658,-0.985054050546768,21.8250512426281,0.128616425960573,"m"
6659,-0.984561149113419,21.8264292869268,0.128619368938716,"m"
6660,-0.98406814437943,21.8278066842882,0.128622329725008,"m"
6661,-0.983575026470151,21.8291834347541,0.128625310416526,"m"
6662,-0.983081785510932,21.8305595383661,0.12862831311035,"m"
6663,-0.982588411627124,21.8319349951657,0.128631339903557,"m"
6664,-0.982094894944076,21.8333098051948,0.128634392893226,"m"
6665,-0.981601225587137,21.8346839684948,0.128637474176435,"m"
6666,-0.981107393695223,21.8360574851072,0.128640585845648,"m"
6667,-0.980613392798764,21.8374303550201,0.128643728839908,"m"
6668,-0.980119224265704,21.8388025780981,0.128646901432788,"m"
6669,-0.9796248905677,21.8401741541885,0.128650101522499,"m"
6670,-0.979130394176409,21.8415450831386,0.128653327007251,"m"
6671,-0.978635737563487,21.8429153647958,0.128656575785256,"m"
6672,-0.978140923200592,21.8442849990072,0.128659845754725,"m"
6673,-0.977645953559379,21.8456539856202,0.12866313481387,"m"
6674,-0.977150831111505,21.8470223244821,0.1286664408609,"m"
6675,-0.976655558328628,21.8483900154401,0.128669761794027,"m"
6676,-0.976160137682404,21.8497570583416,0.128673095511462,"m"
6677,-0.97566457164449,21.8511234530339,0.128676439911417,"m"
6678,-0.975168862686542,21.8524891993642,0.128679792892102,"m"
6679,-0.974673013280217,21.8538542971798,0.128683152351727,"m"
6680,-0.974177025897172,21.8552187463281,0.128686516188505,"m"
6681,-0.973680903009063,21.8565825466563,0.128689882300647,"m"
6682,-0.973184647087548,21.8579456980117,0.128693248586362,"m"
6683,-0.972688260604283,21.8593082002416,0.128696612943864,"m"
6684,-0.972191746030924,21.8606700531934,0.128699973271361,"m"
6685,-0.971695105839129,21.8620312567142,0.128703327467066,"m"
6686,-0.971198342500554,21.8633918106513,0.128706673429189,"m"
6687,-0.970701458486856,21.8647517148522,0.128710009055942,"m"
6688,-0.970204456269691,21.866110969164,0.128713332245535,"m"
6689,-0.969707338320717,21.8674695734341,0.12871664089618,"m"
6690,-0.969210107111589,21.8688275275097,0.128719932906088,"m"
6691,-0.968712765113965,21.8701848312382,0.128723206173469,"m"
6692,-0.968215314799502,21.8715414844668,0.128726458596535,"m"
6693,-0.967717758639856,21.8728974870428,0.128729688073497,"m"
6694,-0.967220099106683,21.8742528388136,0.128732892502565,"m"
6695,-0.966722338671642,21.8756075396264,0.128736069781952,"m"
6696,-0.966224479806387,21.8769615893284,0.128739217809867,"m"
6697,-0.965726524807946,21.8783149878178,0.128742334776764,"m"
6698,-0.965228474453413,21.8796677354345,0.128745421416683,"m"
6699,-0.964730328737278,21.8810198327456,0.128748479773343,"m"
6700,-0.964232087647565,21.8823712803204,0.128751511901283,"m"
6701,-0.963733751172298,21.8837220787281,0.128754519855045,"m"
6702,-0.963235319299498,21.8850722285378,0.128757505689171,"m"
6703,-0.96273679201719,21.8864217303189,0.128760471458201,"m"
6704,-0.962238169313397,21.8877705846404,0.128763419216677,"m"
6705,-0.961739451176141,21.8891187920715,0.12876635101914,"m"
6706,-0.961240637593446,21.8904663531815,0.128769268920131,"m"
6707,-0.960741728553336,21.8918132685396,0.128772174974191,"m"
6708,-0.960242724043832,21.8931595387148,0.128775071235862,"m"
6709,-0.959743624052959,21.8945051642765,0.128777959759685,"m"
6710,-0.95924442856874,21.8958501457938,0.128780842600201,"m"
6711,-0.958745137579197,21.8971944838358,0.128783721811951,"m"
6712,-0.958245751072354,21.8985381789719,0.128786599449477,"m"
6713,-0.957746269036235,21.8998812317712,0.128789477567319,"m"
6714,-0.957246691458862,21.9012236428028,0.128792358220019,"m"
6715,-0.956747018328258,21.902565412636,0.128795243462117,"m"
6716,-0.956247249632447,21.9039065418399,0.128798135348156,"m"
6717,-0.955747385359452,21.9052470309838,0.128801035932677,"m"
6718,-0.955247425497295,21.9065868806369,0.12880394727022,"m"
6719,-0.954747370034001,21.9079260913683,0.128806871415327,"m"
6720,-0.954247218957592,21.9092646637472,0.128809810422539,"m"
6721,-0.953746972256092,21.9106025983428,0.128812766346397,"m"
6722,-0.953246629917524,21.9119398957243,0.128815741241442,"m"
6723,-0.95274619192991,21.9132765564609,0.128818737162216,"m"
6724,-0.952245658281274,21.9146125811218,0.12882175616326,"m"
6725,-0.95174502895964,21.9159479702762,0.128824800299115,"m"
6726,-0.95124430395303,21.9172827244932,0.128827871624322,"m"
6727,-0.9507434832372,21.9186168443285,0.128830972173508,"m"
6728,-0.950242565928144,21.9199503293772,0.128834102585521,"m"
6729,-0.949741549732731,21.9212831776614,0.128837261211573,"m"
6730,-0.94924043222721,21.9226153870568,0.128840446190824,"m"
6731,-0.948739210987834,21.9239469554395,0.128843655662435,"m"
6732,-0.948237883590851,21.9252778806853,0.128846887765566,"m"
6733,-0.947736447612513,21.9266081606703,0.128850140639378,"m"
6734,-0.947234900629071,21.9279377932703,0.128853412423032,"m"
6735,-0.946733240216774,21.9292667763614,0.128856701255687,"m"
6736,-0.946231463951874,21.9305951078194,0.128860005276506,"m"
6737,-0.945729569410621,21.9319227855203,0.128863322624648,"m"
6738,-0.945227554169266,21.93324980734,0.128866651439273,"m"
6739,-0.944725415804059,21.9345761711545,0.128869989859543,"m"
6740,-0.944223151891251,21.9359018748398,0.128873336024617,"m"
6741,-0.943720760007093,21.9372269162716,0.128876688073657,"m"
6742,-0.943218237727834,21.9385512933261,0.128880044145823,"m"
6743,-0.942715582629727,21.9398750038792,0.128883402380276,"m"
6744,-0.942212792289021,21.9411980458067,0.128886760916176,"m"
6745,-0.941709864281966,21.9425204169847,0.128890117892683,"m"
6746,-0.941206796184814,21.943842115289,0.128893471448959,"m"
6747,-0.940703585573816,21.9451631385957,0.128896819724164,"m"
6748,-0.94020023002522,21.9464834847806,0.128900160857458,"m"
6749,-0.93969672711528,21.9478031517197,0.128903492988001,"m"
6750,-0.939193074420244,21.9491221372889,0.128906814254956,"m"
6751,-0.938689269516363,21.9504404393642,0.128910122797481,"m"
6752,-0.938185309979889,21.9517580558216,0.128913416754738,"m"
6753,-0.937681193387071,21.9530749845369,0.128916694265887,"m"
6754,-0.937176917314161,21.9543912233861,0.128919953470089,"m"
6755,-0.936672479337408,21.9557067702452,0.128923192506504,"m"
6756,-0.936167877033064,21.9570216229901,0.128926409514293,"m"
6757,-0.935663107977378,21.9583357794967,0.128929602632616,"m"
6758,-0.935158171101042,21.9596492387632,0.128932770334939,"m"
6759,-0.934653073244199,21.9609620063414,0.128935913046946,"m"
6760,-0.934147824109873,21.9622740901549,0.128939031900944,"m"
6761,-0.93364243340504,21.9635854981308,0.128942128030212,"m"
6762,-0.933136910836674,21.9648962381962,0.128945202568031,"m"
6763,-0.932631266111749,21.966206318278,0.128948256647681,"m"
6764,-0.93212550893724,21.9675157463034,0.128951291402441,"m"
6765,-0.931619649020122,21.9688245301994,0.128954307965593,"m"
6766,-0.931113696067368,21.970132677893,0.128957307470416,"m"
6767,-0.930607659785953,21.9714401973112,0.12896029105019,"m"
6768,-0.930101549882852,21.9727470963811,0.128963259838196,"m"
6769,-0.929595376065039,21.9740533830298,0.128966214967713,"m"
6770,-0.929089148039488,21.9753590651842,0.128969157572023,"m"
6771,-0.928582875513175,21.9766641507714,0.128972088784404,"m"
6772,-0.928076568193073,21.9779686477185,0.128975009738137,"m"
6773,-0.927570235786157,21.9792725639525,0.128977921566503,"m"
6774,-0.927063887999401,21.9805759074004,0.128980825402781,"m"
6775,-0.92655753453978,21.9818786859892,0.128983722380252,"m"
6776,-0.926051185114268,21.9831809076461,0.128986613632196,"m"
6777,-0.92554484942984,21.9844825802981,0.128989500291893,"m"
6778,-0.92503853719347,21.9857837118721,0.128992383492622,"m"
6779,-0.924532258112132,21.9870843102953,0.128995264367665,"m"
6780,-0.924026021892802,21.9883843834946,0.128998144050301,"m"
6781,-0.923519838242453,21.9896839393971,0.129001023673811,"m"
6782,-0.923013716868059,21.9909829859299,0.129003904371475,"m"
6783,-0.922507667476597,21.99228153102,0.129006787276572,"m"
6784,-0.922001699775039,21.9935795825944,0.129009673522383,"m"
6785,-0.92149582347036,21.9948771485802,0.129012564242189,"m"
6786,-0.920990048269535,21.9961742369044,0.129015460569269,"m"
6787,-0.920484383879538,21.9974708554941,0.129018363636903,"m"
6788,-0.919978839660751,21.9987670120497,0.129021274554955,"m"
6789,-0.919473414065474,22.0000627071411,0.129024193696319,"m"
6790,-0.918968092703877,22.0013579329435,0.129027120566251,"m"
6791,-0.918462860449495,22.0026526811505,0.129030054620237,"m"
6792,-0.91795770217586,22.0039469434556,0.129032995313764,"m"
6793,-0.917452602756506,22.0052407115524,0.129035942102319,"m"
6794,-0.916947547064967,22.0065339771345,0.12903889444139,"m"
6795,-0.916442519974777,22.0078267318955,0.129041851786464,"m"
6796,-0.915937506359469,22.0091189675289,0.129044813593027,"m"
6797,-0.915432491092577,22.0104106757284,0.129047779316566,"m"
6798,-0.914927459047634,22.0117018481874,0.129050748412569,"m"
6799,-0.914422395098175,22.0129924765997,0.129053720336523,"m"
6800,-0.913917284117732,22.0142825526587,0.129056694543914,"m"
6801,-0.91341211097984,22.0155720680581,0.12905967049023,"m"
6802,-0.912906860558032,22.0168610144914,0.129062647630957,"m"
6803,-0.912401517725842,22.0181493836522,0.129065625421583,"m"
6804,-0.911896067356803,22.0194371672342,0.129068603317595,"m"
6805,-0.911390494324449,22.0207243569307,0.12907158077448,"m"
6806,-0.910884783502314,22.0220109444356,0.129074557247724,"m"
6807,-0.910378919763931,22.0232969214422,0.129077532192816,"m"
6808,-0.909872887982835,22.0245822796443,0.129080505065241,"m"
6809,-0.909366673032558,22.0258670107353,0.129083475320487,"m"
6810,-0.908860259786634,22.027151106409,0.129086442414041,"m"
6811,-0.908353633118597,22.0284345583587,0.129089405801389,"m"
6812,-0.907846777901981,22.0297173582782,0.12909236493802,"m"
6813,-0.907339679010319,22.030999497861,0.12909531927942,"m"
6814,-0.906832321317145,22.0322809688007,0.129098268281076,"m"
6815,-0.906324689695992,22.0335617627909,0.129101211398475,"m"
6816,-0.905816769020395,22.0348418715251,0.129104148087104,"m"
6817,-0.905308544163886,22.036121286697,0.12910707780245,"m"
6818,-0.9048,22.0374,0.12911,"m"
6819,-0.904291125297269,22.0386780051824,0.129112914400122,"m"
6820,-0.903781924404221,22.0399553042105,0.129115821782707,"m"
6821,-0.903272405564383,22.0412319011054,0.129118723192527,"m"
6822,-0.902762577021281,22.0425077998879,0.129121619674353,"m"
6823,-0.902252447018443,22.043783004579,0.129124512272957,"m"
6824,-0.901742023799396,22.0450575191997,0.129127402033111,"m"
6825,-0.901231315607666,22.046331347771,0.129130289999587,"m"
6826,-0.900720330686781,22.0476044943137,0.129133177217156,"m"
6827,-0.900209077280267,22.0488769628489,0.129136064730589,"m"
6828,-0.899697563631651,22.0501487573975,0.12913895358466,"m"
6829,-0.89918579798446,22.0514198819805,0.129141844824139,"m"
6830,-0.898673788582221,22.0526903406188,0.129144739493798,"m"
6831,-0.898161543668461,22.0539601373335,0.129147638638409,"m"
6832,-0.897649071486706,22.0552292761453,0.129150543302743,"m"
6833,-0.897136380280484,22.0564977610754,0.129153454531573,"m"
6834,-0.896623478293322,22.0577655961447,0.12915637336967,"m"
6835,-0.896110373768745,22.059032785374,0.129159300861806,"m"
6836,-0.895597074950282,22.0602993327845,0.129162238052752,"m"
6837,-0.89508359008146,22.061565242397,0.129165185987281,"m"
6838,-0.894569927405804,22.0628305182325,0.129168145710163,"m"
6839,-0.894056095166842,22.064095164312,0.129171118266172,"m"
6840,-0.893542101608101,22.0653591846564,0.129174104700077,"m"
6841,-0.893027954973108,22.0666225832867,0.129177106056652,"m"
6842,-0.892513663505389,22.0678853642238,0.129180123380668,"m"
6843,-0.891999235448472,22.0691475314887,0.129183157716896,"m"
6844,-0.891484679045883,22.0704090891024,0.129186210110108,"m"
6845,-0.89097000254115,22.0716700410858,0.129189281605077,"m"
6846,-0.890455214177798,22.0729303914598,0.129192373246573,"m"
6847,-0.889940322199356,22.0741901442455,0.129195486079369,"m"
6848,-0.889425334849349,22.0754493034638,0.129198621148237,"m"
6849,-0.888910260228523,22.0767078727857,0.129201779422259,"m"
6850,-0.88839510394842,22.0779658497808,0.129204960551022,"m"
6851,-0.887879869506262,22.0792232268364,0.129208163063332,"m"
6852,-0.887364560332089,22.0804799961751,0.129211385452383,"m"
6853,-0.886849179855942,22.0817361500195,0.129214626211369,"m"
6854,-0.886333731507862,22.0829916805922,0.129217883833484,"m"
6855,-0.885818218717891,22.0842465801157,0.129221156811923,"m"
6856,-0.885302644916068,22.0855008408127,0.12922444363988,"m"
6857,-0.884787013532435,22.0867544549056,0.129227742810549,"m"
6858,-0.884271327997032,22.0880074146172,0.129231052817125,"m"
6859,-0.8837555917399,22.08925971217,0.129234372152802,"m"
6860,-0.883239808191081,22.0905113397865,0.129237699310773,"m"
6861,-0.882723980780614,22.0917622896894,0.129241032784234,"m"
6862,-0.882208112938542,22.0930125541013,0.129244371066379,"m"
6863,-0.881692208094903,22.0942621252446,0.129247712650401,"m"
6864,-0.881176269679741,22.0955109953421,0.129251056029496,"m"
6865,-0.880660301123094,22.0967591566163,0.129254399696857,"m"
6866,-0.880144305855004,22.0980066012898,0.129257742145678,"m"
6867,-0.879628287305513,22.0992533215851,0.129261081869155,"m"
6868,-0.87911224890466,22.1004993097249,0.129264417360481,"m"
6869,-0.878596194082486,22.1017445579317,0.12926774711285,"m"
6870,-0.878080126269033,22.1029890584281,0.129271069619457,"m"
6871,-0.877564048894341,22.1042328034368,0.129274383373497,"m"
6872,-0.877047965388452,22.1054757851803,0.129277686868162,"m"
6873,-0.876531879181405,22.1067179958811,0.129280978596648,"m"
6874,-0.876015793703241,22.1079594277619,0.129284257052149,"m"
6875,-0.875499712384002,22.1092000730452,0.129287520727859,"m"
6876,-0.874983638653729,22.1104399239537,0.129290768116972,"m"
6877,-0.874467575942462,22.1116789727099,0.129293997712683,"m"
6878,-0.873951527680241,22.1129172115364,0.129297208008186,"m"
6879,-0.873435497295769,22.1141546326671,0.129300397497403,"m"
6880,-0.872919487246347,22.1153912365645,0.129303565201417,"m"
6881,-0.87240349730554,22.1166270464243,0.129306711597743,"m"
6882,-0.871887526787339,22.1178620893353,0.129309837413293,"m"
6883,-0.871371575005735,22.1190963923861,0.129312943374983,"m"
6884,-0.870855641274722,22.1203299826655,0.129316030209728,"m"
6885,-0.87033972490829,22.1215628872621,0.129319098644442,"m"
6886,-0.869823825220432,22.1227951332646,0.12932214940604,"m"
6887,-0.86930794152514,22.1240267477618,0.129325183221438,"m"
6888,-0.868792073136404,22.1252577578423,0.129328200817549,"m"
6889,-0.868276219368218,22.1264881905949,0.129331202921289,"m"
6890,-0.867760379534572,22.1277180731083,0.129334190259573,"m"
6891,-0.867244552949459,22.1289474324711,0.129337163559314,"m"
6892,-0.866728738926871,22.130176295772,0.129340123547429,"m"
6893,-0.866212936780798,22.1314046900998,0.129343070950831,"m"
6894,-0.865697145825235,22.1326326425432,0.129346006496436,"m"
6895,-0.865181365374171,22.1338601801908,0.129348930911158,"m"
6896,-0.864665594741599,22.1350873301314,0.129351844921912,"m"
6897,-0.864149833241511,22.1363141194537,0.129354749255613,"m"
6898,-0.863634080187898,22.1375405752463,0.129357644639176,"m"
6899,-0.863118334894753,22.138766724598,0.129360531799516,"m"
6900,-0.862602596676066,22.1399925945974,0.129363411463546,"m"
6901,-0.862086864845831,22.1412182123333,0.129366284358183,"m"
6902,-0.861571138718039,22.1424436048944,0.12936915121034,"m"
6903,-0.861055417606682,22.1436687993693,0.129372012746933,"m"
6904,-0.860539700825751,22.1448938228468,0.129374869694877,"m"
6905,-0.860023987689238,22.1461187024156,0.129377722781086,"m"
6906,-0.859508277511136,22.1473434651644,0.129380572732474,"m"
6907,-0.858992569605435,22.1485681381819,0.129383420275958,"m"
6908,-0.858476863286129,22.1497927485567,0.129386266138451,"m"
6909,-0.857961157867208,22.1510173233776,0.129389111046868,"m"
6910,-0.857440862422998,22.1522334702259,0.129392032854209,"m"
6911,-0.856918480492813,22.1534457905544,0.12939498973306,"m"
6912,-0.856396098562628,22.154658110883,0.12939794661191,"m"
6913,-0.855873716632443,22.1558704312115,0.12940090349076,"m"
6914,-0.855351334702259,22.15708275154,0.12940386036961,"m"
6915,-0.854828952772074,22.1582950718686,0.12940681724846,"m"
6916,-0.854306570841889,22.1595073921971,0.12940977412731,"m"
6917,-0.853784188911704,22.1607197125257,0.12941273100616,"m"
6918,-0.85326180698152,22.1619320328542,0.12941568788501,"m"
6919,-0.852739425051335,22.1631443531828,0.12941864476386,"m"
6920,-0.85221704312115,22.1643566735113,0.12942160164271,"m"
6921,-0.851694661190965,22.1655689938398,0.129424558521561,"m"
6922,-0.85117227926078,22.1667813141684,0.129427515400411,"m"
6923,-0.850649897330595,22.1679936344969,0.129430472279261,"m"
6924,-0.850127515400411,22.1692059548255,0.129433429158111,"m"
6925,-0.849605133470226,22.170418275154,0.129436386036961,"m"
6926,-0.849082751540041,22.1716305954825,0.129439342915811,"m"
6927,-0.848560369609856,22.1728429158111,0.129442299794661,"m"
6928,-0.848037987679671,22.1740552361396,0.129445256673511,"m"
6929,-0.847515605749487,22.1752675564682,0.129448213552361,"m"
6930,-0.846993223819302,22.1764798767967,0.129451170431212,"m"
6931,-0.846470841889117,22.1776921971253,0.129454127310062,"m"
6932,-0.845948459958932,22.1789045174538,0.129457084188912,"m"
6933,-0.845426078028747,22.1801168377823,0.129460041067762,"m"
6934,-0.844903696098563,22.1813291581109,0.129462997946612,"m"
6935,-0.844381314168378,22.1825414784394,0.129465954825462,"m"
6936,-0.843858932238193,22.183753798768,0.129468911704312,"m"
6937,-0.843336550308008,22.1849661190965,0.129471868583162,"m"
6938,-0.842814168377823,22.1861784394251,0.129474825462012,"m"
6939,-0.842291786447639,22.1873907597536,0.129477782340862,"m"
6940,-0.8419,22.1883,0.12948,"m"
0,-0.0631,13.3363,0.09272,"f"
1,0.0362,13.3185,0.0936,"f"
2,0.1355,13.3006,0.09448,"f"
3,0.2347,13.2828,0.09535,"f"
4,0.334,13.2649,0.09623,"f"
5,0.4333,13.247,0.09711,"f"
6,0.5326,13.2292,0.09799,"f"
7,0.6319,13.2113,0.09887,"f"
8,0.6142,13.2455,0.09866,"f"
9,0.5965,13.2796,0.09845,"f"
10,0.5789,13.3137,0.09824,"f"
11,0.5612,13.3478,0.09804,"f"
12,0.5435,13.3819,0.09783,"f"
13,0.5258,13.416,0.09762,"f"
14,0.5082,13.4501,0.09741,"f"
15,0.4947,13.5169,0.09726,"f"
16,0.482,13.5873,0.09711,"f"
17,0.4699,13.6595,0.09697,"f"
18,0.4583,13.7325,0.09684,"f"
19,0.4472,13.8056,0.09671,"f"
20,0.4365,13.8784,0.09659,"f"
21,0.4263,13.9505,0.09647,"f"
22,0.4164,14.0216,0.09636,"f"
23,0.4069,14.0916,0.09625,"f"
24,0.3977,14.1603,0.09615,"f"
25,0.3888,14.2276,0.09605,"f"
26,0.3802,14.2935,0.09595,"f"
27,0.3718,14.3579,0.09586,"f"
28,0.3637,14.4208,0.09577,"f"
29,0.3558,14.4824,0.09568,"f"
30,0.3481,14.5422,0.09559,"f"
31,0.3406,14.6003,0.09551,"f"
32,0.3333,14.6566,0.09543,"f"
33,0.3262,14.7112,0.09535,"f"
34,0.3192,14.7642,0.09527,"f"
35,0.3124,14.8157,0.0952,"f"
36,0.3058,14.8657,0.09513,"f"
37,0.2993,14.9142,0.09506,"f"
38,0.2929,14.9614,0.09499,"f"
39,0.2867,15.0073,0.09492,"f"
40,0.2806,15.052,0.09485,"f"
41,0.2747,15.0955,0.09479,"f"
42,0.2688,15.138,0.09472,"f"
43,0.263,15.1794,0.09466,"f"
44,0.2574,15.2198,0.0946,"f"
45,0.2519,15.2591,0.09454,"f"
46,0.2464,15.2974,0.09448,"f"
47,0.2411,15.3347,0.09442,"f"
48,0.2358,15.3709,0.09436,"f"
49,0.2306,15.4063,0.09431,"f"
50,0.2255,15.4408,0.09425,"f"
51,0.2205,15.4744,0.0942,"f"
52,0.2156,15.5072,0.09415,"f"
53,0.2107,15.5393,0.0941,"f"
54,0.2059,15.5706,0.09404,"f"
55,0.2012,15.6012,0.09399,"f"
56,0.1966,15.6311,0.09394,"f"
57,0.192,15.6604,0.09389,"f"
58,0.1875,15.689,0.09385,"f"
59,0.183,15.717,0.0938,"f"
60,0.1787,15.7444,0.09375,"f"
61,0.1743,15.7713,0.09371,"f"
62,0.17,15.7975,0.09366,"f"
63,0.1658,15.8232,0.09361,"f"
64,0.1617,15.8483,0.09357,"f"
65,0.1575,15.8729,0.09353,"f"
66,0.1535,15.8968,0.09348,"f"
67,0.1495,15.9202,0.09344,"f"
68,0.1455,15.9431,0.0934,"f"
69,0.1416,15.9655,0.09336,"f"
70,0.1377,15.9874,0.09332,"f"
71,0.1339,16.0087,0.09328,"f"
72,0.1301,16.0297,0.09324,"f"
73,0.1263,16.0501,0.0932,"f"
74,0.1226,16.0702,0.09316,"f"
75,0.119,16.0897,0.09312,"f"
76,0.1154,16.1089,0.09308,"f"
77,0.1118,16.1277,0.09304,"f"
78,0.1082,16.1461,0.093,"f"
79,0.1047,16.164,0.09297,"f"
80,0.1013,16.1817,0.09293,"f"
81,0.0978,16.1989,0.09289,"f"
82,0.0944,16.2158,0.09286,"f"
83,0.0911,16.2323,0.09282,"f"
84,0.0877,16.2485,0.09279,"f"
85,0.0844,16.2644,0.09275,"f"
86,0.0811,16.28,0.09272,"f"
87,0.0779,16.2952,0.09268,"f"
88,0.0747,16.3101,0.09265,"f"
89,0.0715,16.3247,0.09262,"f"
90,0.0684,16.339,0.09258,"f"
91,0.0652,16.3531,0.09255,"f"
92,0.0621,16.3668,0.09252,"f"
93,0.0591,16.3803,0.09249,"f"
94,0.056,16.3935,0.09245,"f"
95,0.053,16.4065,0.09242,"f"
96,0.05,16.4192,0.09239,"f"
97,0.0471,16.4316,0.09236,"f"
98,0.0442,16.4438,0.09233,"f"
99,0.0412,16.4557,0.0923,"f"
100,0.0384,16.4673,0.09227,"f"
101,0.0355,16.4788,0.09224,"f"
102,0.0327,16.49,0.09221,"f"
103,0.0298,16.5009,0.09218,"f"
104,0.027,16.5117,0.09215,"f"
105,0.0243,16.5222,0.09212,"f"
106,0.0215,16.5325,0.09209,"f"
107,0.0188,16.5426,0.09206,"f"
108,0.0161,16.5525,0.09203,"f"
109,0.0134,16.5622,0.09201,"f"
110,0.0107,16.5717,0.09198,"f"
111,0.0081,16.581,0.09195,"f"
112,0.0055,16.5901,0.09192,"f"
113,0.0029,16.5991,0.09189,"f"
114,3e-04,16.6078,0.09187,"f"
115,-0.0023,16.6164,0.09184,"f"
116,-0.0048,16.6249,0.09181,"f"
117,-0.0074,16.6331,0.09179,"f"
118,-0.0099,16.6412,0.09176,"f"
119,-0.0124,16.6492,0.09173,"f"
120,-0.0148,16.657,0.09171,"f"
121,-0.0173,16.6647,0.09168,"f"
122,-0.0197,16.6722,0.09166,"f"
123,-0.0222,16.6795,0.09163,"f"
124,-0.0246,16.6868,0.09161,"f"
125,-0.027,16.6939,0.09158,"f"
126,-0.0293,16.7009,0.09156,"f"
127,-0.0317,16.7077,0.09153,"f"
128,-0.034,16.7144,0.09151,"f"
129,-0.0364,16.721,0.09148,"f"
130,-0.0387,16.7274,0.09146,"f"
131,-0.041,16.7337,0.09143,"f"
132,-0.0433,16.7399,0.09141,"f"
133,-0.0455,16.746,0.09139,"f"
134,-0.0478,16.7519,0.09136,"f"
135,-0.05,16.7577,0.09134,"f"
136,-0.0522,16.7634,0.09131,"f"
137,-0.0545,16.7689,0.09129,"f"
138,-0.0566,16.7743,0.09127,"f"
139,-0.0588,16.7797,0.09125,"f"
140,-0.061,16.7848,0.09122,"f"
141,-0.0632,16.7899,0.0912,"f"
142,-0.0653,16.7948,0.09118,"f"
143,-0.0674,16.7997,0.09116,"f"
144,-0.0696,16.8044,0.09113,"f"
145,-0.0717,16.809,0.09111,"f"
146,-0.0737,16.8134,0.09109,"f"
147,-0.0758,16.8178,0.09107,"f"
148,-0.0779,16.822,0.09104,"f"
149,-0.08,16.8262,0.09102,"f"
150,-0.082,16.8302,0.091,"f"
151,-0.084,16.8341,0.09098,"f"
152,-0.086,16.8379,0.09096,"f"
153,-0.0881,16.8416,0.09094,"f"
154,-0.0901,16.8452,0.09092,"f"
155,-0.092,16.8487,0.0909,"f"
156,-0.094,16.8521,0.09088,"f"
157,-0.096,16.8554,0.09085,"f"
158,-0.0979,16.8586,0.09083,"f"
159,-0.0999,16.8617,0.09081,"f"
160,-0.1018,16.8648,0.09079,"f"
161,-0.1037,16.8677,0.09077,"f"
162,-0.1056,16.8705,0.09075,"f"
163,-0.1075,16.8732,0.09073,"f"
164,-0.1094,16.8759,0.09071,"f"
165,-0.1113,16.8784,0.09069,"f"
166,-0.1132,16.8808,0.09067,"f"
167,-0.115,16.8832,0.09065,"f"
168,-0.1169,16.8854,0.09063,"f"
169,-0.1187,16.8876,0.09061,"f"
170,-0.1206,16.8897,0.09059,"f"
171,-0.1224,16.8917,0.09058,"f"
172,-0.1242,16.8936,0.09056,"f"
173,-0.126,16.8954,0.09054,"f"
174,-0.1278,16.8971,0.09052,"f"
175,-0.1296,16.8987,0.0905,"f"
176,-0.1314,16.9002,0.09048,"f"
177,-0.1331,16.9017,0.09046,"f"
178,-0.1349,16.9031,0.09044,"f"
179,-0.1366,16.9043,0.09043,"f"
180,-0.1384,16.9055,0.09041,"f"
181,-0.1401,16.9066,0.09039,"f"
182,-0.1418,16.9077,0.09037,"f"
183,-0.1436,16.9086,0.09035,"f"
184,-0.1453,16.9095,0.09033,"f"
185,-0.147,16.9102,0.09032,"f"
186,-0.1487,16.9109,0.0903,"f"
187,-0.1503,16.9116,0.09028,"f"
188,-0.152,16.9121,0.09026,"f"
189,-0.1537,16.9125,0.09024,"f"
190,-0.1554,16.9129,0.09023,"f"
191,-0.157,16.9132,0.09021,"f"
192,-0.1587,16.9135,0.09019,"f"
193,-0.1603,16.9136,0.09017,"f"
194,-0.1619,16.9137,0.09016,"f"
195,-0.1635,16.9137,0.09014,"f"
196,-0.1652,16.9136,0.09012,"f"
197,-0.1668,16.9135,0.09011,"f"
198,-0.1684,16.9133,0.09009,"f"
199,-0.17,16.913,0.09007,"f"
200,-0.1715,16.9127,0.09006,"f"
201,-0.1731,16.9122,0.09004,"f"
202,-0.1747,16.9118,0.09002,"f"
203,-0.1763,16.9112,0.09001,"f"
204,-0.1778,16.9106,0.08999,"f"
205,-0.1794,16.9099,0.08997,"f"
206,-0.1809,16.9091,0.08996,"f"
207,-0.1824,16.9083,0.08994,"f"
208,-0.184,16.9074,0.08992,"f"
209,-0.1855,16.9065,0.08991,"f"
210,-0.187,16.9055,0.08989,"f"
211,-0.1885,16.9044,0.08988,"f"
212,-0.19,16.9033,0.08986,"f"
213,-0.1915,16.9021,0.08984,"f"
214,-0.193,16.9008,0.08983,"f"
215,-0.1945,16.8995,0.08981,"f"
216,-0.196,16.8981,0.0898,"f"
217,-0.1975,16.8967,0.08978,"f"
218,-0.1989,16.8952,0.08976,"f"
219,-0.2004,16.8937,0.08975,"f"
220,-0.2018,16.8921,0.08973,"f"
221,-0.2033,16.8905,0.08972,"f"
222,-0.2047,16.8888,0.0897,"f"
223,-0.2062,16.887,0.08969,"f"
224,-0.2076,16.8852,0.08967,"f"
225,-0.209,16.8834,0.08966,"f"
226,-0.2104,16.8814,0.08964,"f"
227,-0.2119,16.8795,0.08963,"f"
228,-0.2133,16.8775,0.08961,"f"
229,-0.2147,16.8754,0.0896,"f"
230,-0.2161,16.8733,0.08958,"f"
231,-0.2175,16.8712,0.08957,"f"
232,-0.2188,16.869,0.08955,"f"
233,-0.2202,16.8667,0.08954,"f"
234,-0.2216,16.8644,0.08952,"f"
235,-0.223,16.8621,0.08951,"f"
236,-0.2243,16.8597,0.08949,"f"
237,-0.2257,16.8572,0.08948,"f"
238,-0.227,16.8548,0.08947,"f"
239,-0.2284,16.8522,0.08945,"f"
240,-0.2297,16.8497,0.08944,"f"
241,-0.2311,16.8471,0.08942,"f"
242,-0.2324,16.8444,0.08941,"f"
243,-0.2337,16.8417,0.08939,"f"
244,-0.2351,16.839,0.08938,"f"
245,-0.2364,16.8362,0.08937,"f"
246,-0.2377,16.8334,0.08935,"f"
247,-0.239,16.8305,0.08934,"f"
248,-0.2403,16.8276,0.08932,"f"
249,-0.2416,16.8247,0.08931,"f"
250,-0.2429,16.8217,0.0893,"f"
251,-0.2442,16.8187,0.08928,"f"
252,-0.2455,16.8157,0.08927,"f"
253,-0.2467,16.8126,0.08926,"f"
254,-0.248,16.8095,0.08924,"f"
255,-0.2493,16.8063,0.08923,"f"
256,-0.2505,16.8031,0.08921,"f"
257,-0.2518,16.7999,0.0892,"f"
258,-0.2531,16.7967,0.08919,"f"
259,-0.2543,16.7934,0.08917,"f"
260,-0.2556,16.79,0.08916,"f"
261,-0.2568,16.7867,0.08915,"f"
262,-0.258,16.7833,0.08913,"f"
263,-0.2593,16.7799,0.08912,"f"
264,-0.2605,16.7764,0.08911,"f"
265,-0.2617,16.773,0.08909,"f"
266,-0.263,16.7695,0.08908,"f"
267,-0.2642,16.7659,0.08907,"f"
268,-0.2654,16.7624,0.08906,"f"
269,-0.2666,16.7588,0.08904,"f"
270,-0.2678,16.7551,0.08903,"f"
271,-0.269,16.7515,0.08902,"f"
272,-0.2702,16.7478,0.089,"f"
273,-0.2714,16.7441,0.08899,"f"
274,-0.2726,16.7404,0.08898,"f"
275,-0.2737,16.7367,0.08897,"f"
276,-0.2749,16.7329,0.08895,"f"
277,-0.2761,16.7291,0.08894,"f"
278,-0.2773,16.7253,0.08893,"f"
279,-0.2784,16.7214,0.08892,"f"
280,-0.2796,16.7176,0.0889,"f"
281,-0.2808,16.7137,0.08889,"f"
282,-0.2819,16.7098,0.08888,"f"
283,-0.2831,16.7059,0.08887,"f"
284,-0.2842,16.7019,0.08885,"f"
285,-0.2854,16.698,0.08884,"f"
286,-0.2865,16.694,0.08883,"f"
287,-0.2876,16.69,0.08882,"f"
288,-0.2888,16.686,0.08881,"f"
289,-0.2899,16.682,0.08879,"f"
290,-0.291,16.6779,0.08878,"f"
291,-0.2922,16.6739,0.08877,"f"
292,-0.2933,16.6698,0.08876,"f"
293,-0.2944,16.6657,0.08874,"f"
294,-0.2955,16.6616,0.08873,"f"
295,-0.2966,16.6575,0.08872,"f"
296,-0.2977,16.6534,0.08871,"f"
297,-0.2988,16.6492,0.0887,"f"
298,-0.2999,16.6451,0.08869,"f"
299,-0.301,16.6409,0.08867,"f"
300,-0.3021,16.6367,0.08866,"f"
301,-0.3032,16.6326,0.08865,"f"
302,-0.3043,16.6284,0.08864,"f"
303,-0.3053,16.6242,0.08863,"f"
304,-0.3064,16.62,0.08862,"f"
305,-0.3075,16.6157,0.0886,"f"
306,-0.3086,16.6115,0.08859,"f"
307,-0.3096,16.6073,0.08858,"f"
308,-0.3107,16.603,0.08857,"f"
309,-0.3118,16.5988,0.08856,"f"
310,-0.3128,16.5945,0.08855,"f"
311,-0.3139,16.5903,0.08854,"f"
312,-0.3149,16.586,0.08852,"f"
313,-0.316,16.5817,0.08851,"f"
314,-0.317,16.5774,0.0885,"f"
315,-0.3181,16.5731,0.08849,"f"
316,-0.3191,16.5688,0.08848,"f"
317,-0.3201,16.5645,0.08847,"f"
318,-0.3212,16.5602,0.08846,"f"
319,-0.3222,16.5559,0.08845,"f"
320,-0.3232,16.5516,0.08843,"f"
321,-0.3242,16.5473,0.08842,"f"
322,-0.3253,16.543,0.08841,"f"
323,-0.3263,16.5387,0.0884,"f"
324,-0.3273,16.5343,0.08839,"f"
325,-0.3283,16.53,0.08838,"f"
326,-0.3293,16.5257,0.08837,"f"
327,-0.3303,16.5213,0.08836,"f"
328,-0.3313,16.517,0.08835,"f"
329,-0.3323,16.5127,0.08834,"f"
330,-0.3333,16.5083,0.08833,"f"
331,-0.3343,16.504,0.08832,"f"
332,-0.3353,16.4997,0.0883,"f"
333,-0.3363,16.4953,0.08829,"f"
334,-0.3373,16.491,0.08828,"f"
335,-0.3382,16.4867,0.08827,"f"
336,-0.3392,16.4823,0.08826,"f"
337,-0.3402,16.478,0.08825,"f"
338,-0.3412,16.4737,0.08824,"f"
339,-0.3421,16.4693,0.08823,"f"
340,-0.3431,16.465,0.08822,"f"
341,-0.3441,16.4607,0.08821,"f"
342,-0.345,16.4563,0.0882,"f"
343,-0.346,16.452,0.08819,"f"
344,-0.347,16.4477,0.08818,"f"
345,-0.3479,16.4434,0.08817,"f"
346,-0.3489,16.4391,0.08816,"f"
347,-0.3498,16.4347,0.08815,"f"
348,-0.3508,16.4304,0.08814,"f"
349,-0.3517,16.4261,0.08813,"f"
350,-0.3526,16.4218,0.08812,"f"
351,-0.3536,16.4175,0.08811,"f"
352,-0.3545,16.4132,0.0881,"f"
353,-0.3555,16.4089,0.08809,"f"
354,-0.3564,16.4046,0.08808,"f"
355,-0.3573,16.4004,0.08807,"f"
356,-0.3582,16.3961,0.08806,"f"
357,-0.3592,16.3918,0.08805,"f"
358,-0.3601,16.3875,0.08804,"f"
359,-0.361,16.3833,0.08803,"f"
360,-0.3619,16.379,0.08802,"f"
361,-0.3628,16.3748,0.08801,"f"
362,-0.3638,16.3705,0.088,"f"
363,-0.3647,16.3663,0.08799,"f"
364,-0.3656,16.3621,0.08798,"f"
365,-0.3665,16.3578,0.08797,"f"
366,-0.3674,16.3536,0.08796,"f"
367,-0.3683,16.3494,0.08795,"f"
368,-0.3692,16.3452,0.08794,"f"
369,-0.3701,16.341,0.08793,"f"
370,-0.371,16.3368,0.08792,"f"
371,-0.3719,16.3326,0.08791,"f"
372,-0.3727,16.3284,0.0879,"f"
373,-0.3736,16.3242,0.08789,"f"
374,-0.3745,16.32,0.08788,"f"
375,-0.3754,16.3158,0.08787,"f"
376,-0.3763,16.3117,0.08786,"f"
377,-0.3772,16.3075,0.08785,"f"
378,-0.378,16.3034,0.08784,"f"
379,-0.3789,16.2992,0.08783,"f"
380,-0.3798,16.2951,0.08782,"f"
381,-0.3806,16.291,0.08782,"f"
382,-0.3815,16.2868,0.08781,"f"
383,-0.3824,16.2827,0.0878,"f"
384,-0.3832,16.2786,0.08779,"f"
385,-0.3841,16.2745,0.08778,"f"
386,-0.385,16.2704,0.08777,"f"
387,-0.3858,16.2663,0.08776,"f"
388,-0.3867,16.2622,0.08775,"f"
389,-0.3875,16.2582,0.08774,"f"
390,-0.3884,16.2541,0.08773,"f"
391,-0.3892,16.25,0.08772,"f"
392,-0.3901,16.246,0.08771,"f"
393,-0.3909,16.2419,0.0877,"f"
394,-0.3917,16.2379,0.08769,"f"
395,-0.3926,16.2339,0.08769,"f"
396,-0.3934,16.2298,0.08768,"f"
397,-0.3943,16.2258,0.08767,"f"
398,-0.3951,16.2218,0.08766,"f"
399,-0.3959,16.2178,0.08765,"f"
400,-0.3968,16.2138,0.08764,"f"
401,-0.3976,16.2099,0.08763,"f"
402,-0.3984,16.2059,0.08762,"f"
403,-0.3992,16.2019,0.08761,"f"
404,-0.4001,16.198,0.08761,"f"
405,-0.4009,16.194,0.0876,"f"
406,-0.4017,16.1901,0.08759,"f"
407,-0.4025,16.1862,0.08758,"f"
408,-0.4033,16.1822,0.08757,"f"
409,-0.4041,16.1783,0.08756,"f"
410,-0.4049,16.1744,0.08755,"f"
411,-0.4057,16.1705,0.08754,"f"
412,-0.4066,16.1667,0.08753,"f"
413,-0.4074,16.1628,0.08753,"f"
414,-0.4082,16.1589,0.08752,"f"
415,-0.409,16.1551,0.08751,"f"
416,-0.4098,16.1512,0.0875,"f"
417,-0.4106,16.1474,0.08749,"f"
418,-0.4114,16.1435,0.08748,"f"
419,-0.4121,16.1397,0.08747,"f"
420,-0.4129,16.1359,0.08747,"f"
421,-0.4137,16.1321,0.08746,"f"
422,-0.4145,16.1283,0.08745,"f"
423,-0.4153,16.1245,0.08744,"f"
424,-0.4161,16.1207,0.08743,"f"
425,-0.4169,16.117,0.08742,"f"
426,-0.4176,16.1132,0.08741,"f"
427,-0.4184,16.1095,0.08741,"f"
428,-0.4192,16.1057,0.0874,"f"
429,-0.42,16.102,0.08739,"f"
430,-0.4208,16.0983,0.08738,"f"
431,-0.4215,16.0946,0.08737,"f"
432,-0.4223,16.0909,0.08736,"f"
433,-0.4231,16.0872,0.08736,"f"
434,-0.4238,16.0835,0.08735,"f"
435,-0.4246,16.0798,0.08734,"f"
436,-0.4254,16.0762,0.08733,"f"
437,-0.4261,16.0725,0.08732,"f"
438,-0.4269,16.0689,0.08731,"f"
439,-0.4276,16.0652,0.08731,"f"
440,-0.4284,16.0616,0.0873,"f"
441,-0.4292,16.058,0.08729,"f"
442,-0.4299,16.0544,0.08728,"f"
443,-0.4307,16.0508,0.08727,"f"
444,-0.4314,16.0472,0.08727,"f"
445,-0.4322,16.0436,0.08726,"f"
446,-0.4329,16.04,0.08725,"f"
447,-0.4337,16.0365,0.08724,"f"
448,-0.4344,16.0329,0.08723,"f"
449,-0.4351,16.0294,0.08722,"f"
450,-0.4359,16.0258,0.08722,"f"
451,-0.4366,16.0223,0.08721,"f"
452,-0.4374,16.0188,0.0872,"f"
453,-0.4381,16.0153,0.08719,"f"
454,-0.4388,16.0118,0.08718,"f"
455,-0.4396,16.0083,0.08718,"f"
456,-0.4403,16.0048,0.08717,"f"
457,-0.441,16.0013,0.08716,"f"
458,-0.4418,15.9979,0.08715,"f"
459,-0.4425,15.9944,0.08714,"f"
460,-0.4432,15.991,0.08714,"f"
461,-0.4439,15.9875,0.08713,"f"
462,-0.4447,15.9841,0.08712,"f"
463,-0.4454,15.9807,0.08711,"f"
464,-0.4461,15.9773,0.08711,"f"
465,-0.4468,15.9739,0.0871,"f"
466,-0.4475,15.9705,0.08709,"f"
467,-0.4482,15.9671,0.08708,"f"
468,-0.449,15.9638,0.08707,"f"
469,-0.4497,15.9604,0.08707,"f"
470,-0.4504,15.9571,0.08706,"f"
471,-0.4511,15.9537,0.08705,"f"
472,-0.4518,15.9504,0.08704,"f"
473,-0.4525,15.9471,0.08704,"f"
474,-0.4532,15.9438,0.08703,"f"
475,-0.4539,15.9405,0.08702,"f"
476,-0.4546,15.9372,0.08701,"f"
477,-0.4553,15.9339,0.08701,"f"
478,-0.456,15.9307,0.087,"f"
479,-0.4567,15.9274,0.08699,"f"
480,-0.4574,15.9241,0.08698,"f"
481,-0.4581,15.9209,0.08698,"f"
482,-0.4588,15.9177,0.08697,"f"
483,-0.4595,15.9145,0.08696,"f"
484,-0.4602,15.9112,0.08695,"f"
485,-0.4609,15.908,0.08695,"f"
486,-0.4616,15.9049,0.08694,"f"
487,-0.4623,15.9017,0.08693,"f"
488,-0.4629,15.8985,0.08692,"f"
489,-0.4636,15.8953,0.08692,"f"
490,-0.4643,15.8922,0.08691,"f"
491,-0.465,15.8891,0.0869,"f"
492,-0.4657,15.8859,0.08689,"f"
493,-0.4663,15.8828,0.08689,"f"
494,-0.467,15.8797,0.08688,"f"
495,-0.4677,15.8766,0.08687,"f"
496,-0.4684,15.8735,0.08686,"f"
497,-0.469,15.8704,0.08686,"f"
498,-0.4697,15.8673,0.08685,"f"
499,-0.4704,15.8643,0.08684,"f"
500,-0.4711,15.8612,0.08683,"f"
501,-0.4717,15.8582,0.08683,"f"
502,-0.4724,15.8552,0.08682,"f"
503,-0.4731,15.8521,0.08681,"f"
504,-0.4737,15.8491,0.08681,"f"
505,-0.4744,15.8461,0.0868,"f"
506,-0.4751,15.8431,0.08679,"f"
507,-0.4757,15.8401,0.08678,"f"
508,-0.4764,15.8372,0.08678,"f"
509,-0.477,15.8342,0.08677,"f"
510,-0.4777,15.8313,0.08676,"f"
511,-0.4783,15.8283,0.08676,"f"
512,-0.479,15.8254,0.08675,"f"
513,-0.4797,15.8224,0.08674,"f"
514,-0.4803,15.8195,0.08673,"f"
515,-0.481,15.8166,0.08673,"f"
516,-0.4816,15.8137,0.08672,"f"
517,-0.4823,15.8108,0.08671,"f"
518,-0.4829,15.808,0.08671,"f"
519,-0.4836,15.8051,0.0867,"f"
520,-0.4842,15.8022,0.08669,"f"
521,-0.4848,15.7994,0.08668,"f"
522,-0.4855,15.7965,0.08668,"f"
523,-0.4861,15.7937,0.08667,"f"
524,-0.4868,15.7909,0.08666,"f"
525,-0.4874,15.7881,0.08666,"f"
526,-0.488,15.7853,0.08665,"f"
527,-0.4887,15.7825,0.08664,"f"
528,-0.4893,15.7797,0.08664,"f"
529,-0.49,15.7769,0.08663,"f"
530,-0.4906,15.7742,0.08662,"f"
531,-0.4912,15.7714,0.08662,"f"
532,-0.4919,15.7687,0.08661,"f"
533,-0.4925,15.7659,0.0866,"f"
534,-0.4931,15.7632,0.0866,"f"
535,-0.4937,15.7605,0.08659,"f"
536,-0.4944,15.7578,0.08658,"f"
537,-0.495,15.7551,0.08657,"f"
538,-0.4956,15.7524,0.08657,"f"
539,-0.4962,15.7497,0.08656,"f"
540,-0.4969,15.747,0.08655,"f"
541,-0.4975,15.7444,0.08655,"f"
542,-0.4981,15.7417,0.08654,"f"
543,-0.4987,15.7391,0.08653,"f"
544,-0.4993,15.7364,0.08653,"f"
545,-0.5,15.7338,0.08652,"f"
546,-0.5006,15.7312,0.08651,"f"
547,-0.5012,15.7286,0.08651,"f"
548,-0.5018,15.726,0.0865,"f"
549,-0.5024,15.7234,0.08649,"f"
550,-0.503,15.7208,0.08649,"f"
551,-0.5036,15.7183,0.08648,"f"
552,-0.5043,15.7157,0.08647,"f"
553,-0.5049,15.7132,0.08647,"f"
554,-0.5055,15.7106,0.08646,"f"
555,-0.5061,15.7081,0.08645,"f"
556,-0.5067,15.7056,0.08645,"f"
557,-0.5073,15.703,0.08644,"f"
558,-0.5079,15.7005,0.08643,"f"
559,-0.5085,15.698,0.08643,"f"
560,-0.5091,15.6956,0.08642,"f"
561,-0.5097,15.6931,0.08642,"f"
562,-0.5103,15.6906,0.08641,"f"
563,-0.5109,15.6882,0.0864,"f"
564,-0.5115,15.6857,0.0864,"f"
565,-0.5121,15.6833,0.08639,"f"
566,-0.5127,15.6808,0.08638,"f"
567,-0.5133,15.6784,0.08638,"f"
568,-0.5139,15.676,0.08637,"f"
569,-0.5145,15.6736,0.08636,"f"
570,-0.5151,15.6712,0.08636,"f"
571,-0.5156,15.6688,0.08635,"f"
572,-0.5162,15.6665,0.08634,"f"
573,-0.5168,15.6641,0.08634,"f"
574,-0.5174,15.6617,0.08633,"f"
575,-0.518,15.6594,0.08632,"f"
576,-0.5186,15.6571,0.08632,"f"
577,-0.5192,15.6547,0.08631,"f"
578,-0.5197,15.6524,0.08631,"f"
579,-0.5203,15.6501,0.0863,"f"
580,-0.5209,15.6478,0.08629,"f"
581,-0.5215,15.6455,0.08629,"f"
582,-0.5221,15.6432,0.08628,"f"
583,-0.5226,15.6409,0.08627,"f"
584,-0.5232,15.6387,0.08627,"f"
585,-0.5238,15.6364,0.08626,"f"
586,-0.5244,15.6342,0.08626,"f"
587,-0.525,15.6319,0.08625,"f"
588,-0.5255,15.6297,0.08624,"f"
589,-0.5261,15.6275,0.08624,"f"
590,-0.5267,15.6253,0.08623,"f"
591,-0.5272,15.6231,0.08622,"f"
592,-0.5278,15.6209,0.08622,"f"
593,-0.5284,15.6187,0.08621,"f"
594,-0.529,15.6165,0.08621,"f"
595,-0.5295,15.6144,0.0862,"f"
596,-0.5301,15.6122,0.08619,"f"
597,-0.5307,15.61,0.08619,"f"
598,-0.5312,15.6079,0.08618,"f"
599,-0.5318,15.6058,0.08618,"f"
600,-0.5323,15.6037,0.08617,"f"
601,-0.5329,15.6015,0.08616,"f"
602,-0.5335,15.5994,0.08616,"f"
603,-0.534,15.5973,0.08615,"f"
604,-0.5346,15.5953,0.08614,"f"
605,-0.5351,15.5932,0.08614,"f"
606,-0.5357,15.5911,0.08613,"f"
607,-0.5363,15.589,0.08613,"f"
608,-0.5368,15.587,0.08612,"f"
609,-0.5374,15.585,0.08611,"f"
610,-0.5379,15.5829,0.08611,"f"
611,-0.5385,15.5809,0.0861,"f"
612,-0.539,15.5789,0.0861,"f"
613,-0.5396,15.5769,0.08609,"f"
614,-0.5401,15.5749,0.08608,"f"
615,-0.5407,15.5729,0.08608,"f"
616,-0.5412,15.5709,0.08607,"f"
617,-0.5418,15.569,0.08607,"f"
618,-0.5423,15.567,0.08606,"f"
619,-0.5429,15.5651,0.08605,"f"
620,-0.5434,15.5631,0.08605,"f"
621,-0.544,15.5612,0.08604,"f"
622,-0.5445,15.5593,0.08604,"f"
623,-0.5451,15.5574,0.08603,"f"
624,-0.5456,15.5555,0.08603,"f"
625,-0.5461,15.5536,0.08602,"f"
626,-0.5467,15.5517,0.08601,"f"
627,-0.5472,15.5498,0.08601,"f"
628,-0.5478,15.548,0.086,"f"
629,-0.5483,15.5461,0.086,"f"
630,-0.5488,15.5443,0.08599,"f"
631,-0.5494,15.5424,0.08598,"f"
632,-0.5499,15.5406,0.08598,"f"
633,-0.5504,15.5388,0.08597,"f"
634,-0.551,15.537,0.08597,"f"
635,-0.5515,15.5352,0.08596,"f"
636,-0.552,15.5334,0.08596,"f"
637,-0.5526,15.5316,0.08595,"f"
638,-0.5531,15.5299,0.08594,"f"
639,-0.5536,15.5281,0.08594,"f"
640,-0.5542,15.5263,0.08593,"f"
641,-0.5547,15.5246,0.08593,"f"
642,-0.5552,15.5229,0.08592,"f"
643,-0.5557,15.5212,0.08591,"f"
644,-0.5563,15.5194,0.08591,"f"
645,-0.5568,15.5177,0.0859,"f"
646,-0.5573,15.5161,0.0859,"f"
647,-0.5578,15.5144,0.08589,"f"
648,-0.5584,15.5127,0.08589,"f"
649,-0.5589,15.511,0.08588,"f"
650,-0.5594,15.5094,0.08587,"f"
651,-0.5599,15.5077,0.08587,"f"
652,-0.5605,15.5061,0.08586,"f"
653,-0.561,15.5045,0.08586,"f"
654,-0.5615,15.5028,0.08585,"f"
655,-0.562,15.5012,0.08585,"f"
656,-0.5625,15.4996,0.08584,"f"
657,-0.563,15.498,0.08584,"f"
658,-0.5636,15.4965,0.08583,"f"
659,-0.5641,15.4949,0.08582,"f"
660,-0.5646,15.4933,0.08582,"f"
661,-0.5651,15.4918,0.08581,"f"
662,-0.5656,15.4902,0.08581,"f"
663,-0.5661,15.4887,0.0858,"f"
664,-0.5666,15.4872,0.0858,"f"
665,-0.5672,15.4856,0.08579,"f"
666,-0.5677,15.4841,0.08579,"f"
667,-0.5682,15.4826,0.08578,"f"
668,-0.5687,15.4811,0.08577,"f"
669,-0.5692,15.4797,0.08577,"f"
670,-0.5697,15.4782,0.08576,"f"
671,-0.5702,15.4767,0.08576,"f"
672,-0.5707,15.4753,0.08575,"f"
673,-0.5712,15.4738,0.08575,"f"
674,-0.5717,15.4724,0.08574,"f"
675,-0.5722,15.471,0.08574,"f"
676,-0.5727,15.4695,0.08573,"f"
677,-0.5732,15.4681,0.08573,"f"
678,-0.5737,15.4667,0.08572,"f"
679,-0.5742,15.4653,0.08571,"f"
680,-0.5747,15.4639,0.08571,"f"
681,-0.5752,15.4626,0.0857,"f"
682,-0.5757,15.4612,0.0857,"f"
683,-0.5762,15.4598,0.08569,"f"
684,-0.5767,15.4585,0.08569,"f"
685,-0.5772,15.4572,0.08568,"f"
686,-0.5777,15.4558,0.08568,"f"
687,-0.5782,15.4545,0.08567,"f"
688,-0.5787,15.4532,0.08567,"f"
689,-0.5792,15.4519,0.08566,"f"
690,-0.5797,15.4506,0.08565,"f"
691,-0.5802,15.4493,0.08565,"f"
692,-0.5807,15.448,0.08564,"f"
693,-0.5812,15.4467,0.08564,"f"
694,-0.5817,15.4455,0.08563,"f"
695,-0.5821,15.4442,0.08563,"f"
696,-0.5826,15.443,0.08562,"f"
697,-0.5831,15.4417,0.08562,"f"
698,-0.5836,15.4405,0.08561,"f"
699,-0.5841,15.4393,0.08561,"f"
700,-0.5846,15.4381,0.0856,"f"
701,-0.5851,15.4368,0.0856,"f"
702,-0.5855,15.4356,0.08559,"f"
703,-0.586,15.4345,0.08559,"f"
704,-0.5865,15.4333,0.08558,"f"
705,-0.587,15.4321,0.08558,"f"
706,-0.5875,15.4309,0.08557,"f"
707,-0.588,15.4298,0.08556,"f"
708,-0.5884,15.4286,0.08556,"f"
709,-0.5889,15.4275,0.08555,"f"
710,-0.5894,15.4263,0.08555,"f"
711,-0.5899,15.4252,0.08554,"f"
712,-0.5904,15.4241,0.08554,"f"
713,-0.5908,15.423,0.08553,"f"
714,-0.5913,15.4219,0.08553,"f"
715,-0.5918,15.4208,0.08552,"f"
716,-0.5923,15.4197,0.08552,"f"
717,-0.5927,15.4186,0.08551,"f"
718,-0.5932,15.4175,0.08551,"f"
719,-0.5937,15.4164,0.0855,"f"
720,-0.5942,15.4154,0.0855,"f"
721,-0.5946,15.4143,0.08549,"f"
722,-0.5951,15.4133,0.08549,"f"
723,-0.5956,15.4122,0.08548,"f"
724,-0.5961,15.4112,0.08548,"f"
725,-0.5965,15.4102,0.08547,"f"
726,-0.597,15.4092,0.08547,"f"
727,-0.5975,15.4082,0.08546,"f"
728,-0.5979,15.4072,0.08546,"f"
729,-0.5984,15.4062,0.08545,"f"
730,-0.5989,15.4052,0.08545,"f"
731,-0.5684,15.6881,0.08454,"f"
732,-0.5684,15.6871,0.08454,"f"
733,-0.5684,15.6861,0.08454,"f"
734,-0.5684,15.6851,0.08454,"f"
735,-0.5684,15.6841,0.08454,"f"
736,-0.5684,15.6831,0.08454,"f"
737,-0.5684,15.6822,0.08454,"f"
738,-0.5684,15.6812,0.08454,"f"
739,-0.5684,15.6802,0.08454,"f"
740,-0.5684,15.6792,0.08454,"f"
741,-0.5684,15.6782,0.08454,"f"
742,-0.5684,15.6772,0.08454,"f"
743,-0.5684,15.6763,0.08454,"f"
744,-0.5684,15.6753,0.08454,"f"
745,-0.5684,15.6743,0.08453,"f"
746,-0.5684,15.6733,0.08453,"f"
747,-0.5684,15.6724,0.08453,"f"
748,-0.5684,15.6714,0.08453,"f"
749,-0.5684,15.6704,0.08453,"f"
750,-0.5684,15.6695,0.08453,"f"
751,-0.5684,15.6685,0.08453,"f"
752,-0.5684,15.6675,0.08453,"f"
753,-0.5684,15.6666,0.08453,"f"
754,-0.5684,15.6656,0.08453,"f"
755,-0.5684,15.6646,0.08453,"f"
756,-0.5684,15.6637,0.08453,"f"
757,-0.5684,15.6627,0.08452,"f"
758,-0.5684,15.6618,0.08452,"f"
759,-0.5684,15.6608,0.08452,"f"
760,-0.5684,15.6599,0.08452,"f"
761,-0.5684,15.6589,0.08452,"f"
762,-0.5684,15.658,0.08452,"f"
763,-0.5684,15.657,0.08452,"f"
764,-0.5684,15.6561,0.08452,"f"
765,-0.5684,15.6551,0.08452,"f"
766,-0.5684,15.6542,0.08452,"f"
767,-0.5684,15.6532,0.08451,"f"
768,-0.5684,15.6523,0.08451,"f"
769,-0.5684,15.6514,0.08451,"f"
770,-0.5684,15.6504,0.08451,"f"
771,-0.5684,15.6495,0.08451,"f"
772,-0.5684,15.6486,0.08451,"f"
773,-0.5684,15.6476,0.08451,"f"
774,-0.5684,15.6467,0.08451,"f"
775,-0.5684,15.6458,0.08451,"f"
776,-0.5684,15.6448,0.08451,"f"
777,-0.5684,15.6439,0.08451,"f"
778,-0.5684,15.643,0.0845,"f"
779,-0.5684,15.6421,0.0845,"f"
780,-0.5684,15.6411,0.0845,"f"
781,-0.5684,15.6402,0.0845,"f"
782,-0.5684,15.6393,0.0845,"f"
783,-0.5684,15.6384,0.0845,"f"
784,-0.5684,15.6375,0.0845,"f"
785,-0.5684,15.6366,0.0845,"f"
786,-0.5684,15.6356,0.0845,"f"
787,-0.5684,15.6347,0.0845,"f"
788,-0.5684,15.6338,0.08449,"f"
789,-0.5684,15.6329,0.08449,"f"
790,-0.5684,15.632,0.08449,"f"
791,-0.5684,15.6311,0.08449,"f"
792,-0.5684,15.6302,0.08449,"f"
793,-0.5684,15.6293,0.08449,"f"
794,-0.5684,15.6284,0.08449,"f"
795,-0.5684,15.6275,0.08449,"f"
796,-0.5684,15.6266,0.08449,"f"
797,-0.5684,15.6257,0.08449,"f"
798,-0.5684,15.6248,0.08448,"f"
799,-0.5684,15.6239,0.08448,"f"
800,-0.5684,15.623,0.08448,"f"
801,-0.5684,15.6221,0.08448,"f"
802,-0.5684,15.6212,0.08448,"f"
803,-0.5684,15.6203,0.08448,"f"
804,-0.5684,15.6194,0.08448,"f"
805,-0.5684,15.6185,0.08448,"f"
806,-0.5684,15.6176,0.08448,"f"
807,-0.5684,15.6168,0.08448,"f"
808,-0.5684,15.6159,0.08447,"f"
809,-0.5684,15.615,0.08447,"f"
810,-0.5684,15.6141,0.08447,"f"
811,-0.5684,15.6132,0.08447,"f"
812,-0.5684,15.6123,0.08447,"f"
813,-0.5684,15.6115,0.08447,"f"
814,-0.5684,15.6106,0.08447,"f"
815,-0.5684,15.6097,0.08447,"f"
816,-0.5684,15.6088,0.08447,"f"
817,-0.5684,15.6079,0.08447,"f"
818,-0.5684,15.6071,0.08447,"f"
819,-0.5684,15.6062,0.08447,"f"
820,-0.5684,15.6053,0.08446,"f"
821,-0.5684,15.6044,0.08446,"f"
822,-0.5684,15.6036,0.08446,"f"
823,-0.5684,15.6027,0.08446,"f"
824,-0.5684,15.6018,0.08446,"f"
825,-0.5684,15.601,0.08446,"f"
826,-0.5684,15.6001,0.08446,"f"
827,-0.5684,15.5992,0.08446,"f"
828,-0.5684,15.5984,0.08446,"f"
829,-0.5684,15.5975,0.08446,"f"
830,-0.5684,15.5966,0.08446,"f"
831,-0.5684,15.5958,0.08446,"f"
832,-0.5684,15.5949,0.08445,"f"
833,-0.5684,15.5941,0.08445,"f"
834,-0.5684,15.5932,0.08445,"f"
835,-0.5684,15.5923,0.08445,"f"
836,-0.5684,15.5915,0.08445,"f"
837,-0.5684,15.5906,0.08445,"f"
838,-0.5684,15.5898,0.08445,"f"
839,-0.5684,15.5889,0.08445,"f"
840,-0.5684,15.5881,0.08445,"f"
841,-0.5684,15.5872,0.08445,"f"
842,-0.5684,15.5863,0.08445,"f"
843,-0.5684,15.5855,0.08445,"f"
844,-0.5684,15.5846,0.08445,"f"
845,-0.5684,15.5838,0.08445,"f"
846,-0.5684,15.5829,0.08444,"f"
847,-0.5684,15.5821,0.08444,"f"
848,-0.5684,15.5812,0.08444,"f"
849,-0.5684,15.5804,0.08444,"f"
850,-0.5684,15.5796,0.08444,"f"
851,-0.5684,15.5787,0.08444,"f"
852,-0.5684,15.5779,0.08444,"f"
853,-0.5684,15.577,0.08444,"f"
854,-0.5684,15.5762,0.08444,"f"
855,-0.5684,15.5753,0.08444,"f"
856,-0.5684,15.5745,0.08444,"f"
857,-0.5684,15.5737,0.08444,"f"
858,-0.5684,15.5728,0.08444,"f"
859,-0.5684,15.572,0.08444,"f"
860,-0.5684,15.5711,0.08444,"f"
861,-0.5684,15.5703,0.08444,"f"
862,-0.5684,15.5695,0.08444,"f"
863,-0.5684,15.5686,0.08444,"f"
864,-0.5684,15.5678,0.08443,"f"
865,-0.5684,15.567,0.08443,"f"
866,-0.5684,15.5661,0.08443,"f"
867,-0.5684,15.5653,0.08443,"f"
868,-0.5684,15.5645,0.08443,"f"
869,-0.5684,15.5636,0.08443,"f"
870,-0.5684,15.5628,0.08443,"f"
871,-0.5684,15.562,0.08443,"f"
872,-0.5684,15.5611,0.08443,"f"
873,-0.5684,15.5603,0.08443,"f"
874,-0.5684,15.5595,0.08443,"f"
875,-0.5684,15.5587,0.08443,"f"
876,-0.5684,15.5578,0.08443,"f"
877,-0.5684,15.557,0.08443,"f"
878,-0.5684,15.5562,0.08443,"f"
879,-0.5684,15.5554,0.08443,"f"
880,-0.5684,15.5545,0.08443,"f"
881,-0.5684,15.5537,0.08443,"f"
882,-0.5684,15.5529,0.08443,"f"
883,-0.5684,15.5521,0.08443,"f"
884,-0.5684,15.5513,0.08443,"f"
885,-0.5684,15.5504,0.08443,"f"
886,-0.5684,15.5496,0.08443,"f"
887,-0.5684,15.5488,0.08443,"f"
888,-0.5684,15.548,0.08443,"f"
889,-0.5684,15.5472,0.08443,"f"
890,-0.5684,15.5463,0.08443,"f"
891,-0.5684,15.5455,0.08443,"f"
892,-0.5684,15.5447,0.08443,"f"
893,-0.5684,15.5439,0.08443,"f"
894,-0.5684,15.5431,0.08443,"f"
895,-0.5684,15.5423,0.08443,"f"
896,-0.5684,15.5414,0.08443,"f"
897,-0.5684,15.5406,0.08443,"f"
898,-0.5684,15.5398,0.08443,"f"
899,-0.5684,15.539,0.08443,"f"
900,-0.5684,15.5382,0.08443,"f"
901,-0.5684,15.5374,0.08443,"f"
902,-0.5684,15.5366,0.08443,"f"
903,-0.5684,15.5358,0.08443,"f"
904,-0.5684,15.535,0.08443,"f"
905,-0.5684,15.5341,0.08443,"f"
906,-0.5684,15.5333,0.08443,"f"
907,-0.5684,15.5325,0.08443,"f"
908,-0.5684,15.5317,0.08444,"f"
909,-0.5684,15.5309,0.08444,"f"
910,-0.5684,15.5301,0.08444,"f"
911,-0.5684,15.5293,0.08444,"f"
912,-0.5684,15.5285,0.08444,"f"
913,-0.5684,15.5277,0.08444,"f"
914,-0.5684,15.5269,0.08444,"f"
915,-0.5684,15.5261,0.08444,"f"
916,-0.5684,15.5253,0.08444,"f"
917,-0.5684,15.5245,0.08444,"f"
918,-0.5684,15.5237,0.08444,"f"
919,-0.5684,15.5229,0.08444,"f"
920,-0.5684,15.5221,0.08444,"f"
921,-0.5684,15.5213,0.08445,"f"
922,-0.5684,15.5205,0.08445,"f"
923,-0.5684,15.5197,0.08445,"f"
924,-0.5684,15.5189,0.08445,"f"
925,-0.5684,15.5181,0.08445,"f"
926,-0.5684,15.5173,0.08445,"f"
927,-0.5684,15.5165,0.08445,"f"
928,-0.5684,15.5157,0.08445,"f"
929,-0.5684,15.5149,0.08445,"f"
930,-0.5684,15.5141,0.08446,"f"
931,-0.5684,15.5133,0.08446,"f"
932,-0.5684,15.5125,0.08446,"f"
933,-0.5684,15.5117,0.08446,"f"
934,-0.5684,15.5109,0.08446,"f"
935,-0.5684,15.5101,0.08446,"f"
936,-0.5684,15.5093,0.08446,"f"
937,-0.5684,15.5086,0.08447,"f"
938,-0.5684,15.5078,0.08447,"f"
939,-0.5684,15.507,0.08447,"f"
940,-0.5684,15.5062,0.08447,"f"
941,-0.5684,15.5054,0.08447,"f"
942,-0.5684,15.5046,0.08447,"f"
943,-0.5684,15.5038,0.08448,"f"
944,-0.5684,15.503,0.08448,"f"
945,-0.5684,15.5023,0.08448,"f"
946,-0.5684,15.5015,0.08448,"f"
947,-0.5684,15.5007,0.08448,"f"
948,-0.5684,15.4999,0.08448,"f"
949,-0.5684,15.4991,0.08449,"f"
950,-0.5684,15.4983,0.08449,"f"
951,-0.5684,15.4976,0.08449,"f"
952,-0.5684,15.4968,0.08449,"f"
953,-0.5684,15.496,0.0845,"f"
954,-0.5684,15.4952,0.0845,"f"
955,-0.5684,15.4944,0.0845,"f"
956,-0.5684,15.4937,0.0845,"f"
957,-0.5684,15.4929,0.0845,"f"
958,-0.5684,15.4921,0.08451,"f"
959,-0.5684,15.4913,0.08451,"f"
960,-0.5684,15.4906,0.08451,"f"
961,-0.5684,15.4898,0.08451,"f"
962,-0.5684,15.489,0.08452,"f"
963,-0.5684,15.4883,0.08452,"f"
964,-0.5684,15.4875,0.08452,"f"
965,-0.5684,15.4867,0.08452,"f"
966,-0.5684,15.4859,0.08453,"f"
967,-0.5684,15.4852,0.08453,"f"
968,-0.5684,15.4844,0.08453,"f"
969,-0.5684,15.4836,0.08454,"f"
970,-0.5684,15.4829,0.08454,"f"
971,-0.5684,15.4821,0.08454,"f"
972,-0.5684,15.4814,0.08455,"f"
973,-0.5684,15.4806,0.08455,"f"
974,-0.5684,15.4798,0.08455,"f"
975,-0.5684,15.4791,0.08455,"f"
976,-0.5684,15.4783,0.08456,"f"
977,-0.5684,15.4776,0.08456,"f"
978,-0.5684,15.4768,0.08456,"f"
979,-0.5684,15.476,0.08457,"f"
980,-0.5684,15.4753,0.08457,"f"
981,-0.5684,15.4745,0.08457,"f"
982,-0.5684,15.4738,0.08458,"f"
983,-0.5684,15.473,0.08458,"f"
984,-0.5684,15.4723,0.08459,"f"
985,-0.5684,15.4715,0.08459,"f"
986,-0.5684,15.4708,0.08459,"f"
987,-0.5684,15.47,0.0846,"f"
988,-0.5684,15.4693,0.0846,"f"
989,-0.5684,15.4685,0.0846,"f"
990,-0.5684,15.4678,0.08461,"f"
991,-0.5684,15.467,0.08461,"f"
992,-0.5684,15.4663,0.08462,"f"
993,-0.5684,15.4656,0.08462,"f"
994,-0.5684,15.4648,0.08462,"f"
995,-0.5684,15.4641,0.08463,"f"
996,-0.5684,15.4633,0.08463,"f"
997,-0.5684,15.4626,0.08464,"f"
998,-0.5684,15.4619,0.08464,"f"
999,-0.5684,15.4611,0.08465,"f"
1000,-0.5684,15.4604,0.08465,"f"
1001,-0.5684,15.4597,0.08465,"f"
1002,-0.5684,15.4589,0.08466,"f"
1003,-0.5684,15.4582,0.08466,"f"
1004,-0.5684,15.4575,0.08467,"f"
1005,-0.5684,15.4568,0.08467,"f"
1006,-0.5684,15.456,0.08468,"f"
1007,-0.5684,15.4553,0.08468,"f"
1008,-0.5684,15.4546,0.08469,"f"
1009,-0.5684,15.4539,0.08469,"f"
1010,-0.5684,15.4531,0.0847,"f"
1011,-0.5684,15.4524,0.0847,"f"
1012,-0.5684,15.4517,0.08471,"f"
1013,-0.5684,15.451,0.08471,"f"
1014,-0.5684,15.4503,0.08472,"f"
1015,-0.5684,15.4495,0.08472,"f"
1016,-0.5684,15.4488,0.08473,"f"
1017,-0.5684,15.4481,0.08473,"f"
1018,-0.5684,15.4474,0.08474,"f"
1019,-0.5684,15.4467,0.08474,"f"
1020,-0.5684,15.446,0.08475,"f"
1021,-0.5684,15.4453,0.08476,"f"
1022,-0.5684,15.4446,0.08476,"f"
1023,-0.5684,15.4439,0.08477,"f"
1024,-0.5684,15.4432,0.08477,"f"
1025,-0.5684,15.4425,0.08478,"f"
1026,-0.5684,15.4418,0.08478,"f"
1027,-0.5684,15.4411,0.08479,"f"
1028,-0.5684,15.4404,0.0848,"f"
1029,-0.5684,15.4397,0.0848,"f"
1030,-0.5684,15.439,0.08481,"f"
1031,-0.5684,15.4383,0.08482,"f"
1032,-0.5684,15.4376,0.08482,"f"
1033,-0.5684,15.4369,0.08483,"f"
1034,-0.5684,15.4362,0.08483,"f"
1035,-0.5684,15.4355,0.08484,"f"
1036,-0.5684,15.4349,0.08485,"f"
1037,-0.5684,15.4342,0.08485,"f"
1038,-0.5684,15.4335,0.08486,"f"
1039,-0.5684,15.4328,0.08487,"f"
1040,-0.5684,15.4321,0.08487,"f"
1041,-0.5684,15.4315,0.08488,"f"
1042,-0.5684,15.4308,0.08489,"f"
1043,-0.5684,15.4301,0.08489,"f"
1044,-0.5684,15.4294,0.0849,"f"
1045,-0.5684,15.4288,0.08491,"f"
1046,-0.5684,15.4281,0.08492,"f"
1047,-0.5684,15.4274,0.08492,"f"
1048,-0.5684,15.4268,0.08493,"f"
1049,-0.5684,15.4261,0.08494,"f"
1050,-0.5684,15.4254,0.08494,"f"
1051,-0.5684,15.4248,0.08495,"f"
1052,-0.5684,15.4241,0.08496,"f"
1053,-0.5684,15.4234,0.08497,"f"
1054,-0.5684,15.4228,0.08497,"f"
1055,-0.5684,15.4221,0.08498,"f"
1056,-0.5684,15.4215,0.08499,"f"
1057,-0.5684,15.4208,0.085,"f"
1058,-0.5684,15.4202,0.08501,"f"
1059,-0.5684,15.4195,0.08501,"f"
1060,-0.5684,15.4189,0.08502,"f"
1061,-0.5684,15.4182,0.08503,"f"
1062,-0.5684,15.4176,0.08504,"f"
1063,-0.5684,15.4169,0.08505,"f"
1064,-0.5684,15.4163,0.08505,"f"
1065,-0.5684,15.4157,0.08506,"f"
1066,-0.5684,15.415,0.08507,"f"
1067,-0.5684,15.4144,0.08508,"f"
1068,-0.5684,15.4137,0.08509,"f"
1069,-0.5684,15.4131,0.0851,"f"
1070,-0.5684,15.4125,0.0851,"f"
1071,-0.5684,15.4119,0.08511,"f"
1072,-0.5684,15.4112,0.08512,"f"
1073,-0.5684,15.4106,0.08513,"f"
1074,-0.5684,15.41,0.08514,"f"
1075,-0.5684,15.4093,0.08515,"f"
1076,-0.5684,15.4087,0.08516,"f"
1077,-0.5684,15.4081,0.08517,"f"
1078,-0.5684,15.4075,0.08517,"f"
1079,-0.5684,15.4069,0.08518,"f"
1080,-0.5684,15.4063,0.08519,"f"
1081,-0.5684,15.4056,0.0852,"f"
1082,-0.5684,15.405,0.08521,"f"
1083,-0.5684,15.4044,0.08522,"f"
1084,-0.5684,15.4038,0.08523,"f"
1085,-0.5684,15.4032,0.08524,"f"
1086,-0.5684,15.4026,0.08525,"f"
1087,-0.5684,15.402,0.08526,"f"
1088,-0.5684,15.4014,0.08527,"f"
1089,-0.5684,15.4008,0.08528,"f"
1090,-0.5684,15.4002,0.08529,"f"
1091,-0.5684,15.3996,0.0853,"f"
1092,-0.5684,15.399,0.08531,"f"
1093,-0.5684,15.3984,0.08532,"f"
1094,-0.5684,15.3978,0.08533,"f"
1095,-0.5684,15.3972,0.08534,"f"
1096,-0.5684,15.3966,0.08535,"f"
1097,-0.5684,15.396,0.08536,"f"
1098,-0.5684,15.3954,0.08537,"f"
1099,-0.5684,15.3949,0.08538,"f"
1100,-0.5684,15.3943,0.08539,"f"
1101,-0.5684,15.3937,0.0854,"f"
1102,-0.5684,15.3931,0.08541,"f"
1103,-0.5684,15.3925,0.08542,"f"
1104,-0.5684,15.392,0.08543,"f"
1105,-0.5684,15.3914,0.08544,"f"
1106,-0.5684,15.3908,0.08545,"f"
1107,-0.5684,15.3902,0.08547,"f"
1108,-0.5684,15.3897,0.08548,"f"
1109,-0.5684,15.3891,0.08549,"f"
1110,-0.5684,15.3885,0.0855,"f"
1111,-0.5684,15.388,0.08551,"f"
1112,-0.5684,15.3874,0.08552,"f"
1113,-0.5684,15.3868,0.08553,"f"
1114,-0.5684,15.3863,0.08554,"f"
1115,-0.5684,15.3857,0.08556,"f"
1116,-0.5684,15.3852,0.08557,"f"
1117,-0.5684,15.3846,0.08558,"f"
1118,-0.5684,15.384,0.08559,"f"
1119,-0.5684,15.3835,0.0856,"f"
1120,-0.5684,15.3829,0.08561,"f"
1121,-0.5684,15.3824,0.08563,"f"
1122,-0.5684,15.3818,0.08564,"f"
1123,-0.5684,15.3813,0.08565,"f"
1124,-0.5684,15.3808,0.08566,"f"
1125,-0.5684,15.3802,0.08567,"f"
1126,-0.5684,15.3797,0.08569,"f"
1127,-0.5684,15.3791,0.0857,"f"
1128,-0.5684,15.3786,0.08571,"f"
1129,-0.5684,15.378,0.08572,"f"
1130,-0.5684,15.3775,0.08574,"f"
1131,-0.5684,15.377,0.08575,"f"
1132,-0.5684,15.3764,0.08576,"f"
1133,-0.5684,15.3759,0.08577,"f"
1134,-0.5684,15.3754,0.08579,"f"
1135,-0.5684,15.3748,0.0858,"f"
1136,-0.5684,15.3743,0.08581,"f"
1137,-0.5684,15.3738,0.08582,"f"
1138,-0.5684,15.3733,0.08584,"f"
1139,-0.5684,15.3727,0.08585,"f"
1140,-0.5684,15.3722,0.08586,"f"
1141,-0.5684,15.3717,0.08588,"f"
1142,-0.5684,15.3712,0.08589,"f"
1143,-0.5684,15.3707,0.0859,"f"
1144,-0.5684,15.3702,0.08592,"f"
1145,-0.5684,15.3696,0.08593,"f"
1146,-0.5684,15.3691,0.08594,"f"
1147,-0.5684,15.3686,0.08596,"f"
1148,-0.5684,15.3681,0.08597,"f"
1149,-0.5684,15.3676,0.08598,"f"
1150,-0.5684,15.3671,0.086,"f"
1151,-0.5684,15.3666,0.08601,"f"
1152,-0.5684,15.3661,0.08602,"f"
1153,-0.5684,15.3656,0.08604,"f"
1154,-0.5684,15.3651,0.08605,"f"
1155,-0.5684,15.3646,0.08606,"f"
1156,-0.5684,15.3641,0.08608,"f"
1157,-0.5684,15.3636,0.08609,"f"
1158,-0.5684,15.3631,0.08611,"f"
1159,-0.5684,15.3626,0.08612,"f"
1160,-0.5684,15.3621,0.08614,"f"
1161,-0.5684,15.3616,0.08615,"f"
1162,-0.5684,15.3611,0.08616,"f"
1163,-0.5684,15.3606,0.08618,"f"
1164,-0.5684,15.3601,0.08619,"f"
1165,-0.5684,15.3597,0.08621,"f"
1166,-0.5684,15.3592,0.08622,"f"
1167,-0.5684,15.3587,0.08624,"f"
1168,-0.5684,15.3582,0.08625,"f"
1169,-0.5684,15.3577,0.08627,"f"
1170,-0.5684,15.3572,0.08628,"f"
1171,-0.5684,15.3568,0.08629,"f"
1172,-0.5684,15.3563,0.08631,"f"
1173,-0.5684,15.3558,0.08632,"f"
1174,-0.5684,15.3553,0.08634,"f"
1175,-0.5684,15.3549,0.08635,"f"
1176,-0.5684,15.3544,0.08637,"f"
1177,-0.5684,15.3539,0.08638,"f"
1178,-0.5684,15.3535,0.0864,"f"
1179,-0.5684,15.353,0.08641,"f"
1180,-0.5684,15.3525,0.08643,"f"
1181,-0.5684,15.3521,0.08645,"f"
1182,-0.5684,15.3516,0.08646,"f"
1183,-0.5684,15.3511,0.08648,"f"
1184,-0.5684,15.3507,0.08649,"f"
1185,-0.5684,15.3502,0.08651,"f"
1186,-0.5684,15.3497,0.08652,"f"
1187,-0.5684,15.3493,0.08654,"f"
1188,-0.5684,15.3488,0.08655,"f"
1189,-0.5684,15.3484,0.08657,"f"
1190,-0.5684,15.3479,0.08659,"f"
1191,-0.5684,15.3475,0.0866,"f"
1192,-0.5684,15.347,0.08662,"f"
1193,-0.5684,15.3465,0.08663,"f"
1194,-0.5684,15.3461,0.08665,"f"
1195,-0.5684,15.3456,0.08666,"f"
1196,-0.5684,15.3452,0.08668,"f"
1197,-0.5684,15.3448,0.0867,"f"
1198,-0.5684,15.3443,0.08671,"f"
1199,-0.5684,15.3439,0.08673,"f"
1200,-0.5684,15.3434,0.08675,"f"
1201,-0.5684,15.343,0.08676,"f"
1202,-0.5684,15.3425,0.08678,"f"
1203,-0.5684,15.3421,0.08679,"f"
1204,-0.5684,15.3416,0.08681,"f"
1205,-0.5684,15.3412,0.08683,"f"
1206,-0.5684,15.3408,0.08684,"f"
1207,-0.5684,15.3403,0.08686,"f"
1208,-0.5684,15.3399,0.08688,"f"
1209,-0.5684,15.3395,0.08689,"f"
1210,-0.5684,15.339,0.08691,"f"
1211,-0.5684,15.3386,0.08693,"f"
1212,-0.5684,15.3382,0.08694,"f"
1213,-0.5684,15.3377,0.08696,"f"
1214,-0.5684,15.3373,0.08698,"f"
1215,-0.5684,15.3369,0.08699,"f"
1216,-0.5684,15.3364,0.08701,"f"
1217,-0.5684,15.336,0.08703,"f"
1218,-0.5684,15.3356,0.08704,"f"
1219,-0.5684,15.3352,0.08706,"f"
1220,-0.5684,15.3347,0.08708,"f"
1221,-0.5684,15.3343,0.0871,"f"
1222,-0.5684,15.3339,0.08711,"f"
1223,-0.5684,15.3335,0.08713,"f"
1224,-0.5684,15.3331,0.08715,"f"
1225,-0.5684,15.3326,0.08716,"f"
1226,-0.5684,15.3322,0.08718,"f"
1227,-0.5684,15.3318,0.0872,"f"
1228,-0.5684,15.3314,0.08722,"f"
1229,-0.5684,15.331,0.08723,"f"
1230,-0.5684,15.3306,0.08725,"f"
1231,-0.5684,15.3301,0.08727,"f"
1232,-0.5684,15.3297,0.08729,"f"
1233,-0.5684,15.3293,0.0873,"f"
1234,-0.5684,15.3289,0.08732,"f"
1235,-0.5684,15.3285,0.08734,"f"
1236,-0.5684,15.3281,0.08736,"f"
1237,-0.5684,15.3277,0.08737,"f"
1238,-0.5684,15.3273,0.08739,"f"
1239,-0.5684,15.3269,0.08741,"f"
1240,-0.5684,15.3265,0.08743,"f"
1241,-0.5684,15.3261,0.08745,"f"
1242,-0.5684,15.3257,0.08746,"f"
1243,-0.5684,15.3252,0.08748,"f"
1244,-0.5684,15.3248,0.0875,"f"
1245,-0.5684,15.3244,0.08752,"f"
1246,-0.5684,15.324,0.08753,"f"
1247,-0.5684,15.3236,0.08755,"f"
1248,-0.5684,15.3233,0.08757,"f"
1249,-0.5684,15.3229,0.08759,"f"
1250,-0.5684,15.3225,0.08761,"f"
1251,-0.5684,15.3221,0.08763,"f"
1252,-0.5684,15.3217,0.08764,"f"
1253,-0.5684,15.3213,0.08766,"f"
1254,-0.5684,15.3209,0.08768,"f"
1255,-0.5684,15.3205,0.0877,"f"
1256,-0.5684,15.3201,0.08772,"f"
1257,-0.5684,15.3197,0.08773,"f"
1258,-0.5684,15.3193,0.08775,"f"
1259,-0.5684,15.3189,0.08777,"f"
1260,-0.5684,15.3185,0.08779,"f"
1261,-0.5684,15.3182,0.08781,"f"
1262,-0.5684,15.3178,0.08783,"f"
1263,-0.5684,15.3174,0.08785,"f"
1264,-0.5684,15.317,0.08786,"f"
1265,-0.5684,15.3166,0.08788,"f"
1266,-0.5684,15.3162,0.0879,"f"
1267,-0.5684,15.3159,0.08792,"f"
1268,-0.5684,15.3155,0.08794,"f"
1269,-0.5684,15.3151,0.08796,"f"
1270,-0.5684,15.3147,0.08798,"f"
1271,-0.5684,15.3143,0.08799,"f"
1272,-0.5684,15.314,0.08801,"f"
1273,-0.5684,15.3136,0.08803,"f"
1274,-0.5684,15.3132,0.08805,"f"
1275,-0.5684,15.3128,0.08807,"f"
1276,-0.5684,15.3125,0.08809,"f"
1277,-0.5684,15.3121,0.08811,"f"
1278,-0.5684,15.3117,0.08813,"f"
1279,-0.5684,15.3114,0.08814,"f"
1280,-0.5684,15.311,0.08816,"f"
1281,-0.5684,15.3106,0.08818,"f"
1282,-0.5684,15.3102,0.0882,"f"
1283,-0.5684,15.3099,0.08822,"f"
1284,-0.5684,15.3095,0.08824,"f"
1285,-0.5684,15.3091,0.08826,"f"
1286,-0.5684,15.3088,0.08828,"f"
1287,-0.5684,15.3084,0.0883,"f"
1288,-0.5684,15.308,0.08832,"f"
1289,-0.5684,15.3077,0.08833,"f"
1290,-0.5684,15.3073,0.08835,"f"
1291,-0.5684,15.307,0.08837,"f"
1292,-0.5684,15.3066,0.08839,"f"
1293,-0.5684,15.3062,0.08841,"f"
1294,-0.5684,15.3059,0.08843,"f"
1295,-0.5684,15.3055,0.08845,"f"
1296,-0.5684,15.3052,0.08847,"f"
1297,-0.5684,15.3048,0.08849,"f"
1298,-0.5684,15.3044,0.08851,"f"
1299,-0.5684,15.3041,0.08853,"f"
1300,-0.5684,15.3037,0.08855,"f"
1301,-0.5684,15.3034,0.08857,"f"
1302,-0.5684,15.303,0.08859,"f"
1303,-0.5684,15.3027,0.0886,"f"
1304,-0.5684,15.3023,0.08862,"f"
1305,-0.5684,15.302,0.08864,"f"
1306,-0.5684,15.3016,0.08866,"f"
1307,-0.5684,15.3013,0.08868,"f"
1308,-0.5684,15.3009,0.0887,"f"
1309,-0.5684,15.3006,0.08872,"f"
1310,-0.5684,15.3002,0.08874,"f"
1311,-0.5684,15.2999,0.08876,"f"
1312,-0.5684,15.2996,0.08878,"f"
1313,-0.5684,15.2992,0.0888,"f"
1314,-0.5684,15.2989,0.08882,"f"
1315,-0.5684,15.2985,0.08884,"f"
1316,-0.5684,15.2982,0.08886,"f"
1317,-0.5684,15.2978,0.08888,"f"
1318,-0.5684,15.2975,0.0889,"f"
1319,-0.5684,15.2972,0.08892,"f"
1320,-0.5684,15.2968,0.08894,"f"
1321,-0.5684,15.2965,0.08896,"f"
1322,-0.5684,15.2962,0.08898,"f"
1323,-0.5684,15.2958,0.089,"f"
1324,-0.5684,15.2955,0.08901,"f"
1325,-0.5684,15.2952,0.08903,"f"
1326,-0.5684,15.2948,0.08905,"f"
1327,-0.5684,15.2945,0.08907,"f"
1328,-0.5684,15.2942,0.08909,"f"
1329,-0.5684,15.2938,0.08911,"f"
1330,-0.5684,15.2935,0.08913,"f"
1331,-0.5684,15.2932,0.08915,"f"
1332,-0.5684,15.2929,0.08917,"f"
1333,-0.5684,15.2925,0.08919,"f"
1334,-0.5684,15.2922,0.08921,"f"
1335,-0.5684,15.2919,0.08923,"f"
1336,-0.5684,15.2916,0.08925,"f"
1337,-0.5684,15.2913,0.08927,"f"
1338,-0.5684,15.2909,0.08929,"f"
1339,-0.5684,15.2906,0.08931,"f"
1340,-0.5684,15.2903,0.08933,"f"
1341,-0.5684,15.29,0.08935,"f"
1342,-0.5684,15.2897,0.08937,"f"
1343,-0.5684,15.2894,0.08939,"f"
1344,-0.5684,15.289,0.08941,"f"
1345,-0.5684,15.2887,0.08943,"f"
1346,-0.5684,15.2884,0.08945,"f"
1347,-0.5684,15.2881,0.08947,"f"
1348,-0.5684,15.2878,0.08949,"f"
1349,-0.5684,15.2875,0.08951,"f"
1350,-0.5684,15.2872,0.08953,"f"
1351,-0.5684,15.2869,0.08955,"f"
1352,-0.5684,15.2866,0.08957,"f"
1353,-0.5684,15.2863,0.08959,"f"
1354,-0.5684,15.286,0.08961,"f"
1355,-0.5684,15.2857,0.08963,"f"
1356,-0.5684,15.2854,0.08964,"f"
1357,-0.5684,15.2851,0.08966,"f"
1358,-0.5684,15.2848,0.08968,"f"
1359,-0.5684,15.2845,0.0897,"f"
1360,-0.5684,15.2842,0.08972,"f"
1361,-0.5684,15.2839,0.08974,"f"
1362,-0.5684,15.2836,0.08976,"f"
1363,-0.5684,15.2833,0.08978,"f"
1364,-0.5684,15.283,0.0898,"f"
1365,-0.5684,15.2827,0.08982,"f"
1366,-0.5684,15.2824,0.08984,"f"
1367,-0.5684,15.2821,0.08986,"f"
1368,-0.5684,15.2818,0.08988,"f"
1369,-0.5684,15.2816,0.0899,"f"
1370,-0.5684,15.2813,0.08992,"f"
1371,-0.5684,15.281,0.08994,"f"
1372,-0.5684,15.2807,0.08996,"f"
1373,-0.5684,15.2804,0.08998,"f"
1374,-0.5684,15.2801,0.09,"f"
1375,-0.5684,15.2799,0.09002,"f"
1376,-0.5684,15.2796,0.09004,"f"
1377,-0.5684,15.2793,0.09006,"f"
1378,-0.5684,15.279,0.09008,"f"
1379,-0.5684,15.2788,0.0901,"f"
1380,-0.5684,15.2785,0.09012,"f"
1381,-0.5684,15.2782,0.09013,"f"
1382,-0.5684,15.2779,0.09015,"f"
1383,-0.5684,15.2777,0.09017,"f"
1384,-0.5684,15.2774,0.09019,"f"
1385,-0.5684,15.2771,0.09021,"f"
1386,-0.5684,15.2769,0.09023,"f"
1387,-0.5684,15.2766,0.09025,"f"
1388,-0.5684,15.2763,0.09027,"f"
1389,-0.5684,15.2761,0.09029,"f"
1390,-0.5684,15.2758,0.09031,"f"
1391,-0.5684,15.2755,0.09033,"f"
1392,-0.5684,15.2753,0.09035,"f"
1393,-0.5684,15.275,0.09037,"f"
1394,-0.5684,15.2748,0.09039,"f"
1395,-0.5684,15.2745,0.09041,"f"
1396,-0.5684,15.2742,0.09043,"f"
1397,-0.5684,15.274,0.09045,"f"
1398,-0.5684,15.2737,0.09047,"f"
1399,-0.5684,15.2735,0.09049,"f"
1400,-0.5684,15.2732,0.0905,"f"
1401,-0.5684,15.273,0.09052,"f"
1402,-0.5684,15.2727,0.09054,"f"
1403,-0.5684,15.2725,0.09056,"f"
1404,-0.5684,15.2722,0.09058,"f"
1405,-0.5684,15.272,0.0906,"f"
1406,-0.5684,15.2717,0.09062,"f"
1407,-0.5684,15.2715,0.09064,"f"
1408,-0.5684,15.2713,0.09066,"f"
1409,-0.5684,15.271,0.09068,"f"
1410,-0.5684,15.2708,0.0907,"f"
1411,-0.5684,15.2705,0.09072,"f"
1412,-0.5684,15.2703,0.09074,"f"
1413,-0.5684,15.2701,0.09076,"f"
1414,-0.5684,15.2698,0.09078,"f"
1415,-0.5684,15.2696,0.0908,"f"
1416,-0.5684,15.2694,0.09081,"f"
1417,-0.5684,15.2691,0.09083,"f"
1418,-0.5684,15.2689,0.09085,"f"
1419,-0.5684,15.2687,0.09087,"f"
1420,-0.5684,15.2685,0.09089,"f"
1421,-0.5684,15.2682,0.09091,"f"
1422,-0.5684,15.268,0.09093,"f"
1423,-0.5684,15.2678,0.09095,"f"
1424,-0.5684,15.2676,0.09097,"f"
1425,-0.5684,15.2673,0.09099,"f"
1426,-0.5684,15.2671,0.09101,"f"
1427,-0.5684,15.2669,0.09103,"f"
1428,-0.5684,15.2667,0.09105,"f"
1429,-0.5684,15.2665,0.09107,"f"
1430,-0.5684,15.2662,0.09109,"f"
1431,-0.5684,15.266,0.0911,"f"
1432,-0.5684,15.2658,0.09112,"f"
1433,-0.5684,15.2656,0.09114,"f"
1434,-0.5684,15.2654,0.09116,"f"
1435,-0.5684,15.2652,0.09118,"f"
1436,-0.5684,15.265,0.0912,"f"
1437,-0.5684,15.2648,0.09122,"f"
1438,-0.5684,15.2646,0.09124,"f"
1439,-0.5684,15.2644,0.09126,"f"
1440,-0.5684,15.2642,0.09128,"f"
1441,-0.5684,15.264,0.0913,"f"
1442,-0.5684,15.2638,0.09132,"f"
1443,-0.5684,15.2636,0.09134,"f"
1444,-0.5684,15.2634,0.09136,"f"
1445,-0.5684,15.2632,0.09138,"f"
1446,-0.5684,15.263,0.09139,"f"
1447,-0.5684,15.2628,0.09141,"f"
1448,-0.5684,15.2626,0.09143,"f"
1449,-0.5684,15.2624,0.09145,"f"
1450,-0.5684,15.2622,0.09147,"f"
1451,-0.5684,15.262,0.09149,"f"
1452,-0.5684,15.2619,0.09151,"f"
1453,-0.5684,15.2617,0.09153,"f"
1454,-0.5684,15.2615,0.09155,"f"
1455,-0.5684,15.2613,0.09157,"f"
1456,-0.5684,15.2611,0.09159,"f"
1457,-0.5684,15.2609,0.09161,"f"
1458,-0.5684,15.2608,0.09163,"f"
1459,-0.5684,15.2606,0.09165,"f"
1460,-0.5684,15.2604,0.09167,"f"
1461,-0.5684,15.2602,0.09168,"f"
1462,-0.5684,15.2601,0.0917,"f"
1463,-0.5684,15.2599,0.09172,"f"
1464,-0.5684,15.2597,0.09174,"f"
1465,-0.5684,15.2596,0.09176,"f"
1466,-0.5684,15.2594,0.09178,"f"
1467,-0.5684,15.2592,0.0918,"f"
1468,-0.5684,15.2591,0.09182,"f"
1469,-0.5684,15.2589,0.09184,"f"
1470,-0.5684,15.2587,0.09186,"f"
1471,-0.5684,15.2586,0.09188,"f"
1472,-0.5684,15.2584,0.0919,"f"
1473,-0.5684,15.2583,0.09192,"f"
1474,-0.5684,15.2581,0.09194,"f"
1475,-0.5684,15.2579,0.09196,"f"
1476,-0.5684,15.2578,0.09198,"f"
1477,-0.5684,15.2576,0.092,"f"
1478,-0.5684,15.2575,0.09201,"f"
1479,-0.5684,15.2573,0.09203,"f"
1480,-0.5684,15.2572,0.09205,"f"
1481,-0.5684,15.257,0.09207,"f"
1482,-0.5684,15.2569,0.09209,"f"
1483,-0.5684,15.2568,0.09211,"f"
1484,-0.5684,15.2566,0.09213,"f"
1485,-0.5684,15.2565,0.09215,"f"
1486,-0.5684,15.2563,0.09217,"f"
1487,-0.5684,15.2562,0.09219,"f"
1488,-0.5684,15.2561,0.09221,"f"
1489,-0.5684,15.2559,0.09223,"f"
1490,-0.5684,15.2558,0.09225,"f"
1491,-0.5684,15.2557,0.09227,"f"
1492,-0.5684,15.2555,0.09229,"f"
1493,-0.5684,15.2554,0.09231,"f"
1494,-0.5684,15.2553,0.09232,"f"
1495,-0.5684,15.2551,0.09234,"f"
1496,-0.5684,15.255,0.09236,"f"
1497,-0.5684,15.2549,0.09238,"f"
1498,-0.5684,15.2548,0.0924,"f"
1499,-0.5684,15.2547,0.09242,"f"
1500,-0.5684,15.2545,0.09244,"f"
1501,-0.5684,15.2544,0.09246,"f"
1502,-0.5684,15.2543,0.09248,"f"
1503,-0.5684,15.2542,0.0925,"f"
1504,-0.5684,15.2541,0.09252,"f"
1505,-0.5684,15.254,0.09254,"f"
1506,-0.5684,15.2538,0.09256,"f"
1507,-0.5684,15.2537,0.09258,"f"
1508,-0.5684,15.2536,0.0926,"f"
1509,-0.5684,15.2535,0.09262,"f"
1510,-0.5684,15.2534,0.09263,"f"
1511,-0.5684,15.2533,0.09265,"f"
1512,-0.5684,15.2532,0.09267,"f"
1513,-0.5684,15.2531,0.09269,"f"
1514,-0.5684,15.253,0.09271,"f"
1515,-0.5684,15.2529,0.09273,"f"
1516,-0.5684,15.2528,0.09275,"f"
1517,-0.5684,15.2527,0.09277,"f"
1518,-0.5684,15.2526,0.09279,"f"
1519,-0.5684,15.2525,0.09281,"f"
1520,-0.5684,15.2525,0.09283,"f"
1521,-0.5684,15.2524,0.09285,"f"
1522,-0.5684,15.2523,0.09287,"f"
1523,-0.5684,15.2522,0.09289,"f"
1524,-0.5684,15.2521,0.09291,"f"
1525,-0.5684,15.252,0.09292,"f"
1526,-0.5684,15.2519,0.09294,"f"
1527,-0.5684,15.2519,0.09296,"f"
1528,-0.5684,15.2518,0.09298,"f"
1529,-0.5684,15.2517,0.093,"f"
1530,-0.5684,15.2516,0.09302,"f"
1531,-0.5684,15.2515,0.09304,"f"
1532,-0.5684,15.2515,0.09306,"f"
1533,-0.5684,15.2514,0.09308,"f"
1534,-0.5684,15.2513,0.0931,"f"
1535,-0.5684,15.2513,0.09312,"f"
1536,-0.5684,15.2512,0.09314,"f"
1537,-0.5684,15.2511,0.09316,"f"
1538,-0.5684,15.2511,0.09318,"f"
1539,-0.5684,15.251,0.0932,"f"
1540,-0.5684,15.2509,0.09321,"f"
1541,-0.5684,15.2509,0.09323,"f"
1542,-0.5684,15.2508,0.09325,"f"
1543,-0.5684,15.2508,0.09327,"f"
1544,-0.5684,15.2507,0.09329,"f"
1545,-0.5684,15.2507,0.09331,"f"
1546,-0.5684,15.2506,0.09333,"f"
1547,-0.5684,15.2506,0.09335,"f"
1548,-0.5684,15.2505,0.09337,"f"
1549,-0.5684,15.2505,0.09339,"f"
1550,-0.5684,15.2504,0.09341,"f"
1551,-0.5684,15.2504,0.09343,"f"
1552,-0.5684,15.2503,0.09345,"f"
1553,-0.5684,15.2503,0.09346,"f"
1554,-0.5684,15.2502,0.09348,"f"
1555,-0.5684,15.2502,0.0935,"f"
1556,-0.5684,15.2502,0.09352,"f"
1557,-0.5684,15.2501,0.09354,"f"
1558,-0.5684,15.2501,0.09356,"f"
1559,-0.5684,15.25,0.09358,"f"
1560,-0.5684,15.25,0.0936,"f"
1561,-0.5684,15.25,0.09362,"f"
1562,-0.5684,15.25,0.09364,"f"
1563,-0.5684,15.2499,0.09366,"f"
1564,-0.5684,15.2499,0.09368,"f"
1565,-0.5684,15.2499,0.09369,"f"
1566,-0.5684,15.2498,0.09371,"f"
1567,-0.5684,15.2498,0.09373,"f"
1568,-0.5684,15.2498,0.09375,"f"
1569,-0.5684,15.2498,0.09377,"f"
1570,-0.5684,15.2498,0.09379,"f"
1571,-0.5684,15.2497,0.09381,"f"
1572,-0.5684,15.2497,0.09383,"f"
1573,-0.5684,15.2497,0.09385,"f"
1574,-0.5684,15.2497,0.09387,"f"
1575,-0.5684,15.2497,0.09388,"f"
1576,-0.5684,15.2497,0.0939,"f"
1577,-0.5684,15.2497,0.09392,"f"
1578,-0.5684,15.2497,0.09394,"f"
1579,-0.5684,15.2497,0.09396,"f"
1580,-0.5684,15.2497,0.09398,"f"
1581,-0.5684,15.2496,0.094,"f"
1582,-0.5684,15.2496,0.09402,"f"
1583,-0.5684,15.2496,0.09404,"f"
1584,-0.5684,15.2496,0.09406,"f"
1585,-0.5684,15.2496,0.09407,"f"
1586,-0.5684,15.2497,0.09409,"f"
1587,-0.5684,15.2497,0.09411,"f"
1588,-0.5684,15.2497,0.09413,"f"
1589,-0.5684,15.2497,0.09415,"f"
1590,-0.5684,15.2497,0.09417,"f"
1591,-0.5684,15.2497,0.09419,"f"
1592,-0.5684,15.2497,0.09421,"f"
1593,-0.5684,15.2497,0.09422,"f"
1594,-0.5684,15.2497,0.09424,"f"
1595,-0.5684,15.2497,0.09426,"f"
1596,-0.5684,15.2498,0.09428,"f"
1597,-0.5684,15.2498,0.0943,"f"
1598,-0.5684,15.2498,0.09432,"f"
1599,-0.5684,15.2498,0.09434,"f"
1600,-0.5684,15.2498,0.09436,"f"
1601,-0.5684,15.2499,0.09437,"f"
1602,-0.5684,15.2499,0.09439,"f"
1603,-0.5684,15.2499,0.09441,"f"
1604,-0.5684,15.2499,0.09443,"f"
1605,-0.5684,15.25,0.09445,"f"
1606,-0.5684,15.25,0.09447,"f"
1607,-0.5684,15.25,0.09449,"f"
1608,-0.5684,15.25,0.0945,"f"
1609,-0.5684,15.2501,0.09452,"f"
1610,-0.5684,15.2501,0.09454,"f"
1611,-0.5684,15.2501,0.09456,"f"
1612,-0.5684,15.2502,0.09458,"f"
1613,-0.5684,15.2502,0.0946,"f"
1614,-0.5684,15.2502,0.09461,"f"
1615,-0.5684,15.2503,0.09463,"f"
1616,-0.5684,15.2503,0.09465,"f"
1617,-0.5684,15.2504,0.09467,"f"
1618,-0.5684,15.2504,0.09469,"f"
1619,-0.5684,15.2505,0.09471,"f"
1620,-0.5684,15.2505,0.09472,"f"
1621,-0.5684,15.2505,0.09474,"f"
1622,-0.5684,15.2506,0.09476,"f"
1623,-0.5684,15.2506,0.09478,"f"
1624,-0.5684,15.2507,0.0948,"f"
1625,-0.5684,15.2507,0.09481,"f"
1626,-0.5684,15.2508,0.09483,"f"
1627,-0.5684,15.2508,0.09485,"f"
1628,-0.5684,15.2509,0.09487,"f"
1629,-0.5684,15.2509,0.09489,"f"
1630,-0.5684,15.251,0.09491,"f"
1631,-0.5684,15.2511,0.09492,"f"
1632,-0.5684,15.2511,0.09494,"f"
1633,-0.5684,15.2512,0.09496,"f"
1634,-0.5684,15.2512,0.09498,"f"
1635,-0.5684,15.2513,0.095,"f"
1636,-0.5684,15.2514,0.09501,"f"
1637,-0.5684,15.2514,0.09503,"f"
1638,-0.5684,15.2515,0.09505,"f"
1639,-0.5684,15.2515,0.09507,"f"
1640,-0.5684,15.2516,0.09508,"f"
1641,-0.5684,15.2517,0.0951,"f"
1642,-0.5684,15.2517,0.09512,"f"
1643,-0.5684,15.2518,0.09514,"f"
1644,-0.5684,15.2519,0.09516,"f"
1645,-0.5684,15.2519,0.09517,"f"
1646,-0.5684,15.252,0.09519,"f"
1647,-0.5684,15.2521,0.09521,"f"
1648,-0.5684,15.2522,0.09523,"f"
1649,-0.5684,15.2522,0.09524,"f"
1650,-0.5684,15.2523,0.09526,"f"
1651,-0.5684,15.2524,0.09528,"f"
1652,-0.5684,15.2525,0.0953,"f"
1653,-0.5684,15.2525,0.09531,"f"
1654,-0.5684,15.2526,0.09533,"f"
1655,-0.5684,15.2527,0.09535,"f"
1656,-0.5684,15.2528,0.09537,"f"
1657,-0.5684,15.2529,0.09538,"f"
1658,-0.5684,15.2529,0.0954,"f"
1659,-0.5684,15.253,0.09542,"f"
1660,-0.5684,15.2531,0.09544,"f"
1661,-0.5684,15.2532,0.09545,"f"
1662,-0.5684,15.2533,0.09547,"f"
1663,-0.5684,15.2534,0.09549,"f"
1664,-0.5684,15.2534,0.0955,"f"
1665,-0.5684,15.2535,0.09552,"f"
1666,-0.5684,15.2536,0.09554,"f"
1667,-0.5684,15.2537,0.09556,"f"
1668,-0.5684,15.2538,0.09557,"f"
1669,-0.5684,15.2539,0.09559,"f"
1670,-0.5684,15.254,0.09561,"f"
1671,-0.5684,15.2541,0.09562,"f"
1672,-0.5684,15.2542,0.09564,"f"
1673,-0.5684,15.2543,0.09566,"f"
1674,-0.5684,15.2543,0.09567,"f"
1675,-0.5684,15.2544,0.09569,"f"
1676,-0.5684,15.2545,0.09571,"f"
1677,-0.5684,15.2546,0.09573,"f"
1678,-0.5684,15.2547,0.09574,"f"
1679,-0.5684,15.2548,0.09576,"f"
1680,-0.5684,15.2549,0.09578,"f"
1681,-0.5684,15.255,0.09579,"f"
1682,-0.5684,15.2551,0.09581,"f"
1683,-0.5684,15.2552,0.09583,"f"
1684,-0.5684,15.2553,0.09584,"f"
1685,-0.5684,15.2554,0.09586,"f"
1686,-0.5684,15.2555,0.09588,"f"
1687,-0.5684,15.2556,0.09589,"f"
1688,-0.5684,15.2557,0.09591,"f"
1689,-0.5684,15.2558,0.09593,"f"
1690,-0.5684,15.2559,0.09594,"f"
1691,-0.5684,15.256,0.09596,"f"
1692,-0.5684,15.2561,0.09597,"f"
1693,-0.5684,15.2563,0.09599,"f"
1694,-0.5684,15.2564,0.09601,"f"
1695,-0.5684,15.2565,0.09602,"f"
1696,-0.5684,15.2566,0.09604,"f"
1697,-0.5684,15.2567,0.09606,"f"
1698,-0.5684,15.2568,0.09607,"f"
1699,-0.5684,15.2569,0.09609,"f"
1700,-0.5684,15.257,0.0961,"f"
1701,-0.5684,15.2571,0.09612,"f"
1702,-0.5684,15.2572,0.09614,"f"
1703,-0.5684,15.2574,0.09615,"f"
1704,-0.5684,15.2575,0.09617,"f"
1705,-0.5684,15.2576,0.09618,"f"
1706,-0.5684,15.2577,0.0962,"f"
1707,-0.5684,15.2578,0.09622,"f"
1708,-0.5684,15.2579,0.09623,"f"
1709,-0.5684,15.258,0.09625,"f"
1710,-0.5684,15.2582,0.09626,"f"
1711,-0.5684,15.2583,0.09628,"f"
1712,-0.5684,15.2584,0.0963,"f"
1713,-0.5684,15.2585,0.09631,"f"
1714,-0.5684,15.2586,0.09633,"f"
1715,-0.5684,15.2587,0.09634,"f"
1716,-0.5684,15.2589,0.09636,"f"
1717,-0.5684,15.259,0.09637,"f"
1718,-0.5684,15.2591,0.09639,"f"
1719,-0.5684,15.2592,0.09641,"f"
1720,-0.5684,15.2593,0.09642,"f"
1721,-0.5684,15.2595,0.09644,"f"
1722,-0.5684,15.2596,0.09645,"f"
1723,-0.5684,15.2597,0.09647,"f"
1724,-0.5684,15.2598,0.09648,"f"
1725,-0.5684,15.2599,0.0965,"f"
1726,-0.5684,15.2601,0.09651,"f"
1727,-0.5684,15.2602,0.09653,"f"
1728,-0.5684,15.2603,0.09654,"f"
1729,-0.5684,15.2604,0.09656,"f"
1730,-0.5684,15.2606,0.09657,"f"
1731,-0.5684,15.2607,0.09659,"f"
1732,-0.5684,15.2608,0.0966,"f"
1733,-0.5684,15.261,0.09662,"f"
1734,-0.5684,15.2611,0.09663,"f"
1735,-0.5684,15.2612,0.09665,"f"
1736,-0.5684,15.2613,0.09666,"f"
1737,-0.5684,15.2615,0.09668,"f"
1738,-0.5684,15.2616,0.09669,"f"
1739,-0.5684,15.2617,0.09671,"f"
1740,-0.5684,15.2619,0.09672,"f"
1741,-0.5684,15.262,0.09674,"f"
1742,-0.5684,15.2621,0.09675,"f"
1743,-0.5684,15.2622,0.09677,"f"
1744,-0.5684,15.2624,0.09678,"f"
1745,-0.5684,15.2625,0.0968,"f"
1746,-0.5684,15.2626,0.09681,"f"
1747,-0.5684,15.2628,0.09683,"f"
1748,-0.5684,15.2629,0.09684,"f"
1749,-0.5684,15.263,0.09686,"f"
1750,-0.5684,15.2632,0.09687,"f"
1751,-0.5684,15.2633,0.09688,"f"
1752,-0.5684,15.2635,0.0969,"f"
1753,-0.5684,15.2636,0.09691,"f"
1754,-0.5684,15.2637,0.09693,"f"
1755,-0.5684,15.2639,0.09694,"f"
1756,-0.5684,15.264,0.09696,"f"
1757,-0.5684,15.2641,0.09697,"f"
1758,-0.5684,15.2643,0.09699,"f"
1759,-0.5684,15.2644,0.097,"f"
1760,-0.5684,15.2646,0.09701,"f"
1761,-0.5684,15.2647,0.09703,"f"
1762,-0.5684,15.2648,0.09704,"f"
1763,-0.5684,15.265,0.09706,"f"
1764,-0.5684,15.2651,0.09707,"f"
1765,-0.5684,15.2653,0.09708,"f"
1766,-0.5684,15.2654,0.0971,"f"
1767,-0.5684,15.2655,0.09711,"f"
1768,-0.5684,15.2657,0.09713,"f"
1769,-0.5684,15.2658,0.09714,"f"
1770,-0.5684,15.266,0.09715,"f"
1771,-0.5684,15.2661,0.09717,"f"
1772,-0.5684,15.2663,0.09718,"f"
1773,-0.5684,15.2664,0.0972,"f"
1774,-0.5684,15.2665,0.09721,"f"
1775,-0.5684,15.2667,0.09722,"f"
1776,-0.5684,15.2668,0.09724,"f"
1777,-0.5684,15.267,0.09725,"f"
1778,-0.5684,15.2671,0.09726,"f"
1779,-0.5684,15.2673,0.09728,"f"
1780,-0.5684,15.2674,0.09729,"f"
1781,-0.5684,15.2676,0.0973,"f"
1782,-0.5684,15.2677,0.09732,"f"
1783,-0.5684,15.2679,0.09733,"f"
1784,-0.5684,15.268,0.09734,"f"
1785,-0.5684,15.2682,0.09736,"f"
1786,-0.5684,15.2683,0.09737,"f"
1787,-0.5684,15.2685,0.09739,"f"
1788,-0.5684,15.2686,0.0974,"f"
1789,-0.5684,15.2688,0.09741,"f"
1790,-0.5684,15.2689,0.09743,"f"
1791,-0.5684,15.2691,0.09744,"f"
1792,-0.5684,15.2692,0.09745,"f"
1793,-0.5684,15.2694,0.09746,"f"
1794,-0.5684,15.2695,0.09748,"f"
1795,-0.5684,15.2697,0.09749,"f"
1796,-0.5684,15.2698,0.0975,"f"
1797,-0.5684,15.27,0.09752,"f"
1798,-0.5684,15.2702,0.09753,"f"
1799,-0.5684,15.2703,0.09754,"f"
1800,-0.5684,15.2705,0.09756,"f"
1801,-0.5684,15.2706,0.09757,"f"
1802,-0.5684,15.2708,0.09758,"f"
1803,-0.5684,15.2709,0.0976,"f"
1804,-0.5684,15.2711,0.09761,"f"
1805,-0.5684,15.2713,0.09762,"f"
1806,-0.5684,15.2714,0.09763,"f"
1807,-0.5684,15.2716,0.09765,"f"
1808,-0.5684,15.2717,0.09766,"f"
1809,-0.5684,15.2719,0.09767,"f"
1810,-0.5684,15.272,0.09769,"f"
1811,-0.5684,15.2722,0.0977,"f"
1812,-0.5684,15.2724,0.09771,"f"
1813,-0.5684,15.2725,0.09772,"f"
1814,-0.5684,15.2727,0.09774,"f"
1815,-0.5684,15.2729,0.09775,"f"
1816,-0.5684,15.273,0.09776,"f"
1817,-0.5684,15.2732,0.09777,"f"
1818,-0.5684,15.2733,0.09779,"f"
1819,-0.5684,15.2735,0.0978,"f"
1820,-0.5684,15.2737,0.09781,"f"
1821,-0.5684,15.2738,0.09782,"f"
1822,-0.5684,15.274,0.09784,"f"
1823,-0.5684,15.2742,0.09785,"f"
1824,-0.5684,15.2743,0.09786,"f"
1825,-0.5684,15.2745,0.09787,"f"
1826,-0.5684,15.2747,0.09789,"f"
1827,-0.5684,15.2748,0.0979,"f"
1828,-0.5684,15.275,0.09791,"f"
1829,-0.5684,15.2752,0.09792,"f"
1830,-0.5684,15.2753,0.09794,"f"
1831,-0.5684,15.2755,0.09795,"f"
1832,-0.5684,15.2757,0.09796,"f"
1833,-0.5684,15.2758,0.09797,"f"
1834,-0.5684,15.276,0.09799,"f"
1835,-0.5684,15.2762,0.098,"f"
1836,-0.5684,15.2763,0.09801,"f"
1837,-0.5684,15.2765,0.09802,"f"
1838,-0.5684,15.2767,0.09803,"f"
1839,-0.5684,15.2768,0.09805,"f"
1840,-0.5684,15.277,0.09806,"f"
1841,-0.5684,15.2772,0.09807,"f"
1842,-0.5684,15.2773,0.09808,"f"
1843,-0.5684,15.2775,0.0981,"f"
1844,-0.5684,15.2777,0.09811,"f"
1845,-0.5684,15.2779,0.09812,"f"
1846,-0.5684,15.278,0.09813,"f"
1847,-0.5684,15.2782,0.09814,"f"
1848,-0.5684,15.2784,0.09816,"f"
1849,-0.5684,15.2785,0.09817,"f"
1850,-0.5684,15.2787,0.09818,"f"
1851,-0.5684,15.2789,0.09819,"f"
1852,-0.5684,15.2791,0.0982,"f"
1853,-0.5684,15.2792,0.09822,"f"
1854,-0.5684,15.2794,0.09823,"f"
1855,-0.5684,15.2796,0.09824,"f"
1856,-0.5684,15.2798,0.09825,"f"
1857,-0.888786858316222,15.2440928131417,0.0969247227926078,"f"
1858,-0.889384804928131,15.2440698151951,0.0969398357289528,"f"
1859,-0.889982751540041,15.2440468172485,0.0969549486652977,"f"
1860,-0.890580698151951,15.2440238193018,0.0969700616016427,"f"
1861,-0.89117864476386,15.2440008213552,0.0969851745379877,"f"
1862,-0.89177659137577,15.2439778234086,0.0970002874743326,"f"
1863,-0.89237453798768,15.243954825462,0.0970154004106776,"f"
1864,-0.892972484599589,15.2439318275154,0.0970305133470226,"f"
1865,-0.893570431211499,15.2439088295688,0.0970456262833676,"f"
1866,-0.894168377823409,15.2438858316222,0.0970607392197125,"f"
1867,-0.894766324435318,15.2438628336756,0.0970758521560575,"f"
1868,-0.895364271047228,15.243839835729,0.0970909650924025,"f"
1869,-0.895962217659138,15.2438168377823,0.0971060780287474,"f"
1870,-0.896560164271047,15.2437938398357,0.0971211909650924,"f"
1871,-0.897158110882957,15.2437708418891,0.0971363039014374,"f"
1872,-0.897756057494867,15.2437478439425,0.0971514168377823,"f"
1873,-0.898354004106776,15.2437248459959,0.0971665297741273,"f"
1874,-0.898951950718686,15.2437018480493,0.0971816427104723,"f"
1875,-0.899549897330596,15.2436788501027,0.0971967556468172,"f"
1876,-0.900147843942505,15.2436558521561,0.0972118685831622,"f"
1877,-0.900745790554415,15.2436328542094,0.0972269815195072,"f"
1878,-0.901343737166324,15.2436098562628,0.0972420944558521,"f"
1879,-0.901941683778234,15.2435868583162,0.0972572073921971,"f"
1880,-0.902539630390144,15.2435638603696,0.0972723203285421,"f"
1881,-0.903137577002053,15.243540862423,0.0972874332648871,"f"
1882,-0.903735523613963,15.2435178644764,0.097302546201232,"f"
1883,-0.904333470225873,15.2434948665298,0.097317659137577,"f"
1884,-0.904931416837782,15.2434718685832,0.097332772073922,"f"
1885,-0.905529363449692,15.2434488706366,0.0973478850102669,"f"
1886,-0.906127310061602,15.2434258726899,0.0973629979466119,"f"
1887,-0.906725256673511,15.2434028747433,0.0973781108829569,"f"
1888,-0.907318174448438,15.2433932919561,0.0973928663769034,"f"
1889,-0.907910369230422,15.2433856500231,0.0974075712530672,"f"
1890,-0.908502554002966,15.2433780613325,0.0974222771010502,"f"
1891,-0.909094723427703,15.2433705542804,0.0974369844391558,"f"
1892,-0.909686872166264,15.2433631572629,0.0974516937856876,"f"
1893,-0.910278994880283,15.2433558986758,0.097466405658949,"f"
1894,-0.910871086231392,15.2433488069153,0.0974811205772437,"f"
1895,-0.911463140881222,15.2433419103772,0.0974958390588752,"f"
1896,-0.912055153491406,15.2433352374577,0.0975105616221469,"f"
1897,-0.912647118723577,15.2433288165526,0.0975252887853624,"f"
1898,-0.913239031239365,15.243322676058,0.0975400210668252,"f"
1899,-0.913830885700405,15.24331684437,0.097554758984839,"f"
1900,-0.914422676768328,15.2433113498844,0.0975695030577071,"f"
1901,-0.915014399104765,15.2433062209974,0.0975842538037331,"f"
1902,-0.915606047371351,15.2433014861048,0.0975990117412205,"f"
1903,-0.916197616229716,15.2432971736028,0.0976137773884729,"f"
1904,-0.916789100341493,15.2432933118872,0.0976285512637939,"f"
1905,-0.917380494368314,15.2432899293542,0.0976433338854868,"f"
1906,-0.917971792971811,15.2432870543997,0.0976581257718553,"f"
1907,-0.918562990813618,15.2432847154196,0.0976729274412029,"f"
1908,-0.919154082555365,15.2432829408101,0.097687739411833,"f"
1909,-0.919745062858686,15.243281758967,0.0977025622020494,"f"
1910,-0.920335926385212,15.2432811982865,0.0977173963301553,"f"
1911,-0.920926667796576,15.2432812871645,0.0977322423144545,"f"
1912,-0.921517281754409,15.2432820539969,0.0977471006732504,"f"
1913,-0.922107762920345,15.2432835271799,0.0977619719248465,"f"
1914,-0.922698105956016,15.2432857351094,0.0977768565875464,"f"
1915,-0.923288305523053,15.2432887061813,0.0977917551796535,"f"
1916,-0.923878356283089,15.2432924687918,0.0978066682194715,"f"
1917,-0.924468252897756,15.2432970513368,0.0978215962253039,"f"
1918,-0.925057990178757,15.2433024816162,0.0978365397017479,"f"
1919,-0.925647567660836,15.2433087686696,0.0978514987220344,"f"
1920,-0.926236990439197,15.24331589945,0.0978664728515447,"f"
1921,-0.926826263927996,15.2433238596435,0.0978814616265294,"f"
1922,-0.927415393541391,15.2433326349362,0.0978964645832391,"f"
1923,-0.928004384693538,15.2433422110142,0.0979114812579242,"f"
1924,-0.928593242798593,15.2433525735635,0.0979265111868354,"f"
1925,-0.929181973270714,15.2433637082704,0.0979415539062233,"f"
1926,-0.929770581524057,15.2433756008207,0.0979566089523383,"f"
1927,-0.930359072972779,15.2433882369008,0.0979716758614311,"f"
1928,-0.930947453031037,15.2434016021966,0.0979867541697523,"f"
1929,-0.931535727112987,15.2434156823942,0.0980018434135524,"f"
1930,-0.932123900632786,15.2434304631798,0.0980169431290819,"f"
1931,-0.93271197900459,15.2434459302393,0.0980320528525915,"f"
1932,-0.933299967642558,15.243462069259,0.0980471721203317,"f"
1933,-0.933887871960844,15.2434788659249,0.098062300468553,"f"
1934,-0.934475697373606,15.2434963059231,0.0980774374335062,"f"
1935,-0.935063449295001,15.2435143749396,0.0980925825514416,"f"
1936,-0.935651133139184,15.2435330586607,0.0981077353586099,"f"
1937,-0.936238754320314,15.2435523427723,0.0981228953912616,"f"
1938,-0.936826318252547,15.2435722129606,0.0981380621856473,"f"
1939,-0.937413830350039,15.2435926549116,0.0981532352780176,"f"
1940,-0.938001296026947,15.2436136543115,0.0981684142046231,"f"
1941,-0.938588720697429,15.2436351968463,0.0981835985017143,"f"
1942,-0.939176109775639,15.2436572682022,0.0981987877055417,"f"
1943,-0.939763468675736,15.2436798540651,0.098213981352356,"f"
1944,-0.940350802811876,15.2437029401213,0.0982291789784077,"f"
1945,-0.940938117598216,15.2437265120568,0.0982443801199474,"f"
1946,-0.941525418448912,15.2437505555577,0.0982595843132256,"f"
1947,-0.942112710778121,15.24377505631,0.098274791094493,"f"
1948,-0.9427,15.2438,0.09829,"f"
1949,-0.943287287906636,15.2438253759629,0.0983052105114432,"f"
1950,-0.94387456180184,15.2438511881315,0.0983204218923026,"f"
1951,-0.944461805367352,15.2438774440876,0.0983356333515043,"f"
1952,-0.945049002284913,15.2439041514133,0.0983508440979742,"f"
1953,-0.945636136236265,15.2439313176904,0.0983660533406384,"f"
1954,-0.946223190903147,15.243958950501,0.0983812602884228,"f"
1955,-0.946810149967302,15.2439870574269,0.0983964641502535,"f"
1956,-0.947396997110469,15.2440156460502,0.0984116641350564,"f"
1957,-0.94798371601439,15.2440447239527,0.0984268594517576,"f"
1958,-0.948570290360806,15.2440742987164,0.098442049309283,"f"
1959,-0.949156703831457,15.2441043779234,0.0984572329165587,"f"
1960,-0.949742940108085,15.2441349691555,0.0984724094825107,"f"
1961,-0.95032898287243,15.2441660799946,0.0984875782160649,"f"
1962,-0.950914815806233,15.2441977180228,0.0985027383261474,"f"
1963,-0.951500422591236,15.2442298908219,0.0985178890216841,"f"
1964,-0.952085786909178,15.244262605974,0.0985330295116011,"f"
1965,-0.952670892441802,15.244295871061,0.0985481590048243,"f"
1966,-0.953255722870847,15.2443296936648,0.0985632767102798,"f"
1967,-0.953840261878055,15.2443640813674,0.0985783818368936,"f"
1968,-0.954424493145167,15.2443990417507,0.0985934735935916,"f"
1969,-0.955008400353923,15.2444345823967,0.0986085511893,"f"
1970,-0.955591967186065,15.2444707108873,0.0986236138329445,"f"
1971,-0.956175177323333,15.2445074348046,0.0986386607334514,"f"
1972,-0.956758014447469,15.2445447617303,0.0986536910997465,"f"
1973,-0.957340462240212,15.2445826992466,0.0986687041407558,"f"
1974,-0.957922504383305,15.2446212549352,0.0986836990654055,"f"
1975,-0.958504124558487,15.2446604363783,0.0986986750826214,"f"
1976,-0.959085306447501,15.2447002511577,0.0987136314013296,"f"
1977,-0.959666033732086,15.2447407068554,0.098728567230456,"f"
1978,-0.960246290093984,15.2447818110533,0.0987434817789268,"f"
1979,-0.960826060212261,15.2448235712647,0.0987583743236363,"f"
1980,-0.96140534615283,15.2448659938039,0.0987732453264069,"f"
1981,-0.961984164749957,15.244909083967,0.0987880962555361,"f"
1982,-0.962562533307159,15.2449528470179,0.098802928611301,"f"
1983,-0.96314046912795,15.2449972882203,0.098817743893979,"f"
1984,-0.963717989515846,15.2450424128381,0.0988325436038472,"f"
1985,-0.964295111774363,15.2450882261349,0.0988473292411829,"f"
1986,-0.964871853207016,15.2451347333747,0.0988621023062633,"f"
1987,-0.965448231117321,15.2451819398212,0.0988768642993656,"f"
1988,-0.966024262808794,15.2452298507381,0.098891616720767,"f"
1989,-0.96659996558495,15.2452784713893,0.0989063610707448,"f"
1990,-0.967175356749306,15.2453278070385,0.0989210988495762,"f"
1991,-0.967750453605375,15.2453778629496,0.0989358315575385,"f"
1992,-0.968325273456675,15.2454286443864,0.0989505606949087,"f"
1993,-0.96889983360672,15.2454801566125,0.0989652877619643,"f"
1994,-0.969474151359027,15.2455324048918,0.0989800142589824,"f"
1995,-0.970048244017111,15.2455853944882,0.0989947416862401,"f"
1996,-0.970622128884487,15.2456391306653,0.0990094715440149,"f"
1997,-0.971195823264671,15.245693618687,0.0990242053325838,"f"
1998,-0.97176934446118,15.245748863817,0.0990389445522241,"f"
1999,-0.972342709777527,15.2458048713192,0.099053690703213,"f"
2000,-0.97291593651723,15.2458616464573,0.0990684452858278,"f"
2001,-0.973489041983803,15.2459191944951,0.0990832098003457,"f"
2002,-0.974062043480763,15.2459775206965,0.0990979857470438,"f"
2003,-0.974634958311624,15.2460366303251,0.0991127746261995,"f"
2004,-0.975207803779903,15.2460965286448,0.09912757793809,"f"
2005,-0.975780597189115,15.2461572209194,0.0991423971829924,"f"
2006,-0.976353355842775,15.2462187124127,0.0991572338611841,"f"
2007,-0.9769260970444,15.2462810083884,0.0991720894729422,"f"
2008,-0.977498838097505,15.2463441141103,0.0991869655185439,"f"
2009,-0.978071596296606,15.2464080348382,0.0992018634974675,"f"
2010,-0.978644382412176,15.2464727728525,0.0992167843298575,"f"
2011,-0.979217189190324,15.2465383222033,0.0992317273353002,"f"
2012,-0.97979000629061,15.2466046755312,0.0992466915592971,"f"
2013,-0.980362823372595,15.2466718254768,0.0992616760473496,"f"
2014,-0.980935630095839,15.2467397646805,0.0992766798449592,"f"
2015,-0.981508416119904,15.2468084857831,0.0992917019976275,"f"
2016,-0.98208117110435,15.2468779814251,0.099306741550856,"f"
2017,-0.982653884708737,15.246948244247,0.0993217975501462,"f"
2018,-0.983226546592628,15.2470192668895,0.0993368690409995,"f"
2019,-0.983799146415581,15.2470910419931,0.0993519550689175,"f"
2020,-0.984371673837158,15.2471635621985,0.0993670546794017,"f"
2021,-0.98494411851692,15.2472368201461,0.0993821669179536,"f"
2022,-0.985516470114428,15.2473108084765,0.0993972908300746,"f"
2023,-0.986088718289241,15.2473855198305,0.0994124254612664,"f"
2024,-0.986660852700922,15.2474609468484,0.0994275698570303,"f"
2025,-0.98723286300903,15.247537082171,0.0994427230628679,"f"
2026,-0.987804738873126,15.2476139184387,0.0994578841242808,"f"
2027,-0.988376469952771,15.2476914482923,0.0994730520867703,"f"
2028,-0.988948045907526,15.2477696643721,0.099488225995838,"f"
2029,-0.989519456396951,15.2478485593189,0.0995034048969855,"f"
2030,-0.990090691080608,15.2479281257732,0.0995185878357141,"f"
2031,-0.990661739618056,15.2480083563756,0.0995337738575255,"f"
2032,-0.991232591668857,15.2480892437666,0.0995489620079211,"f"
2033,-0.991803236892571,15.2481707805869,0.0995641513324024,"f"
2034,-0.99237366494876,15.248252959477,0.099579340876471,"f"
2035,-0.992943865496982,15.2483357730775,0.0995945296856282,"f"
2036,-0.993513828196801,15.248419214029,0.0996097168053757,"f"
2037,-0.994083542707775,15.2485032749721,0.099624901281215,"f"
2038,-0.994652998689467,15.2485879485473,0.0996400821586474,"f"
2039,-0.995222185801436,15.2486732273952,0.0996552584831746,"f"
2040,-0.995791094413857,15.2487591047119,0.0996704293622797,"f"
2041,-0.996359722563101,15.2488455796853,0.0996855945721108,"f"
2042,-0.99692807296299,15.2489326551596,0.0997007542967955,"f"
2043,-0.997496148394083,15.249020334031,0.0997159087262825,"f"
2044,-0.998063951636941,15.2491086191956,0.0997310580505202,"f"
2045,-0.998631485472122,15.2491975135497,0.0997462024594572,"f"
2046,-0.999198752680187,15.2492870199894,0.0997613421430422,"f"
2047,-0.999765756041694,15.2493771414111,0.0997764772912236,"f"
2048,-1.0003324983372,15.2494678807109,0.0997916080939499,"f"
2049,-1.00089898234727,15.2495592407849,0.0998067347411699,"f"
2050,-1.00146521085246,15.2496512245296,0.0998218574228319,"f"
2051,-1.00203118663334,15.2497438348409,0.0998369763288846,"f"
2052,-1.00259691247045,15.2498370746152,0.0998520916492766,"f"
2053,-1.00316239114436,15.2499309467487,0.0998672035739564,"f"
2054,-1.00372762543563,15.2500254541375,0.0998823122928724,"f"
2055,-1.00429261812482,15.2501205996779,0.0998974179959734,"f"
2056,-1.00485737199249,15.2502163862661,0.0999125208732079,"f"
2057,-1.00542188981919,15.2503128167984,0.0999276211145244,"f"
2058,-1.00598617438549,15.2504098941708,0.0999427189098714,"f"
2059,-1.00655022847195,15.2505076212797,0.0999578144491976,"f"
2060,-1.00711405485912,15.2506060010212,0.0999729079224514,"f"
2061,-1.00767765632757,15.2507050362915,0.0999879995195816,"f"
2062,-1.00824103565785,15.2508047299869,0.100003089430536,"f"
2063,-1.00880419563053,15.2509050850036,0.100018177845265,"f"
2064,-1.00936713902616,15.2510061042378,0.100033264953715,"f"
2065,-1.0099298686253,15.2511077905857,0.100048350945836,"f"
2066,-1.01049238720852,15.2512101469434,0.100063436011575,"f"
2067,-1.01105469755637,15.2513131762073,0.100078520340883,"f"
2068,-1.01161680244941,15.2514168812735,0.100093604123706,"f"
2069,-1.0121787046682,15.2515212650383,0.100108687549994,"f"
2070,-1.01274040698403,15.2516263303792,0.100123770809708,"f"
2071,-1.01330191104565,15.25173207793,0.100138854094307,"f"
2072,-1.01386321632176,15.2518385039659,0.100153937598161,"f"
2073,-1.01442432203056,15.2519456042615,0.100169021515974,"f"
2074,-1.01498522739023,15.2520533745913,0.100184106042451,"f"
2075,-1.015545931619,15.2521618107301,0.100199191372296,"f"
2076,-1.01610643393505,15.2522709084522,0.100214277700212,"f"
2077,-1.01666673355659,15.2523806635324,0.100229365220905,"f"
2078,-1.01722682970182,15.2524910717451,0.100244454129079,"f"
2079,-1.01778672158894,15.2526021288651,0.100259544619438,"f"
2080,-1.01834640843615,15.2527138306667,0.100274636886685,"f"
2081,-1.01890588946166,15.2528261729247,0.100289731125526,"f"
2082,-1.01946516388366,15.2529391514135,0.100304827530665,"f"
2083,-1.02002423092036,15.2530527619078,0.100319926296806,"f"
2084,-1.02058308978996,15.2531670001822,0.100335027618653,"f"
2085,-1.02114173971066,15.2532818620112,0.10035013169091,"f"
2086,-1.02170017990066,15.2533973431693,0.100365238708282,"f"
2087,-1.02225840957816,15.2535134394313,0.100380348865474,"f"
2088,-1.02281642796137,15.2536301465716,0.100395462357188,"f"
2089,-1.02337423426848,15.2537474603648,0.10041057937813,"f"
2090,-1.02393182771769,15.2538653765855,0.100425700123004,"f"
2091,-1.02448920752722,15.2539838910083,0.100440824786514,"f"
2092,-1.02504637291525,15.2541029994077,0.100455953563364,"f"
2093,-1.0256033231,15.2542226975583,0.100471086648259,"f"
2094,-1.02616005729965,15.2543429812348,0.100486224235903,"f"
2095,-1.02671657473242,15.2544638462116,0.100501366521,"f"
2096,-1.02727287461651,15.2545852882634,0.100516513698255,"f"
2097,-1.02782895617011,15.2547073031648,0.100531665962371,"f"
2098,-1.02838481861142,15.2548298866902,0.100546823508053,"f"
2099,-1.02894046115866,15.2549530346143,0.100561986530005,"f"
2100,-1.02949588303002,15.2550767427117,0.100577155222932,"f"
2101,-1.03005108354457,15.2552010083867,0.100592329677528,"f"
2102,-1.03060606273774,15.2553258406167,0.100607509245909,"f"
2103,-1.03116082095492,15.2554512533873,0.100622692960588,"f"
2104,-1.03171535854275,15.2555772607038,0.1006378798528,"f"
2105,-1.03226967584785,15.2557038765719,0.100653068953779,"f"
2106,-1.03282377321688,15.2558311149969,0.100668259294759,"f"
2107,-1.03337765099645,15.2559589899843,0.100683449906975,"f"
2108,-1.03393130953321,15.2560875155397,0.10069863982166,"f"
2109,-1.03448474917378,15.2562167056684,0.10071382807005,"f"
2110,-1.03503797026482,15.2563465743761,0.100729013683379,"f"
2111,-1.03559097315294,15.2564771356682,0.10074419569288,"f"
2112,-1.03614375818479,15.2566084035501,0.10075937312979,"f"
2113,-1.03669632570701,15.2567403920274,0.100774545025341,"f"
2114,-1.03724867606621,15.2568731151055,0.100789710410768,"f"
2115,-1.03780080960905,15.25700658679,0.100804868317306,"f"
2116,-1.03835272668216,15.2571408210862,0.100820017776189,"f"
2117,-1.03890442763216,15.2572758319998,0.100835157818652,"f"
2118,-1.03945591280571,15.2574116335361,0.100850287475928,"f"
2119,-1.04000718254942,15.2575482397006,0.100865405779252,"f"
2120,-1.04055823720994,15.257685664499,0.100880511759858,"f"
2121,-1.0411090771339,15.2578239219365,0.100895604448982,"f"
2122,-1.04165970266794,15.2579630260187,0.100910682877857,"f"
2123,-1.04221011415869,15.2581029907512,0.100925746077717,"f"
2124,-1.04276031195279,15.2582438301393,0.100940793079797,"f"
2125,-1.04331029639686,15.2583855581886,0.100955822915332,"f"
2126,-1.04386006783756,15.2585281889045,0.100970834615555,"f"
2127,-1.04440962662151,15.2586717362926,0.100985827211702,"f"
2128,-1.04495897309534,15.2588162143583,0.101000799735006,"f"
2129,-1.0455081076057,15.2589616371071,0.101015751216702,"f"
2130,-1.04605703049921,15.2591080185445,0.101030680688024,"f"
2131,-1.04660574211415,15.2592553724716,0.101045587202367,"f"
2132,-1.04715424241005,15.2594037034349,0.101060470816908,"f"
2133,-1.04770253082086,15.2595530031391,0.101075332981642,"f"
2134,-1.04825060674185,15.259703262343,0.101090175249159,"f"
2135,-1.04879846956827,15.2598544718056,0.10110499917205,"f"
2136,-1.0493461186954,15.2600066222857,0.101119806302904,"f"
2137,-1.04989355351847,15.260159704542,0.101134598194312,"f"
2138,-1.05044077343275,15.2603137093336,0.101149376398864,"f"
2139,-1.05098777783351,15.2604686274192,0.101164142469149,"f"
2140,-1.05153456611599,15.2606244495576,0.101178897957757,"f"
2141,-1.05208113767546,15.2607811665078,0.101193644417279,"f"
2142,-1.05262749190717,15.2609387690285,0.101208383400305,"f"
2143,-1.05317362820638,15.2610972478787,0.101223116459425,"f"
2144,-1.05371954596836,15.2612565938171,0.101237845147228,"f"
2145,-1.05426524458836,15.2614167976027,0.101252571016305,"f"
2146,-1.05481072346163,15.2615778499942,0.101267295619246,"f"
2147,-1.05535598198344,15.2617397417506,0.10128202050864,"f"
2148,-1.05590101954905,15.2619024636306,0.101296747237079,"f"
2149,-1.05644583555371,15.2620660063932,0.101311477357151,"f"
2150,-1.05699042939268,15.2622303607972,0.101326212421447,"f"
2151,-1.05753480046122,15.2623955176014,0.101340953982557,"f"
2152,-1.05807894815459,15.2625614675646,0.101355703593071,"f"
2153,-1.05862287186804,15.2627282014458,0.101370462805579,"f"
2154,-1.05916657099684,15.2628957100038,0.101385233172671,"f"
2155,-1.05971004493625,15.2630639839974,0.101400016246937,"f"
2156,-1.06025329308151,15.2632330141856,0.101414813580967,"f"
2157,-1.0607963148279,15.263402791327,0.101429626727351,"f"
2158,-1.06133910957066,15.2635733061806,0.10144445723868,"f"
2159,-1.06188167670506,15.2637445495053,0.101459306667542,"f"
2160,-1.06242401562636,15.2639165120599,0.101474176566529,"f"
2161,-1.06296612572981,15.2640891846031,0.10148906848823,"f"
2162,-1.06350800677831,15.264262559394,0.101503983636604,"f"
2163,-1.06404966030934,15.2644366359317,0.101518921532788,"f"
2164,-1.06459108839514,15.2646114158972,0.101533881190824,"f"
2165,-1.06513229310802,15.2647869009719,0.101548861624657,"f"
2166,-1.06567327652032,15.2649630928372,0.101563861848227,"f"
2167,-1.06621404070438,15.2651399931746,0.101578880875476,"f"
2168,-1.06675458773252,15.2653176036655,0.101593917720346,"f"
2169,-1.06729491967708,15.2654959259914,0.101608971396779,"f"
2170,-1.06783503861038,15.2656749618337,0.101624040918718,"f"
2171,-1.06837494660476,15.2658547128737,0.101639125300103,"f"
2172,-1.06891464573255,15.266035180793,0.101654223554878,"f"
2173,-1.06945413806608,15.2662163672729,0.101669334696983,"f"
2174,-1.06999342567768,15.266398273995,0.101684457740361,"f"
2175,-1.07053251063969,15.2665809026405,0.101699591698953,"f"
2176,-1.07107139502443,15.2667642548911,0.101714735586702,"f"
2177,-1.07161008090424,15.266948332428,0.10172988841755,"f"
2178,-1.07214857035145,15.2671331369327,0.101745049205437,"f"
2179,-1.07268686543838,15.2673186700867,0.101760216964307,"f"
2180,-1.07322496823738,15.2675049335713,0.101775390708102,"f"
2181,-1.07376288082077,15.2676919290681,0.101790569450762,"f"
2182,-1.07430060526089,15.2678796582584,0.101805752206231,"f"
2183,-1.07483814363006,15.2680681228237,0.101820937988449,"f"
2184,-1.07537549800062,15.2682573244453,0.101836125811359,"f"
2185,-1.0759126704449,15.2684472648048,0.101851314688903,"f"
2186,-1.07644966303523,15.2686379455836,0.101866503635023,"f"
2187,-1.07698647784394,15.268829368463,0.10188169166366,"f"
2188,-1.07752311694336,15.2690215351246,0.101896877788757,"f"
2189,-1.07805958240583,15.2692144472498,0.101912061024255,"f"
2190,-1.07859587630368,15.2694081065199,0.101927240384096,"f"
2191,-1.07913200070923,15.2696025146164,0.101942414882223,"f"
2192,-1.07966795749155,15.2697976732381,0.101957583558617,"f"
2193,-1.08020374384452,15.2699935844835,0.101972746052186,"f"
2194,-1.08073935228681,15.2701902508506,0.101987902600765,"f"
2195,-1.08127477513385,15.2703876748548,0.102003053468227,"f"
2196,-1.08181000470105,15.2705858590116,0.102018198918447,"f"
2197,-1.08234503330382,15.2707848058364,0.102033339215298,"f"
2198,-1.08287985325759,15.2709845178445,0.102048474622655,"f"
2199,-1.08341445687776,15.2711849975515,0.102063605404392,"f"
2200,-1.08394883647976,15.2713862474728,0.102078731824383,"f"
2201,-1.08448298437899,15.2715882701237,0.102093854146502,"f"
2202,-1.08501689289088,15.2717910680198,0.102108972634623,"f"
2203,-1.08555055433084,15.2719946436764,0.10212408755262,"f"
2204,-1.08608396101428,15.272198999609,0.102139199164368,"f"
2205,-1.08661710525663,15.272404138333,0.10215430773374,"f"
2206,-1.08714997937329,15.2726100623638,0.102169413524611,"f"
2207,-1.08768257567969,15.2728167742169,0.102184516800855,"f"
2208,-1.08821488649123,15.2730242764076,0.102199617826346,"f"
2209,-1.08874690412334,15.2732325714515,0.102214716864957,"f"
2210,-1.08927862089143,15.2734416618638,0.102229814180564,"f"
2211,-1.08981002911091,15.2736515501602,0.10224491003704,"f"
2212,-1.09034112109721,15.2738622388559,0.102260004698259,"f"
2213,-1.09087188916573,15.2740737304665,0.102275098428096,"f"
2214,-1.0914023256319,15.2742860275073,0.102290191490424,"f"
2215,-1.09193242281112,15.2744991324937,0.102305284149118,"f"
2216,-1.09246217301882,15.2747130479413,0.102320376668052,"f"
2217,-1.09299156857041,15.2749277763654,0.1023354693111,"f"
2218,-1.0935206017813,15.2751433202814,0.102350562342135,"f"
2219,-1.09404926496692,15.2753596822048,0.102365656025033,"f"
2220,-1.09457755044267,15.275576864651,0.102380750623667,"f"
2221,-1.09510545052398,15.2757948701355,0.102395846401911,"f"
2222,-1.09563295752687,15.2760137011739,0.102410943623627,"f"
2223,-1.09616006677815,15.276233361684,0.102426042486095,"f"
2224,-1.09668678359619,15.2764538602365,0.102441142965652,"f"
2225,-1.09721311536932,15.2766752063658,0.102456244992858,"f"
2226,-1.09773906948587,15.2768974096065,0.102471348498276,"f"
2227,-1.09826465333415,15.2771204794931,0.102486453412467,"f"
2228,-1.09878987430248,15.2773444255603,0.102501559665993,"f"
2229,-1.0993147397792,15.2775692573425,0.102516667189415,"f"
2230,-1.09983925715263,15.2777949843743,0.102531775913295,"f"
2231,-1.10036343381109,15.2780216161902,0.102546885768194,"f"
2232,-1.1008872771429,15.2782491623248,0.102561996684675,"f"
2233,-1.10141079453639,15.2784776323126,0.102577108593298,"f"
2234,-1.10193399337988,15.2787070356881,0.102592221424627,"f"
2235,-1.10245688106169,15.278937381986,0.102607335109221,"f"
2236,-1.10297946497015,15.2791686807407,0.102622449577643,"f"
2237,-1.10350175249358,15.2794009414867,0.102637564760454,"f"
2238,-1.10402375102031,15.2796341737587,0.102652680588216,"f"
2239,-1.10454546793866,15.2798683870912,0.102667796991491,"f"
2240,-1.10506691063695,15.2801035910187,0.102682913900841,"f"
2241,-1.1055880865035,15.2803397950757,0.102698031246826,"f"
2242,-1.10610900292664,15.2805770087968,0.102713148960008,"f"
2243,-1.1066296672947,15.2808152417166,0.10272826697095,"f"
2244,-1.107150086996,15.2810545033696,0.102743385210213,"f"
2245,-1.10767026941885,15.2812948032902,0.102758503608358,"f"
2246,-1.10819022195159,15.2815361510132,0.102773622095947,"f"
2247,-1.10870995198253,15.281778556073,0.102788740603542,"f"
2248,-1.10922946690001,15.2820220280041,0.102803859061704,"f"
2249,-1.10974877409234,15.2822665763411,0.102818977400995,"f"
2250,-1.11026788094785,15.2825122106186,0.102834095551976,"f"
2251,-1.11078679485486,15.282758940371,0.10284921344521,"f"
2252,-1.1113055232017,15.283006775133,0.102864331011257,"f"
2253,-1.11182407305201,15.2832557232627,0.102879448184071,"f"
2254,-1.11234244706156,15.2835057771478,0.102894564943627,"f"
2255,-1.11286064470946,15.2837569176666,0.102909681303073,"f"
2256,-1.11337866540468,15.2840091254432,0.102924797276288,"f"
2257,-1.1138965085562,15.2842623811016,0.102939912877153,"f"
2258,-1.11441417357299,15.2845166652658,0.102955028119545,"f"
2259,-1.11493165986401,15.2847719585601,0.102970143017345,"f"
2260,-1.11544896683824,15.2850282416085,0.102985257584432,"f"
2261,-1.11596609390465,15.285285495035,0.103000371834685,"f"
2262,-1.11648304047221,15.2855436994638,0.103015485781984,"f"
2263,-1.1169998059499,15.2858028355188,0.103030599440207,"f"
2264,-1.11751638974669,15.2860628838243,0.103045712823235,"f"
2265,-1.11803279127155,15.2863238250043,0.103060825944947,"f"
2266,-1.11854900993344,15.2865856396828,0.103075938819222,"f"
2267,-1.11906504514135,15.286848308484,0.103091051459939,"f"
2268,-1.11958089630425,15.287111812032,0.103106163880978,"f"
2269,-1.1200965628311,15.2873761309508,0.103121276096218,"f"
2270,-1.12061204413088,15.2876412458644,0.103136388119539,"f"
2271,-1.12112733961256,15.2879071373971,0.103151499964819,"f"
2272,-1.12164244868511,15.2881737861728,0.103166611645939,"f"
2273,-1.12215737075751,15.2884411728157,0.103181723176778,"f"
2274,-1.12267210523873,15.2887092779498,0.103196834571214,"f"
2275,-1.12318665153773,15.2889780821993,0.103211945843128,"f"
2276,-1.12370100906349,15.2892475661881,0.103227057006399,"f"
2277,-1.12421517722499,15.2895177105405,0.103242168074906,"f"
2278,-1.12472915543118,15.2897884958804,0.103257279062528,"f"
2279,-1.12524294309106,15.2900599028319,0.103272389983145,"f"
2280,-1.12575653961358,15.2903319120192,0.103287500850636,"f"
2281,-1.12626994440772,15.2906045040663,0.103302611678881,"f"
2282,-1.12678315688246,15.2908776595973,0.103317722481759,"f"
2283,-1.12729617644189,15.2911513592856,0.103332833273149,"f"
2284,-1.12780900127232,15.2914255961079,0.103347944066943,"f"
2285,-1.12832162674585,15.2917003914742,0.103363054877057,"f"
2286,-1.12883404783828,15.2919757707981,0.103378165717412,"f"
2287,-1.12934625952538,15.2922517594934,0.103393276601929,"f"
2288,-1.12985825678296,15.2925283829739,0.103408387544529,"f"
2289,-1.13037003458679,15.2928056666534,0.103423498559134,"f"
2290,-1.13088158791267,15.2930836359455,0.103438609659663,"f"
2291,-1.13139291173638,15.2933623162641,0.103453720860038,"f"
2292,-1.13190400103371,15.2936417330229,0.10346883217418,"f"
2293,-1.13241485078046,15.2939219116357,0.103483943616009,"f"
2294,-1.13292545595241,15.2942028775163,0.103499055199446,"f"
2295,-1.13343581152535,15.2944846560783,0.103514166938414,"f"
2296,-1.13394591247506,15.2947672727356,0.103529278846831,"f"
2297,-1.13445575377734,15.2950507529019,0.10354439093862,"f"
2298,-1.13496533040798,15.295335121991,0.1035595032277,"f"
2299,-1.13547463734277,15.2956204054167,0.103574615727994,"f"
2300,-1.13598366955748,15.2959066285926,0.103589728453421,"f"
2301,-1.13649242202792,15.2961938169326,0.103604841417904,"f"
2302,-1.13700088972987,15.2964819958504,0.103619954635362,"f"
2303,-1.13750906763912,15.2967711907599,0.103635068119716,"f"
2304,-1.13801695073145,15.2970614270746,0.103650181884888,"f"
2305,-1.13852453398266,15.2973527302085,0.103665295944799,"f"
2306,-1.13903181236854,15.2976451255752,0.103680410313368,"f"
2307,-1.13953878086487,15.2979386385886,0.103695525004518,"f"
2308,-1.14004543444744,15.2982332946624,0.103710640032169,"f"
2309,-1.14055176809205,15.2985291192103,0.103725755410242,"f"
2310,-1.14105777677448,15.2988261376461,0.103740871152658,"f"
2311,-1.14156345547051,15.2991243753836,0.103755987273338,"f"
2312,-1.14206879915594,15.2994238578365,0.103771103786202,"f"
2313,-1.14257380280656,15.2997246104186,0.103786220705172,"f"
2314,-1.14307846170995,15.3000266554598,0.103801338038299,"f"
2315,-1.14358277386745,15.3003299884486,0.103816455742542,"f"
2316,-1.1440867386777,15.3006345910531,0.103831573748557,"f"
2317,-1.14459035555091,15.3009404448273,0.103846691986781,"f"
2318,-1.14509362389725,15.3012475313251,0.10386181038765,"f"
2319,-1.14559654312693,15.3015558321004,0.103876928881602,"f"
2320,-1.14609911265013,15.3018653287072,0.103892047399073,"f"
2321,-1.14660133187703,15.3021760026993,0.103907165870502,"f"
2322,-1.14710320021785,15.3024878356307,0.103922284226323,"f"
2323,-1.14760471708276,15.3028008090553,0.103937402396976,"f"
2324,-1.14810588188195,15.303114904527,0.103952520312896,"f"
2325,-1.14860669402562,15.3034301035997,0.103967637904521,"f"
2326,-1.14910715292397,15.3037463878274,0.103982755102288,"f"
2327,-1.14960725798717,15.304063738764,0.103997871836634,"f"
2328,-1.15010700862542,15.3043821379633,0.104012988037996,"f"
2329,-1.15060640424892,15.3047015669794,0.104028103636811,"f"
2330,-1.15110544426784,15.3050220073662,0.104043218563515,"f"
2331,-1.1516041280924,15.3053434406775,0.104058332748547,"f"
2332,-1.15210245513277,15.3056658484672,0.104073446122342,"f"
2333,-1.15260042479915,15.3059892122894,0.104088558615339,"f"
2334,-1.15309803650172,15.3063135136979,0.104103670157973,"f"
2335,-1.15359528965069,15.3066387342466,0.104118780680683,"f"
2336,-1.15409218365624,15.3069648554895,0.104133890113905,"f"
2337,-1.15458871792855,15.3072918589805,0.104148998388076,"f"
2338,-1.15508489187784,15.3076197262735,0.104164105433633,"f"
2339,-1.15558070491427,15.3079484389224,0.104179211181014,"f"
2340,-1.15607615644806,15.3082779784811,0.104194315560654,"f"
2341,-1.15657124588938,15.3086083265036,0.104209418502992,"f"
2342,-1.15706597264843,15.3089394645438,0.104224519938464,"f"
2343,-1.15756033613539,15.3092713741556,0.104239619797508,"f"
2344,-1.15805433580103,15.3096040370164,0.104254718012258,"f"
2345,-1.15854797393842,15.3099374434521,0.104269814633879,"f"
2346,-1.15904125749921,15.3102715979642,0.104284909908618,"f"
2347,-1.15953419386683,15.3106065063678,0.104300004100806,"f"
2348,-1.16002679042474,15.310942174478,0.104315097474774,"f"
2349,-1.16051905455638,15.3112786081101,0.104330190294854,"f"
2350,-1.16101099364519,15.3116158130792,0.104345282825375,"f"
2351,-1.16150261507463,15.3119537952006,0.10436037533067,"f"
2352,-1.16199392622813,15.3122925602895,0.104375468075069,"f"
2353,-1.16248493448916,15.312632114161,0.104390561322903,"f"
2354,-1.16297564724114,15.3129724626303,0.104405655338503,"f"
2355,-1.16346607186753,15.3133136115126,0.1044207503862,"f"
2356,-1.16395621575178,15.3136555666232,0.104435846730325,"f"
2357,-1.16444608627733,15.3139983337772,0.104450944635209,"f"
2358,-1.16493569082763,15.3143419187898,0.104466044365183,"f"
2359,-1.16542503678612,15.3146863274763,0.104481146184578,"f"
2360,-1.16591413153625,15.3150315656517,0.104496250357725,"f"
2361,-1.16640298246147,15.3153776391313,0.104511357148955,"f"
2362,-1.16689159694522,15.3157245537302,0.104526466822599,"f"
2363,-1.16737998237096,15.3160723152638,0.104541579642987,"f"
2364,-1.16786814612212,15.3164209295471,0.104556695874452,"f"
2365,-1.16835609558215,15.3167704023954,0.104571815781323,"f"
2366,-1.1688438381345,15.3171207396239,0.104586939627932,"f"
2367,-1.16933138116262,15.3174719470477,0.10460206767861,"f"
2368,-1.16981873204995,15.3178240304821,0.104617200197688,"f"
2369,-1.17030589817994,15.3181769957422,0.104632337449496,"f"
2370,-1.17079288693604,15.3185308486432,0.104647479698366,"f"
2371,-1.17127970570169,15.3188855950004,0.104662627208629,"f"
2372,-1.17176636186033,15.3192412406288,0.104677780244615,"f"
2373,-1.17225286279542,15.3195977913438,0.104692939070656,"f"
2374,-1.1727392158904,15.3199552529605,0.104708103951083,"f"
2375,-1.17322542684837,15.320313632483,0.104723275010425,"f"
2376,-1.17371149155969,15.3206729438578,0.104738451556828,"f"
2377,-1.17419740236297,15.3210332035446,0.104753632602936,"f"
2378,-1.17468315159193,15.3213944280062,0.10476881716099,"f"
2379,-1.17516873158027,15.3217566337057,0.104784004243228,"f"
2380,-1.17565413466168,15.3221198371061,0.104799192861889,"f"
2381,-1.17613935316988,15.3224840546703,0.104814382029213,"f"
2382,-1.17662437943857,15.3228493028613,0.104829570757438,"f"
2383,-1.17710920580145,15.3232155981422,0.104844758058804,"f"
2384,-1.17759382459224,15.3235829569759,0.10485994294555,"f"
2385,-1.17807822814463,15.3239513958254,0.104875124429914,"f"
2386,-1.17856240879233,15.3243209311537,0.104890301524136,"f"
2387,-1.17904635886905,15.3246915794238,0.104905473240454,"f"
2388,-1.17953007070848,15.3250633570986,0.104920638591109,"f"
2389,-1.18001353664435,15.3254362806412,0.104935796588338,"f"
2390,-1.18049674901034,15.3258103665145,0.104950946244381,"f"
2391,-1.18097970014017,15.3261856311815,0.104966086571478,"f"
2392,-1.18146238236754,15.3265620911052,0.104981216581866,"f"
2393,-1.18194478802616,15.3269397627487,0.104996335287785,"f"
2394,-1.18242690944973,15.3273186625748,0.105011441701475,"f"
2395,-1.18290873897195,15.3276988070466,0.105026534835174,"f"
2396,-1.18339026892654,15.3280802126271,0.105041613701121,"f"
2397,-1.18387149164719,15.3284628957792,0.105056677311556,"f"
2398,-1.18435239946761,15.3288468729659,0.105071724678717,"f"
2399,-1.18483298472151,15.3292321606503,0.105086754814843,"f"
2400,-1.18531323974259,15.3296187752953,0.105101766732174,"f"
2401,-1.18579315686455,15.3300067333639,0.105116759442948,"f"
2402,-1.18627272842111,15.330396051319,0.105131731959405,"f"
2403,-1.18675194674596,15.3307867456237,0.105146683293784,"f"
2404,-1.18723080417282,15.331178832741,0.105161612458324,"f"
2405,-1.18770929317034,15.3315723284978,0.105176518500807,"f"
2406,-1.18818741045491,15.3319672287023,0.105191401587655,"f"
2407,-1.18866515774371,15.3323635055945,0.105206263202271,"f"
2408,-1.18914253704081,15.3327611300628,0.105221104903598,"f"
2409,-1.18961955035025,15.3331600729953,0.105235928250582,"f"
2410,-1.19009619967608,15.3335603052802,0.105250734802167,"f"
2411,-1.19057248702236,15.3339617978059,0.105265526117297,"f"
2412,-1.19104841439313,15.3343645214604,0.105280303754917,"f"
2413,-1.19152398379245,15.3347684471321,0.105295069273972,"f"
2414,-1.19199919722437,15.3351735457091,0.105309824233406,"f"
2415,-1.19247405669294,15.3355797880796,0.105324570192164,"f"
2416,-1.19294856420221,15.335987145132,0.10533930870919,"f"
2417,-1.19342272175623,15.3363955877544,0.10535404134343,"f"
2418,-1.19389653135906,15.3368050868349,0.105368769653827,"f"
2419,-1.19436999501474,15.337215613262,0.105383495199326,"f"
2420,-1.19484311472734,15.3376271379237,0.105398219538872,"f"
2421,-1.19531589250088,15.3380396317083,0.105412944231409,"f"
2422,-1.19578833033944,15.338453065504,0.105427670835883,"f"
2423,-1.19626043024707,15.338867410199,0.105442400911237,"f"
2424,-1.1967321942278,15.3392826366816,0.105457136016416,"f"
2425,-1.1972036242857,15.33969871584,0.105471877710365,"f"
2426,-1.19767472242481,15.3401156185624,0.105486627552028,"f"
2427,-1.19814549064919,15.340533315737,0.10550138710035,"f"
2428,-1.19861593096289,15.340951778252,0.105516157914276,"f"
2429,-1.19908604536996,15.3413709769957,0.10553094155275,"f"
2430,-1.19955583587444,15.3417908828562,0.105545739574716,"f"
2431,-1.2000253044804,15.3422114667219,0.10556055353912,"f"
2432,-1.20049445319189,15.3426326994809,0.105575385004906,"f"
2433,-1.20096328401295,15.3430545520214,0.105590235531018,"f"
2434,-1.20143179894764,15.3434769952317,0.105605106676401,"f"
2435,-1.2019,15.3439,0.10562,"f"
2436,-1.20236788878177,15.3443235480916,0.105634916635522,"f"
2437,-1.20283546533535,15.3447476647806,0.105649856015722,"f"
2438,-1.20330272931084,15.3451723862179,0.105664817148121,"f"
2439,-1.20376968035834,15.3455977485546,0.105679799040238,"f"
2440,-1.20423631812791,15.3460237879419,0.10569480069959,"f"
2441,-1.20470264226967,15.3464505405308,0.105709821133698,"f"
2442,-1.20516865243369,15.3468780424724,0.105724859350079,"f"
2443,-1.20563434827006,15.3473063299178,0.105739914356254,"f"
2444,-1.20609972942888,15.3477354390181,0.105754985159742,"f"
2445,-1.20656479556024,15.3481654059243,0.10577007076806,"f"
2446,-1.20702954631422,15.3485962667875,0.105785170188728,"f"
2447,-1.20749398134091,15.3490280577588,0.105800282429266,"f"
2448,-1.2079581002904,15.3494608149894,0.105815406497191,"f"
2449,-1.20842190281279,15.3498945746302,0.105830541400024,"f"
2450,-1.20888538855816,15.3503293728323,0.105845686145283,"f"
2451,-1.2093485571766,15.3507652457469,0.105860839740486,"f"
2452,-1.20981140831819,15.351202229525,0.105876001193154,"f"
2453,-1.21027394163304,15.3516403603178,0.105891169510805,"f"
2454,-1.21073615677123,15.3520796742762,0.105906343700958,"f"
2455,-1.21119805338285,15.3525202075513,0.105921522771132,"f"
2456,-1.21165963111798,15.3529619962944,0.105936705728846,"f"
2457,-1.21212088962672,15.3534050766563,0.105951891581619,"f"
2458,-1.21258182855916,15.3538494847883,0.105967079336969,"f"
2459,-1.21304244756539,15.3542952568413,0.105982268002417,"f"
2460,-1.21350274629549,15.3547424289666,0.105997456585481,"f"
2461,-1.21396272439956,15.3551910373151,0.10601264409368,"f"
2462,-1.21442238152768,15.3556411180379,0.106027829534532,"f"
2463,-1.21488171732995,15.3560927072862,0.106043011915558,"f"
2464,-1.21534073145645,15.356545841211,0.106058190244275,"f"
2465,-1.21579942355727,15.3570005559633,0.106073363528203,"f"
2466,-1.21625779327496,15.3574568857208,0.106088530812702,"f"
2467,-1.21671584012044,15.3579148302546,0.106103691802832,"f"
2468,-1.21717356349286,15.3583743601117,0.106118846763998,"f"
2469,-1.2176309627878,15.3588354449101,0.106133995979412,"f"
2470,-1.21808803740087,15.359298054268,0.106149139732287,"f"
2471,-1.21854478672764,15.3597621578036,0.106164278305831,"f"
2472,-1.21900121016372,15.3602277251351,0.106179411983258,"f"
2473,-1.21945730710469,15.3606947258807,0.106194541047779,"f"
2474,-1.21991307694614,15.3611631296586,0.106209665782603,"f"
2475,-1.22036851908366,15.3616329060868,0.106224786470944,"f"
2476,-1.22082363291285,15.3621040247837,0.106239903396012,"f"
2477,-1.22127841782929,15.3625764553673,0.106255016841018,"f"
2478,-1.22173287322858,15.3630501674559,0.106270127089173,"f"
2479,-1.22218699850631,15.3635251306676,0.106285234423689,"f"
2480,-1.22264079305806,15.3640013146207,0.106300339127778,"f"
2481,-1.22309425627943,15.3644786889332,0.10631544148465,"f"
2482,-1.22354738756601,15.3649572232234,0.106330541777516,"f"
2483,-1.22400018631339,15.3654368871095,0.106345640289589,"f"
2484,-1.22445265191716,15.3659176502096,0.106360737304078,"f"
2485,-1.22490478377292,15.366399482142,0.106375833104196,"f"
2486,-1.22535658127624,15.3668823525247,0.106390927973153,"f"
2487,-1.22580804382273,15.3673662309759,0.106406022194162,"f"
2488,-1.22625917080798,15.367851087114,0.106421116050432,"f"
2489,-1.22670996162756,15.3683368905569,0.106436209825176,"f"
2490,-1.22716041567709,15.368823610923,0.106451303801605,"f"
2491,-1.22761053235214,15.3693112178303,0.106466398262929,"f"
2492,-1.22806031104831,15.3697996808971,0.106481493492361,"f"
2493,-1.22850975116118,15.3702889697416,0.106496589773111,"f"
2494,-1.22895885208636,15.3707790539819,0.106511687388391,"f"
2495,-1.22940761321943,15.3712699032361,0.106526786621412,"f"
2496,-1.22985603395707,15.3717614871395,0.106541887755247,"f"
2497,-1.23030411449178,15.3722537875814,0.106556990973005,"f"
2498,-1.23075185721459,15.3727468203075,0.106572096181616,"f"
2499,-1.23119926489307,15.3732406068608,0.106587203240715,"f"
2500,-1.23164634029475,15.3737351687847,0.106602312009938,"f"
2501,-1.23209308618719,15.3742305276221,0.106617422348922,"f"
2502,-1.23253950533794,15.3747267049163,0.106632534117303,"f"
2503,-1.23298560051453,15.3752237222104,0.106647647174716,"f"
2504,-1.23343137448452,15.3757216010476,0.106662761380797,"f"
2505,-1.23387683001545,15.376220362971,0.106677876595183,"f"
2506,-1.23432196987487,15.3767200295238,0.10669299267751,"f"
2507,-1.23476679683033,15.3772206222491,0.106708109487412,"f"
2508,-1.23521131364938,15.3777221626902,0.106723226884527,"f"
2509,-1.23565552309956,15.3782246723901,0.106738344728491,"f"
2510,-1.23609942794842,15.378728172892,0.106753462878939,"f"
2511,-1.23654303096351,15.3792326857391,0.106768581195507,"f"
2512,-1.23698633491237,15.3797382324746,0.106783699537831,"f"
2513,-1.23742934256255,15.3802448346415,0.106798817765548,"f"
2514,-1.2378720566816,15.380752513783,0.106813935738293,"f"
2515,-1.23831448003707,15.3812612914424,0.106829053315703,"f"
2516,-1.2387566153965,15.3817711891627,0.106844170357412,"f"
2517,-1.23919846552744,15.3822822284872,0.106859286723058,"f"
2518,-1.23964003319743,15.3827944309589,0.106874402272276,"f"
2519,-1.24008132117403,15.383307818121,0.106889516864703,"f"
2520,-1.24052233222479,15.3838224115167,0.106904630359973,"f"
2521,-1.24096306911724,15.3843382326892,0.106919742617724,"f"
2522,-1.24140353461894,15.3848553031815,0.10693485349759,"f"
2523,-1.24184373149743,15.3853736445369,0.106949962859209,"f"
2524,-1.24228366252026,15.3858932782985,0.106965070562217,"f"
2525,-1.24272333045498,15.3864142260095,0.106980176466248,"f"
2526,-1.24316273806913,15.386936509213,0.106995280430939,"f"
2527,-1.24360188741357,15.3874601475687,0.107010382338598,"f"
2528,-1.24404077280732,15.387985140416,0.107025482316111,"f"
2529,-1.24447938385191,15.3885114746964,0.107040580639595,"f"
2530,-1.24491771008155,15.3890391371744,0.107055677587294,"f"
2531,-1.24535574103047,15.3895681146147,0.107070773437453,"f"
2532,-1.24579346623289,15.3900983937818,0.107085868468317,"f"
2533,-1.24623087522303,15.3906299614402,0.107100962958131,"f"
2534,-1.24666795753511,15.3911628043546,0.107116057185139,"f"
2535,-1.24710470270334,15.3916969092894,0.107131151427586,"f"
2536,-1.24754110026196,15.3922322630092,0.107146245963718,"f"
2537,-1.24797713974518,15.3927688522785,0.107161341071778,"f"
2538,-1.24841281068722,15.3933066638621,0.107176437030012,"f"
2539,-1.2488481026223,15.3938456845243,0.107191534116665,"f"
2540,-1.24928300508465,15.3943859010297,0.107206632609981,"f"
2541,-1.24971750760847,15.394927300143,0.107221732788205,"f"
2542,-1.250151599728,15.3954698686286,0.107236834929582,"f"
2543,-1.25058527097745,15.3960135932512,0.107251939312357,"f"
2544,-1.25101851089105,15.3965584607752,0.107267046214774,"f"
2545,-1.25145130900301,15.3971044579653,0.107282155915078,"f"
2546,-1.25188365484755,15.397651571586,0.107297268691515,"f"
2547,-1.2523155379589,15.3981997884019,0.107312384822329,"f"
2548,-1.25274694787127,15.3987490951775,0.107327504585764,"f"
2549,-1.25317787411889,15.3992994786773,0.107342628260066,"f"
2550,-1.25360830623598,15.399850925666,0.10735775612348,"f"
2551,-1.25403823375675,15.4004034229081,0.107372888454249,"f"
2552,-1.25446764621542,15.4009569571681,0.10738802553062,"f"
2553,-1.25489653314623,15.4015115152106,0.107403167630836,"f"
2554,-1.25532488408338,15.4020670838002,0.107418315033143,"f"
2555,-1.2557526885611,15.4026236497015,0.107433468015786,"f"
2556,-1.25617993611361,15.4031811996789,0.107448626857008,"f"
2557,-1.25660661634878,15.4037397205579,0.107463791831798,"f"
2558,-1.2570327277868,15.4042992065235,0.107478962820992,"f"
2559,-1.25745828625685,15.4048596660544,0.107494138939926,"f"
2560,-1.25788330957682,15.4054211092716,0.107509319215984,"f"
2561,-1.25830781556461,15.405983546296,0.107524502676551,"f"
2562,-1.2587318220381,15.4065469872485,0.107539688349012,"f"
2563,-1.25915534681518,15.40711144225,0.107554875260752,"f"
2564,-1.25957840771375,15.4076769214215,0.107570062439155,"f"
2565,-1.26000102255168,15.4082434348838,0.107585248911607,"f"
2566,-1.26042320914688,15.408810992758,0.107600433705492,"f"
2567,-1.26084498531722,15.4093796051649,0.107615615848195,"f"
2568,-1.2612663688806,15.4099492822255,0.107630794367101,"f"
2569,-1.26168737765491,15.4105200340607,0.107645968289594,"f"
2570,-1.26210802945804,15.4110918707914,0.107661136643059,"f"
2571,-1.26252834210787,15.4116648025386,0.107676298454882,"f"
2572,-1.26294833342229,15.4122388394232,0.107691452752446,"f"
2573,-1.2633680212192,15.412813991566,0.107706598563137,"f"
2574,-1.26378742331648,15.4133902690882,0.10772173491434,"f"
2575,-1.26420655753203,15.4139676821105,0.107736860833438,"f"
2576,-1.26462544168372,15.4145462407538,0.107751975347818,"f"
2577,-1.26504409358946,15.4151259551392,0.107767077484864,"f"
2578,-1.26546253106712,15.4157068353876,0.10778216627196,"f"
2579,-1.26588077193461,15.4162888916198,0.107797240736492,"f"
2580,-1.2662988340098,15.4168721339569,0.107812299905843,"f"
2581,-1.26671673511059,15.4174565725197,0.1078273428074,"f"
2582,-1.26713449305486,15.4180422174291,0.107842368468547,"f"
2583,-1.26755212566051,15.4186290788061,0.107857375916668,"f"
2584,-1.26796965074543,15.4192171667717,0.107872364179148,"f"
2585,-1.2683870861275,15.4198064914467,0.107887332283373,"f"
2586,-1.26880444962461,15.4203970629521,0.107902279256726,"f"
2587,-1.26922175905465,15.4209888914088,0.107917204126593,"f"
2588,-1.26963902901115,15.4215819854991,0.107932106140011,"f"
2589,-1.27005625119124,15.4221763436907,0.107946986103775,"f"
2590,-1.27047340738413,15.4227719600304,0.107961845499634,"f"
2591,-1.2708904793394,15.4233688285477,0.107976685812036,"f"
2592,-1.27130744880666,15.4239669432721,0.107991508525428,"f"
2593,-1.27172429753548,15.424566298233,0.108006315124258,"f"
2594,-1.27214100727544,15.4251668874597,0.108021107092975,"f"
2595,-1.27255755977615,15.4257687049817,0.108035885916026,"f"
2596,-1.27297393678717,15.4263717448284,0.108050653077858,"f"
2597,-1.27339012005811,15.4269760010291,0.10806541006292,"f"
2598,-1.27380609133855,15.4275814676134,0.10808015835566,"f"
2599,-1.27422183237807,15.4281881386106,0.108094899440525,"f"
2600,-1.27463732492626,15.4287960080501,0.108109634801963,"f"
2601,-1.27505255073272,15.4294050699614,0.108124365924423,"f"
2602,-1.27546749154702,15.4300153183739,0.108139094292351,"f"
2603,-1.27588212911875,15.4306267473169,0.108153821390196,"f"
2604,-1.2762964451975,15.4312393508199,0.108168548702405,"f"
2605,-1.27671042153286,15.4318531229123,0.108183277713427,"f"
2606,-1.27712403987441,15.4324680576235,0.108198009907708,"f"
2607,-1.27753728197175,15.4330841489829,0.108212746769698,"f"
2608,-1.27795012957445,15.43370139102,0.108227489783844,"f"
2609,-1.27836256443211,15.4343197777641,0.108242240434593,"f"
2610,-1.27877456829431,15.4349393032446,0.108257000206394,"f"
2611,-1.27918612291063,15.435559961491,0.108271770583695,"f"
2612,-1.27959721003068,15.4361817465327,0.108286553050942,"f"
2613,-1.28000781140403,15.4368046523991,0.108301349092585,"f"
2614,-1.28041790878027,15.4374286731196,0.10831616019307,"f"
2615,-1.28082748390898,15.4380538027236,0.108330987836846,"f"
2616,-1.28123651853976,15.4386800352406,0.10834583350836,"f"
2617,-1.28164499442219,15.4393073646999,0.108360698692061,"f"
2618,-1.28205289357726,15.4399357851173,0.108375584853112,"f"
2619,-1.28246021031916,15.4405652898934,0.108390492583185,"f"
2620,-1.28286695601985,15.4411958715748,0.108405421261917,"f"
2621,-1.28327314330771,15.4418275226452,0.108420370179669,"f"
2622,-1.28367878481115,15.4424602355883,0.108435338626801,"f"
2623,-1.28408389315856,15.443094002888,0.108450325893673,"f"
2624,-1.28448848097834,15.4437288170279,0.108465331270646,"f"
2625,-1.2848925608989,15.4443646704918,0.10848035404808,"f"
2626,-1.28529614554863,15.4450015557634,0.108495393516335,"f"
2627,-1.28569924755593,15.4456394653266,0.108510448965771,"f"
2628,-1.28610187954919,15.4462783916649,0.108525519686749,"f"
2629,-1.28650405415682,15.4469183272621,0.108540604969629,"f"
2630,-1.28690578400722,15.4475592646021,0.108555704104772,"f"
2631,-1.28730708172878,15.4482011961685,0.108570816382537,"f"
2632,-1.28770795994991,15.4488441144451,0.108585941093285,"f"
2633,-1.288108431299,15.4494880119156,0.108601077527376,"f"
2634,-1.28850850840444,15.4501328810638,0.10861622497517,"f"
2635,-1.28890820389465,15.4507787143734,0.108631382727029,"f"
2636,-1.28930753039802,15.4514255043281,0.108646550073311,"f"
2637,-1.28970650054294,15.4520732434117,0.108661726304377,"f"
2638,-1.29010512695781,15.452721924108,0.108676910710589,"f"
2639,-1.29050342227104,15.4533715389006,0.108692102582305,"f"
2640,-1.29090139911103,15.4540220802734,0.108707301209886,"f"
2641,-1.29129907010616,15.45467354071,0.108722505883692,"f"
2642,-1.29169644788485,15.4553259126942,0.108737715894085,"f"
2643,-1.29209354507548,15.4559791887097,0.108752930531423,"f"
2644,-1.29249037430647,15.4566333612403,0.108768149086067,"f"
2645,-1.29288694820619,15.4572884227698,0.108783370848379,"f"
2646,-1.29328327940307,15.4579443657818,0.108798595108717,"f"
2647,-1.29367938052549,15.4586011827601,0.108813821157442,"f"
2648,-1.29407526420185,15.4592588661885,0.108829048284914,"f"
2649,-1.29447093981767,15.4599174116095,0.108844275772703,"f"
2650,-1.29486640110525,15.4605768293311,0.108859502859941,"f"
2651,-1.29526163708003,15.4612371341101,0.108874728772973,"f"
2652,-1.29565663675653,15.4618983407047,0.108889952738142,"f"
2653,-1.29605138914924,15.4625604638726,0.108905173981792,"f"
2654,-1.29644588327265,15.463223518372,0.108920391730265,"f"
2655,-1.29684010814128,15.4638875189606,0.108935605209903,"f"
2656,-1.29723405276962,15.4645524803964,0.10895081364705,"f"
2657,-1.29762770617217,15.4652184174374,0.108966016268048,"f"
2658,-1.29802105736343,15.4658853448414,0.108981212299241,"f"
2659,-1.2984140953579,15.4665532773666,0.10899640096697,"f"
2660,-1.29880680917009,15.4672222297707,0.10901158149758,"f"
2661,-1.29919918781448,15.4678922168117,0.109026753117412,"f"
2662,-1.29959122030559,15.4685632532476,0.10904191505281,"f"
2663,-1.29998289565791,15.4692353538363,0.109057066530116,"f"
2664,-1.30037420288594,15.4699085333357,0.109072206775673,"f"
2665,-1.30076513100418,15.4705828065038,0.109087335015825,"f"
2666,-1.30115566902714,15.4712581880985,0.109102450476913,"f"
2667,-1.30154580596931,15.4719346928778,0.109117552385281,"f"
2668,-1.30193553084519,15.4726123355996,0.109132639967272,"f"
2669,-1.30232483266928,15.4732911310218,0.109147712449227,"f"
2670,-1.30271370045608,15.4739710939023,0.109162769057492,"f"
2671,-1.3031021232201,15.4746522389992,0.109177809018407,"f"
2672,-1.30349008997583,15.4753345810703,0.109192831558316,"f"
2673,-1.30387758973778,15.4760181348736,0.109207835903561,"f"
2674,-1.30426461152043,15.476702915167,0.109222821280486,"f"
2675,-1.3046511443383,15.4773889367085,0.109237786915434,"f"
2676,-1.30503717720589,15.478076214256,0.109252732034746,"f"
2677,-1.30542269913768,15.4787647625675,0.109267655864767,"f"
2678,-1.3058076991482,15.4794545964008,0.109282557631838,"f"
2679,-1.30619216668987,15.4801457300198,0.109297436613348,"f"
2680,-1.30657610128791,15.4808381663234,0.109312293260718,"f"
2681,-1.30695951254029,15.4815318968456,0.109327129199404,"f"
2682,-1.30734241048293,15.4822269126262,0.109341946105904,"f"
2683,-1.30772480515176,15.4829232047052,0.109356745656721,"f"
2684,-1.30810670658268,15.4836207641224,0.109371529528354,"f"
2685,-1.30848812481161,15.4843195819176,0.109386299397303,"f"
2686,-1.30886906987449,15.4850196491308,0.109401056940068,"f"
2687,-1.30924955180722,15.4857209568017,0.109415803833149,"f"
2688,-1.30962958064572,15.4864234959703,0.109430541753048,"f"
2689,-1.31000916642591,15.4871272576764,0.109445272376263,"f"
2690,-1.31038831918371,15.4878322329599,0.109459997379296,"f"
2691,-1.31076704895505,15.4885384128607,0.109474718438646,"f"
2692,-1.31114536577583,15.4892457884186,0.109489437230813,"f"
2693,-1.31152327968197,15.4899543506734,0.109504155432298,"f"
2694,-1.31190080070941,15.4906640906652,0.109518874719601,"f"
2695,-1.31227793889404,15.4913749994336,0.109533596769223,"f"
2696,-1.3126547042718,15.4920870680187,0.109548323257662,"f"
2697,-1.31303110687861,15.4928002874602,0.10956305586142,"f"
2698,-1.31340715675037,15.4935146487981,0.109577796256997,"f"
2699,-1.31378286392301,15.4942301430721,0.109592546120893,"f"
2700,-1.31415823843245,15.4949467613222,0.109607307129608,"f"
2701,-1.3145332903146,15.4956644945882,0.109622080959643,"f"
2702,-1.3149080296054,15.49638333391,0.109636869287496,"f"
2703,-1.31528246634074,15.4971032703275,0.10965167378967,"f"
2704,-1.31565661055656,15.4978242948805,0.109666496142664,"f"
2705,-1.31603047228877,15.4985463986089,0.109681338022977,"f"
2706,-1.31640406157329,15.4992695725525,0.109696201107111,"f"
2707,-1.31677738844604,15.4999938077513,0.109711087071566,"f"
2708,-1.31715046294293,15.5007190952451,0.109725997592841,"f"
2709,-1.31752329509917,15.5014454260741,0.109740934347301,"f"
2710,-1.31789589137117,15.5021727930293,0.109755898341494,"f"
2711,-1.31826824633888,15.502901194712,0.109770888359118,"f"
2712,-1.31864035212182,15.503630630927,0.109785902723368,"f"
2713,-1.31901220083949,15.5043611014794,0.109800939757436,"f"
2714,-1.31938378461139,15.5050926061739,0.109815997784514,"f"
2715,-1.31975509555704,15.5058251448155,0.109831075127795,"f"
2716,-1.32012612579595,15.5065587172091,0.109846170110472,"f"
2717,-1.32049686744761,15.5072933231597,0.109861281055739,"f"
2718,-1.32086731263153,15.5080289624721,0.109876406286787,"f"
2719,-1.32123745346723,15.5087656349512,0.109891544126809,"f"
2720,-1.32160728207421,15.509503340402,0.109906692898999,"f"
2721,-1.32197679057197,15.5102420786294,0.109921850926549,"f"
2722,-1.32234597108003,15.5109818494383,0.109937016532651,"f"
2723,-1.32271481571788,15.5117226526335,0.109952188040499,"f"
2724,-1.32308331660505,15.5124644880201,0.109967363773286,"f"
2725,-1.32345146586103,15.5132073554028,0.109982542054204,"f"
2726,-1.32381925560533,15.5139512545868,0.109997721206445,"f"
2727,-1.32418667795745,15.5146961853767,0.110012899553203,"f"
2728,-1.32455372503692,15.5154421475776,0.110028075417671,"f"
2729,-1.32492038896322,15.5161891409944,0.110043247123041,"f"
2730,-1.32528666185588,15.5169371654319,0.110058412992506,"f"
2731,-1.32565253583439,15.5176862206952,0.110073571349259,"f"
2732,-1.32601800301826,15.518436306589,0.110088720516492,"f"
2733,-1.32638305552701,15.5191874229184,0.110103858817399,"f"
2734,-1.32674768548013,15.5199395694882,0.110118984575172,"f"
2735,-1.32711188499713,15.5206927461033,0.110134096113004,"f"
2736,-1.32747564619753,15.5214469525686,0.110149191754088,"f"
2737,-1.32783896120082,15.5222021886892,0.110164269821616,"f"
2738,-1.32820182212652,15.5229584542698,0.110179328638781,"f"
2739,-1.32856422109414,15.5237157491153,0.110194366528777,"f"
2740,-1.3289261505523,15.5244740734351,0.110209381914567,"f"
2741,-1.32928760741803,15.5252334329267,0.110224374573624,"f"
2742,-1.3296485918286,15.5259938372434,0.110239345259588,"f"
2743,-1.33000910399237,15.5267552961255,0.110254294747652,"f"
2744,-1.33036914411772,15.5275178193137,0.110269223813008,"f"
2745,-1.33072871241303,15.5282814165483,0.110284133230848,"f"
2746,-1.33108780908666,15.5290460975699,0.110299023776366,"f"
2747,-1.33144643434698,15.529811872119,0.110313896224752,"f"
2748,-1.33180458840236,15.530578749936,0.110328751351199,"f"
2749,-1.33216227146119,15.5313467407615,0.1103435899309,"f"
2750,-1.33251948373182,15.5321158543359,0.110358412739046,"f"
2751,-1.33287622542263,15.5328861003996,0.110373220550831,"f"
2752,-1.33323249674199,15.5336574886933,0.110388014141446,"f"
2753,-1.33358829789827,15.5344300289573,0.110402794286083,"f"
2754,-1.33394362909985,15.5352037309322,0.110417561759935,"f"
2755,-1.33429849055509,15.5359786043585,0.110432317338194,"f"
2756,-1.33465288247236,15.5367546589765,0.110447061796053,"f"
2757,-1.33500680506004,15.5375319045269,0.110461795908703,"f"
2758,-1.3353602585265,15.5383103507501,0.110476520451337,"f"
2759,-1.33571324308011,15.5390900073866,0.110491236199148,"f"
2760,-1.33606575892924,15.5398708841769,0.110505943927327,"f"
2761,-1.33641780628226,15.5406529908614,0.110520644411066,"f"
2762,-1.33676938534755,15.5414363371807,0.110535338425558,"f"
2763,-1.33712049633347,15.5422209328753,0.110550026745996,"f"
2764,-1.33747113944839,15.5430067876855,0.110564710147571,"f"
2765,-1.33782131490069,15.543793911352,0.110579389405476,"f"
2766,-1.33817102289874,15.5445823136151,0.110594065294903,"f"
2767,-1.33852026365091,15.5453720042155,0.110608738591045,"f"
2768,-1.33886903736557,15.5461629928935,0.110623410069093,"f"
2769,-1.3392173442511,15.5469552893896,0.110638080504239,"f"
2770,-1.33956518452337,15.5477489034145,0.110652750671599,"f"
2771,-1.33991256027683,15.5485438371988,0.110667421326676,"f"
2772,-1.34025947794716,15.5493400756874,0.110682093179657,"f"
2773,-1.34060594458134,15.5501376013912,0.110696766934349,"f"
2774,-1.3409519672264,15.5509363968211,0.11071144329456,"f"
2775,-1.34129755292935,15.5517364444878,0.110726122964094,"f"
2776,-1.34164270873718,15.5525377269023,0.110740806646758,"f"
2777,-1.3419874416969,15.5533402265752,0.110755495046359,"f"
2778,-1.34233175885553,15.5541439260175,0.110770188866703,"f"
2779,-1.34267566726008,15.55494880774,0.110784888811596,"f"
2780,-1.34301917395754,15.5557548542535,0.110799595584845,"f"
2781,-1.34336228599493,15.5565620480687,0.110814309890256,"f"
2782,-1.34370501041925,15.5573703716967,0.110829032431635,"f"
2783,-1.34404735427752,15.5581798076481,0.110843763912789,"f"
2784,-1.34438932461675,15.5589903384338,0.110858505037523,"f"
2785,-1.34473092848393,15.5598019465646,0.110873256509646,"f"
2786,-1.34507217292608,15.5606146145514,0.110888019032961,"f"
2787,-1.3454130649902,15.5614283249049,0.110902793311277,"f"
2788,-1.34575361172331,15.562243060136,0.1109175800484,"f"
2789,-1.3460938201724,15.5630588027556,0.110932379948135,"f"
2790,-1.3464336973845,15.5638755352744,0.110947193714289,"f"
2791,-1.3467732504066,15.5646932402033,0.110962022050668,"f"
2792,-1.34711248628572,15.5655119000531,0.110976865661079,"f"
2793,-1.34745141206886,15.5663314973346,0.110991725249329,"f"
2794,-1.34779003480303,15.5671520145587,0.111006601519223,"f"
2795,-1.34812836153524,15.5679734342361,0.111021495174567,"f"
2796,-1.34846639931249,15.5687957388778,0.111036406919169,"f"
2797,-1.3488041551818,15.5696189109945,0.111051337456834,"f"
2798,-1.34914163619017,15.570442933097,0.111066287491369,"f"
2799,-1.34947884938461,15.5712677876962,0.11108125772658,"f"
2800,-1.34981580181213,15.5720934573029,0.111096248866274,"f"
2801,-1.35015249952371,15.5729199268994,0.111111261461927,"f"
2802,-1.35048893990119,15.5737472029792,0.111126294739193,"f"
2803,-1.35082511586275,15.5745753031114,0.111141347241062,"f"
2804,-1.35116102028966,15.5754042449571,0.111156417504885,"f"
2805,-1.35149664606321,15.5762340461769,0.111171504068014,"f"
2806,-1.35183198606467,15.5770647244318,0.111186605467798,"f"
2807,-1.35216703317533,15.5778962973826,0.111201720241588,"f"
2808,-1.35250178027646,15.5787287826902,0.111216846926735,"f"
2809,-1.35283622024934,15.5795621980154,0.11123198406059,"f"
2810,-1.35317034597525,15.580396561019,0.111247130180502,"f"
2811,-1.35350415033547,15.581231889362,0.111262283823822,"f"
2812,-1.35383762621128,15.582068200705,0.111277443527902,"f"
2813,-1.35417076648395,15.5829055127091,0.111292607830091,"f"
2814,-1.35450356403478,15.5837438430351,0.11130777526774,"f"
2815,-1.35483601174503,15.5845832093437,0.111322944378199,"f"
2816,-1.35516810249599,15.5854236292959,0.11133811369882,"f"
2817,-1.35549982916893,15.5862651205524,0.111353281766953,"f"
2818,-1.35583118464514,15.5871077007742,0.111368447119948,"f"
2819,-1.35616216180589,15.5879513876221,0.111383608295156,"f"
2820,-1.35649275353247,15.5887961987569,0.111398763829927,"f"
2821,-1.35682295270615,15.5896421518395,0.111413912261612,"f"
2822,-1.35715275220821,15.5904892645307,0.111429052127562,"f"
2823,-1.35748214491993,15.5913375544914,0.111444181965127,"f"
2824,-1.35781112372258,15.5921870393824,0.111459300311658,"f"
2825,-1.35813968149746,15.5930377368646,0.111474405704505,"f"
2826,-1.35846781112584,15.5938896645988,0.111489496681018,"f"
2827,-1.358795505489,15.5947428402459,0.111504571778549,"f"
2828,-1.35912275746821,15.5955972814667,0.111519629534448,"f"
2829,-1.35944955994476,15.5964530059221,0.111534668486066,"f"
2830,-1.35977590579992,15.5973100312729,0.111549687170752,"f"
2831,-1.36010178795195,15.5981683750361,0.111564684137831,"f"
2832,-1.36042720191036,15.5990280446549,0.111579658775759,"f"
2833,-1.36075214743168,15.5998890310607,0.111594611848307,"f"
2834,-1.36107662466609,15.6007513236548,0.11160954424673,"f"
2835,-1.36140063376379,15.6016149118383,0.111624456862284,"f"
2836,-1.36172417487497,15.6024797850123,0.111639350586223,"f"
2837,-1.36204724814983,15.603345932578,0.111654226309803,"f"
2838,-1.36236985373855,15.6042133439365,0.111669084924278,"f"
2839,-1.36269199179134,15.6050820084891,0.111683927320903,"f"
2840,-1.36301366245838,15.6059519156367,0.111698754390933,"f"
2841,-1.36333486588987,15.6068230547806,0.111713567025624,"f"
2842,-1.363655602236,15.607695415322,0.111728366116231,"f"
2843,-1.36397587164696,15.6085689866619,0.111743152554008,"f"
2844,-1.36429567427296,15.6094437582015,0.11175792723021,"f"
2845,-1.36461501026417,15.610319719342,0.111772691036092,"f"
2846,-1.3649338797708,15.6111968594845,0.11178744486291,"f"
2847,-1.36525228294303,15.6120751680302,0.111802189601919,"f"
2848,-1.36557021993106,15.6129546343802,0.111816926144373,"f"
2849,-1.36588769088509,15.6138352479356,0.111831655381527,"f"
2850,-1.3662046959553,15.6147169980977,0.111846378204637,"f"
2851,-1.36652123529189,15.6155998742674,0.111861095504957,"f"
2852,-1.36683730904506,15.6164838658461,0.111875808173743,"f"
2853,-1.36715291736499,15.6173689622349,0.111890517102249,"f"
2854,-1.36746806040188,15.6182551528348,0.111905223181731,"f"
2855,-1.36778273830592,15.619142427047,0.111919927303443,"f"
2856,-1.36809695122731,15.6200307742728,0.111934630358641,"f"
2857,-1.36841069931623,15.6209201839132,0.111949333238579,"f"
2858,-1.36872398272289,15.6218106453693,0.111964036834513,"f"
2859,-1.36903680159747,15.6227021480424,0.111978742037697,"f"
2860,-1.36934915609017,15.6235946813336,0.111993449739387,"f"
2861,-1.36966104635118,15.624488234644,0.112008160830837,"f"
2862,-1.36997247324168,15.6253827989441,0.112022876106627,"f"
2863,-1.37028344177474,15.6262783743691,0.112037595796781,"f"
2864,-1.37059395846622,15.6271749643713,0.112052319926977,"f"
2865,-1.37090402983409,15.6280725724075,0.112067048522614,"f"
2866,-1.37121366239628,15.6289712019346,0.112081781609089,"f"
2867,-1.37152286267075,15.6298708564095,0.1120965192118,"f"
2868,-1.37183163717544,15.6307715392891,0.112111261356144,"f"
2869,-1.3721399924283,15.6316732540303,0.11212600806752,"f"
2870,-1.37244793494728,15.63257600409,0.112140759371324,"f"
2871,-1.37275547125033,15.633479792925,0.112155515292954,"f"
2872,-1.3730626078554,15.6343846239922,0.112170275857807,"f"
2873,-1.37336935128043,15.6352905007484,0.112185041091283,"f"
2874,-1.37367570804338,15.6361974266507,0.112199811018777,"f"
2875,-1.37398168466218,15.6371054051558,0.112214585665688,"f"
2876,-1.37428728765479,15.6380144397206,0.112229365057413,"f"
2877,-1.37459252353916,15.6389245338021,0.11224414921935,"f"
2878,-1.37489739883324,15.639835690857,0.112258938176897,"f"
2879,-1.37520192005496,15.6407479143424,0.112273731955451,"f"
2880,-1.37550609372229,15.641661207715,0.112288530580409,"f"
2881,-1.37580992635317,15.6425755744317,0.112303334077169,"f"
2882,-1.37611342446555,15.6434910179494,0.11231814247113,"f"
2883,-1.37641659457737,15.6444075417251,0.112332955787688,"f"
2884,-1.37671944320658,15.6453251492155,0.112347774052241,"f"
2885,-1.37702197687113,15.6462438438776,0.112362597290186,"f"
2886,-1.37732420208898,15.6471636291683,0.112377425526922,"f"
2887,-1.37762612537806,15.6480845085443,0.112392258787846,"f"
2888,-1.37792775325633,15.6490064854627,0.112407097098356,"f"
2889,-1.37822909224174,15.6499295633802,0.112421940483848,"f"
2890,-1.37853014885222,15.6508537457538,0.112436788969722,"f"
2891,-1.37883092960574,15.6517790360404,0.112451642581373,"f"
2892,-1.37913144086026,15.6527054376035,0.11246650132999,"f"
2893,-1.37943168393896,15.65363295087,0.112481364779494,"f"
2894,-1.37973165423755,15.6545615728097,0.112496231967245,"f"
2895,-1.38003134681173,15.6554913001938,0.112511101900397,"f"
2896,-1.38033075671719,15.6564221297937,0.112525973586106,"f"
2897,-1.38062987900962,15.6573540583806,0.112540846031524,"f"
2898,-1.38092870874473,15.658287082726,0.112555718243808,"f"
2899,-1.38122724097821,15.6592211996011,0.112570589230112,"f"
2900,-1.38152547076576,15.6601564057774,0.112585457997589,"f"
2901,-1.38182339316306,15.661092698026,0.112600323553396,"f"
2902,-1.38212100322583,15.6620300731184,0.112615184904685,"f"
2903,-1.38241829600975,15.6629685278259,0.112630041058613,"f"
2904,-1.38271526657052,15.6639080589198,0.112644891022333,"f"
2905,-1.38301190996385,15.6648486631714,0.112659733803,"f"
2906,-1.38330822124541,15.665790337352,0.112674568407768,"f"
2907,-1.38360419547092,15.6667330782331,0.112689393843793,"f"
2908,-1.38389982769606,15.6676768825859,0.112704209118228,"f"
2909,-1.38419511297654,15.6686217471817,0.112719013238229,"f"
2910,-1.38449004636805,15.6695676687919,0.112733805210949,"f"
2911,-1.38478462292629,15.6705146441878,0.112748584043544,"f"
2912,-1.38507883770695,15.6714626701408,0.112763348743168,"f"
2913,-1.38537268576572,15.6724117434221,0.112778098316975,"f"
2914,-1.38566616215832,15.6733618608031,0.11279283177212,"f"
2915,-1.38595926194042,15.6743130190552,0.112807548115758,"f"
2916,-1.38625198016774,15.6752652149496,0.112822246355043,"f"
2917,-1.38654431189596,15.6762184452577,0.11283692549713,"f"
2918,-1.38683625218078,15.6771727067508,0.112851584549173,"f"
2919,-1.38712779607789,15.6781279962003,0.112866222518327,"f"
2920,-1.38741893864301,15.6790843103774,0.112880838411746,"f"
2921,-1.38770967493181,15.6800416460535,0.112895431236586,"f"
2922,-1.388,15.681,0.11291,"f"
2923,-1.38828990839092,15.6819593711025,0.112924544177653,"f"
2924,-1.38857939259851,15.6829197667046,0.112939065119252,"f"
2925,-1.38886844460435,15.6838811962638,0.112953564643011,"f"
2926,-1.38915705639003,15.6848436692382,0.112968044567148,"f"
2927,-1.38944521993712,15.6858071950854,0.112982506709877,"f"
2928,-1.38973292722723,15.6867717832633,0.112996952889415,"f"
2929,-1.39002017024192,15.6877374432296,0.113011384923978,"f"
2930,-1.39030694096278,15.6887041844423,0.113025804631782,"f"
2931,-1.3905932313714,15.689672016359,0.113040213831042,"f"
2932,-1.39087903344936,15.6906409484375,0.113054614339975,"f"
2933,-1.39116433917825,15.6916109901358,0.113069007976796,"f"
2934,-1.39144914053965,15.6925821509115,0.113083396559721,"f"
2935,-1.39173342951515,15.6935544402225,0.113097781906967,"f"
2936,-1.39201719808632,15.6945278675266,0.11311216583675,"f"
2937,-1.39230043823476,15.6955024422816,0.113126550167284,"f"
2938,-1.39258314194204,15.6964781739453,0.113140936716787,"f"
2939,-1.39286530118975,15.6974550719754,0.113155327303473,"f"
2940,-1.39314690795948,15.6984331458299,0.11316972374556,"f"
2941,-1.39342795423281,15.6994124049664,0.113184127861263,"f"
2942,-1.39370843199133,15.7003928588428,0.113198541468798,"f"
2943,-1.39398833321661,15.7013745169169,0.11321296638638,"f"
2944,-1.39426764989025,15.7023573886465,0.113227404432226,"f"
2945,-1.39454637399382,15.7033414834894,0.113241857424552,"f"
2946,-1.39482449750892,15.7043268109034,0.113256327181574,"f"
2947,-1.39510201241712,15.7053133803463,0.113270815521507,"f"
2948,-1.39537891070001,15.7063012012759,0.113285324262567,"f"
2949,-1.39565518433918,15.70729028315,0.113299855222971,"f"
2950,-1.3959308253162,15.7082806354264,0.113314410220935,"f"
2951,-1.39620582561267,15.7092722675629,0.113328991074673,"f"
2952,-1.39648017721017,15.7102651890173,0.113343599602403,"f"
2953,-1.39675387279503,15.7112594085716,0.113358237508354,"f"
2954,-1.39702691733995,15.7122549232261,0.113372904509579,"f"
2955,-1.39729932625362,15.7132517199741,0.113387598635228,"f"
2956,-1.39757111527632,15.7142497854907,0.113402317860818,"f"
2957,-1.39784230014834,15.715249106451,0.113417060161869,"f"
2958,-1.39811289660996,15.7162496695301,0.113431823513897,"f"
2959,-1.39838292040147,15.7172514614032,0.113446605892422,"f"
2960,-1.39865238726316,15.7182544687455,0.11346140527296,"f"
2961,-1.39892131293529,15.719258678232,0.113476219631032,"f"
2962,-1.39918971315817,15.720264076538,0.113491046942153,"f"
2963,-1.39945760367207,15.7212706503386,0.113505885181843,"f"
2964,-1.39972500021729,15.7222783863089,0.11352073232562,"f"
2965,-1.39999191853409,15.7232872711241,0.113535586349001,"f"
2966,-1.40025837436278,15.7242972914593,0.113550445227505,"f"
2967,-1.40052438344363,15.7253084339897,0.11356530693665,"f"
2968,-1.40078996151692,15.7263206853904,0.113580169451954,"f"
2969,-1.40105512432295,15.7273340323366,0.113595030748936,"f"
2970,-1.40131988760199,15.7283484615034,0.113609888803112,"f"
2971,-1.40158426709434,15.729363959566,0.113624741590002,"f"
2972,-1.40184827854027,15.7303805131994,0.113639587085124,"f"
2973,-1.40211193768007,15.731398109079,0.113654423263995,"f"
2974,-1.40237526025402,15.7324167338797,0.113669248102134,"f"
2975,-1.40263826200241,15.7334363742767,0.113684059575058,"f"
2976,-1.40290095866553,15.7344570169453,0.113698855658287,"f"
2977,-1.40316336598365,15.7354786485605,0.113713634327337,"f"
2978,-1.40342549969707,15.7365012557975,0.113728393557728,"f"
2979,-1.40368737554606,15.7375248253315,0.113743131324976,"f"
2980,-1.40394900927092,15.7385493438375,0.113757845604602,"f"
2981,-1.40421041661192,15.7395747979907,0.113772534372121,"f"
2982,-1.40447161330935,15.7406011744664,0.113787195603053,"f"
2983,-1.40473261509434,15.7416284599443,0.113801827274234,"f"
2984,-1.40499343105982,15.7426566445526,0.113816428317992,"f"
2985,-1.40525405195898,15.7436857279463,0.113831000306457,"f"
2986,-1.40551446540447,15.7447157114115,0.113845545263804,"f"
2987,-1.40577465900894,15.7457465962345,0.113860065214206,"f"
2988,-1.40603462038501,15.7467783837015,0.113874562181841,"f"
2989,-1.40629433714534,15.7478110750989,0.113889038190883,"f"
2990,-1.40655379690256,15.7488446717128,0.113903495265507,"f"
2991,-1.40681298726932,15.7498791748294,0.113917935429889,"f"
2992,-1.40707189585825,15.7509145857351,0.113932360708203,"f"
2993,-1.40733051028201,15.7519509057161,0.113946773124625,"f"
2994,-1.40758881815323,15.7529881360586,0.113961174703331,"f"
2995,-1.40784680708455,15.7540262780489,0.113975567468495,"f"
2996,-1.40810446468862,15.7550653329732,0.113989953444293,"f"
2997,-1.40836177857808,15.7561053021178,0.1140043346549,"f"
2998,-1.40861873636557,15.7571461867689,0.114018713124491,"f"
2999,-1.40887532566373,15.7581879882128,0.114033090877241,"f"
3000,-1.4091315340852,15.7592307077356,0.114047469937326,"f"
3001,-1.40938734924263,15.7602743466237,0.114061852328921,"f"
3002,-1.40964275874866,15.7613189061634,0.114076240076201,"f"
3003,-1.40989775021592,15.7623643876407,0.114090635203342,"f"
3004,-1.41015231125706,15.7634107923421,0.114105039734518,"f"
3005,-1.41040642948473,15.7644581215537,0.114119455693905,"f"
3006,-1.41066009251156,15.7655063765618,0.114133885105678,"f"
3007,-1.4109132879502,15.7665555586527,0.114148329994013,"f"
3008,-1.41116600341329,15.7676056691125,0.114162792383084,"f"
3009,-1.41141822651346,15.7686567092276,0.114177274297067,"f"
3010,-1.41166994486337,15.7697086802841,0.114191777760136,"f"
3011,-1.41192114607565,15.7707615835684,0.114206304796469,"f"
3012,-1.41217181776295,15.7718154203666,0.114220857430238,"f"
3013,-1.4124219475379,15.7728701919651,0.114235437685621,"f"
3014,-1.41267152436272,15.7739259000233,0.114250047378776,"f"
3015,-1.41292055175892,15.7749825502288,0.114264686081769,"f"
3016,-1.41316904213121,15.7760401507261,0.114279351997453,"f"
3017,-1.41341700801107,15.7770987096953,0.114294043309145,"f"
3018,-1.41366446192996,15.7781582353161,0.114308758200162,"f"
3019,-1.41391141641935,15.7792187357685,0.114323494853822,"f"
3020,-1.4141578840107,15.7802802192322,0.114338251453443,"f"
3021,-1.41440387723548,15.7813426938873,0.114353026182341,"f"
3022,-1.41464940862516,15.7824061679135,0.114367817223834,"f"
3023,-1.4148944907112,15.7834706494906,0.114382622761239,"f"
3024,-1.41513913602506,15.7845361467987,0.114397440977874,"f"
3025,-1.41538335709822,15.7856026680174,0.114412270057056,"f"
3026,-1.41562716646214,15.7866702213268,0.114427108182102,"f"
3027,-1.41587057664829,15.7877388149066,0.11444195353633,"f"
3028,-1.41611360018812,15.7888084569368,0.114456804303056,"f"
3029,-1.41635624961312,15.7898791555971,0.1144716586656,"f"
3030,-1.41659853745474,15.7909509190675,0.114486514807277,"f"
3031,-1.41684047624445,15.7920237555278,0.114501370911405,"f"
3032,-1.41708207851372,15.7930976731579,0.114516225161301,"f"
3033,-1.41732335679401,15.7941726801377,0.114531075740284,"f"
3034,-1.41756432361678,15.795248784647,0.114545920831669,"f"
3035,-1.41780499151352,15.7963259948656,0.114560758618775,"f"
3036,-1.41804537301567,15.7974043189735,0.114575587284919,"f"
3037,-1.41828548065471,15.7984837651505,0.114590405013418,"f"
3038,-1.41852532696211,15.7995643415766,0.11460520998759,"f"
3039,-1.41876492446932,15.8006460564314,0.114620000390751,"f"
3040,-1.41900428570782,15.801728917895,0.11463477440622,"f"
3041,-1.41924342320907,15.8028129341471,0.114649530217314,"f"
3042,-1.41948234950454,15.8038981133677,0.114664266007349,"f"
3043,-1.4197210771257,15.8049844637366,0.114678979959644,"f"
3044,-1.4199596185285,15.8060719933792,0.114693670264817,"f"
3045,-1.42019797703332,15.8071607038328,0.114708335996945,"f"
3046,-1.42043613821787,15.8082505838394,0.114722977945911,"f"
3047,-1.42067408562131,15.809341620671,0.114737597098734,"f"
3048,-1.42091180278282,15.8104338015996,0.114752194442434,"f"
3049,-1.42114927324157,15.8115271138972,0.114766770964029,"f"
3050,-1.42138648053675,15.8126215448357,0.114781327650538,"f"
3051,-1.42162340820753,15.8137170816872,0.11479586548898,"f"
3052,-1.42186003979308,15.8148137117235,0.114810385466374,"f"
3053,-1.42209635883258,15.8159114222166,0.114824888569739,"f"
3054,-1.4223323488652,15.8170102004386,0.114839375786094,"f"
3055,-1.42256799343013,15.8181100336614,0.114853848102458,"f"
3056,-1.42280327606653,15.8192109091569,0.114868306505849,"f"
3057,-1.42303818031358,15.8203128141972,0.114882751983288,"f"
3058,-1.42327268971047,15.8214157360542,0.114897185521792,"f"
3059,-1.42350678779635,15.822519662,0.11491160810838,"f"
3060,-1.42374045811042,15.8236245793063,0.114926020730072,"f"
3061,-1.42397368419184,15.8247304752454,0.114940424373887,"f"
3062,-1.4242064495798,15.825837337089,0.114954820026843,"f"
3063,-1.42443873781345,15.8269451521092,0.114969208675959,"f"
3064,-1.424670532432,15.828053907578,0.114983591308255,"f"
3065,-1.4249018169746,15.8291635907673,0.114997968910749,"f"
3066,-1.42513257498043,15.8302741889492,0.11501234247046,"f"
3067,-1.42536278998868,15.8313856893955,0.115026712974407,"f"
3068,-1.42559244553851,15.8324980793783,0.115041081409609,"f"
3069,-1.4258215251691,15.8336113461695,0.115055448763086,"f"
3070,-1.42605001241963,15.8347254770411,0.115069816021855,"f"
3071,-1.42627789082927,15.8358404592651,0.115084184172936,"f"
3072,-1.4265051439372,15.8369562801134,0.115098554203347,"f"
3073,-1.42673175528259,15.8380729268581,0.115112927100109,"f"
3074,-1.42695770840463,15.839190386771,0.115127303850239,"f"
3075,-1.4271829892756,15.8403086482779,0.115141685352197,"f"
3076,-1.42740760114551,15.8414277079965,0.115156071875576,"f"
3077,-1.42763155474093,15.8425475660893,0.115170463417837,"f"
3078,-1.42785486081833,15.8436682227335,0.115184859975358,"f"
3079,-1.42807753013417,15.8447896781057,0.115199261544512,"f"
3080,-1.42829957344491,15.8459119323829,0.115213668121675,"f"
3081,-1.42852100150703,15.847034985742,0.115228079703221,"f"
3082,-1.42874182507699,15.8481588383598,0.115242496285527,"f"
3083,-1.42896205491126,15.8492834904132,0.115256917864967,"f"
3084,-1.4291817017663,15.8504089420791,0.115271344437916,"f"
3085,-1.42940077639859,15.8515351935344,0.115285776000749,"f"
3086,-1.42961928956458,15.8526622449559,0.115300212549842,"f"
3087,-1.42983725202076,15.8537900965206,0.115314654081569,"f"
3088,-1.43005467452357,15.8549187484052,0.115329100592306,"f"
3089,-1.43027156782949,15.8560482007867,0.115343552078427,"f"
3090,-1.43048794269499,15.8571784538419,0.115358008536309,"f"
3091,-1.43070380987653,15.8583095077478,0.115372469962325,"f"
3092,-1.43091918013059,15.8594413626812,0.115386936352851,"f"
3093,-1.43113406421362,15.8605740188189,0.115401407704261,"f"
3094,-1.43134847288209,15.8617074763379,0.115415884012933,"f"
3095,-1.43156241689247,15.862841735415,0.115430365275239,"f"
3096,-1.43177590700123,15.8639767962271,0.115444851487555,"f"
3097,-1.43198895396484,15.8651126589512,0.115459342646257,"f"
3098,-1.43220156853975,15.8662493237639,0.11547383874772,"f"
3099,-1.43241376148245,15.8673867908423,0.115488339788318,"f"
3100,-1.43262554354938,15.8685250603632,0.115502845764427,"f"
3101,-1.43283692549703,15.8696641325035,0.115517356672421,"f"
3102,-1.43304791808186,15.8708040074401,0.115531872508677,"f"
3103,-1.43325853206034,15.8719446853498,0.115546393269568,"f"
3104,-1.43346877818892,15.8730861664095,0.115560918951471,"f"
3105,-1.43367866708307,15.8742284509002,0.115575449542244,"f"
3106,-1.43388820297101,15.8753715438179,0.115589984644018,"f"
3107,-1.4340973812182,15.8765154567013,0.115604523323699,"f"
3108,-1.43430619653728,15.8776602015709,0.115619064608767,"f"
3109,-1.43451464364088,15.8788057904472,0.115633607526703,"f"
3110,-1.43472271724165,15.8799522353507,0.115648151104988,"f"
3111,-1.43493041205223,15.8810995483019,0.115662694371102,"f"
3112,-1.43513772278524,15.8822477413214,0.115677236352525,"f"
3113,-1.43534464415334,15.8833968264297,0.11569177607674,"f"
3114,-1.43555117086917,15.8845468156473,0.115706312571226,"f"
3115,-1.43575729764535,15.8856977209947,0.115720844863464,"f"
3116,-1.43596301919453,15.8868495544924,0.115735371980934,"f"
3117,-1.43616833022935,15.8880023281611,0.115749892951118,"f"
3118,-1.43637322546245,15.8891560540211,0.115764406801496,"f"
3119,-1.43657769960647,15.890310744093,0.115778912559549,"f"
3120,-1.43678174737404,15.8914664103974,0.115793409252757,"f"
3121,-1.43698536347781,15.8926230649547,0.115807895908602,"f"
3122,-1.4371885426304,15.8937807197855,0.115822371554563,"f"
3123,-1.43739127954447,15.8949393869102,0.115836835218122,"f"
3124,-1.43759356893266,15.8960990783495,0.115851285926759,"f"
3125,-1.43779540550759,15.8972598061239,0.115865722707954,"f"
3126,-1.43799678398191,15.8984215822538,0.11588014458919,"f"
3127,-1.43819769906826,15.8995844187597,0.115894550597945,"f"
3128,-1.43839814547927,15.9007483276623,0.115908939761702,"f"
3129,-1.4385981179276,15.901913320982,0.11592331110794,"f"
3130,-1.43879761112586,15.9030794107394,0.115937663664141,"f"
3131,-1.43899661978671,15.9042466089549,0.115951996457784,"f"
3132,-1.43919513862279,15.9054149276491,0.115966308516352,"f"
3133,-1.43939316234672,15.9065843788425,0.115980598867323,"f"
3134,-1.43959068567116,15.9077549745556,0.11599486653818,"f"
3135,-1.43978770330873,15.908926726809,0.116009110556402,"f"
3136,-1.43998421212545,15.9100996422671,0.116023330325541,"f"
3137,-1.44018021938154,15.9112737017407,0.116037527064417,"f"
3138,-1.44037573546935,15.9124488782501,0.116051702538855,"f"
3139,-1.44057077078184,15.9136251448141,0.116065858514788,"f"
3140,-1.440765335712,15.9148024744513,0.116079996758149,"f"
3141,-1.44095944065281,15.9159808401806,0.116094119034874,"f"
3142,-1.44115309599724,15.9171602150205,0.116108227110895,"f"
3143,-1.44134631213826,15.9183405719899,0.116122322752147,"f"
3144,-1.44153909946887,15.9195218841074,0.116136407724564,"f"
3145,-1.44173146838202,15.9207041243918,0.11615048379408,"f"
3146,-1.44192342927071,15.9218872658617,0.116164552726628,"f"
3147,-1.44211499252791,15.923071281536,0.116178616288143,"f"
3148,-1.44230616854659,15.9242561444334,0.116192676244559,"f"
3149,-1.44249696771973,15.9254418275724,0.116206734361809,"f"
3150,-1.44268740044032,15.926628303972,0.116220792405827,"f"
3151,-1.44287747710133,15.9278155466507,0.116234852142549,"f"
3152,-1.44306720809573,15.9290035286274,0.116248915337906,"f"
3153,-1.4432566038165,15.9301922229207,0.116262983757834,"f"
3154,-1.44344567465663,15.9313816025493,0.116277059168266,"f"
3155,-1.44363443100908,15.932571640532,0.116291143335137,"f"
3156,-1.44382288326684,15.9337623098876,0.116305238024379,"f"
3157,-1.44401104182288,15.9349535836346,0.116319345001928,"f"
3158,-1.44419891707018,15.9361454347919,0.116333466033718,"f"
3159,-1.44438651940171,15.9373378363781,0.116347602885681,"f"
3160,-1.44457385921047,15.9385307614121,0.116361757323752,"f"
3161,-1.44476094688941,15.9397241829124,0.116375931113865,"f"
3162,-1.44494779283153,15.9409180738978,0.116390126021955,"f"
3163,-1.44513440742979,15.9421124073871,0.116404343813954,"f"
3164,-1.44532080107717,15.943307156399,0.116418586255797,"f"
3165,-1.44550698416666,15.9445022939521,0.116432855113418,"f"
3166,-1.44569296656207,15.9456977942955,0.116447152077718,"f"
3167,-1.44587874595644,15.9468936599743,0.116461477113822,"f"
3168,-1.44606430787208,15.9480899218298,0.116475828461085,"f"
3169,-1.44624963730213,15.9492866119336,0.116490204283827,"f"
3170,-1.44643471923971,15.9504837623571,0.116504602746367,"f"
3171,-1.44661953867796,15.951681405172,0.116519022013025,"f"
3172,-1.44680408061001,15.9528795724497,0.116533460248121,"f"
3173,-1.446988330029,15.9540782962619,0.116547915615976,"f"
3174,-1.44717227192805,15.9552776086801,0.116562386280909,"f"
3175,-1.44735589130031,15.9564775417758,0.116576870407239,"f"
3176,-1.44753917313891,15.9576781276206,0.116591366159287,"f"
3177,-1.44772210243697,15.9588793982861,0.116605871701373,"f"
3178,-1.44790466418764,15.9600813858438,0.116620385197817,"f"
3179,-1.44808684338404,15.9612841223651,0.116634904812938,"f"
3180,-1.44826862501932,15.9624876399218,0.116649428711056,"f"
3181,-1.4484499940866,15.9636919705853,0.116663955056491,"f"
3182,-1.44863093557901,15.9648971464273,0.116678482013564,"f"
3183,-1.4488114344897,15.9661031995191,0.116693007746594,"f"
3184,-1.44899147581179,15.9673101619324,0.1167075304199,"f"
3185,-1.44917104453842,15.9685180657388,0.116722048197804,"f"
3186,-1.44935012566272,15.9697269430098,0.116736559244624,"f"
3187,-1.44952870417782,15.9709368258169,0.11675106172468,"f"
3188,-1.44970676507687,15.9721477462317,0.116765553802294,"f"
3189,-1.44988429335298,15.9733597363258,0.116780033641783,"f"
3190,-1.4500612739993,15.9745728281706,0.116794499407469,"f"
3191,-1.45023769200896,15.9757870538378,0.116808949263671,"f"
3192,-1.45041353237509,15.9770024453988,0.116823381374709,"f"
3193,-1.45058878009082,15.9782190349253,0.116837793904903,"f"
3194,-1.4507634201493,15.9794368544888,0.116852185018573,"f"
3195,-1.45093743754365,15.9806559361609,0.116866552880038,"f"
3196,-1.4511108172679,15.9818763120102,0.116880895653748,"f"
3197,-1.45128354872771,15.9830980002143,0.11689521213474,"f"
3198,-1.45145563596917,15.9843209728518,0.116909503210725,"f"
3199,-1.45162708607139,15.9855451924506,0.116923770202954,"f"
3200,-1.45179790611349,15.9867706215391,0.116938014432677,"f"
3201,-1.45196810317461,15.9879972226452,0.116952237221144,"f"
3202,-1.45213768433386,15.9892249582971,0.116966439889605,"f"
3203,-1.45230665667038,15.9904537910229,0.11698062375931,"f"
3204,-1.45247502726328,15.9916836833508,0.116994790151509,"f"
3205,-1.45264280319169,15.9929145978089,0.117008940387452,"f"
3206,-1.45280999153474,15.9941464969253,0.11702307578839,"f"
3207,-1.45297659937155,15.9953793432281,0.117037197675572,"f"
3208,-1.45314263378124,15.9966130992454,0.117051307370248,"f"
3209,-1.45330810184294,15.9978477275055,0.117065406193668,"f"
3210,-1.45347301063577,15.9990831905363,0.117079495467084,"f"
3211,-1.45363736723886,16.0003194508661,0.117093576511743,"f"
3212,-1.45380117873133,16.0015564710229,0.117107650648898,"f"
3213,-1.45396445219231,16.0027942135349,0.117121719199797,"f"
3214,-1.45412719470092,16.0040326409302,0.117135783485691,"f"
3215,-1.45428941333628,16.005271715737,0.117149844827829,"f"
3216,-1.45445111517753,16.0065114004833,0.117163904547463,"f"
3217,-1.45461230730378,16.0077516576973,0.117177963965842,"f"
3218,-1.45477299679416,16.008992449907,0.117192024404215,"f"
3219,-1.45493319072779,16.0102337396408,0.117206087183834,"f"
3220,-1.4550928961838,16.0114754894265,0.117220153625948,"f"
3221,-1.45525212024132,16.0127176617925,0.117234225051807,"f"
3222,-1.45541086997946,16.0139602192668,0.117248302782662,"f"
3223,-1.45556915247735,16.0152031243775,0.117262388139761,"f"
3224,-1.45572697481413,16.0164463396527,0.117276482444357,"f"
3225,-1.4558843440689,16.0176898276207,0.117290587017698,"f"
3226,-1.45604126732079,16.0189335508094,0.117304703181034,"f"
3227,-1.45619775168511,16.0201774746026,0.11731883214808,"f"
3228,-1.4563538047682,16.0214216031504,0.117332973672643,"f"
3229,-1.45650943453028,16.022665968541,0.117347126456398,"f"
3230,-1.45666464893943,16.0239106034799,0.117361289177794,"f"
3231,-1.45681945596367,16.0251555406722,0.117375460515278,"f"
3232,-1.45697386357107,16.0264008128231,0.117389639147299,"f"
3233,-1.45712787972968,16.0276464526379,0.117403823752305,"f"
3234,-1.45728151240754,16.0288924928217,0.117418013008744,"f"
3235,-1.45743476957271,16.0301389660798,0.117432205595063,"f"
3236,-1.45758765919324,16.0313859051175,0.117446400189711,"f"
3237,-1.45774018923717,16.0326333426399,0.117460595471136,"f"
3238,-1.45789236767256,16.0338813113522,0.117474790117786,"f"
3239,-1.45804420246745,16.0351298439597,0.117488982808108,"f"
3240,-1.45819570158991,16.0363789731676,0.117503172220552,"f"
3241,-1.45834687300797,16.0376287316811,0.117517357033565,"f"
3242,-1.4584977246897,16.0388791522054,0.117531535925595,"f"
3243,-1.45864826460313,16.0401302674458,0.11754570757509,"f"
3244,-1.45879850071632,16.0413821101075,0.117559870660498,"f"
3245,-1.45894844099732,16.0426347128957,0.117574023860267,"f"
3246,-1.45909809341419,16.0438881085156,0.117588165852846,"f"
3247,-1.45924746593496,16.0451423296724,0.117602295316682,"f"
3248,-1.4593965665277,16.0463974090714,0.117616410930223,"f"
3249,-1.45954540316044,16.0476533794178,0.117630511371918,"f"
3250,-1.45969398380125,16.0489102734168,0.117644595320214,"f"
3251,-1.45984231641817,16.0501681237736,0.11765866145356,"f"
3252,-1.45999040897926,16.0514269631935,0.117672708450404,"f"
3253,-1.46013826945256,16.0526868243816,0.117686734989192,"f"
3254,-1.46028590580612,16.0539477400432,0.117700739748375,"f"
3255,-1.460433326008,16.0552097428836,0.117714721406399,"f"
3256,-1.46058053802624,16.0564728656078,0.117728678641713,"f"
3257,-1.46072754980072,16.0577371408529,0.117742610136235,"f"
3258,-1.46087436222759,16.0590025841635,0.117756515439587,"f"
3259,-1.46102095992546,16.0602691715861,0.117770396106577,"f"
3260,-1.46116732522068,16.0615368736046,0.117784253974397,"f"
3261,-1.46131344043963,16.0628056607032,0.117798090880235,"f"
3262,-1.46145928790864,16.0640755033658,0.117811908661281,"f"
3263,-1.46160484995408,16.0653463720764,0.117825709154725,"f"
3264,-1.46175010890231,16.0666182373192,0.117839494197756,"f"
3265,-1.46189504707967,16.0678910695782,0.117853265627563,"f"
3266,-1.46203964681253,16.0691648393374,0.117867025281337,"f"
3267,-1.46218389042724,16.0704395170808,0.117880774996267,"f"
3268,-1.46232776025015,16.0717150732924,0.117894516609542,"f"
3269,-1.46247123860763,16.0729914784564,0.117908251958351,"f"
3270,-1.46261430782603,16.0742687030567,0.117921982879885,"f"
3271,-1.4627569502317,16.0755467175774,0.117935711211333,"f"
3272,-1.462899148151,16.0768254925025,0.117949438789885,"f"
3273,-1.46304088391029,16.0781049983161,0.11796316745273,"f"
3274,-1.46318213983591,16.0793852055022,0.117976899037057,"f"
3275,-1.46332289825424,16.0806660845448,0.117990635380056,"f"
3276,-1.46346314149162,16.081947605928,0.118004378318917,"f"
3277,-1.46360285187441,16.0832297401357,0.118018129690829,"f"
3278,-1.46374201172896,16.0845124576521,0.118031891332982,"f"
3279,-1.46388060338164,16.0857957289612,0.118045665082566,"f"
3280,-1.46401860915879,16.087079524547,0.118059452776769,"f"
3281,-1.46415601138678,16.0883638148936,0.118073256252782,"f"
3282,-1.46429279239195,16.0896485704849,0.118087077347793,"f"
3283,-1.46442893450067,16.0909337618051,0.118100917898993,"f"
3284,-1.46456442003929,16.0922193593381,0.118114779743571,"f"
3285,-1.46469923133417,16.0935053335681,0.118128664718717,"f"
3286,-1.46483335071166,16.0947916549789,0.11814257466162,"f"
3287,-1.46496676049811,16.0960782940548,0.118156511409469,"f"
3288,-1.46509944568086,16.0973652248685,0.118170476545707,"f"
3289,-1.46523141440744,16.0986524527294,0.118184469445228,"f"
3290,-1.46536268675047,16.09993999903,0.11819848834576,"f"
3291,-1.46549328288111,16.101227885296,0.118212531475634,"f"
3292,-1.46562322297052,16.102516133053,0.11822659706318,"f"
3293,-1.46575252718986,16.1038047638265,0.118240683336728,"f"
3294,-1.4658812157103,16.1050937991422,0.118254788524607,"f"
3295,-1.46600930870299,16.1063832605256,0.11826891085515,"f"
3296,-1.4661368263391,16.1076731695023,0.118283048556684,"f"
3297,-1.46626378878979,16.1089635475978,0.118297199857542,"f"
3298,-1.46639021622623,16.1102544163379,0.118311362986052,"f"
3299,-1.46651612881957,16.111545797248,0.118325536170545,"f"
3300,-1.46664154674097,16.1128377118537,0.118339717639352,"f"
3301,-1.46676649016161,16.1141301816807,0.118353905620801,"f"
3302,-1.46689097925263,16.1154232282545,0.118368098343225,"f"
3303,-1.46701503418521,16.1167168731007,0.118382294034952,"f"
3304,-1.4671386751305,16.1180111377448,0.118396490924313,"f"
3305,-1.46726192225967,16.1193060437126,0.118410687239638,"f"
3306,-1.46738479574388,16.1206016125295,0.118424881209258,"f"
3307,-1.46750731575429,16.1218978657211,0.118439071061502,"f"
3308,-1.46762950246206,16.123194824813,0.1184532550247,"f"
3309,-1.46775137603836,16.1244925113309,0.118467431327184,"f"
3310,-1.46787295665434,16.1257909468002,0.118481598197282,"f"
3311,-1.46799426448117,16.1270901527466,0.118495753863326,"f"
3312,-1.46811531969002,16.1283901506957,0.118509896553645,"f"
3313,-1.46823614245203,16.129690962173,0.11852402449657,"f"
3314,-1.46835675293838,16.1309926087041,0.11853813592043,"f"
3315,-1.46847717132023,16.1322951118147,0.118552229053556,"f"
3316,-1.46859741776873,16.1335984930303,0.118566302124278,"f"
3317,-1.46871751245506,16.1349027738764,0.118580353360927,"f"
3318,-1.46883747534373,16.1362079756979,0.118594381005898,"f"
3319,-1.46895731191638,16.137514107164,0.118608384287496,"f"
3320,-1.46907700391766,16.1388211561694,0.118622364049891,"f"
3321,-1.46919653089193,16.140129108683,0.118636321287036,"f"
3322,-1.46931587238355,16.141437950674,0.118650256992885,"f"
3323,-1.46943500793688,16.1427476681112,0.118664172161392,"f"
3324,-1.46955391709628,16.1440582469637,0.118678067786508,"f"
3325,-1.46967257940611,16.1453696732005,0.118691944862189,"f"
3326,-1.46979097441074,16.1466819327904,0.118705804382387,"f"
3327,-1.46990908165451,16.1479950117026,0.118719647341055,"f"
3328,-1.47002688068179,16.149308895906,0.118733474732147,"f"
3329,-1.47014435103694,16.1506235713696,0.118747287549617,"f"
3330,-1.47026147226433,16.1519390240624,0.118761086787416,"f"
3331,-1.4703782239083,16.1532552399533,0.1187748734395,"f"
3332,-1.47049458551323,16.1545722050114,0.118788648499821,"f"
3333,-1.47061053662347,16.1558899052057,0.118802412962332,"f"
3334,-1.47072605678338,16.157208326505,0.118816167820987,"f"
3335,-1.47084112553732,16.1585274548785,0.118829914069739,"f"
3336,-1.47095572242965,16.1598472762952,0.118843652702542,"f"
3337,-1.47106982700474,16.1611677767239,0.118857384713349,"f"
3338,-1.47118341880694,16.1624889421337,0.118871111096112,"f"
3339,-1.47129647738061,16.1638107584935,0.118884832844786,"f"
3340,-1.47140898227012,16.1651332117724,0.118898550953324,"f"
3341,-1.47152091301982,16.1664562879394,0.118912266415679,"f"
3342,-1.47163224917407,16.1677799729634,0.118925980225805,"f"
3343,-1.47174297027723,16.1691042528134,0.118939693377654,"f"
3344,-1.47185305587367,16.1704291134585,0.11895340686518,"f"
3345,-1.47196248550774,16.1717545408675,0.118967121682337,"f"
3346,-1.47207123872381,16.1730805210095,0.118980838823078,"f"
3347,-1.47217929506623,16.1744070398535,0.118994559281356,"f"
3348,-1.47228663407936,16.1757340833685,0.119008284051124,"f"
3349,-1.47239323972366,16.1770616405773,0.11902201400683,"f"
3350,-1.47249912174798,16.1783897183369,0.119035749325047,"f"
3351,-1.47260429923548,16.1797183299589,0.119049489929748,"f"
3352,-1.4727087912822,16.1810474887643,0.119063235744558,"f"
3353,-1.47281261698416,16.1823772080737,0.119076986693102,"f"
3354,-1.47291579543741,16.1837075012081,0.119090742699004,"f"
3355,-1.47301834573797,16.1850383814881,0.11910450368589,"f"
3356,-1.47312028698188,16.1863698622346,0.119118269577383,"f"
3357,-1.47322163826517,16.1877019567683,0.119132040297108,"f"
3358,-1.47332241868387,16.18903467841,0.119145815768691,"f"
3359,-1.47342264733403,16.1903680404805,0.119159595915756,"f"
3360,-1.47352234331166,16.1917020563006,0.119173380661927,"f"
3361,-1.47362152571281,16.1930367391911,0.119187169930829,"f"
3362,-1.4737202136335,16.1943721024727,0.119200963646088,"f"
3363,-1.47381842616977,16.1957081594662,0.119214761731327,"f"
3364,-1.47391618241766,16.1970449234924,0.119228564110171,"f"
3365,-1.4740135014732,16.1983824078721,0.119242370706246,"f"
3366,-1.47411040243241,16.1997206259261,0.119256181443175,"f"
3367,-1.47420690439134,16.2010595909752,0.119269996244584,"f"
3368,-1.47430302644602,16.2023993163401,0.119283815034097,"f"
3369,-1.47439878769247,16.2037398153416,0.119297637735339,"f"
3370,-1.47449420722674,16.2050811013005,0.119311464271934,"f"
3371,-1.47458930414485,16.2064231875376,0.119325294567508,"f"
3372,-1.47468409754285,16.2077660873736,0.119339128545685,"f"
3373,-1.47477860651675,16.2091098141294,0.119352966130089,"f"
3374,-1.4748728501626,16.2104543811258,0.119366807244346,"f"
3375,-1.47496684757643,16.2117998016834,0.11938065181208,"f"
3376,-1.47506061785428,16.2131460891231,0.119394499756916,"f"
3377,-1.47515418009217,16.2144932567658,0.119408351002478,"f"
3378,-1.47524755338613,16.215841317932,0.119422205472391,"f"
3379,-1.47534075637905,16.217190285506,0.119436063081738,"f"
3380,-1.47543379345172,16.2185401586252,0.119449923476746,"f"
3381,-1.47552665219415,16.2198909202435,0.119463785987118,"f"
3382,-1.4756193192332,16.2212425523865,0.119477649924403,"f"
3383,-1.47571178119575,16.2225950370798,0.119491514600149,"f"
3384,-1.47580402470868,16.2239483563489,0.119505379325903,"f"
3385,-1.47589603639885,16.2253024922194,0.119519243413214,"f"
3386,-1.47598780289313,16.2266574267168,0.119533106173629,"f"
3387,-1.47607931081839,16.2280131418668,0.119546966918695,"f"
3388,-1.47617054680151,16.2293696196949,0.119560824959962,"f"
3389,-1.47626149746935,16.2307268422266,0.119574679608976,"f"
3390,-1.47635214944879,16.2320847914876,0.119588530177286,"f"
3391,-1.4764424893667,16.2334434495033,0.11960237597644,"f"
3392,-1.47653250384995,16.2348027982994,0.119616216317985,"f"
3393,-1.47662217952541,16.2361628199014,0.119630050513469,"f"
3394,-1.47671150301995,16.2375234963349,0.11964387787444,"f"
3395,-1.47680046096044,16.2388848096254,0.119657697712446,"f"
3396,-1.47688903997375,16.2402467417986,0.119671509339035,"f"
3397,-1.47697722668676,16.2416092748799,0.119685312065754,"f"
3398,-1.47706500772633,16.242972390895,0.119699105204152,"f"
3399,-1.47715236971933,16.2443360718694,0.119712888065776,"f"
3400,-1.47723929929265,16.2457002998287,0.119726659962175,"f"
3401,-1.47732578307314,16.2470650567984,0.119740420204895,"f"
3402,-1.47741180768768,16.2484303248041,0.119754168105486,"f"
3403,-1.47749735976314,16.2497960858714,0.119767902975495,"f"
3404,-1.47758242592639,16.2511623220259,0.119781624126469,"f"
3405,-1.47766699280431,16.252529015293,0.119795330869956,"f"
3406,-1.47775104702375,16.2538961476985,0.119809022517506,"f"
3407,-1.4778345752116,16.2552637012677,0.119822698380664,"f"
3408,-1.47791756399473,16.2566316580264,0.119836357770979,"f"
3409,-1.478,16.258,0.11985,"f"
3410,-1.47808187426961,16.2593687148802,0.119863624611085,"f"
3411,-1.47816319550704,16.2607378130225,0.119877232074838,"f"
3412,-1.47824397683108,16.2621073104485,0.119890823093675,"f"
3413,-1.47832423136055,16.2634772231798,0.119904398370012,"f"
3414,-1.47840397221423,16.264847567238,0.119917958606265,"f"
3415,-1.47848321251094,16.2662183586447,0.119931504504849,"f"
3416,-1.47856196536946,16.2675896134215,0.119945036768179,"f"
3417,-1.47864024390861,16.2689613475899,0.119958556098672,"f"
3418,-1.47871806124718,16.2703335771717,0.119972063198743,"f"
3419,-1.47879543050397,16.2717063181882,0.119985558770807,"f"
3420,-1.47887236479779,16.2730795866613,0.119999043517281,"f"
3421,-1.47894887724744,16.2744533986123,0.12001251814058,"f"
3422,-1.4790249809717,16.275827770063,0.120025983343119,"f"
3423,-1.4791006890894,16.2772027170349,0.120039439827315,"f"
3424,-1.47917601471932,16.2785782555497,0.120052888295582,"f"
3425,-1.47925097098027,16.2799544016288,0.120066329450337,"f"
3426,-1.47932557099105,16.2813311712939,0.120079763993995,"f"
3427,-1.47939982787045,16.2827085805666,0.120093192628972,"f"
3428,-1.47947375473729,16.2840866454685,0.120106616057684,"f"
3429,-1.47954736471036,16.2854653820212,0.120120034982545,"f"
3430,-1.47962067090846,16.2868448062462,0.120133450105973,"f"
3431,-1.47969368645039,16.2882249341652,0.120146862130381,"f"
3432,-1.47976642445495,16.2896057817997,0.120160271758187,"f"
3433,-1.47983889804095,16.2909873651713,0.120173679691806,"f"
3434,-1.47991112032718,16.2923697003017,0.120187086633653,"f"
3435,-1.47998310443245,16.2937528032124,0.120200493286143,"f"
3436,-1.48005486347555,16.2951366899249,0.120213900351694,"f"
3437,-1.48012641057529,16.296521376461,0.120227308532719,"f"
3438,-1.48019775885046,16.2979068788422,0.120240718531636,"f"
3439,-1.48026892141987,16.2992932130901,0.120254131050859,"f"
3440,-1.48033991048446,16.3006803946455,0.120267546772163,"f"
3441,-1.48041072224347,16.3020684288248,0.120280966017473,"f"
3442,-1.48048133930438,16.3034573123446,0.120294388803059,"f"
3443,-1.4805517438428,16.3048470416485,0.120307815135478,"f"
3444,-1.48062191803434,16.3062376131799,0.120321245021287,"f"
3445,-1.4806918440546,16.3076290233821,0.120334678467046,"f"
3446,-1.4807615040792,16.3090212686986,0.120348115479312,"f"
3447,-1.48083088028374,16.3104143455729,0.120361556064641,"f"
3448,-1.48089995484383,16.3118082504484,0.120375000229593,"f"
3449,-1.48096870993508,16.3132029797685,0.120388447980725,"f"
3450,-1.4810371277331,16.3145985299766,0.120401899324594,"f"
3451,-1.48110519041349,16.3159948975162,0.120415354267759,"f"
3452,-1.48117288015187,16.3173920788308,0.120428812816777,"f"
3453,-1.48124017912383,16.3187900703636,0.120442274978206,"f"
3454,-1.481307069505,16.3201888685583,0.120455740758604,"f"
3455,-1.48137353347097,16.3215884698582,0.120469210164528,"f"
3456,-1.48143955319736,16.3229888707067,0.120482683202536,"f"
3457,-1.48150511085977,16.3243900675473,0.120496159879186,"f"
3458,-1.48157018863382,16.3257920568235,0.120509640201036,"f"
3459,-1.4816347686951,16.3271948349786,0.120523124174644,"f"
3460,-1.48169883321923,16.328598398456,0.120536611806567,"f"
3461,-1.48176236438182,16.3300027436993,0.120550103103363,"f"
3462,-1.48182534435847,16.3314078671518,0.120563598071589,"f"
3463,-1.4818877553248,16.332813765257,0.120577096717805,"f"
3464,-1.48194957945641,16.3342204344584,0.120590599048566,"f"
3465,-1.4820107989289,16.3356278711993,0.120604105070432,"f"
3466,-1.48207139591789,16.3370360719231,0.12061761478996,"f"
3467,-1.48213135259899,16.3384450330734,0.120631128213707,"f"
3468,-1.4821906511478,16.3398547510935,0.120644645348231,"f"
3469,-1.48224927373994,16.3412652224269,0.120658166200091,"f"
3470,-1.48230720256189,16.3426764435176,0.120671690775604,"f"
3471,-1.48236442769392,16.3440884112252,0.120685218907579,"f"
3472,-1.48242096102486,16.3455011235579,0.120698749949458,"f"
3473,-1.48247681817812,16.3469145787201,0.120712283172593,"f"
3474,-1.48253201477711,16.3483287749168,0.120725817848339,"f"
3475,-1.48258656644521,16.3497437103524,0.120739353248047,"f"
3476,-1.48264048880584,16.3511593832317,0.120752888643073,"f"
3477,-1.4826937974824,16.3525757917593,0.120766423304768,"f"
3478,-1.48274650809829,16.35399293414,0.120779956504486,"f"
3479,-1.48279863627691,16.3554108085784,0.120793487513581,"f"
3480,-1.48285019764167,16.3568294132792,0.120807015603406,"f"
3481,-1.48290120781597,16.358248746447,0.120820540045314,"f"
3482,-1.4829516824232,16.3596688062866,0.120834060110659,"f"
3483,-1.48300163708678,16.3610895910026,0.120847575070793,"f"
3484,-1.48305108743011,16.3625110987997,0.12086108419707,"f"
3485,-1.48310004907659,16.3639333278825,0.120874586760844,"f"
3486,-1.48314853764961,16.3653562764558,0.120888082033467,"f"
3487,-1.4831965687726,16.3667799427242,0.120901569286294,"f"
3488,-1.48324415806893,16.3682043248923,0.120915047790676,"f"
3489,-1.48329132116203,16.369629421165,0.120928516817969,"f"
3490,-1.48333807367529,16.3710552297467,0.120941975639524,"f"
3491,-1.48338443123211,16.3724817488423,0.120955423526695,"f"
3492,-1.4834304094559,16.3739089766564,0.120968859750836,"f"
3493,-1.48347602397007,16.3753369113937,0.1209822835833,"f"
3494,-1.483521290398,16.3767655512588,0.120995694295439,"f"
3495,-1.48356622436311,16.3781948944564,0.121009091158608,"f"
3496,-1.48361084148879,16.3796249391912,0.12102247344416,"f"
3497,-1.48365515739846,16.3810556836679,0.121035840423448,"f"
3498,-1.48369918771551,16.3824871260911,0.121049191367826,"f"
3499,-1.48374294806334,16.3839192646655,0.121062525548645,"f"
3500,-1.48378645406537,16.3853520975959,0.121075842237261,"f"
3501,-1.48382972038436,16.3867856237656,0.121089140786746,"f"
3502,-1.48387275131976,16.3882198493808,0.121102421431783,"f"
3503,-1.48391554484794,16.3896547851157,0.121115684944957,"f"
3504,-1.48395809885503,16.3910904417082,0.121128932106528,"f"
3505,-1.4840004112272,16.3925268298961,0.121142163696759,"f"
3506,-1.48404247985057,16.3939639604172,0.12115538049591,"f"
3507,-1.4840843026113,16.3954018440095,0.121168583284241,"f"
3508,-1.48412587739553,16.3968404914108,0.121181772842013,"f"
3509,-1.48416720208941,16.398279913359,0.121194949949487,"f"
3510,-1.48420827457908,16.3997201205918,0.121208115386925,"f"
3511,-1.48424909275069,16.4011611238473,0.121221269934586,"f"
3512,-1.48428965449038,16.4026029338633,0.121234414372732,"f"
3513,-1.48432995768431,16.4040455613775,0.121247549481624,"f"
3514,-1.4843700002186,16.405489017128,0.121260676041521,"f"
3515,-1.48440977997942,16.4069333118524,0.121273794832686,"f"
3516,-1.4844492948529,16.4083784562889,0.121286906635379,"f"
3517,-1.48448854272519,16.409824461175,0.12130001222986,"f"
3518,-1.48452752148244,16.4112713372489,0.121313112396391,"f"
3519,-1.48456622901079,16.4127190952482,0.121326207915232,"f"
3520,-1.48460466319638,16.4141677459109,0.121339299566644,"f"
3521,-1.48464282192537,16.4156172999749,0.121352388130889,"f"
3522,-1.4846807030839,16.4170677681779,0.121365474388226,"f"
3523,-1.48471830455811,16.4185191612579,0.121378559118917,"f"
3524,-1.48475562423415,16.4199714899528,0.121391643103222,"f"
3525,-1.48479265999816,16.4214247650003,0.121404727121402,"f"
3526,-1.48482940973629,16.4228789971384,0.121417811953719,"f"
3527,-1.48486587133469,16.424334197105,0.121430898380432,"f"
3528,-1.48490204267949,16.4257903756378,0.121443987181803,"f"
3529,-1.48493792165686,16.4272475434747,0.121457079138092,"f"
3530,-1.48497350615292,16.4287057113537,0.121470175029561,"f"
3531,-1.48500879404067,16.4301648899328,0.121483275633749,"f"
3532,-1.48504378160051,16.4316250802229,0.121496381398947,"f"
3533,-1.48507846201982,16.4330862644982,0.121509492133995,"f"
3534,-1.48511282813063,16.4345484228803,0.121522607574265,"f"
3535,-1.48514687276494,16.4360115354906,0.121535727455129,"f"
3536,-1.48518058875478,16.4374755824509,0.121548851511958,"f"
3537,-1.48521396893215,16.4389405438825,0.121561979480123,"f"
3538,-1.48524700612908,16.4404063999071,0.121575111094997,"f"
3539,-1.48527969317758,16.4418731306463,0.121588246091951,"f"
3540,-1.48531202290966,16.4433407162214,0.121601384206357,"f"
3541,-1.48534398815734,16.4448091367542,0.121614525173587,"f"
3542,-1.48537558175263,16.4462783723662,0.121627668729011,"f"
3543,-1.48540679652756,16.4477484031788,0.121640814608002,"f"
3544,-1.48543762531414,16.4492192093137,0.121653962545931,"f"
3545,-1.48546806094438,16.4506907708924,0.12166711227817,"f"
3546,-1.4854980962503,16.4521630680365,0.121680263540091,"f"
3547,-1.48552772406391,16.4536360808674,0.121693416067064,"f"
3548,-1.48555693721723,16.4551097895068,0.121706569594463,"f"
3549,-1.48558572854228,16.4565841740763,0.121719723857658,"f"
3550,-1.48561409087107,16.4580592146972,0.121732878592021,"f"
3551,-1.48564201703562,16.4595348914913,0.121746033532923,"f"
3552,-1.48566949986793,16.46101118458,0.121759188415737,"f"
3553,-1.48569653220004,16.4624880740849,0.121772342975834,"f"
3554,-1.48572310686395,16.4639655401275,0.121785496948586,"f"
3555,-1.48574921669168,16.4654435628295,0.121798650069364,"f"
3556,-1.48577485451525,16.4669221223123,0.121811802073539,"f"
3557,-1.48580001316666,16.4684011986975,0.121824952696485,"f"
3558,-1.48582468547794,16.4698807721066,0.121838101673571,"f"
3559,-1.48584886428111,16.4713608226612,0.12185124874017,"f"
3560,-1.48587254240817,16.4728413304829,0.121864393631653,"f"
3561,-1.48589571269115,16.4743222756931,0.121877536083393,"f"
3562,-1.48591836945283,16.4758036425346,0.121890675879291,"f"
3563,-1.4859405176021,16.4772854445138,0.121903813147876,"f"
3564,-1.48596216662876,16.4787677078008,0.121916948166804,"f"
3565,-1.48598332604091,16.480250458616,0.121930081214327,"f"
3566,-1.48600400534666,16.4817337231802,0.121943212568699,"f"
3567,-1.48602421405411,16.4832175277138,0.121956342508171,"f"
3568,-1.4860439616714,16.4847018984374,0.121969471310996,"f"
3569,-1.48606325770661,16.4861868615716,0.121982599255428,"f"
3570,-1.48608211166786,16.487672443337,0.121995726619718,"f"
3571,-1.48610053306326,16.4891586699541,0.122008853682119,"f"
3572,-1.48611853140093,16.4906455676436,0.122021980720885,"f"
3573,-1.48613611618896,16.4921331626259,0.122035108014267,"f"
3574,-1.48615329693548,16.4936214811217,0.122048235840518,"f"
3575,-1.48617008314858,16.4951105493516,0.122061364477892,"f"
3576,-1.48618648433639,16.4966003935361,0.122074494204639,"f"
3577,-1.48620251000701,16.4980910398958,0.122087625299014,"f"
3578,-1.48621816966855,16.4995825146513,0.122100758039269,"f"
3579,-1.48623347282912,16.5010748440231,0.122113892703657,"f"
3580,-1.48624842899683,16.5025680542318,0.12212702957043,"f"
3581,-1.48626304767979,16.5040621714981,0.12214016891784,"f"
3582,-1.48627733838611,16.5055572220424,0.122153311024141,"f"
3583,-1.4862913106239,16.5070532320854,0.122166456167585,"f"
3584,-1.48630497390127,16.5085502278476,0.122179604626425,"f"
3585,-1.48631833772633,16.5100482355496,0.122192756678913,"f"
3586,-1.4863314116072,16.511547281412,0.122205912603303,"f"
3587,-1.48634420505197,16.5130473916553,0.122219072677846,"f"
3588,-1.48635672756876,16.5145485925002,0.122232237180795,"f"
3589,-1.48636898866569,16.5160509101672,0.122245406390404,"f"
3590,-1.48638099785085,16.5175543708768,0.122258580584924,"f"
3591,-1.48639276463236,16.5190590008497,0.122271760042609,"f"
3592,-1.48640429835051,16.5205648258899,0.122284945031808,"f"
3593,-1.48641560074367,16.5220718529344,0.122298135372347,"f"
3594,-1.48642666300205,16.5235800627407,0.122311330261684,"f"
3595,-1.48643747553887,16.525089434138,0.122324528851439,"f"
3596,-1.48644802876736,16.5265999459556,0.122337730293228,"f"
3597,-1.48645831310075,16.5281115770226,0.12235093373867,"f"
3598,-1.48646831895225,16.5296243061682,0.122364138339383,"f"
3599,-1.48647803673511,16.5311381122216,0.122377343246983,"f"
3600,-1.48648745686254,16.532652974012,0.12239054761309,"f"
3601,-1.48649656974776,16.5341688703686,0.12240375058932,"f"
3602,-1.48650536580402,16.5356857801206,0.122416951327291,"f"
3603,-1.48651383544453,16.5372036820973,0.122430148978622,"f"
3604,-1.48652196908253,16.5387225551277,0.12244334269493,"f"
3605,-1.48652975713123,16.5402423780411,0.122456531627832,"f"
3606,-1.48653719000386,16.5417631296667,0.122469714928947,"f"
3607,-1.48654425811365,16.5432847888336,0.122482891749892,"f"
3608,-1.48655095187383,16.5448073343712,0.122496061242285,"f"
3609,-1.48655726169763,16.5463307451085,0.122509222557744,"f"
3610,-1.48656317799826,16.5478549998748,0.122522374847887,"f"
3611,-1.48656869118897,16.5493800774993,0.122535517264331,"f"
3612,-1.48657379168296,16.5509059568111,0.122548648958694,"f"
3613,-1.48657846989347,16.5524326166394,0.122561769082593,"f"
3614,-1.48658271623373,16.5539600358136,0.122574876787648,"f"
3615,-1.48658652111697,16.5554881931626,0.122587971225474,"f"
3616,-1.4865898749564,16.5570170675158,0.122601051547691,"f"
3617,-1.48659276816526,16.5585466377024,0.122614116905916,"f"
3618,-1.48659519115677,16.5600768825515,0.122627166451766,"f"
3619,-1.48659713434416,16.5616077808923,0.12264019933686,"f"
3620,-1.48659858814065,16.5631393115541,0.122653214712815,"f"
3621,-1.48659954295948,16.564671453366,0.122666211731248,"f"
3622,-1.48659998921387,16.5662041851572,0.122679189543779,"f"
3623,-1.48659991967197,16.5677374908488,0.122692147554145,"f"
3624,-1.4865993384691,16.5692713789403,0.122705086383065,"f"
3625,-1.48659825316587,16.5708058653375,0.122718007017973,"f"
3626,-1.48659667132357,16.5723409659477,0.122730910446377,"f"
3627,-1.48659460050351,16.5738766966782,0.122743797655784,"f"
3628,-1.48659204826698,16.5754130734361,0.122756669633703,"f"
3629,-1.4865890221753,16.5769501121289,0.122769527367641,"f"
3630,-1.48658552978977,16.5784878286637,0.122782371845108,"f"
3631,-1.48658157867167,16.5800262389479,0.122795204053611,"f"
3632,-1.48657717638233,16.5815653588887,0.122808024980658,"f"
3633,-1.48657233048303,16.5831052043934,0.122820835613757,"f"
3634,-1.48656704853509,16.5846457913693,0.122833636940416,"f"
3635,-1.48656133809979,16.5861871357237,0.122846429948144,"f"
3636,-1.48655520673845,16.5877292533637,0.122859215624448,"f"
3637,-1.48654866201237,16.5892721601968,0.122871994956837,"f"
3638,-1.48654171148284,16.5908158721302,0.122884768932819,"f"
3639,-1.48653436271118,16.5923604050711,0.122897538539901,"f"
3640,-1.48652662325867,16.5939057749269,0.122910304765593,"f"
3641,-1.48651850068663,16.5954519976048,0.122923068597401,"f"
3642,-1.48651000255635,16.5969990890121,0.122935831022834,"f"
3643,-1.48650113642914,16.5985470650561,0.1229485930294,"f"
3644,-1.4864919098663,16.600095941644,0.122961355604608,"f"
3645,-1.48648233042913,16.6016457346831,0.122974119735965,"f"
3646,-1.48647240567893,16.6031964600807,0.122986886410979,"f"
3647,-1.48646214317701,16.6047481337441,0.122999656617159,"f"
3648,-1.48645155048466,16.6063007715806,0.123012431342013,"f"
3649,-1.48644063516319,16.6078543894974,0.123025211573048,"f"
3650,-1.4864294047739,16.6094090034017,0.123037998297773,"f"
3651,-1.48641786687809,16.610964629201,0.123050792503696,"f"
3652,-1.48640602903706,16.6125212828024,0.123063595178325,"f"
3653,-1.4863938986675,16.6140789797839,0.123076407268305,"f"
3654,-1.48638147985966,16.6156377281477,0.123089228780451,"f"
3655,-1.48636877337744,16.61719752832,0.123102058781741,"f"
3656,-1.48635577984007,16.6187583803981,0.123114896298295,"f"
3657,-1.4863424998668,16.620320284479,0.12312774035623,"f"
3658,-1.48632893407689,16.6218832406598,0.123140589981665,"f"
3659,-1.48631508308958,16.6234472490375,0.123153444200717,"f"
3660,-1.48630094752412,16.6250123097091,0.123166302039505,"f"
3661,-1.48628652799976,16.6265784227718,0.123179162524146,"f"
3662,-1.48627182513574,16.6281455883225,0.12319202468076,"f"
3663,-1.48625683955132,16.6297138064585,0.123204887535463,"f"
3664,-1.48624157186574,16.6312830772766,0.123217750114374,"f"
3665,-1.48622602269825,16.632853400874,0.12323061144361,"f"
3666,-1.48621019266809,16.6344247773478,0.123243470549291,"f"
3667,-1.48619408239453,16.635997206795,0.123256326457534,"f"
3668,-1.4861776924968,16.6375706893126,0.123269178194458,"f"
3669,-1.48616102359415,16.6391452249978,0.123282024786179,"f"
3670,-1.48614407630584,16.6407208139476,0.123294865258817,"f"
3671,-1.4861268512511,16.642297456259,0.123307698638489,"f"
3672,-1.48610934904919,16.6438751520291,0.123320523951314,"f"
3673,-1.48609157031936,16.645453901355,0.12333334022341,"f"
3674,-1.48607351568085,16.6470337043337,0.123346146480894,"f"
3675,-1.48605518575292,16.6486145610624,0.123358941749884,"f"
3676,-1.4860365811548,16.6501964716379,0.1233717250565,"f"
3677,-1.48601770250576,16.6517794361576,0.123384495426859,"f"
3678,-1.48599855042503,16.6533634547182,0.123397251887078,"f"
3679,-1.48597912553187,16.6549485274171,0.123409993463276,"f"
3680,-1.48595942844552,16.6565346543511,0.123422719181572,"f"
3681,-1.48593945978523,16.6581218356174,0.123435428068083,"f"
3682,-1.48591922017025,16.659710071313,0.123448119148927,"f"
3683,-1.4858987102194,16.6612993615344,0.123460791450294,"f"
3684,-1.48587792842266,16.6628897031035,0.123473444348757,"f"
3685,-1.48585686620535,16.6644810819759,0.123486078383674,"f"
3686,-1.48583551352915,16.6660734818563,0.123498694335297,"f"
3687,-1.48581386035578,16.667666886449,0.123511292983876,"f"
3688,-1.48579189664694,16.6692612794585,0.123523875109664,"f"
3689,-1.48576961236433,16.6708566445893,0.123536441492912,"f"
3690,-1.48574699746967,16.6724529655459,0.123548992913871,"f"
3691,-1.48572404192466,16.6740502260327,0.123561530152793,"f"
3692,-1.48570073569099,16.6756484097543,0.123574053989928,"f"
3693,-1.48567706873039,16.6772475004151,0.123586565205529,"f"
3694,-1.48565303100455,16.6788474817195,0.123599064579847,"f"
3695,-1.48562861247518,16.6804483373722,0.123611552893132,"f"
3696,-1.48560380310398,16.6820500510775,0.123624030925638,"f"
3697,-1.48557859285266,16.6836526065399,0.123636499457614,"f"
3698,-1.48555297168293,16.6852559874638,0.123648959269313,"f"
3699,-1.48552692955648,16.6868601775539,0.123661411140985,"f"
3700,-1.48550045643504,16.6884651605145,0.123673855852883,"f"
3701,-1.48547354228029,16.6900709200502,0.123686294185257,"f"
3702,-1.48544617705395,16.6916774398653,0.123698726918359,"f"
3703,-1.48541835071771,16.6932847036645,0.12371115483244,"f"
3704,-1.4853900532333,16.6948926951521,0.123723578707753,"f"
3705,-1.48536127456241,16.6965013980326,0.123735999324547,"f"
3706,-1.48533200466674,16.6981107960106,0.123748417463075,"f"
3707,-1.48530223350801,16.6997208727904,0.123760833903588,"f"
3708,-1.48527195104792,16.7013316120766,0.123773249426338,"f"
3709,-1.48524114724817,16.7029429975737,0.123785664811575,"f"
3710,-1.48520981207046,16.7045550129861,0.123798080839551,"f"
3711,-1.48517793547651,16.7061676420183,0.123810498290518,"f"
3712,-1.48514550742802,16.7077808683748,0.123822917944727,"f"
3713,-1.4851125178867,16.70939467576,0.123835340582429,"f"
3714,-1.48507895796555,16.7110090494583,0.12384776695134,"f"
3715,-1.48504483440775,16.7126239962012,0.123860197357465,"f"
3716,-1.48501016522087,16.7142395381773,0.123872631788477,"f"
3717,-1.48497496866114,16.7158556979162,0.123885070225019,"f"
3718,-1.48493926298483,16.7174724979475,0.123897512647737,"f"
3719,-1.48490306644817,16.7190899608009,0.123909959037275,"f"
3720,-1.48486639730742,16.7207081090061,0.123922409374277,"f"
3721,-1.48482927381883,16.7223269650928,0.123934863639389,"f"
3722,-1.48479171423864,16.7239465515905,0.123947321813254,"f"
3723,-1.4847537368231,16.7255668910291,0.123959783876517,"f"
3724,-1.48471535982846,16.727188005938,0.123972249809822,"f"
3725,-1.48467660151097,16.7288099188471,0.123984719593815,"f"
3726,-1.48463748012688,16.7304326522859,0.123997193209139,"f"
3727,-1.48459801393243,16.7320562287842,0.12400967063644,"f"
3728,-1.48455822118388,16.7336806708716,0.124022151856361,"f"
3729,-1.48451812013747,16.7353060010777,0.124034636849547,"f"
3730,-1.48447772904945,16.7369322419323,0.124047125596644,"f"
3731,-1.48443706617608,16.738559415965,0.124059618078294,"f"
3732,-1.48439614977358,16.7401875457054,0.124072114275143,"f"
3733,-1.48435499809823,16.7418166536832,0.124084614167836,"f"
3734,-1.48431362940626,16.7434467624281,0.124097117737016,"f"
3735,-1.48427206195393,16.7450778944698,0.124109624963328,"f"
3736,-1.48423031399747,16.7467100723379,0.124122135827418,"f"
3737,-1.48418840379315,16.7483433185621,0.124134650309929,"f"
3738,-1.4841463495972,16.749977655672,0.124147168391506,"f"
3739,-1.48410416966588,16.7516131061974,0.124159690052793,"f"
3740,-1.48406188225544,16.7532496926678,0.124172215274435,"f"
3741,-1.48401950562212,16.7548874376129,0.124184744037076,"f"
3742,-1.48397705802217,16.7565263635625,0.124197276321362,"f"
3743,-1.48393455771185,16.7581664930462,0.124209812107936,"f"
3744,-1.48389202290489,16.7598078485578,0.124222351376692,"f"
3745,-1.4838494611876,16.7614504436583,0.124234893919775,"f"
3746,-1.48380685558717,16.7630942712646,0.124247439095454,"f"
3747,-1.48376418567227,16.7647393213867,0.124259986200901,"f"
3748,-1.48372143101157,16.7663855840344,0.124272534533285,"f"
3749,-1.48367857117371,16.7680330492177,0.124285083389777,"f"
3750,-1.48363558572738,16.7696817069466,0.124297632067548,"f"
3751,-1.48359245424123,16.7713315472308,0.124310179863769,"f"
3752,-1.48354915628394,16.7729825600804,0.124322726075609,"f"
3753,-1.48350567142416,16.7746347355051,0.124335270000239,"f"
3754,-1.48346197923056,16.776288063515,0.12434781093483,"f"
3755,-1.4834180592718,16.77794253412,0.124360348176553,"f"
3756,-1.48337389111656,16.7795981373298,0.124372881022577,"f"
3757,-1.48332945433349,16.7812548631546,0.124385408770073,"f"
3758,-1.48328472849127,16.7829127016041,0.124397930716212,"f"
3759,-1.48323969315855,16.7845716426882,0.124410446158165,"f"
3760,-1.483194327904,16.786231676417,0.124422954393101,"f"
3761,-1.48314861229629,16.7878927928003,0.124435454718192,"f"
3762,-1.48310252590408,16.7895549818479,0.124447946430607,"f"
3763,-1.48305604829603,16.7912182335699,0.124460428827518,"f"
3764,-1.48300915904082,16.7928825379761,0.124472901206095,"f"
3765,-1.4829618377071,16.7945478850764,0.124485362863508,"f"
3766,-1.48291406386355,16.7962142648807,0.124497813096928,"f"
3767,-1.48286581707882,16.797881667399,0.124510251203525,"f"
3768,-1.48281707692158,16.7995500826412,0.12452267648047,"f"
3769,-1.4827678229605,16.8012195006171,0.124535088224934,"f"
3770,-1.48271803476424,16.8028899113367,0.124547485734086,"f"
3771,-1.48266769190146,16.8045613048099,0.124559868305098,"f"
3772,-1.48261677394084,16.8062336710465,0.12457223523514,"f"
3773,-1.48256526045103,16.8079070000566,0.124584585821382,"f"
3774,-1.48251313100071,16.80958128185,0.124596919360995,"f"
3775,-1.48246036806561,16.8112565068685,0.124609235249991,"f"
3776,-1.48240697942378,16.8129326693135,0.12462153374466,"f"
3777,-1.48235298588129,16.814609765322,0.124633815544247,"f"
3778,-1.48229840835186,16.8162877910469,0.124646081351658,"f"
3779,-1.48224326774923,16.8179667426414,0.124658331869797,"f"
3780,-1.48218758498711,16.8196466162584,0.124670567801571,"f"
3781,-1.48213138097923,16.8213274080509,0.124682789849883,"f"
3782,-1.48207467663933,16.823009114172,0.12469499871764,"f"
3783,-1.48201749288113,16.8246917307747,0.124707195107747,"f"
3784,-1.48195985061836,16.826375254012,0.124719379723109,"f"
3785,-1.48190177076474,16.8280596800369,0.124731553266631,"f"
3786,-1.481843274234,16.8297450050024,0.124743716441218,"f"
3787,-1.48178438193988,16.8314312250615,0.124755869949776,"f"
3788,-1.48172511479609,16.8331183363673,0.124768014495209,"f"
3789,-1.48166549371636,16.8348063350728,0.124780150780424,"f"
3790,-1.48160553961443,16.836495217331,0.124792279508325,"f"
3791,-1.48154527340401,16.8381849792949,0.124804401381818,"f"
3792,-1.48148471599884,16.8398756171176,0.124816517103808,"f"
3793,-1.48142388831265,16.8415671269519,0.1248286273772,"f"
3794,-1.48136281125916,16.8432595049511,0.124840732904899,"f"
3795,-1.48130150575209,16.844952747268,0.12485283438981,"f"
3796,-1.48123999270518,16.8466468500557,0.12486493253484,"f"
3797,-1.48117829303216,16.8483418094672,0.124877028042892,"f"
3798,-1.48111642764674,16.8500376216556,0.124889121616873,"f"
3799,-1.48105441746266,16.8517342827738,0.124901213959688,"f"
3800,-1.48099228339365,16.8534317889749,0.124913305774241,"f"
3801,-1.48093004635343,16.8551301364118,0.124925397763438,"f"
3802,-1.48086772725574,16.8568293212377,0.124937490630184,"f"
3803,-1.48080534701428,16.8585293396054,0.124949585077385,"f"
3804,-1.48074292654281,16.8602301876681,0.124961681807946,"f"
3805,-1.48068048654354,16.8619318616192,0.124973781521292,"f"
3806,-1.48061803289533,16.8636343604852,0.124985884673041,"f"
3807,-1.48055554718198,16.865337687936,0.12499799131921,"f"
3808,-1.48049300873528,16.867041848072,0.125010101478774,"f"
3809,-1.48043039688703,16.8687468449935,0.125022215170711,"f"
3810,-1.48036769096901,16.870452682801,0.125034332413997,"f"
3811,-1.48030487031301,16.8721593655946,0.12504645322761,"f"
3812,-1.48024191425082,16.8738668974747,0.125058577630525,"f"
3813,-1.48017880211424,16.8755752825418,0.125070705641721,"f"
3814,-1.48011551323504,16.8772845248961,0.125082837280172,"f"
3815,-1.48005202694503,16.878994628638,0.125094972564857,"f"
3816,-1.47998832257598,16.8807055978678,0.125107111514752,"f"
3817,-1.47992437945969,16.8824174366859,0.125119254148833,"f"
3818,-1.47986017692795,16.8841301491925,0.125131400486078,"f"
3819,-1.47979569431255,16.8858437394881,0.125143550545463,"f"
3820,-1.47973091094527,16.887558211673,0.125155704345964,"f"
3821,-1.47966580615792,16.8892735698475,0.12516786190656,"f"
3822,-1.47960035928227,16.890989818112,0.125180023246225,"f"
3823,-1.47953454965011,16.8927069605668,0.125192188383938,"f"
3824,-1.47946835659324,16.8944250013123,0.125204357338674,"f"
3825,-1.47940175944345,16.8961439444487,0.125216530129411,"f"
3826,-1.47933473753252,16.8978637940765,0.125228706775124,"f"
3827,-1.47926727019224,16.8995845542959,0.125240887294792,"f"
3828,-1.47919933675441,16.9013062292074,0.125253071707391,"f"
3829,-1.47913091655081,16.9030288229112,0.125265260031897,"f"
3830,-1.47906198891323,16.9047523395077,0.125277452287287,"f"
3831,-1.47899253317347,16.9064767830973,0.125289648492538,"f"
3832,-1.47892252866331,16.9082021577802,0.125301848666626,"f"
3833,-1.47885195471453,16.9099284676569,0.125314052828529,"f"
3834,-1.47878079065894,16.9116557168276,0.125326260997223,"f"
3835,-1.47870901582832,16.9133839093927,0.125338473191685,"f"
3836,-1.47863661400631,16.9151130499688,0.125350689341816,"f"
3837,-1.47856359497379,16.9168431461865,0.125362908857342,"f"
3838,-1.47848997792154,16.9185742067677,0.125375130959713,"f"
3839,-1.4784157820533,16.9203062404357,0.125387354870115,"f"
3840,-1.47834102657283,16.9220392559138,0.125399579809736,"f"
3841,-1.47826573068388,16.9237732619252,0.125411804999765,"f"
3842,-1.4781899135902,16.9255082671933,0.125424029661389,"f"
3843,-1.47811359449553,16.9272442804414,0.125436253015796,"f"
3844,-1.47803679260363,16.9289813103928,0.125448474284174,"f"
3845,-1.47795952711825,16.9307193657707,0.12546069268771,"f"
3846,-1.47788181724314,16.9324584552985,0.125472907447593,"f"
3847,-1.47780368218205,16.9341985876995,0.12548511778501,"f"
3848,-1.47772514113873,16.9359397716969,0.125497322921149,"f"
3849,-1.47764621331693,16.9376820160141,0.125509522077198,"f"
3850,-1.4775669179204,16.9394253293744,0.125521714474345,"f"
3851,-1.47748727415289,16.9411697205011,0.125533899333777,"f"
3852,-1.47740730121816,16.9429151981174,0.125546075876683,"f"
3853,-1.47732701831995,16.9446617709467,0.12555824332425,"f"
3854,-1.47724644466201,16.9464094477122,0.125570400897666,"f"
3855,-1.4771655994481,16.9481582371373,0.125582547818119,"f"
3856,-1.47708450188196,16.9499081479453,0.125594683306796,"f"
3857,-1.47700317116734,16.9516591888594,0.125606806584886,"f"
3858,-1.476921626508,16.953411368603,0.125618916873577,"f"
3859,-1.47683988710769,16.9551646958994,0.125631013394055,"f"
3860,-1.47675797217015,16.9569191794718,0.12564309536751,"f"
3861,-1.47667590089914,16.9586748280436,0.125655162015128,"f"
3862,-1.4765936924984,16.960431650338,0.125667212558098,"f"
3863,-1.47651136617169,16.9621896550784,0.125679246217608,"f"
3864,-1.47642894112277,16.9639488509881,0.125691262214845,"f"
3865,-1.47634643655536,16.9657092467903,0.125703259770997,"f"
3866,-1.47626387121553,16.9674708508394,0.125715238131638,"f"
3867,-1.47618124944403,16.9692336598762,0.125727197309852,"f"
3868,-1.47609855862224,16.9709976569692,0.125739138222312,"f"
3869,-1.47601578515873,16.9727628244025,0.12575106183752,"f"
3870,-1.47593291546209,16.9745291444602,0.125762969123981,"f"
3871,-1.47584993594087,16.9762965994266,0.125774861050199,"f"
3872,-1.47576683300365,16.9780651715857,0.125786738584677,"f"
3873,-1.47568359305901,16.9798348432217,0.125798602695919,"f"
3874,-1.47560020251552,16.9816055966187,0.125810454352429,"f"
3875,-1.47551664778175,16.9833774140609,0.12582229452271,"f"
3876,-1.47543291526627,16.9851502778324,0.125834124175267,"f"
3877,-1.47534899137765,16.9869241702174,0.125845944278602,"f"
3878,-1.47526486252448,16.9886990735,0.125857755801221,"f"
3879,-1.47518051511531,16.9904749699643,0.125869559711626,"f"
3880,-1.47509593555873,16.9922518418945,0.125881356978322,"f"
3881,-1.4750111102633,16.9940296715747,0.125893148569811,"f"
3882,-1.4749260256376,16.9958084412891,0.125904935454599,"f"
3883,-1.47484066809021,16.9975881333219,0.125916718601188,"f"
3884,-1.47475502402968,16.9993687299571,0.125928498978082,"f"
3885,-1.47466907986461,17.0011502134789,0.125940277553786,"f"
3886,-1.47458282200355,17.0029325661715,0.125952055296802,"f"
3887,-1.47449623685508,17.0047157703189,0.125963833175635,"f"
3888,-1.47440931082778,17.0064998082054,0.125975612158788,"f"
3889,-1.47432203033022,17.0082846621151,0.125987393214766,"f"
3890,-1.47423438177096,17.0100703143321,0.125999177312071,"f"
3891,-1.47414635155859,17.0118567471406,0.126010965419208,"f"
3892,-1.47405792610167,17.0136439428247,0.126022758504681,"f"
3893,-1.47396909180878,17.0154318836685,0.126034557536993,"f"
3894,-1.47387983508849,17.0172205519562,0.126046363484647,"f"
3895,-1.47379014234937,17.019009929972,0.126058177316148,"f"
3896,-1.4737,17.0208,0.12607,"f"
3897,-1.47360939902823,17.0225907505411,0.126081832182049,"f"
3898,-1.47351834873905,17.0243821949632,0.126093673217518,"f"
3899,-1.47342686301675,17.0261743528512,0.126105522138972,"f"
3900,-1.4733349557456,17.0279672437899,0.126117377978976,"f"
3901,-1.47324264080987,17.0297608873639,0.126129239770096,"f"
3902,-1.47314993209384,17.0315553031581,0.126141106544897,"f"
3903,-1.4730568434818,17.0333505107571,0.126152977335944,"f"
3904,-1.47296338885801,17.0351465297459,0.126164851175802,"f"
3905,-1.47286958210675,17.036943379709,0.126176727097038,"f"
3906,-1.47277543711231,17.0387410802314,0.126188604132216,"f"
3907,-1.47268096775895,17.0405396508977,0.126200481313902,"f"
3908,-1.47258618793096,17.0423391112927,0.12621235767466,"f"
3909,-1.47249111151261,17.0441394810012,0.126224232247058,"f"
3910,-1.47239575238818,17.045940779608,0.126236104063659,"f"
3911,-1.47230012444194,17.0477430266978,0.126247972157029,"f"
3912,-1.47220424155818,17.0495462418553,0.126259835559734,"f"
3913,-1.47210811762116,17.0513504446654,0.126271693304338,"f"
3914,-1.47201176651518,17.0531556547128,0.126283544423408,"f"
3915,-1.47191520212449,17.0549618915822,0.126295387949508,"f"
3916,-1.47181843833339,17.0567691748584,0.126307222915204,"f"
3917,-1.47172148902614,17.0585775241263,0.126319048353062,"f"
3918,-1.47162436808703,17.0603869589704,0.126330863295646,"f"
3919,-1.47152708940033,17.0621974989757,0.126342666775522,"f"
3920,-1.47142966685032,17.0640091637269,0.126354457825255,"f"
3921,-1.47133211432128,17.0658219728087,0.126366235477411,"f"
3922,-1.47123444569748,17.0676359458059,0.126377998764555,"f"
3923,-1.47113667486319,17.0694511023032,0.126389746719253,"f"
3924,-1.47103881570271,17.0712674618855,0.126401478374069,"f"
3925,-1.47094088210029,17.0730850441375,0.126413192761569,"f"
3926,-1.47084288794023,17.0749038686439,0.126424888914319,"f"
3927,-1.47074484608187,17.0767239538726,0.126436565916524,"f"
3928,-1.47064675151652,17.0785452988202,0.126448223752664,"f"
3929,-1.47054858405842,17.0803678859444,0.126459863171907,"f"
3930,-1.47045032303958,17.0821916971773,0.126471484947721,"f"
3931,-1.47035194779199,17.0840167144511,0.126483089853571,"f"
3932,-1.47025343764765,17.085842919698,0.126494678662925,"f"
3933,-1.47015477193857,17.0876702948501,0.12650625214925,"f"
3934,-1.47005592999675,17.0894988218396,0.126517811086011,"f"
3935,-1.46995689115419,17.0913284825987,0.126529356246676,"f"
3936,-1.46985763474289,17.0931592590595,0.126540888404711,"f"
3937,-1.46975814009485,17.0949911331543,0.126552408333583,"f"
3938,-1.46965838654208,17.0968240868151,0.126563916806758,"f"
3939,-1.46955835341657,17.0986581019743,0.126575414597703,"f"
3940,-1.46945802005033,17.1004931605638,0.126586902479884,"f"
3941,-1.46935736577536,17.1023292445159,0.126598381226769,"f"
3942,-1.46925636992366,17.1041663357628,0.126609851611824,"f"
3943,-1.46915501182723,17.1060044162367,0.126621314408515,"f"
3944,-1.46905327081807,17.1078434678696,0.12663277039031,"f"
3945,-1.46895112622819,17.1096834725938,0.126644220330674,"f"
3946,-1.46884855738958,17.1115244123415,0.126655665003074,"f"
3947,-1.46874554363426,17.1133662690447,0.126667105180978,"f"
3948,-1.46864206429421,17.1152090246358,0.126678541637851,"f"
3949,-1.46853809870144,17.1170526610468,0.12668997514716,"f"
3950,-1.46843362618795,17.11889716021,0.126701406482372,"f"
3951,-1.46832862608575,17.1207425040574,0.126712836416954,"f"
3952,-1.46822307772683,17.1225886745213,0.126724265724371,"f"
3953,-1.4681169604432,17.1244356535338,0.126735695178092,"f"
3954,-1.46801025356686,17.1262834230272,0.126747125551582,"f"
3955,-1.4679029364298,17.1281319649335,0.126758557618307,"f"
3956,-1.46779498836404,17.1299812611849,0.126769992151736,"f"
3957,-1.46768638871684,17.1318312937229,0.126781429925082,"f"
3958,-1.46757712790407,17.1336820511437,0.126792871529337,"f"
3959,-1.46746722692149,17.1355335404301,0.126804317052047,"f"
3960,-1.46735671200145,17.1373857717132,0.12681576649455,"f"
3961,-1.46724560937631,17.1392387551243,0.126827219858181,"f"
3962,-1.46713394527842,17.1410925007945,0.126838677144278,"f"
3963,-1.46702174594014,17.1429470188551,0.126850138354176,"f"
3964,-1.46690903759381,17.1448023194372,0.126861603489211,"f"
3965,-1.46679584647179,17.146658412672,0.12687307255072,"f"
3966,-1.46668219880643,17.1485153086907,0.12688454554004,"f"
3967,-1.46656812083009,17.1503730176245,0.126896022458507,"f"
3968,-1.46645363877511,17.1522315496046,0.126907503307457,"f"
3969,-1.46633877887385,17.1540909147622,0.126918988088226,"f"
3970,-1.46622356735867,17.1559511232285,0.126930476802151,"f"
3971,-1.46610803046192,17.1578121851347,0.126941969450568,"f"
3972,-1.46599219441595,17.159674110612,0.126953466034813,"f"
3973,-1.4658760854531,17.1615369097915,0.126964966556224,"f"
3974,-1.46575972980575,17.1634005928046,0.126976471016136,"f"
3975,-1.46564315370623,17.1652651697822,0.126987979415885,"f"
3976,-1.46552638338691,17.1671306508558,0.126999491756808,"f"
3977,-1.46540944508013,17.1689970461564,0.127011008040242,"f"
3978,-1.46529236501825,17.1708643658152,0.127022528267522,"f"
3979,-1.46517516943362,17.1727326199635,0.127034052439985,"f"
3980,-1.4650578845586,17.1746018187324,0.127045580558967,"f"
3981,-1.46494053662553,17.1764719722531,0.127057112625805,"f"
3982,-1.46482315186677,17.1783430906568,0.127068648641836,"f"
3983,-1.46470575651468,17.1802151840748,0.127080188608394,"f"
3984,-1.4645883768016,17.1820882626382,0.127091732526817,"f"
3985,-1.46447103895989,17.1839623364782,0.127103280398442,"f"
3986,-1.46435376922191,17.185837415726,0.127114832224604,"f"
3987,-1.46423659381999,17.1877135105128,0.127126388006639,"f"
3988,-1.46411953645943,17.1895906303572,0.127137947703634,"f"
3989,-1.46400259358308,17.1914687781695,0.127149510818854,"f"
3990,-1.4638857449999,17.193347952828,0.127161076577457,"f"
3991,-1.46376897028152,17.1952281531534,0.127172644200631,"f"
3992,-1.46365224899957,17.1971093779664,0.127184212909563,"f"
3993,-1.46353556072569,17.1989916260879,0.127195781925441,"f"
3994,-1.4634188850315,17.2008748963384,0.127207350469454,"f"
3995,-1.46330220148865,17.2027591875389,0.127218917762788,"f"
3996,-1.46318548966876,17.2046444985099,0.127230483026633,"f"
3997,-1.46306872914347,17.2065308280722,0.127242045482177,"f"
3998,-1.46295189948441,17.2084181750466,0.127253604350606,"f"
3999,-1.46283498026321,17.2103065382537,0.12726515885311,"f"
4000,-1.4627179510515,17.2121959165144,0.127276708210875,"f"
4001,-1.46260079142092,17.2140863086494,0.127288251645091,"f"
4002,-1.4624834809431,17.2159777134794,0.127299788376945,"f"
4003,-1.46236599918968,17.2178701298251,0.127311317627624,"f"
4004,-1.46224832573227,17.2197635565073,0.127322838618318,"f"
4005,-1.46213044014253,17.2216579923467,0.127334350570214,"f"
4006,-1.46201232199207,17.223553436164,0.127345852704499,"f"
4007,-1.46189395085253,17.22544988678,0.127357344242362,"f"
4008,-1.46177530629555,17.2273473430155,0.127368824404991,"f"
4009,-1.46165636789276,17.229245803691,0.127380292413574,"f"
4010,-1.46153711521579,17.2311452676275,0.127391747489298,"f"
4011,-1.46141752783627,17.2330457336456,0.127403188853352,"f"
4012,-1.46129758532583,17.234947200566,0.127414615726924,"f"
4013,-1.46117726725612,17.2368496672095,0.127426027331201,"f"
4014,-1.46105655319875,17.2387531323969,0.127437422887372,"f"
4015,-1.46093542272536,17.2406575949488,0.127448801616625,"f"
4016,-1.4608138554076,17.242563053686,0.127460162740146,"f"
4017,-1.46069183081707,17.2444695074293,0.127471505479126,"f"
4018,-1.46056932861229,17.2463769549882,0.127482829059347,"f"
4019,-1.46044633896177,17.2482853938382,0.127494133262738,"f"
4020,-1.46032287244604,17.2501948188629,0.127505418951346,"f"
4021,-1.46019894199085,17.2521052246481,0.127516687111313,"f"
4022,-1.46007456052197,17.2540166057796,0.127527938728783,"f"
4023,-1.45994974096514,17.2559289568434,0.1275391747899,"f"
4024,-1.45982449624612,17.2578422724253,0.127550396280807,"f"
4025,-1.45969883929066,17.2597565471111,0.127561604187647,"f"
4026,-1.45957278302451,17.2616717754868,0.127572799496566,"f"
4027,-1.45944634037342,17.2635879521382,0.127583983193705,"f"
4028,-1.45931952426315,17.2655050716512,0.127595156265209,"f"
4029,-1.45919234761945,17.2674231286116,0.127606319697221,"f"
4030,-1.45906482336807,17.2693421176052,0.127617474475885,"f"
4031,-1.45893696443477,17.2712620332181,0.127628621587344,"f"
4032,-1.45880878374529,17.2731828700359,0.127639762017742,"f"
4033,-1.45868029422539,17.2751046226446,0.127650896753223,"f"
4034,-1.45855150880083,17.2770272856301,0.12766202677993,"f"
4035,-1.45842244039735,17.2789508535782,0.127673153084007,"f"
4036,-1.45829310194071,17.2808753210748,0.127684276651597,"f"
4037,-1.45816350635666,17.2828006827057,0.127695398468844,"f"
4038,-1.45803366657095,17.2847269330568,0.127706519521892,"f"
4039,-1.45790359550934,17.286654066714,0.127717640796884,"f"
4040,-1.45777330609758,17.2885820782631,0.127728763279964,"f"
4041,-1.45764281126142,17.2905109622901,0.127739887957275,"f"
4042,-1.45751212392661,17.2924407133806,0.127751015814961,"f"
4043,-1.45738125701891,17.2943713261208,0.127762147839165,"f"
4044,-1.45725022346407,17.2963027950963,0.127773285016032,"f"
4045,-1.45711903618784,17.298235114893,0.127784428331704,"f"
4046,-1.45698770811597,17.3001682800969,0.127795578772326,"f"
4047,-1.45685625217423,17.3021022852938,0.12780673732404,"f"
4048,-1.45672468128835,17.3040371250695,0.127817904972991,"f"
4049,-1.45659300633489,17.3059727946332,0.127829082524372,"f"
4050,-1.45646122363891,17.3079092936201,0.127840269498441,"f"
4051,-1.45632932322865,17.3098466235807,0.127851464859428,"f"
4052,-1.45619729510713,17.311784786073,0.127862667569338,"f"
4053,-1.4560651292774,17.3137237826553,0.127873876590178,"f"
4054,-1.4559328157425,17.3156636148856,0.127885090883953,"f"
4055,-1.45580034450546,17.3176042843221,0.127896309412669,"f"
4056,-1.45566770556933,17.3195457925229,0.127907531138332,"f"
4057,-1.45553488893713,17.3214881410461,0.127918755022947,"f"
4058,-1.45540188461192,17.3234313314498,0.127929980028522,"f"
4059,-1.45526868259673,17.3253753652922,0.127941205117061,"f"
4060,-1.45513527289459,17.3273202441315,0.12795242925057,"f"
4061,-1.45500164550856,17.3292659695256,0.127963651391056,"f"
4062,-1.45486779044166,17.3312125430328,0.127974870500524,"f"
4063,-1.45473369769694,17.3331599662111,0.12798608554098,"f"
4064,-1.45459935727743,17.3351082406187,0.12799729547443,"f"
4065,-1.45446475918618,17.3370573678138,0.12800849926288,"f"
4066,-1.45432989342621,17.3390073493544,0.128019695868335,"f"
4067,-1.45419475000058,17.3409581867987,0.128030884252802,"f"
4068,-1.45405931891232,17.3429098817048,0.128042063378286,"f"
4069,-1.45392359016447,17.3448624356308,0.128053232206793,"f"
4070,-1.45378755376007,17.3468158501349,0.128064389700329,"f"
4071,-1.45365119970215,17.3487701267751,0.128075534820901,"f"
4072,-1.45351451799376,17.3507252671097,0.128086666530513,"f"
4073,-1.45337749863794,17.3526812726967,0.128097783791172,"f"
4074,-1.45324013163772,17.3546381450942,0.128108885564883,"f"
4075,-1.45310240699614,17.3565958858604,0.128119970813653,"f"
4076,-1.45296431471624,17.3585544965534,0.128131038499487,"f"
4077,-1.45282584480106,17.3605139787314,0.128142087584391,"f"
4078,-1.45268698725364,17.3624743339524,0.128153117030372,"f"
4079,-1.45254773221573,17.3644355637537,0.12816412581768,"f"
4080,-1.45240807611181,17.3663976687264,0.128175113753074,"f"
4081,-1.45226802408415,17.3683606481489,0.128186081790142,"f"
4082,-1.45212758191716,17.3703245012027,0.128197030966949,"f"
4083,-1.45198675539525,17.3722892270696,0.128207962321561,"f"
4084,-1.45184555030283,17.3742548249312,0.128218876892041,"f"
4085,-1.45170397242431,17.376221293969,0.128229775716455,"f"
4086,-1.45156202754411,17.3781886333648,0.128240659832867,"f"
4087,-1.45141972144662,17.3801568423001,0.128251530279342,"f"
4088,-1.45127705991625,17.3821259199566,0.128262388093945,"f"
4089,-1.45113404873743,17.3840958655159,0.12827323431474,"f"
4090,-1.45099069369456,17.3860666781597,0.128284069979793,"f"
4091,-1.45084700057204,17.3880383570696,0.128294896127167,"f"
4092,-1.45070297515429,17.3900109014271,0.128305713794929,"f"
4093,-1.45055862322572,17.3919843104141,0.128316524021141,"f"
4094,-1.45041395057074,17.393958583212,0.12832732784387,"f"
4095,-1.45026896297375,17.3959337190026,0.12833812630118,"f"
4096,-1.45012366621917,17.3979097169674,0.128348920431136,"f"
4097,-1.44997806609141,17.3998865762881,0.128359711271802,"f"
4098,-1.44983216837487,17.4018642961463,0.128370499861243,"f"
4099,-1.44968597885397,17.4038428757237,0.128381287237524,"f"
4100,-1.44953950331311,17.4058223142018,0.12839207443871,"f"
4101,-1.44939274753671,17.4078026107624,0.128402862502865,"f"
4102,-1.44924571730917,17.409783764587,0.128413652468055,"f"
4103,-1.44909841841491,17.4117657748573,0.128424445372343,"f"
4104,-1.44895085663833,17.413748640755,0.128435242253795,"f"
4105,-1.44880303776385,17.4157323614616,0.128446044150475,"f"
4106,-1.44865496757587,17.4177169361587,0.128456852100448,"f"
4107,-1.4485066518588,17.4197023640281,0.12846766714178,"f"
4108,-1.44835809639706,17.4216886442514,0.128478490312533,"f"
4109,-1.44820930697505,17.4236757760101,0.128489322650775,"f"
4110,-1.44806028970026,17.4256637588339,0.128500164916537,"f"
4111,-1.44791105223967,17.4276525939319,0.128511016527807,"f"
4112,-1.44776160273021,17.4296422830194,0.128521876498171,"f"
4113,-1.44761194930885,17.4316328278116,0.128532743841133,"f"
4114,-1.44746210011263,17.433624230024,0.128543617570195,"f"
4115,-1.44731206327852,17.4356164913719,0.128554496698861,"f"
4116,-1.44716184694355,17.4376096135705,0.128565380240634,"f"
4117,-1.44701145924472,17.4396035983353,0.128576267209019,"f"
4118,-1.44686090831902,17.4415984473816,0.128587156617517,"f"
4119,-1.44671020230347,17.4435941624248,0.128598047479633,"f"
4120,-1.44655934933507,17.4455907451801,0.12860893880887,"f"
4121,-1.44640835755082,17.4475881973629,0.128619829618731,"f"
4122,-1.44625723508772,17.4495865206886,0.128630718922719,"f"
4123,-1.44610599008279,17.4515857168725,0.128641605734339,"f"
4124,-1.44595463067302,17.45358578763,0.128652489067093,"f"
4125,-1.44580316499542,17.4555867346763,0.128663367934484,"f"
4126,-1.445651601187,17.4575885597269,0.128674241350017,"f"
4127,-1.44549994738475,17.459591264497,0.128685108327194,"f"
4128,-1.44534821172569,17.461594850702,0.128695967879519,"f"
4129,-1.44519640234681,17.4635993200573,0.128706819020495,"f"
4130,-1.44504452738512,17.4656046742782,0.128717660763626,"f"
4131,-1.44489259497763,17.46761091508,0.128728492122414,"f"
4132,-1.44474061326134,17.4696180441781,0.128739312110364,"f"
4133,-1.44458859037325,17.4716260632878,0.128750119740978,"f"
4134,-1.44443653445037,17.4736349741245,0.128760914027761,"f"
4135,-1.4442844536297,17.4756447784035,0.128771693984215,"f"
4136,-1.44413235604825,17.4776554778401,0.128782458623844,"f"
4137,-1.44398024984302,17.4796670741497,0.12879320696015,"f"
4138,-1.44382814315101,17.4816795690477,0.128803938006639,"f"
4139,-1.44367604410924,17.4836929642493,0.128814650776812,"f"
4140,-1.44352396032987,17.4857072613083,0.128825344320978,"f"
4141,-1.44337188735403,17.4877224580608,0.128836018535967,"f"
4142,-1.44321980865182,17.4897385486255,0.128846674165126,"f"
4143,-1.44306770716847,17.4917555269594,0.128857311988608,"f"
4144,-1.44291556584926,17.4937733870195,0.128867932786568,"f"
4145,-1.44276336763943,17.4957921227627,0.12887853733916,"f"
4146,-1.44261109548424,17.4978117281462,0.128889126426535,"f"
4147,-1.44245873232894,17.4998321971268,0.128899700828849,"f"
4148,-1.4423062611188,17.5018535236616,0.128910261326255,"f"
4149,-1.44215366479906,17.5038757017076,0.128920808698906,"f"
4150,-1.44200092631498,17.5058987252218,0.128931343726956,"f"
4151,-1.44184802861181,17.5079225881612,0.128941867190559,"f"
4152,-1.44169495463482,17.5099472844827,0.128952379869867,"f"
4153,-1.44154168732925,17.5119728081435,0.128962882545035,"f"
4154,-1.44138820964037,17.5139991531004,0.128973375996217,"f"
4155,-1.44123450451342,17.5160263133105,0.128983861003565,"f"
4156,-1.44108055489366,17.5180542827308,0.128994338347234,"f"
4157,-1.44092634372635,17.5200830553183,0.129004808807376,"f"
4158,-1.44077185395674,17.52211262503,0.129015273164147,"f"
4159,-1.44061706853009,17.5241429858228,0.129025732197698,"f"
4160,-1.44046197039165,17.5261741316539,0.129036186688184,"f"
4161,-1.44030654248668,17.5282060564801,0.129046637415758,"f"
4162,-1.44015076776044,17.5302387542586,0.129057085160575,"f"
4163,-1.43999462915817,17.5322722189462,0.129067530702786,"f"
4164,-1.43983810962513,17.5343064445,0.129077974822547,"f"
4165,-1.43968119210659,17.536341424877,0.12908841830001,"f"
4166,-1.43952385954778,17.5383771540342,0.12909886191533,"f"
4167,-1.43936609489398,17.5404136259286,0.129109306448659,"f"
4168,-1.43920788109043,17.5424508345172,0.129119752680152,"f"
4169,-1.43904920108239,17.5444887737569,0.129130201389962,"f"
4170,-1.43889003781653,17.5465274376052,0.12914065335821,"f"
4171,-1.43873038114704,17.5485668214618,0.129151109207916,"f"
4172,-1.43857024385152,17.550606925514,0.12916156904074,"f"
4173,-1.43840964345658,17.5526477509407,0.129172032850333,"f"
4174,-1.43824859748882,17.5546892989208,0.129182500630345,"f"
4175,-1.43808712347486,17.5567315706335,0.129192972374427,"f"
4176,-1.43792523894131,17.5587745672575,0.129203448076229,"f"
4177,-1.43776296141478,17.560818289972,0.129213927729402,"f"
4178,-1.43760030842188,17.5628627399559,0.129224411327596,"f"
4179,-1.43743729748922,17.5649079183881,0.129234898864461,"f"
4180,-1.43727394614341,17.5669538264477,0.12924539033365,"f"
4181,-1.43711027191107,17.5690004653136,0.129255885728811,"f"
4182,-1.43694629231879,17.5710478361648,0.129266385043595,"f"
4183,-1.43678202489321,17.5730959401802,0.129276888271653,"f"
4184,-1.43661748716091,17.5751447785389,0.129287395406636,"f"
4185,-1.43645269664852,17.5771943524198,0.129297906442193,"f"
4186,-1.43628767088265,17.5792446630019,0.129308421371976,"f"
4187,-1.43612242738991,17.5812957114642,0.129318940189635,"f"
4188,-1.4359569836969,17.5833474989855,0.12932946288882,"f"
4189,-1.43579135733024,17.585400026745,0.129339989463182,"f"
4190,-1.43562556581654,17.5874532959216,0.129350519906372,"f"
4191,-1.43545962668241,17.5895073076943,0.129361054212039,"f"
4192,-1.43529355745446,17.5915620632419,0.129371592373835,"f"
4193,-1.4351273756593,17.5936175637436,0.12938213438541,"f"
4194,-1.43496109882355,17.5956738103783,0.129392680240415,"f"
4195,-1.4347947444738,17.5977308043249,0.1294032299325,"f"
4196,-1.43462833013669,17.5997885467625,0.129413783455315,"f"
4197,-1.4344618733388,17.60184703887,0.129424340802512,"f"
4198,-1.43429539160676,17.6039062818263,0.12943490196774,"f"
4199,-1.43412890246718,17.6059662768105,0.12944546694465,"f"
4200,-1.43396242344666,17.6080270250016,0.129456035726893,"f"
4201,-1.43379597093157,17.6100885275845,0.129466608277666,"f"
4202,-1.43362954582812,17.612150785826,0.129477184146741,"f"
4203,-1.43346313788629,17.614213801052,0.12948776258594,"f"
4204,-1.43329673660974,17.6162775745896,0.129498342840508,"f"
4205,-1.43313033150214,17.6183421077658,0.129508924155689,"f"
4206,-1.43296391206715,17.6204074019078,0.129519505776727,"f"
4207,-1.43279746780843,17.6224734583427,0.129530086948867,"f"
4208,-1.43263098822965,17.6245402783975,0.129540666917353,"f"
4209,-1.43246446283449,17.6266078633994,0.129551244927428,"f"
4210,-1.4322978811266,17.6286762146755,0.129561820224339,"f"
4211,-1.43213123260964,17.6307453335528,0.129572392053328,"f"
4212,-1.4319645067873,17.6328152213585,0.129582959659641,"f"
4213,-1.43179769316322,17.6348858794197,0.129593522288522,"f"
4214,-1.43163078124109,17.6369573090635,0.129604079185215,"f"
4215,-1.43146376052455,17.6390295116169,0.129614629594964,"f"
4216,-1.43129662051729,17.6411024884071,0.129625172763013,"f"
4217,-1.43112935072296,17.6431762407611,0.129635707934608,"f"
4218,-1.43096194064523,17.6452507700062,0.129646234354993,"f"
4219,-1.43079437978777,17.6473260774693,0.129656751269411,"f"
4220,-1.43062665765425,17.6494021644776,0.129667257923108,"f"
4221,-1.43045876374832,17.6514790323582,0.129677753561326,"f"
4222,-1.43029068757365,17.6535566824381,0.129688237429312,"f"
4223,-1.43012241863391,17.6556351160445,0.129698708772309,"f"
4224,-1.42995394643278,17.6577143345045,0.129709166835562,"f"
4225,-1.4297852604739,17.6597943391452,0.129719610864315,"f"
4226,-1.42961635026095,17.6618751312937,0.129730040103812,"f"
4227,-1.42944720529759,17.6639567122771,0.129740453799297,"f"
4228,-1.42927781508749,17.6660390834224,0.129750851196016,"f"
4229,-1.42910816913432,17.6681222460568,0.129761231539212,"f"
4230,-1.42893825694174,17.6702062015074,0.129771594074129,"f"
4231,-1.42876806802844,17.6722909510927,0.129781938047828,"f"
4232,-1.42859759567028,17.6743764939846,0.12979226316127,"f"
4233,-1.42842684182559,17.6764628243943,0.129802570164343,"f"
4234,-1.42825580967542,17.6785499358344,0.129812859954651,"f"
4235,-1.42808450240081,17.6806378218176,0.1298231334298,"f"
4236,-1.42791292318281,17.6827264758564,0.129833391487391,"f"
4237,-1.42774107520246,17.6848158914635,0.129843635025029,"f"
4238,-1.42756896164081,17.6869060621514,0.129853864940319,"f"
4239,-1.42739658567889,17.688996981433,0.129864082130864,"f"
4240,-1.42722395049775,17.6910886428206,0.129874287494267,"f"
4241,-1.42705105927844,17.693181039827,0.129884481928133,"f"
4242,-1.426877915202,17.6952741659649,0.129894666330065,"f"
4243,-1.42670452144948,17.6973680147467,0.129904841597668,"f"
4244,-1.42653088120191,17.6994625796852,0.129915008628545,"f"
4245,-1.42635699764034,17.7015578542929,0.1299251683203,"f"
4246,-1.42618287394582,17.7036538320825,0.129935321570537,"f"
4247,-1.42600851329939,17.7057505065666,0.12994546927686,"f"
4248,-1.42583391888209,17.7078478712578,0.129955612336872,"f"
4249,-1.42565909387497,17.7099459196688,0.129965751648178,"f"
4250,-1.42548404145907,17.7120446453121,0.129975888108382,"f"
4251,-1.42530876481544,17.7141440417004,0.129986022615087,"f"
4252,-1.42513326712511,17.7162441023464,0.129996156065897,"f"
4253,-1.42495755156914,17.7183448207625,0.130006289358416,"f"
4254,-1.42478162132856,17.7204461904615,0.130016423390248,"f"
4255,-1.42460547958442,17.722548204956,0.130026559058996,"f"
4256,-1.42442912951777,17.7246508577586,0.130036697262266,"f"
4257,-1.42425257430965,17.7267541423819,0.13004683889766,"f"
4258,-1.4240758171411,17.7288580523386,0.130056984862782,"f"
4259,-1.42389886119316,17.7309625811412,0.130067136055236,"f"
4260,-1.42372170964689,17.7330677223024,0.130077293372627,"f"
4261,-1.42354436568332,17.7351734693348,0.130087457712558,"f"
4262,-1.42336683210318,17.7372798164423,0.130097629859746,"f"
4263,-1.42318910839709,17.739386763846,0.130107809616379,"f"
4264,-1.42301119235128,17.7414943148649,0.130117996278746,"f"
4265,-1.42283308173792,17.7436024728439,0.130128189138957,"f"
4266,-1.42265477432916,17.7457112411275,0.130138387489118,"f"
4267,-1.42247626789716,17.7478206230606,0.13014859062134,"f"
4268,-1.42229756021409,17.7499306219879,0.130158797827729,"f"
4269,-1.42211864905209,17.7520412412541,0.130169008400395,"f"
4270,-1.42193953218333,17.7541524842039,0.130179221631445,"f"
4271,-1.42176020737997,17.7562643541821,0.130189436812989,"f"
4272,-1.42158067241416,17.7583768545334,0.130199653237134,"f"
4273,-1.42140092505807,17.7604899886025,0.130209870195989,"f"
4274,-1.42122096308385,17.7626037597342,0.130220086981662,"f"
4275,-1.42104078426366,17.7647181712732,0.130230302886262,"f"
4276,-1.42086038636965,17.7668332265641,0.130240517201897,"f"
4277,-1.420679767174,17.7689489289519,0.130250729220676,"f"
4278,-1.42049892444885,17.7710652817811,0.130260938234706,"f"
4279,-1.42031785596637,17.7731822883965,0.130271143536097,"f"
4280,-1.42013655949871,17.7752999521428,0.130281344416956,"f"
4281,-1.41995503281804,17.7774182763648,0.130291540169392,"f"
4282,-1.4197732736965,17.7795372644072,0.130301730085513,"f"
4283,-1.41959127990626,17.7816569196147,0.130311913457428,"f"
4284,-1.41940904921948,17.7837772453321,0.130322089577246,"f"
4285,-1.41922657940832,17.7858982449041,0.130332257737073,"f"
4286,-1.41904386824494,17.7880199216754,0.13034241722902,"f"
4287,-1.41886091350148,17.7901422789907,0.130352567345194,"f"
4288,-1.41867771295012,17.7922653201948,0.130362707377703,"f"
4289,-1.41849426436301,17.7943890486324,0.130372836618657,"f"
4290,-1.41831056551231,17.7965134676482,0.130382954360163,"f"
4291,-1.41812661417018,17.798638580587,0.130393059894329,"f"
4292,-1.41794240814925,17.8007643907414,0.13040315251588,"f"
4293,-1.41775794809913,17.802890897755,0.130413231702802,"f"
4294,-1.41757323931915,17.8050180952906,0.130423297233448,"f"
4295,-1.41738828753962,17.8071459764568,0.130433348914012,"f"
4296,-1.41720309849087,17.8092745343619,0.130443386550689,"f"
4297,-1.41701767790322,17.8114037621145,0.130453409949672,"f"
4298,-1.41683203150699,17.8135336528229,0.130463418917158,"f"
4299,-1.4166461650325,17.8156641995957,0.130473413259339,"f"
4300,-1.41646008421007,17.8177953955413,0.13048339278241,"f"
4301,-1.41627379477003,17.8199272337681,0.130493357292566,"f"
4302,-1.41608730244269,17.8220597073847,0.130503306596001,"f"
4303,-1.41590061295839,17.8241928094995,0.13051324049891,"f"
4304,-1.41571373204743,17.8263265332209,0.130523158807486,"f"
4305,-1.41552666544015,17.8284608716573,0.130533061327925,"f"
4306,-1.41533941886686,17.8305958179174,0.13054294786642,"f"
4307,-1.41515199805789,17.8327313651095,0.130552818229166,"f"
4308,-1.41496440874356,17.834867506342,0.130562672222358,"f"
4309,-1.41477665665418,17.8370042347235,0.13057250965219,"f"
4310,-1.41458874752009,17.8391415433624,0.130582330324856,"f"
4311,-1.4144006870716,17.8412794253671,0.13059213404655,"f"
4312,-1.41421248103903,17.8434178738462,0.130601920623468,"f"
4313,-1.41402413515272,17.845556881908,0.130611689861803,"f"
4314,-1.41383565514297,17.8476964426611,0.13062144156775,"f"
4315,-1.41364704674011,17.8498365492138,0.130631175547504,"f"
4316,-1.41345831567446,17.8519771946747,0.130640891607258,"f"
4317,-1.41326946767635,17.8541183721523,0.130650589553207,"f"
4318,-1.41308050847609,17.8562600747549,0.130660269191546,"f"
4319,-1.41289144380401,17.858402295591,0.130669930328469,"f"
4320,-1.41270227939043,17.8605450277691,0.13067957277017,"f"
4321,-1.41251302096567,17.8626882643977,0.130689196322843,"f"
4322,-1.41232367426005,17.8648319985852,0.130698800792684,"f"
4323,-1.41213424442932,17.8669762245382,0.130708386173121,"f"
4324,-1.41194473327388,17.8691209428761,0.130717953550963,"f"
4325,-1.41175514137963,17.8712661565395,0.130727504408781,"f"
4326,-1.41156546933082,17.8734118684721,0.130737040229687,"f"
4327,-1.41137571771168,17.8755580816176,0.130746562496796,"f"
4328,-1.41118588710644,17.8777047989199,0.130756072693221,"f"
4329,-1.41099597809935,17.8798520233226,0.130765572302077,"f"
4330,-1.41080599127464,17.8819997577695,0.130775062806478,"f"
4331,-1.41061592721654,17.8841480052044,0.130784545689537,"f"
4332,-1.4104257865093,17.886296768571,0.130794022434369,"f"
4333,-1.41023556973714,17.8884460508131,0.130803494524087,"f"
4334,-1.41004527748431,17.8905958548744,0.130812963441806,"f"
4335,-1.40985491033504,17.8927461836986,0.13082243067064,"f"
4336,-1.40966446887357,17.8948970402296,0.130831897693702,"f"
4337,-1.40947395368413,17.897048427411,0.130841365994107,"f"
4338,-1.40928336535096,17.8992003481867,0.130850837054968,"f"
4339,-1.4090927044583,17.9013528055003,0.1308603123594,"f"
4340,-1.40890197159039,17.9035058022956,0.130869793390517,"f"
4341,-1.40871116733145,17.9056593415164,0.130879281631433,"f"
4342,-1.40852029226572,17.9078134261064,0.130888778565261,"f"
4343,-1.40832934697745,17.9099680590094,0.130898285675116,"f"
4344,-1.40813833205087,17.9121232431691,0.130907804444111,"f"
4345,-1.40794724807021,17.9142789815292,0.130917336355361,"f"
4346,-1.40775609561971,17.9164352770336,0.13092688289198,"f"
4347,-1.40756487528361,17.9185921326259,0.130936445537082,"f"
4348,-1.40737358764614,17.92074955125,0.13094602577378,"f"
4349,-1.40718223329155,17.9229075358495,0.130955625085188,"f"
4350,-1.40699081280405,17.9250660893683,0.130965244954422,"f"
4351,-1.40679932676791,17.92722521475,0.130974886864594,"f"
4352,-1.40660777576734,17.9293849149384,0.130984552298819,"f"
4353,-1.40641616026583,17.9315451927681,0.130994242698812,"f"
4354,-1.40622447692672,17.9337060476354,0.131003958203373,"f"
4355,-1.40603271793936,17.935867474889,0.131013697417377,"f"
4356,-1.40584087523648,17.9380294696456,0.131023458857708,"f"
4357,-1.40564894075083,17.9401920270216,0.131033241041253,"f"
4358,-1.40545690641512,17.9423551421335,0.131043042484898,"f"
4359,-1.40526476416209,17.944518810098,0.131052861705529,"f"
4360,-1.40507250592448,17.9466830260315,0.131062697220031,"f"
4361,-1.40488012363502,17.9488477850506,0.131072547545292,"f"
4362,-1.40468760922644,17.9510130822718,0.131082411198196,"f"
4363,-1.40449495463148,17.9531789128117,0.131092286695631,"f"
4364,-1.40430215178286,17.9553452717868,0.131102172554481,"f"
4365,-1.40410919261333,17.9575121543137,0.131112067291633,"f"
4366,-1.40391606905561,17.9596795555088,0.131121969423972,"f"
4367,-1.40372277304243,17.9618474704888,0.131131877468386,"f"
4368,-1.40352929650654,17.9640158943701,0.131141789941759,"f"
4369,-1.40333563138065,17.9661848222693,0.131151705360978,"f"
4370,-1.40314176959751,17.968354249303,0.131161622242929,"f"
4371,-1.40294770308985,17.9705241705877,0.131171539104497,"f"
4372,-1.4027534237904,17.9726945812398,0.131181454462569,"f"
4373,-1.4025589236319,17.974865476376,0.131191366834031,"f"
4374,-1.40236419454707,17.9770368511128,0.131201274735768,"f"
4375,-1.40216922846865,17.9792087005668,0.131211176684668,"f"
4376,-1.40197401732938,17.9813810198544,0.131221071197615,"f"
4377,-1.40177855306198,17.9835538040923,0.131230956791495,"f"
4378,-1.40158282759918,17.9857270483969,0.131240831983195,"f"
4379,-1.40138683287373,17.9879007478848,0.131250695289601,"f"
4380,-1.40119056081836,17.9900748976725,0.131260545227598,"f"
4381,-1.40099400336579,17.9922494928766,0.131270380314073,"f"
4382,-1.40079715244876,17.9944245286136,0.131280199065912,"f"
4383,-1.4006,17.9966,0.13129,"f"
4384,-1.40040254103132,17.9987759021851,0.13129978191271,"f"
4385,-1.40020478287079,18.0009522304486,0.131309544718362,"f"
4386,-1.40000673592557,18.0031289801028,0.13131928861076,"f"
4387,-1.39980841060281,18.0053061464603,0.131329013783711,"f"
4388,-1.39960981730965,18.0074837248335,0.13133872043102,"f"
4389,-1.39941096645325,18.0096617105347,0.131348408746493,"f"
4390,-1.39921186844076,18.0118400988763,0.131358078923935,"f"
4391,-1.39901253367932,18.0140188851708,0.131367731157152,"f"
4392,-1.39881297257608,18.0161980647306,0.13137736563995,"f"
4393,-1.3986131955382,18.0183776328681,0.131386982566134,"f"
4394,-1.39841321297283,18.0205575848957,0.13139658212951,"f"
4395,-1.39821303528712,18.0227379161258,0.131406164523883,"f"
4396,-1.39801267288821,18.0249186218708,0.13141572994306,"f"
4397,-1.39781213618325,18.0270996974431,0.131425278580846,"f"
4398,-1.39761143557941,18.0292811381552,0.131434810631047,"f"
4399,-1.39741058148381,18.0314629393195,0.131444326287467,"f"
4400,-1.39720958430363,18.0336450962483,0.131453825743913,"f"
4401,-1.397008454446,18.0358276042541,0.131463309194191,"f"
4402,-1.39680720231808,18.0380104586493,0.131472776832106,"f"
4403,-1.39660583832701,18.0401936547463,0.131482228851464,"f"
4404,-1.39640437287995,18.0423771878575,0.13149166544607,"f"
4405,-1.39620281638405,18.0445610532953,0.13150108680973,"f"
4406,-1.39600117924645,18.0467452463722,0.131510493136249,"f"
4407,-1.39579947187431,18.0489297624005,0.131519884619434,"f"
4408,-1.39559770467478,18.0511145966927,0.13152926145309,"f"
4409,-1.395395888055,18.0532997445612,0.131538623831023,"f"
4410,-1.39519403242213,18.0554852013183,0.131547971947037,"f"
4411,-1.39499214818331,18.0576709622766,0.13155730599494,"f"
4412,-1.3947902457457,18.0598570227483,0.131566626168536,"f"
4413,-1.39458833551645,18.062043378046,0.131575932661631,"f"
4414,-1.39438642722962,18.0642300236909,0.13158522568328,"f"
4415,-1.39418451888519,18.066416958847,0.131594505708388,"f"
4416,-1.39398259851619,18.068604185772,0.131603773437671,"f"
4417,-1.39378065383896,18.0707917068222,0.131613029579021,"f"
4418,-1.39357867256987,18.0729795243535,0.131622274840329,"f"
4419,-1.39337664242525,18.0751676407223,0.131631509929486,"f"
4420,-1.39317455112146,18.0773560582845,0.131640735554384,"f"
4421,-1.39297238637484,18.0795447793964,0.131649952422915,"f"
4422,-1.39277013590175,18.081733806414,0.131659161242969,"f"
4423,-1.39256778741853,18.0839231416936,0.131668362722439,"f"
4424,-1.39236532864153,18.0861127875912,0.131677557569215,"f"
4425,-1.3921627472871,18.0883027464629,0.13168674649119,"f"
4426,-1.3919600310716,18.090493020665,0.131695930196254,"f"
4427,-1.39175716771136,18.0926836125534,0.131705109392299,"f"
4428,-1.39155414492274,18.0948745244845,0.131714284787217,"f"
4429,-1.39135095042209,18.0970657588142,0.131723457088899,"f"
4430,-1.39114757192576,18.0992573178988,0.131732627005236,"f"
4431,-1.39094399715009,18.1014492040944,0.13174179524412,"f"
4432,-1.39074021381144,18.103641419757,0.131750962513443,"f"
4433,-1.39053620962615,18.1058339672429,0.131760129521095,"f"
4434,-1.39033197231058,18.1080268489082,0.131769296974969,"f"
4435,-1.39012748958106,18.1102200671089,0.131778465582955,"f"
4436,-1.38992274915396,18.1124136242013,0.131787636052945,"f"
4437,-1.38971773874561,18.1146075225415,0.131796809092831,"f"
4438,-1.38951244607238,18.1168017644855,0.131805985410504,"f"
4439,-1.3893068588506,18.1189963523896,0.131815165713856,"f"
4440,-1.38910096479663,18.1211912886099,0.131824350710777,"f"
4441,-1.38889475162682,18.1233865755024,0.13183354110916,"f"
4442,-1.38868820705751,18.1255822154234,0.131842737616895,"f"
4443,-1.38848131880506,18.127778210729,0.131851940941875,"f"
4444,-1.38827407459549,18.129974563773,0.131861151791468,"f"
4445,-1.38806646917199,18.1321712752351,0.131870370494142,"f"
4446,-1.3878585166645,18.1343683411706,0.131879596331553,"f"
4447,-1.38765023452277,18.1365657568423,0.131888828406098,"f"
4448,-1.3874416401966,18.1387635175135,0.131898065820174,"f"
4449,-1.38723275113574,18.140961618447,0.131907307676177,"f"
4450,-1.38702358478997,18.143160054906,0.131916553076504,"f"
4451,-1.38681415860906,18.1453588221536,0.131925801123552,"f"
4452,-1.38660449004279,18.1475579154527,0.131935050919718,"f"
4453,-1.38639459654091,18.1497573300665,0.131944301567399,"f"
4454,-1.38618449555322,18.1519570612579,0.13195355216899,"f"
4455,-1.38597420452947,18.1541571042902,0.13196280182689,"f"
4456,-1.38576374091944,18.1563574544262,0.131972049643494,"f"
4457,-1.3855531221729,18.1585581069291,0.1319812947212,"f"
4458,-1.38534236573963,18.1607590570619,0.131990536162404,"f"
4459,-1.38513148906939,18.1629603000877,0.131999773069503,"f"
4460,-1.38492050961196,18.1651618312695,0.132009004544894,"f"
4461,-1.3847094448171,18.1673636458704,0.132018229690973,"f"
4462,-1.3844983121346,18.1695657391534,0.132027447610138,"f"
4463,-1.38428712901422,18.1717681063816,0.132036657404784,"f"
4464,-1.38407591290573,18.1739707428181,0.13204585817731,"f"
4465,-1.3838646812589,18.1761736437259,0.132055049030111,"f"
4466,-1.38365345152352,18.178376804368,0.132064229065585,"f"
4467,-1.38344224114934,18.1805802200076,0.132073397386128,"f"
4468,-1.38323106758614,18.1827838859076,0.132082553094137,"f"
4469,-1.3830199482837,18.1849877973311,0.132091695292008,"f"
4470,-1.38280890069178,18.1871919495412,0.132100823082139,"f"
4471,-1.38259794226016,18.189396337801,0.132109935566926,"f"
4472,-1.3823870904386,18.1916009573734,0.132119031848766,"f"
4473,-1.38217636267688,18.1938058035216,0.132128111030055,"f"
4474,-1.38196577642478,18.1960108715086,0.132137172213192,"f"
4475,-1.38175534737679,18.1982161566002,0.13214621459006,"f"
4476,-1.38154507229134,18.200421654092,0.132155238317968,"f"
4477,-1.3813349363732,18.2026273592976,0.132164244143265,"f"
4478,-1.38112492466231,18.2048332675311,0.132173232820703,"f"
4479,-1.38091502219859,18.2070393741064,0.132182205105036,"f"
4480,-1.38070521402197,18.2092456743374,0.132191161751018,"f"
4481,-1.38049548517238,18.2114521635382,0.132200103513401,"f"
4482,-1.38028582068974,18.2136588370227,0.132209031146939,"f"
4483,-1.38007620561398,18.2158656901048,0.132217945406385,"f"
4484,-1.37986662498504,18.2180727180985,0.132226847046492,"f"
4485,-1.37965706384283,18.2202799163179,0.132235736822015,"f"
4486,-1.3794475072273,18.2224872800768,0.132244615487705,"f"
4487,-1.37923794017835,18.2246948046892,0.132253483798317,"f"
4488,-1.37902834773593,18.226902485469,0.132262342508603,"f"
4489,-1.37881871493996,18.2291103177303,0.132271192373318,"f"
4490,-1.37860902683037,18.2313182967871,0.132280034147213,"f"
4491,-1.37839926844708,18.2335264179532,0.132288868585043,"f"
4492,-1.37818942483004,18.2357346765426,0.132297696441561,"f"
4493,-1.37797948101915,18.2379430678693,0.13230651847152,"f"
4494,-1.37776942205435,18.2401515872473,0.132315335429674,"f"
4495,-1.37755923297557,18.2423602299905,0.132324148070775,"f"
4496,-1.37734889882274,18.2445689914129,0.132332957149577,"f"
4497,-1.37713840463579,18.2467778668284,0.132341763420834,"f"
4498,-1.37692773545463,18.2489868515511,0.132350567639298,"f"
4499,-1.37671687631921,18.2511959408948,0.132359370559723,"f"
4500,-1.37650581226945,18.2534051301736,0.132368172936862,"f"
4501,-1.37629452834527,18.2556144147014,0.132376975525469,"f"
4502,-1.3760830095866,18.2578237897922,0.132385779080296,"f"
4503,-1.37587124103338,18.2600332507599,0.132394584356097,"f"
4504,-1.37565920772553,18.2622427929185,0.132403392107626,"f"
4505,-1.37544689474151,18.2644524115999,0.132412203087687,"f"
4506,-1.37523429182181,18.2666621043069,0.132421017813261,"f"
4507,-1.37502139776129,18.2688718727585,0.132429836343328,"f"
4508,-1.37480821239511,18.2710817191581,0.132438658684247,"f"
4509,-1.37459473555842,18.2732916457091,0.132447484842377,"f"
4510,-1.37438096708637,18.2755016546149,0.132456314824074,"f"
4511,-1.37416690681412,18.277711748079,0.132465148635698,"f"
4512,-1.37395255457681,18.2799219283047,0.132473986283607,"f"
4513,-1.3737379102096,18.2821321974954,0.132482827774159,"f"
4514,-1.37352297354764,18.2843425578546,0.132491673113712,"f"
4515,-1.37330774442608,18.2865530115856,0.132500522308624,"f"
4516,-1.37309222268008,18.2887635608919,0.132509375365255,"f"
4517,-1.37287640814478,18.2909742079769,0.132518232289961,"f"
4518,-1.37266030065535,18.2931849550439,0.132527093089102,"f"
4519,-1.37244390004693,18.2953958042964,0.132535957769036,"f"
4520,-1.37222720615467,18.2976067579378,0.13254482633612,"f"
4521,-1.37201021881373,18.2998178181715,0.132553698796714,"f"
4522,-1.37179293785925,18.3020289872009,0.132562575157175,"f"
4523,-1.3715753631264,18.3042402672294,0.132571455423862,"f"
4524,-1.37135749445032,18.3064516604604,0.132580339603133,"f"
4525,-1.37113933166617,18.3086631690973,0.132589227701346,"f"
4526,-1.3709208746091,18.3108747953436,0.132598119724859,"f"
4527,-1.37070212311425,18.3130865414026,0.132607015680031,"f"
4528,-1.37048307701679,18.3152984094778,0.13261591557322,"f"
4529,-1.37026373615187,18.3175104017725,0.132624819410785,"f"
4530,-1.37004410035463,18.3197225204901,0.132633727199083,"f"
4531,-1.36982416946023,18.3219347678341,0.132642638944473,"f"
4532,-1.36960394330382,18.3241471460079,0.132651554653313,"f"
4533,-1.36938342172055,18.3263596572149,0.132660474331961,"f"
4534,-1.36916260454558,18.3285723036585,0.132669397986776,"f"
4535,-1.36894149161406,18.330785087542,0.132678325624116,"f"
4536,-1.3687200841722,18.332998010503,0.132687257180024,"f"
4537,-1.36849839348619,18.3352110701599,0.132696192091243,"f"
4538,-1.36827643515814,18.3374242623921,0.132705129578449,"f"
4539,-1.36805422480752,18.339637583072,0.132714068861457,"f"
4540,-1.3678317780538,18.3418510280719,0.132723009160079,"f"
4541,-1.36760911051644,18.3440645932644,0.132731949694129,"f"
4542,-1.36738623781489,18.3462782745218,0.132740889683422,"f"
4543,-1.36716317556863,18.3484920677165,0.132749828347771,"f"
4544,-1.36693993939711,18.3507059687209,0.132758764906989,"f"
4545,-1.36671654491981,18.3529199734075,0.13276769858089,"f"
4546,-1.36649300775617,18.3551340776486,0.132776628589288,"f"
4547,-1.36626934352567,18.3573482773166,0.132785554151996,"f"
4548,-1.36604556784777,18.359562568284,0.132794474488828,"f"
4549,-1.36582169634192,18.3617769464232,0.132803388819597,"f"
4550,-1.3655977446276,18.3639914076065,0.132812296364119,"f"
4551,-1.36537372832427,18.3662059477064,0.132821196342204,"f"
4552,-1.36514966305139,18.3684205625953,0.132830087973669,"f"
4553,-1.36492556442841,18.3706352481456,0.132838970478326,"f"
4554,-1.36470144807482,18.3728500002297,0.132847843075988,"f"
4555,-1.36447732961006,18.37506481472,0.13285670498647,"f"
4556,-1.3642532246536,18.377279687489,0.132865555429585,"f"
4557,-1.36402914882491,18.3794946144089,0.132874393625147,"f"
4558,-1.36380511774344,18.3817095913523,0.13288321879297,"f"
4559,-1.36358114702866,18.3839246141916,0.132892030152866,"f"
4560,-1.36335725230004,18.3861396787991,0.132900826924651,"f"
4561,-1.36313344917703,18.3883547810472,0.132909608328136,"f"
4562,-1.36290975327909,18.3905699168084,0.132918373583137,"f"
4563,-1.3626861802257,18.3927850819551,0.132927121909466,"f"
4564,-1.36246274563632,18.3950002723597,0.132935852526938,"f"
4565,-1.3622394651304,18.3972154838945,0.132944564655365,"f"
4566,-1.36201635401648,18.3994307124071,0.132953257530091,"f"
4567,-1.36179341351904,18.4016459526129,0.132961931089843,"f"
4568,-1.36157062531994,18.4038611976569,0.13297058624935,"f"
4569,-1.36134796966154,18.4060764405684,0.13297922399523,"f"
4570,-1.3611254267862,18.4082916743767,0.132987845314101,"f"
4571,-1.36090297693628,18.410506892111,0.132996451192584,"f"
4572,-1.36068060035414,18.4127220868007,0.133005042617297,"f"
4573,-1.36045827728214,18.414937251475,0.133013620574859,"f"
4574,-1.36023598796264,18.4171523791631,0.133022186051889,"f"
4575,-1.36001371263801,18.4193674628945,0.133030740035005,"f"
4576,-1.35979143155059,18.4215824956983,0.133039283510827,"f"
4577,-1.35956912494275,18.4237974706038,0.133047817465975,"f"
4578,-1.35934677305685,18.4260123806403,0.133056342887065,"f"
4579,-1.35912435613526,18.4282272188371,0.133064860760719,"f"
4580,-1.35890185442032,18.4304419782235,0.133073372073554,"f"
4581,-1.35867924815441,18.4326566518287,0.13308187781219,"f"
4582,-1.35845651757988,18.434871232682,0.133090378963245,"f"
4583,-1.35823364293908,18.4370857138128,0.133098876513338,"f"
4584,-1.3580106044744,18.4393000882502,0.13310737144909,"f"
4585,-1.35778738242817,18.4415143490237,0.133115864757117,"f"
4586,-1.35756395704276,18.4437284891623,0.13312435742404,"f"
4587,-1.35734030856054,18.4459425016955,0.133132850436477,"f"
4588,-1.35711641722385,18.4481563796525,0.133141344781047,"f"
4589,-1.35689226327507,18.4503701160626,0.13314984144437,"f"
4590,-1.35666782695656,18.452583703955,0.133158341413064,"f"
4591,-1.35644308851066,18.4547971363591,0.133166845673748,"f"
4592,-1.35621802817975,18.4570104063041,0.13317535521304,"f"
4593,-1.35599262620618,18.4592235068193,0.133183871017561,"f"
4594,-1.35576686283231,18.461436430934,0.133192394073929,"f"
4595,-1.3555407183005,18.4636491716775,0.133200925368763,"f"
4596,-1.35531417285312,18.465861722079,0.133209465888682,"f"
4597,-1.35508721230992,18.468074077599,0.133218016342194,"f"
4598,-1.35485984941255,18.4702862454334,0.133226576095377,"f"
4599,-1.3546321050151,18.4724982363143,0.133235144109793,"f"
4600,-1.35440399997328,18.4747100609743,0.13324371934692,"f"
4601,-1.35417555514285,18.4769217301464,0.133252300768237,"f"
4602,-1.35394679137953,18.4791332545633,0.133260887335223,"f"
4603,-1.35371772953905,18.4813446449578,0.133269478009357,"f"
4604,-1.35348839047714,18.4835559120627,0.133278071752117,"f"
4605,-1.35325879504954,18.4857670666108,0.133286667524982,"f"
4606,-1.35302896411198,18.4879781193348,0.13329526428943,"f"
4607,-1.35279891852019,18.4901890809676,0.133303861006942,"f"
4608,-1.35256867912991,18.492399962242,0.133312456638994,"f"
4609,-1.35233826679687,18.4946107738907,0.133321050147067,"f"
4610,-1.3521077023768,18.4968215266466,0.133329640492639,"f"
4611,-1.35187700672542,18.4990322312424,0.133338226637188,"f"
4612,-1.35164620069849,18.5012428984109,0.133346807542193,"f"
4613,-1.35141530515172,18.5034535388849,0.133355382169133,"f"
4614,-1.35118434094085,18.5056641633973,0.133363949479487,"f"
4615,-1.35095332892162,18.5078747826807,0.133372508434734,"f"
4616,-1.35072228994975,18.510085407468,0.133381057996351,"f"
4617,-1.35049124488097,18.512296048492,0.133389597125819,"f"
4618,-1.35026021457103,18.5145067164855,0.133398124784616,"f"
4619,-1.35002921987565,18.5167174221812,0.13340663993422,"f"
4620,-1.34979828165057,18.518928176312,0.13341514153611,"f"
4621,-1.34956742075151,18.5211389896107,0.133423628551765,"f"
4622,-1.34933665803422,18.5233498728099,0.133432099942664,"f"
4623,-1.34910601435441,18.5255608366426,0.133440554670286,"f"
4624,-1.34887551056784,18.5277718918416,0.133448991696109,"f"
4625,-1.34864516753022,18.5299830491395,0.133457409981611,"f"
4626,-1.34841500609729,18.5321943192692,0.133465808488273,"f"
4627,-1.3481850462505,18.534405712434,0.133474186220868,"f"
4628,-1.34795528786275,18.536617226659,0.133482543179985,"f"
4629,-1.3477257106984,18.5388288477908,0.133490880362025,"f"
4630,-1.34749629364753,18.5410405611466,0.133499198806688,"f"
4631,-1.3472670156002,18.5432523520438,0.133507499553669,"f"
4632,-1.34703785544649,18.5454642057996,0.133515783642668,"f"
4633,-1.34680879207648,18.5476761077311,0.133524052113382,"f"
4634,-1.34657980438024,18.5498880431557,0.133532306005508,"f"
4635,-1.34635087124785,18.5520999973905,0.133540546358746,"f"
4636,-1.34612197156937,18.5543119557529,0.133548774212792,"f"
4637,-1.34589308423488,18.5565239035599,0.133556990607345,"f"
4638,-1.34566418813445,18.558735826129,0.133565196582102,"f"
4639,-1.34543526215817,18.5609477087773,0.133573393176761,"f"
4640,-1.34520628519609,18.563159536822,0.13358158143102,"f"
4641,-1.34497723613831,18.5653712955804,0.133589762384577,"f"
4642,-1.34474809387488,18.5675829703697,0.133597937077131,"f"
4643,-1.34451883729589,18.5697945465072,0.133606106548377,"f"
4644,-1.3442894452914,18.5720060093102,0.133614271838016,"f"
4645,-1.3440598967515,18.5742173440957,0.133622433985743,"f"
4646,-1.34383017056625,18.5764285361811,0.133630594031258,"f"
4647,-1.34360024562573,18.5786395708837,0.133638753014258,"f"
4648,-1.34337010082002,18.5808504335205,0.133646911974441,"f"
4649,-1.34313971503918,18.583061109409,0.133655071951505,"f"
4650,-1.34290906717329,18.5852715838663,0.133663233985148,"f"
4651,-1.34267813611243,18.5874818422097,0.133671399115067,"f"
4652,-1.34244690074667,18.5896918697563,0.133679568380961,"f"
4653,-1.34221533996608,18.5919016518235,0.133687742822526,"f"
4654,-1.34198343266074,18.5941111737285,0.133695923479462,"f"
4655,-1.34175115772072,18.5963204207884,0.133704111391466,"f"
4656,-1.34151849403609,18.5985293783207,0.133712307598236,"f"
4657,-1.34128542049864,18.6007380316432,0.133720513139387,"f"
4658,-1.34105192441724,18.6029463700941,0.133728728648607,"f"
4659,-1.34081802103365,18.6051543963525,0.133736953412474,"f"
4660,-1.34058373137648,18.6073621158613,0.133745186438486,"f"
4661,-1.34034907647433,18.6095695340634,0.133753426734141,"f"
4662,-1.34011407735581,18.6117766564016,0.133761673306937,"f"
4663,-1.33987875504953,18.6139834883188,0.133769925164373,"f"
4664,-1.33964313058411,18.616190035258,0.133778181313945,"f"
4665,-1.33940722498813,18.6183963026621,0.133786440763153,"f"
4666,-1.33917105929022,18.6206022959739,0.133794702519494,"f"
4667,-1.33893465451899,18.6228080206363,0.133802965590467,"f"
4668,-1.33869803170303,18.6250134820923,0.133811228983568,"f"
4669,-1.33846121187096,18.6272186857847,0.133819491706297,"f"
4670,-1.33822421605139,18.6294236371564,0.133827752766151,"f"
4671,-1.33798706527292,18.6316283416504,0.133836011170629,"f"
4672,-1.33774978056416,18.6338328047095,0.133844265927227,"f"
4673,-1.33751238295373,18.6360370317765,0.133852516043445,"f"
4674,-1.33727489347022,18.6382410282945,0.133860760526781,"f"
4675,-1.33703733314224,18.6404447997063,0.133868998384731,"f"
4676,-1.33679972299841,18.6426483514549,0.133877228624795,"f"
4677,-1.33656208406734,18.644851688983,0.133885450254471,"f"
4678,-1.33632443737762,18.6470548177336,0.133893662281255,"f"
4679,-1.33608680395787,18.6492577431496,0.133901863712648,"f"
4680,-1.33584920483669,18.6514604706738,0.133910053556145,"f"
4681,-1.3356116610427,18.6536630057493,0.133918230819246,"f"
4682,-1.3353741936045,18.6558653538188,0.133926394509449,"f"
4683,-1.3351368235507,18.6580675203253,0.133934543634251,"f"
4684,-1.33489957190991,18.6602695107117,0.13394267720115,"f"
4685,-1.33466245971073,18.6624713304209,0.133950794217645,"f"
4686,-1.33442550798178,18.6646729848957,0.133958893691234,"f"
4687,-1.33418873775166,18.6668744795791,0.133966974629414,"f"
4688,-1.33395216836124,18.669075819404,0.133975036112724,"f"
4689,-1.33371579623873,18.6712770023808,0.133983078213301,"f"
4690,-1.33347960129953,18.6734780215308,0.133991101717909,"f"
4691,-1.33324356309449,18.6756788697652,0.133999107429091,"f"
4692,-1.33300766117449,18.6778795399951,0.134007096149389,"f"
4693,-1.33277187509038,18.6800800251318,0.134015068681345,"f"
4694,-1.33253618439301,18.6822803180864,0.1340230258275,"f"
4695,-1.33230056863324,18.6844804117701,0.134030968390396,"f"
4696,-1.33206500736194,18.6866802990941,0.134038897172575,"f"
4697,-1.33182948012996,18.6888799729696,0.134046812976579,"f"
4698,-1.33159396648815,18.6910794263077,0.13405471660495,"f"
4699,-1.33135844598739,18.6932786520196,0.134062608860229,"f"
4700,-1.33112289817852,18.6954776430165,0.134070490544959,"f"
4701,-1.3308873026124,18.6976763922096,0.134078362461682,"f"
4702,-1.3306516388399,18.69987489251,0.134086225412939,"f"
4703,-1.33041588641186,18.702073136829,0.134094080201273,"f"
4704,-1.33018002487916,18.7042711180776,0.134101927629224,"f"
4705,-1.32994403379264,18.7064688291672,0.134109768499335,"f"
4706,-1.32970789270317,18.7086662630088,0.134117603614149,"f"
4707,-1.3294715811616,18.7108634125137,0.134125433776206,"f"
4708,-1.32923507871879,18.713060270593,0.134133259788048,"f"
4709,-1.32899836492561,18.715256830158,0.134141082452219,"f"
4710,-1.3287614193329,18.7174530841197,0.134148902571258,"f"
4711,-1.32852422149153,18.7196490253893,0.134156720947709,"f"
4712,-1.32828675095236,18.7218446468782,0.134164538384113,"f"
4713,-1.32804898726624,18.7240399414973,0.134172355683012,"f"
4714,-1.32781090998404,18.7262349021579,0.134180173646947,"f"
4715,-1.3275724986566,18.7284295217713,0.134187993078462,"f"
4716,-1.32733373283479,18.7306237932484,0.134195814780097,"f"
4717,-1.32709459206947,18.7328177095007,0.134203639554395,"f"
4718,-1.32685505595398,18.7350112634487,0.134211468202916,"f"
4719,-1.32661511470197,18.7372044504096,0.134219301282071,"f"
4720,-1.32637478306983,18.7393972712383,0.134227138781742,"f"
4721,-1.32613407927017,18.7415897275695,0.134234980612033,"f"
4722,-1.32589302151557,18.7437818210378,0.134242826683046,"f"
4723,-1.32565162801862,18.745973553278,0.134250676904883,"f"
4724,-1.32540991699193,18.7481649259248,0.134258531187648,"f"
4725,-1.32516790664809,18.7503559406129,0.134266389441442,"f"
4726,-1.32492561519969,18.7525465989771,0.13427425157637,"f"
4727,-1.32468306085932,18.7547369026519,0.134282117502532,"f"
4728,-1.32444026183958,18.7569268532721,0.134289987130033,"f"
4729,-1.32419723635308,18.7591164524724,0.134297860368975,"f"
4730,-1.32395400261239,18.7613057018876,0.134305737129459,"f"
4731,-1.32371057883011,18.7634946031523,0.134313617321591,"f"
4732,-1.32346698321885,18.7656831579012,0.13432150085547,"f"
4733,-1.32322323399119,18.7678713677691,0.134329387641202,"f"
4734,-1.32297934935972,18.7700592343906,0.134337277588887,"f"
4735,-1.32273534753705,18.7722467594005,0.134345170608629,"f"
4736,-1.32249124673577,18.7744339444335,0.134353066610531,"f"
4737,-1.32224706516847,18.7766207911242,0.134360965504695,"f"
4738,-1.32200282104775,18.7788073011074,0.134368867201224,"f"
4739,-1.3217585325862,18.7809934760177,0.134376771610221,"f"
4740,-1.32151421799642,18.78317931749,0.134384678641788,"f"
4741,-1.32126989549099,18.7853648271588,0.134392588206027,"f"
4742,-1.32102558328252,18.7875500066589,0.134400500213043,"f"
4743,-1.3207812995836,18.7897348576251,0.134408414572936,"f"
4744,-1.32053706260683,18.7919193816919,0.134416331195811,"f"
4745,-1.32029289056479,18.7941035804942,0.134424249991769,"f"
4746,-1.32004880167009,18.7962874556666,0.134432170870914,"f"
4747,-1.31980481413532,18.7984710088438,0.134440093743348,"f"
4748,-1.31956094617307,18.8006542416606,0.134448018519173,"f"
4749,-1.31931721402307,18.8028371556753,0.134455945083669,"f"
4750,-1.31907361675387,18.8050197517826,0.134463873106051,"f"
4751,-1.31883014459266,18.8072020305353,0.134471802144286,"f"
4752,-1.31858678769356,18.8093839924835,0.134479731755421,"f"
4753,-1.31834353621071,18.811565638177,0.134487661496505,"f"
4754,-1.31810038029823,18.8137469681659,0.134495590924583,"f"
4755,-1.31785731011025,18.8159279830003,0.134503519596704,"f"
4756,-1.31761431580089,18.81810868323,0.134511447069915,"f"
4757,-1.31737138752428,18.8202890694051,0.134519372901263,"f"
4758,-1.31712851543456,18.8224691420756,0.134527296647796,"f"
4759,-1.31688568968584,18.8246489017915,0.134535217866561,"f"
4760,-1.31664290043226,18.8268283491028,0.134543136114606,"f"
4761,-1.31640013782794,18.8290074845595,0.134551050948977,"f"
4762,-1.31615739202702,18.8311863087115,0.134558961926723,"f"
4763,-1.31591465318361,18.8333648221089,0.134566868604891,"f"
4764,-1.31567191145184,18.8355430253016,0.134574770540527,"f"
4765,-1.31542915698584,18.8377209188398,0.13458266729068,"f"
4766,-1.31518637993975,18.8398985032733,0.134590558412397,"f"
4767,-1.31494357046768,18.8420757791521,0.134598443462726,"f"
4768,-1.31470071872376,18.8442527470263,0.134606321998712,"f"
4769,-1.31445781486213,18.8464294074459,0.134614193577405,"f"
4770,-1.31421484903691,18.8486057609608,0.134622057755851,"f"
4771,-1.31397181140222,18.8507818081211,0.134629914091099,"f"
4772,-1.31372869211219,18.8529575494766,0.134637762140194,"f"
4773,-1.31348548132096,18.8551329855776,0.134645601460185,"f"
4774,-1.31324216918264,18.8573081169738,0.134653431608119,"f"
4775,-1.31299874585137,18.8594829442154,0.134661252141043,"f"
4776,-1.31275520148128,18.8616574678524,0.134669062616005,"f"
4777,-1.31251152622648,18.8638316884346,0.134676862590052,"f"
4778,-1.31226771024111,18.8660056065122,0.134684651620231,"f"
4779,-1.31202374372883,18.8681792226128,0.134692429264491,"f"
4780,-1.31177962036515,18.870352535701,0.134700195143836,"f"
4781,-1.31153533951583,18.8725255421797,0.134707948982628,"f"
4782,-1.31129090107409,18.874698238214,0.134715690514804,"f"
4783,-1.31104630493314,18.8768706199694,0.134723419474305,"f"
4784,-1.31080155098619,18.8790426836111,0.134731135595071,"f"
4785,-1.31055663912645,18.8812144253044,0.13473883861104,"f"
4786,-1.31031156924715,18.8833858412147,0.134746528256153,"f"
4787,-1.31006634124149,18.8855569275072,0.134754204264349,"f"
4788,-1.30982095500269,18.8877276803473,0.134761866369568,"f"
4789,-1.30957541042396,18.8898980959002,0.134769514305748,"f"
4790,-1.30932970739852,18.8920681703313,0.134777147806831,"f"
4791,-1.30908384581958,18.8942378998059,0.134784766606754,"f"
4792,-1.30883782558035,18.8964072804893,0.134792370439458,"f"
4793,-1.30859164657405,18.8985763085468,0.134799959038883,"f"
4794,-1.30834530869389,18.9007449801436,0.134807532138967,"f"
4795,-1.30809881183309,18.9029132914452,0.134815089473651,"f"
4796,-1.30785215588486,18.9050812386168,0.134822630776874,"f"
4797,-1.30760534074241,18.9072488178237,0.134830155782576,"f"
4798,-1.30735836629896,18.9094160252313,0.134837664224695,"f"
4799,-1.30711123244772,18.9115828570047,0.134845155837172,"f"
4800,-1.30686393908191,18.9137493093094,0.134852630353947,"f"
4801,-1.30661648609474,18.9159153783107,0.134860087508958,"f"
4802,-1.30636887337942,18.9180810601738,0.134867527036146,"f"
4803,-1.30612110082917,18.9202463510641,0.134874948669449,"f"
4804,-1.3058731683372,18.9224112471469,0.134882352142808,"f"
4805,-1.30562507579672,18.9245757445874,0.134889737190162,"f"
4806,-1.30537682310096,18.926739839551,0.13489710354545,"f"
4807,-1.30512841014312,18.928903528203,0.134904450942612,"f"
4808,-1.30487983681641,18.9310668067087,0.134911779115589,"f"
4809,-1.30463110301406,18.9332296712334,0.134919087798318,"f"
4810,-1.30438220978821,18.9353921176461,0.13492637692273,"f"
4811,-1.30413316495885,18.9375541400851,0.13493364757695,"f"
4812,-1.30388397879561,18.9397157320624,0.134940901267595,"f"
4813,-1.30363466157152,18.941876887089,0.134948139501859,"f"
4814,-1.30338522355958,18.9440375986761,0.134955363786936,"f"
4815,-1.30313567503281,18.9461978603347,0.134962575630021,"f"
4816,-1.30288602626424,18.948357665576,0.134969776538308,"f"
4817,-1.30263628752687,18.9505170079111,0.134976968018992,"f"
4818,-1.30238646909373,18.9526758808509,0.134984151579267,"f"
4819,-1.30213658123783,18.9548342779067,0.134991328726328,"f"
4820,-1.30188663423219,18.9569921925895,0.134998500967368,"f"
4821,-1.30163663834983,18.9591496184105,0.135005669809583,"f"
4822,-1.30138660386375,18.9613065488806,0.135012836760166,"f"
4823,-1.30113654104699,18.963462977511,0.135020003326312,"f"
4824,-1.30088646017255,18.9656188978128,0.135027171015215,"f"
4825,-1.30063637151346,18.9677743032971,0.13503434133407,"f"
4826,-1.30038628534272,18.969929187475,0.135041515790072,"f"
4827,-1.30013621193336,18.9720835438575,0.135048695890413,"f"
4828,-1.2998861615584,18.9742373659558,0.13505588314229,"f"
4829,-1.29963614449084,18.976390647281,0.135063079052896,"f"
4830,-1.29938617100371,18.9785433813441,0.135070285129426,"f"
4831,-1.29913625137003,18.9806955616562,0.135077502879074,"f"
4832,-1.29888639586281,18.9828471817285,0.135084733809035,"f"
4833,-1.29863661475506,18.984998235072,0.135091979426502,"f"
4834,-1.29838691831981,18.9871487151978,0.135099241238671,"f"
4835,-1.29813731683007,18.9892986156171,0.135106520752735,"f"
4836,-1.29788782055886,18.9914479298408,0.135113819475889,"f"
4837,-1.2976384397792,18.9935966513801,0.135121138915328,"f"
4838,-1.2973891847641,18.9957447737462,0.135128480578246,"f"
4839,-1.29714006578657,18.99789229045,0.135135845971837,"f"
4840,-1.29689109270122,19.000039195212,0.135143236561225,"f"
4841,-1.29664226219363,19.0021854883422,0.13515065248747,"f"
4842,-1.29639355544555,19.0043311779082,0.135158092332807,"f"
4843,-1.29614495274935,19.0064762724226,0.135165554590055,"f"
4844,-1.29589643439745,19.0086207803981,0.135173037752035,"f"
4845,-1.29564798068225,19.0107647103472,0.135180540311565,"f"
4846,-1.29539957189614,19.0129080707827,0.135188060761463,"f"
4847,-1.29515118833153,19.0150508702172,0.135195597594551,"f"
4848,-1.29490281028082,19.0171931171633,0.135203149303646,"f"
4849,-1.29465441803641,19.0193348201337,0.135210714381569,"f"
4850,-1.29440599189069,19.021475987641,0.135218291321138,"f"
4851,-1.29415751213607,19.0236166281978,0.135225878615174,"f"
4852,-1.29390895906496,19.0257567503168,0.135233474756494,"f"
4853,-1.29366031296974,19.0278963625106,0.135241078237918,"f"
4854,-1.29341155414282,19.0300354732919,0.135248687552266,"f"
4855,-1.29316266287661,19.0321740911732,0.135256301192358,"f"
4856,-1.2929136194635,19.0343122246673,0.135263917651011,"f"
4857,-1.29266440419589,19.0364498822868,0.135271535421046,"f"
4858,-1.29241499736618,19.0385870725443,0.135279152995282,"f"
4859,-1.29216537926678,19.0407238039524,0.135286768866538,"f"
4860,-1.29191553019009,19.0428600850238,0.135294381527633,"f"
4861,-1.29166543042849,19.0449959242712,0.135301989471388,"f"
4862,-1.29141506027441,19.0471313302072,0.13530959119062,"f"
4863,-1.29116440002023,19.0492663113443,0.135317185178149,"f"
4864,-1.29091342995836,19.0514008761953,0.135324769926795,"f"
4865,-1.29066213038119,19.0535350332728,0.135332343929377,"f"
4866,-1.29041048158113,19.0556687910894,0.135339905678714,"f"
4867,-1.29015846385059,19.0578021581578,0.135347453667626,"f"
4868,-1.28990605748195,19.0599351429906,0.135354986388931,"f"
4869,-1.28965324276762,19.0620677541005,0.135362502335449,"f"
4870,-1.2894,19.0642,0.13537,"f"
4871,-1.28914631708976,19.0663318867358,0.135377478170931,"f"
4872,-1.28889221242065,19.0684634104899,0.135384936818706,"f"
4873,-1.28863771199469,19.0705945649784,0.135392376209316,"f"
4874,-1.28838284181388,19.0727253439173,0.135399796608754,"f"
4875,-1.28812762788026,19.0748557410227,0.135407198283012,"f"
4876,-1.28787209619583,19.0769857500106,0.135414581498082,"f"
4877,-1.2876162727626,19.079115364597,0.135421946519956,"f"
4878,-1.28736018358261,19.0812445784979,0.135429293614625,"f"
4879,-1.28710385465786,19.0833733854294,0.135436623048083,"f"
4880,-1.28684731199038,19.0855017791075,0.13544393508632,"f"
4881,-1.28659058158217,19.0876297532483,0.13545122999533,"f"
4882,-1.28633368943525,19.0897573015677,0.135458508041103,"f"
4883,-1.28607666155165,19.0918844177819,0.135465769489633,"f"
4884,-1.28581952393337,19.0940110956068,0.135473014606911,"f"
4885,-1.28556230258244,19.0961373287584,0.135480243658929,"f"
4886,-1.28530502350087,19.0982631109529,0.135487456911679,"f"
4887,-1.28504771269068,19.1003884359062,0.135494654631153,"f"
4888,-1.28479039615388,19.1025132973343,0.135501837083344,"f"
4889,-1.28453309989249,19.1046376889534,0.135509004534243,"f"
4890,-1.28427584990853,19.1067616044794,0.135516157249843,"f"
4891,-1.28401867220402,19.1088850376283,0.135523295496135,"f"
4892,-1.28376159278096,19.1110079821162,0.135530419539111,"f"
4893,-1.28350463764139,19.1131304316592,0.135537529644764,"f"
4894,-1.28324783278731,19.1152523799732,0.135544626079086,"f"
4895,-1.28299120422074,19.1173738207743,0.135551709108068,"f"
4896,-1.2827347779437,19.1194947477785,0.135558778997703,"f"
4897,-1.2824785799582,19.1216151547019,0.135565836013982,"f"
4898,-1.28222263626626,19.1237350352604,0.135572880422898,"f"
4899,-1.2819669728699,19.1258543831702,0.135579912490443,"f"
4900,-1.28171161577114,19.1279731921472,0.135586932482609,"f"
4901,-1.28145658959356,19.1300914559558,0.135593940670645,"f"
4902,-1.28120189492998,19.132209169203,0.135600937417445,"f"
4903,-1.28094751196156,19.1343263272118,0.135607923163749,"f"
4904,-1.28069342022086,19.1364429253275,0.13561489835277,"f"
4905,-1.28043959924047,19.1385589588958,0.13562186342772,"f"
4906,-1.28018602855296,19.1406744232623,0.135628818831811,"f"
4907,-1.27993268769092,19.1427893137724,0.135635765008257,"f"
4908,-1.27967955618692,19.1449036257717,0.135642702400269,"f"
4909,-1.27942661357354,19.1470173546058,0.135649631451061,"f"
4910,-1.27917383938336,19.1491304956203,0.135656552603844,"f"
4911,-1.27892121314895,19.1512430441606,0.135663466301832,"f"
4912,-1.27866871440291,19.1533549955724,0.135670372988236,"f"
4913,-1.2784163226778,19.1554663452011,0.13567727310627,"f"
4914,-1.27816401750621,19.1575770883924,0.135684167099146,"f"
4915,-1.27791177842071,19.1596872204917,0.135691055410076,"f"
4916,-1.27765958495388,19.1617967368447,0.135697938482274,"f"
4917,-1.27740741663831,19.163905632797,0.135704816758951,"f"
4918,-1.27715525300656,19.1660139036939,0.13571169068332,"f"
4919,-1.27690307359123,19.1681215448811,0.135718560698594,"f"
4920,-1.27665085792488,19.1702285517042,0.135725427247986,"f"
4921,-1.2763985855401,19.1723349195087,0.135732290774707,"f"
4922,-1.27614623596947,19.1744406436402,0.13573915172197,"f"
4923,-1.27589378874556,19.1765457194441,0.135746010532989,"f"
4924,-1.27564122340096,19.1786501422661,0.135752867650974,"f"
4925,-1.27538851946824,19.1807539074517,0.13575972351914,"f"
4926,-1.27513565647998,19.1828570103465,0.135766578580698,"f"
4927,-1.27488261396876,19.184959446296,0.135773433278862,"f"
4928,-1.27462937146716,19.1870612106458,0.135780288056843,"f"
4929,-1.27437590850776,19.1891622987414,0.135787143357854,"f"
4930,-1.27412220462313,19.1912627059283,0.135793999625108,"f"
4931,-1.27386823935686,19.1933624275549,0.135800857301702,"f"
4932,-1.27361400022461,19.195461460923,0.13580771674712,"f"
4933,-1.27335949676707,19.1975598087326,0.135814578089847,"f"
4934,-1.27310474229654,19.1996574746076,0.135821441418807,"f"
4935,-1.27284975012532,19.2017544621721,0.135828306822927,"f"
4936,-1.27259453356572,19.2038507750502,0.135835174391134,"f"
4937,-1.27233910593003,19.205946416866,0.135842044212352,"f"
4938,-1.27208348053057,19.2080413912436,0.135848916375508,"f"
4939,-1.27182767067963,19.210135701807,0.135855790969527,"f"
4940,-1.27157168968953,19.2122293521803,0.135862668083337,"f"
4941,-1.27131555087256,19.2143223459876,0.135869547805862,"f"
4942,-1.27105926754103,19.2164146868529,0.135876430226029,"f"
4943,-1.27080285300724,19.2185063784005,0.135883315432764,"f"
4944,-1.2705463205835,19.2205974242542,0.135890203514993,"f"
4945,-1.27028968358211,19.2226878280383,0.135897094561641,"f"
4946,-1.27003295531537,19.2247775933767,0.135903988661635,"f"
4947,-1.26977614909559,19.2268667238936,0.1359108859039,"f"
4948,-1.26951927823508,19.2289552232131,0.135917786377364,"f"
4949,-1.26926235604613,19.2310430949591,0.13592469017095,"f"
4950,-1.26900539584105,19.2331303427559,0.135931597373587,"f"
4951,-1.26874841093214,19.2352169702274,0.135938508074199,"f"
4952,-1.26849141463171,19.2373029809978,0.135945422361712,"f"
4953,-1.26823442025206,19.2393883786911,0.135952340325053,"f"
4954,-1.26797744110549,19.2414731669315,0.135959262053147,"f"
4955,-1.26772049050431,19.2435573493429,0.135966187634921,"f"
4956,-1.26746358176083,19.2456409295495,0.1359731171593,"f"
4957,-1.26720672818734,19.2477239111753,0.135980050715211,"f"
4958,-1.26694994309616,19.2498062978445,0.135986988391579,"f"
4959,-1.26669323979957,19.251888093181,0.13599393027733,"f"
4960,-1.2664366316099,19.2539693008091,0.136000876461391,"f"
4961,-1.26618013183944,19.2560499243527,0.136007827032687,"f"
4962,-1.26592375245647,19.2581299667066,0.136014782032059,"f"
4963,-1.26566749092981,19.2602094228979,0.136021740981612,"f"
4964,-1.26541133588158,19.2622882831533,0.136028703086944,"f"
4965,-1.26515527580765,19.2643665376308,0.136035667549139,"f"
4966,-1.26489929920392,19.2664441764885,0.13604263356928,"f"
4967,-1.26464339456628,19.2685211898847,0.13604960034845,"f"
4968,-1.26438755039061,19.2705975679775,0.136056567087734,"f"
4969,-1.26413175517279,19.2726733009249,0.136063532988215,"f"
4970,-1.26387599740873,19.2747483788851,0.136070497250976,"f"
4971,-1.2636202655943,19.2768227920164,0.136077459077101,"f"
4972,-1.2633645482254,19.2788965304767,0.136084417667674,"f"
4973,-1.2631088337979,19.2809695844242,0.136091372223778,"f"
4974,-1.26285311080771,19.2830419440171,0.136098321946496,"f"
4975,-1.2625973677507,19.2851135994135,0.136105266036913,"f"
4976,-1.26234159312277,19.2871845407715,0.136112203696111,"f"
4977,-1.2620857754198,19.2892547582493,0.136119134125175,"f"
4978,-1.26182990313768,19.2913242420051,0.136126056525187,"f"
4979,-1.2615739647723,19.2933929821968,0.136132970097232,"f"
4980,-1.26131794881954,19.2954609689827,0.136139874042393,"f"
4981,-1.2610618437753,19.297528192521,0.136146767561753,"f"
4982,-1.26080563813546,19.2995946429696,0.136153649856396,"f"
4983,-1.26054932039591,19.3016603104869,0.136160520127406,"f"
4984,-1.26029287905253,19.3037251852309,0.136167377575866,"f"
4985,-1.26003630260122,19.3057892573597,0.13617422140286,"f"
4986,-1.25977957953786,19.3078525170315,0.13618105080947,"f"
4987,-1.25952269835834,19.3099149544044,0.136187864996782,"f"
4988,-1.25926564755855,19.3119765596366,0.136194663165878,"f"
4989,-1.25900841563438,19.3140373228861,0.136201444517841,"f"
4990,-1.25875099108171,19.3160972343112,0.136208208253756,"f"
4991,-1.25849336239643,19.31815628407,0.136214953574706,"f"
4992,-1.25823551813414,19.3202144623838,0.136221679686405,"f"
4993,-1.25797745407597,19.3222717671336,0.136228386354785,"f"
4994,-1.25771918003608,19.3243282110759,0.136235074433811,"f"
4995,-1.25746070744092,19.3263838086765,0.136241744902455,"f"
4996,-1.25720204771696,19.3284385744009,0.136248398739687,"f"
4997,-1.25694321229066,19.330492522715,0.13625503692448,"f"
4998,-1.25668421258849,19.3325456680844,0.136261660435805,"f"
4999,-1.25642506003691,19.3345980249748,0.136268270252634,"f"
5000,-1.25616576606238,19.3366496078519,0.136274867353938,"f"
5001,-1.25590634209136,19.3387004311814,0.136281452718689,"f"
5002,-1.25564679955033,19.3407505094291,0.136288027325859,"f"
5003,-1.25538714986573,19.3427998570606,0.13629459215442,"f"
5004,-1.25512740446404,19.3448484885416,0.136301148183342,"f"
5005,-1.25486757477171,19.3468964183378,0.136307696391598,"f"
5006,-1.25460767221521,19.3489436609149,0.136314237758159,"f"
5007,-1.25434770822101,19.3509902307386,0.136320773261997,"f"
5008,-1.25408769421556,19.3530361422747,0.136327303882083,"f"
5009,-1.25382764162533,19.3550814099887,0.13633383059739,"f"
5010,-1.25356756187678,19.3571260483465,0.136340354386888,"f"
5011,-1.25330746639638,19.3591700718137,0.136346876229549,"f"
5012,-1.25304736661059,19.361213494856,0.136353397104345,"f"
5013,-1.25278727394586,19.3632563319391,0.136359917990248,"f"
5014,-1.25252719982867,19.3652985975288,0.136366439866229,"f"
5015,-1.25226715568548,19.3673403060906,0.13637296371126,"f"
5016,-1.25200715294274,19.3693814720904,0.136379490504313,"f"
5017,-1.25174720302693,19.3714221099937,0.136386021224358,"f"
5018,-1.25148731736451,19.3734622342664,0.136392556850368,"f"
5019,-1.25122750738193,19.3755018593741,0.136399098361315,"f"
5020,-1.25096778450567,19.3775409997825,0.136405646736169,"f"
5021,-1.25070816016218,19.3795796699573,0.136412202953903,"f"
5022,-1.25044864577793,19.3816178843642,0.136418767993488,"f"
5023,-1.25018925060253,19.383655653785,0.136425342657949,"f"
5024,-1.24992996842775,19.3856929628418,0.136431926500901,"f"
5025,-1.24967078635628,19.3877297848365,0.136438518535304,"f"
5026,-1.24941169146406,19.389766093026,0.136445117771958,"f"
5027,-1.24915267082703,19.391801860667,0.136451723221659,"f"
5028,-1.24889371152114,19.3938370610161,0.136458333895206,"f"
5029,-1.24863480062232,19.3958716673303,0.136464948803398,"f"
5030,-1.24837592520652,19.3979056528662,0.136471566957032,"f"
5031,-1.24811707234968,19.3999389908806,0.136478187366907,"f"
5032,-1.24785822912775,19.4019716546302,0.136484809043821,"f"
5033,-1.24759938261666,19.4040036173717,0.136491430998571,"f"
5034,-1.24734051989236,19.406034852362,0.136498052241956,"f"
5035,-1.24708162803079,19.4080653328578,0.136504671784775,"f"
5036,-1.2468226941079,19.4100950321158,0.136511288637825,"f"
5037,-1.24656370519962,19.4121239233927,0.136517901811905,"f"
5038,-1.24630464838189,19.4141519799454,0.136524510317812,"f"
5039,-1.24604551073066,19.4161791750305,0.136531113166345,"f"
5040,-1.24578627932188,19.4182054819048,0.136537709368302,"f"
5041,-1.24552694123148,19.4202308738251,0.136544297934481,"f"
5042,-1.2452674835354,19.4222553240482,0.136550877875681,"f"
5043,-1.24500789330959,19.4242788058306,0.136557448202699,"f"
5044,-1.24474815763,19.4263012924293,0.136564007926333,"f"
5045,-1.24448826357255,19.428322757101,0.136570556057383,"f"
5046,-1.2442281982132,19.4303431731023,0.136577091606645,"f"
5047,-1.24396794862789,19.4323625136901,0.136583613584919,"f"
5048,-1.24370750189256,19.4343807521211,0.136590121003001,"f"
5049,-1.24344684508314,19.4363978616521,0.136596612871691,"f"
5050,-1.2431859652756,19.4384138155397,0.136603088201787,"f"
5051,-1.24292484954585,19.4404285870408,0.136609546004087,"f"
5052,-1.24266348496986,19.4424421494121,0.136615985289388,"f"
5053,-1.24240185890407,19.4444544763975,0.136622405084654,"f"
5054,-1.24213997141113,19.446465563803,0.136628805149085,"f"
5055,-1.24187784018447,19.448475438048,0.136635186257908,"f"
5056,-1.24161548421617,19.4504841278069,0.13664154926119,"f"
5057,-1.24135292249831,19.4524916617537,0.136647895008999,"f"
5058,-1.24109017402298,19.4544980685629,0.136654224351403,"f"
5059,-1.24082725778227,19.4565033769086,0.136660538138468,"f"
5060,-1.24056419276826,19.4585076154652,0.136666837220262,"f"
5061,-1.24030099797304,19.4605108129068,0.136673122446854,"f"
5062,-1.2400376923887,19.4625129979078,0.136679394668311,"f"
5063,-1.23977429500731,19.4645141991423,0.136685654734699,"f"
5064,-1.23951082482098,19.4665144452848,0.136691903496087,"f"
5065,-1.23924730082178,19.4685137650093,0.136698141802542,"f"
5066,-1.23898374200179,19.4705121869902,0.136704370504132,"f"
5067,-1.23872016735311,19.4725097399018,0.136710590450925,"f"
5068,-1.23845659586782,19.4745064524182,0.136716802492987,"f"
5069,-1.23819304653801,19.4765023532139,0.136723007480387,"f"
5070,-1.23792953835577,19.4784974709629,0.136729206263191,"f"
5071,-1.23766609031317,19.4804918343396,0.136735399691468,"f"
5072,-1.23740272140231,19.4824854720182,0.136741588615285,"f"
5073,-1.23713945061527,19.4844784126731,0.13674777388471,"f"
5074,-1.23687629694414,19.4864706849783,0.13675395634981,"f"
5075,-1.236613279381,19.4884623176083,0.136760136860652,"f"
5076,-1.23635041691794,19.4904533392373,0.136766316267305,"f"
5077,-1.23608772854704,19.4924437785395,0.136772495419835,"f"
5078,-1.2358252332604,19.4944336641892,0.136778675168311,"f"
5079,-1.2355629500501,19.4964230248607,0.136784856362799,"f"
5080,-1.23530089790822,19.4984118892282,0.136791039853368,"f"
5081,-1.23503909582685,19.5004002859659,0.136797226490085,"f"
5082,-1.23477756279808,19.5023882437482,0.136803417123017,"f"
5083,-1.23451631781399,19.5043757912492,0.136809612602233,"f"
5084,-1.23425537444477,19.5063629498931,0.136815813622154,"f"
5085,-1.23399472008936,19.5083497061068,0.136822020125916,"f"
5086,-1.23373433426044,19.5103360357717,0.136828231830263,"f"
5087,-1.23347419646907,19.5123219147671,0.136834448451896,"f"
5088,-1.23321428622635,19.5143073189724,0.136840669707514,"f"
5089,-1.23295458304335,19.5162922242666,0.136846895313818,"f"
5090,-1.23269506643115,19.5182766065292,0.136853124987507,"f"
5091,-1.23243571590082,19.5202604416393,0.136859358445281,"f"
5092,-1.23217651096345,19.5222437054762,0.13686559540384,"f"
5093,-1.2319174311301,19.5242263739192,0.136871835579884,"f"
5094,-1.23165845591186,19.5262084228475,0.136878078690112,"f"
5095,-1.23139956481981,19.5281898281404,0.136884324451225,"f"
5096,-1.23114073736501,19.5301705656771,0.136890572579923,"f"
5097,-1.23088195305856,19.5321506113369,0.136896822792905,"f"
5098,-1.23062319141153,19.5341299409991,0.136903074806871,"f"
5099,-1.23036443193499,19.536108530543,0.136909328338521,"f"
5100,-1.23010565414002,19.5380863558477,0.136915583104555,"f"
5101,-1.22984683753771,19.5400633927925,0.136921838821673,"f"
5102,-1.22958796163912,19.5420396172567,0.136928095206574,"f"
5103,-1.22932900595534,19.5440150051196,0.136934351975959,"f"
5104,-1.22906994999744,19.5459895322604,0.136940608846527,"f"
5105,-1.22881077327651,19.5479631745584,0.136946865534978,"f"
5106,-1.22855145530361,19.5499359078929,0.136953121758013,"f"
5107,-1.22829197558983,19.551907708143,0.13695937723233,"f"
5108,-1.22803231364624,19.553878551188,0.136965631674631,"f"
5109,-1.22777244898392,19.5558484129073,0.136971884801613,"f"
5110,-1.22751236111395,19.55781726918,0.136978136329979,"f"
5111,-1.22725202954741,19.5597850958855,0.136984385976427,"f"
5112,-1.22699143379538,19.561751868903,0.136990633457657,"f"
5113,-1.22673055336892,19.5637175641117,0.136996878490369,"f"
5114,-1.22646936863115,19.5656821579762,0.137003120803064,"f"
5115,-1.22620787954172,19.5676456404241,0.137009360395658,"f"
5116,-1.22594610565685,19.5696080148455,0.137015597539484,"f"
5117,-1.22568406738478,19.5715692852163,0.137021832517674,"f"
5118,-1.22542178513374,19.573529455512,0.137028065613361,"f"
5119,-1.22515927931198,19.5754885297083,0.137034297109679,"f"
5120,-1.22489657032773,19.5774465117808,0.13704052728976,"f"
5121,-1.22463367858924,19.5794034057053,0.137046756436738,"f"
5122,-1.22437062450474,19.5813592154573,0.137052984833745,"f"
5123,-1.22410742848247,19.5833139450126,0.137059212763914,"f"
5124,-1.22384411093068,19.5852675983467,0.137065440510379,"f"
5125,-1.2235806922576,19.5872201794355,0.137071668356272,"f"
5126,-1.22331719287147,19.5891716922544,0.137077896584727,"f"
5127,-1.22305363318054,19.5911221407792,0.137084125478876,"f"
5128,-1.22279003359303,19.5930715289855,0.137090355321852,"f"
5129,-1.2225264145172,19.595019860849,0.137096586396789,"f"
5130,-1.22226279636127,19.5969671403454,0.137102818986819,"f"
5131,-1.22199919953349,19.5989133714502,0.137109053375075,"f"
5132,-1.22173564444211,19.6008585581393,0.137115289844691,"f"
5133,-1.22147215149535,19.6028027043881,0.137121528678799,"f"
5134,-1.22120874110145,19.6047458141725,0.137127770160532,"f"
5135,-1.22094543366867,19.6066878914679,0.137134014573024,"f"
5136,-1.22068224960523,19.6086289402502,0.137140262199407,"f"
5137,-1.22041920931937,19.610568964495,0.137146513322814,"f"
5138,-1.22015633321934,19.6125079681778,0.137152768226379,"f"
5139,-1.21989364171338,19.6144459552744,0.137159027193233,"f"
5140,-1.21963115520972,19.6163829297605,0.137165290506512,"f"
5141,-1.2193688941166,19.6183188956117,0.137171558449346,"f"
5142,-1.21910687884227,19.6202538568036,0.13717783130487,"f"
5143,-1.21884512979496,19.6221878173119,0.137184109356216,"f"
5144,-1.21858366738132,19.6241207811125,0.137190392886471,"f"
5145,-1.21832250421847,19.6260527530286,0.137196681952535,"f"
5146,-1.21806162707314,19.6279837406956,0.137202975860683,"f"
5147,-1.21780101735666,19.6299137523318,0.137209273761682,"f"
5148,-1.21754065648036,19.6318427961551,0.137215574806302,"f"
5149,-1.21728052585557,19.6337708803838,0.137221878145309,"f"
5150,-1.21702060689362,19.6356980132358,0.137228182929473,"f"
5151,-1.21676088100584,19.6376242029294,0.137234488309561,"f"
5152,-1.21650132960355,19.6395494576826,0.137240793436342,"f"
5153,-1.21624193409808,19.6414737857136,0.137247097460583,"f"
5154,-1.21598267590077,19.6433971952403,0.137253399533054,"f"
5155,-1.21572353642294,19.645319694481,0.137259698804521,"f"
5156,-1.21546449707592,19.6472412916538,0.137265994425754,"f"
5157,-1.21520553927103,19.6491619949767,0.13727228554752,"f"
5158,-1.21494664441962,19.6510818126678,0.137278571320587,"f"
5159,-1.214687793933,19.6530007529453,0.137284850895724,"f"
5160,-1.2144289692225,19.6549188240273,0.137291123423699,"f"
5161,-1.21417015169946,19.6568360341318,0.13729738805528,"f"
5162,-1.21391132277521,19.6587523914771,0.137303643941235,"f"
5163,-1.21365246386106,19.6606679042811,0.137309890232332,"f"
5164,-1.21339355636835,19.662582580762,0.13731612607934,"f"
5165,-1.21313458170841,19.6644964291378,0.137322350633026,"f"
5166,-1.21287552129257,19.6664094576268,0.13732856304416,"f"
5167,-1.21261635653215,19.668321674447,0.137334762463508,"f"
5168,-1.21235706883849,19.6702330878165,0.137340948041839,"f"
5169,-1.21209763962291,19.6721437059534,0.137347118929921,"f"
5170,-1.21183805029674,19.6740535370758,0.137353274278523,"f"
5171,-1.21157828227132,19.6759625894019,0.137359413238412,"f"
5172,-1.21131831695796,19.6778708711497,0.137365534960357,"f"
5173,-1.211058135768,19.6797783905373,0.137371638595126,"f"
5174,-1.21079772011277,19.6816851557828,0.137377723293487,"f"
5175,-1.21053705262347,19.6835911741365,0.137383788280885,"f"
5176,-1.2102761324924,19.6854964397074,0.137389833796577,"f"
5177,-1.21001497084713,19.6874009371342,0.137395860810461,"f"
5178,-1.20975357907876,19.6893046508466,0.137401870308561,"f"
5179,-1.20949196857837,19.6912075652742,0.137407863276905,"f"
5180,-1.20923015073703,19.6931096648464,0.137413840701518,"f"
5181,-1.20896813694583,19.695010933993,0.137419803568426,"f"
5182,-1.20870593859585,19.6969113571436,0.137425752863656,"f"
5183,-1.20844356707817,19.6988109187277,0.137431689573234,"f"
5184,-1.20818103378387,19.700709603175,0.137437614683185,"f"
5185,-1.20791835010404,19.702607394915,0.137443529179537,"f"
5186,-1.20765552742975,19.7045042783773,0.137449434048315,"f"
5187,-1.2073925771521,19.7064002379916,0.137455330275546,"f"
5188,-1.20712951066215,19.7082952581875,0.137461218847255,"f"
5189,-1.20686633935099,19.7101893233945,0.13746710074947,"f"
5190,-1.20660307460971,19.7120824180423,0.137472976968215,"f"
5191,-1.20633972782938,19.7139745265604,0.137478848489517,"f"
5192,-1.20607631040109,19.7158656333785,0.137484716299403,"f"
5193,-1.20581283371592,19.7177557229261,0.137490581383899,"f"
5194,-1.20554930916495,19.7196447796329,0.13749644472903,"f"
5195,-1.20528574813925,19.7215327879285,0.137502307320823,"f"
5196,-1.20502216202993,19.7234197322424,0.137508170145304,"f"
5197,-1.20475856222804,19.7253055970043,0.137514034188499,"f"
5198,-1.20449496012468,19.7271903666438,0.137519900436435,"f"
5199,-1.20423136711094,19.7290740255904,0.137525769875137,"f"
5200,-1.20396779457788,19.7309565582738,0.137531643490633,"f"
5201,-1.20370425391659,19.7328379491235,0.137537522268947,"f"
5202,-1.20344075651816,19.7347181825693,0.137543407196106,"f"
5203,-1.20317731377366,19.7365972430406,0.137549299258136,"f"
5204,-1.20291393707418,19.7384751149671,0.137555199441064,"f"
5205,-1.20265063779202,19.7403517828081,0.13756110872877,"f"
5206,-1.20238742260514,19.7422272384614,0.137567027568612,"f"
5207,-1.20212428734328,19.7441014910145,0.137572955168086,"f"
5208,-1.20186122630845,19.7459745519754,0.137578890560089,"f"
5209,-1.20159823380269,19.7478464328522,0.137584832777516,"f"
5210,-1.20133530412801,19.7497171451532,0.137590780853261,"f"
5211,-1.20107243158645,19.7515867003864,0.137596733820222,"f"
5212,-1.20080961048003,19.75345511006,0.137602690711292,"f"
5213,-1.20054683511078,19.755322385682,0.137608650559368,"f"
5214,-1.20028409978072,19.7571885387606,0.137614612397344,"f"
5215,-1.20002139879189,19.759053580804,0.137620575258116,"f"
5216,-1.1997587264463,19.7609175233202,0.137626538174579,"f"
5217,-1.19949607704599,19.7627803778174,0.137632500179629,"f"
5218,-1.19923344489298,19.7646421558037,0.137638460306162,"f"
5219,-1.1989708242893,19.7665028687872,0.137644417587071,"f"
5220,-1.19870820953697,19.7683625282761,0.137650371055253,"f"
5221,-1.19844559493803,19.7702211457784,0.137656319743603,"f"
5222,-1.19818297479449,19.7720787328024,0.137662262685016,"f"
5223,-1.19792034340839,19.7739353008561,0.137668198912389,"f"
5224,-1.19765769508175,19.7757908614476,0.137674127458615,"f"
5225,-1.1973950241166,19.7776454260851,0.137680047356591,"f"
5226,-1.19713232481496,19.7794990062767,0.137685957639211,"f"
5227,-1.19686959147887,19.7813516135306,0.137691857339372,"f"
5228,-1.19660681841034,19.7832032593548,0.137697745489968,"f"
5229,-1.19634399991141,19.7850539552575,0.137703621123895,"f"
5230,-1.19608113028409,19.7869037127468,0.137709483274048,"f"
5231,-1.19581820383043,19.7887525433308,0.137715330973323,"f"
5232,-1.19555521485244,19.7906004585177,0.137721163254615,"f"
5233,-1.19529215765215,19.7924474698155,0.137726979150818,"f"
5234,-1.19502902653159,19.7942935887325,0.13773277769483,"f"
5235,-1.19476581579278,19.7961388267767,0.137738557919544,"f"
5236,-1.19450252094002,19.7979831940013,0.137744318978916,"f"
5237,-1.19423914794167,19.7998266877961,0.137750061080562,"f"
5238,-1.19397570815404,19.8016692990306,0.137755784974622,"f"
5239,-1.19371221297792,19.8035110185203,0.137761491415721,"f"
5240,-1.19344867381414,19.8053518370808,0.137767181158483,"f"
5241,-1.1931851020635,19.8071917455277,0.137772854957532,"f"
5242,-1.19292150912682,19.8090307346765,0.137778513567492,"f"
5243,-1.1926579064049,19.8108687953429,0.137784157742988,"f"
5244,-1.19239430529857,19.8127059183425,0.137789788238644,"f"
5245,-1.19213071720862,19.8145420944907,0.137795405809084,"f"
5246,-1.19186715353588,19.8163773146033,0.137801011208932,"f"
5247,-1.19160362568115,19.8182115694957,0.137806605192813,"f"
5248,-1.19134014504525,19.8200448499836,0.137812188515351,"f"
5249,-1.19107672302899,19.8218771468825,0.137817761931169,"f"
5250,-1.19081337103317,19.823708451008,0.137823326194893,"f"
5251,-1.19055010045862,19.8255387531757,0.137828882061146,"f"
5252,-1.19028692270615,19.8273680442012,0.137834430284553,"f"
5253,-1.19002384917655,19.8291963149,0.137839971619737,"f"
5254,-1.18976089127066,19.8310235560877,0.137845506821324,"f"
5255,-1.18949806038927,19.83284975858,0.137851036643937,"f"
5256,-1.18923536793321,19.8346749131923,0.1378565618422,"f"
5257,-1.18897282530328,19.8364990107403,0.137862083170739,"f"
5258,-1.18871044390029,19.8383220420396,0.137867601384176,"f"
5259,-1.18844823512506,19.8401439979057,0.137873117237136,"f"
5260,-1.1881862103784,19.8419648691542,0.137878631484244,"f"
5261,-1.18792438106112,19.8437846466007,0.137884144880123,"f"
5262,-1.18766275857403,19.8456033210607,0.137889658179398,"f"
5263,-1.18740135431794,19.8474208833499,0.137895172136694,"f"
5264,-1.18714017969367,19.8492373242838,0.137900687506633,"f"
5265,-1.18687924610203,19.851052634678,0.137906205043841,"f"
5266,-1.18661856479109,19.852866805415,0.137911725499492,"f"
5267,-1.18635813630424,19.8546798320599,0.137917249382975,"f"
5268,-1.18609794364017,19.8564917178532,0.137922776807398,"f"
5269,-1.18583796817129,19.8583024667469,0.137928307849137,"f"
5270,-1.18557819127,19.8601120826927,0.137933842584569,"f"
5271,-1.18531859430873,19.8619205696426,0.137939381090068,"f"
5272,-1.18505915865987,19.8637279315484,0.137944923442012,"f"
5273,-1.18479986569584,19.865534172362,0.137950469716776,"f"
5274,-1.18454069678903,19.8673392960353,0.137956019990736,"f"
5275,-1.18428163331187,19.8691433065202,0.137961574340269,"f"
5276,-1.18402265663675,19.8709462077684,0.137967132841749,"f"
5277,-1.1837637481361,19.872748003732,0.137972695571553,"f"
5278,-1.1835048891823,19.8745486983627,0.137978262606058,"f"
5279,-1.18324606114778,19.8763482956125,0.137983834021638,"f"
5280,-1.18298724540494,19.8781467994331,0.13798940989467,"f"
5281,-1.18272842332619,19.8799442137766,0.13799499030153,"f"
5282,-1.18246957628393,19.8817405425948,0.138000575318594,"f"
5283,-1.18221068565058,19.8835357898394,0.138006165022238,"f"
5284,-1.18195173279854,19.8853299594625,0.138011759488838,"f"
5285,-1.18169269910023,19.8871230554159,0.138017358794769,"f"
5286,-1.18143356592804,19.8889150816514,0.138022963016408,"f"
5287,-1.18117431465439,19.890706042121,0.138028572230131,"f"
5288,-1.18091492665169,19.8924959407765,0.138034186512313,"f"
5289,-1.18065538329234,19.8942847815697,0.138039805939331,"f"
5290,-1.18039566594875,19.8960725684526,0.13804543058756,"f"
5291,-1.18013575599333,19.8978593053771,0.138051060533378,"f"
5292,-1.17987563479849,19.8996449962949,0.138056695853158,"f"
5293,-1.17961528373664,19.901429645158,0.138062336623278,"f"
5294,-1.17935468418018,19.9032132559183,0.138067982920113,"f"
5295,-1.17909381750152,19.9049958325276,0.13807363482004,"f"
5296,-1.17883266507308,19.9067773789378,0.138079292399434,"f"
5297,-1.17857121264204,19.90855789792,0.138084955607777,"f"
5298,-1.17830947150285,19.9103373853504,0.138090623653528,"f"
5299,-1.17804746219693,19.9121158346092,0.138096295476929,"f"
5300,-1.17778520527848,19.9138932390735,0.138101970017852,"f"
5301,-1.1775227213017,19.9156695921201,0.138107646216169,"f"
5302,-1.17726003082077,19.9174448871259,0.138113323011752,"f"
5303,-1.17699715438989,19.919219117468,0.138118999344473,"f"
5304,-1.17673411256324,19.9209922765232,0.138124674154204,"f"
5305,-1.17647092589502,19.9227643576684,0.138130346380816,"f"
5306,-1.17620761493942,19.9245353542806,0.138136014964182,"f"
5307,-1.17594420025064,19.9263052597366,0.138141678844174,"f"
5308,-1.17568070238286,19.9280740674135,0.138147336960663,"f"
5309,-1.17541714189027,19.9298417706881,0.138152988253521,"f"
5310,-1.17515353932707,19.9316083629374,0.13815863166262,"f"
5311,-1.17488991524744,19.9333738375383,0.138164266127833,"f"
5312,-1.17462629020559,19.9351381878677,0.138169890589031,"f"
5313,-1.17436268475569,19.9369014073025,0.138175503986086,"f"
5314,-1.17409911945195,19.9386634892197,0.13818110525887,"f"
5315,-1.17383561484856,19.9404244269962,0.138186693347254,"f"
5316,-1.1735721914997,19.9421842140089,0.138192267191112,"f"
5317,-1.17330886995957,19.9439428436347,0.138197825730314,"f"
5318,-1.17304567078235,19.9457003092506,0.138203367904733,"f"
5319,-1.17278261452225,19.9474566042335,0.13820889265424,"f"
5320,-1.17251972173345,19.9492117219603,0.138214398918708,"f"
5321,-1.17225701297014,19.950965655808,0.138219885638008,"f"
5322,-1.17199450878652,19.9527183991534,0.138225351752013,"f"
5323,-1.17173222973678,19.9544699453735,0.138230796200594,"f"
5324,-1.1714701963751,19.9562202878452,0.138236217923623,"f"
5325,-1.17120842925569,19.9579694199455,0.138241615860972,"f"
5326,-1.17094694893272,19.9597173350512,0.138246988952512,"f"
5327,-1.17068577537997,19.9614640266493,0.138252336181334,"f"
5328,-1.17042491030367,19.9632094916908,0.13825765789066,"f"
5329,-1.17016433390365,19.9649537312043,0.138262956025008,"f"
5330,-1.16990402514609,19.9666967464527,0.138268232620744,"f"
5331,-1.16964396299718,19.9684385386987,0.138273489714238,"f"
5332,-1.16938412642312,19.970179109205,0.138278729341858,"f"
5333,-1.16912449439009,19.9719184592344,0.138283953539971,"f"
5334,-1.16886504586428,19.9736565900497,0.138289164344946,"f"
5335,-1.16860575981188,19.9753935029134,0.138294363793151,"f"
5336,-1.16834661519908,19.9771291990886,0.138299553920955,"f"
5337,-1.16808759099207,19.9788636798377,0.138304736764724,"f"
5338,-1.16782866615704,19.9805969464237,0.138309914360828,"f"
5339,-1.16756981966019,19.9823290001092,0.138315088745635,"f"
5340,-1.16731103046769,19.9840598421571,0.138320261955512,"f"
5341,-1.16705227754574,19.9857894738299,0.138325436026829,"f"
5342,-1.16679353986053,19.9875178963905,0.138330612995952,"f"
5343,-1.16653479637825,19.9892451111017,0.138335794899251,"f"
5344,-1.16627602606509,19.9909711192261,0.138340983773093,"f"
5345,-1.16601720788723,19.9926959220266,0.138346181653847,"f"
5346,-1.16575832081088,19.9944195207658,0.13835139057788,"f"
5347,-1.1654993438022,19.9961419167065,0.138356612581561,"f"
5348,-1.16524025582741,19.9978631111115,0.138361849701258,"f"
5349,-1.16498103585268,19.9995831052434,0.13836710397334,"f"
5350,-1.16472166284421,20.0013019003651,0.138372377434174,"f"
5351,-1.16446211576818,20.0030194977392,0.138377672120128,"f"
5352,-1.16420237359079,20.0047358986286,0.138382990067571,"f"
5353,-1.16394241527823,20.006451104296,0.13838833331287,"f"
5354,-1.16368221979667,20.0081651160041,0.138393703892395,"f"
5355,-1.16342176611233,20.0098779350156,0.138399103842513,"f"
5356,-1.16316103319137,20.0115895625933,0.138404535199592,"f"
5357,-1.1629,20.0133,0.13841,"f"
5358,-1.16263865251432,20.0150092485499,0.138415499469077,"f"
5359,-1.16237700475009,20.0167173097636,0.138421031588043,"f"
5360,-1.16211507773302,20.0184241852133,0.13842659352709,"f"
5361,-1.16185289248877,20.0201298764708,0.13843218245641,"f"
5362,-1.16159047004304,20.0218343851085,0.138437795546196,"f"
5363,-1.16132783142151,20.0235377126984,0.138443429966638,"f"
5364,-1.16106499764986,20.0252398608125,0.138449082887929,"f"
5365,-1.16080198975379,20.026940831023,0.138454751480261,"f"
5366,-1.16053882875899,20.0286406249019,0.138460432913826,"f"
5367,-1.16027553569112,20.0303392440215,0.138466124358814,"f"
5368,-1.16001213157589,20.0320366899537,0.138471822985419,"f"
5369,-1.15974863743897,20.0337329642707,0.138477525963832,"f"
5370,-1.15948507430606,20.0354280685445,0.138483230464246,"f"
5371,-1.15922146320284,20.0371220043473,0.13848893365685,"f"
5372,-1.15895782515499,20.0388147732511,0.138494632711839,"f"
5373,-1.1586941811882,20.0405063768281,0.138500324799404,"f"
5374,-1.15843055232816,20.0421968166504,0.138506007089735,"f"
5375,-1.15816695960055,20.04388609429,0.138511676753026,"f"
5376,-1.15790342403105,20.045574211319,0.138517330959469,"f"
5377,-1.15763996664536,20.0472611693096,0.138522966879254,"f"
5378,-1.15737660846916,20.0489469698338,0.138528581682575,"f"
5379,-1.15711337052814,20.0506316144638,0.138534172539622,"f"
5380,-1.15685027384797,20.0523151047716,0.138539736620588,"f"
5381,-1.15658733945436,20.0539974423294,0.138545271095664,"f"
5382,-1.15632458837297,20.0556786287091,0.138550773135043,"f"
5383,-1.15606204162951,20.057358665483,0.138556239908916,"f"
5384,-1.15579972024965,20.0590375542231,0.138561668587476,"f"
5385,-1.15553764525908,20.0607152965016,0.138567056340913,"f"
5386,-1.15527583768348,20.0623918938905,0.13857240033942,"f"
5387,-1.15501431854855,20.0640673479619,0.138577697753189,"f"
5388,-1.15475310764778,20.0657416600172,0.138582945922363,"f"
5389,-1.15449220329346,20.0674148266402,0.138588145149914,"f"
5390,-1.15423158555178,20.0690868404069,0.13859329825544,"f"
5391,-1.15397123390916,20.0707576937662,0.138598408138501,"f"
5392,-1.15371112785204,20.0724273791671,0.138603477698656,"f"
5393,-1.15345124686685,20.0740958890583,0.138608509835465,"f"
5394,-1.15319157044001,20.0757632158887,0.138613507448487,"f"
5395,-1.15293207805797,20.0774293521072,0.138618473437283,"f"
5396,-1.15267274920714,20.0790942901626,0.138623410701413,"f"
5397,-1.15241356337397,20.0807580225039,0.138628322140435,"f"
5398,-1.15215450004488,20.0824205415799,0.13863321065391,"f"
5399,-1.1518955387063,20.0840818398394,0.138638079141398,"f"
5400,-1.15163665884467,20.0857419097313,0.138642930502458,"f"
5401,-1.15137783994642,20.0874007437046,0.138647767636649,"f"
5402,-1.15111906149797,20.0890583342079,0.138652593443533,"f"
5403,-1.15086030298576,20.0907146736903,0.138657410822668,"f"
5404,-1.15060154389622,20.0923697546006,0.138662222673615,"f"
5405,-1.15034276371579,20.0940235693876,0.138667031895933,"f"
5406,-1.15008394193088,20.0956761105002,0.138671841389181,"f"
5407,-1.14982505802794,20.0973273703873,0.13867665405292,"f"
5408,-1.14956609149339,20.0989773414977,0.13868147278671,"f"
5409,-1.14930702181367,20.1006260162804,0.138686300490109,"f"
5410,-1.14904782847521,20.1022733871841,0.138691140062678,"f"
5411,-1.14878849096443,20.1039194466577,0.138695994403977,"f"
5412,-1.14852898876777,20.1055641871502,0.138700866413566,"f"
5413,-1.14826930137166,20.1072076011103,0.138705758991003,"f"
5414,-1.14800940826254,20.108849680987,0.138710675035849,"f"
5415,-1.14774928892682,20.1104904192291,0.138715617447664,"f"
5416,-1.14748892285095,20.1121298082854,0.138720589126008,"f"
5417,-1.14722828952136,20.1137678406049,0.138725592970439,"f"
5418,-1.14696736843716,20.1154045086412,0.138730631878798,"f"
5419,-1.14670614829846,20.1170398083659,0.138735707501725,"f"
5420,-1.14644464322548,20.1186737454695,0.138740818044147,"f"
5421,-1.14618287169144,20.1203063273067,0.138745961120939,"f"
5422,-1.14592085216955,20.1219375612322,0.138751134346973,"f"
5423,-1.14565860313306,20.1235674546009,0.138756335337125,"f"
5424,-1.14539614305518,20.1251960147675,0.138761561706266,"f"
5425,-1.14513349040914,20.1268232490868,0.138766811069272,"f"
5426,-1.14487066366816,20.1284491649134,0.138772081041016,"f"
5427,-1.14460768130548,20.1300737696022,0.138777369236372,"f"
5428,-1.14434456179431,20.131697070508,0.138782673270213,"f"
5429,-1.14408132360788,20.1333190749854,0.138787990757413,"f"
5430,-1.14381798521942,20.1349397903892,0.138793319312845,"f"
5431,-1.14355456510216,20.1365592240743,0.138798656551384,"f"
5432,-1.14329108172931,20.1381773833953,0.138804000087904,"f"
5433,-1.1430275535741,20.139794275707,0.138809347537277,"f"
5434,-1.14276399910977,20.1414099083642,0.138814696514377,"f"
5435,-1.14250043680953,20.1430242887216,0.13882004463408,"f"
5436,-1.1422368851466,20.1446374241341,0.138825389511257,"f"
5437,-1.14197336259423,20.1462493219562,0.138830728760782,"f"
5438,-1.14170988762563,20.1478599895429,0.138836059997531,"f"
5439,-1.14144647871402,20.1494694342488,0.138841380836375,"f"
5440,-1.14118315433264,20.1510776634287,0.138846688892189,"f"
5441,-1.1409199329547,20.1526846844374,0.138851981779847,"f"
5442,-1.14065683305344,20.1542905046297,0.138857257114223,"f"
5443,-1.14039387310207,20.1558951313602,0.138862512510189,"f"
5444,-1.14013107157384,20.1574985719839,0.13886774558262,"f"
5445,-1.13986844694195,20.1591008338553,0.138872953946389,"f"
5446,-1.13960601767963,20.1607019243292,0.138878135216371,"f"
5447,-1.13934380226012,20.1623018507605,0.138883287007438,"f"
5448,-1.13908181915664,20.1639006205039,0.138888406934465,"f"
5449,-1.13882008525571,20.1654982404839,0.13889349287069,"f"
5450,-1.13855860032643,20.1670947129828,0.13889854547663,"f"
5451,-1.13829735369383,20.168690037451,0.138903567113429,"f"
5452,-1.13803633453396,20.1702842132982,0.138908560166495,"f"
5453,-1.13777553202283,20.1718772399342,0.138913527021239,"f"
5454,-1.13751493533648,20.1734691167687,0.138918470063068,"f"
5455,-1.13725453365094,20.1750598432116,0.138923391677393,"f"
5456,-1.13699431614224,20.1766494186726,0.138928294249621,"f"
5457,-1.13673427198642,20.1782378425615,0.138933180165162,"f"
5458,-1.1364743903595,20.1798251142882,0.138938051809425,"f"
5459,-1.13621466043751,20.1814112332623,0.138942911567819,"f"
5460,-1.13595507139648,20.1829961988937,0.138947761825753,"f"
5461,-1.13569561241245,20.1845800105922,0.138952604968636,"f"
5462,-1.13543627266145,20.1861626677675,0.138957443381876,"f"
5463,-1.13517704131951,20.1877441698294,0.138962279450884,"f"
5464,-1.13491790756265,20.1893245161877,0.138967115561067,"f"
5465,-1.13465886056691,20.1909037062522,0.138971954097835,"f"
5466,-1.13439988950832,20.1924817394328,0.138976797446596,"f"
5467,-1.13414098356291,20.194058615139,0.138981647992761,"f"
5468,-1.13388213190671,20.1956343327808,0.138986508121737,"f"
5469,-1.13362332371575,20.197208891768,0.138991380218934,"f"
5470,-1.13336454816607,20.1987822915102,0.13899626666976,"f"
5471,-1.13310579443368,20.2003545314174,0.139001169859625,"f"
5472,-1.13284705169464,20.2019256108993,0.139006092173938,"f"
5473,-1.13258830912495,20.2034955293656,0.139011035998108,"f"
5474,-1.13232955590067,20.2050642862261,0.139016003717543,"f"
5475,-1.13207078119781,20.2066318808907,0.139020997717653,"f"
5476,-1.1318119741924,20.2081983127691,0.139026020383846,"f"
5477,-1.13155312406049,20.2097635812712,0.139031074101532,"f"
5478,-1.13129421997809,20.2113276858066,0.13903616125612,"f"
5479,-1.13103525115867,20.2128906257737,0.139041284219252,"f"
5480,-1.13077621134337,20.2144523991832,0.139046443696808,"f"
5481,-1.13051710306686,20.2160130013509,0.139051637159516,"f"
5482,-1.1302579298741,20.2175724272828,0.139056861706401,"f"
5483,-1.12999869531007,20.219130671985,0.139062114436491,"f"
5484,-1.12973940291973,20.2206877304638,0.139067392448811,"f"
5485,-1.12948005624804,20.2222435977251,0.139072692842389,"f"
5486,-1.12922065883999,20.223798268775,0.139078012716252,"f"
5487,-1.12896121424054,20.2253517386197,0.139083349169426,"f"
5488,-1.12870172599466,20.2269040022653,0.139088699300938,"f"
5489,-1.12844219764732,20.2284550547179,0.139094060209814,"f"
5490,-1.12818263274348,20.2300048909836,0.139099428995083,"f"
5491,-1.12792303482812,20.2315535060684,0.139104802755769,"f"
5492,-1.1276634074462,20.2331008949786,0.139110178590901,"f"
5493,-1.1274037541427,20.2346470527202,0.139115553599504,"f"
5494,-1.12714407846259,20.2361919742993,0.139120924880606,"f"
5495,-1.12688438395082,20.237735654722,0.139126289533234,"f"
5496,-1.12662467415238,20.2392780889944,0.139131644656413,"f"
5497,-1.12636495261224,20.2408192721226,0.139136987349171,"f"
5498,-1.12610522287535,20.2423591991128,0.139142314710535,"f"
5499,-1.12584548848669,20.243897864971,0.139147623839531,"f"
5500,-1.12558575299123,20.2454352647033,0.139152911835186,"f"
5501,-1.12532601993394,20.2469713933159,0.139158175796527,"f"
5502,-1.12506629285979,20.2485062458148,0.139163412822581,"f"
5503,-1.12480657531375,20.2500398172062,0.139168620012374,"f"
5504,-1.12454687084078,20.2515721024962,0.139173794464933,"f"
5505,-1.12428718298586,20.2531030966908,0.139178933279284,"f"
5506,-1.12402751529395,20.2546327947962,0.139184033554456,"f"
5507,-1.12376787131002,20.2561611918184,0.139189092389474,"f"
5508,-1.12350825457905,20.2576882827637,0.139194106883365,"f"
5509,-1.123248668646,20.259214062638,0.139199074135155,"f"
5510,-1.12298911643893,20.2607385268303,0.139203991756663,"f"
5511,-1.12272959650518,20.2622616734478,0.139208861001049,"f"
5512,-1.12247010549642,20.2637835017738,0.139213684697193,"f"
5513,-1.12221064005674,20.2653040110964,0.139218465680272,"f"
5514,-1.12195119683023,20.2668232007038,0.139223206785468,"f"
5515,-1.121691772461,20.2683410698841,0.139227910847958,"f"
5516,-1.12143236359312,20.2698576179254,0.139232580702922,"f"
5517,-1.12117296687069,20.2713728441158,0.13923721918554,"f"
5518,-1.12091357893781,20.2728867477434,0.139241829130991,"f"
5519,-1.12065419643857,20.2743993280964,0.139246413374455,"f"
5520,-1.12039481601706,20.2759105844628,0.139250974751111,"f"
5521,-1.12013543431737,20.2774205161307,0.139255516096138,"f"
5522,-1.11987604798359,20.2789291223884,0.139260040244715,"f"
5523,-1.11961665365982,20.2804364025238,0.139264550032023,"f"
5524,-1.11935724799015,20.2819423558251,0.13926904829324,"f"
5525,-1.11909782761867,20.2834469815804,0.139273537863546,"f"
5526,-1.11883838918947,20.2849502790779,0.13927802157812,"f"
5527,-1.11857892934665,20.2864522476056,0.139282502272142,"f"
5528,-1.1183194447343,20.2879528864516,0.13928698278079,"f"
5529,-1.11805993199651,20.2894521949041,0.139291465939245,"f"
5530,-1.11780038777737,20.2909501722512,0.139295954582686,"f"
5531,-1.11754080872098,20.292446817781,0.139300451546292,"f"
5532,-1.11728119147142,20.2939421307816,0.139304959665243,"f"
5533,-1.1170215326728,20.2954361105411,0.139309481774717,"f"
5534,-1.1167618289692,20.2969287563476,0.139314020709895,"f"
5535,-1.11650207700471,20.2984200674893,0.139318579305955,"f"
5536,-1.11624227342343,20.2999100432542,0.139323160398078,"f"
5537,-1.11598241486945,20.3013986829305,0.139327766821442,"f"
5538,-1.11572249798686,20.3028859858063,0.139332401411227,"f"
5539,-1.11546251941976,20.3043719511697,0.139337067002612,"f"
5540,-1.11520247592855,20.305856578384,0.139341766387784,"f"
5541,-1.11494236954249,20.3073398702176,0.139346500411518,"f"
5542,-1.11468220960173,20.308821834164,0.139351267216413,"f"
5543,-1.11442200598492,20.3103024780646,0.139356064746032,"f"
5544,-1.11416176857072,20.3117818097609,0.139360890943932,"f"
5545,-1.11390150723781,20.3132598370942,0.139365743753677,"f"
5546,-1.11364123186483,20.3147365679061,0.139370621118824,"f"
5547,-1.11338095233046,20.3162120100379,0.139375520982935,"f"
5548,-1.11312067851334,20.3176861713312,0.13938044128957,"f"
5549,-1.11286042029215,20.3191590596273,0.13938537998229,"f"
5550,-1.11260018754555,20.3206306827677,0.139390335004654,"f"
5551,-1.11233999015219,20.3221010485939,0.139395304300223,"f"
5552,-1.11207983799073,20.3235701649473,0.139400285812557,"f"
5553,-1.11181974093985,20.3250380396693,0.139405277485217,"f"
5554,-1.11155970887819,20.3265046806013,0.139410277261762,"f"
5555,-1.11129975168443,20.3279700955849,0.139415283085754,"f"
5556,-1.11103987923722,20.3294342924614,0.139420292900752,"f"
5557,-1.11078010141522,20.3308972790723,0.139425304650317,"f"
5558,-1.1105204280971,20.332359063259,0.139430316278009,"f"
5559,-1.11026086916151,20.3338196528631,0.139435325727388,"f"
5560,-1.11000143448713,20.3352790557258,0.139440330942015,"f"
5561,-1.1097421339526,20.3367372796887,0.13944532986545,"f"
5562,-1.10948297743659,20.3381943325933,0.139450320441253,"f"
5563,-1.10922397481776,20.3396502222808,0.139455300612984,"f"
5564,-1.10896513597478,20.3411049565929,0.139460268324204,"f"
5565,-1.1087064707863,20.3425585433709,0.139465221518474,"f"
5566,-1.10844798913099,20.3440109904563,0.139470158139353,"f"
5567,-1.1081897008875,20.3454623056905,0.139475076130402,"f"
5568,-1.1079316159345,20.3469124969149,0.13947997343518,"f"
5569,-1.10767374415065,20.348361571971,0.13948484799725,"f"
5570,-1.10741609541462,20.3498095387003,0.139489697760169,"f"
5571,-1.10715867620482,20.3512564025797,0.139494521105784,"f"
5572,-1.10690147658692,20.3527021576729,0.139499318531514,"f"
5573,-1.10664448168086,20.3541467946044,0.139504091172274,"f"
5574,-1.10638767660559,20.3555903039979,0.139508840163106,"f"
5575,-1.10613104648005,20.3570326764774,0.139513566639053,"f"
5576,-1.10587457642319,20.3584739026665,0.139518271735158,"f"
5577,-1.10561825155394,20.3599139731892,0.139522956586465,"f"
5578,-1.10536205699127,20.3613528786691,0.139527622328016,"f"
5579,-1.1051059778541,20.3627906097301,0.139532270094854,"f"
5580,-1.10484999926138,20.364227156996,0.139536901022023,"f"
5581,-1.10459410633207,20.3656625110906,0.139541516244564,"f"
5582,-1.1043382841851,20.3670966626377,0.139546116897522,"f"
5583,-1.10408251793941,20.3685296022611,0.139550704115939,"f"
5584,-1.10382679271396,20.3699613205845,0.139555279034859,"f"
5585,-1.10357109362768,20.3713918082319,0.139559842789323,"f"
5586,-1.10331540579952,20.372821055827,0.139564396514376,"f"
5587,-1.10305971434842,20.3742490539935,0.13956894134506,"f"
5588,-1.10280400439334,20.3756757933554,0.139573478416418,"f"
5589,-1.10254826105321,20.3771012645363,0.139578008863493,"f"
5590,-1.10229246944697,20.3785254581601,0.139582533821329,"f"
5591,-1.10203661469358,20.3799483648507,0.139587054424967,"f"
5592,-1.10178068191197,20.3813699752317,0.139591571809452,"f"
5593,-1.10152465622109,20.382790279927,0.139596087109826,"f"
5594,-1.10126852273989,20.3842092695605,0.139600601461132,"f"
5595,-1.10101226658731,20.3856269347558,0.139605115998414,"f"
5596,-1.10075587288229,20.3870432661368,0.139609631856713,"f"
5597,-1.10049932674378,20.3884582543273,0.139614150171074,"f"
5598,-1.10024261329072,20.3898718899511,0.139618672076538,"f"
5599,-1.09998571764206,20.391284163632,0.13962319870815,"f"
5600,-1.09972862491674,20.3926950659938,0.139627731200952,"f"
5601,-1.09947132069144,20.3941045880304,0.139632270658924,"f"
5602,-1.09921380107073,20.3955127292464,0.139636817471606,"f"
5603,-1.09895607268707,20.3969194976575,0.139641371314097,"f"
5604,-1.09869814263066,20.3983249016494,0.139645931830432,"f"
5605,-1.0984400179917,20.3997289496078,0.139650498664648,"f"
5606,-1.09818170586039,20.4011316499183,0.13965507146078,"f"
5607,-1.09792321332691,20.4025330109666,0.139659649862864,"f"
5608,-1.09766454748148,20.4039330411384,0.139664233514936,"f"
5609,-1.09740571541428,20.4053317488194,0.139668822061032,"f"
5610,-1.09714672421552,20.4067291423952,0.139673415145188,"f"
5611,-1.09688758097539,20.4081252302515,0.13967801241144,"f"
5612,-1.09662829278408,20.409520020774,0.139682613503824,"f"
5613,-1.0963688667318,20.4109135223483,0.139687218066375,"f"
5614,-1.09610930990874,20.4123057433602,0.139691825743131,"f"
5615,-1.09584962940511,20.4136966921952,0.139696436178125,"f"
5616,-1.09558983231109,20.4150863772392,0.139701049015396,"f"
5617,-1.09532992571688,20.4164748068777,0.139705663898978,"f"
5618,-1.09506991671268,20.4178619894964,0.139710280472907,"f"
5619,-1.09480981238869,20.419247933481,0.13971489838122,"f"
5620,-1.09454961983511,20.4206326472172,0.139719517267952,"f"
5621,-1.09428934614213,20.4220161390906,0.139724136777139,"f"
5622,-1.09402899839995,20.423398417487,0.139728756552817,"f"
5623,-1.09376858369877,20.424779490792,0.139733376239022,"f"
5624,-1.09350810912878,20.4261593673912,0.13973799547979,"f"
5625,-1.09324758178018,20.4275380556704,0.139742613919157,"f"
5626,-1.09298700874317,20.4289155640153,0.139747231201159,"f"
5627,-1.09272639710794,20.4302919008114,0.139751846969831,"f"
5628,-1.0924657539647,20.4316670744444,0.13975646086921,"f"
5629,-1.09220508640364,20.4330410933002,0.139761072543332,"f"
5630,-1.09194440151496,20.4344139657642,0.139765681636232,"f"
5631,-1.09168370638888,20.4357857002218,0.139770287791973,"f"
5632,-1.091423008257,20.4371563028061,0.139774890783409,"f"
5633,-1.09116231482007,20.4385257721766,0.139779490810808,"f"
5634,-1.09090163387605,20.4398941054444,0.139784088162982,"f"
5635,-1.09064097322288,20.4412612997209,0.139788683128746,"f"
5636,-1.09038034065851,20.442627352117,0.139793275996911,"f"
5637,-1.0901197439809,20.4439922597441,0.139797867056292,"f"
5638,-1.08985919098798,20.4453560197134,0.139802456595701,"f"
5639,-1.08959868947772,20.4467186291359,0.139807044903953,"f"
5640,-1.08933824724805,20.4480800851229,0.13981163226986,"f"
5641,-1.08907787209692,20.4494403847856,0.139816218982235,"f"
5642,-1.0888175718223,20.4507995252351,0.139820805329893,"f"
5643,-1.08855735422211,20.4521575035827,0.139825391601645,"f"
5644,-1.08829722709432,20.4535143169395,0.139829978086307,"f"
5645,-1.08803719823688,20.4548699624167,0.13983456507269,"f"
5646,-1.08777727544772,20.4562244371255,0.139839152849608,"f"
5647,-1.08751746652481,20.4575777381771,0.139843741705875,"f"
5648,-1.08725777926608,20.4589298626826,0.139848331930303,"f"
5649,-1.0869982214695,20.4602808077532,0.139852923811707,"f"
5650,-1.086738800933,20.4616305705002,0.139857517638899,"f"
5651,-1.08647952545453,20.4629791480347,0.139862113700692,"f"
5652,-1.08622040283205,20.4643265374679,0.139866712285901,"f"
5653,-1.08596144086351,20.465672735911,0.139871313683338,"f"
5654,-1.08570264734685,20.4670177404751,0.139875918181816,"f"
5655,-1.08544403008002,20.4683615482715,0.139880526070149,"f"
5656,-1.08518559686097,20.4697041564113,0.13988513763715,"f"
5657,-1.08492735548765,20.4710455620057,0.139889753171633,"f"
5658,-1.08466931375801,20.4723857621659,0.139894372962411,"f"
5659,-1.08441147947,20.4737247540031,0.139898997298296,"f"
5660,-1.08415386042156,20.4750625346285,0.139903626468103,"f"
5661,-1.08389646441066,20.4763991011532,0.139908260760645,"f"
5662,-1.08363929822601,20.4777344509349,0.139912900420459,"f"
5663,-1.0833823549554,20.4790685846782,0.139917545091008,"f"
5664,-1.08312561781248,20.4804015054992,0.139922193982564,"f"
5665,-1.08286906979295,20.4817332165676,0.139926846295839,"f"
5666,-1.0826126938925,20.4830637210531,0.139931501231545,"f"
5667,-1.08235647310681,20.4843930221251,0.139936157990391,"f"
5668,-1.08210039043159,20.4857211229533,0.139940815773088,"f"
5669,-1.08184442886251,20.4870480267072,0.139945473780348,"f"
5670,-1.08158857139526,20.4883737365565,0.139950131212882,"f"
5671,-1.08133280102554,20.4896982556707,0.139954787271399,"f"
5672,-1.08107710074902,20.4910215872194,0.139959441156612,"f"
5673,-1.08082145356142,20.4923437343723,0.139964092069231,"f"
5674,-1.0805658424584,20.4936647002989,0.139968739209966,"f"
5675,-1.08031025043566,20.4949844881688,0.13997338177953,"f"
5676,-1.08005466048889,20.4963031011515,0.139978018978631,"f"
5677,-1.07979905561377,20.4976205424167,0.139982650007983,"f"
5678,-1.07954341880601,20.498936815134,0.139987274068294,"f"
5679,-1.07928773306128,20.500251922473,0.139991890360277,"f"
5680,-1.07903198137527,20.5015658676031,0.139996498084642,"f"
5681,-1.07877614674368,20.5028786536942,0.1400010964421,"f"
5682,-1.07852021216219,20.5041902839156,0.140005684633361,"f"
5683,-1.07826416062649,20.505500761437,0.140010261859138,"f"
5684,-1.07800797513227,20.5068100894281,0.140014827320139,"f"
5685,-1.07775163867523,20.5081182710583,0.140019380217078,"f"
5686,-1.07749513425104,20.5094253094974,0.140023919750663,"f"
5687,-1.0772384448554,20.5107312079148,0.140028445121607,"f"
5688,-1.076981553484,20.5120359694801,0.14003295553062,"f"
5689,-1.07672444313252,20.513339597363,0.140037450178413,"f"
5690,-1.07646709679666,20.5146420947331,0.140041928265696,"f"
5691,-1.0762094974721,20.5159434647598,0.140046388993181,"f"
5692,-1.07595162819262,20.5172437105987,0.140050831563315,"f"
5693,-1.07569348151533,20.5185428318451,0.14005525561253,"f"
5694,-1.07543507200495,20.519840819868,0.140059661780168,"f"
5695,-1.0751764173254,20.521137664878,0.140064050846804,"f"
5696,-1.07491753514063,20.5224333570853,0.140068423593013,"f"
5697,-1.07465844311456,20.5237278867006,0.14007278079937,"f"
5698,-1.07439915891112,20.5250212439343,0.14007712324645,"f"
5699,-1.07413970019424,20.5263134189967,0.140081451714828,"f"
5700,-1.07388008462785,20.5276044020984,0.140085766985079,"f"
5701,-1.07362032987589,20.5288941834499,0.140090069837778,"f"
5702,-1.07336045360228,20.5301827532615,0.1400943610535,"f"
5703,-1.07310047347096,20.5314701017438,0.140098641412819,"f"
5704,-1.07284040714586,20.5327562191072,0.140102911696312,"f"
5705,-1.07258027229091,20.5340410955622,0.140107172684553,"f"
5706,-1.07232008657003,20.5353247213192,0.140111425158117,"f"
5707,-1.07205986764716,20.5366070865887,0.140115669897579,"f"
5708,-1.07179963318623,20.5378881815811,0.140119907683514,"f"
5709,-1.07153940085118,20.5391679965069,0.140124139296497,"f"
5710,-1.07127918830592,20.5404465215766,0.140128365517103,"f"
5711,-1.0710190132144,20.5417237470005,0.140132587125907,"f"
5712,-1.07075889324054,20.5429996629893,0.140136804903484,"f"
5713,-1.07049884604828,20.5442742597532,0.140141019630409,"f"
5714,-1.07023888930154,20.5455475275029,0.140145232087257,"f"
5715,-1.06997904066426,20.5468194564487,0.140149443054604,"f"
5716,-1.06971931780036,20.5480900368011,0.140153653313023,"f"
5717,-1.06945973837378,20.5493592587705,0.14015786364309,"f"
5718,-1.06920032004845,20.5506271125675,0.140162074825381,"f"
5719,-1.0689410804883,20.5518935884025,0.14016628764047,"f"
5720,-1.06868203735726,20.5531586764858,0.140170502868931,"f"
5721,-1.06842320831926,20.5544223670281,0.140174721291341,"f"
5722,-1.06816461103824,20.5556846502397,0.140178943688274,"f"
5723,-1.06790626115593,20.5569455180538,0.140183170771693,"f"
5724,-1.06764815671357,20.5582049773973,0.14018740265638,"f"
5725,-1.06739028669002,20.5594630429173,0.140191639149635,"f"
5726,-1.06713263998921,20.5607197293247,0.140195880056214,"f"
5727,-1.06687520551512,20.5619750513304,0.140200125180875,"f"
5728,-1.06661797217167,20.5632290236452,0.140204374328375,"f"
5729,-1.06636092886284,20.5644816609802,0.140208627303471,"f"
5730,-1.06610406449256,20.5657329780461,0.140212883910921,"f"
5731,-1.0658473679648,20.5669829895538,0.140217143955482,"f"
5732,-1.0655908281835,20.5682317102144,0.140221407241911,"f"
5733,-1.06533443405261,20.5694791547386,0.140225673574966,"f"
5734,-1.06507817447609,20.5707253378374,0.140229942759404,"f"
5735,-1.06482203835789,20.5719702742216,0.140234214599982,"f"
5736,-1.06456601460195,20.5732139786022,0.140238488901458,"f"
5737,-1.06431009211224,20.57445646569,0.140242765468588,"f"
5738,-1.0640542597927,20.575697750196,0.140247044106131,"f"
5739,-1.06379850654728,20.576937846831,0.140251324618843,"f"
5740,-1.06354282127994,20.578176770306,0.140255606811482,"f"
5741,-1.06328719289462,20.5794145353318,0.140259890488805,"f"
5742,-1.06303161029529,20.5806511566194,0.140264175455569,"f"
5743,-1.06277606238589,20.5818866488796,0.140268461516532,"f"
5744,-1.06252053807036,20.5831210268233,0.140272748476451,"f"
5745,-1.06226502625268,20.5843543051615,0.140277036140083,"f"
5746,-1.06200951583678,20.5855864986049,0.140281324312186,"f"
5747,-1.06175399572661,20.5868176218646,0.140285612797517,"f"
5748,-1.06149845482614,20.5880476896515,0.140289901400833,"f"
5749,-1.0612428820393,20.5892767166763,0.140294189926892,"f"
5750,-1.06098726627006,20.59050471765,0.14029847818045,"f"
5751,-1.06073159642237,20.5917317072836,0.140302765966266,"f"
5752,-1.06047586140017,20.5929577002879,0.140307053089096,"f"
5753,-1.06022005019153,20.5941827112658,0.140311339354693,"f"
5754,-1.05996415768033,20.5954067472597,0.140315624638552,"f"
5755,-1.05970818841342,20.5966298029193,0.140319908930472,"f"
5756,-1.0594521478334,20.5978518717461,0.14032419223085,"f"
5757,-1.05919604138284,20.5990729472413,0.140328474540081,"f"
5758,-1.05893987450432,20.6002930229064,0.140332755858562,"f"
5759,-1.05868365264043,20.6015120922425,0.140337036186687,"f"
5760,-1.05842738123373,20.602730148751,0.140341315524854,"f"
5761,-1.05817106572683,20.6039471859333,0.140345593873456,"f"
5762,-1.05791471156228,20.6051631972907,0.140349871232891,"f"
5763,-1.05765832418269,20.6063781763244,0.140354147603554,"f"
5764,-1.05740190903061,20.6075921165358,0.14035842298584,"f"
5765,-1.05714547154865,20.6088050114262,0.140362697380146,"f"
5766,-1.05688901717936,20.610016854497,0.140366970786867,"f"
5767,-1.05663255136535,20.6112276392494,0.140371243206399,"f"
5768,-1.05637607954918,20.6124373591847,0.140375514639138,"f"
5769,-1.05611960717345,20.6136460078044,0.14037978508548,"f"
5770,-1.05586313968072,20.6148535786096,0.14038405454582,"f"
5771,-1.05560668251357,20.6160600651018,0.140388323020554,"f"
5772,-1.0553502411146,20.6172654607822,0.140392590510077,"f"
5773,-1.05509382092638,20.6184697591522,0.140396857014787,"f"
5774,-1.05483742739149,20.6196729537131,0.140401122535077,"f"
5775,-1.0545810659525,20.6208750379661,0.140405387071345,"f"
5776,-1.05432474205201,20.6220760054127,0.140409650623986,"f"
5777,-1.05406846113259,20.6232758495541,0.140413913193395,"f"
5778,-1.05381222863683,20.6244745638917,0.140418174779969,"f"
5779,-1.05355605000729,20.6256721419267,0.140422435384103,"f"
5780,-1.05329993068657,20.6268685771605,0.140426695006193,"f"
5781,-1.05304387611724,20.6280638630945,0.140430953646634,"f"
5782,-1.05278789174189,20.6292579932298,0.140435211305823,"f"
5783,-1.05253198300309,20.6304509610679,0.140439467984155,"f"
5784,-1.05227615354392,20.6316427597198,0.140443723703605,"f"
5785,-1.05202039649897,20.6328333800177,0.140447978612158,"f"
5786,-1.05176470119922,20.6340228119689,0.140452232903412,"f"
5787,-1.05150905697038,20.6352110455794,0.140456486771026,"f"
5788,-1.0512534531382,20.6363980708555,0.140460740408659,"f"
5789,-1.05099787902839,20.6375838778033,0.140464994009971,"f"
5790,-1.05074232396667,20.6387684564289,0.140469247768622,"f"
5791,-1.05048677727879,20.6399517967386,0.140473501878272,"f"
5792,-1.05023122829046,20.6411338887383,0.14047775653258,"f"
5793,-1.04997566632741,20.6423147224343,0.140482011925205,"f"
5794,-1.04972008071536,20.6434942878328,0.140486268249808,"f"
5795,-1.04946446078005,20.6446725749399,0.140490525700048,"f"
5796,-1.04920879584719,20.6458495737616,0.140494784469585,"f"
5797,-1.04895307524252,20.6470252743042,0.140499044752078,"f"
5798,-1.04869728829177,20.6481996665739,0.140503306741187,"f"
5799,-1.04844142432065,20.6493727405767,0.140507570630571,"f"
5800,-1.04818547265489,20.6505444863188,0.140511836613891,"f"
5801,-1.04792942262023,20.6517148938064,0.140516104884806,"f"
5802,-1.04767326354238,20.6528839530455,0.140520375636975,"f"
5803,-1.04741698474708,20.6540516540425,0.140524649064058,"f"
5804,-1.04716057556005,20.6552179868033,0.140528925359715,"f"
5805,-1.04690402530701,20.6563829413342,0.140533204717606,"f"
5806,-1.0466473233137,20.6575465076412,0.14053748733139,"f"
5807,-1.04639045890584,20.6587086757306,0.140541773394726,"f"
5808,-1.04613342140915,20.6598694356085,0.140546063101275,"f"
5809,-1.04587620014937,20.661028777281,0.140550356644696,"f"
5810,-1.04561878445221,20.6621866907542,0.140554654218648,"f"
5811,-1.04536116364341,20.6633431660344,0.140558956016792,"f"
5812,-1.0451033270487,20.6644981931277,0.140563262232787,"f"
5813,-1.04484526399379,20.6656517620402,0.140567573060292,"f"
5814,-1.04458696417637,20.6668038632692,0.140571888679448,"f"
5815,-1.04432842900063,20.6679545027693,0.140576208844896,"f"
5816,-1.04406967365285,20.669103704693,0.140580532810335,"f"
5817,-1.04381071410984,20.6702514942369,0.140584859800732,"f"
5818,-1.04355156634845,20.6713978965972,0.140589189041052,"f"
5819,-1.04329224634551,20.6725429369704,0.140593519756262,"f"
5820,-1.04303277007784,20.6736866405529,0.140597851171326,"f"
5821,-1.04277315352229,20.6748290325412,0.14060218251121,"f"
5822,-1.04251341265568,20.6759701381316,0.14060651300088,"f"
5823,-1.04225356345484,20.6771099825205,0.140610841865302,"f"
5824,-1.0419936218966,20.6782485909044,0.140615168329441,"f"
5825,-1.04173360395781,20.6793859884797,0.140619491618263,"f"
5826,-1.04147352561528,20.6805222004428,0.140623810956734,"f"
5827,-1.04121340284585,20.6816572519901,0.140628125569819,"f"
5828,-1.04095325162636,20.682791168318,0.140632434682484,"f"
5829,-1.04069308793363,20.6839239746229,0.140636737519695,"f"
5830,-1.0404329277445,20.6850556961012,0.140641033306417,"f"
5831,-1.04017278703579,20.6861863579494,0.140645321267616,"f"
5832,-1.03991268178435,20.6873159853639,0.140649600628258,"f"
5833,-1.03965262796699,20.688444603541,0.140653870613309,"f"
5834,-1.03939264156056,20.6895722376772,0.140658130447733,"f"
5835,-1.03913273854188,20.690698912969,0.140662379356497,"f"
5836,-1.03887293488779,20.6918246546126,0.140666616564567,"f"
5837,-1.03861324657512,20.6929494878046,0.140670841296908,"f"
5838,-1.0383536895807,20.6940734377413,0.140675052778485,"f"
5839,-1.03809427988136,20.6951965296191,0.140679250234265,"f"
5840,-1.03783503345393,20.6963187886345,0.140683432889213,"f"
5841,-1.03757596627525,20.6974402399839,0.140687599968295,"f"
5842,-1.03731709432215,20.6985609088637,0.140691750696476,"f"
5843,-1.03705843357145,20.6996808204702,0.140695884298723,"f"
5844,-1.0368,20.7008,0.1407,"f"
5845,-1.0365418051422,20.7019184639569,0.140704097284231,"f"
5846,-1.03628384276278,20.7030361940746,0.140708176671168,"f"
5847,-1.03602610218405,20.7041531633945,0.140712238939521,"f"
5848,-1.03576857272833,20.7052693449577,0.140716284867998,"f"
5849,-1.03551124371793,20.7063847118056,0.14072031523531,"f"
5850,-1.03525410447515,20.7074992369793,0.140724330820165,"f"
5851,-1.0349971443223,20.7086128935202,0.140728332401274,"f"
5852,-1.03474035258171,20.7097256544694,0.140732320757345,"f"
5853,-1.03448371857567,20.7108374928683,0.140736296667088,"f"
5854,-1.03422723162649,20.711948381758,0.140740260909213,"f"
5855,-1.0339708810565,20.7130582941798,0.140744214262429,"f"
5856,-1.03371465618799,20.7141672031751,0.140748157505446,"f"
5857,-1.03345854634329,20.7152750817849,0.140752091416973,"f"
5858,-1.03320254084469,20.7163819030506,0.140756016775719,"f"
5859,-1.03294662901452,20.7174876400134,0.140759934360394,"f"
5860,-1.03269080017508,20.7185922657146,0.140763844949707,"f"
5861,-1.03243504364868,20.7196957531954,0.140767749322368,"f"
5862,-1.03217934875763,20.7207980754971,0.140771648257086,"f"
5863,-1.03192370482424,20.7218992056609,0.140775542532571,"f"
5864,-1.03166810117083,20.7229991167281,0.140779432927532,"f"
5865,-1.03141252711971,20.7240977817399,0.140783320220679,"f"
5866,-1.03115697199318,20.7251951737375,0.140787205190721,"f"
5867,-1.03090142511355,20.7262912657623,0.140791088616367,"f"
5868,-1.03064587580314,20.7273860308554,0.140794971276327,"f"
5869,-1.03039031338426,20.7284794420582,0.140798853949311,"f"
5870,-1.03013472717922,20.7295714724118,0.140802737414027,"f"
5871,-1.02987910651032,20.7306620949576,0.140806622449186,"f"
5872,-1.02962344069988,20.7317512827367,0.140810509833497,"f"
5873,-1.02936771907021,20.7328390087904,0.140814400345669,"f"
5874,-1.02911193094362,20.73392524616,0.140818294764412,"f"
5875,-1.02885606612101,20.7350099692442,0.140822193839046,"f"
5876,-1.02860012274661,20.7360931761079,0.140826097806549,"f"
5877,-1.02834410605149,20.7371748849179,0.140830006468711,"f"
5878,-1.0280880214919,20.7382551144798,0.140833919613499,"f"
5879,-1.02783187452407,20.7393338835991,0.140837837028877,"f"
5880,-1.02757567060426,20.7404112110814,0.14084175850281,"f"
5881,-1.02731941518871,20.7414871157321,0.140845683823261,"f"
5882,-1.02706311373366,20.7425616163569,0.140849612778197,"f"
5883,-1.02680677169536,20.7436347317613,0.140853545155581,"f"
5884,-1.02655039453004,20.7447064807507,0.140857480743378,"f"
5885,-1.02629398769396,20.7457768821309,0.140861419329554,"f"
5886,-1.02603755664335,20.7468459547072,0.140865360702072,"f"
5887,-1.02578110683447,20.7479137172853,0.140869304648898,"f"
5888,-1.02552464372354,20.7489801886707,0.140873250957996,"f"
5889,-1.02526817276683,20.7500453876689,0.140877199417331,"f"
5890,-1.02501169942057,20.7511093330855,0.140881149814867,"f"
5891,-1.024755229141,20.752172043726,0.14088510193857,"f"
5892,-1.02449876738437,20.753233538396,0.140889055576404,"f"
5893,-1.02424231960693,20.754293835901,0.140893010516333,"f"
5894,-1.02398589126491,20.7553529550465,0.140896966546323,"f"
5895,-1.02372948781456,20.7564109146382,0.140900923454338,"f"
5896,-1.02347311471213,20.7574677334814,0.140904881028342,"f"
5897,-1.02321677741385,20.7585234303818,0.140908839056302,"f"
5898,-1.02296048137598,20.759578024145,0.14091279732618,"f"
5899,-1.02270423205476,20.7606315335764,0.140916755625943,"f"
5900,-1.02244803490642,20.7616839774816,0.140920713743554,"f"
5901,-1.02219189538721,20.7627353746661,0.140924671466978,"f"
5902,-1.02193581895339,20.7637857439356,0.140928628584181,"f"
5903,-1.02167981106118,20.7648351040954,0.140932584883126,"f"
5904,-1.02142387716684,20.7658834739513,0.140936540151779,"f"
5905,-1.02116802272121,20.7669308723006,0.140940494178195,"f"
5906,-1.02091224925664,20.7679773121558,0.140944446816859,"f"
5907,-1.02065654747969,20.7690227905458,0.140948398105774,"f"
5908,-1.02040090624309,20.7700673017626,0.140952348114374,"f"
5909,-1.02014531439953,20.771110840098,0.140956296912088,"f"
5910,-1.01988976080175,20.7721533998441,0.14096024456835,"f"
5911,-1.01963423430245,20.7731949752927,0.140964191152591,"f"
5912,-1.01937872375435,20.7742355607359,0.140968136734242,"f"
5913,-1.01912321801015,20.7752751504655,0.140972081382736,"f"
5914,-1.01886770592258,20.7763137387736,0.140976025167503,"f"
5915,-1.01861217634435,20.777351319952,0.140979968157976,"f"
5916,-1.01835661812818,20.7783878882927,0.140983910423587,"f"
5917,-1.01810102012677,20.7794234380876,0.140987852033767,"f"
5918,-1.01784537119284,20.7804579636287,0.140991793057948,"f"
5919,-1.01758966017911,20.781491459208,0.140995733565561,"f"
5920,-1.01733387593829,20.7825239191173,0.140999673626039,"f"
5921,-1.01707800732309,20.7835553376487,0.141003613308813,"f"
5922,-1.01682204318624,20.7845857090939,0.141007552683315,"f"
5923,-1.01656597238043,20.7856150277452,0.141011491818976,"f"
5924,-1.01630978375839,20.7866432878942,0.141015430785228,"f"
5925,-1.01605346617284,20.7876704838331,0.141019369651504,"f"
5926,-1.01579700847648,20.7886966098536,0.141023308487234,"f"
5927,-1.01554039952203,20.7897216602479,0.14102724736185,"f"
5928,-1.0152836281622,20.7907456293078,0.141031186344785,"f"
5929,-1.01502668324971,20.7917685113252,0.141035125505469,"f"
5930,-1.01476955363727,20.7927903005922,0.141039064913335,"f"
5931,-1.0145122281776,20.7938109914006,0.141043004637814,"f"
5932,-1.01425469572341,20.7948305780425,0.141046944748338,"f"
5933,-1.01399694512742,20.7958490548096,0.141050885314339,"f"
5934,-1.01373896524233,20.7968664159941,0.141054826405248,"f"
5935,-1.01348074492087,20.7978826558878,0.141058768090498,"f"
5936,-1.01322227458648,20.7988977693098,0.141062710432201,"f"
5937,-1.01296356160788,20.7999117567672,0.141066653413523,"f"
5938,-1.01270462369276,20.800924622237,0.14107059696946,"f"
5939,-1.01244547869636,20.8019363697459,0.14107454103432,"f"
5940,-1.01218614447387,20.8029470033206,0.141078485542412,"f"
5941,-1.01192663888053,20.8039565269877,0.141082430428043,"f"
5942,-1.01166697977155,20.8049649447741,0.141086375625523,"f"
5943,-1.01140718500215,20.8059722607062,0.14109032106916,"f"
5944,-1.01114727242754,20.8069784788109,0.141094266693262,"f"
5945,-1.01088725990294,20.8079836031148,0.141098212432138,"f"
5946,-1.01062716528357,20.8089876376446,0.141102158220095,"f"
5947,-1.01036700642465,20.809990586427,0.141106103991444,"f"
5948,-1.01010680118138,20.8109924534886,0.14111004968049,"f"
5949,-1.009846567409,20.8119932428561,0.141113995221545,"f"
5950,-1.00958632296272,20.8129929585563,0.141117940548915,"f"
5951,-1.00932608569775,20.8139916046157,0.141121885596908,"f"
5952,-1.00906587346932,20.8149891850612,0.141125830299835,"f"
5953,-1.00880570413263,20.8159857039193,0.141129774592002,"f"
5954,-1.00854559554291,20.8169811652167,0.141133718407719,"f"
5955,-1.00828556555538,20.8179755729801,0.141137661681293,"f"
5956,-1.00802563202524,20.8189689312363,0.141141604347034,"f"
5957,-1.00776581280773,20.8199612440118,0.141145546339249,"f"
5958,-1.00750612575805,20.8209525153334,0.141149487592247,"f"
5959,-1.00724658873143,20.8219427492278,0.141153428040337,"f"
5960,-1.00698721958307,20.8229319497216,0.141157367617826,"f"
5961,-1.00672803616821,20.8239201208415,0.141161306259023,"f"
5962,-1.00646905634205,20.8249072666142,0.141165243898238,"f"
5963,-1.00621029795981,20.8258933910664,0.141169180469777,"f"
5964,-1.00595177887672,20.8268784982247,0.141173115907949,"f"
5965,-1.00569351694798,20.8278625921159,0.141177050147064,"f"
5966,-1.00543552993617,20.828845676729,0.141180983122103,"f"
5967,-1.00517782439455,20.8298277515077,0.14118491484967,"f"
5968,-1.00492038510613,20.8308088070676,0.141188845504887,"f"
5969,-1.00466319435271,20.8317888330101,0.141192775281089,"f"
5970,-1.00440623441607,20.8327678189364,0.14119670437161,"f"
5971,-1.00414948757798,20.8337457544478,0.141200632969784,"f"
5972,-1.00389293612022,20.8347226291458,0.141204561268947,"f"
5973,-1.00363656232459,20.8356984326316,0.141208489462433,"f"
5974,-1.00338034847285,20.8366731545066,0.141212417743577,"f"
5975,-1.00312427684678,20.8376467843721,0.141216346305713,"f"
5976,-1.00286832972818,20.8386193118294,0.141220275342175,"f"
5977,-1.00261248939882,20.8395907264799,0.1412242050463,"f"
5978,-1.00235673814047,20.8405610179248,0.14122813561142,"f"
5979,-1.00210105823492,20.8415301757656,0.141232067230872,"f"
5980,-1.00184543196396,20.8424981896035,0.141236000097988,"f"
5981,-1.00158984160936,20.8434650490399,0.141239934406105,"f"
5982,-1.0013342694529,20.8444307436761,0.141243870348557,"f"
5983,-1.00107869777636,20.8453952631134,0.141247808118677,"f"
5984,-1.00082310886152,20.8463585969532,0.141251747909802,"f"
5985,-1.00056748499017,20.8473207347968,0.141255689915266,"f"
5986,-1.00031180844409,20.8482816662455,0.141259634328402,"f"
5987,-1.00005606150505,20.8492413809007,0.141263581342547,"f"
5988,-0.999800226454831,20.8501998683636,0.141267531151034,"f"
5989,-0.999544285575221,20.8511571182356,0.141271483947198,"f"
5990,-0.999288221147999,20.8521131201181,0.141275439924374,"f"
5991,-0.999032015454945,20.8530678636123,0.141279399275896,"f"
5992,-0.998775650777838,20.8540213383197,0.141283362195099,"f"
5993,-0.998519109398461,20.8549735338414,0.141287328875318,"f"
5994,-0.998262373598592,20.8559244397789,0.141291299509887,"f"
5995,-0.998005425660014,20.8568740457335,0.141295274292141,"f"
5996,-0.997748247864506,20.8578223413065,0.141299253415414,"f"
5997,-0.99749082501308,20.8587693184852,0.141303236992498,"f"
5998,-0.997233159795914,20.859714986199,0.141307224564233,"f"
5999,-0.996975262644345,20.860659360709,0.141311215423962,"f"
6000,-0.996717144020669,20.8616024583056,0.141315208864038,"f"
6001,-0.996458814387182,20.8625442952789,0.141319204176815,"f"
6002,-0.996200284206181,20.8634848879195,0.141323200654646,"f"
6003,-0.995941563939962,20.8644242525174,0.141327197589883,"f"
6004,-0.99568266405082,20.8653624053632,0.14133119427488,"f"
6005,-0.995423595001052,20.8662993627471,0.141335190001989,"f"
6006,-0.995164367252954,20.8672351409595,0.141339184063565,"f"
6007,-0.994904991268823,20.8681697562905,0.141343175751959,"f"
6008,-0.994645477510954,20.8691032250307,0.141347164359525,"f"
6009,-0.994385836441644,20.8700355634702,0.141351149178616,"f"
6010,-0.994126078523188,20.8709667878995,0.141355129501585,"f"
6011,-0.993866214217884,20.8718969146088,0.141359104620785,"f"
6012,-0.993606253988026,20.8728259598884,0.141363073828569,"f"
6013,-0.993346208295913,20.8737539400287,0.141367036417291,"f"
6014,-0.993086087603838,20.87468087132,0.141370991679303,"f"
6015,-0.9928259023741,20.8756067700526,0.141374938906958,"f"
6016,-0.992565663068993,20.8765316525168,0.14137887739261,"f"
6017,-0.992305380150814,20.8774555350029,0.141382806428611,"f"
6018,-0.99204506408186,20.8783784338013,0.141386725307315,"f"
6019,-0.991784725324426,20.8793003652024,0.141390633321074,"f"
6020,-0.991524374340808,20.8802213454963,0.141394529762242,"f"
6021,-0.991264021593303,20.8811413909734,0.141398413923172,"f"
6022,-0.991003677544208,20.8820605179241,0.141402285096217,"f"
6023,-0.990743352655817,20.8829787426386,0.141406142573729,"f"
6024,-0.990483057390428,20.8838960814073,0.141409985648063,"f"
6025,-0.990222802210336,20.8848125505206,0.14141381361157,"f"
6026,-0.989962597577837,20.8857281662686,0.141417625756605,"f"
6027,-0.989702453838197,20.8866429446913,0.141421421386217,"f"
6028,-0.989442376035589,20.8875568904833,0.141425200288012,"f"
6029,-0.989182361858541,20.888469992597,0.141428962921949,"f"
6030,-0.98892240845377,20.889382238825,0.141432709797514,"f"
6031,-0.988662512967993,20.8902936169602,0.141436441424192,"f"
6032,-0.988402672547926,20.8912041147953,0.141440158311466,"f"
6033,-0.988142884340287,20.8921137201231,0.141443860968823,"f"
6034,-0.987883145491792,20.8930224207362,0.141447549905747,"f"
6035,-0.987623453149157,20.8939302044276,0.141451225631723,"f"
6036,-0.987363804459101,20.8948370589898,0.141454888656236,"f"
6037,-0.987104196568338,20.8957429722158,0.14145853948877,"f"
6038,-0.986844626623586,20.8966479318982,0.141462178638812,"f"
6039,-0.986585091771562,20.8975519258297,0.141465806615845,"f"
6040,-0.986325589158982,20.8984549418033,0.141469423929354,"f"
6041,-0.986066115932564,20.8993569676115,0.141473031088825,"f"
6042,-0.985806669239023,20.9002579910473,0.141476628603743,"f"
6043,-0.985547246225077,20.9011579999032,0.141480216983591,"f"
6044,-0.985287844037442,20.9020569819722,0.141483796737856,"f"
6045,-0.985028459822835,20.9029549250468,0.141487368376022,"f"
6046,-0.984769090727973,20.90385181692,0.141490932407574,"f"
6047,-0.984509733899572,20.9047476453844,0.141494489341996,"f"
6048,-0.98425038648435,20.9056423982329,0.141498039688775,"f"
6049,-0.983991045629022,20.9065360632581,0.141501583957394,"f"
6050,-0.983731708480306,20.9074286282528,0.141505122657339,"f"
6051,-0.983472372184918,20.9083200810098,0.141508656298094,"f"
6052,-0.983213033889576,20.9092104093219,0.141512185389145,"f"
6053,-0.982953690740995,20.9100996009817,0.141515710439976,"f"
6054,-0.982694339885893,20.9109876437821,0.141519231960072,"f"
6055,-0.982434978470986,20.9118745255158,0.141522750458919,"f"
6056,-0.982175603642991,20.9127602339756,0.141526266446,"f"
6057,-0.981916212548625,20.9136447569542,0.141529780430802,"f"
6058,-0.98165680285702,20.9145280854672,0.141533292962358,"f"
6059,-0.981397374758995,20.915410226087,0.141536804780606,"f"
6060,-0.981137929205232,20.9162911900735,0.141540316683011,"f"
6061,-0.980878467146568,20.9171709886878,0.141543829467048,"f"
6062,-0.980618989533839,20.9180496331908,0.141547343930193,"f"
6063,-0.980359497317883,20.9189271348434,0.14155086086992,"f"
6064,-0.980099991449536,20.9198035049067,0.141554381083706,"f"
6065,-0.979840472879636,20.9206787546416,0.141557905369026,"f"
6066,-0.979580942559019,20.921552895309,0.141561434523356,"f"
6067,-0.979321401438522,20.9224259381701,0.141564969344171,"f"
6068,-0.979061850468983,20.9232978944856,0.141568510628946,"f"
6069,-0.978802290601237,20.9241687755167,0.141572059175157,"f"
6070,-0.978542722786123,20.9250385925242,0.14157561578028,"f"
6071,-0.978283147974476,20.9259073567692,0.14157918124179,"f"
6072,-0.978023567117135,20.9267750795126,0.141582756357162,"f"
6073,-0.977763981164935,20.9276417720153,0.141586341923873,"f"
6074,-0.977504391068714,20.9285074455384,0.141589938739397,"f"
6075,-0.977244797779309,20.9293721113429,0.14159354760121,"f"
6076,-0.976985202247556,20.9302357806896,0.141597169306788,"f"
6077,-0.976725605424293,20.9310984648396,0.141600804653606,"f"
6078,-0.976466008260356,20.9319601750539,0.141604454439139,"f"
6079,-0.976206411706583,20.9328209225933,0.141608119460864,"f"
6080,-0.97594681671381,20.933680718719,0.141611800516256,"f"
6081,-0.975687224232874,20.9345395746917,0.141615498402789,"f"
6082,-0.975427635214613,20.9353975017727,0.14161921391794,"f"
6083,-0.975168050609862,20.9362545112227,0.141622947859185,"f"
6084,-0.97490847136946,20.9371106143027,0.141626701023998,"f"
6085,-0.974648898444242,20.9379658222738,0.141630474209855,"f"
6086,-0.974389332785047,20.9388201463969,0.141634268214232,"f"
6087,-0.97412977534271,20.939673597933,0.141638083834605,"f"
6088,-0.973870227028467,20.9405261876677,0.141641921819091,"f"
6089,-0.973610687842703,20.9413779154518,0.141645781780621,"f"
6090,-0.973351156874957,20.942228770202,0.141649662196931,"f"
6091,-0.973091633175165,20.9430787403592,0.141653561496403,"f"
6092,-0.972832115793261,20.9439278143645,0.141657478107418,"f"
6093,-0.972572603779181,20.9447759806589,0.141661410458357,"f"
6094,-0.972313096182861,20.9456232276834,0.141665356977601,"f"
6095,-0.972053592054236,20.9464695438792,0.141669316093532,"f"
6096,-0.971794090443243,20.9473149176872,0.141673286234531,"f"
6097,-0.971534590399816,20.9481593375485,0.141677265828979,"f"
6098,-0.971275090973891,20.9490027919041,0.141681253305257,"f"
6099,-0.971015591215403,20.949845269195,0.141685247091747,"f"
6100,-0.970756090174289,20.9506867578624,0.141689245616831,"f"
6101,-0.970496586900483,20.9515272463472,0.141693247308888,"f"
6102,-0.970237080443922,20.9523667230905,0.141697250596301,"f"
6103,-0.969977569854541,20.9532051765333,0.141701253907451,"f"
6104,-0.969718054182276,20.9540425951167,0.141705255670719,"f"
6105,-0.969458532477061,20.9548789672816,0.141709254314486,"f"
6106,-0.969199003788833,20.9557142814693,0.141713248267133,"f"
6107,-0.968939467167527,20.9565485261206,0.141717235957042,"f"
6108,-0.968679921663079,20.9573816896766,0.141721215812595,"f"
6109,-0.968420366325424,20.9582137605784,0.141725186262172,"f"
6110,-0.968160800204498,20.959044727267,0.141729145734154,"f"
6111,-0.967901222350237,20.9598745781835,0.141733092656923,"f"
6112,-0.967641631812575,20.9607033017689,0.141737025458861,"f"
6113,-0.967382027641449,20.9615308864641,0.141740942568347,"f"
6114,-0.967122408886794,20.9623573207104,0.141744842413765,"f"
6115,-0.966862774598546,20.9631825929487,0.141748723423494,"f"
6116,-0.96660312382664,20.96400669162,0.141752584025916,"f"
6117,-0.966343455621013,20.9648296051654,0.141756422649413,"f"
6118,-0.966083769031753,20.965651322027,0.14176023772248,"f"
6119,-0.965824063867889,20.9664718356916,0.14176402823392,"f"
6120,-0.965564342457064,20.9672911563882,0.141767795031979,"f"
6121,-0.965304607648697,20.9681092978137,0.141771539350117,"f"
6122,-0.965044862292208,20.9689262736655,0.1417752624218,"f"
6123,-0.964785109237021,20.9697420976408,0.141778965480489,"f"
6124,-0.964525351332553,20.9705567834366,0.141782649759648,"f"
6125,-0.964265591428228,20.9713703447502,0.14178631649274,"f"
6126,-0.964005832373465,20.9721827952788,0.141789966913227,"f"
6127,-0.963746077017685,20.9729941487196,0.141793602254574,"f"
6128,-0.963486328210309,20.9738044187697,0.141797223750242,"f"
6129,-0.963226588800758,20.9746136191263,0.141800832633695,"f"
6130,-0.962966861638453,20.9754217634867,0.141804430138396,"f"
6131,-0.962707149572815,20.9762288655479,0.141808017497809,"f"
6132,-0.962447455453263,20.9770349390072,0.141811595945395,"f"
6133,-0.96218778212922,20.9778399975618,0.141815166714619,"f"
6134,-0.961928132450105,20.9786440549088,0.141818731038942,"f"
6135,-0.961668509265341,20.9794471247455,0.141822290151829,"f"
6136,-0.961408915424346,20.980249220769,0.141825845286742,"f"
6137,-0.961149353776543,20.9810503566765,0.141829397677144,"f"
6138,-0.960889827171353,20.9818505461652,0.141832948556499,"f"
6139,-0.960630338458195,20.9826498029322,0.141836499158269,"f"
6140,-0.960370890486491,20.9834481406748,0.141840050715917,"f"
6141,-0.960111486105661,20.9842455730902,0.141843604462906,"f"
6142,-0.959852128165127,20.9850421138754,0.141847161632701,"f"
6143,-0.959592819514309,20.9858377767278,0.141850723458762,"f"
6144,-0.959333563002628,20.9866325753445,0.141854291174554,"f"
6145,-0.959074361479505,20.9874265234226,0.14185786601354,"f"
6146,-0.95881521779436,20.9882196346594,0.141861449209182,"f"
6147,-0.958556134796615,20.9890119227521,0.141865041994944,"f"
6148,-0.958297115335689,20.9898034013978,0.141868645604289,"f"
6149,-0.958038161719947,20.9905940837089,0.141872261170259,"f"
6150,-0.957779268912349,20.9913839748589,0.141875888462592,"f"
6151,-0.957520426582143,20.9921730742996,0.141879526268514,"f"
6152,-0.957261624281713,20.9929613813566,0.141883173353558,"f"
6153,-0.957002851563437,20.9937488953556,0.141886828483261,"f"
6154,-0.956744097979699,20.994535615622,0.141890490423156,"f"
6155,-0.956485353082879,20.9953215414815,0.141894157938779,"f"
6156,-0.956226606425358,20.9961066722597,0.141897829795664,"f"
6157,-0.955967847559518,20.9968910072821,0.141901504759346,"f"
6158,-0.955709066037739,20.9976745458744,0.14190518159536,"f"
6159,-0.955450251412403,20.9984572873621,0.141908859069241,"f"
6160,-0.955191393235892,20.9992392310708,0.141912535946524,"f"
6161,-0.954932481060585,21.000020376326,0.141916210992742,"f"
6162,-0.954673504438866,21.0008007224535,0.141919882973432,"f"
6163,-0.954414452923114,21.0015802687787,0.141923550654127,"f"
6164,-0.954155316065711,21.0023590146273,0.141927212800363,"f"
6165,-0.953896083419038,21.0031369593248,0.141930868177675,"f"
6166,-0.953636744535476,21.0039141021969,0.141934515551596,"f"
6167,-0.953377288967407,21.004690442569,0.141938153687663,"f"
6168,-0.953117706267212,21.0054659797669,0.141941781351409,"f"
6169,-0.952857985987272,21.006240713116,0.14194539730837,"f"
6170,-0.952598117679968,21.007014641942,0.14194900032408,"f"
6171,-0.952338090897682,21.0077877655704,0.141952589164074,"f"
6172,-0.952077895192794,21.0085600833269,0.141956162593888,"f"
6173,-0.951817520117686,21.0093315945369,0.141959719379054,"f"
6174,-0.951556955224739,21.0101022985262,0.14196325828511,"f"
6175,-0.951296190066334,21.0108721946203,0.141966778077588,"f"
6176,-0.951035214194853,21.0116412821448,0.141970277522025,"f"
6177,-0.950774017162676,21.0124095604252,0.141973755383955,"f"
6178,-0.950512588522185,21.0131770287872,0.141977210428912,"f"
6179,-0.950250917856645,21.0139436865449,0.141980641425519,"f"
6180,-0.949989002471379,21.0147095301765,0.141984047914606,"f"
6181,-0.949726857516744,21.0154745496052,0.141987431221499,"f"
6182,-0.949464500656113,21.0162387338316,0.141990792922829,"f"
6183,-0.949201949552858,21.0170020718563,0.141994134595226,"f"
6184,-0.948939221870351,21.0177645526795,0.141997457815318,"f"
6185,-0.948676335271965,21.0185261653019,0.142000764159736,"f"
6186,-0.948413307421073,21.0192868987239,0.142004055205109,"f"
6187,-0.948150155981045,21.020046741946,0.142007332528067,"f"
6188,-0.947886898615256,21.0208056839686,0.142010597705239,"f"
6189,-0.947623552987076,21.0215637137923,0.142013852313255,"f"
6190,-0.947360136759879,21.0223208204174,0.142017097928745,"f"
6191,-0.947096667597036,21.0230769928445,0.142020336128338,"f"
6192,-0.946833163161921,21.0238322200741,0.142023568488664,"f"
6193,-0.946569641117905,21.0245864911065,0.142026796586352,"f"
6194,-0.94630611912836,21.0253397949424,0.142030021998033,"f"
6195,-0.94604261485666,21.026092120582,0.142033246300335,"f"
6196,-0.945779145966176,21.0268434570261,0.142036471069888,"f"
6197,-0.945515730120281,21.0275937932749,0.142039697883322,"f"
6198,-0.945252384982346,21.028343118329,0.142042928317267,"f"
6199,-0.944989128215745,21.0290914211889,0.142046163948352,"f"
6200,-0.94472597748385,21.0298386908549,0.142049406353207,"f"
6201,-0.944462950450033,21.0305849163277,0.14205265710846,"f"
6202,-0.944200064777666,21.0313300866077,0.142055917790743,"f"
6203,-0.943937338130121,21.0320741906953,0.142059189976685,"f"
6204,-0.943674788170772,21.032817217591,0.142062475242915,"f"
6205,-0.94341243256299,21.0335591562953,0.142065775166062,"f"
6206,-0.943150288970147,21.0342999958086,0.142069091322757,"f"
6207,-0.942888375055617,21.0350397251315,0.142072425289629,"f"
6208,-0.942626708482771,21.0357783332644,0.142075778643308,"f"
6209,-0.942365306914981,21.0365158092078,0.142079152960423,"f"
6210,-0.942104185532613,21.0372521443805,0.142082549649336,"f"
6211,-0.941843337904674,21.0379873512499,0.142085968653852,"f"
6212,-0.941582746472621,21.0387214531214,0.142089409163687,"f"
6213,-0.941322393585947,21.0394544733898,0.142092870362324,"f"
6214,-0.941062261594146,21.0401864354499,0.142096351433247,"f"
6215,-0.940802332846712,21.0409173626966,0.142099851559937,"f"
6216,-0.940542589693137,21.0416472785246,0.142103369925879,"f"
6217,-0.940283014482916,21.042376206329,0.142106905714556,"f"
6218,-0.940023589565542,21.0431041695044,0.142110458109451,"f"
6219,-0.939764297290509,21.0438311914457,0.142114026294046,"f"
6220,-0.93950512000731,21.0445572955478,0.142117609451826,"f"
6221,-0.939246040065438,21.0452825052054,0.142121206766273,"f"
6222,-0.938987039814388,21.0460068438136,0.14212481742087,"f"
6223,-0.938728101603653,21.046730334767,0.142128440599101,"f"
6224,-0.938469207782726,21.0474530014605,0.142132075484449,"f"
6225,-0.938210340701101,21.048174867289,0.142135721260397,"f"
6226,-0.937951482708271,21.0488959556473,0.142139377110428,"f"
6227,-0.937692616153731,21.0496162899302,0.142143042218026,"f"
6228,-0.937433723386973,21.0503358935326,0.142146715766672,"f"
6229,-0.937174786757491,21.0510547898494,0.142150396939852,"f"
6230,-0.93691578861478,21.0517730022753,0.142154084921047,"f"
6231,-0.936656711308331,21.0524905542052,0.142157778893741,"f"
6232,-0.936397537187639,21.0532074690339,0.142161478041417,"f"
6233,-0.936138248602198,21.0539237701564,0.142165181547559,"f"
6234,-0.935878827901501,21.0546394809673,0.142168888595649,"f"
6235,-0.935619257435041,21.0553546248616,0.142172598369171,"f"
6236,-0.935359519552312,21.0560692252341,0.142176310051607,"f"
6237,-0.935099596602808,21.0567833054797,0.142180022826442,"f"
6238,-0.934839470936022,21.0574968889931,0.142183735877157,"f"
6239,-0.934579124901448,21.0582099991693,0.142187448387237,"f"
6240,-0.934318540991166,21.0589226591887,0.142191159542088,"f"
6241,-0.934057711690913,21.0596348772089,0.142194868661934,"f"
6242,-0.93379664586571,21.0603466367654,0.142198575287964,"f"
6243,-0.933535353898846,21.0610579191115,0.142202278981847,"f"
6244,-0.93327384617361,21.0617687055004,0.142205979305252,"f"
6245,-0.933012133073291,21.0624789771853,0.14220967581985,"f"
6246,-0.932750224981179,21.0631887154194,0.142213368087308,"f"
6247,-0.932488132280564,21.063897901456,0.142217055669298,"f"
6248,-0.932225865354734,21.0646065165481,0.142220738127488,"f"
6249,-0.93196343458698,21.0653145419491,0.142224415023548,"f"
6250,-0.931700850360589,21.0660219589122,0.142228085919148,"f"
6251,-0.931438123058853,21.0667287486906,0.142231750375957,"f"
6252,-0.93117526306506,21.0674348925374,0.142235407955644,"f"
6253,-0.930912280762499,21.0681403717059,0.14223905821988,"f"
6254,-0.930649186534461,21.0688451674494,0.142242700730333,"f"
6255,-0.930385990764234,21.0695492610209,0.142246335048674,"f"
6256,-0.930122703835107,21.0702526336739,0.142249960736571,"f"
6257,-0.929859336130371,21.0709552666613,0.142253577355694,"f"
6258,-0.929595898033314,21.0716571412366,0.142257184467713,"f"
6259,-0.929332399927226,21.0723582386528,0.142260781634297,"f"
6260,-0.929068852195396,21.0730585401632,0.142264368417117,"f"
6261,-0.928805265221114,21.073758027021,0.14226794437784,"f"
6262,-0.928541649387669,21.0744566804794,0.142271509078137,"f"
6263,-0.92827801507835,21.0751544817917,0.142275062079678,"f"
6264,-0.928014372676447,21.075851412211,0.142278602944131,"f"
6265,-0.927750732565249,21.0765474529906,0.142282131233167,"f"
6266,-0.927487105128045,21.0772425853836,0.142285646508455,"f"
6267,-0.927223500748126,21.0779367906433,0.142289148331665,"f"
6268,-0.92695992980878,21.078630050023,0.142292636264465,"f"
6269,-0.926696402693296,21.0793223447757,0.142296109868526,"f"
6270,-0.926432929784965,21.0800136561548,0.142299568705517,"f"
6271,-0.926169520016888,21.0807039685155,0.142303012435407,"f"
6272,-0.925906173853588,21.0813932843288,0.142306441292204,"f"
6273,-0.925642888694324,21.0820816126226,0.142309855717692,"f"
6274,-0.925379661934127,21.0827689624337,0.14231325615394,"f"
6275,-0.925116490968027,21.0834553427993,0.14231664304302,"f"
6276,-0.924853373191055,21.084140762756,0.142320016827002,"f"
6277,-0.924590305998243,21.0848252313411,0.142323377947957,"f"
6278,-0.924327286784622,21.0855087575913,0.142326726847955,"f"
6279,-0.924064312945222,21.0861913505436,0.142330063969067,"f"
6280,-0.923801381875074,21.086873019235,0.142333389753363,"f"
6281,-0.92353849096921,21.0875537727024,0.142336704642914,"f"
6282,-0.92327563762266,21.0882336199827,0.14234000907979,"f"
6283,-0.923012819230455,21.0889125701129,0.142343303506062,"f"
6284,-0.922750033187627,21.08959063213,0.1423465883638,"f"
6285,-0.922487276889205,21.0902678150709,0.142349864095076,"f"
6286,-0.922224547730222,21.0909441279724,0.142353131141958,"f"
6287,-0.921961843105708,21.0916195798717,0.142356389946519,"f"
6288,-0.921699160410695,21.0922941798055,0.142359640950829,"f"
6289,-0.921436497040212,21.0929679368109,0.142362884596957,"f"
6290,-0.921173850389291,21.0936408599248,0.142366121326975,"f"
6291,-0.920911217852963,21.0943129581841,0.142369351582953,"f"
6292,-0.92064859682626,21.0949842406259,0.142372575806962,"f"
6293,-0.920385984704211,21.0956547162869,0.142375794441073,"f"
6294,-0.920123378881848,21.0963243942042,0.142379007927355,"f"
6295,-0.919860776754202,21.0969932834147,0.142382216707879,"f"
6296,-0.919598175716303,21.0976613929554,0.142385421224716,"f"
6297,-0.919335573163184,21.0983287318632,0.142388621919936,"f"
6298,-0.919072966489874,21.0989953091751,0.142391819235611,"f"
6299,-0.918810353091405,21.0996611339279,0.14239501361381,"f"
6300,-0.918547730362807,21.1003262151586,0.142398205496604,"f"
6301,-0.91828509573598,21.1009905618322,0.142401395331028,"f"
6302,-0.918022447803124,21.101654180647,0.14240458372038,"f"
6303,-0.917759786522468,21.1023170756326,0.142407771451923,"f"
6304,-0.917497111930601,21.1029792506659,0.142410959323475,"f"
6305,-0.917234424064108,21.1036407096235,0.142414148132851,"f"
6306,-0.916971722959576,21.104301456382,0.142417338677868,"f"
6307,-0.916709008653592,21.1049614948182,0.142420531756342,"f"
6308,-0.916446281182743,21.1056208288088,0.142423728166091,"f"
6309,-0.916183540583616,21.1062794622305,0.14242692870493,"f"
6310,-0.915920786892797,21.1069373989599,0.142430134170677,"f"
6311,-0.915658020146874,21.1075946428739,0.142433345361147,"f"
6312,-0.915395240382432,21.1082511978489,0.142436563074158,"f"
6313,-0.915132447636059,21.1089070677619,0.142439788107525,"f"
6314,-0.914869641944341,21.1095622564893,0.142443021259066,"f"
6315,-0.914606823343866,21.1102167679081,0.142446263326597,"f"
6316,-0.91434399187122,21.1108706058947,0.142449515107934,"f"
6317,-0.914081147562989,21.111523774326,0.142452777400894,"f"
6318,-0.913818290455761,21.1121762770786,0.142456051003293,"f"
6319,-0.913555420586122,21.1128281180293,0.142459336712949,"f"
6320,-0.913292537990659,21.1134793010547,0.142462635327677,"f"
6321,-0.913029642705959,21.1141298300314,0.142465947645294,"f"
6322,-0.912766734768608,21.1147797088363,0.142469274463616,"f"
6323,-0.912503814215194,21.115428941346,0.142472616580461,"f"
6324,-0.912240881082303,21.1160775314372,0.142475974793645,"f"
6325,-0.911977935406522,21.1167254829866,0.142479349900983,"f"
6326,-0.911714977224437,21.1173727998709,0.142482742700294,"f"
6327,-0.911452006572636,21.1180194859668,0.142486153989392,"f"
6328,-0.911189023487705,21.1186655451509,0.142489584566096,"f"
6329,-0.91092602800623,21.1193109813001,0.14249303522822,"f"
6330,-0.9106630201648,21.1199557982908,0.142496506773583,"f"
6331,-0.9104,21.1206,0.1425,"f"
6332,-0.91013696795209,21.1212435891138,0.14250351532139,"f"
6333,-0.909873926076019,21.1218865635565,0.142507051616083,"f"
6334,-0.909610876830409,21.1225289200623,0.14251060737851,"f"
6335,-0.909347822673882,21.123170655365,0.142514181103103,"f"
6336,-0.90908476606506,21.1238117661986,0.142517771284292,"f"
6337,-0.908821709462566,21.124452249297,0.14252137641651,"f"
6338,-0.90855865532502,21.1250921013942,0.142524994994189,"f"
6339,-0.908295606111046,21.1257313192243,0.142528625511759,"f"
6340,-0.908032564279264,21.126369899521,0.142532266463652,"f"
6341,-0.907769532288298,21.1270078390184,0.1425359163443,"f"
6342,-0.907506512596768,21.1276451344505,0.142539573648134,"f"
6343,-0.907243507663298,21.1282817825512,0.142543236869586,"f"
6344,-0.906980519946508,21.1289177800544,0.142546904503087,"f"
6345,-0.906717551905022,21.1295531236942,0.142550575043069,"f"
6346,-0.90645460599746,21.1301878102044,0.142554246983964,"f"
6347,-0.906191684682445,21.1308218363191,0.142557918820203,"f"
6348,-0.905928790418599,21.1314551987722,0.142561589046217,"f"
6349,-0.905665925664543,21.1320878942976,0.142565256156438,"f"
6350,-0.9054030928789,21.1327199196294,0.142568918645297,"f"
6351,-0.905140294520293,21.1333512715014,0.142572575007227,"f"
6352,-0.904877533047341,21.1339819466477,0.142576223736658,"f"
6353,-0.904614810918669,21.1346119418021,0.142579863328023,"f"
6354,-0.904352130592897,21.1352412536987,0.142583492275752,"f"
6355,-0.904089494528648,21.1358698790714,0.142587109074278,"f"
6356,-0.903826905184543,21.1364978146542,0.142590712218031,"f"
6357,-0.903564365019206,21.137125057181,0.142594300201443,"f"
6358,-0.903301876491256,21.1377516033857,0.142597871518947,"f"
6359,-0.903039442059317,21.1383774500025,0.142601424664972,"f"
6360,-0.902777064182011,21.1390025937651,0.142604958133952,"f"
6361,-0.902514745317959,21.1396270314076,0.142608470420317,"f"
6362,-0.902252487560047,21.1402507600333,0.1426119600919,"f"
6363,-0.901990286625097,21.1408737831856,0.142615426996168,"f"
6364,-0.901728132814116,21.1414961098784,0.142618872067505,"f"
6365,-0.901466016256031,21.1421177492989,0.142622296274833,"f"
6366,-0.901203927079765,21.1427387106348,0.142625700587072,"f"
6367,-0.900941855414244,21.1433590030734,0.142629085973144,"f"
6368,-0.900679791388395,21.1439786358022,0.142632453401969,"f"
6369,-0.900417725131141,21.1445976180087,0.142635803842469,"f"
6370,-0.900155646771409,21.1452159588804,0.142639138263564,"f"
6371,-0.899893546438124,21.1458336676048,0.142642457634175,"f"
6372,-0.899631414260211,21.1464507533692,0.142645762923223,"f"
6373,-0.899369240366595,21.1470672253613,0.142649055099629,"f"
6374,-0.899107014886202,21.1476830927684,0.142652335132314,"f"
6375,-0.898844727947957,21.148298364778,0.142655603990198,"f"
6376,-0.898582369680785,21.1489130505776,0.142658862642204,"f"
6377,-0.898319930213613,21.1495271593547,0.142662112057251,"f"
6378,-0.898057399675364,21.1501407002967,0.142665353204261,"f"
6379,-0.897794768194965,21.1507536825911,0.142668587052154,"f"
6380,-0.89753202590134,21.1513661154254,0.142671814569852,"f"
6381,-0.897269162923416,21.151978007987,0.142675036726275,"f"
6382,-0.897006169390117,21.1525893694635,0.142678254490345,"f"
6383,-0.896743035430369,21.1532002090423,0.142681468830981,"f"
6384,-0.896479751173097,21.1538105359108,0.142684680717106,"f"
6385,-0.896216306747226,21.1544203592565,0.14268789111764,"f"
6386,-0.895952692281682,21.1550296882669,0.142691101001504,"f"
6387,-0.89568889790539,21.1556385321295,0.142694311337618,"f"
6388,-0.895424913747276,21.1562469000318,0.142697523094905,"f"
6389,-0.895160729936264,21.1568548011612,0.142700737242284,"f"
6390,-0.894896336601281,21.1574622447051,0.142703954748677,"f"
6391,-0.894631723871251,21.1580692398511,0.142707176583004,"f"
6392,-0.894366881883439,21.1586757957797,0.142710403713793,"f"
6393,-0.894101806821278,21.1592819166224,0.142713636823707,"f"
6394,-0.893836511572299,21.1598875925617,0.142716875805642,"f"
6395,-0.893571011884497,21.1604928113914,0.142720120417251,"f"
6396,-0.893305323505867,21.1610975609055,0.142723370416186,"f"
6397,-0.893039462184403,21.1617018288978,0.142726625560102,"f"
6398,-0.8927734436681,21.162305603162,0.14272988560665,"f"
6399,-0.892507283704953,21.1629088714921,0.142733150313485,"f"
6400,-0.892240998042956,21.1635116216819,0.142736419438258,"f"
6401,-0.891974602430105,21.1641138415252,0.142739692738623,"f"
6402,-0.891708112614393,21.1647155188158,0.142742969972232,"f"
6403,-0.891441544343815,21.1653166413477,0.14274625089674,"f"
6404,-0.891174913366366,21.1659171969145,0.142749535269798,"f"
6405,-0.89090823543004,21.1665171733103,0.14275282284906,"f"
6406,-0.890641526282834,21.1671165583288,0.142756113392179,"f"
6407,-0.890374801672739,21.1677153397639,0.142759406656807,"f"
6408,-0.890108077347753,21.1683135054093,0.142762702400598,"f"
6409,-0.889841369055869,21.168911043059,0.142766000381205,"f"
6410,-0.889574692545081,21.1695079405068,0.14276930035628,"f"
6411,-0.889308063563385,21.1701041855466,0.142772602083477,"f"
6412,-0.889041497858775,21.1706997659721,0.142775905320449,"f"
6413,-0.888775011179246,21.1712946695772,0.142779209824849,"f"
6414,-0.888508619272793,21.1718888841557,0.142782515354329,"f"
6415,-0.888242337887409,21.1724823975016,0.142785821666542,"f"
6416,-0.887976182771091,21.1730751974086,0.142789128519142,"f"
6417,-0.887710169671832,21.1736672716705,0.142792435669782,"f"
6418,-0.887444314337627,21.1742586080813,0.142795742876115,"f"
6419,-0.88717863251647,21.1748491944348,0.142799049895793,"f"
6420,-0.886913139956357,21.1754390185247,0.142802356486469,"f"
6421,-0.886647852405282,21.176028068145,0.142805662405797,"f"
6422,-0.88638278561124,21.1766163310894,0.142808967411429,"f"
6423,-0.886117953897123,21.1772037968073,0.14281227127417,"f"
6424,-0.885853356211635,21.1777904726064,0.14281557390669,"f"
6425,-0.885588982123075,21.1783763766907,0.142818875308223,"f"
6426,-0.885324821065901,21.1789615274197,0.142822175479236,"f"
6427,-0.885060862474575,21.1795459431529,0.142825474420195,"f"
6428,-0.884797095783557,21.1801296422497,0.142828772131567,"f"
6429,-0.884533510427306,21.1807126430698,0.142832068613821,"f"
6430,-0.884270095840283,21.1812949639724,0.142835363867423,"f"
6431,-0.884006841456948,21.1818766233172,0.14283865789284,"f"
6432,-0.883743736711761,21.1824576394636,0.142841950690539,"f"
6433,-0.883480771039183,21.1830380307711,0.142845242260987,"f"
6434,-0.883217933873672,21.1836178155992,0.142848532604652,"f"
6435,-0.88295521464969,21.1841970123073,0.142851821722001,"f"
6436,-0.882692602801696,21.184775639255,0.142855109613501,"f"
6437,-0.882430087764151,21.1853537148017,0.142858396279619,"f"
6438,-0.882167658971515,21.1859312573069,0.142861681720821,"f"
6439,-0.881905305858248,21.1865082851301,0.142864965937576,"f"
6440,-0.88164301785881,21.1870848166307,0.142868248930351,"f"
6441,-0.881380784407661,21.1876608701684,0.142871530699612,"f"
6442,-0.881118594939262,21.1882364641024,0.142874811245826,"f"
6443,-0.880856438888072,21.1888116167924,0.142878090569462,"f"
6444,-0.880594305688551,21.1893863465978,0.142881368670985,"f"
6445,-0.880332184775161,21.1899606718781,0.142884645550864,"f"
6446,-0.88007006558236,21.1905346109928,0.142887921209564,"f"
6447,-0.879807937544609,21.1911081823013,0.142891195647554,"f"
6448,-0.879545790096368,21.1916814041632,0.142894468865301,"f"
6449,-0.879283612672097,21.1922542949379,0.142897740863271,"f"
6450,-0.879021394706257,21.1928268729849,0.142901011641932,"f"
6451,-0.878759125633307,21.1933991566637,0.142904281201751,"f"
6452,-0.878496794887708,21.1939711643338,0.142907549543195,"f"
6453,-0.878234391945071,21.1945429142582,0.142910816667356,"f"
6454,-0.87797191126029,21.1951144130298,0.142914082650955,"f"
6455,-0.877709356958768,21.1956856445762,0.142917347717594,"f"
6456,-0.877446734276988,21.1962565902211,0.142920612107753,"f"
6457,-0.877184048451434,21.196827231288,0.142923876061909,"f"
6458,-0.876921304718587,21.1973975491005,0.142927139820541,"f"
6459,-0.87665850831493,21.1979675249823,0.142930403624128,"f"
6460,-0.876395664476947,21.1985371402568,0.142933667713148,"f"
6461,-0.87613277844112,21.1991063762478,0.142936932328079,"f"
6462,-0.875869855443932,21.1996752142788,0.1429401977094,"f"
6463,-0.875606900721866,21.2002436356733,0.142943464097589,"f"
6464,-0.875343919511404,21.200811621755,0.142946731733125,"f"
6465,-0.875080917049029,21.2013791538474,0.142950000856486,"f"
6466,-0.874817898571225,21.2019462132742,0.142953271708152,"f"
6467,-0.874554869314473,21.2025127813589,0.142956544528599,"f"
6468,-0.874291834515257,21.2030788394251,0.142959819558307,"f"
6469,-0.87402879941006,21.2036443687965,0.142963097037754,"f"
6470,-0.873765769235364,21.2042093507966,0.142966377207419,"f"
6471,-0.873502749227652,21.2047737667489,0.142969660307779,"f"
6472,-0.873239744623407,21.2053375979771,0.142972946579315,"f"
6473,-0.872976760659112,21.2059008258048,0.142976236262503,"f"
6474,-0.872713802571249,21.2064634315556,0.142979529597823,"f"
6475,-0.872450875596301,21.207025396553,0.142982826825753,"f"
6476,-0.872187984970751,21.2075867021207,0.142986128186771,"f"
6477,-0.871925135931083,21.2081473295821,0.142989433921356,"f"
6478,-0.871662333713778,21.208707260261,0.142992744269986,"f"
6479,-0.871399583555319,21.2092664754809,0.14299605947314,"f"
6480,-0.87113689069219,21.2098249565654,0.142999379771297,"f"
6481,-0.870874260360872,21.2103826848381,0.143002705404934,"f"
6482,-0.87061169779785,21.2109396416226,0.14300603661453,"f"
6483,-0.870349208239605,21.2114958082424,0.143009373640564,"f"
6484,-0.870086795526532,21.2120511689237,0.143012716615983,"f"
6485,-0.869824453585335,21.2126057285027,0.143016064910152,"f"
6486,-0.86956217205278,21.2131595007347,0.143019417562012,"f"
6487,-0.869299940548475,21.2137124994104,0.14302277360918,"f"
6488,-0.869037748692029,21.2142647383207,0.143026132089277,"f"
6489,-0.868775586103051,21.2148162312563,0.143029492039921,"f"
6490,-0.868513442401149,21.215366992008,0.143032852498731,"f"
6491,-0.868251307205933,21.2159170343666,0.143036212503327,"f"
6492,-0.86798917013701,21.216466372123,0.143039571091327,"f"
6493,-0.86772702081399,21.2170150190678,0.14304292730035,"f"
6494,-0.867464848856481,21.2175629889919,0.143046280168015,"f"
6495,-0.867202643884091,21.2181102956862,0.143049628731942,"f"
6496,-0.866940395516431,21.2186569529413,0.143052972029749,"f"
6497,-0.866678093373107,21.2192029745481,0.143056309099055,"f"
6498,-0.86641572707373,21.2197483742973,0.143059638977479,"f"
6499,-0.866153286237907,21.2202931659799,0.143062960702641,"f"
6500,-0.865890760485247,21.2208373633865,0.143066273312159,"f"
6501,-0.865628139435359,21.221380980308,0.143069575843652,"f"
6502,-0.865365412707852,21.2219240305351,0.143072867334739,"f"
6503,-0.865102569922335,21.2224665278586,0.14307614682304,"f"
6504,-0.864839600698415,21.2230084860694,0.143079413346172,"f"
6505,-0.864576494655702,21.2235499189583,0.143082665941757,"f"
6506,-0.864313241413804,21.224090840316,0.143085903647411,"f"
6507,-0.864049830592331,21.2246312639333,0.143089125500754,"f"
6508,-0.86378625181089,21.225171203601,0.143092330539406,"f"
6509,-0.86352249468909,21.2257106731099,0.143095517800985,"f"
6510,-0.863258548846541,21.2262496862508,0.14309868632311,"f"
6511,-0.862994403902851,21.2267882568146,0.143101835143401,"f"
6512,-0.862730049477628,21.2273263985919,0.143104963299475,"f"
6513,-0.862465475190481,21.2278641253736,0.143108069828953,"f"
6514,-0.862200670884154,21.2284014508827,0.14311115379093,"f"
6515,-0.861935636508574,21.2289383857676,0.143114215217354,"f"
6516,-0.86167038603811,21.2294749364114,0.143117255490068,"f"
6517,-0.861404934480162,21.2300111088825,0.143120276090349,"f"
6518,-0.861139296842132,21.2305469092495,0.143123278499476,"f"
6519,-0.860873488131418,21.231082343581,0.143126264198725,"f"
6520,-0.860607523355422,21.2316174179458,0.143129234669373,"f"
6521,-0.860341417521544,21.2321521384122,0.143132191392699,"f"
6522,-0.860075185637184,21.232686511049,0.14313513584998,"f"
6523,-0.859808842709743,21.2332205419247,0.143138069522492,"f"
6524,-0.859542403746622,21.2337542371079,0.143140993891513,"f"
6525,-0.85927588375522,21.2342876026673,0.143143910438321,"f"
6526,-0.859009297742939,21.2348206446714,0.143146820644193,"f"
6527,-0.858742660717178,21.2353533691888,0.143149725990406,"f"
6528,-0.858475987685338,21.2358857822882,0.143152627958237,"f"
6529,-0.85820929365482,21.236417890038,0.143155528028964,"f"
6530,-0.857942593633024,21.236949698507,0.143158427683865,"f"
6531,-0.85767590262735,21.2374812137637,0.143161328404216,"f"
6532,-0.857409235645199,21.2380124418767,0.143164231671294,"f"
6533,-0.857142607693971,21.2385433889146,0.143167138966378,"f"
6534,-0.856876033781067,21.2390740609459,0.143170051770745,"f"
6535,-0.856609528913887,21.2396044640394,0.143172971565671,"f"
6536,-0.856343108099831,21.2401346042636,0.143175899832435,"f"
6537,-0.856076786346301,21.2406644876871,0.143178838052313,"f"
6538,-0.855810578660695,21.2411941203785,0.143181787706583,"f"
6539,-0.855544500050416,21.2417235084063,0.143184750276523,"f"
6540,-0.855278565522863,21.2422526578393,0.143187727243409,"f"
6541,-0.855012790085437,21.2427815747459,0.143190720088519,"f"
6542,-0.854747188745537,21.2433102651948,0.14319373029313,"f"
6543,-0.854481776510566,21.2438387352546,0.14319675933852,"f"
6544,-0.854216568387922,21.2443669909939,0.143199808705966,"f"
6545,-0.853951576349862,21.2448950353424,0.143202879576204,"f"
6546,-0.853686797718113,21.2454228560791,0.143205971679274,"f"
6547,-0.853422225399728,21.2459504364173,0.143209084308073,"f"
6548,-0.85315785230086,21.2464777595696,0.143212216755409,"f"
6549,-0.852893671327663,21.2470048087485,0.143215368314089,"f"
6550,-0.852629675386291,21.2475315671665,0.143218538276922,"f"
6551,-0.852365857382897,21.248058018036,0.143221725936717,"f"
6552,-0.852102210223635,21.2485841445696,0.14322493058628,"f"
6553,-0.851838726814659,21.2491099299798,0.14322815151842,"f"
6554,-0.851575400062121,21.2496353574791,0.143231388025945,"f"
6555,-0.851312222872177,21.2501604102799,0.143234639401664,"f"
6556,-0.851049188150979,21.2506850715947,0.143237904938383,"f"
6557,-0.850786288804682,21.2512093246362,0.143241183928912,"f"
6558,-0.850523517739438,21.2517331526167,0.143244475666058,"f"
6559,-0.850260867861402,21.2522565387487,0.143247779442629,"f"
6560,-0.849998332076727,21.2527794662449,0.143251094551434,"f"
6561,-0.849735903291567,21.2533019183175,0.14325442028528,"f"
6562,-0.849473574412076,21.2538238781793,0.143257755936976,"f"
6563,-0.849211338344407,21.2543453290426,0.143261100799329,"f"
6564,-0.848949187994713,21.2548662541199,0.143264454165147,"f"
6565,-0.848687116269149,21.2553866366238,0.14326781532724,"f"
6566,-0.848425116073868,21.2559064597668,0.143271183578413,"f"
6567,-0.848163180315024,21.2564257067613,0.143274558211477,"f"
6568,-0.84790130189877,21.2569443608199,0.143277938519238,"f"
6569,-0.847639473731261,21.257462405155,0.143281323794505,"f"
6570,-0.847377688718649,21.2579798229792,0.143284713330086,"f"
6571,-0.847115939767088,21.2584965975049,0.143288106418789,"f"
6572,-0.846854219782733,21.2590127119446,0.143291502353422,"f"
6573,-0.846592521671736,21.2595281495109,0.143294900426793,"f"
6574,-0.846330838340252,21.2600428934163,0.143298299931709,"f"
6575,-0.846069162677437,21.2605569276089,0.143301700159458,"f"
6576,-0.845807487181519,21.261070252958,0.143305100366302,"f"
6577,-0.845545803959799,21.2615828872539,0.143308499773489,"f"
6578,-0.845284105102578,21.2620948490228,0.143311897600739,"f"
6579,-0.845022382700161,21.2626061567906,0.143315293067775,"f"
6580,-0.844760628842849,21.2631168290834,0.14331868539432,"f"
6581,-0.844498835620947,21.2636268844272,0.143322073800095,"f"
6582,-0.844236995124756,21.2641363413481,0.143325457504822,"f"
6583,-0.84397509944458,21.2646452183721,0.143328835728225,"f"
6584,-0.843713140670721,21.2651535340253,0.143332207690026,"f"
6585,-0.843451110893483,21.2656613068337,0.143335572609945,"f"
6586,-0.843189002203168,21.2661685553233,0.143338929707707,"f"
6587,-0.84292680669008,21.2666752980202,0.143342278203033,"f"
6588,-0.842664516444521,21.2671815534505,0.143345617315645,"f"
6589,-0.842402123556794,21.2676873401401,0.143348946265266,"f"
6590,-0.842139620117202,21.2681926766152,0.143352264271617,"f"
6591,-0.841876998216047,21.2686975814017,0.143355570554422,"f"
6592,-0.841614249943634,21.2692020730257,0.143358864333402,"f"
6593,-0.841351367390265,21.2697061700133,0.14336214482828,"f"
6594,-0.841088342646242,21.2702098908905,0.143365411258778,"f"
6595,-0.840825167801868,21.2707132541833,0.143368662844618,"f"
6596,-0.840561834947447,21.2712162784177,0.143371898805523,"f"
6597,-0.840298336173282,21.2717189821199,0.143375118361214,"f"
6598,-0.840034663569674,21.2722213838159,0.143378320731414,"f"
6599,-0.839770809226928,21.2727235020317,0.143381505135845,"f"
6600,-0.839506765235347,21.2732253552933,0.14338467079423,"f"
6601,-0.839242523685232,21.2737269621269,0.143387816926291,"f"
6602,-0.838978076666887,21.2742283410583,0.14339094275175,"f"
6603,-0.838713416270614,21.2747295106138,0.143394047490329,"f"
6604,-0.838448534586718,21.2752304893193,0.14339713036175,"f"
6605,-0.838183423706532,21.2757312956995,0.143400190585837,"f"
6606,-0.837918080787923,21.27623194163,0.14340322787795,"f"
6607,-0.837652519802539,21.2767324169209,0.143406243597936,"f"
6608,-0.837386758205332,21.2772327068108,0.143409239446328,"f"
6609,-0.837120813451256,21.2777327965384,0.143412217123663,"f"
6610,-0.836854702995262,21.2782326713425,0.143415178330474,"f"
6611,-0.836588444292304,21.2787323164617,0.143418124767297,"f"
6612,-0.836322054797334,21.2792317171346,0.143421058134665,"f"
6613,-0.836055551965305,21.2797308586001,0.143423980133115,"f"
6614,-0.83578895325117,21.2802297260968,0.14342689246318,"f"
6615,-0.83552227610988,21.2807283048634,0.143429796825395,"f"
6616,-0.83525553799639,21.2812265801385,0.143432694920295,"f"
6617,-0.834988756365652,21.2817245371609,0.143435588448415,"f"
6618,-0.834721948672617,21.2822221611692,0.143438479110289,"f"
6619,-0.83445513237224,21.2827194374022,0.143441368606451,"f"
6620,-0.834188324919472,21.2832163510986,0.143444258637438,"f"
6621,-0.833921543769266,21.283712887497,0.143447150903783,"f"
6622,-0.833654806376576,21.2842090318361,0.143450047106021,"f"
6623,-0.833388130196353,21.2847047693546,0.143452948944687,"f"
6624,-0.833121532683551,21.2852000852912,0.143455858120316,"f"
6625,-0.832855031293121,21.2856949648847,0.143458776333442,"f"
6626,-0.832588643480017,21.2861893933736,0.143461705284599,"f"
6627,-0.832322386699192,21.2866833559967,0.143464646674324,"f"
6628,-0.832056278405597,21.2871768379927,0.143467602203149,"f"
6629,-0.831790336054187,21.2876698246003,0.143470573571611,"f"
6630,-0.831524577099913,21.2881623010581,0.143473562480244,"f"
6631,-0.831259018997727,21.2886542526049,0.143476570629582,"f"
6632,-0.830993679202584,21.2891456644793,0.14347959972016,"f"
6633,-0.830728575169435,21.2896365219201,0.143482651452513,"f"
6634,-0.830463724353233,21.2901268101659,0.143485727527175,"f"
6635,-0.830199144208931,21.2906165144555,0.143488829644682,"f"
6636,-0.829934850693691,21.291105621411,0.143491959364501,"f"
6637,-0.829670839430669,21.2915941364382,0.143495116330977,"f"
6638,-0.829407091388639,21.2920820784798,0.143498298808254,"f"
6639,-0.829143587212851,21.2925694667773,0.143501505030008,"f"
6640,-0.828880307548556,21.2930563205722,0.143504733229915,"f"
6641,-0.828617233041003,21.293542659106,0.14350798164165,"f"
6642,-0.828354344335445,21.2940285016202,0.143511248498888,"f"
6643,-0.82809162207713,21.2945138673563,0.143514532035304,"f"
6644,-0.82782904691131,21.2949987755557,0.143517830484575,"f"
6645,-0.827566599483234,21.2954832454601,0.143521142080374,"f"
6646,-0.827304260438154,21.295967296311,0.143524465056378,"f"
6647,-0.82704201042132,21.2964509473497,0.143527797646262,"f"
6648,-0.826779830077982,21.2969342178179,0.143531138083702,"f"
6649,-0.826517700053391,21.2974171269571,0.143534484602371,"f"
6650,-0.826255600992797,21.2978996940087,0.143537835435947,"f"
6651,-0.825993513541451,21.2983819382142,0.143541188818103,"f"
6652,-0.825731418344603,21.2988638788152,0.143544542982516,"f"
6653,-0.825469296047503,21.2993455350532,0.143547896162861,"f"
6654,-0.825207127295403,21.2998269261697,0.143551246592813,"f"
6655,-0.824944892733552,21.3003080714061,0.143554592506048,"f"
6656,-0.8246825730072,21.300788990004,0.14355793213624,"f"
6657,-0.8244201487616,21.301269701205,0.143561263717066,"f"
6658,-0.824157600642,21.3017502242504,0.143564585482199,"f"
6659,-0.823894909293651,21.3022305783818,0.143567895665317,"f"
6660,-0.823632055361804,21.3027107828408,0.143571192500094,"f"
6661,-0.82336901949171,21.3031908568687,0.143574474220205,"f"
6662,-0.823105782328618,21.3036708197072,0.143577739059326,"f"
6663,-0.822842324517779,21.3041506905977,0.143580985251131,"f"
6664,-0.822578626704444,21.3046304887818,0.143584211029298,"f"
6665,-0.822314669533863,21.3051102335009,0.1435874146275,"f"
6666,-0.822050433691676,21.3055899439538,0.143590594282572,"f"
6667,-0.821785909962397,21.3060696286561,0.14359374902126,"f"
6668,-0.821521112468197,21.306549271435,0.143596879695728,"f"
6669,-0.821256058617759,21.3070288526413,0.143599987415203,"f"
6670,-0.820990765819763,21.3075083526255,0.143603073288914,"f"
6671,-0.820725251482891,21.3079877517383,0.143606138426088,"f"
6672,-0.820459533015824,21.3084670303304,0.143609183935951,"f"
6673,-0.820193627827244,21.3089461687524,0.143612210927733,"f"
6674,-0.819927553325833,21.3094251473549,0.14361522051066,"f"
6675,-0.819661326920271,21.3099039464886,0.143618213793961,"f"
6676,-0.81939496601924,21.3103825465042,0.143621191886862,"f"
6677,-0.819128488031422,21.3108609277522,0.143624155898591,"f"
6678,-0.818861910365497,21.3113390705834,0.143627106938376,"f"
6679,-0.818595250430148,21.3118169553483,0.143630046115444,"f"
6680,-0.818328525634056,21.3122945623977,0.143632974539024,"f"
6681,-0.818061753385902,21.3127718720822,0.143635893318342,"f"
6682,-0.817794951094367,21.3132488647523,0.143638803562626,"f"
6683,-0.817528136168133,21.3137255207589,0.143641706381104,"f"
6684,-0.817261326015882,21.3142018204524,0.143644602883003,"f"
6685,-0.816994538046295,21.3146777441836,0.143647494177552,"f"
6686,-0.816727789668053,21.3151532723031,0.143650381373976,"f"
6687,-0.816461098289838,21.3156283851616,0.143653265581505,"f"
6688,-0.81619448132033,21.3161030631096,0.143656147909366,"f"
6689,-0.815927956168213,21.3165772864979,0.143659029466785,"f"
6690,-0.815661540242166,21.3170510356771,0.143661911362992,"f"
6691,-0.815395250950872,21.3175242909978,0.143664794707213,"f"
6692,-0.815129105703011,21.3179970328107,0.143667680608676,"f"
6693,-0.814863121907266,21.3184692414665,0.143670570176608,"f"
6694,-0.814597316972317,21.3189408973157,0.143673464520238,"f"
6695,-0.814331708306847,21.319411980709,0.143676364748793,"f"
6696,-0.814066313319535,21.3198824719971,0.143679271971499,"f"
6697,-0.81380114765188,21.3203523540935,0.143682187181427,"f"
6698,-0.813536211564327,21.3208216322183,0.143685110360626,"f"
6699,-0.813271497397713,21.3212903230771,0.143688040970581,"f"
6700,-0.813006997427427,21.3217584434705,0.143690978468475,"f"
6701,-0.812742703928857,21.322226010199,0.14369392231149,"f"
6702,-0.812478609177391,21.3226930400632,0.143696871956809,"f"
6703,-0.812214705448417,21.3231595498635,0.143699826861615,"f"
6704,-0.811950985017323,21.3236255564007,0.143702786483089,"f"
6705,-0.811687440159496,21.3240910764751,0.143705750278415,"f"
6706,-0.811424063150326,21.3245561268873,0.143708717704775,"f"
6707,-0.811160846265198,21.325020724438,0.143711688219352,"f"
6708,-0.810897781779503,21.3254848859275,0.143714661279328,"f"
6709,-0.810634861968627,21.3259486281565,0.143717636341886,"f"
6710,-0.810372079107958,21.3264119679256,0.143720612864208,"f"
6711,-0.810109425472884,21.3268749220351,0.143723590303477,"f"
6712,-0.809846893338794,21.3273375072858,0.143726568116875,"f"
6713,-0.809584474981075,21.3277997404782,0.143729545761585,"f"
6714,-0.809322162675115,21.3282616384127,0.143732522694789,"f"
6715,-0.809059948696302,21.3287232178899,0.14373549837367,"f"
6716,-0.808797825320024,21.3291844957104,0.143738472255411,"f"
6717,-0.808535784821669,21.3296454886748,0.143741443797194,"f"
6718,-0.808273819476625,21.3301062135835,0.143744412456202,"f"
6719,-0.808011921560279,21.3305666872371,0.143747377689616,"f"
6720,-0.807750083348021,21.3310269264362,0.143750338954621,"f"
6721,-0.807488297115237,21.3314869479812,0.143753295708397,"f"
6722,-0.807226555137315,21.3319467686728,0.143756247408129,"f"
6723,-0.806964849689644,21.3324064053115,0.143759193510998,"f"
6724,-0.806703173047612,21.3328658746978,0.143762133474186,"f"
6725,-0.806441517486605,21.3333251936323,0.143765066754877,"f"
6726,-0.806179875282014,21.3337843789155,0.143767992810253,"f"
6727,-0.805918238708902,21.3342434472371,0.143770911105659,"f"
6728,-0.80565660001977,21.3347024075161,0.143773821678551,"f"
6729,-0.805394951430131,21.3351612559355,0.143776725504054,"f"
6730,-0.805133285152069,21.335619987498,0.14377962364421,"f"
6731,-0.804871593397669,21.336078597206,0.143782517161061,"f"
6732,-0.804609868379017,21.3365370800621,0.14378540711665,"f"
6733,-0.804348102308197,21.3369954310688,0.143788294573019,"f"
6734,-0.804086287397294,21.3374536452287,0.14379118059221,"f"
6735,-0.803824415858392,21.3379117175444,0.143794066236265,"f"
6736,-0.803562479903577,21.3383696430183,0.143796952567227,"f"
6737,-0.803300471744933,21.338827416653,0.143799840647138,"f"
6738,-0.803038383594545,21.339285033451,0.14380273153804,"f"
6739,-0.802776207664498,21.3397424884149,0.143805626301975,"f"
6740,-0.802513936166877,21.3401997765473,0.143808526000986,"f"
6741,-0.802251561313766,21.3406568928506,0.143811431697115,"f"
6742,-0.801989075317251,21.3411138323274,0.143814344452404,"f"
6743,-0.801726470389416,21.3415705899803,0.143817265328895,"f"
6744,-0.801463738742346,21.3420271608118,0.14382019538863,"f"
6745,-0.801200872588125,21.3424835398244,0.143823135693653,"f"
6746,-0.800937864138839,21.3429397220207,0.143826087306004,"f"
6747,-0.800674705606573,21.3433957024033,0.143829051287727,"f"
6748,-0.800411389203411,21.3438514759745,0.143832028700863,"f"
6749,-0.800147907141438,21.3443070377371,0.143835020607455,"f"
6750,-0.799884251632739,21.3447623826935,0.143838028069545,"f"
6751,-0.799620414889399,21.3452175058464,0.143841052149175,"f"
6752,-0.799356389123501,21.3456724021981,0.143844093908387,"f"
6753,-0.799092166547133,21.3461270667513,0.143847154409225,"f"
6754,-0.798827739372377,21.3465814945085,0.143850234713729,"f"
6755,-0.79856309981132,21.3470356804723,0.143853335883942,"f"
6756,-0.798298240076045,21.3474896196452,0.143856458981907,"f"
6757,-0.798033152378638,21.3479433070297,0.143859605069666,"f"
6758,-0.797767831765679,21.3483967385425,0.143862774914536,"f"
6759,-0.797502289836214,21.348849915438,0.143865967562753,"f"
6760,-0.79723654418057,21.349302840903,0.143869181437593,"f"
6761,-0.796970612397337,21.3497555181267,0.143872414961472,"f"
6762,-0.796704512085106,21.3502079502983,0.143875666556806,"f"
6763,-0.796438260842469,21.3506601406073,0.143878934646014,"f"
6764,-0.796171876268015,21.3511120922428,0.14388221765151,"f"
6765,-0.795905375960336,21.3515638083942,0.143885513995713,"f"
6766,-0.795638777518021,21.3520152922507,0.143888822101038,"f"
6767,-0.795372098539664,21.3524665470017,0.143892140389903,"f"
6768,-0.795105356623853,21.3529175758363,0.143895467284723,"f"
6769,-0.794838569369179,21.3533683819441,0.143898801207917,"f"
6770,-0.794571754374234,21.3538189685141,0.1439021405819,"f"
6771,-0.794304929237608,21.3542693387357,0.143905483829089,"f"
6772,-0.794038111557893,21.3547194957982,0.143908829371901,"f"
6773,-0.793771318933677,21.3551694428908,0.143912175632753,"f"
6774,-0.793504568963554,21.355619183203,0.143915521034061,"f"
6775,-0.793237879246112,21.3560687199239,0.143918863998241,"f"
6776,-0.792971267379944,21.3565180562428,0.143922202947712,"f"
6777,-0.792704750963639,21.356967195349,0.143925536304889,"f"
6778,-0.792438347595789,21.3574161404319,0.143928862492189,"f"
6779,-0.792172074874984,21.3578648946807,0.143932179932029,"f"
6780,-0.791905950399816,21.3583134612847,0.143935487046825,"f"
6781,-0.791639991768874,21.3587618434332,0.143938782258995,"f"
6782,-0.79137421658075,21.3592100443154,0.143942063990954,"f"
6783,-0.791108642434034,21.3596580671208,0.14394533066512,"f"
6784,-0.790843286927318,21.3601059150384,0.14394858070391,"f"
6785,-0.790578167659191,21.3605535912578,0.143951812529739,"f"
6786,-0.790313302228245,21.361001098968,0.143955024565025,"f"
6787,-0.790048708233071,21.3614484413585,0.143958215232184,"f"
6788,-0.789784402746794,21.3618956214657,0.143961382989507,"f"
6789,-0.789520386304931,21.3623426375167,0.143964527424304,"f"
6790,-0.789256639973205,21.3627894820766,0.143967649453085,"f"
6791,-0.788993143700532,21.3632361473858,0.143970750068604,"f"
6792,-0.788729877435828,21.3636826256845,0.143973830263617,"f"
6793,-0.788466821128008,21.364128909213,0.143976891030877,"f"
6794,-0.788203954725991,21.3645749902117,0.14397993336314,"f"
6795,-0.78794125817869,21.3650208609207,0.14398295825316,"f"
6796,-0.787678711435023,21.3654665135805,0.143985966693692,"f"
6797,-0.787416294443906,21.3659119404314,0.143988959677489,"f"
6798,-0.787153987154255,21.3663571337135,0.143991938197307,"f"
6799,-0.786891769514986,21.3668020856673,0.1439949032459,"f"
6800,-0.786629621475016,21.367246788533,0.143997855816023,"f"
6801,-0.78636752298326,21.367691234551,0.14400079690043,"f"
6802,-0.786105453988634,21.3681354159615,0.144003727491875,"f"
6803,-0.785843394440056,21.3685793250048,0.144006648583115,"f"
6804,-0.78558132428644,21.3690229539213,0.144009561166902,"f"
6805,-0.785319223476704,21.3694662949512,0.144012466235991,"f"
6806,-0.785057071959763,21.3699093403349,0.144015364783138,"f"
6807,-0.784794849684534,21.3703520823126,0.144018257801096,"f"
6808,-0.784532536599932,21.3707945131246,0.14402114628262,"f"
6809,-0.784270112654875,21.3712366250113,0.144024031220465,"f"
6810,-0.784007557798277,21.3716784102129,0.144026913607385,"f"
6811,-0.783744851979056,21.3721198609698,0.144029794436135,"f"
6812,-0.783481975146127,21.3725609695222,0.144032674699469,"f"
6813,-0.783218907248406,21.3730017281104,0.144035555390142,"f"
6814,-0.782955628234811,21.3734421289748,0.144038437500908,"f"
6815,-0.782692118054256,21.3738821643557,0.144041322024523,"f"
6816,-0.782428356655659,21.3743218264933,0.14404420995374,"f"
6817,-0.782164323987935,21.374761107628,0.144047102281314,"f"
6818,-0.7819,21.3752,0.14405,"f"
6819,-0.781635371324348,21.3756384982383,0.144052903892815,"f"
6820,-0.781370451327783,21.376076606526,0.14405581390383,"f"
6821,-0.781105260060684,21.376514331435,0.144058729767377,"f"
6822,-0.780839817573432,21.3769516795372,0.144061651217791,"f"
6823,-0.780574143916408,21.3773886574043,0.144064577989404,"f"
6824,-0.780308259139991,21.3778252716082,0.144067509816549,"f"
6825,-0.780042183294563,21.3782615287207,0.144070446433561,"f"
6826,-0.779775936430504,21.3786974353137,0.144073387574772,"f"
6827,-0.779509538598194,21.3791329979588,0.144076332974515,"f"
6828,-0.779243009848014,21.3795682232281,0.144079282367124,"f"
6829,-0.778976370230344,21.3800031176932,0.144082235486932,"f"
6830,-0.778709639795565,21.3804376879261,0.144085192068272,"f"
6831,-0.778442838594056,21.3808719404985,0.144088151845479,"f"
6832,-0.7781759866762,21.3813058819822,0.144091114552884,"f"
6833,-0.777909104092376,21.3817395189492,0.144094079924821,"f"
6834,-0.777642210892964,21.3821728579712,0.144097047695624,"f"
6835,-0.777375327128345,21.38260590562,0.144100017599626,"f"
6836,-0.777108472848899,21.3830386684675,0.14410298937116,"f"
6837,-0.776841668105008,21.3834711530854,0.144105962744559,"f"
6838,-0.77657493294705,21.3839033660457,0.144108937454157,"f"
6839,-0.776308287425408,21.3843353139201,0.144111913234287,"f"
6840,-0.77604175159046,21.3847670032805,0.144114889819282,"f"
6841,-0.775775345492589,21.3851984406987,0.144117866943476,"f"
6842,-0.775509089182173,21.3856296327464,0.144120844341202,"f"
6843,-0.775243002709595,21.3860605859956,0.144123821746792,"f"
6844,-0.774977106125233,21.3864913070181,0.144126798894582,"f"
6845,-0.774711419479469,21.3869218023856,0.144129775518902,"f"
6846,-0.774445962822683,21.3873520786701,0.144132751354088,"f"
6847,-0.774180756205255,21.3877821424433,0.144135726134473,"f"
6848,-0.773915819677566,21.388212000277,0.144138699594388,"f"
6849,-0.773651172173317,21.3886416586297,0.144141671478123,"f"
6850,-0.773386813158592,21.3890711219836,0.144144641703503,"f"
6851,-0.773122725563725,21.389500393142,0.144147610335757,"f"
6852,-0.772858891793642,21.3899294748551,0.144150577444796,"f"
6853,-0.772595294253269,21.3903583698729,0.144153543100534,"f"
6854,-0.772331915347532,21.3907870809455,0.144156507372882,"f"
6855,-0.772068737481358,21.391215610823,0.144159470331753,"f"
6856,-0.771805743059671,21.3916439622555,0.144162432047059,"f"
6857,-0.771542914487398,21.3920721379931,0.144165392588712,"f"
6858,-0.771280234169466,21.3925001407858,0.144168352026625,"f"
6859,-0.7710176845108,21.3929279733837,0.14417131043071,"f"
6860,-0.770755247916327,21.393355638537,0.14417426787088,"f"
6861,-0.770492906790972,21.3937831389956,0.144177224417046,"f"
6862,-0.770230643539662,21.3942104775098,0.14418018013912,"f"
6863,-0.769968440567322,21.3946376568295,0.144183135107016,"f"
6864,-0.769706280278879,21.3950646797049,0.144186089390646,"f"
6865,-0.769444145079259,21.395491548886,0.144189043059921,"f"
6866,-0.769182017373387,21.3959182671229,0.144191996184754,"f"
6867,-0.768919879566191,21.3963448371658,0.144194948835057,"f"
6868,-0.768657714062595,21.3967712617646,0.144197901080743,"f"
6869,-0.768395503267526,21.3971975436696,0.144200852991724,"f"
6870,-0.768133229585911,21.3976236856307,0.144203804637912,"f"
6871,-0.767870875422675,21.398049690398,0.14420675608922,"f"
6872,-0.767608423182744,21.3984755607217,0.144209707415559,"f"
6873,-0.767345855271044,21.3989012993518,0.144212658686842,"f"
6874,-0.767083154092502,21.3993269090384,0.144215609972982,"f"
6875,-0.766820302052043,21.3997523925316,0.144218561343891,"f"
6876,-0.766557281554594,21.4001777525814,0.14422151286948,"f"
6877,-0.766294075005081,21.4006029919381,0.144224464619663,"f"
6878,-0.766030664808429,21.4010281133515,0.144227416664351,"f"
6879,-0.765767033377823,21.4014531195722,0.14423036907343,"f"
6880,-0.765503169113745,21.4018780135761,0.144233321896984,"f"
6881,-0.765239076958135,21.4023027989618,0.1442362751304,"f"
6882,-0.764974764685545,21.4027274794351,0.144239228759694,"f"
6883,-0.764710240070525,21.4031520587014,0.144242182770884,"f"
6884,-0.764445510887627,21.4035765404661,0.144245137149987,"f"
6885,-0.764180584911402,21.404000928435,0.144248091883021,"f"
6886,-0.763915469916401,21.4044252263133,0.144251046956004,"f"
6887,-0.763650173677175,21.4048494378068,0.144254002354953,"f"
6888,-0.763384703968276,21.4052735666208,0.144256958065886,"f"
6889,-0.763119068564255,21.405697616461,0.144259914074819,"f"
6890,-0.762853275239662,21.4061215910328,0.144262870367772,"f"
6891,-0.762587331769049,21.4065454940417,0.14426582693076,"f"
6892,-0.762321245926968,21.4069693291934,0.144268783749803,"f"
6893,-0.762055025487969,21.4073931001932,0.144271740810916,"f"
6894,-0.761788678226604,21.4078168107467,0.144274698100119,"f"
6895,-0.761522211917424,21.4082404645595,0.144277655603428,"f"
6896,-0.76125563433498,21.408664065337,0.14428061330686,"f"
6897,-0.760988953253823,21.4090876167848,0.144283571196435,"f"
6898,-0.760722176448504,21.4095111226084,0.144286529258168,"f"
6899,-0.760455311693575,21.4099345865133,0.144289487478078,"f"
6900,-0.760188366763587,21.410358012205,0.144292445842182,"f"
6901,-0.759921349433091,21.4107814033891,0.144295404336497,"f"
6902,-0.759654267476638,21.411204763771,0.144298362947042,"f"
6903,-0.759387128668779,21.4116280970564,0.144301321659834,"f"
6904,-0.759119940784066,21.4120514069506,0.14430428046089,"f"
6905,-0.75885271159705,21.4124746971593,0.144307239336227,"f"
6906,-0.758585448882282,21.4128979713879,0.144310198271864,"f"
6907,-0.758318160414313,21.413321233342,0.144313157253818,"f"
6908,-0.758050853967694,21.4137444867271,0.144316116268106,"f"
6909,-0.757783537316977,21.4141677352486,0.144319075300747,"f"
6910,-0.75751704312115,21.4145845995893,0.144322032854209,"f"
6911,-0.757250924024641,21.4149985626283,0.14432498973306,"f"
6912,-0.756984804928131,21.4154125256674,0.14432794661191,"f"
6913,-0.756718685831622,21.4158264887064,0.14433090349076,"f"
6914,-0.756452566735113,21.4162404517454,0.14433386036961,"f"
6915,-0.756186447638604,21.4166544147844,0.14433681724846,"f"
6916,-0.755920328542094,21.4170683778234,0.14433977412731,"f"
6917,-0.755654209445585,21.4174823408624,0.14434273100616,"f"
6918,-0.755388090349076,21.4178963039014,0.14434568788501,"f"
6919,-0.755121971252567,21.4183102669405,0.14434864476386,"f"
6920,-0.754855852156058,21.4187242299795,0.14435160164271,"f"
6921,-0.754589733059548,21.4191381930185,0.144354558521561,"f"
6922,-0.754323613963039,21.4195521560575,0.144357515400411,"f"
6923,-0.75405749486653,21.4199661190965,0.144360472279261,"f"
6924,-0.753791375770021,21.4203800821355,0.144363429158111,"f"
6925,-0.753525256673511,21.4207940451745,0.144366386036961,"f"
6926,-0.753259137577002,21.4212080082136,0.144369342915811,"f"
6927,-0.752993018480493,21.4216219712526,0.144372299794661,"f"
6928,-0.752726899383984,21.4220359342916,0.144375256673511,"f"
6929,-0.752460780287474,21.4224498973306,0.144378213552361,"f"
6930,-0.752194661190965,21.4228638603696,0.144381170431212,"f"
6931,-0.751928542094456,21.4232778234086,0.144384127310062,"f"
6932,-0.751662422997947,21.4236917864476,0.144387084188912,"f"
6933,-0.751396303901437,21.4241057494867,0.144390041067762,"f"
6934,-0.751130184804928,21.4245197125257,0.144392997946612,"f"
6935,-0.750864065708419,21.4249336755647,0.144395954825462,"f"
6936,-0.75059794661191,21.4253476386037,0.144398911704312,"f"
6937,-0.750331827515401,21.4257616016427,0.144401868583162,"f"
6938,-0.750065708418891,21.4261755646817,0.144404825462012,"f"
6939,-0.749799589322382,21.4265895277207,0.144407782340862,"f"
6940,-0.7496,21.4269,0.14441,"f"
