"age_days","L","M","S","sex"
-21,1,3.5,0.1427,"m"
-20,1,3.5,0.1427,"m"
-19,1,3.5,0.1427,"m"
-18,1,3.5,0.1427,"m"
-17,1,3.5,0.1427,"m"
-16,1,3.5,0.1427,"m"
-15,1,3.5,0.1427,"m"
-14,1,3.5,0.1427,"m"
-13,1,3.5,0.1427,"m"
-12,1,3.5,0.1427,"m"
-11,1,3.5,0.1427,"m"
-10,1,3.5,0.1427,"m"
-9,1,3.5,0.1427,"m"
-8,1,3.5,0.1427,"m"
-7,1,3.5,0.1427,"m"
-6,1,3.5,0.1427,"m"
-5,1,3.5,0.1427,"m"
-4,1,3.5,0.1427,"m"
-3,1,3.5,0.1427,"m"
-2,1,3.5,0.1427,"m"
-1,1,3.5,0.1427,"m"
0,1,3.5,0.1427,"m"
1,1,3.5,0.1427,"m"
2,1,3.5,0.1427,"m"
3,1,3.5,0.1427,"m"
4,1,3.5,0.1427,"m"
5,1,3.5,0.1427,"m"
6,1,3.5,0.1427,"m"
7,1,3.5,0.1427,"m"
8,1,3.5,0.1427,"m"
9,1,3.5,0.1427,"m"
10,1,3.5,0.1427,"m"
11,1,3.5,0.1427,"m"
12,1,3.5,0.1427,"m"
13,1,3.5,0.1427,"m"
14,0.2581,3.7529,0.14142,"m"
15,0.2558,3.7956,0.14093,"m"
16,0.2537,3.8389,0.14044,"m"
17,0.2517,3.8828,0.13996,"m"
18,0.2497,3.927,0.13948,"m"
19,0.2478,3.9714,0.139,"m"
20,0.246,4.0158,0.13853,"m"
21,0.2442,4.0603,0.13807,"m"
22,0.2425,4.1046,0.13761,"m"
23,0.2408,4.1489,0.13715,"m"
24,0.2392,4.193,0.1367,"m"
25,0.2376,4.2369,0.13626,"m"
26,0.2361,4.2806,0.13582,"m"
27,0.2346,4.324,0.13539,"m"
28,0.2331,4.3671,0.13497,"m"
29,0.2317,4.41,0.13455,"m"
30,0.2303,4.4525,0.13413,"m"
31,0.229,4.4946,0.13372,"m"
32,0.2276,4.5363,0.13332,"m"
33,0.2263,4.5776,0.13292,"m"
34,0.225,4.6185,0.13253,"m"
35,0.2237,4.659,0.13215,"m"
36,0.2225,4.699,0.13177,"m"
37,0.2213,4.7386,0.13139,"m"
38,0.2201,4.7778,0.13102,"m"
39,0.2189,4.8166,0.13066,"m"
40,0.2178,4.8549,0.1303,"m"
41,0.2166,4.8928,0.12994,"m"
42,0.2155,4.9303,0.1296,"m"
43,0.2144,4.9674,0.12925,"m"
44,0.2133,5.0041,0.12891,"m"
45,0.2122,5.0404,0.12858,"m"
46,0.2112,5.0763,0.12825,"m"
47,0.2101,5.1118,0.12792,"m"
48,0.2091,5.1469,0.1276,"m"
49,0.2081,5.1817,0.12729,"m"
50,0.2071,5.2161,0.12698,"m"
51,0.2061,5.2501,0.12667,"m"
52,0.2052,5.2837,0.12637,"m"
53,0.2042,5.3171,0.12607,"m"
54,0.2032,5.35,0.12577,"m"
55,0.2023,5.3826,0.12548,"m"
56,0.2014,5.4149,0.1252,"m"
57,0.2005,5.4468,0.12491,"m"
58,0.1996,5.4784,0.12463,"m"
59,0.1987,5.5097,0.12436,"m"
60,0.1978,5.5407,0.12409,"m"
61,0.1969,5.5714,0.12382,"m"
62,0.196,5.6018,0.12356,"m"
63,0.1952,5.6319,0.1233,"m"
64,0.1943,5.6617,0.12304,"m"
65,0.1935,5.6912,0.12279,"m"
66,0.1926,5.7205,0.12254,"m"
67,0.1918,5.7494,0.12229,"m"
68,0.191,5.7781,0.12205,"m"
69,0.1902,5.8065,0.12181,"m"
70,0.1894,5.8346,0.12157,"m"
71,0.1886,5.8625,0.12134,"m"
72,0.1878,5.8901,0.12111,"m"
73,0.187,5.9174,0.12088,"m"
74,0.1863,5.9445,0.12066,"m"
75,0.1855,5.9713,0.12044,"m"
76,0.1847,5.9979,0.12022,"m"
77,0.184,6.0242,0.12001,"m"
78,0.1832,6.0503,0.1198,"m"
79,0.1825,6.0762,0.11959,"m"
80,0.1818,6.1018,0.11939,"m"
81,0.181,6.1272,0.11918,"m"
82,0.1803,6.1523,0.11899,"m"
83,0.1796,6.1772,0.11879,"m"
84,0.1789,6.2019,0.1186,"m"
85,0.1782,6.2264,0.11841,"m"
86,0.1775,6.2507,0.11822,"m"
87,0.1768,6.2748,0.11803,"m"
88,0.1761,6.2986,0.11785,"m"
89,0.1754,6.3223,0.11767,"m"
90,0.1747,6.3457,0.1175,"m"
91,0.174,6.369,0.11732,"m"
92,0.1734,6.3921,0.11715,"m"
93,0.1727,6.4149,0.11698,"m"
94,0.172,6.4376,0.11682,"m"
95,0.1714,6.4601,0.11666,"m"
96,0.1707,6.4824,0.11649,"m"
97,0.1701,6.5046,0.11634,"m"
98,0.1694,6.5265,0.11618,"m"
99,0.1688,6.5483,0.11603,"m"
100,0.1682,6.5699,0.11588,"m"
101,0.1675,6.5914,0.11573,"m"
102,0.1669,6.6126,0.11558,"m"
103,0.1663,6.6338,0.11544,"m"
104,0.1657,6.6547,0.1153,"m"
105,0.1651,6.6755,0.11516,"m"
106,0.1644,6.6962,0.11502,"m"
107,0.1638,6.7166,0.11489,"m"
108,0.1632,6.737,0.11476,"m"
109,0.1626,6.7572,0.11463,"m"
110,0.162,6.7772,0.1145,"m"
111,0.1614,6.7971,0.11438,"m"
112,0.1609,6.8168,0.11425,"m"
113,0.1603,6.8365,0.11413,"m"
114,0.1597,6.8559,0.11401,"m"
115,0.1591,6.8753,0.1139,"m"
116,0.1585,6.8945,0.11378,"m"
117,0.158,6.9135,0.11367,"m"
118,0.1574,6.9325,0.11356,"m"
119,0.1568,6.9513,0.11345,"m"
120,0.1563,6.9699,0.11334,"m"
121,0.1557,6.9885,0.11324,"m"
122,0.1551,7.0069,0.11313,"m"
123,0.1546,7.0252,0.11303,"m"
124,0.154,7.0434,0.11293,"m"
125,0.1535,7.0615,0.11283,"m"
126,0.1529,7.0794,0.11274,"m"
127,0.1524,7.0972,0.11265,"m"
128,0.1519,7.1149,0.11255,"m"
129,0.1513,7.1325,0.11246,"m"
130,0.1508,7.15,0.11237,"m"
131,0.1502,7.1674,0.11229,"m"
132,0.1497,7.1846,0.1122,"m"
133,0.1492,7.2018,0.11212,"m"
134,0.1487,7.2188,0.11204,"m"
135,0.1481,7.2357,0.11196,"m"
136,0.1476,7.2525,0.11188,"m"
137,0.1471,7.2692,0.1118,"m"
138,0.1466,7.2858,0.11172,"m"
139,0.1461,7.3023,0.11165,"m"
140,0.1456,7.3187,0.11158,"m"
141,0.1451,7.335,0.1115,"m"
142,0.1446,7.3512,0.11143,"m"
143,0.1441,7.3673,0.11137,"m"
144,0.1436,7.3833,0.1113,"m"
145,0.1431,7.3992,0.11123,"m"
146,0.1426,7.415,0.11117,"m"
147,0.1421,7.4307,0.11111,"m"
148,0.1416,7.4463,0.11104,"m"
149,0.1411,7.4618,0.11098,"m"
150,0.1406,7.4772,0.11092,"m"
151,0.1401,7.4925,0.11087,"m"
152,0.1396,7.5077,0.11081,"m"
153,0.1391,7.5228,0.11075,"m"
154,0.1387,7.5379,0.1107,"m"
155,0.1382,7.5528,0.11065,"m"
156,0.1377,7.5677,0.11059,"m"
157,0.1372,7.5824,0.11054,"m"
158,0.1368,7.5971,0.11049,"m"
159,0.1363,7.6117,0.11044,"m"
160,0.1358,7.6262,0.1104,"m"
161,0.1354,7.6406,0.11035,"m"
162,0.1349,7.655,0.11031,"m"
163,0.1344,7.6692,0.11026,"m"
164,0.134,7.6834,0.11022,"m"
165,0.1335,7.6975,0.11018,"m"
166,0.1331,7.7115,0.11013,"m"
167,0.1326,7.7255,0.11009,"m"
168,0.1322,7.7394,0.11005,"m"
169,0.1317,7.7532,0.11002,"m"
170,0.1313,7.7669,0.10998,"m"
171,0.1308,7.7805,0.10994,"m"
172,0.1304,7.7941,0.10991,"m"
173,0.1299,7.8076,0.10987,"m"
174,0.1295,7.821,0.10984,"m"
175,0.129,7.8344,0.1098,"m"
176,0.1286,7.8477,0.10977,"m"
177,0.1282,7.8609,0.10974,"m"
178,0.1277,7.8741,0.10971,"m"
179,0.1273,7.8871,0.10968,"m"
180,0.1269,7.9002,0.10965,"m"
181,0.1264,7.9131,0.10962,"m"
182,0.126,7.926,0.10959,"m"
183,0.1256,7.9389,0.10957,"m"
184,0.1251,7.9516,0.10954,"m"
185,0.1247,7.9643,0.10951,"m"
186,0.1243,7.977,0.10949,"m"
187,0.1239,7.9895,0.10946,"m"
188,0.1235,8.0021,0.10944,"m"
189,0.123,8.0145,0.10942,"m"
190,0.1226,8.0269,0.1094,"m"
191,0.1222,8.0392,0.10937,"m"
192,0.1218,8.0515,0.10935,"m"
193,0.1214,8.0637,0.10933,"m"
194,0.121,8.0759,0.10931,"m"
195,0.1206,8.0879,0.10929,"m"
196,0.1201,8.1,0.10927,"m"
197,0.1197,8.112,0.10925,"m"
198,0.1193,8.1239,0.10924,"m"
199,0.1189,8.1357,0.10922,"m"
200,0.1185,8.1475,0.1092,"m"
201,0.1181,8.1593,0.10919,"m"
202,0.1177,8.171,0.10917,"m"
203,0.1173,8.1826,0.10915,"m"
204,0.1169,8.1942,0.10914,"m"
205,0.1165,8.2058,0.10913,"m"
206,0.1161,8.2173,0.10911,"m"
207,0.1157,8.2287,0.1091,"m"
208,0.1153,8.2401,0.10908,"m"
209,0.1149,8.2514,0.10907,"m"
210,0.1145,8.2627,0.10906,"m"
211,0.1142,8.2739,0.10905,"m"
212,0.1138,8.2851,0.10903,"m"
213,0.1134,8.2963,0.10902,"m"
214,0.113,8.3074,0.10901,"m"
215,0.1126,8.3184,0.109,"m"
216,0.1122,8.3294,0.10899,"m"
217,0.1118,8.3404,0.10898,"m"
218,0.1115,8.3513,0.10897,"m"
219,0.1111,8.3621,0.10896,"m"
220,0.1107,8.3729,0.10895,"m"
221,0.1103,8.3837,0.10894,"m"
222,0.1099,8.3944,0.10894,"m"
223,0.1096,8.4051,0.10893,"m"
224,0.1092,8.4157,0.10892,"m"
225,0.1088,8.4263,0.10891,"m"
226,0.1084,8.4369,0.10891,"m"
227,0.1081,8.4474,0.1089,"m"
228,0.1077,8.4578,0.10889,"m"
229,0.1073,8.4683,0.10889,"m"
230,0.107,8.4787,0.10888,"m"
231,0.1066,8.489,0.10887,"m"
232,0.1062,8.4993,0.10887,"m"
233,0.1059,8.5096,0.10886,"m"
234,0.1055,8.5198,0.10886,"m"
235,0.1051,8.53,0.10885,"m"
236,0.1048,8.5401,0.10885,"m"
237,0.1044,8.5502,0.10884,"m"
238,0.104,8.5603,0.10884,"m"
239,0.1037,8.5704,0.10884,"m"
240,0.1033,8.5804,0.10883,"m"
241,0.103,8.5903,0.10883,"m"
242,0.1026,8.6003,0.10882,"m"
243,0.1023,8.6102,0.10882,"m"
244,0.1019,8.62,0.10882,"m"
245,0.1015,8.6299,0.10882,"m"
246,0.1012,8.6397,0.10881,"m"
247,0.1008,8.6494,0.10881,"m"
248,0.1005,8.6592,0.10881,"m"
249,0.1001,8.6689,0.10881,"m"
250,0.0998,8.6785,0.10881,"m"
251,0.0994,8.6882,0.1088,"m"
252,0.0991,8.6978,0.1088,"m"
253,0.0987,8.7073,0.1088,"m"
254,0.0984,8.7169,0.1088,"m"
255,0.0981,8.7264,0.1088,"m"
256,0.0977,8.7359,0.1088,"m"
257,0.0974,8.7453,0.1088,"m"
258,0.097,8.7548,0.1088,"m"
259,0.0967,8.7642,0.1088,"m"
260,0.0963,8.7735,0.1088,"m"
261,0.096,8.7829,0.1088,"m"
262,0.0957,8.7922,0.1088,"m"
263,0.0953,8.8015,0.1088,"m"
264,0.095,8.8107,0.1088,"m"
265,0.0947,8.82,0.1088,"m"
266,0.0943,8.8292,0.1088,"m"
267,0.094,8.8384,0.1088,"m"
268,0.0937,8.8475,0.1088,"m"
269,0.0933,8.8567,0.1088,"m"
270,0.093,8.8658,0.1088,"m"
271,0.0927,8.8748,0.1088,"m"
272,0.0923,8.8839,0.10881,"m"
273,0.092,8.8929,0.10881,"m"
274,0.0917,8.9019,0.10881,"m"
275,0.0913,8.9109,0.10881,"m"
276,0.091,8.9199,0.10881,"m"
277,0.0907,8.9288,0.10882,"m"
278,0.0904,8.9377,0.10882,"m"
279,0.09,8.9466,0.10882,"m"
280,0.0897,8.9555,0.10882,"m"
281,0.0894,8.9643,0.10882,"m"
282,0.0891,8.9731,0.10883,"m"
283,0.0887,8.9819,0.10883,"m"
284,0.0884,8.9907,0.10883,"m"
285,0.0881,8.9995,0.10884,"m"
286,0.0878,9.0082,0.10884,"m"
287,0.0875,9.0169,0.10884,"m"
288,0.0871,9.0256,0.10884,"m"
289,0.0868,9.0342,0.10885,"m"
290,0.0865,9.0429,0.10885,"m"
291,0.0862,9.0515,0.10885,"m"
292,0.0859,9.0601,0.10886,"m"
293,0.0856,9.0687,0.10886,"m"
294,0.0852,9.0772,0.10887,"m"
295,0.0849,9.0858,0.10887,"m"
296,0.0846,9.0943,0.10887,"m"
297,0.0843,9.1028,0.10888,"m"
298,0.084,9.1113,0.10888,"m"
299,0.0837,9.1198,0.10888,"m"
300,0.0834,9.1282,0.10889,"m"
301,0.0831,9.1366,0.10889,"m"
302,0.0827,9.145,0.1089,"m"
303,0.0824,9.1534,0.1089,"m"
304,0.0821,9.1618,0.1089,"m"
305,0.0818,9.1701,0.10891,"m"
306,0.0815,9.1785,0.10891,"m"
307,0.0812,9.1868,0.10892,"m"
308,0.0809,9.1951,0.10892,"m"
309,0.0806,9.2034,0.10893,"m"
310,0.0803,9.2117,0.10893,"m"
311,0.08,9.2199,0.10894,"m"
312,0.0797,9.2282,0.10894,"m"
313,0.0794,9.2364,0.10894,"m"
314,0.0791,9.2446,0.10895,"m"
315,0.0788,9.2528,0.10895,"m"
316,0.0785,9.261,0.10896,"m"
317,0.0782,9.2691,0.10896,"m"
318,0.0779,9.2773,0.10897,"m"
319,0.0776,9.2854,0.10897,"m"
320,0.0773,9.2935,0.10898,"m"
321,0.077,9.3016,0.10898,"m"
322,0.0767,9.3097,0.10899,"m"
323,0.0764,9.3178,0.10899,"m"
324,0.0761,9.3258,0.109,"m"
325,0.0758,9.3339,0.10901,"m"
326,0.0755,9.3419,0.10901,"m"
327,0.0752,9.3499,0.10902,"m"
328,0.0749,9.3579,0.10902,"m"
329,0.0746,9.3659,0.10903,"m"
330,0.0744,9.3739,0.10903,"m"
331,0.0741,9.3819,0.10904,"m"
332,0.0738,9.3898,0.10904,"m"
333,0.0735,9.3978,0.10905,"m"
334,0.0732,9.4057,0.10905,"m"
335,0.0729,9.4136,0.10906,"m"
336,0.0726,9.4215,0.10907,"m"
337,0.0723,9.4294,0.10907,"m"
338,0.072,9.4373,0.10908,"m"
339,0.0718,9.4452,0.10908,"m"
340,0.0715,9.453,0.10909,"m"
341,0.0712,9.4609,0.1091,"m"
342,0.0709,9.4687,0.1091,"m"
343,0.0706,9.4765,0.10911,"m"
344,0.0703,9.4844,0.10911,"m"
345,0.0701,9.4922,0.10912,"m"
346,0.0698,9.4999,0.10913,"m"
347,0.0695,9.5077,0.10913,"m"
348,0.0692,9.5155,0.10914,"m"
349,0.0689,9.5232,0.10915,"m"
350,0.0686,9.531,0.10915,"m"
351,0.0684,9.5387,0.10916,"m"
352,0.0681,9.5464,0.10916,"m"
353,0.0678,9.5542,0.10917,"m"
354,0.0675,9.5619,0.10918,"m"
355,0.0672,9.5696,0.10918,"m"
356,0.067,9.5772,0.10919,"m"
357,0.0667,9.5849,0.1092,"m"
358,0.0664,9.5926,0.1092,"m"
359,0.0661,9.6002,0.10921,"m"
360,0.0659,9.6079,0.10922,"m"
361,0.0656,9.6155,0.10922,"m"
362,0.0653,9.6231,0.10923,"m"
363,0.065,9.6308,0.10924,"m"
364,0.0648,9.6384,0.10925,"m"
365,0.0645,9.646,0.10925,"m"
366,0.0642,9.6535,0.10926,"m"
367,0.064,9.6611,0.10927,"m"
368,0.0637,9.6687,0.10927,"m"
369,0.0634,9.6763,0.10928,"m"
370,0.0631,9.6838,0.10929,"m"
371,0.0629,9.6914,0.1093,"m"
372,0.0626,9.6989,0.1093,"m"
373,0.0623,9.7064,0.10931,"m"
374,0.0621,9.7139,0.10932,"m"
375,0.0618,9.7214,0.10933,"m"
376,0.0615,9.7289,0.10933,"m"
377,0.0613,9.7364,0.10934,"m"
378,0.061,9.7439,0.10935,"m"
379,0.0607,9.7514,0.10936,"m"
380,0.0605,9.7588,0.10936,"m"
381,0.0602,9.7663,0.10937,"m"
382,0.0599,9.7738,0.10938,"m"
383,0.0597,9.7812,0.10939,"m"
384,0.0594,9.7886,0.10939,"m"
385,0.0591,9.796,0.1094,"m"
386,0.0589,9.8035,0.10941,"m"
387,0.0586,9.8109,0.10942,"m"
388,0.0583,9.8183,0.10943,"m"
389,0.0581,9.8257,0.10943,"m"
390,0.0578,9.833,0.10944,"m"
391,0.0576,9.8404,0.10945,"m"
392,0.0573,9.8478,0.10946,"m"
393,0.057,9.8551,0.10947,"m"
394,0.0568,9.8625,0.10948,"m"
395,0.0565,9.8699,0.10948,"m"
396,0.0563,9.8772,0.10949,"m"
397,0.056,9.8845,0.1095,"m"
398,0.0557,9.8918,0.10951,"m"
399,0.0555,9.8992,0.10952,"m"
400,0.0552,9.9065,0.10953,"m"
401,0.055,9.9138,0.10954,"m"
402,0.0547,9.9211,0.10954,"m"
403,0.0545,9.9284,0.10955,"m"
404,0.0542,9.9357,0.10956,"m"
405,0.054,9.9429,0.10957,"m"
406,0.0537,9.9502,0.10958,"m"
407,0.0534,9.9575,0.10959,"m"
408,0.0532,9.9647,0.1096,"m"
409,0.0529,9.972,0.10961,"m"
410,0.0527,9.9792,0.10961,"m"
411,0.0524,9.9865,0.10962,"m"
412,0.0522,9.9937,0.10963,"m"
413,0.0519,10.0009,0.10964,"m"
414,0.0517,10.0082,0.10965,"m"
415,0.0514,10.0154,0.10966,"m"
416,0.0512,10.0226,0.10967,"m"
417,0.0509,10.0298,0.10968,"m"
418,0.0507,10.037,0.10969,"m"
419,0.0504,10.0442,0.1097,"m"
420,0.0502,10.0514,0.10971,"m"
421,0.0499,10.0586,0.10971,"m"
422,0.0497,10.0657,0.10972,"m"
423,0.0494,10.0729,0.10973,"m"
424,0.0492,10.0801,0.10974,"m"
425,0.0489,10.0872,0.10975,"m"
426,0.0487,10.0944,0.10976,"m"
427,0.0484,10.1015,0.10977,"m"
428,0.0482,10.1087,0.10978,"m"
429,0.0479,10.1158,0.10979,"m"
430,0.0477,10.123,0.1098,"m"
431,0.0475,10.1301,0.10981,"m"
432,0.0472,10.1372,0.10982,"m"
433,0.047,10.1443,0.10983,"m"
434,0.0467,10.1515,0.10984,"m"
435,0.0465,10.1586,0.10985,"m"
436,0.0462,10.1657,0.10986,"m"
437,0.046,10.1728,0.10987,"m"
438,0.0458,10.1799,0.10988,"m"
439,0.0455,10.187,0.10989,"m"
440,0.0453,10.1941,0.1099,"m"
441,0.045,10.2011,0.10991,"m"
442,0.0448,10.2082,0.10992,"m"
443,0.0445,10.2153,0.10993,"m"
444,0.0443,10.2224,0.10994,"m"
445,0.0441,10.2294,0.10995,"m"
446,0.0438,10.2365,0.10996,"m"
447,0.0436,10.2435,0.10997,"m"
448,0.0433,10.2506,0.10998,"m"
449,0.0431,10.2576,0.10999,"m"
450,0.0429,10.2647,0.11,"m"
451,0.0426,10.2717,0.11001,"m"
452,0.0424,10.2788,0.11002,"m"
453,0.0422,10.2858,0.11003,"m"
454,0.0419,10.2928,0.11005,"m"
455,0.0417,10.2998,0.11006,"m"
456,0.0414,10.3069,0.11007,"m"
457,0.0412,10.3139,0.11008,"m"
458,0.041,10.3209,0.11009,"m"
459,0.0407,10.3279,0.1101,"m"
460,0.0405,10.3349,0.11011,"m"
461,0.0403,10.3419,0.11012,"m"
462,0.04,10.3489,0.11013,"m"
463,0.0398,10.3559,0.11014,"m"
464,0.0396,10.3629,0.11015,"m"
465,0.0393,10.3699,0.11016,"m"
466,0.0391,10.3769,0.11017,"m"
467,0.0389,10.3839,0.11019,"m"
468,0.0386,10.3908,0.1102,"m"
469,0.0384,10.3978,0.11021,"m"
470,0.0382,10.4048,0.11022,"m"
471,0.0379,10.4118,0.11023,"m"
472,0.0377,10.4187,0.11024,"m"
473,0.0375,10.4257,0.11025,"m"
474,0.0373,10.4326,0.11026,"m"
475,0.037,10.4396,0.11027,"m"
476,0.0368,10.4465,0.11029,"m"
477,0.0366,10.4535,0.1103,"m"
478,0.0363,10.4604,0.11031,"m"
479,0.0361,10.4674,0.11032,"m"
480,0.0359,10.4743,0.11033,"m"
481,0.0357,10.4813,0.11034,"m"
482,0.0354,10.4882,0.11035,"m"
483,0.0352,10.4951,0.11037,"m"
484,0.035,10.502,0.11038,"m"
485,0.0347,10.509,0.11039,"m"
486,0.0345,10.5159,0.1104,"m"
487,0.0343,10.5228,0.11041,"m"
488,0.0341,10.5297,0.11042,"m"
489,0.0338,10.5366,0.11044,"m"
490,0.0336,10.5435,0.11045,"m"
491,0.0334,10.5505,0.11046,"m"
492,0.0332,10.5574,0.11047,"m"
493,0.0329,10.5643,0.11048,"m"
494,0.0327,10.5712,0.1105,"m"
495,0.0325,10.578,0.11051,"m"
496,0.0323,10.5849,0.11052,"m"
497,0.032,10.5918,0.11053,"m"
498,0.0318,10.5987,0.11054,"m"
499,0.0316,10.6056,0.11056,"m"
500,0.0314,10.6125,0.11057,"m"
501,0.0312,10.6193,0.11058,"m"
502,0.0309,10.6262,0.11059,"m"
503,0.0307,10.6331,0.1106,"m"
504,0.0305,10.6399,0.11062,"m"
505,0.0303,10.6468,0.11063,"m"
506,0.03,10.6537,0.11064,"m"
507,0.0298,10.6605,0.11065,"m"
508,0.0296,10.6674,0.11067,"m"
509,0.0294,10.6742,0.11068,"m"
510,0.0292,10.6811,0.11069,"m"
511,0.0289,10.6879,0.1107,"m"
512,0.0287,10.6948,0.11072,"m"
513,0.0285,10.7016,0.11073,"m"
514,0.0283,10.7084,0.11074,"m"
515,0.0281,10.7153,0.11075,"m"
516,0.0279,10.7221,0.11077,"m"
517,0.0276,10.7289,0.11078,"m"
518,0.0274,10.7357,0.11079,"m"
519,0.0272,10.7426,0.11081,"m"
520,0.027,10.7494,0.11082,"m"
521,0.0268,10.7562,0.11083,"m"
522,0.0266,10.763,0.11084,"m"
523,0.0263,10.7698,0.11086,"m"
524,0.0261,10.7766,0.11087,"m"
525,0.0259,10.7835,0.11088,"m"
526,0.0257,10.7903,0.1109,"m"
527,0.0255,10.7971,0.11091,"m"
528,0.0253,10.8039,0.11092,"m"
529,0.025,10.8107,0.11094,"m"
530,0.0248,10.8174,0.11095,"m"
531,0.0246,10.8242,0.11096,"m"
532,0.0244,10.831,0.11098,"m"
533,0.0242,10.8378,0.11099,"m"
534,0.024,10.8446,0.111,"m"
535,0.0238,10.8514,0.11102,"m"
536,0.0236,10.8582,0.11103,"m"
537,0.0233,10.8649,0.11104,"m"
538,0.0231,10.8717,0.11106,"m"
539,0.0229,10.8785,0.11107,"m"
540,0.0227,10.8852,0.11108,"m"
541,0.0225,10.892,0.1111,"m"
542,0.0223,10.8988,0.11111,"m"
543,0.0221,10.9055,0.11113,"m"
544,0.0219,10.9123,0.11114,"m"
545,0.0217,10.9191,0.11115,"m"
546,0.0214,10.9258,0.11117,"m"
547,0.0212,10.9326,0.11118,"m"
548,0.021,10.9393,0.1112,"m"
549,0.0208,10.9461,0.11121,"m"
550,0.0206,10.9528,0.11122,"m"
551,0.0204,10.9596,0.11124,"m"
552,0.0202,10.9663,0.11125,"m"
553,0.02,10.973,0.11127,"m"
554,0.0198,10.9798,0.11128,"m"
555,0.0196,10.9865,0.11129,"m"
556,0.0194,10.9932,0.11131,"m"
557,0.0192,11,0.11132,"m"
558,0.0189,11.0067,0.11134,"m"
559,0.0187,11.0134,0.11135,"m"
560,0.0185,11.0202,0.11137,"m"
561,0.0183,11.0269,0.11138,"m"
562,0.0181,11.0336,0.11139,"m"
563,0.0179,11.0403,0.11141,"m"
564,0.0177,11.047,0.11142,"m"
565,0.0175,11.0537,0.11144,"m"
566,0.0173,11.0605,0.11145,"m"
567,0.0171,11.0672,0.11147,"m"
568,0.0169,11.0739,0.11148,"m"
569,0.0167,11.0806,0.1115,"m"
570,0.0165,11.0873,0.11151,"m"
571,0.0163,11.094,0.11153,"m"
572,0.0161,11.1007,0.11154,"m"
573,0.0159,11.1074,0.11156,"m"
574,0.0157,11.1141,0.11157,"m"
575,0.0155,11.1208,0.11159,"m"
576,0.0153,11.1275,0.1116,"m"
577,0.0151,11.1342,0.11162,"m"
578,0.0149,11.1409,0.11163,"m"
579,0.0147,11.1476,0.11165,"m"
580,0.0144,11.1543,0.11166,"m"
581,0.0142,11.161,0.11168,"m"
582,0.014,11.1676,0.11169,"m"
583,0.0138,11.1743,0.11171,"m"
584,0.0136,11.181,0.11172,"m"
585,0.0134,11.1877,0.11174,"m"
586,0.0132,11.1944,0.11175,"m"
587,0.013,11.2011,0.11177,"m"
588,0.0128,11.2077,0.11178,"m"
589,0.0126,11.2144,0.1118,"m"
590,0.0124,11.2211,0.11182,"m"
591,0.0122,11.2278,0.11183,"m"
592,0.012,11.2345,0.11185,"m"
593,0.0118,11.2411,0.11186,"m"
594,0.0116,11.2478,0.11188,"m"
595,0.0114,11.2545,0.11189,"m"
596,0.0112,11.2612,0.11191,"m"
597,0.0111,11.2678,0.11192,"m"
598,0.0109,11.2745,0.11194,"m"
599,0.0107,11.2812,0.11196,"m"
600,0.0105,11.2878,0.11197,"m"
601,0.0103,11.2945,0.11199,"m"
602,0.0101,11.3012,0.112,"m"
603,0.0099,11.3078,0.11202,"m"
604,0.0097,11.3145,0.11204,"m"
605,0.0095,11.3212,0.11205,"m"
606,0.0093,11.3278,0.11207,"m"
607,0.0091,11.3345,0.11208,"m"
608,0.0089,11.3412,0.1121,"m"
609,0.0087,11.3478,0.11212,"m"
610,0.0085,11.3545,0.11213,"m"
611,0.0083,11.3612,0.11215,"m"
612,0.0081,11.3678,0.11216,"m"
613,0.0079,11.3745,0.11218,"m"
614,0.0077,11.3811,0.1122,"m"
615,0.0075,11.3878,0.11221,"m"
616,0.0073,11.3945,0.11223,"m"
617,0.0071,11.4011,0.11224,"m"
618,0.0069,11.4078,0.11226,"m"
619,0.0067,11.4144,0.11228,"m"
620,0.0066,11.4211,0.11229,"m"
621,0.0064,11.4277,0.11231,"m"
622,0.0062,11.4344,0.11233,"m"
623,0.006,11.441,0.11234,"m"
624,0.0058,11.4477,0.11236,"m"
625,0.0056,11.4543,0.11238,"m"
626,0.0054,11.461,0.11239,"m"
627,0.0052,11.4676,0.11241,"m"
628,0.005,11.4743,0.11243,"m"
629,0.0048,11.4809,0.11244,"m"
630,0.0046,11.4876,0.11246,"m"
631,0.0044,11.4942,0.11248,"m"
632,0.0043,11.5009,0.11249,"m"
633,0.0041,11.5075,0.11251,"m"
634,0.0039,11.5142,0.11253,"m"
635,0.0037,11.5208,0.11254,"m"
636,0.0035,11.5274,0.11256,"m"
637,0.0033,11.5341,0.11258,"m"
638,0.0031,11.5407,0.11259,"m"
639,0.0029,11.5474,0.11261,"m"
640,0.0027,11.554,0.11263,"m"
641,0.0025,11.5606,0.11265,"m"
642,0.0024,11.5673,0.11266,"m"
643,0.0022,11.5739,0.11268,"m"
644,0.002,11.5806,0.1127,"m"
645,0.0018,11.5872,0.11271,"m"
646,0.0016,11.5938,0.11273,"m"
647,0.0014,11.6005,0.11275,"m"
648,0.0012,11.6071,0.11276,"m"
649,0.001,11.6137,0.11278,"m"
650,8e-04,11.6204,0.1128,"m"
651,7e-04,11.627,0.11282,"m"
652,5e-04,11.6336,0.11283,"m"
653,3e-04,11.6403,0.11285,"m"
654,1e-04,11.6469,0.11287,"m"
655,-1e-04,11.6535,0.11289,"m"
656,-3e-04,11.6601,0.1129,"m"
657,-5e-04,11.6668,0.11292,"m"
658,-6e-04,11.6734,0.11294,"m"
659,-8e-04,11.68,0.11296,"m"
660,-0.001,11.6866,0.11297,"m"
661,-0.0012,11.6933,0.11299,"m"
662,-0.0014,11.6999,0.11301,"m"
663,-0.0016,11.7065,0.11303,"m"
664,-0.0018,11.7131,0.11304,"m"
665,-0.0019,11.7198,0.11306,"m"
666,-0.0021,11.7264,0.11308,"m"
667,-0.0023,11.733,0.1131,"m"
668,-0.0025,11.7396,0.11311,"m"
669,-0.0027,11.7462,0.11313,"m"
670,-0.0029,11.7528,0.11315,"m"
671,-0.003,11.7595,0.11317,"m"
672,-0.0032,11.7661,0.11318,"m"
673,-0.0034,11.7727,0.1132,"m"
674,-0.0036,11.7793,0.11322,"m"
675,-0.0038,11.7859,0.11324,"m"
676,-0.004,11.7925,0.11326,"m"
677,-0.0041,11.7991,0.11327,"m"
678,-0.0043,11.8057,0.11329,"m"
679,-0.0045,11.8124,0.11331,"m"
680,-0.0047,11.819,0.11333,"m"
681,-0.0049,11.8256,0.11335,"m"
682,-0.0051,11.8322,0.11336,"m"
683,-0.0052,11.8388,0.11338,"m"
684,-0.0054,11.8454,0.1134,"m"
685,-0.0056,11.852,0.11342,"m"
686,-0.0058,11.8586,0.11344,"m"
687,-0.006,11.8652,0.11345,"m"
688,-0.0061,11.8718,0.11347,"m"
689,-0.0063,11.8784,0.11349,"m"
690,-0.0065,11.885,0.11351,"m"
691,-0.0067,11.8916,0.11353,"m"
692,-0.0069,11.8982,0.11354,"m"
693,-0.007,11.9048,0.11356,"m"
694,-0.0072,11.9114,0.11358,"m"
695,-0.0074,11.918,0.1136,"m"
696,-0.0076,11.9246,0.11362,"m"
697,-0.0078,11.9312,0.11364,"m"
698,-0.0079,11.9378,0.11365,"m"
699,-0.0081,11.9444,0.11367,"m"
700,-0.0083,11.951,0.11369,"m"
701,-0.0085,11.9576,0.11371,"m"
702,-0.0087,11.9642,0.11373,"m"
703,-0.0088,11.9707,0.11375,"m"
704,-0.009,11.9773,0.11376,"m"
705,-0.0092,11.9839,0.11378,"m"
706,-0.0094,11.9905,0.1138,"m"
707,-0.0095,11.9971,0.11382,"m"
708,-0.0097,12.0037,0.11384,"m"
709,-0.0099,12.0103,0.11386,"m"
710,-0.0101,12.0168,0.11388,"m"
711,-0.0102,12.0234,0.11389,"m"
712,-0.0104,12.03,0.11391,"m"
713,-0.0106,12.0366,0.11393,"m"
714,-0.0108,12.0431,0.11395,"m"
715,-0.011,12.0497,0.11397,"m"
716,-0.0111,12.0563,0.11399,"m"
717,-0.0113,12.0629,0.11401,"m"
718,-0.0115,12.0694,0.11403,"m"
719,-0.0117,12.076,0.11404,"m"
720,-0.0118,12.0826,0.11406,"m"
721,-0.012,12.0891,0.11408,"m"
722,-0.0122,12.0957,0.1141,"m"
723,-0.0124,12.1023,0.11412,"m"
724,-0.0125,12.1088,0.11414,"m"
725,-0.0127,12.1154,0.11416,"m"
726,-0.0129,12.122,0.11418,"m"
727,-0.0131,12.1285,0.1142,"m"
728,-0.0132,12.1351,0.11421,"m"
729,-0.0134,12.1416,0.11423,"m"
730,-0.0136,12.1482,0.11425,"m"
731,-0.0137,12.1548,0.11427,"m"
732,-0.0139,12.1613,0.11429,"m"
733,-0.0141,12.1679,0.11431,"m"
734,-0.0143,12.1744,0.11433,"m"
735,-0.0144,12.181,0.11435,"m"
736,-0.0146,12.1875,0.11437,"m"
737,-0.0148,12.1941,0.11439,"m"
738,-0.015,12.2006,0.1144,"m"
739,-0.0151,12.2072,0.11442,"m"
740,-0.0153,12.2137,0.11444,"m"
741,-0.0155,12.2202,0.11446,"m"
742,-0.0156,12.2268,0.11448,"m"
743,-0.0158,12.2333,0.1145,"m"
744,-0.016,12.2398,0.11452,"m"
745,-0.0162,12.2464,0.11454,"m"
746,-0.0163,12.2529,0.11456,"m"
747,-0.0165,12.2594,0.11458,"m"
748,-0.0167,12.266,0.1146,"m"
749,-0.0168,12.2725,0.11462,"m"
750,-0.017,12.279,0.11464,"m"
751,-0.0172,12.2855,0.11465,"m"
752,-0.0174,12.292,0.11467,"m"
753,-0.0175,12.2986,0.11469,"m"
754,-0.0177,12.3051,0.11471,"m"
755,-0.0179,12.3116,0.11473,"m"
756,-0.018,12.3181,0.11475,"m"
757,-0.0182,12.3246,0.11477,"m"
758,-0.0184,12.3311,0.11479,"m"
759,-0.0185,12.3376,0.11481,"m"
760,-0.0187,12.3441,0.11483,"m"
761,-0.0189,12.3506,0.11485,"m"
762,-0.0191,12.3571,0.11487,"m"
763,-0.0192,12.3636,0.11489,"m"
764,-0.0194,12.3701,0.11491,"m"
765,-0.0196,12.3766,0.11493,"m"
766,-0.0197,12.383,0.11495,"m"
767,-0.0199,12.3895,0.11497,"m"
768,-0.0201,12.396,0.11498,"m"
769,-0.0202,12.4025,0.115,"m"
770,-0.0204,12.409,0.11502,"m"
771,-0.0206,12.4154,0.11504,"m"
772,-0.0207,12.4219,0.11506,"m"
773,-0.0209,12.4284,0.11508,"m"
774,-0.0211,12.4348,0.1151,"m"
775,-0.0212,12.4413,0.11512,"m"
776,-0.0214,12.4477,0.11514,"m"
777,-0.0216,12.4542,0.11516,"m"
778,-0.0217,12.4606,0.11518,"m"
779,-0.0219,12.4671,0.1152,"m"
780,-0.0221,12.4735,0.11522,"m"
781,-0.0222,12.48,0.11524,"m"
782,-0.0224,12.4864,0.11526,"m"
783,-0.0226,12.4929,0.11528,"m"
784,-0.0227,12.4993,0.1153,"m"
785,-0.0229,12.5057,0.11532,"m"
786,-0.0231,12.5121,0.11534,"m"
787,-0.0232,12.5186,0.11536,"m"
788,-0.0234,12.525,0.11538,"m"
789,-0.0236,12.5314,0.1154,"m"
790,-0.0237,12.5378,0.11542,"m"
791,-0.0239,12.5442,0.11544,"m"
792,-0.0241,12.5506,0.11545,"m"
793,-0.0242,12.557,0.11547,"m"
794,-0.0244,12.5634,0.11549,"m"
795,-0.0246,12.5698,0.11551,"m"
796,-0.0247,12.5762,0.11553,"m"
797,-0.0249,12.5826,0.11555,"m"
798,-0.025,12.589,0.11557,"m"
799,-0.0252,12.5954,0.11559,"m"
800,-0.0254,12.6018,0.11561,"m"
801,-0.0255,12.6082,0.11563,"m"
802,-0.0257,12.6145,0.11565,"m"
803,-0.0259,12.6209,0.11567,"m"
804,-0.026,12.6273,0.11569,"m"
805,-0.0262,12.6336,0.11571,"m"
806,-0.0264,12.64,0.11573,"m"
807,-0.0265,12.6464,0.11575,"m"
808,-0.0267,12.6527,0.11577,"m"
809,-0.0268,12.6591,0.11579,"m"
810,-0.027,12.6654,0.11581,"m"
811,-0.0272,12.6718,0.11583,"m"
812,-0.0273,12.6781,0.11585,"m"
813,-0.0275,12.6844,0.11587,"m"
814,-0.0277,12.6908,0.11589,"m"
815,-0.0278,12.6971,0.11591,"m"
816,-0.028,12.7034,0.11593,"m"
817,-0.0281,12.7098,0.11595,"m"
818,-0.0283,12.7161,0.11597,"m"
819,-0.0285,12.7224,0.11599,"m"
820,-0.0286,12.7287,0.11601,"m"
821,-0.0288,12.735,0.11602,"m"
822,-0.0289,12.7413,0.11604,"m"
823,-0.0291,12.7476,0.11606,"m"
824,-0.0293,12.7539,0.11608,"m"
825,-0.0294,12.7602,0.1161,"m"
826,-0.0296,12.7665,0.11612,"m"
827,-0.0297,12.7728,0.11614,"m"
828,-0.0299,12.7791,0.11616,"m"
829,-0.0301,12.7854,0.11618,"m"
830,-0.0302,12.7916,0.1162,"m"
831,-0.0304,12.7979,0.11622,"m"
832,-0.0305,12.8042,0.11624,"m"
833,-0.0307,12.8104,0.11626,"m"
834,-0.0309,12.8167,0.11628,"m"
835,-0.031,12.823,0.1163,"m"
836,-0.0312,12.8292,0.11632,"m"
837,-0.0313,12.8355,0.11634,"m"
838,-0.0315,12.8417,0.11636,"m"
839,-0.0317,12.848,0.11638,"m"
840,-0.0318,12.8542,0.1164,"m"
841,-0.032,12.8604,0.11642,"m"
842,-0.0321,12.8667,0.11644,"m"
843,-0.0323,12.8729,0.11646,"m"
844,-0.0324,12.8791,0.11647,"m"
845,-0.0326,12.8853,0.11649,"m"
846,-0.0328,12.8915,0.11651,"m"
847,-0.0329,12.8978,0.11653,"m"
848,-0.0331,12.904,0.11655,"m"
849,-0.0332,12.9102,0.11657,"m"
850,-0.0334,12.9164,0.11659,"m"
851,-0.0336,12.9226,0.11661,"m"
852,-0.0337,12.9288,0.11663,"m"
853,-0.0339,12.935,0.11665,"m"
854,-0.034,12.9411,0.11667,"m"
855,-0.0342,12.9473,0.11669,"m"
856,-0.0343,12.9535,0.11671,"m"
857,-0.0345,12.9597,0.11673,"m"
858,-0.0346,12.9658,0.11675,"m"
859,-0.0348,12.972,0.11677,"m"
860,-0.035,12.9782,0.11679,"m"
861,-0.0351,12.9843,0.11681,"m"
862,-0.0353,12.9905,0.11683,"m"
863,-0.0354,12.9966,0.11684,"m"
864,-0.0356,13.0028,0.11686,"m"
865,-0.0357,13.0089,0.11688,"m"
866,-0.0359,13.0151,0.1169,"m"
867,-0.0361,13.0212,0.11692,"m"
868,-0.0362,13.0273,0.11694,"m"
869,-0.0364,13.0334,0.11696,"m"
870,-0.0365,13.0396,0.11698,"m"
871,-0.0367,13.0457,0.117,"m"
872,-0.0368,13.0518,0.11702,"m"
873,-0.037,13.0579,0.11704,"m"
874,-0.0371,13.064,0.11706,"m"
875,-0.0373,13.0701,0.11708,"m"
876,-0.0374,13.0762,0.1171,"m"
877,-0.0376,13.0823,0.11712,"m"
878,-0.0378,13.0884,0.11713,"m"
879,-0.0379,13.0945,0.11715,"m"
880,-0.0381,13.1006,0.11717,"m"
881,-0.0382,13.1067,0.11719,"m"
882,-0.0384,13.1127,0.11721,"m"
883,-0.0385,13.1188,0.11723,"m"
884,-0.0387,13.1249,0.11725,"m"
885,-0.0388,13.131,0.11727,"m"
886,-0.039,13.137,0.11729,"m"
887,-0.0391,13.1431,0.11731,"m"
888,-0.0393,13.1491,0.11733,"m"
889,-0.0394,13.1552,0.11735,"m"
890,-0.0396,13.1612,0.11737,"m"
891,-0.0397,13.1673,0.11739,"m"
892,-0.0399,13.1733,0.1174,"m"
893,-0.0401,13.1793,0.11742,"m"
894,-0.0402,13.1854,0.11744,"m"
895,-0.0404,13.1914,0.11746,"m"
896,-0.0405,13.1974,0.11748,"m"
897,-0.0407,13.2034,0.1175,"m"
898,-0.0408,13.2095,0.11752,"m"
899,-0.041,13.2155,0.11754,"m"
900,-0.0411,13.2215,0.11756,"m"
901,-0.0413,13.2275,0.11758,"m"
902,-0.0414,13.2335,0.1176,"m"
903,-0.0416,13.2395,0.11762,"m"
904,-0.0417,13.2455,0.11763,"m"
905,-0.0419,13.2515,0.11765,"m"
906,-0.042,13.2575,0.11767,"m"
907,-0.0422,13.2634,0.11769,"m"
908,-0.0423,13.2694,0.11771,"m"
909,-0.0425,13.2754,0.11773,"m"
910,-0.0426,13.2814,0.11775,"m"
911,-0.0428,13.2873,0.11777,"m"
912,-0.0429,13.2933,0.11779,"m"
913,-0.0431,13.2993,0.11781,"m"
914,-0.0432,13.3052,0.11783,"m"
915,-0.0434,13.3112,0.11785,"m"
916,-0.0435,13.3171,0.11786,"m"
917,-0.0437,13.3231,0.11788,"m"
918,-0.0438,13.329,0.1179,"m"
919,-0.044,13.335,0.11792,"m"
920,-0.0441,13.3409,0.11794,"m"
921,-0.0443,13.3468,0.11796,"m"
922,-0.0444,13.3528,0.11798,"m"
923,-0.0446,13.3587,0.118,"m"
924,-0.0447,13.3646,0.11802,"m"
925,-0.0449,13.3705,0.11804,"m"
926,-0.045,13.3765,0.11805,"m"
927,-0.0452,13.3824,0.11807,"m"
928,-0.0453,13.3883,0.11809,"m"
929,-0.0455,13.3942,0.11811,"m"
930,-0.0456,13.4001,0.11813,"m"
931,-0.0458,13.406,0.11815,"m"
932,-0.0459,13.4119,0.11817,"m"
933,-0.0461,13.4178,0.11819,"m"
934,-0.0462,13.4237,0.11821,"m"
935,-0.0464,13.4296,0.11823,"m"
936,-0.0465,13.4354,0.11825,"m"
937,-0.0466,13.4413,0.11826,"m"
938,-0.0468,13.4472,0.11828,"m"
939,-0.0469,13.4531,0.1183,"m"
940,-0.0471,13.4589,0.11832,"m"
941,-0.0472,13.4648,0.11834,"m"
942,-0.0474,13.4707,0.11836,"m"
943,-0.0475,13.4765,0.11838,"m"
944,-0.0477,13.4824,0.1184,"m"
945,-0.0478,13.4883,0.11842,"m"
946,-0.048,13.4941,0.11843,"m"
947,-0.0481,13.5,0.11845,"m"
948,-0.0483,13.5058,0.11847,"m"
949,-0.0484,13.5116,0.11849,"m"
950,-0.0486,13.5175,0.11851,"m"
951,-0.0487,13.5233,0.11853,"m"
952,-0.0489,13.5291,0.11855,"m"
953,-0.049,13.535,0.11857,"m"
954,-0.0491,13.5408,0.11859,"m"
955,-0.0493,13.5466,0.1186,"m"
956,-0.0494,13.5524,0.11862,"m"
957,-0.0496,13.5583,0.11864,"m"
958,-0.0497,13.5641,0.11866,"m"
959,-0.0499,13.5699,0.11868,"m"
960,-0.05,13.5757,0.1187,"m"
961,-0.0502,13.5815,0.11872,"m"
962,-0.0503,13.5873,0.11874,"m"
963,-0.0505,13.5931,0.11876,"m"
964,-0.0506,13.5989,0.11877,"m"
965,-0.0507,13.6047,0.11879,"m"
966,-0.0509,13.6105,0.11881,"m"
967,-0.051,13.6163,0.11883,"m"
968,-0.0512,13.622,0.11885,"m"
969,-0.0513,13.6278,0.11887,"m"
970,-0.0515,13.6336,0.11889,"m"
971,-0.0516,13.6394,0.11891,"m"
972,-0.0518,13.6452,0.11892,"m"
973,-0.0519,13.6509,0.11894,"m"
974,-0.052,13.6567,0.11896,"m"
975,-0.0522,13.6625,0.11898,"m"
976,-0.0523,13.6682,0.119,"m"
977,-0.0525,13.674,0.11902,"m"
978,-0.0526,13.6797,0.11904,"m"
979,-0.0528,13.6855,0.11906,"m"
980,-0.0529,13.6912,0.11907,"m"
981,-0.053,13.697,0.11909,"m"
982,-0.0532,13.7027,0.11911,"m"
983,-0.0533,13.7085,0.11913,"m"
984,-0.0535,13.7142,0.11915,"m"
985,-0.0536,13.7199,0.11917,"m"
986,-0.0538,13.7257,0.11919,"m"
987,-0.0539,13.7314,0.1192,"m"
988,-0.054,13.7371,0.11922,"m"
989,-0.0542,13.7429,0.11924,"m"
990,-0.0543,13.7486,0.11926,"m"
991,-0.0545,13.7543,0.11928,"m"
992,-0.0546,13.76,0.1193,"m"
993,-0.0548,13.7657,0.11932,"m"
994,-0.0549,13.7715,0.11933,"m"
995,-0.055,13.7772,0.11935,"m"
996,-0.0552,13.7829,0.11937,"m"
997,-0.0553,13.7886,0.11939,"m"
998,-0.0555,13.7943,0.11941,"m"
999,-0.0556,13.8,0.11943,"m"
1000,-0.0558,13.8057,0.11945,"m"
1001,-0.0559,13.8114,0.11946,"m"
1002,-0.056,13.8171,0.11948,"m"
1003,-0.0562,13.8228,0.1195,"m"
1004,-0.0563,13.8285,0.11952,"m"
1005,-0.0565,13.8341,0.11954,"m"
1006,-0.0566,13.8398,0.11956,"m"
1007,-0.0567,13.8455,0.11957,"m"
1008,-0.0569,13.8512,0.11959,"m"
1009,-0.057,13.8569,0.11961,"m"
1010,-0.0572,13.8625,0.11963,"m"
1011,-0.0573,13.8682,0.11965,"m"
1012,-0.0574,13.8739,0.11967,"m"
1013,-0.0576,13.8796,0.11968,"m"
1014,-0.0577,13.8852,0.1197,"m"
1015,-0.0579,13.8909,0.11972,"m"
1016,-0.058,13.8966,0.11974,"m"
1017,-0.0581,13.9022,0.11976,"m"
1018,-0.0583,13.9079,0.11978,"m"
1019,-0.0584,13.9135,0.11979,"m"
1020,-0.0586,13.9192,0.11981,"m"
1021,-0.0587,13.9248,0.11983,"m"
1022,-0.0588,13.9305,0.11985,"m"
1023,-0.059,13.9361,0.11987,"m"
1024,-0.0591,13.9418,0.11988,"m"
1025,-0.0593,13.9474,0.1199,"m"
1026,-0.0594,13.9531,0.11992,"m"
1027,-0.0595,13.9587,0.11994,"m"
1028,-0.0597,13.9644,0.11996,"m"
1029,-0.0598,13.97,0.11998,"m"
1030,-0.06,13.9756,0.11999,"m"
1031,-0.0601,13.9813,0.12001,"m"
1032,-0.0602,13.9869,0.12003,"m"
1033,-0.0604,13.9925,0.12005,"m"
1034,-0.0605,13.9982,0.12007,"m"
1035,-0.0607,14.0038,0.12008,"m"
1036,-0.0608,14.0094,0.1201,"m"
1037,-0.0609,14.015,0.12012,"m"
1038,-0.0611,14.0207,0.12014,"m"
1039,-0.0612,14.0263,0.12016,"m"
1040,-0.0613,14.0319,0.12017,"m"
1041,-0.0615,14.0375,0.12019,"m"
1042,-0.0616,14.0431,0.12021,"m"
1043,-0.0618,14.0488,0.12023,"m"
1044,-0.0619,14.0544,0.12025,"m"
1045,-0.062,14.06,0.12026,"m"
1046,-0.0622,14.0656,0.12028,"m"
1047,-0.0623,14.0712,0.1203,"m"
1048,-0.0624,14.0768,0.12032,"m"
1049,-0.0626,14.0824,0.12033,"m"
1050,-0.0627,14.088,0.12035,"m"
1051,-0.0629,14.0936,0.12037,"m"
1052,-0.063,14.0992,0.12039,"m"
1053,-0.0631,14.1048,0.12041,"m"
1054,-0.0633,14.1104,0.12042,"m"
1055,-0.0634,14.116,0.12044,"m"
1056,-0.0635,14.1216,0.12046,"m"
1057,-0.0637,14.1272,0.12048,"m"
1058,-0.0638,14.1328,0.1205,"m"
1059,-0.0639,14.1384,0.12051,"m"
1060,-0.0641,14.144,0.12053,"m"
1061,-0.0642,14.1495,0.12055,"m"
1062,-0.0644,14.1551,0.12057,"m"
1063,-0.0645,14.1607,0.12058,"m"
1064,-0.0646,14.1663,0.1206,"m"
1065,-0.0648,14.1719,0.12062,"m"
1066,-0.0649,14.1775,0.12064,"m"
1067,-0.065,14.183,0.12065,"m"
1068,-0.0652,14.1886,0.12067,"m"
1069,-0.0653,14.1942,0.12069,"m"
1070,-0.0654,14.1998,0.12071,"m"
1071,-0.0656,14.2053,0.12073,"m"
1072,-0.0657,14.2109,0.12074,"m"
1073,-0.0658,14.2165,0.12076,"m"
1074,-0.066,14.2221,0.12078,"m"
1075,-0.0661,14.2276,0.1208,"m"
1076,-0.0663,14.2332,0.12081,"m"
1077,-0.0664,14.2388,0.12083,"m"
1078,-0.0665,14.2443,0.12085,"m"
1079,-0.0667,14.2499,0.12087,"m"
1080,-0.0668,14.2554,0.12088,"m"
1081,-0.0669,14.261,0.1209,"m"
1082,-0.0671,14.2666,0.12092,"m"
1083,-0.0672,14.2721,0.12094,"m"
1084,-0.0673,14.2777,0.12095,"m"
1085,-0.0675,14.2832,0.12097,"m"
1086,-0.0676,14.2888,0.12099,"m"
1087,-0.0677,14.2944,0.12101,"m"
1088,-0.0679,14.2999,0.12102,"m"
1089,-0.068,14.3055,0.12104,"m"
1090,-0.0681,14.311,0.12106,"m"
1091,-0.0683,14.3166,0.12108,"m"
1092,-0.0684,14.3221,0.12109,"m"
1093,-0.0685,14.3277,0.12111,"m"
1094,-0.0687,14.3332,0.12113,"m"
1095,-0.0688,14.3387,0.12115,"m"
1096,-0.0689,14.3443,0.12116,"m"
1097,-0.0691,14.3498,0.12118,"m"
1098,-0.0692,14.3554,0.1212,"m"
1099,-0.0693,14.3609,0.12121,"m"
1100,-0.0695,14.3665,0.12123,"m"
1101,-0.0696,14.372,0.12125,"m"
1102,-0.0697,14.3775,0.12127,"m"
1103,-0.0699,14.3831,0.12128,"m"
1104,-0.07,14.3886,0.1213,"m"
1105,-0.0701,14.3942,0.12132,"m"
1106,-0.0703,14.3997,0.12134,"m"
1107,-0.0704,14.4052,0.12135,"m"
1108,-0.0705,14.4108,0.12137,"m"
1109,-0.0707,14.4163,0.12139,"m"
1110,-0.0708,14.4218,0.12141,"m"
1111,-0.0709,14.4274,0.12142,"m"
1112,-0.0711,14.4329,0.12144,"m"
1113,-0.0712,14.4384,0.12146,"m"
1114,-0.0713,14.4439,0.12147,"m"
1115,-0.0715,14.4495,0.12149,"m"
1116,-0.0716,14.455,0.12151,"m"
1117,-0.0717,14.4605,0.12153,"m"
1118,-0.0718,14.4661,0.12154,"m"
1119,-0.072,14.4716,0.12156,"m"
1120,-0.0721,14.4771,0.12158,"m"
1121,-0.0722,14.4826,0.12159,"m"
1122,-0.0724,14.4881,0.12161,"m"
1123,-0.0725,14.4937,0.12163,"m"
1124,-0.0726,14.4992,0.12165,"m"
1125,-0.0728,14.5047,0.12166,"m"
1126,-0.0729,14.5102,0.12168,"m"
1127,-0.073,14.5158,0.1217,"m"
1128,-0.0732,14.5213,0.12171,"m"
1129,-0.0733,14.5268,0.12173,"m"
1130,-0.0734,14.5323,0.12175,"m"
1131,-0.0736,14.5378,0.12177,"m"
1132,-0.0737,14.5433,0.12178,"m"
1133,-0.0738,14.5489,0.1218,"m"
1134,-0.0739,14.5544,0.12182,"m"
1135,-0.0741,14.5599,0.12183,"m"
1136,-0.0742,14.5654,0.12185,"m"
1137,-0.0743,14.5709,0.12187,"m"
1138,-0.0745,14.5764,0.12189,"m"
1139,-0.0746,14.5819,0.1219,"m"
1140,-0.0747,14.5875,0.12192,"m"
1141,-0.0749,14.593,0.12194,"m"
1142,-0.075,14.5985,0.12195,"m"
1143,-0.0751,14.604,0.12197,"m"
1144,-0.0752,14.6095,0.12199,"m"
1145,-0.0754,14.615,0.122,"m"
1146,-0.0755,14.6205,0.12202,"m"
1147,-0.0756,14.626,0.12204,"m"
1148,-0.0758,14.6315,0.12206,"m"
1149,-0.0759,14.6371,0.12207,"m"
1150,-0.076,14.6426,0.12209,"m"
1151,-0.0762,14.6481,0.12211,"m"
1152,-0.0763,14.6536,0.12212,"m"
1153,-0.0764,14.6591,0.12214,"m"
1154,-0.0765,14.6646,0.12216,"m"
1155,-0.0767,14.6701,0.12217,"m"
1156,-0.0768,14.6756,0.12219,"m"
1157,-0.0769,14.6811,0.12221,"m"
1158,-0.0771,14.6866,0.12222,"m"
1159,-0.0772,14.6921,0.12224,"m"
1160,-0.0773,14.6976,0.12226,"m"
1161,-0.0774,14.7032,0.12228,"m"
1162,-0.0776,14.7087,0.12229,"m"
1163,-0.0777,14.7142,0.12231,"m"
1164,-0.0778,14.7197,0.12233,"m"
1165,-0.078,14.7252,0.12234,"m"
1166,-0.0781,14.7307,0.12236,"m"
1167,-0.0782,14.7362,0.12238,"m"
1168,-0.0783,14.7417,0.12239,"m"
1169,-0.0785,14.7472,0.12241,"m"
1170,-0.0786,14.7527,0.12243,"m"
1171,-0.0787,14.7582,0.12244,"m"
1172,-0.0788,14.7637,0.12246,"m"
1173,-0.079,14.7692,0.12248,"m"
1174,-0.0791,14.7747,0.12249,"m"
1175,-0.0792,14.7802,0.12251,"m"
1176,-0.0794,14.7857,0.12253,"m"
1177,-0.0795,14.7912,0.12254,"m"
1178,-0.0796,14.7967,0.12256,"m"
1179,-0.0797,14.8022,0.12258,"m"
1180,-0.0799,14.8077,0.12259,"m"
1181,-0.08,14.8132,0.12261,"m"
1182,-0.0801,14.8187,0.12263,"m"
1183,-0.0802,14.8242,0.12265,"m"
1184,-0.0804,14.8297,0.12266,"m"
1185,-0.0805,14.8352,0.12268,"m"
1186,-0.0806,14.8407,0.1227,"m"
1187,-0.0808,14.8462,0.12271,"m"
1188,-0.0809,14.8517,0.12273,"m"
1189,-0.081,14.8572,0.12275,"m"
1190,-0.0811,14.8627,0.12276,"m"
1191,-0.0813,14.8682,0.12278,"m"
1192,-0.0814,14.8737,0.1228,"m"
1193,-0.0815,14.8792,0.12281,"m"
1194,-0.0816,14.8847,0.12283,"m"
1195,-0.0818,14.8902,0.12285,"m"
1196,-0.0819,14.8957,0.12286,"m"
1197,-0.082,14.9012,0.12288,"m"
1198,-0.0821,14.9067,0.1229,"m"
1199,-0.0823,14.9122,0.12291,"m"
1200,-0.0824,14.9177,0.12293,"m"
1201,-0.0825,14.9232,0.12295,"m"
1202,-0.0826,14.9287,0.12296,"m"
1203,-0.0828,14.9342,0.12298,"m"
1204,-0.0829,14.9397,0.123,"m"
1205,-0.083,14.9452,0.12301,"m"
1206,-0.0831,14.9507,0.12303,"m"
1207,-0.0833,14.9562,0.12305,"m"
1208,-0.0834,14.9617,0.12306,"m"
1209,-0.0835,14.9672,0.12308,"m"
1210,-0.0836,14.9727,0.1231,"m"
1211,-0.0838,14.9782,0.12311,"m"
1212,-0.0839,14.9837,0.12313,"m"
1213,-0.084,14.9892,0.12315,"m"
1214,-0.0841,14.9947,0.12316,"m"
1215,-0.0843,15.0002,0.12318,"m"
1216,-0.0844,15.0057,0.1232,"m"
1217,-0.0845,15.0112,0.12321,"m"
1218,-0.0846,15.0167,0.12323,"m"
1219,-0.0848,15.0222,0.12325,"m"
1220,-0.0849,15.0277,0.12326,"m"
1221,-0.085,15.0332,0.12328,"m"
1222,-0.0851,15.0387,0.1233,"m"
1223,-0.0853,15.0442,0.12331,"m"
1224,-0.0854,15.0497,0.12333,"m"
1225,-0.0855,15.0552,0.12335,"m"
1226,-0.0856,15.0607,0.12336,"m"
1227,-0.0858,15.0662,0.12338,"m"
1228,-0.0859,15.0717,0.1234,"m"
1229,-0.086,15.0772,0.12342,"m"
1230,-0.0861,15.0827,0.12343,"m"
1231,-0.0863,15.0882,0.12345,"m"
1232,-0.0864,15.0937,0.12347,"m"
1233,-0.0865,15.0992,0.12348,"m"
1234,-0.0866,15.1047,0.1235,"m"
1235,-0.0868,15.1102,0.12352,"m"
1236,-0.0869,15.1157,0.12353,"m"
1237,-0.087,15.1212,0.12355,"m"
1238,-0.0871,15.1267,0.12357,"m"
1239,-0.0872,15.1322,0.12358,"m"
1240,-0.0874,15.1377,0.1236,"m"
1241,-0.0875,15.1432,0.12362,"m"
1242,-0.0876,15.1487,0.12363,"m"
1243,-0.0877,15.1542,0.12365,"m"
1244,-0.0879,15.1596,0.12367,"m"
1245,-0.088,15.1651,0.12368,"m"
1246,-0.0881,15.1706,0.1237,"m"
1247,-0.0882,15.1761,0.12372,"m"
1248,-0.0883,15.1816,0.12373,"m"
1249,-0.0885,15.1871,0.12375,"m"
1250,-0.0886,15.1926,0.12377,"m"
1251,-0.0887,15.1981,0.12379,"m"
1252,-0.0888,15.2036,0.1238,"m"
1253,-0.089,15.2091,0.12382,"m"
1254,-0.0891,15.2146,0.12384,"m"
1255,-0.0892,15.2201,0.12385,"m"
1256,-0.0893,15.2256,0.12387,"m"
1257,-0.0894,15.2311,0.12389,"m"
1258,-0.0896,15.2366,0.1239,"m"
1259,-0.0897,15.2421,0.12392,"m"
1260,-0.0898,15.2476,0.12394,"m"
1261,-0.0899,15.2531,0.12395,"m"
1262,-0.0901,15.2586,0.12397,"m"
1263,-0.0902,15.2641,0.12399,"m"
1264,-0.0903,15.2696,0.12401,"m"
1265,-0.0904,15.2751,0.12402,"m"
1266,-0.0905,15.2806,0.12404,"m"
1267,-0.0907,15.2861,0.12406,"m"
1268,-0.0908,15.2916,0.12407,"m"
1269,-0.0909,15.2971,0.12409,"m"
1270,-0.091,15.3026,0.12411,"m"
1271,-0.0912,15.3081,0.12412,"m"
1272,-0.0913,15.3135,0.12414,"m"
1273,-0.0914,15.319,0.12416,"m"
1274,-0.0915,15.3245,0.12418,"m"
1275,-0.0916,15.33,0.12419,"m"
1276,-0.0918,15.3355,0.12421,"m"
1277,-0.0919,15.341,0.12423,"m"
1278,-0.092,15.3465,0.12424,"m"
1279,-0.0921,15.352,0.12426,"m"
1280,-0.0922,15.3575,0.12428,"m"
1281,-0.0924,15.363,0.1243,"m"
1282,-0.0925,15.3685,0.12431,"m"
1283,-0.0926,15.374,0.12433,"m"
1284,-0.0927,15.3795,0.12435,"m"
1285,-0.0928,15.385,0.12436,"m"
1286,-0.093,15.3905,0.12438,"m"
1287,-0.0931,15.396,0.1244,"m"
1288,-0.0932,15.4015,0.12442,"m"
1289,-0.0933,15.407,0.12443,"m"
1290,-0.0934,15.4125,0.12445,"m"
1291,-0.0936,15.4179,0.12447,"m"
1292,-0.0937,15.4234,0.12448,"m"
1293,-0.0938,15.4289,0.1245,"m"
1294,-0.0939,15.4344,0.12452,"m"
1295,-0.094,15.4399,0.12454,"m"
1296,-0.0942,15.4454,0.12455,"m"
1297,-0.0943,15.4509,0.12457,"m"
1298,-0.0944,15.4564,0.12459,"m"
1299,-0.0945,15.4619,0.12461,"m"
1300,-0.0946,15.4674,0.12462,"m"
1301,-0.0948,15.4729,0.12464,"m"
1302,-0.0949,15.4784,0.12466,"m"
1303,-0.095,15.4839,0.12467,"m"
1304,-0.0951,15.4894,0.12469,"m"
1305,-0.0952,15.4948,0.12471,"m"
1306,-0.0954,15.5003,0.12473,"m"
1307,-0.0955,15.5058,0.12474,"m"
1308,-0.0956,15.5113,0.12476,"m"
1309,-0.0957,15.5168,0.12478,"m"
1310,-0.0958,15.5223,0.1248,"m"
1311,-0.0959,15.5278,0.12481,"m"
1312,-0.0961,15.5333,0.12483,"m"
1313,-0.0962,15.5388,0.12485,"m"
1314,-0.0963,15.5443,0.12487,"m"
1315,-0.0964,15.5498,0.12488,"m"
1316,-0.0965,15.5552,0.1249,"m"
1317,-0.0967,15.5607,0.12492,"m"
1318,-0.0968,15.5662,0.12494,"m"
1319,-0.0969,15.5717,0.12495,"m"
1320,-0.097,15.5772,0.12497,"m"
1321,-0.0971,15.5827,0.12499,"m"
1322,-0.0972,15.5882,0.12501,"m"
1323,-0.0974,15.5937,0.12502,"m"
1324,-0.0975,15.5992,0.12504,"m"
1325,-0.0976,15.6047,0.12506,"m"
1326,-0.0977,15.6101,0.12508,"m"
1327,-0.0978,15.6156,0.1251,"m"
1328,-0.098,15.6211,0.12511,"m"
1329,-0.0981,15.6266,0.12513,"m"
1330,-0.0982,15.6321,0.12515,"m"
1331,-0.0983,15.6376,0.12517,"m"
1332,-0.0984,15.6431,0.12518,"m"
1333,-0.0985,15.6486,0.1252,"m"
1334,-0.0987,15.654,0.12522,"m"
1335,-0.0988,15.6595,0.12524,"m"
1336,-0.0989,15.665,0.12526,"m"
1337,-0.099,15.6705,0.12527,"m"
1338,-0.0991,15.676,0.12529,"m"
1339,-0.0992,15.6815,0.12531,"m"
1340,-0.0994,15.687,0.12533,"m"
1341,-0.0995,15.6924,0.12534,"m"
1342,-0.0996,15.6979,0.12536,"m"
1343,-0.0997,15.7034,0.12538,"m"
1344,-0.0998,15.7089,0.1254,"m"
1345,-0.0999,15.7144,0.12542,"m"
1346,-0.1001,15.7199,0.12543,"m"
1347,-0.1002,15.7253,0.12545,"m"
1348,-0.1003,15.7308,0.12547,"m"
1349,-0.1004,15.7363,0.12549,"m"
1350,-0.1005,15.7418,0.12551,"m"
1351,-0.1006,15.7473,0.12552,"m"
1352,-0.1008,15.7528,0.12554,"m"
1353,-0.1009,15.7582,0.12556,"m"
1354,-0.101,15.7637,0.12558,"m"
1355,-0.1011,15.7692,0.1256,"m"
1356,-0.1012,15.7747,0.12561,"m"
1357,-0.1013,15.7802,0.12563,"m"
1358,-0.1015,15.7856,0.12565,"m"
1359,-0.1016,15.7911,0.12567,"m"
1360,-0.1017,15.7966,0.12569,"m"
1361,-0.1018,15.8021,0.1257,"m"
1362,-0.1019,15.8076,0.12572,"m"
1363,-0.102,15.813,0.12574,"m"
1364,-0.1022,15.8185,0.12576,"m"
1365,-0.1023,15.824,0.12578,"m"
1366,-0.1024,15.8295,0.1258,"m"
1367,-0.1025,15.835,0.12581,"m"
1368,-0.1026,15.8404,0.12583,"m"
1369,-0.1027,15.8459,0.12585,"m"
1370,-0.1028,15.8514,0.12587,"m"
1371,-0.103,15.8569,0.12589,"m"
1372,-0.1031,15.8623,0.12591,"m"
1373,-0.1032,15.8678,0.12592,"m"
1374,-0.1033,15.8733,0.12594,"m"
1375,-0.1034,15.8788,0.12596,"m"
1376,-0.1035,15.8842,0.12598,"m"
1377,-0.1037,15.8897,0.126,"m"
1378,-0.1038,15.8952,0.12602,"m"
1379,-0.1039,15.9007,0.12603,"m"
1380,-0.104,15.9061,0.12605,"m"
1381,-0.1041,15.9116,0.12607,"m"
1382,-0.1042,15.9171,0.12609,"m"
1383,-0.1043,15.9226,0.12611,"m"
1384,-0.1045,15.928,0.12613,"m"
1385,-0.1046,15.9335,0.12615,"m"
1386,-0.1047,15.939,0.12616,"m"
1387,-0.1048,15.9445,0.12618,"m"
1388,-0.1049,15.9499,0.1262,"m"
1389,-0.105,15.9554,0.12622,"m"
1390,-0.1051,15.9609,0.12624,"m"
1391,-0.1053,15.9664,0.12626,"m"
1392,-0.1054,15.9718,0.12627,"m"
1393,-0.1055,15.9773,0.12629,"m"
1394,-0.1056,15.9828,0.12631,"m"
1395,-0.1057,15.9882,0.12633,"m"
1396,-0.1058,15.9937,0.12635,"m"
1397,-0.1059,15.9992,0.12637,"m"
1398,-0.1061,16.0047,0.12639,"m"
1399,-0.1062,16.0101,0.12641,"m"
1400,-0.1063,16.0156,0.12642,"m"
1401,-0.1064,16.0211,0.12644,"m"
1402,-0.1065,16.0265,0.12646,"m"
1403,-0.1066,16.032,0.12648,"m"
1404,-0.1067,16.0375,0.1265,"m"
1405,-0.1068,16.043,0.12652,"m"
1406,-0.107,16.0484,0.12654,"m"
1407,-0.1071,16.0539,0.12656,"m"
1408,-0.1072,16.0594,0.12657,"m"
1409,-0.1073,16.0648,0.12659,"m"
1410,-0.1074,16.0703,0.12661,"m"
1411,-0.1075,16.0758,0.12663,"m"
1412,-0.1076,16.0812,0.12665,"m"
1413,-0.1078,16.0867,0.12667,"m"
1414,-0.1079,16.0922,0.12669,"m"
1415,-0.108,16.0976,0.12671,"m"
1416,-0.1081,16.1031,0.12673,"m"
1417,-0.1082,16.1086,0.12674,"m"
1418,-0.1083,16.114,0.12676,"m"
1419,-0.1084,16.1195,0.12678,"m"
1420,-0.1085,16.125,0.1268,"m"
1421,-0.1087,16.1304,0.12682,"m"
1422,-0.1088,16.1359,0.12684,"m"
1423,-0.1089,16.1414,0.12686,"m"
1424,-0.109,16.1468,0.12688,"m"
1425,-0.1091,16.1523,0.1269,"m"
1426,-0.1092,16.1578,0.12692,"m"
1427,-0.1093,16.1632,0.12693,"m"
1428,-0.1094,16.1687,0.12695,"m"
1429,-0.1096,16.1742,0.12697,"m"
1430,-0.1097,16.1796,0.12699,"m"
1431,-0.1098,16.1851,0.12701,"m"
1432,-0.1099,16.1906,0.12703,"m"
1433,-0.11,16.196,0.12705,"m"
1434,-0.1101,16.2015,0.12707,"m"
1435,-0.1102,16.2069,0.12709,"m"
1436,-0.1103,16.2124,0.12711,"m"
1437,-0.1105,16.2179,0.12713,"m"
1438,-0.1106,16.2233,0.12715,"m"
1439,-0.1107,16.2288,0.12717,"m"
1440,-0.1108,16.2343,0.12718,"m"
1441,-0.1109,16.2397,0.1272,"m"
1442,-0.111,16.2452,0.12722,"m"
1443,-0.1111,16.2506,0.12724,"m"
1444,-0.1112,16.2561,0.12726,"m"
1445,-0.1113,16.2616,0.12728,"m"
1446,-0.1115,16.267,0.1273,"m"
1447,-0.1116,16.2725,0.12732,"m"
1448,-0.1117,16.2779,0.12734,"m"
1449,-0.1118,16.2834,0.12736,"m"
1450,-0.1119,16.2889,0.12738,"m"
1451,-0.112,16.2943,0.1274,"m"
1452,-0.1121,16.2998,0.12742,"m"
1453,-0.1122,16.3053,0.12744,"m"
1454,-0.1123,16.3107,0.12746,"m"
1455,-0.1125,16.3162,0.12747,"m"
1456,-0.1126,16.3216,0.12749,"m"
1457,-0.1127,16.3271,0.12751,"m"
1458,-0.1128,16.3325,0.12753,"m"
1459,-0.1129,16.338,0.12755,"m"
1460,-0.113,16.3435,0.12757,"m"
1461,-0.426,16.551001,0.11649,"m"
1462,-0.426362847150211,16.5561830463439,0.116500885404611,"m"
1463,-0.426725694300422,16.5613650926879,0.116511770809221,"m"
1464,-0.427088541450634,16.5665471390318,0.116522656213832,"m"
1465,-0.427451388600845,16.5717291853758,0.116533541618442,"m"
1466,-0.427814235751056,16.5769112317197,0.116544427023053,"m"
1467,-0.428177082901267,16.5820932780637,0.116555312427663,"m"
1468,-0.428539930051479,16.5872753244076,0.116566197832274,"m"
1469,-0.42890277720169,16.5924573707516,0.116577083236884,"m"
1470,-0.429265624351901,16.5976394170955,0.116587968641495,"m"
1471,-0.429628471502112,16.6028214634395,0.116598854046105,"m"
1472,-0.429991318652323,16.6080035097834,0.116609739450716,"m"
1473,-0.430354165802535,16.6131855561274,0.116620624855326,"m"
1474,-0.430717012952746,16.6183676024713,0.116631510259937,"m"
1475,-0.431079860102957,16.6235496488153,0.116642395664547,"m"
1476,-0.431442707253168,16.6287316951592,0.116653281069158,"m"
1477,-0.431805554403379,16.6339137415032,0.116664166473768,"m"
1478,-0.432168401553591,16.6390957878471,0.116675051878379,"m"
1479,-0.432531248703802,16.644277834191,0.116685937282989,"m"
1480,-0.432894095854013,16.649459880535,0.1166968226876,"m"
1481,-0.433256943004224,16.6546419268789,0.11670770809221,"m"
1482,-0.433619790154436,16.6598239732229,0.116718593496821,"m"
1483,-0.433982637304647,16.6650060195668,0.116729478901431,"m"
1484,-0.434345484454858,16.6701880659108,0.116740364306042,"m"
1485,-0.434708331605069,16.6753701122547,0.116751249710652,"m"
1486,-0.43507117875528,16.6805521585987,0.116762135115263,"m"
1487,-0.435434025905492,16.6857342049426,0.116773020519873,"m"
1488,-0.435796873055703,16.6909162512866,0.116783905924484,"m"
1489,-0.436159720205914,16.6960982976305,0.116794791329094,"m"
1490,-0.436522567356125,16.7012803439745,0.116805676733705,"m"
1491,-0.436885414506337,16.7064623903184,0.116816562138315,"m"
1492,-0.4372467626696,16.7116594750182,0.116827789312925,"m"
1493,-0.437607409870205,16.716863658691,0.116839174348821,"m"
1494,-0.43796803423213,16.7220682403988,0.116850559629887,"m"
1495,-0.438328622194638,16.7272734564797,0.116861945301694,"m"
1496,-0.438689160196992,16.7324795432718,0.116873331509813,"m"
1497,-0.439049634678455,16.7376867371129,0.116884718399817,"m"
1498,-0.439410032078292,16.7428952743413,0.116896106117278,"m"
1499,-0.439770338835764,16.7481053912949,0.116907494807767,"m"
1500,-0.440130541390135,16.7533173243117,0.116918884616857,"m"
1501,-0.440490626180669,16.7585313097298,0.11693027569012,"m"
1502,-0.440850579646629,16.7637475838872,0.116941668173127,"m"
1503,-0.441210388227277,16.768966383122,0.11695306221145,"m"
1504,-0.441570038361878,16.7741879437721,0.116964457950662,"m"
1505,-0.441929516489694,16.7794125021756,0.116975855536333,"m"
1506,-0.442288809049989,16.7846402946705,0.116987255114037,"m"
1507,-0.442647902482026,16.7898715575949,0.116998656829346,"m"
1508,-0.443006783225068,16.7951065272868,0.11701006082783,"m"
1509,-0.443365437718378,16.8003454400842,0.117021467255062,"m"
1510,-0.44372385240122,16.8055885323251,0.117032876256614,"m"
1511,-0.444082013712857,16.8108360403476,0.117044287978059,"m"
1512,-0.444439908092553,16.8160882004898,0.117055702564967,"m"
1513,-0.444797521979569,16.8213452490895,0.117067120162911,"m"
1514,-0.445154841813171,16.826607422485,0.117078540917462,"m"
1515,-0.44551185403262,16.8318749570141,0.117089964974193,"m"
1516,-0.44586854507718,16.837148089015,0.117101392478676,"m"
1517,-0.446224901386115,16.8424270548256,0.117112823576483,"m"
1518,-0.446580909398687,16.847712090784,0.117124258413185,"m"
1519,-0.446936555554161,16.8530034332282,0.117135697134354,"m"
1520,-0.447291826291798,16.8583013184963,0.117147139885563,"m"
1521,-0.447646708050863,16.8636059829263,0.117158586812383,"m"
1522,-0.448001187270619,16.8689176628562,0.117170038060386,"m"
1523,-0.44835526902331,16.874236541537,0.117181493776998,"m"
1524,-0.44870903217378,16.8795625919781,0.117192954116984,"m"
1525,-0.449062573852024,16.88489573515,0.117204419236927,"m"
1526,-0.449415991188035,16.8902358920229,0.117215889293408,"m"
1527,-0.449769381311808,16.8955829835673,0.117227364443011,"m"
1528,-0.450122841353338,16.9009369307535,0.117238844842317,"m"
1529,-0.450476468442618,16.9062976545519,0.117250330647909,"m"
1530,-0.450830359709643,16.9116650759329,0.117261822016369,"m"
1531,-0.451184612284407,16.9170391158668,0.11727331910428,"m"
1532,-0.451539323296905,16.9224196953241,0.117284822068223,"m"
1533,-0.451894589877131,16.927806735275,0.117296331064782,"m"
1534,-0.452250509155079,16.9332001566901,0.117307846250539,"m"
1535,-0.452607178260744,16.9385998805395,0.117319367782075,"m"
1536,-0.45296469432412,16.9440058277938,0.117330895815974,"m"
1537,-0.453323154475201,16.9494179194233,0.117342430508817,"m"
1538,-0.453682655843981,16.9548360763984,0.117353972017187,"m"
1539,-0.454043295560455,16.9602602196894,0.117365520497667,"m"
1540,-0.454405170754618,16.9656902702667,0.117377076106838,"m"
1541,-0.454768378556463,16.9711261491007,0.117388639001283,"m"
1542,-0.455133016095984,16.9765677771617,0.117400209337585,"m"
1543,-0.455499180503177,16.9820150754202,0.117411787272325,"m"
1544,-0.455866968908035,16.9874679648465,0.117423372962086,"m"
1545,-0.456236478440554,16.992926366411,0.117434966563451,"m"
1546,-0.456607806230726,16.998390201084,0.117446568233001,"m"
1547,-0.456981049408546,17.003859389836,0.11745817812732,"m"
1548,-0.45735630510401,17.0093338536373,0.117469796402988,"m"
1549,-0.45773367044711,17.0148135134582,0.11748142321659,"m"
1550,-0.458113242567842,17.0202982902692,0.117493058724707,"m"
1551,-0.458495118596199,17.0257881050407,0.117504703083921,"m"
1552,-0.458879395662177,17.0312828787429,0.117516356450815,"m"
1553,-0.459266155456126,17.036782526921,0.117528018999846,"m"
1554,-0.45965531310354,17.0422869065914,0.117539691098309,"m"
1555,-0.460046682102031,17.0477958390596,0.117551373231156,"m"
1556,-0.460440074499208,17.0533091451218,0.117563065885018,"m"
1557,-0.460835302342679,17.058826645574,0.117574769546527,"m"
1558,-0.461232177680053,17.0643481612125,0.117586484702314,"m"
1559,-0.461630512558938,17.0698735128332,0.11759821183901,"m"
1560,-0.462030119026944,17.0754025212324,0.117609951443246,"m"
1561,-0.462430809131679,17.0809350072061,0.117621704001654,"m"
1562,-0.462832394920751,17.0864707915505,0.117633470000863,"m"
1563,-0.463234688441769,17.0920096950616,0.117645249927507,"m"
1564,-0.463637501742342,17.0975515385356,0.117657044268216,"m"
1565,-0.464040646870078,17.1030961427685,0.11766885350962,"m"
1566,-0.464443935872587,17.1086433285566,0.117680678138352,"m"
1567,-0.464847180797475,17.1141929166959,0.117692518641043,"m"
1568,-0.465250193692353,17.1197447279825,0.117704375504323,"m"
1569,-0.465652786604829,17.1252985832125,0.117716249214824,"m"
1570,-0.466054771582511,17.1308543031821,0.117728140259177,"m"
1571,-0.466455960673008,17.1364117086874,0.117740049124013,"m"
1572,-0.466856165923929,17.1419706205244,0.117751976295963,"m"
1573,-0.467255199382882,17.1475308594893,0.11776392226166,"m"
1574,-0.467652873097476,17.1530922463782,0.117775887507733,"m"
1575,-0.46804899911532,17.1586546019873,0.117787872520813,"m"
1576,-0.468443389484022,17.1642177471125,0.117799877787533,"m"
1577,-0.46883585625119,17.1697815025501,0.117811903794524,"m"
1578,-0.469226211464434,17.1753456890961,0.117823951028416,"m"
1579,-0.469614267171362,17.1809101275468,0.11783601997584,"m"
1580,-0.469999835419582,17.186474638698,0.117848111123429,"m"
1581,-0.470382728256704,17.1920390433461,0.117860224957812,"m"
1582,-0.470762757730335,17.1976031622871,0.117872361965622,"m"
1583,-0.471139739163901,17.203166820299,0.117884522621372,"m"
1584,-0.47151363943373,17.2087300263791,0.117896706839014,"m"
1585,-0.471884637563007,17.2142930473987,0.117908913747806,"m"
1586,-0.472252928400929,17.2198561694662,0.117921142418472,"m"
1587,-0.472618706796689,17.2254196786902,0.117933391921734,"m"
1588,-0.472982167599484,17.230983861179,0.117945661328315,"m"
1589,-0.473343505658508,17.2365490030412,0.117957949708938,"m"
1590,-0.473702915822958,17.2421153903852,0.117970256134326,"m"
1591,-0.474060592942027,17.2476833093196,0.117982579675201,"m"
1592,-0.474416731864913,17.2532530459527,0.117994919402287,"m"
1593,-0.474771527440808,17.258824886393,0.118007274386305,"m"
1594,-0.47512517451891,17.264399116749,0.118019643697979,"m"
1595,-0.475477867948413,17.2699760231292,0.118032026408032,"m"
1596,-0.475829802578513,17.2755558916421,0.118044421587185,"m"
1597,-0.476181173258404,17.281139008396,0.118056828306163,"m"
1598,-0.476532174837283,17.2867256594996,0.118069245635687,"m"
1599,-0.476883002164344,17.2923161310612,0.118081672646481,"m"
1600,-0.477233850088782,17.2979107091893,0.118094108409267,"m"
1601,-0.477584913459793,17.3035096799924,0.118106551994768,"m"
1602,-0.477936387126573,17.309113329579,0.118119002473707,"m"
1603,-0.478288465938316,17.3147219440575,0.118131458916807,"m"
1604,-0.478641344744218,17.3203358095365,0.118143920394789,"m"
1605,-0.478995218393473,17.3259552121243,0.118156385978378,"m"
1606,-0.479350281735278,17.3315804379294,0.118168854738295,"m"
1607,-0.479706729618828,17.3372117730604,0.118181325745264,"m"
1608,-0.480064756893317,17.3428495036256,0.118193798070008,"m"
1609,-0.480424558407942,17.3484939157336,0.118206270783248,"m"
1610,-0.480786329011896,17.3541452954929,0.118218742955708,"m"
1611,-0.481150263554377,17.3598039290118,0.118231213658111,"m"
1612,-0.481516556884578,17.3654701023989,0.118243681961179,"m"
1613,-0.481885403851695,17.3711441017626,0.118256146935635,"m"
1614,-0.482256982216917,17.3768261870979,0.11826860775419,"m"
1615,-0.48263128754864,17.3825163399758,0.118281064676952,"m"
1616,-0.483008205240922,17.388214373601,0.118293518621591,"m"
1617,-0.483387619155983,17.3939200988373,0.118305970514921,"m"
1618,-0.483769413156045,17.3996333265484,0.118318421283757,"m"
1619,-0.48415347110333,17.4053538675982,0.118330871854911,"m"
1620,-0.48453967686006,17.4110815328503,0.118343323155197,"m"
1621,-0.484927914288455,17.4168161331686,0.11835577611143,"m"
1622,-0.485318067250737,17.4225574794167,0.118368231650422,"m"
1623,-0.485710019609127,17.4283053824584,0.118380690698987,"m"
1624,-0.486103655225848,17.4340596531576,0.118393154183939,"m"
1625,-0.486498857963119,17.4398201023779,0.118405623032092,"m"
1626,-0.486895511683164,17.4455865409831,0.118418098170259,"m"
1627,-0.487293500248203,17.4513587798369,0.118430580525254,"m"
1628,-0.487692707520458,17.4571366298032,0.11844307102389,"m"
1629,-0.48809301736215,17.4629199017457,0.118455570592982,"m"
1630,-0.4884943136355,17.4687084065281,0.118468080159342,"m"
1631,-0.488896480202731,17.4745019550142,0.118480600649786,"m"
1632,-0.489299400926063,17.4803003580678,0.118493132991125,"m"
1633,-0.489702959667718,17.4861034265525,0.118505678110174,"m"
1634,-0.490107040289918,17.4919109713323,0.118518236933747,"m"
1635,-0.490511526654883,17.4977228032707,0.118530810388657,"m"
1636,-0.490916302624836,17.5035387332317,0.118543399401718,"m"
1637,-0.491321252061997,17.5093585720789,0.118556004899743,"m"
1638,-0.491726258828589,17.515182130676,0.118568627809547,"m"
1639,-0.492131206786832,17.521009219887,0.118581269057942,"m"
1640,-0.492535979798948,17.5268396505755,0.118593929571743,"m"
1641,-0.492940461727159,17.5326732336052,0.118606610277763,"m"
1642,-0.493344536433686,17.53850977984,0.118619312102816,"m"
1643,-0.493748087780751,17.5443491001435,0.118632035973715,"m"
1644,-0.494151000869224,17.5501910052527,0.118644782795233,"m"
1645,-0.494553216906239,17.556035300157,0.118657552473749,"m"
1646,-0.49495475495038,17.5618817818707,0.118670343530298,"m"
1647,-0.495355639794722,17.5677302468209,0.118683154383875,"m"
1648,-0.495755896232341,17.5735804914344,0.118695983453472,"m"
1649,-0.496155549056313,17.5794323121382,0.118708829158083,"m"
1650,-0.496554623059712,17.5852855053592,0.1187216899167,"m"
1651,-0.496953143035614,17.5911398675245,0.118734564148317,"m"
1652,-0.497351133777095,17.596995195061,0.118747450271926,"m"
1653,-0.49774862007723,17.6028512843955,0.118760346706521,"m"
1654,-0.498145626729094,17.6087079319552,0.118773251871095,"m"
1655,-0.498542178525763,17.6145649341669,0.11878616418464,"m"
1656,-0.498938300260312,17.6204220874575,0.118799082066151,"m"
1657,-0.499334016725817,17.6262791882541,0.118812003934619,"m"
1658,-0.499729352715353,17.6321360329836,0.118824928209038,"m"
1659,-0.500124333021995,17.6379924180729,0.118837853308402,"m"
1660,-0.500518982438819,17.643848139949,0.118850777651703,"m"
1661,-0.500913325758901,17.6497029950388,0.118863699657934,"m"
1662,-0.501307387775315,17.6555567797693,0.118876617746089,"m"
1663,-0.501701193281137,17.6614092905675,0.11888953033516,"m"
1664,-0.502094767069444,17.6672603238602,0.11890243584414,"m"
1665,-0.502488133933309,17.6731096760745,0.118915332692023,"m"
1666,-0.502881318665808,17.6789571436374,0.118928219297802,"m"
1667,-0.503274346060018,17.6848025229756,0.118941094080469,"m"
1668,-0.503667240909012,17.6906456105163,0.118953955459019,"m"
1669,-0.504060028005868,17.6964862026863,0.118966801852443,"m"
1670,-0.50445273214366,17.7023240959127,0.118979631679735,"m"
1671,-0.504845378115463,17.7081590866223,0.118992443359889,"m"
1672,-0.505237990714353,17.7139909712421,0.119005235311896,"m"
1673,-0.505630594733406,17.7198195461991,0.119018005954751,"m"
1674,-0.506023214964374,17.7256446079422,0.119030753707577,"m"
1675,-0.506415868622699,17.7314660785643,0.119043477741679,"m"
1676,-0.506808547531886,17.737284301254,0.119056179749283,"m"
1677,-0.507201238201957,17.7430997073175,0.119068861950142,"m"
1678,-0.507593927142933,17.7489127280609,0.119081526564007,"m"
1679,-0.507986600864837,17.7547237947906,0.11909417581063,"m"
1680,-0.508379245877692,17.7605333388127,0.119106811909764,"m"
1681,-0.508771848691519,17.7663417914335,0.119119437081159,"m"
1682,-0.509164395816341,17.7721495839593,0.119132053544568,"m"
1683,-0.50955687376218,17.7779571476962,0.119144663519743,"m"
1684,-0.509949269039059,17.7837649139505,0.119157269226435,"m"
1685,-0.510341568156999,17.7895733140284,0.119169872884397,"m"
1686,-0.510733757626023,17.7953827792361,0.11918247671338,"m"
1687,-0.511125823956154,17.80119374088,0.119195082933136,"m"
1688,-0.511517753657413,17.8070066302662,0.119207693763417,"m"
1689,-0.511909533239823,17.8128218787009,0.119220311423975,"m"
1690,-0.512301149213406,17.8186399174905,0.119232938134562,"m"
1691,-0.512692588088184,17.824461177941,0.119245576114929,"m"
1692,-0.51308383637418,17.8302860913588,0.119258227584829,"m"
1693,-0.513474880581416,17.8361150890501,0.119270894764014,"m"
1694,-0.513865707219914,17.8419486023211,0.119283579872235,"m"
1695,-0.514256302799697,17.8477870624781,0.119296285129244,"m"
1696,-0.514646653830786,17.8536309008272,0.119309012754793,"m"
1697,-0.515036746823204,17.8594805486748,0.119321764968634,"m"
1698,-0.515426568286974,17.865336437327,0.119334543990518,"m"
1699,-0.515816104732117,17.8711989980902,0.119347352040198,"m"
1700,-0.516205342668656,17.8770686622704,0.119360191337426,"m"
1701,-0.516594268606613,17.882945861174,0.119373064101953,"m"
1702,-0.516982869056011,17.8888310261072,0.119385972553532,"m"
1703,-0.517371130526871,17.8947245883761,0.119398918911914,"m"
1704,-0.517759039529216,17.9006269792872,0.11941190539685,"m"
1705,-0.518146583520122,17.9065386225023,0.119424934197895,"m"
1706,-0.518533791965673,17.9124596026029,0.119438006165035,"m"
1707,-0.518920752112753,17.9183895377863,0.119451120305772,"m"
1708,-0.519307555410483,17.9243280123309,0.119464275493607,"m"
1709,-0.519694293307984,17.9302746105151,0.119477470602043,"m"
1710,-0.520081057254376,17.9362289166173,0.119490704504579,"m"
1711,-0.520467938698779,17.9421905149159,0.119503976074718,"m"
1712,-0.520855029090314,17.9481589896894,0.119517284185961,"m"
1713,-0.521242419878102,17.9541339252161,0.11953062771181,"m"
1714,-0.521630202511262,17.9601149057744,0.119544005525767,"m"
1715,-0.522018468438916,17.9661015156429,0.119557416501332,"m"
1716,-0.522407309110184,17.9720933390998,0.119570859512008,"m"
1717,-0.522796815974185,17.9780899604235,0.119584333431295,"m"
1718,-0.523187080480042,17.9840909638926,0.119597837132696,"m"
1719,-0.523578194076873,17.9900959337854,0.119611369489712,"m"
1720,-0.523970248213801,17.9961044543803,0.119624929375845,"m"
1721,-0.524363334339944,18.0021161099557,0.119638515664596,"m"
1722,-0.524757543904423,18.0081304847901,0.119652127229466,"m"
1723,-0.52515296835636,18.0141471631618,0.119665762943957,"m"
1724,-0.525549699144874,18.0201657293493,0.119679421681571,"m"
1725,-0.525947827719086,18.0261857676309,0.119693102315809,"m"
1726,-0.526347445528116,18.0322068622851,0.119706803720172,"m"
1727,-0.526748644021085,18.0382285975903,0.119720524768163,"m"
1728,-0.527151514647113,18.0442505578249,0.119734264333282,"m"
1729,-0.527556148855321,18.0502723272674,0.119748021289032,"m"
1730,-0.527962638094829,18.056293490196,0.119761794508914,"m"
1731,-0.528371073814758,18.0623136308893,0.119775582866428,"m"
1732,-0.528781547464228,18.0683323336256,0.119789385235078,"m"
1733,-0.529194150492359,18.0743491826834,0.119803200488364,"m"
1734,-0.529608974348272,18.0803637623411,0.119817027499788,"m"
1735,-0.530026110470539,18.0863756568983,0.119830865142861,"m"
1736,-0.530445598513975,18.0923845550511,0.119844712342699,"m"
1737,-0.530867306283899,18.0983904919452,0.119858568195657,"m"
1738,-0.531291065983638,18.1043935745004,0.119872431833572,"m"
1739,-0.531716709816519,18.1103939096361,0.119886302388278,"m"
1740,-0.532144069985869,18.116391604272,0.11990017899161,"m"
1741,-0.532572978695016,18.1223867653278,0.119914060775402,"m"
1742,-0.533003268147286,18.128379499723,0.119927946871489,"m"
1743,-0.533434770546008,18.1343699143771,0.119941836411707,"m"
1744,-0.533867318094507,18.14035811621,0.119955728527889,"m"
1745,-0.534300742996111,18.146344212141,0.119969622351871,"m"
1746,-0.534734877454147,18.1523283090899,0.119983517015487,"m"
1747,-0.535169553671943,18.1583105139763,0.119997411650573,"m"
1748,-0.535604603852825,18.1642909337198,0.120011305388962,"m"
1749,-0.536039860200121,18.1702696752399,0.12002519736249,"m"
1750,-0.536475154917158,18.1762468454563,0.120039086702991,"m"
1751,-0.536910320207262,18.1822225512886,0.1200529725423,"m"
1752,-0.537345188273762,18.1881968996564,0.120066854012252,"m"
1753,-0.537779591319983,18.1941699974794,0.120080730244682,"m"
1754,-0.538213361549254,18.200141951677,0.120094600371424,"m"
1755,-0.538646331164902,18.206112869169,0.120108463524313,"m"
1756,-0.539078332370253,18.212082856875,0.120122318835184,"m"
1757,-0.539509197368634,18.2180520217145,0.120136165435871,"m"
1758,-0.539938758363374,18.2240204706071,0.120150002458211,"m"
1759,-0.540366847557798,18.2299883104726,0.120163829034036,"m"
1760,-0.540793297155235,18.2359556482304,0.120177644295182,"m"
1761,-0.541217939359011,18.2419225908002,0.120191447373484,"m"
1762,-0.541640606372453,18.2478892451016,0.120205237400776,"m"
1763,-0.542061130398889,18.2538557180542,0.120219013508894,"m"
1764,-0.542479343641646,18.2598221165776,0.120232774829671,"m"
1765,-0.54289507830405,18.2657885475914,0.120246520494943,"m"
1766,-0.543308186461398,18.2717551144119,0.120260249790907,"m"
1767,-0.543718695079621,18.2777218886421,0.120273963362278,"m"
1768,-0.544126721999813,18.2836889254066,0.120287662559676,"m"
1769,-0.544532385839077,18.2896562796893,0.120301348739748,"m"
1770,-0.544935805214514,18.2956240064741,0.120315023259139,"m"
1771,-0.545337098743228,18.3015921607449,0.120328687474498,"m"
1772,-0.54573638504232,18.3075607974855,0.120342342742469,"m"
1773,-0.546133782728894,18.3135299716799,0.120355990419701,"m"
1774,-0.546529410420052,18.3194997383119,0.120369631862839,"m"
1775,-0.546923386732897,18.3254701523654,0.120383268428531,"m"
1776,-0.547315830284531,18.3314412688243,0.120396901473423,"m"
1777,-0.547706859692056,18.3374131426724,0.120410532354162,"m"
1778,-0.548096593572575,18.3433858288938,0.120424162427394,"m"
1779,-0.548485150543191,18.3493593824721,0.120437793049766,"m"
1780,-0.548872649221006,18.3553338583914,0.120451425577925,"m"
1781,-0.549259208223122,18.3613093116355,0.120465061368517,"m"
1782,-0.549644946166643,18.3672857971883,0.12047870177819,"m"
1783,-0.55002998166867,18.3732633700337,0.12049234816359,"m"
1784,-0.550414433346307,18.3792420851555,0.120506001881363,"m"
1785,-0.550798419816655,18.3852219975377,0.120519664288156,"m"
1786,-0.551182059696817,18.3912031621641,0.120533336740616,"m"
1787,-0.551565471603896,18.3971856340186,0.120547020595389,"m"
1788,-0.551948774154995,18.4031694680851,0.120560717209123,"m"
1789,-0.552332085967215,18.4091547193475,0.120574427938464,"m"
1790,-0.552715525657659,18.4151414427897,0.120588154140058,"m"
1791,-0.553099211843431,18.4211296933955,0.120601897170552,"m"
1792,-0.553483263141631,18.4271195261489,0.120615658386594,"m"
1793,-0.553867798169364,18.4331109960336,0.120629439144828,"m"
1794,-0.554252935543731,18.4391041580337,0.120643240801904,"m"
1795,-0.554638793881834,18.4450990671329,0.120657064714466,"m"
1796,-0.55502549179338,18.4510957783088,0.120670912239081,"m"
1797,-0.555413116513629,18.4570943192555,0.120684784391359,"m"
1798,-0.555801652179446,18.4630946280124,0.120698681066501,"m"
1799,-0.55619106178222,18.4690966242307,0.120712601929913,"m"
1800,-0.556581308313336,18.4751002275618,0.120726546647003,"m"
1801,-0.556972354764181,18.4811053576568,0.120740514883177,"m"
1802,-0.557364164126143,18.4871119341671,0.120754506303841,"m"
1803,-0.557756699390606,18.4931198767438,0.120768520574401,"m"
1804,-0.558149923548959,18.4991291050384,0.120782557360265,"m"
1805,-0.558543799592587,18.5051395387019,0.120796616326839,"m"
1806,-0.558938290512878,18.5111510973857,0.120810697139528,"m"
1807,-0.559333359301218,18.5171637007411,0.120824799463741,"m"
1808,-0.559728968948993,18.5231772684192,0.120838922964883,"m"
1809,-0.560125082447591,18.5291917200714,0.120853067308361,"m"
1810,-0.560521662788397,18.5352069753489,0.120867232159581,"m"
1811,-0.560918672962799,18.541222953903,0.12088141718395,"m"
1812,-0.561316075962183,18.5472395753849,0.120895622046874,"m"
1813,-0.561713834777936,18.5532567594459,0.12090984641376,"m"
1814,-0.562111912401445,18.5592744257372,0.120924089950014,"m"
1815,-0.562510271824095,18.5652924939101,0.120938352321043,"m"
1816,-0.562908876037274,18.5713108836159,0.120952633192254,"m"
1817,-0.563307688032368,18.5773295145058,0.120966932229052,"m"
1818,-0.563706670800765,18.5833483062311,0.120981249096845,"m"
1819,-0.56410578733385,18.589367178443,0.120995583461038,"m"
1820,-0.56450500062301,18.5953860507928,0.121009934987039,"m"
1821,-0.564904273659632,18.6014048429317,0.121024303340254,"m"
1822,-0.565303569435103,18.6074234745111,0.121038688186089,"m"
1823,-0.565702850940808,18.6134418651821,0.121053089189951,"m"
1824,-0.566102081168136,18.6194599345961,0.121067506017247,"m"
1825,-0.566501223108472,18.6254776024043,0.121081938333382,"m"
1826,-0.566900239753202,18.6314947882579,0.121096385803764,"m"
1827,-0.567299096482153,18.6375114048315,0.12111084804015,"m"
1828,-0.56769777946341,18.6435273040775,0.121125324187353,"m"
1829,-0.5680962855688,18.6495423066822,0.121139813149762,"m"
1830,-0.568494611758612,18.6555562330739,0.121154313829776,"m"
1831,-0.568892754993135,18.6615689036807,0.121168825129796,"m"
1832,-0.569290712232658,18.6675801389308,0.121183345952222,"m"
1833,-0.569688480437469,18.6735897592523,0.121197875199454,"m"
1834,-0.570086056567857,18.6795975850735,0.121212411773894,"m"
1835,-0.570483437584111,18.6856034368224,0.12122695457794,"m"
1836,-0.570880620446519,18.6916071349272,0.121241502513994,"m"
1837,-0.571277602115371,18.6976084998162,0.121256054484455,"m"
1838,-0.571674379550954,18.7036073519174,0.121270609391725,"m"
1839,-0.572070949713558,18.709603511659,0.121285166138203,"m"
1840,-0.572467309563471,18.7155967994691,0.121299723626289,"m"
1841,-0.572863456060982,18.721587035776,0.121314280758385,"m"
1842,-0.573259386166379,18.7275740410078,0.12132883643689,"m"
1843,-0.573655096839952,18.7335576355927,0.121343389564205,"m"
1844,-0.574050585041988,18.7395376399588,0.12135793904273,"m"
1845,-0.574445847732778,18.7455138745343,0.121372483774865,"m"
1846,-0.574840881872609,18.7514861597473,0.121387022663011,"m"
1847,-0.57523568442177,18.757454316026,0.121401554609568,"m"
1848,-0.575630252340549,18.7634181637986,0.121416078516936,"m"
1849,-0.576024582589237,18.7693775234932,0.121430593287516,"m"
1850,-0.57641867212812,18.775332215538,0.121445097823708,"m"
1851,-0.576812517917488,18.7812820603611,0.121459591027913,"m"
1852,-0.57720611691763,18.7872268783908,0.12147407180253,"m"
1853,-0.577599466088834,18.7931664900551,0.12148853904996,"m"
1854,-0.577992562391389,18.7991007157822,0.121502991672603,"m"
1855,-0.578385402785584,18.8050293760004,0.12151742857286,"m"
1856,-0.578777984231707,18.8109522911377,0.121531848653131,"m"
1857,-0.579170303980814,18.8168692874979,0.121546250850317,"m"
1858,-0.579562368600678,18.8227803796501,0.12156063520678,"m"
1859,-0.579954195723528,18.8286858057457,0.121575003077722,"m"
1860,-0.580345803625148,18.8345858169406,0.121589355894701,"m"
1861,-0.58073721058132,18.8404806643905,0.121603695089279,"m"
1862,-0.581128434867827,18.8463705992514,0.121618022093016,"m"
1863,-0.581519494760454,18.852255872679,0.121632338337472,"m"
1864,-0.581910408534984,18.8581367358294,0.121646645254207,"m"
1865,-0.5823011944672,18.8640134398583,0.121660944274781,"m"
1866,-0.582691870832886,18.8698862359215,0.121675236830755,"m"
1867,-0.583082455907825,18.875755375175,0.12168952435369,"m"
1868,-0.5834729679678,18.8816211087746,0.121703808275145,"m"
1869,-0.583863425288595,18.8874836878762,0.12171809002668,"m"
1870,-0.584253846145993,18.8933433636356,0.121732371039856,"m"
1871,-0.584644248815778,18.8992003872086,0.121746652746234,"m"
1872,-0.585034651573734,18.9050550097513,0.121760936577373,"m"
1873,-0.585425072695642,18.9109074824192,0.121775223964834,"m"
1874,-0.585815530457288,18.9167580563685,0.121789516340177,"m"
1875,-0.586206043134454,18.9226069827549,0.121803815134962,"m"
1876,-0.586596629002925,18.9284545127342,0.12181812178075,"m"
1877,-0.586987306338482,18.9343008974624,0.121832437709101,"m"
1878,-0.58737809341691,18.9401463880952,0.121846764351574,"m"
1879,-0.587769008513992,18.9459912357886,0.121861103139732,"m"
1880,-0.588160069905511,18.9518356916984,0.121875455505133,"m"
1881,-0.588551295867252,18.9576800069805,0.121889822879338,"m"
1882,-0.588942704674996,18.9635244327907,0.121904206693907,"m"
1883,-0.589334314604529,18.9693692202849,0.121918608380401,"m"
1884,-0.589726143931633,18.9752146206189,0.121933029370379,"m"
1885,-0.590118210932091,18.9810608849486,0.121947471095403,"m"
1886,-0.590510533881688,18.9869082644299,0.121961934987032,"m"
1887,-0.590903131056206,18.9927570102185,0.121976422476827,"m"
1888,-0.591296018739318,18.9986073507289,0.121990934872484,"m"
1889,-0.591689196066852,19.0044593186187,0.122005472415495,"m"
1890,-0.592082653425586,19.0103128466677,0.12202003480336,"m"
1891,-0.592476381132352,19.0161678668578,0.122034621729232,"m"
1892,-0.592870369503983,19.0220243111704,0.122049232886262,"m"
1893,-0.593264608857313,19.0278821115871,0.122063867967602,"m"
1894,-0.593659089509174,19.0337412000895,0.122078526666403,"m"
1895,-0.594053801776399,19.0396015086592,0.122093208675817,"m"
1896,-0.594448735975822,19.0454629692778,0.122107913688996,"m"
1897,-0.594843882424275,19.0513255139268,0.122122641399092,"m"
1898,-0.595239231438591,19.0571890745878,0.122137391499255,"m"
1899,-0.595634773335603,19.0630535832425,0.122152163682639,"m"
1900,-0.596030498432145,19.0689189718723,0.122166957642394,"m"
1901,-0.596426397045048,19.0747851724589,0.122181773071673,"m"
1902,-0.596822459491147,19.0806521169839,0.122196609663626,"m"
1903,-0.597218676087273,19.0865197374289,0.122211467111406,"m"
1904,-0.597615037150261,19.0923879657753,0.122226345108165,"m"
1905,-0.598011532996942,19.0982567340049,0.122241243347053,"m"
1906,-0.598408153944151,19.1041259740991,0.122256161521223,"m"
1907,-0.59880489030872,19.1099956180396,0.122271099323827,"m"
1908,-0.599201732407481,19.115865597808,0.122286056448016,"m"
1909,-0.599598670557268,19.1217358453857,0.122301032586941,"m"
1910,-0.599995695074915,19.1276062927545,0.122316027433756,"m"
1911,-0.600392796277253,19.1334768718959,0.12233104068161,"m"
1912,-0.600789964481115,19.1393475147915,0.122346072023656,"m"
1913,-0.601187190003336,19.1452181534228,0.122361121153046,"m"
1914,-0.601584463160747,19.1510887197715,0.122376187762931,"m"
1915,-0.601981774270182,19.1569591458191,0.122391271546463,"m"
1916,-0.602379113648474,19.1628293635472,0.122406372196794,"m"
1917,-0.602776471612455,19.1686993049374,0.122421489407075,"m"
1918,-0.603173838469563,19.1745689006207,0.122436622856096,"m"
1919,-0.603571204231542,19.1804380387225,0.12245177177061,"m"
1920,-0.603968558562013,19.1863065573264,0.122466934845194,"m"
1921,-0.604365891104627,19.1921742916455,0.122482110743893,"m"
1922,-0.604763191503038,19.1980410768927,0.122497298130757,"m"
1923,-0.605160449400897,19.2039067482811,0.122512495669833,"m"
1924,-0.605557654441858,19.2097711410238,0.122527702025168,"m"
1925,-0.605954796269572,19.2156340903338,0.122542915860811,"m"
1926,-0.606351864527692,19.2214954314242,0.122558135840808,"m"
1927,-0.606748848859871,19.2273549995079,0.122573360629209,"m"
1928,-0.60714573890976,19.2332126297982,0.122588588890061,"m"
1929,-0.607542524321013,19.239068157508,0.122603819287411,"m"
1930,-0.607939194737281,19.2449214178503,0.122619050485307,"m"
1931,-0.608335739802218,19.2507722460382,0.122634281147798,"m"
1932,-0.608732149159474,19.2566204772849,0.12264950993893,"m"
1933,-0.609128412452704,19.2624659468032,0.122664735522752,"m"
1934,-0.609524519325559,19.2683084898063,0.122679956563311,"m"
1935,-0.609920459421692,19.2741479415072,0.122695171724655,"m"
1936,-0.610316222384755,19.279984137119,0.122710379670833,"m"
1937,-0.6107117978584,19.2858169118547,0.122725579065891,"m"
1938,-0.611107175486281,19.2916461009273,0.122740768573877,"m"
1939,-0.611502344912049,19.29747153955,0.12275594685884,"m"
1940,-0.611897295779356,19.3032930629357,0.122771112584826,"m"
1941,-0.612292017731856,19.3091105062976,0.122786264415885,"m"
1942,-0.612686500413201,19.3149237048486,0.122801401016063,"m"
1943,-0.613080733467042,19.3207324938019,0.122816521049408,"m"
1944,-0.613474706537033,19.3265367083703,0.122831623179969,"m"
1945,-0.613868409266826,19.3323361837672,0.122846706071792,"m"
1946,-0.614261831300074,19.3381307552053,0.122861768388926,"m"
1947,-0.614654962280427,19.3439202578979,0.122876808795418,"m"
1948,-0.615047791860721,19.3497045271963,0.122891825956406,"m"
1949,-0.615440316848692,19.355483506284,0.122906819386026,"m"
1950,-0.615832554010673,19.3612574391418,0.122921790966696,"m"
1951,-0.616224523565919,19.3670266217895,0.122936742990557,"m"
1952,-0.616616245733681,19.3727913502471,0.122951677749751,"m"
1953,-0.617007740733213,19.3785519205345,0.122966597536417,"m"
1954,-0.617399028783768,19.3843086286718,0.122981504642699,"m"
1955,-0.617790130104599,19.3900617706788,0.122996401360735,"m"
1956,-0.61818106491496,19.3958116425754,0.123011289982667,"m"
1957,-0.618571853434103,19.4015585403817,0.123026172800637,"m"
1958,-0.618962515881281,19.4073027601176,0.123041052106785,"m"
1959,-0.619353072475748,19.4130445978029,0.123055930193253,"m"
1960,-0.619743543436758,19.4187843494577,0.12307080935218,"m"
1961,-0.620133948983562,19.4245223111018,0.123085691875709,"m"
1962,-0.620524309335414,19.4302587787553,0.12310058005598,"m"
1963,-0.620914644711568,19.435994048438,0.123115476185134,"m"
1964,-0.621304975331275,19.4417284161699,0.123130382555313,"m"
1965,-0.621695321413791,19.447462177971,0.123145301458656,"m"
1966,-0.622085703178367,19.4531956298611,0.123160235187306,"m"
1967,-0.622476140844257,19.4589290678603,0.123175186033403,"m"
1968,-0.622866654630713,19.4646627879884,0.123190156289089,"m"
1969,-0.62325726475699,19.4703970862655,0.123205148246503,"m"
1970,-0.62364799144234,19.4761322587113,0.123220164197788,"m"
1971,-0.624038854906017,19.481868601346,0.123235206435084,"m"
1972,-0.624429875367272,19.4876064101894,0.123250277250532,"m"
1973,-0.624821073045361,19.4933459812614,0.123265378936273,"m"
1974,-0.625212468159535,19.499087610582,0.123280513784449,"m"
1975,-0.625604080929048,19.5048315941712,0.123295684087199,"m"
1976,-0.625995931573152,19.5105782280489,0.123310892136666,"m"
1977,-0.626388040311103,19.516327808235,0.12332614022499,"m"
1978,-0.626780427362151,19.5220806307495,0.123341430644312,"m"
1979,-0.627173112510945,19.5278369857991,0.123356765635391,"m"
1980,-0.627566102105349,19.5335969838665,0.123372145850391,"m"
1981,-0.627959386811022,19.539360525676,0.123387570087407,"m"
1982,-0.62835295640657,19.545127500087,0.123403037039665,"m"
1983,-0.628746800670596,19.5508977959591,0.123418545400387,"m"
1984,-0.629140909381706,19.5566713021519,0.123434093862796,"m"
1985,-0.629535272318503,19.5624479075248,0.123449681120116,"m"
1986,-0.629929879259593,19.5682275009373,0.12346530586557,"m"
1987,-0.63032471998358,19.574009971249,0.123480966792381,"m"
1988,-0.630719784269068,19.5797952073194,0.123496662593773,"m"
1989,-0.631115061894662,19.585583098008,0.123512391962968,"m"
1990,-0.631510542638967,19.5913735321743,0.123528153593191,"m"
1991,-0.631906216280587,19.5971663986779,0.123543946177665,"m"
1992,-0.632302072598127,19.6029615863782,0.123559768409612,"m"
1993,-0.632698101370191,19.6087589841348,0.123575618982256,"m"
1994,-0.633094292375385,19.6145584808072,0.12359149658882,"m"
1995,-0.633490635392311,19.6203599652549,0.123607399922528,"m"
1996,-0.633887120199576,19.6261633263374,0.123623327676603,"m"
1997,-0.634283736575783,19.6319684529143,0.123639278544268,"m"
1998,-0.634680474299538,19.637775233845,0.123655251218746,"m"
1999,-0.635077323149444,19.6435835579891,0.123671244393261,"m"
2000,-0.635474272904106,19.6493933142061,0.123687256761037,"m"
2001,-0.63587131334213,19.6552043913555,0.123703287015295,"m"
2002,-0.636268434242118,19.6610166782968,0.12371933384926,"m"
2003,-0.636665625382677,19.6668300638896,0.123735395956155,"m"
2004,-0.637062876542411,19.6726444369934,0.123751472029204,"m"
2005,-0.637460177499923,19.6784596864676,0.123767560761628,"m"
2006,-0.637857518033819,19.6842757011718,0.123783660846653,"m"
2007,-0.638254887922704,19.6900923699656,0.1237997709775,"m"
2008,-0.638652276945181,19.6959095817084,0.123815889847394,"m"
2009,-0.639049674879857,19.701727225238,0.123832016149853,"m"
2010,-0.639447071506302,19.7075451736638,0.123848148792883,"m"
2011,-0.63984445660675,19.7133632566406,0.123864287277058,"m"
2012,-0.640241819963891,19.7191812963824,0.12388043120443,"m"
2013,-0.640639151360414,19.7249991151028,0.123896580177047,"m"
2014,-0.641036440579011,19.7308165350156,0.12391273379696,"m"
2015,-0.641433677402371,19.7366333783347,0.123928891666219,"m"
2016,-0.641830851613184,19.7424494672736,0.123945053386874,"m"
2017,-0.642227952994141,19.7482646240463,0.123961218560975,"m"
2018,-0.642624971327932,19.7540786708665,0.12397738679057,"m"
2019,-0.643021896397245,19.759891429948,0.123993557677712,"m"
2020,-0.643418717984773,19.7657027235045,0.124009730824448,"m"
2021,-0.643815425873205,19.7715123737498,0.12402590583283,"m"
2022,-0.644212009845231,19.7773202028976,0.124042082304907,"m"
2023,-0.644608459683541,19.7831260331618,0.124058259842729,"m"
2024,-0.645004765170825,19.7889296867561,0.124074438048346,"m"
2025,-0.645400916089774,19.7947309858942,0.124090616523807,"m"
2026,-0.645796902223077,19.80052975279,0.124106794871164,"m"
2027,-0.646192713353424,19.8063258096572,0.124122972692465,"m"
2028,-0.646588339263507,19.8121189787096,0.124139149589761,"m"
2029,-0.646983769736014,19.8179090821609,0.124155325165101,"m"
2030,-0.647378994553636,19.8236959422249,0.124171499020535,"m"
2031,-0.647774003499063,19.8294793811153,0.124187670758114,"m"
2032,-0.648168786354985,19.835259221046,0.124203839979887,"m"
2033,-0.648563332904093,19.8410352842308,0.124220006287904,"m"
2034,-0.648957632929076,19.8468073928833,0.124236169284215,"m"
2035,-0.649351676212624,19.8525753692173,0.12425232857087,"m"
2036,-0.649745452537429,19.8583390354467,0.124268483749919,"m"
2037,-0.650138951686178,19.8640982137851,0.124284634423412,"m"
2038,-0.650532163441564,19.8698527264464,0.124300780193398,"m"
2039,-0.650925077586276,19.8756023956443,0.124316920661928,"m"
2040,-0.651317686590344,19.8813470901142,0.124333055606238,"m"
2041,-0.651710002209973,19.8870870124616,0.124349186060822,"m"
2042,-0.652102044625518,19.8928225111257,0.124365313609341,"m"
2043,-0.652493834052582,19.8985539351559,0.124381439837755,"m"
2044,-0.652885390706764,19.9042816336015,0.124397566332021,"m"
2045,-0.653276734803665,19.9100059555121,0.124413694678099,"m"
2046,-0.653667886558887,19.9157272499368,0.124429826461947,"m"
2047,-0.65405886618803,19.9214458659251,0.124445963269525,"m"
2048,-0.654449693906696,19.9271621525263,0.12446210668679,"m"
2049,-0.654840389930484,19.9328764587898,0.124478258299702,"m"
2050,-0.655230974474996,19.938589133765,0.124494419694219,"m"
2051,-0.655621467755833,19.9443005265013,0.124510592456299,"m"
2052,-0.656011889988595,19.9500109860479,0.124526778171903,"m"
2053,-0.656402261388884,19.9557208614543,0.124542978426988,"m"
2054,-0.656792602172301,19.9614305017698,0.124559194807513,"m"
2055,-0.657182932554445,19.9671402560439,0.124575428899438,"m"
2056,-0.657573272750918,19.9728504733258,0.124591682288719,"m"
2057,-0.657963642977322,19.9785615026649,0.124607956561318,"m"
2058,-0.658354063449256,19.9842736931107,0.124624253303191,"m"
2059,-0.658744554382321,19.9899873937123,0.124640574100298,"m"
2060,-0.65913513599212,19.9957029535194,0.124656920538598,"m"
2061,-0.659525828494251,20.0014207215811,0.124673294204049,"m"
2062,-0.659916652104317,20.0071410469469,0.12468969668261,"m"
2063,-0.660307627037918,20.0128642786661,0.12470612956024,"m"
2064,-0.660698773510655,20.0185907657881,0.124722594422897,"m"
2065,-0.661090111738128,20.0243208573623,0.124739092856541,"m"
2066,-0.66148166193594,20.0300549024379,0.124755626447129,"m"
2067,-0.661873444319689,20.0357932500645,0.124772196780621,"m"
2068,-0.662265479104979,20.0415362492914,0.124788805442976,"m"
2069,-0.662657786507408,20.0472842491678,0.124805454020152,"m"
2070,-0.663050386731813,20.0530375985917,0.124822144097082,"m"
2071,-0.663443292707783,20.0587965440526,0.124838876565651,"m"
2072,-0.663836497457553,20.0645610518186,0.124855650421342,"m"
2073,-0.66422999062911,20.070331040661,0.124872464338204,"m"
2074,-0.66462376187044,20.0761064293512,0.124889316990287,"m"
2075,-0.665017800829532,20.0818871366605,0.124906207051639,"m"
2076,-0.665412097154372,20.0876730813603,0.124923133196309,"m"
2077,-0.665806640492947,20.093464182222,0.124940094098346,"m"
2078,-0.666201420493245,20.0992603580167,0.124957088431798,"m"
2079,-0.666596426803252,20.105061527516,0.124974114870716,"m"
2080,-0.666991649070956,20.1108676094911,0.124991172089148,"m"
2081,-0.667387076944344,20.1166785227133,0.125008258761142,"m"
2082,-0.667782700071403,20.1224941859541,0.125025373560748,"m"
2083,-0.66817850810012,20.1283145179847,0.125042515162014,"m"
2084,-0.668574490678482,20.1341394375765,0.12505968223899,"m"
2085,-0.668970637454477,20.1399688635009,0.125076873465725,"m"
2086,-0.669366938076091,20.1458027145291,0.125094087516266,"m"
2087,-0.669763382191312,20.1516409094325,0.125111323064664,"m"
2088,-0.670159959448126,20.1574833669825,0.125128578784967,"m"
2089,-0.670556659494522,20.1633300059504,0.125145853351224,"m"
2090,-0.670953471978485,20.1691807451075,0.125163145437485,"m"
2091,-0.671350386548004,20.1750355032252,0.125180453717797,"m"
2092,-0.671747392851065,20.1808941990749,0.12519777686621,"m"
2093,-0.672144480535655,20.1867567514277,0.125215113556772,"m"
2094,-0.672541639249762,20.1926230790552,0.125232462463534,"m"
2095,-0.672938858641373,20.1984931007286,0.125249822260543,"m"
2096,-0.673336128358474,20.2043667352193,0.125267191621848,"m"
2097,-0.673733438049053,20.2102439012986,0.1252845692215,"m"
2098,-0.674130777361098,20.2161245177379,0.125301953733545,"m"
2099,-0.674528135942595,20.2220085033084,0.125319343832034,"m"
2100,-0.674925503441531,20.2278957767816,0.125336738191015,"m"
2101,-0.675322869564654,20.2337862389462,0.125354135629529,"m"
2102,-0.675720224435982,20.2396796628957,0.125371535996211,"m"
2103,-0.676117558360093,20.2455757664661,0.12538893958523,"m"
2104,-0.676514861642289,20.2514742672727,0.125406346692539,"m"
2105,-0.676912124587872,20.2573748829305,0.125423757614089,"m"
2106,-0.677309337502143,20.2632773310545,0.125441172645831,"m"
2107,-0.677706490690404,20.2691813292601,0.125458592083717,"m"
2108,-0.678103574457957,20.2750865951621,0.125476016223699,"m"
2109,-0.678500579110103,20.2809928463758,0.125493445361728,"m"
2110,-0.678897494952144,20.2868998005162,0.125510879793757,"m"
2111,-0.679294312289382,20.2928071751985,0.125528319815735,"m"
2112,-0.679691021427118,20.2987146880377,0.125545765723616,"m"
2113,-0.680087612670654,20.3046220566491,0.125563217813351,"m"
2114,-0.680484076325292,20.3105289986476,0.125580676380891,"m"
2115,-0.680880402696334,20.3164352316484,0.125598141722187,"m"
2116,-0.68127658208908,20.3223404732666,0.125615614133193,"m"
2117,-0.681672604808834,20.3282444411173,0.125633093909859,"m"
2118,-0.682068461160895,20.3341468528157,0.125650581348136,"m"
2119,-0.682464141450567,20.3400474259767,0.125668076743977,"m"
2120,-0.682859635983151,20.3459458782156,0.125685580393333,"m"
2121,-0.683254935063948,20.3518419271475,0.125703092592156,"m"
2122,-0.68365002899826,20.3577352903874,0.125720613636397,"m"
2123,-0.684044908091389,20.3636256855504,0.125738143822008,"m"
2124,-0.684439562648636,20.3695128302517,0.12575568344494,"m"
2125,-0.684833982975303,20.3753964421064,0.125773232801146,"m"
2126,-0.685228159376692,20.3812762387296,0.125790792186576,"m"
2127,-0.685622082158105,20.3871519377364,0.125808361897183,"m"
2128,-0.686015741624843,20.3930232567419,0.125825942228917,"m"
2129,-0.686409128082208,20.3988899133612,0.125843533477731,"m"
2130,-0.686802231835501,20.4047516252094,0.125861135939577,"m"
2131,-0.687195043762041,20.4106081234969,0.1258787499218,"m"
2132,-0.687587568103115,20.4164594570592,0.125896375997987,"m"
2133,-0.687979822580335,20.4223059951219,0.125914015010275,"m"
2134,-0.688371825510598,20.4281481210595,0.125931667812664,"m"
2135,-0.688763595210805,20.433986218246,0.125949335259151,"m"
2136,-0.689155149997853,20.4398206700557,0.125967018203734,"m"
2137,-0.689546508188642,20.4456518598629,0.125984717500414,"m"
2138,-0.689937688100071,20.4514801710416,0.126002434003187,"m"
2139,-0.690328708049037,20.4573059869663,0.126020168566052,"m"
2140,-0.690719586352441,20.4631296910109,0.126037922043007,"m"
2141,-0.691110341327181,20.4689516665499,0.126055695288052,"m"
2142,-0.691500991290155,20.4747722969573,0.126073489155184,"m"
2143,-0.691891554558262,20.4805919656075,0.126091304498401,"m"
2144,-0.692282049448403,20.4864110558745,0.126109142171702,"m"
2145,-0.692672494277474,20.4922299511327,0.126127003029086,"m"
2146,-0.693062907362375,20.4980490347562,0.126144887924551,"m"
2147,-0.693453307020005,20.5038686901193,0.126162797712095,"m"
2148,-0.693843711567263,20.5096893005962,0.126180733245717,"m"
2149,-0.694234139321047,20.5155112495611,0.126198695379414,"m"
2150,-0.694624608598257,20.5213349203882,0.126216684967187,"m"
2151,-0.69501513771579,20.5271606964517,0.126234702863031,"m"
2152,-0.695405744990547,20.5329889611258,0.126252749920947,"m"
2153,-0.695796448739425,20.5388200977848,0.126270826994933,"m"
2154,-0.696187267279324,20.5446544898029,0.126288934938987,"m"
2155,-0.696578218927142,20.5504925205542,0.126307074607107,"m"
2156,-0.696969321999778,20.5563345734131,0.126325246853291,"m"
2157,-0.697360594814132,20.5621810317536,0.126343452531539,"m"
2158,-0.697752055687101,20.5680322789501,0.126361692495849,"m"
2159,-0.698143722935585,20.5738886983767,0.126379967600218,"m"
2160,-0.698535614876483,20.5797506734077,0.126398278698645,"m"
2161,-0.698927749826693,20.5856185874172,0.12641662664513,"m"
2162,-0.699320144156329,20.5914927762663,0.126435012130469,"m"
2163,-0.699712800556673,20.5973732419705,0.126453434698754,"m"
2164,-0.700105715855001,20.6032598434283,0.126471893402495,"m"
2165,-0.70049888685619,20.6091524389917,0.12649038729232,"m"
2166,-0.700892310365117,20.6150508870126,0.12650891541886,"m"
2167,-0.701285983186659,20.620955045843,0.126527476832746,"m"
2168,-0.701679902125693,20.6268647738347,0.126546070584608,"m"
2169,-0.702074063987097,20.6327799293398,0.126564695725077,"m"
2170,-0.702468465575747,20.63870037071,0.126583351304782,"m"
2171,-0.70286310369652,20.6446259562975,0.126602036374354,"m"
2172,-0.703257975154294,20.650556544454,0.126620749984424,"m"
2173,-0.703653076753946,20.6564919935316,0.126639491185621,"m"
2174,-0.704048405300352,20.6624321618821,0.126658259028576,"m"
2175,-0.704443957598391,20.6683769078576,0.12667705256392,"m"
2176,-0.704839730452938,20.6743260898098,0.126695870842282,"m"
2177,-0.705235720668871,20.6802795660909,0.126714712914294,"m"
2178,-0.705631925051067,20.6862371950526,0.126733577830585,"m"
2179,-0.706028340404404,20.6921988350469,0.126752464641786,"m"
2180,-0.706424963533758,20.6981643444258,0.126771372398527,"m"
2181,-0.706821791244006,20.7041335815411,0.126790300151439,"m"
2182,-0.707218820340025,20.7101064047449,0.126809246951151,"m"
2183,-0.707616047626694,20.716082672389,0.126828211848295,"m"
2184,-0.708013469908887,20.7220622428254,0.1268471938935,"m"
2185,-0.708411083991484,20.7280449744059,0.126866192137397,"m"
2186,-0.70880888667936,20.7340307254827,0.126885205630616,"m"
2187,-0.709206874777393,20.7400193544075,0.126904233423788,"m"
2188,-0.70960504509046,20.7460107195322,0.126923274567542,"m"
2189,-0.710003394423438,20.752004679209,0.12694232811251,"m"
2190,-0.710401919581204,20.7580010917895,0.126961393109322,"m"
2191,-0.710800617368636,20.7639998156259,0.126980468608607,"m"
2192,-0.71119948389826,20.7700007066972,0.126999553668384,"m"
2193,-0.711598499358568,20.7760035664078,0.127018647516567,"m"
2194,-0.711997628014011,20.7820081415875,0.127037749550969,"m"
2195,-0.712396833436695,20.7880141766932,0.127056859176791,"m"
2196,-0.712796079198723,20.7940214161819,0.127075975799231,"m"
2197,-0.713195328872197,20.8000296045104,0.127095098823489,"m"
2198,-0.713594546029223,20.8060384861357,0.127114227654766,"m"
2199,-0.713993694241903,20.8120478055147,0.127133361698262,"m"
2200,-0.714392737082341,20.8180573071044,0.127152500359175,"m"
2201,-0.714791638122641,20.8240667353617,0.127171643042707,"m"
2202,-0.715190360934907,20.8300758347434,0.127190789154056,"m"
2203,-0.715588869091241,20.8360843497066,0.127209938098422,"m"
2204,-0.715987126163749,20.8420920247082,0.127229089281006,"m"
2205,-0.716385095724532,20.848098604205,0.127248242107007,"m"
2206,-0.716782741345696,20.8541038326541,0.127267395981625,"m"
2207,-0.717180026599344,20.8601074545123,0.12728655031006,"m"
2208,-0.717576915057578,20.8661092142366,0.127305704497511,"m"
2209,-0.717973370292504,20.8721088562839,0.127324857949179,"m"
2210,-0.718369355876224,20.8781061251111,0.127344010070263,"m"
2211,-0.718764835380843,20.8841007651752,0.127363160265963,"m"
2212,-0.719159772378464,20.890092520933,0.127382307941479,"m"
2213,-0.719554130441189,20.8960811368416,0.12740145250201,"m"
2214,-0.719947873141125,20.9020663573579,0.127420593352757,"m"
2215,-0.720340964050373,20.9080479269387,0.127439729898919,"m"
2216,-0.720733366741037,20.9140255900409,0.127458861545697,"m"
2217,-0.721125044785222,20.9199990911217,0.127477987698289,"m"
2218,-0.72151596175503,20.9259681746378,0.127497107761896,"m"
2219,-0.721906081222566,20.9319325850461,0.127516221141717,"m"
2220,-0.722295366759933,20.9378920668037,0.127535327242953,"m"
2221,-0.722683781939234,20.9438463643674,0.127554425470803,"m"
2222,-0.723071290491792,20.9497952228491,0.127573515232948,"m"
2223,-0.723457897831124,20.955738558807,0.127592596586752,"m"
2224,-0.723843706601885,20.9616766887286,0.127611671105069,"m"
2225,-0.724228833286758,20.9676099860199,0.127630740576446,"m"
2226,-0.724613394368427,20.9735388240867,0.127649806789426,"m"
2227,-0.724997506329576,20.9794635763349,0.127668871532552,"m"
2228,-0.725381285652886,20.9853846161703,0.12768793659437,"m"
2229,-0.725764848821042,20.9913023169988,0.127707003763422,"m"
2230,-0.726148312316726,20.9972170522264,0.127726074828253,"m"
2231,-0.726531792622622,21.0031291952587,0.127745151577406,"m"
2232,-0.726915406221412,21.0090391195018,0.127764235799427,"m"
2233,-0.727299269595781,21.0149471983615,0.127783329282858,"m"
2234,-0.727683499228412,21.0208538052437,0.127802433816244,"m"
2235,-0.728068211601986,21.0267593135542,0.127821551188129,"m"
2236,-0.728453523199189,21.0326640966989,0.127840683187057,"m"
2237,-0.728839550502702,21.0385685280837,0.127859831601571,"m"
2238,-0.729226409995209,21.0444729811145,0.127878998220216,"m"
2239,-0.729614218159394,21.050377829197,0.127898184831536,"m"
2240,-0.73000309147794,21.0562834457373,0.127917393224075,"m"
2241,-0.730393146433528,21.0621902041411,0.127936625186376,"m"
2242,-0.730784499508844,21.0680984778143,0.127955882506985,"m"
2243,-0.73117726718657,21.0740086401629,0.127975166974444,"m"
2244,-0.731571565949389,21.0799210645926,0.127994480377297,"m"
2245,-0.731967512279985,21.0858361245093,0.12801382450409,"m"
2246,-0.732365222661041,21.091754193319,0.128033201143365,"m"
2247,-0.732764813575239,21.0976756444274,0.128052612083667,"m"
2248,-0.733166401505263,21.1036008512405,0.12807205911354,"m"
2249,-0.733570102933797,21.1095301871641,0.128091544021527,"m"
2250,-0.733976034343523,21.1154640256041,0.128111068596173,"m"
2251,-0.734384312217125,21.1214027399664,0.128130634626022,"m"
2252,-0.734795053037285,21.1273467036568,0.128150243899617,"m"
2253,-0.735208367417301,21.1332962806101,0.128169898135728,"m"
2254,-0.735624233057934,21.1392516202871,0.128189597473049,"m"
2255,-0.736042495894629,21.1452126595258,0.128209340483841,"m"
2256,-0.736462996222894,21.1511793260634,0.128229125673317,"m"
2257,-0.736885574338238,21.1571515476371,0.12824895154669,"m"
2258,-0.737310070536167,21.1631292519842,0.128268816609173,"m"
2259,-0.737736325112192,21.1691123668417,0.128288719365979,"m"
2260,-0.738164178361819,21.1751008199468,0.128308658322319,"m"
2261,-0.738593470580556,21.1810945390368,0.128328631983408,"m"
2262,-0.739024042063913,21.1870934518489,0.128348638854458,"m"
2263,-0.739455733107397,21.1930974861202,0.128368677440681,"m"
2264,-0.739888384006516,21.1991065695879,0.128388746247291,"m"
2265,-0.740321835056778,21.2051206299891,0.128408843779501,"m"
2266,-0.740755926553692,21.2111395950612,0.128428968542522,"m"
2267,-0.741190498792765,21.2171633925412,0.128449119041569,"m"
2268,-0.741625392069506,21.2231919501663,0.128469293781853,"m"
2269,-0.742060446679423,21.2292251956738,0.128489491268589,"m"
2270,-0.742495502918023,21.2352630568008,0.128509710006987,"m"
2271,-0.742930401080816,21.2413054612845,0.128529948502262,"m"
2272,-0.743364981463309,21.2473523368621,0.128550205259626,"m"
2273,-0.74379908436101,21.2534036112708,0.128570478784291,"m"
2274,-0.744232550069427,21.2594592122477,0.128590767581472,"m"
2275,-0.744665218884069,21.2655190675301,0.12861107015638,"m"
2276,-0.745096931100444,21.2715831048551,0.128631385014228,"m"
2277,-0.745527527014059,21.2776512519599,0.128651710660229,"m"
2278,-0.745956846920423,21.2837234365817,0.128672045599597,"m"
2279,-0.746384731115045,21.2897995864577,0.128692388337543,"m"
2280,-0.746811019893431,21.2958796293251,0.128712737379281,"m"
2281,-0.747235553551091,21.301963492921,0.128733091230023,"m"
2282,-0.747658172383532,21.3080511049827,0.128753448394982,"m"
2283,-0.748078716928954,21.3141423930288,0.128773807381611,"m"
2284,-0.748497088407393,21.3202372299383,0.128794167257217,"m"
2285,-0.748913328269568,21.3263353623226,0.128814528382895,"m"
2286,-0.749327497714085,21.3324365190116,0.128834891301931,"m"
2287,-0.749739657939552,21.3385404288352,0.128855256557615,"m"
2288,-0.750149870144575,21.3446468206231,0.128875624693236,"m"
2289,-0.750558195527762,21.3507554232051,0.128895996252081,"m"
2290,-0.75096469528772,21.3568659654113,0.12891637177744,"m"
2291,-0.751369430623054,21.3629781760713,0.128936751812601,"m"
2292,-0.751772462732373,21.3690917840151,0.128957136900853,"m"
2293,-0.752173852814284,21.3752065180724,0.128977527585483,"m"
2294,-0.752573662067392,21.3813221070732,0.128997924409782,"m"
2295,-0.752971951690306,21.3874382798472,0.129018327917037,"m"
2296,-0.753368782881632,21.3935547652243,0.129038738650537,"m"
2297,-0.753764216839977,21.3996712920344,0.12905915715357,"m"
2298,-0.754158314763948,21.4057875891072,0.129079583969425,"m"
2299,-0.754551137852153,21.4119033852727,0.129100019641392,"m"
2300,-0.754942747303197,21.4180184093607,0.129120464712757,"m"
2301,-0.755333204315688,21.424132390201,0.12914091972681,"m"
2302,-0.755722570088233,21.4302450566235,0.129161385226839,"m"
2303,-0.756110905819439,21.4363561374579,0.129181861756134,"m"
2304,-0.756498272707913,21.4424653615342,0.129202349857981,"m"
2305,-0.756884731952262,21.4485724576823,0.129222850075671,"m"
2306,-0.757270344751093,21.4546771547318,0.129243362952492,"m"
2307,-0.757655172303012,21.4607791815128,0.129263889031732,"m"
2308,-0.758039275806627,21.4668782668549,0.129284428856679,"m"
2309,-0.758422716460544,21.4729741395882,0.129304982970623,"m"
2310,-0.758805555463372,21.4790665285423,0.129325551916852,"m"
2311,-0.759187854013715,21.4851551625472,0.129346136238655,"m"
2312,-0.759569673310183,21.4912397704327,0.129366736479319,"m"
2313,-0.75995107455138,21.4973200810286,0.129387353182134,"m"
2314,-0.760332122953106,21.5033958944741,0.129407986810012,"m"
2315,-0.760712907431733,21.5094674316176,0.129428637351655,"m"
2316,-0.761093525565136,21.5155350670581,0.129449304622466,"m"
2317,-0.761474074944008,21.5215991756221,0.129469988437591,"m"
2318,-0.761854653159038,21.5276601321362,0.129490688612174,"m"
2319,-0.762235357800919,21.5337183114268,0.129511404961362,"m"
2320,-0.76261628646034,21.5397740883205,0.1295321373003,"m"
2321,-0.762997536727995,21.5458278376437,0.129552885444134,"m"
2322,-0.763379206194572,21.5518799342229,0.129573649208009,"m"
2323,-0.763761392450765,21.5579307528847,0.129594428407071,"m"
2324,-0.764144193087264,21.5639806684556,0.129615222856465,"m"
2325,-0.76452770569476,21.570030055762,0.129636032371337,"m"
2326,-0.764912027863945,21.5760792896305,0.129656856766832,"m"
2327,-0.765297257185509,21.5821287448875,0.129677695858096,"m"
2328,-0.765683491250143,21.5881787963597,0.129698549460274,"m"
2329,-0.76607082764854,21.5942298188733,0.129719417388513,"m"
2330,-0.76645936397139,21.6002821872551,0.129740299457957,"m"
2331,-0.766849197809384,21.6063362763314,0.129761195483753,"m"
2332,-0.767240426753214,21.6123924609289,0.129782105281045,"m"
2333,-0.76763314839357,21.6184511158739,0.129803028664979,"m"
2334,-0.768027460321144,21.624512615993,0.129823965450701,"m"
2335,-0.768423460126628,21.6305773361127,0.129844915453356,"m"
2336,-0.768821245400711,21.6366456510595,0.129865878488091,"m"
2337,-0.769220913734086,21.6427179356598,0.129886854370049,"m"
2338,-0.769622562717444,21.6487945647403,0.129907842914378,"m"
2339,-0.770026289941475,21.6548759131274,0.129928843936222,"m"
2340,-0.770432192996871,21.6609623556476,0.129949857250728,"m"
2341,-0.770840369474324,21.6670542671274,0.12997088267304,"m"
2342,-0.771250916964524,21.6731520223933,0.129991920018304,"m"
2343,-0.771663933058162,21.6792559962719,0.130012969101666,"m"
2344,-0.772079515023734,21.6853665629859,0.130034029740022,"m"
2345,-0.772497683117251,21.6914839524834,0.13005510216875,"m"
2346,-0.772918281283121,21.6976080644103,0.130076187581294,"m"
2347,-0.773341128898441,21.7037387523885,0.130097287304597,"m"
2348,-0.773766045340311,21.7098758700396,0.1301184026656,"m"
2349,-0.774192849985827,21.7160192709855,0.130139534991245,"m"
2350,-0.774621362212088,21.7221688088478,0.130160685608474,"m"
2351,-0.775051401396193,21.7283243372482,0.13018185584423,"m"
2352,-0.775482786915239,21.7344857098086,0.130203047025454,"m"
2353,-0.775915338146325,21.7406527801507,0.130224260479088,"m"
2354,-0.776348874466548,21.7468254018962,0.130245497532074,"m"
2355,-0.776783215253008,21.7530034286669,0.130266759511353,"m"
2356,-0.777218179882801,21.7591867140844,0.130288047743869,"m"
2357,-0.777653587733026,21.7653751117706,0.130309363556563,"m"
2358,-0.778089258180781,21.7715684753471,0.130330708276377,"m"
2359,-0.778525010603165,21.7777666584358,0.130352083230253,"m"
2360,-0.778960664377275,21.7839695146583,0.130373489745132,"m"
2361,-0.779396038880209,21.7901768976365,0.130394929147958,"m"
2362,-0.779830953489067,21.7963886609919,0.13041640276567,"m"
2363,-0.780265227580945,21.8026046583465,0.130437911925213,"m"
2364,-0.780698680532942,21.8088247433219,0.130459457953527,"m"
2365,-0.781131131722156,21.8150487695399,0.130481042177555,"m"
2366,-0.781562400525686,21.8212765906221,0.130502665924239,"m"
2367,-0.781992306320629,21.8275080601904,0.13052433052052,"m"
2368,-0.782420668484083,21.8337430318665,0.13054603729334,"m"
2369,-0.782847306393147,21.8399813592722,0.130567787569642,"m"
2370,-0.783272039424919,21.8462228960291,0.130589582676367,"m"
2371,-0.783694686956496,21.852467495759,0.130611423940457,"m"
2372,-0.784115068364977,21.8587150120837,0.130633312688855,"m"
2373,-0.784533003027461,21.8649652986249,0.130655250248502,"m"
2374,-0.784948310321045,21.8712182090043,0.130677237946341,"m"
2375,-0.785360848127058,21.8774735977792,0.130699276690182,"m"
2376,-0.78577069917807,21.8837313249702,0.130721364940264,"m"
2377,-0.786178027593143,21.8899912525751,0.130743500270908,"m"
2378,-0.786582997603598,21.8962532425947,0.130765680255212,"m"
2379,-0.786985773440755,21.9025171570297,0.130787902466277,"m"
2380,-0.787386519335935,21.9087828578808,0.130810164477201,"m"
2381,-0.787785399520458,21.9150502071486,0.130832463861083,"m"
2382,-0.788182578225645,21.9213190668339,0.130854798191023,"m"
2383,-0.788578219682815,21.9275892989373,0.130877165040119,"m"
2384,-0.788972488123289,21.9338607654595,0.130899561981471,"m"
2385,-0.789365547778389,21.9401333284012,0.130921986588177,"m"
2386,-0.789757562879433,21.9464068497631,0.130944436433338,"m"
2387,-0.790148697657743,21.952681191546,0.130966909090052,"m"
2388,-0.790539116344639,21.9589562157504,0.130989402131418,"m"
2389,-0.790928983171442,21.965231784377,0.131011913130535,"m"
2390,-0.791318462369471,21.9715077594267,0.131034439660503,"m"
2391,-0.791707718170047,21.9777840029,0.131056979294421,"m"
2392,-0.792096914804491,21.9840603767976,0.131079529605387,"m"
2393,-0.792486216504123,21.9903367431203,0.131102088166501,"m"
2394,-0.792875787500263,21.9966129638687,0.131124652550862,"m"
2395,-0.793265792024233,22.0028889010435,0.13114722033157,"m"
2396,-0.793656394307351,22.0091644166454,0.131169789081722,"m"
2397,-0.794047758580939,22.0154393726751,0.131192356374419,"m"
2398,-0.794440049076318,22.0217136311333,0.13121491978276,"m"
2399,-0.794833430024806,22.0279870540207,0.131237476879843,"m"
2400,-0.795228065657726,22.0342595033379,0.131260025238768,"m"
2401,-0.795624120206397,22.0405308410857,0.131282562432634,"m"
2402,-0.79602175790214,22.0468009292647,0.13130508603454,"m"
2403,-0.796421142976275,22.0530696298757,0.131327593617586,"m"
2404,-0.796822439660122,22.0593368049193,0.131350082754869,"m"
2405,-0.797225805081928,22.0656023287603,0.131372551156435,"m"
2406,-0.797631270794976,22.0718662943481,0.131394998953371,"m"
2407,-0.798038760757764,22.0781289819189,0.131417428351154,"m"
2408,-0.798448195448692,22.0843906777667,0.131439841622358,"m"
2409,-0.798859495346163,22.0906516681855,0.131462241039556,"m"
2410,-0.799272580928577,22.0969122394693,0.131484628875321,"m"
2411,-0.799687372674334,22.1031726779122,0.131507007402228,"m"
2412,-0.800103791061836,22.109433269808,0.131529378892849,"m"
2413,-0.800521756569483,22.1156943014508,0.131551745619757,"m"
2414,-0.800941189675677,22.1219560591346,0.131574109855526,"m"
2415,-0.801362010858818,22.1282188291534,0.13159647387273,"m"
2416,-0.801784140597307,22.1344828978011,0.131618839943941,"m"
2417,-0.802207499369545,22.1407485513718,0.131641210341732,"m"
2418,-0.802632007653934,22.1470160761594,0.131663587338678,"m"
2419,-0.803057585928873,22.1532857584579,0.131685973207352,"m"
2420,-0.803484154672763,22.1595578845614,0.131708370220326,"m"
2421,-0.803911634364007,22.1658327407637,0.131730780650175,"m"
2422,-0.804339945481003,22.172110613359,0.131753206769471,"m"
2423,-0.804769008502155,22.1783917886412,0.131775650850788,"m"
2424,-0.805198743905861,22.1846765529043,0.131798115166699,"m"
2425,-0.805629072170524,22.1909651924423,0.131820601989777,"m"
2426,-0.806059913774543,22.1972579935491,0.131843113592597,"m"
2427,-0.806491189196321,22.2035552425188,0.13186565224773,"m"
2428,-0.806922818914257,22.2098572256454,0.131888220227751,"m"
2429,-0.807354723406753,22.2161642292228,0.131910819805233,"m"
2430,-0.80778682315221,22.2224765395451,0.131933453252749,"m"
2431,-0.808219038629028,22.2287944429062,0.131956122842872,"m"
2432,-0.808651290315608,22.2351182256002,0.131978830848176,"m"
2433,-0.809083498690352,22.2414481739209,0.132001579541235,"m"
2434,-0.809515584231659,22.2477845741625,0.13202437119462,"m"
2435,-0.809947467417932,22.2541277126188,0.132047208080907,"m"
2436,-0.810379078827171,22.2604778293562,0.132070092090771,"m"
2437,-0.810810407415147,22.2668348972346,0.132093022907444,"m"
2438,-0.811241463065336,22.2731987933241,0.132115999422819,"m"
2439,-0.811672255688062,22.2795693945716,0.132139020527772,"m"
2440,-0.81210279519365,22.2859465779244,0.13216208511318,"m"
2441,-0.812533091492424,22.2923302203294,0.132185192069919,"m"
2442,-0.81296315449471,22.2987201987338,0.132208340288866,"m"
2443,-0.813392994110833,22.3051163900845,0.132231528660897,"m"
2444,-0.813822620251117,22.3115186713288,0.132254756076888,"m"
2445,-0.814252042825887,22.3179269194137,0.132278021427717,"m"
2446,-0.814681271745469,22.3243410112862,0.132301323604259,"m"
2447,-0.815110316920187,22.3307608238934,0.132324661497392,"m"
2448,-0.815539188260366,22.3371862341824,0.132348033997991,"m"
2449,-0.815967895676332,22.3436171191003,0.132371439996933,"m"
2450,-0.816396449078408,22.3500533555942,0.132394878385095,"m"
2451,-0.81682485837692,22.3564948206111,0.132418348053353,"m"
2452,-0.817253133482193,22.3629413910982,0.132441847892584,"m"
2453,-0.817681284304552,22.3693929440024,0.132465376793664,"m"
2454,-0.818109320754322,22.3758493562709,0.132488933647469,"m"
2455,-0.818537252741827,22.3823105048507,0.132512517344877,"m"
2456,-0.818965090177393,22.388776266689,0.132536126776763,"m"
2457,-0.819392842971344,22.3952465187327,0.132559760834005,"m"
2458,-0.819820521034005,22.4017211379291,0.132583418407478,"m"
2459,-0.820248134275702,22.4082000012251,0.132607098388059,"m"
2460,-0.820675692606759,22.4146829855678,0.132630799666625,"m"
2461,-0.821103205937501,22.4211699679044,0.132654521134052,"m"
2462,-0.821530684178253,22.4276608251818,0.132678261681217,"m"
2463,-0.82195813723934,22.4341554343472,0.132702020198995,"m"
2464,-0.822385575031087,22.4406536723476,0.132725795578265,"m"
2465,-0.822813007463819,22.4471554161302,0.132749586709901,"m"
2466,-0.82324044439575,22.4536605403332,0.132773392529357,"m"
2467,-0.823667894776628,22.4601688793465,0.132797212749191,"m"
2468,-0.824095366784551,22.4666802333725,0.132821047742033,"m"
2469,-0.824522868573099,22.4731944015276,0.13284489790149,"m"
2470,-0.824950408295852,22.479711182928,0.132868763621164,"m"
2471,-0.825377994106389,22.48623037669,0.132892645294661,"m"
2472,-0.82580563415829,22.49275178193,0.132916543315586,"m"
2473,-0.826233336605135,22.4992751977643,0.132940458077542,"m"
2474,-0.826661109600504,22.5058004233091,0.132964389974134,"m"
2475,-0.827088961297976,22.5123272576807,0.132988339398967,"m"
2476,-0.827516899851131,22.5188554999955,0.133012306745645,"m"
2477,-0.827944933413548,22.5253849493697,0.133036292407773,"m"
2478,-0.828373070138809,22.5319154049197,0.133060296778956,"m"
2479,-0.828801318180491,22.5384466657616,0.133084320252796,"m"
2480,-0.829229685692175,22.5449785310119,0.133108363222901,"m"
2481,-0.829658180827441,22.5515107997869,0.133132426082873,"m"
2482,-0.830086811739869,22.5580432712027,0.133156509226317,"m"
2483,-0.830515586583037,22.5645757443757,0.133180613046838,"m"
2484,-0.830944513510527,22.5711080184223,0.13320473793804,"m"
2485,-0.831373600675917,22.5776398924587,0.133228884293528,"m"
2486,-0.831802856232787,22.5841711656012,0.133253052506906,"m"
2487,-0.832232288334718,22.5907016369661,0.133277242971779,"m"
2488,-0.832661905135288,22.5972311056697,0.133301456081752,"m"
2489,-0.833091714788078,22.6037593708283,0.133325692230428,"m"
2490,-0.833521725446667,22.6102862315582,0.133349951811413,"m"
2491,-0.833951945264635,22.6168114869757,0.13337423521831,"m"
2492,-0.834382382395561,22.6233349361971,0.133398542844725,"m"
2493,-0.834813044993026,22.6298563783387,0.133422875084262,"m"
2494,-0.83524394121061,22.6363756125167,0.133447232330525,"m"
2495,-0.835675079201891,22.6428924378476,0.133471614977119,"m"
2496,-0.836106466914042,22.6494066548122,0.13349602341596,"m"
2497,-0.836538086475717,22.6559182345953,0.133520457827814,"m"
2498,-0.836969869412133,22.662427482955,0.133544917979594,"m"
2499,-0.837401741369771,22.6689347445178,0.133569403590138,"m"
2500,-0.837833627995113,22.6754403639102,0.133593914378283,"m"
2501,-0.838265454934643,22.6819446857586,0.133618450062866,"m"
2502,-0.838697147834842,22.6884480546894,0.133643010362722,"m"
2503,-0.839128632342192,22.6949508153293,0.13366759499669,"m"
2504,-0.839559834103176,22.7014533123045,0.133692203683605,"m"
2505,-0.839990678764275,22.7079558902416,0.133716836142305,"m"
2506,-0.840421091971972,22.714458893767,0.133741492091627,"m"
2507,-0.840850999372749,22.7209626675073,0.133766171250406,"m"
2508,-0.841280326613089,22.7274675560888,0.133790873337481,"m"
2509,-0.841708999339473,22.733973904138,0.133815598071687,"m"
2510,-0.842136943198383,22.7404820562815,0.133840345171862,"m"
2511,-0.842564083836302,22.7469923571456,0.133865114356842,"m"
2512,-0.842990346899713,22.7535051513568,0.133889905345465,"m"
2513,-0.843415658035096,22.7600207835416,0.133914717856566,"m"
2514,-0.843839942888935,22.7665395983264,0.133939551608983,"m"
2515,-0.844263127107711,22.7730619403378,0.133964406321552,"m"
2516,-0.844685136337907,22.7795881542022,0.133989281713111,"m"
2517,-0.845105896226005,22.786118584546,0.134014177502496,"m"
2518,-0.845525332418487,22.7926535759957,0.134039093408544,"m"
2519,-0.845943370561835,22.7991934731777,0.134064029150091,"m"
2520,-0.846359936302532,22.8057386207186,0.134088984445975,"m"
2521,-0.84677495528706,22.8122893632448,0.134113959015033,"m"
2522,-0.8471883531619,22.8188460453828,0.1341389525761,"m"
2523,-0.847600055573535,22.825409011759,0.134163964848014,"m"
2524,-0.848009988168448,22.8319786069999,0.134188995549612,"m"
2525,-0.84841807659312,22.8385551757319,0.134214044399731,"m"
2526,-0.848824246494034,22.8451390625816,0.134239111117206,"m"
2527,-0.849228430141716,22.851730599162,0.134264195439494,"m"
2528,-0.849630673691863,22.8583298933521,0.134289297424152,"m"
2529,-0.850031119196105,22.8649368646374,0.134314417398275,"m"
2530,-0.850429911698899,22.871551426624,0.134339555697373,"m"
2531,-0.850827196244702,22.8781734929178,0.134364712656951,"m"
2532,-0.851223117877972,22.884802977125,0.13438988861252,"m"
2533,-0.851617821643166,22.8914397928515,0.134415083899587,"m"
2534,-0.852011452584742,22.8980838537033,0.134440298853659,"m"
2535,-0.852404155747157,22.9047350732864,0.134465533810245,"m"
2536,-0.852796076174868,22.9113933652069,0.134490789104853,"m"
2537,-0.853187358912332,22.9180586430708,0.134516065072991,"m"
2538,-0.853578149004007,22.9247308204841,0.134541362050168,"m"
2539,-0.85396859149435,22.9314098110527,0.13456668037189,"m"
2540,-0.854358831427819,22.9380955283828,0.134592020373666,"m"
2541,-0.854749013848871,22.9447878860803,0.134617382391004,"m"
2542,-0.855139283801963,22.9514867977512,0.134642766759413,"m"
2543,-0.855529786331553,22.9581921770016,0.1346681738144,"m"
2544,-0.855920666482097,22.9649039374374,0.134693603891473,"m"
2545,-0.856312069298054,22.9716219926647,0.13471905732614,"m"
2546,-0.85670413982388,22.9783462562895,0.134744534453909,"m"
2547,-0.857097023104033,22.9850766419179,0.134770035610289,"m"
2548,-0.85749086418297,22.9918130631557,0.134795561130788,"m"
2549,-0.857885808105149,22.9985554336091,0.134821111350912,"m"
2550,-0.858281999915027,23.0053036668841,0.134846686606171,"m"
2551,-0.858679584657061,23.0120576765866,0.134872287232073,"m"
2552,-0.859078707375709,23.0188173763227,0.134897913564125,"m"
2553,-0.859479513115428,23.0255826796984,0.134923565937836,"m"
2554,-0.859882146920675,23.0323535003197,0.134949244688713,"m"
2555,-0.860286753835908,23.0391297517926,0.134974950152265,"m"
2556,-0.860693478905584,23.0459113477231,0.135000682664,"m"
2557,-0.861102466512422,23.052698201059,0.135026442556398,"m"
2558,-0.861513780968872,23.0594901450923,0.135052229795631,"m"
2559,-0.861927331079008,23.0662868584117,0.135078043636444,"m"
2560,-0.862343007779984,23.0730880018318,0.135103883251842,"m"
2561,-0.862760702008952,23.0798932361668,0.135129747814833,"m"
2562,-0.863180304703068,23.0867022222313,0.135155636498423,"m"
2563,-0.863601706799485,23.0935146208396,0.135181548475617,"m"
2564,-0.864024799235357,23.1003300928062,0.135207482919422,"m"
2565,-0.864449472947837,23.1071482989455,0.135233439002845,"m"
2566,-0.86487561887408,23.1139689000718,0.135259415898892,"m"
2567,-0.865303127951239,23.1207915569997,0.135285412780569,"m"
2568,-0.865731891116468,23.1276159305435,0.135311428820883,"m"
2569,-0.866161799306921,23.1344416815177,0.135337463192839,"m"
2570,-0.866592743459753,23.1412684707366,0.135363515069444,"m"
2571,-0.867024614512115,23.1480959590147,0.135389583623705,"m"
2572,-0.867457303401164,23.1549238071664,0.135415668028628,"m"
2573,-0.867890701064051,23.161751676006,0.135441767457218,"m"
2574,-0.868324698437932,23.1685792263481,0.135467881082483,"m"
2575,-0.86875918645996,23.1754061190071,0.135494008077428,"m"
2576,-0.869194056067289,23.1822320147973,0.135520147615061,"m"
2577,-0.869629198197072,23.1890565745332,0.135546298868386,"m"
2578,-0.870064503786464,23.1958794590292,0.135572461010412,"m"
2579,-0.870499863772618,23.2027003290996,0.135598633214143,"m"
2580,-0.870935169092689,23.209518845559,0.135624814652586,"m"
2581,-0.871370310683829,23.2163346692218,0.135651004498748,"m"
2582,-0.871805179483193,23.2231474609023,0.135677201925635,"m"
2583,-0.872239666427935,23.2299568814149,0.135703406106253,"m"
2584,-0.872673662455209,23.2367625915742,0.135729616213609,"m"
2585,-0.873107058502168,23.2435642521944,0.135755831420708,"m"
2586,-0.873539745505966,23.2503615240901,0.135782050900557,"m"
2587,-0.873971614403757,23.2571540680756,0.135808273826163,"m"
2588,-0.874402576744124,23.2639416525776,0.135834499601505,"m"
2589,-0.874832644570178,23.270724570705,0.135860728756716,"m"
2590,-0.875261860507084,23.2775032752355,0.135886962164632,"m"
2591,-0.875690267187213,23.2842782189843,0.135913200698171,"m"
2592,-0.87611790724294,23.2910498547669,0.135939445230253,"m"
2593,-0.876544823306637,23.2978186353987,0.135965696633794,"m"
2594,-0.876971058010677,23.3045850136949,0.135991955781714,"m"
2595,-0.877396653987433,23.311349442471,0.136018223546929,"m"
2596,-0.877821653869278,23.3181123745423,0.136044500802359,"m"
2597,-0.878246100288586,23.3248742627242,0.136070788420921,"m"
2598,-0.878670035877728,23.331635559832,0.136097087275534,"m"
2599,-0.87909350326908,23.338396718681,0.136123398239115,"m"
2600,-0.879516545095012,23.3451581920868,0.136149722184583,"m"
2601,-0.879939203987899,23.3519204328645,0.136176059984856,"m"
2602,-0.880361522580114,23.3586838938296,0.136202412512851,"m"
2603,-0.880783543504029,23.3654490277974,0.136228780641488,"m"
2604,-0.881205309392018,23.3722162875833,0.136255165243684,"m"
2605,-0.881626862876453,23.3789861260027,0.136281567192357,"m"
2606,-0.882048246589708,23.3857589958708,0.136307987360426,"m"
2607,-0.882469503164155,23.3925353500032,0.136334426620808,"m"
2608,-0.882890675232169,23.399315641215,0.136360885846421,"m"
2609,-0.883311805426121,23.4061003223217,0.136387365910184,"m"
2610,-0.883732936378385,23.4128898461387,0.136413867685016,"m"
2611,-0.884154110721334,23.4196846654812,0.136440392043833,"m"
2612,-0.88457537108734,23.4264852331648,0.136466939859554,"m"
2613,-0.884996760108778,23.4332920020046,0.136493512005097,"m"
2614,-0.88541832041802,23.4401054248161,0.13652010935338,"m"
2615,-0.885840094647438,23.4469259544147,0.136546732777322,"m"
2616,-0.886262125429407,23.4537540436156,0.136573383149841,"m"
2617,-0.886684455396299,23.4605901452343,0.136600061343854,"m"
2618,-0.887107127071931,23.4674347100962,0.136626768227963,"m"
2619,-0.887530170267546,23.4742879559911,0.136653504165309,"m"
2620,-0.887953590328845,23.4811496522286,0.136680268546261,"m"
2621,-0.888377389821631,23.4880195171595,0.13670706065066,"m"
2622,-0.888801571311703,23.4948972691346,0.136733879758345,"m"
2623,-0.889226137364865,23.5017826265049,0.136760725149154,"m"
2624,-0.889651090546916,23.5086753076211,0.136787596102928,"m"
2625,-0.89007643342366,23.5155750308341,0.136814491899506,"m"
2626,-0.890502168560896,23.5224815144949,0.136841411818728,"m"
2627,-0.890928298524427,23.5293944769541,0.136868355140433,"m"
2628,-0.891354825880054,23.5363136365628,0.13689532114446,"m"
2629,-0.891781753193578,23.5432387116717,0.136922309110649,"m"
2630,-0.892209083030801,23.5501694206318,0.13694931831884,"m"
2631,-0.892636817957524,23.5571054817938,0.136976348048871,"m"
2632,-0.893064960539549,23.5640466135087,0.137003397580583,"m"
2633,-0.893493513342676,23.5709925341272,0.137030466193815,"m"
2634,-0.893922478932709,23.5779429620002,0.137057553168406,"m"
2635,-0.894351859875447,23.5848976154787,0.137084657784195,"m"
2636,-0.894781658736692,23.5918562129134,0.137111779321023,"m"
2637,-0.895211878082246,23.5988184726553,0.137138917058728,"m"
2638,-0.895642520477911,23.6057841130551,0.137166070277151,"m"
2639,-0.896073588489487,23.6127528524637,0.13719323825613,"m"
2640,-0.896505084682776,23.619724409232,0.137220420275505,"m"
2641,-0.896937011623579,23.6266985017109,0.137247615615116,"m"
2642,-0.897369371877698,23.6336748482511,0.137274823554801,"m"
2643,-0.897802168010935,23.6406531672036,0.137302043374401,"m"
2644,-0.898235402589091,23.6476331769192,0.137329274353755,"m"
2645,-0.898669078177966,23.6546145957488,0.137356515772702,"m"
2646,-0.899103197343363,23.6615971420432,0.137383766911083,"m"
2647,-0.899537762651083,23.6685805341533,0.137411027048735,"m"
2648,-0.899972776666928,23.6755644904299,0.137438295465499,"m"
2649,-0.900408229688334,23.6825487515381,0.137465571533021,"m"
2650,-0.900844052793798,23.6895331658534,0.137492855066091,"m"
2651,-0.901280159217253,23.6965176142073,0.137520146013033,"m"
2652,-0.901716462188998,23.7035019774384,0.137547444322201,"m"
2653,-0.902152874939331,23.710486136385,0.137574749941946,"m"
2654,-0.90258931069855,23.7174699718856,0.137602062820619,"m"
2655,-0.903025682696953,23.7244533647786,0.137629382906573,"m"
2656,-0.903461904164838,23.7314361959023,0.137656710148159,"m"
2657,-0.903897888332505,23.7384183460952,0.13768404449373,"m"
2658,-0.90433354843025,23.7453996961956,0.137711385891637,"m"
2659,-0.904768797688373,23.7523801270421,0.137738734290232,"m"
2660,-0.905203549337171,23.7593595194729,0.137766089637867,"m"
2661,-0.905637716606944,23.7663377543265,0.137793451882895,"m"
2662,-0.906071212727988,23.7733147124413,0.137820820973666,"m"
2663,-0.906503950930602,23.7802902746558,0.137848196858533,"m"
2664,-0.906935844445085,23.7872643218082,0.137875579485847,"m"
2665,-0.907366806501735,23.7942367347371,0.137902968803962,"m"
2666,-0.90779675033085,23.8012073942808,0.137930364761227,"m"
2667,-0.908225589162729,23.8081761812777,0.137957767305997,"m"
2668,-0.908653236227668,23.8151429765662,0.137985176386621,"m"
2669,-0.909079604755968,23.8221076609848,0.138012591951453,"m"
2670,-0.909504607977926,23.8290701153719,0.138040013948843,"m"
2671,-0.90992815912384,23.8360302205658,0.138067442327145,"m"
2672,-0.910350171424008,23.8429878574049,0.13809487703471,"m"
2673,-0.91077055810873,23.8499429067277,0.138122318019889,"m"
2674,-0.911189232408302,23.8568952493726,0.138149765231035,"m"
2675,-0.911606107553024,23.863844766178,0.1381772186165,"m"
2676,-0.912021096773193,23.8707913379823,0.138204678124635,"m"
2677,-0.912434113299108,23.8777348456238,0.138232143703793,"m"
2678,-0.912845070361067,23.884675169941,0.138259615302325,"m"
2679,-0.913253888613075,23.8916122092656,0.138287092905405,"m"
2680,-0.913660590785203,23.8985461024607,0.138314577004501,"m"
2681,-0.914065273821007,23.905477163266,0.138342068459181,"m"
2682,-0.914468036337113,23.9124057093635,0.138369568137309,"m"
2683,-0.91486897695015,23.9193320584353,0.138397076906752,"m"
2684,-0.915268194276745,23.9262565281635,0.138424595635373,"m"
2685,-0.915665786933524,23.93317943623,0.138452125191039,"m"
2686,-0.916061853537115,23.9401011003171,0.138479666441614,"m"
2687,-0.916456492704146,23.9470218381066,0.138507220254963,"m"
2688,-0.916849803051243,23.9539419672807,0.138534787498953,"m"
2689,-0.917241883195035,23.9608618055214,0.138562369041447,"m"
2690,-0.917632831752148,23.9677816705108,0.138589965750312,"m"
2691,-0.918022747339209,23.9747018799309,0.138617578493412,"m"
2692,-0.918411728572847,23.9816227514638,0.138645208138612,"m"
2693,-0.918799874069688,23.9885446027916,0.138672855553778,"m"
2694,-0.91918728244636,23.9954677515962,0.138700521606775,"m"
2695,-0.91957405231949,24.0023925155598,0.138728207165468,"m"
2696,-0.919960282305705,24.0093192123643,0.138755913097722,"m"
2697,-0.920346071021633,24.0162481596919,0.138783640271403,"m"
2698,-0.920731517083901,24.0231796752246,0.138811389554375,"m"
2699,-0.921116719109137,24.0301140766445,0.138839161814504,"m"
2700,-0.921501775713967,24.0370516816335,0.138866957919655,"m"
2701,-0.921886785515019,24.0439928078739,0.138894778737693,"m"
2702,-0.92227184712892,24.0509377730475,0.138922625136484,"m"
2703,-0.922657059172298,24.0578868948365,0.138950497983892,"m"
2704,-0.923042520261779,24.0648404909229,0.138978398147782,"m"
2705,-0.923428329013992,24.0717988789889,0.139006326496021,"m"
2706,-0.923814584045564,24.0787623767163,0.139034283896473,"m"
2707,-0.924201383973122,24.0857313017873,0.139062271217002,"m"
2708,-0.924588827413292,24.092705971884,0.139090289325476,"m"
2709,-0.924977012982704,24.0996867046884,0.139118339089758,"m"
2710,-0.925366020500074,24.1066737506312,0.139146421081877,"m"
2711,-0.925755839953124,24.1136670387644,0.139174534460122,"m"
2712,-0.926146434526277,24.1206664022487,0.139202677960959,"m"
2713,-0.926537767399282,24.1276716742279,0.139230850320781,"m"
2714,-0.926929801751886,24.134682687846,0.139259050275978,"m"
2715,-0.927322500763836,24.1416992762468,0.139287276562945,"m"
2716,-0.92771582761488,24.1487212725743,0.139315527918072,"m"
2717,-0.928109745484765,24.1557485099723,0.139343803077751,"m"
2718,-0.928504217553238,24.1627808215849,0.139372100778375,"m"
2719,-0.928899207000047,24.1698180405558,0.139400419756337,"m"
2720,-0.92929467700494,24.1768600000289,0.139428758748027,"m"
2721,-0.929690590747662,24.1839065331483,0.139457116489839,"m"
2722,-0.930086911407963,24.1909574730577,0.139485491718163,"m"
2723,-0.930483602165589,24.1980126529012,0.139513883169394,"m"
2724,-0.930880626200288,24.2050719058225,0.139542289579921,"m"
2725,-0.931277946691807,24.2121350649656,0.139570709686139,"m"
2726,-0.931675526819894,24.2192019634745,0.139599142224438,"m"
2727,-0.932073329764295,24.2262724344929,0.139627585931211,"m"
2728,-0.932471318704759,24.2333463111649,0.139656039542849,"m"
2729,-0.932869456821032,24.2404234266342,0.139684501795746,"m"
2730,-0.933267707292862,24.2475036140449,0.139712971426294,"m"
2731,-0.933666033299997,24.2545867065408,0.139741447170883,"m"
2732,-0.934064398022183,24.2616725372658,0.139769927765907,"m"
2733,-0.934462764639169,24.2687609393639,0.139798411947758,"m"
2734,-0.934861096330701,24.2758517459789,0.139826898452827,"m"
2735,-0.935259356276527,24.2829447902548,0.139855386017507,"m"
2736,-0.935657507656394,24.2900399053354,0.13988387337819,"m"
2737,-0.93605551365005,24.2971369243646,0.139912359271268,"m"
2738,-0.936453337437242,24.3042356804864,0.139940842433133,"m"
2739,-0.936850942197718,24.3113360068447,0.139969321600177,"m"
2740,-0.937248293283256,24.3184377380793,0.139997795554869,"m"
2741,-0.937645385533131,24.3255407291405,0.140026263705201,"m"
2742,-0.938042235037773,24.3326448496157,0.140054725909973,"m"
2743,-0.93843885835677,24.3397499694154,0.140083182037935,"m"
2744,-0.938835272049711,24.3468559584501,0.14011163195784,"m"
2745,-0.939231492676183,24.3539626866304,0.140140075538438,"m"
2746,-0.939627536795774,24.3610700238668,0.140168512648482,"m"
2747,-0.940023420968073,24.3681778400699,0.140196943156723,"m"
2748,-0.940419161752668,24.3752860051501,0.140225366931911,"m"
2749,-0.940814775709147,24.3823943890182,0.140253783842799,"m"
2750,-0.941210279397098,24.3895028615845,0.140282193758139,"m"
2751,-0.94160568937611,24.3966112927597,0.14031059654668,"m"
2752,-0.94200102220577,24.4037195524542,0.140338992077175,"m"
2753,-0.942396294445667,24.4108275105786,0.140367380218376,"m"
2754,-0.942791522655389,24.4179350370435,0.140395760839033,"m"
2755,-0.943186723394523,24.4250420017594,0.140424133807898,"m"
2756,-0.943581913222659,24.4321482746369,0.140452498993723,"m"
2757,-0.943977108699385,24.4392537255864,0.140480856265258,"m"
2758,-0.944372326384288,24.4463582245186,0.140509205491256,"m"
2759,-0.944767582836957,24.4534616413439,0.140537546540468,"m"
2760,-0.945162894616979,24.4605638459729,0.140565879281645,"m"
2761,-0.945558278283944,24.4676647083162,0.140594203583539,"m"
2762,-0.945953750397439,24.4747640982843,0.140622519314901,"m"
2763,-0.946349327517052,24.4818618857877,0.140650826344483,"m"
2764,-0.946745026202372,24.4889579407369,0.140679124541035,"m"
2765,-0.947140863012986,24.4960521330426,0.14070741377331,"m"
2766,-0.947536854508484,24.5031443326153,0.140735693910059,"m"
2767,-0.947933017248452,24.5102344093654,0.140763964820033,"m"
2768,-0.94832936779248,24.5173222332036,0.140792226371983,"m"
2769,-0.948725922700155,24.5244076740404,0.140820478434662,"m"
2770,-0.949122698158783,24.5314906037869,0.140848720885792,"m"
2771,-0.949519683579973,24.5385710382457,0.140876954248343,"m"
2772,-0.949916824096972,24.5456492311688,0.140905180112318,"m"
2773,-0.950314060690126,24.5527254586261,0.140933400167798,"m"
2774,-0.950711334339781,24.5597999966872,0.140961616104863,"m"
2775,-0.951108586026283,24.5668731214219,0.140989829613592,"m"
2776,-0.951505756729977,24.5739451088997,0.141018042384067,"m"
2777,-0.951902787431208,24.5810162351905,0.141046256106367,"m"
2778,-0.952299619110323,24.588086776364,0.141074472470573,"m"
2779,-0.952696192747666,24.5951570084897,0.141102693166765,"m"
2780,-0.953092449323584,24.6022272076376,0.141130919885023,"m"
2781,-0.953488329818422,24.6092976498771,0.141159154315428,"m"
2782,-0.953883775212525,24.6163686112781,0.14118739814806,"m"
2783,-0.95427872648624,24.6234403679102,0.141215653072998,"m"
2784,-0.954673124619911,24.6305131958432,0.141243920780324,"m"
2785,-0.955066910593885,24.6375873711467,0.141272202960118,"m"
2786,-0.955460025388507,24.6446631698905,0.141300501302459,"m"
2787,-0.955852409984123,24.6517408681443,0.141328817497429,"m"
2788,-0.956244005361077,24.6588207419777,0.141357153235107,"m"
2789,-0.956634752499717,24.6659030674604,0.141385510205574,"m"
2790,-0.957024592380387,24.6729881206622,0.141413890098909,"m"
2791,-0.957413465983433,24.6800761776528,0.141442294605194,"m"
2792,-0.957801314289201,24.6871675145019,0.141470725414508,"m"
2793,-0.958188078278036,24.6942624072791,0.141499184216933,"m"
2794,-0.958573698930284,24.7013611320542,0.141527672702547,"m"
2795,-0.95895811722629,24.7084639648968,0.141556192561431,"m"
2796,-0.9593412741464,24.7155711818768,0.141584745483666,"m"
2797,-0.95972311067096,24.7226830590637,0.141613333159332,"m"
2798,-0.960103567780315,24.7297998725272,0.141641957278508,"m"
2799,-0.960482586454811,24.7369218983372,0.141670619531276,"m"
2800,-0.960860107674794,24.7440494125633,0.141699321607716,"m"
2801,-0.961236077721892,24.7511826743057,0.141728065033802,"m"
2802,-0.961610513941169,24.7583217151911,0.141756849135681,"m"
2803,-0.961983484443796,24.7654664043438,0.141785671667991,"m"
2804,-0.962355058438253,24.7726166073759,0.141814530351405,"m"
2805,-0.962725305133019,24.7797721898991,0.141843422906592,"m"
2806,-0.963094293736574,24.7869330175255,0.141872347054225,"m"
2807,-0.963462093457398,24.794098955867,0.141901300514974,"m"
2808,-0.963828773503971,24.8012698705355,0.141930281009509,"m"
2809,-0.964194403084772,24.808445627143,0.141959286258503,"m"
2810,-0.964559051408281,24.8156260913014,0.141988313982627,"m"
2811,-0.964922787682978,24.8228111286227,0.14201736190255,"m"
2812,-0.965285681117343,24.8300006047187,0.142046427738945,"m"
2813,-0.965647800919856,24.8371943852015,0.142075509212483,"m"
2814,-0.966009216298996,24.8443923356829,0.142104604043834,"m"
2815,-0.966369996463243,24.8515943217748,0.142133709953669,"m"
2816,-0.966730210621077,24.8588002090894,0.14216282466266,"m"
2817,-0.967089927980978,24.8660098632383,0.142191945891478,"m"
2818,-0.967449217751425,24.8732231498337,0.142221071360793,"m"
2819,-0.967808149140898,24.8804399344874,0.142250198791277,"m"
2820,-0.968166791357877,24.8876600828114,0.142279325903601,"m"
2821,-0.968525213610842,24.8948834604176,0.142308450418436,"m"
2822,-0.968883485108273,24.9021099329179,0.142337570056453,"m"
2823,-0.969241675058649,24.9093393659243,0.142366682538322,"m"
2824,-0.96959985267045,24.9165716250488,0.142395785584716,"m"
2825,-0.969958087152156,24.9238065759032,0.142424876916305,"m"
2826,-0.970316447712247,24.9310440840994,0.14245395425376,"m"
2827,-0.970675003559202,24.9382840152495,0.142483015317752,"m"
2828,-0.971033823901501,24.9455262349654,0.142512057828952,"m"
2829,-0.971392977947624,24.952770608859,0.142541079508032,"m"
2830,-0.971752534906051,24.9600170025422,0.142570078075662,"m"
2831,-0.972112563462113,24.9672652815746,0.142599051268708,"m"
2832,-0.972473095634648,24.9745153078411,0.142627997959108,"m"
2833,-0.972834103347289,24.9817669372045,0.142656918879148,"m"
2834,-0.97319555295317,24.9890200249693,0.142685814933555,"m"
2835,-0.973557410805428,24.9962744264398,0.142714687027057,"m"
2836,-0.9739196432572,25.0035299969205,0.142743536064384,"m"
2837,-0.974282216661621,25.0107865917159,0.142772362950264,"m"
2838,-0.974645097371827,25.0180440661304,0.142801168589425,"m"
2839,-0.975008251740956,25.0253022754684,0.142829953886595,"m"
2840,-0.975371646122143,25.0325610750345,0.142858719746504,"m"
2841,-0.975735246868524,25.039820320133,0.14288746707388,"m"
2842,-0.976099020333235,25.0470798660685,0.14291619677345,"m"
2843,-0.976462932869413,25.0543395681453,0.142944909749945,"m"
2844,-0.976826950830194,25.0615992816679,0.142973606908091,"m"
2845,-0.977191040568715,25.0688588619408,0.143002289152618,"m"
2846,-0.97755516843811,25.0761181642684,0.143030957388255,"m"
2847,-0.977919300791517,25.0833770439551,0.143059612519728,"m"
2848,-0.978283403982072,25.0906353563054,0.143088255451768,"m"
2849,-0.978647444362911,25.0978929566238,0.143116887089102,"m"
2850,-0.97901138828717,25.1051497002147,0.14314550833646,"m"
2851,-0.979375202107985,25.1124054423826,0.143174120098568,"m"
2852,-0.979738852178492,25.1196600384318,0.143202723280157,"m"
2853,-0.980102304851829,25.1269133436669,0.143231318785954,"m"
2854,-0.98046552648113,25.1341652133923,0.143259907520688,"m"
2855,-0.980828483419533,25.1414155029124,0.143288490389087,"m"
2856,-0.981191142020173,25.1486640675318,0.143317068295881,"m"
2857,-0.981553468636186,25.1559107625547,0.143345642145796,"m"
2858,-0.98191542962071,25.1631554432858,0.143374212843563,"m"
2859,-0.982276991326879,25.1703979650294,0.143402781293908,"m"
2860,-0.98263812010783,25.17763818309,0.143431348401562,"m"
2861,-0.9829987823167,25.1848759527721,0.143459915071251,"m"
2862,-0.98335895594892,25.192111197789,0.143488482171768,"m"
2863,-0.983718666035687,25.1993441182315,0.14351705042671,"m"
2864,-0.984077949484946,25.2065749839769,0.143545620523016,"m"
2865,-0.984436843204648,25.2138040649026,0.143574193147622,"m"
2866,-0.984795384102739,25.2210316308859,0.143602768987466,"m"
2867,-0.985153609087167,25.2282579518043,0.143631348729486,"m"
2868,-0.985511555065882,25.2354832975349,0.143659933060618,"m"
2869,-0.985869258946831,25.2427079379553,0.143688522667801,"m"
2870,-0.986226757637961,25.2499321429427,0.143717118237971,"m"
2871,-0.986584088047222,25.2571561823744,0.143745720458066,"m"
2872,-0.98694128708256,25.2643803261279,0.143774330015023,"m"
2873,-0.987298391651925,25.2716048440805,0.14380294759578,"m"
2874,-0.987655438663264,25.2788300061095,0.143831573887274,"m"
2875,-0.988012465024526,25.2860560820923,0.143860209576443,"m"
2876,-0.988369507643657,25.2932833419062,0.143888855350224,"m"
2877,-0.988726603428608,25.3005120554285,0.143917511895554,"m"
2878,-0.989083789287324,25.3077424925367,0.143946179899371,"m"
2879,-0.989441102127756,25.3149749231081,0.143974860048611,"m"
2880,-0.98979857885785,25.32220961702,0.144003553030213,"m"
2881,-0.990156256385554,25.3294468441497,0.144032259531114,"m"
2882,-0.990514171618818,25.3366868743747,0.144060980238252,"m"
2883,-0.990872361465589,25.3439299775722,0.144089715838562,"m"
2884,-0.991230862833814,25.3511764236196,0.144118467018984,"m"
2885,-0.991589712631442,25.3584264823943,0.144147234466455,"m"
2886,-0.991948947766422,25.3656804237736,0.144176018867911,"m"
2887,-0.9923086051467,25.3729385176349,0.14420482091029,"m"
2888,-0.992668721680226,25.3802010338555,0.14423364128053,"m"
2889,-0.993029334274947,25.3874682423127,0.144262480665567,"m"
2890,-0.993390479838812,25.3947404128839,0.144291339752341,"m"
2891,-0.993752195279768,25.4020178154465,0.144320219227786,"m"
2892,-0.994114516997652,25.4093007179718,0.144349119768278,"m"
2893,-0.994477446677897,25.4165892582092,0.14437804132843,"m"
2894,-0.994840929615697,25.4238833623757,0.14440698269043,"m"
2895,-0.995204905940499,25.43118293731,0.144435942529061,"m"
2896,-0.995569315781752,25.4384878898511,0.144464919519107,"m"
2897,-0.995934099268903,25.4457981268377,0.144493912335353,"m"
2898,-0.996299196531401,25.4531135551088,0.144522919652583,"m"
2899,-0.996664547698693,25.4604340815032,0.144551940145581,"m"
2900,-0.997030092900227,25.4677596128598,0.144580972489131,"m"
2901,-0.997395772265452,25.4750900560175,0.144610015358017,"m"
2902,-0.997761525923815,25.482425317815,0.144639067427023,"m"
2903,-0.998127294004764,25.4897653050914,0.144668127370934,"m"
2904,-0.998493016637747,25.4971099246853,0.144697193864534,"m"
2905,-0.998858633952213,25.5044590834358,0.144726265582606,"m"
2906,-0.999224086077608,25.5118126881817,0.144755341199936,"m"
2907,-0.999589313143383,25.5191706457618,0.144784419391306,"m"
2908,-0.999954255278983,25.526532863015,0.144813498831502,"m"
2909,-1.00031885261386,25.5338992467801,0.144842578195307,"m"
2910,-1.00068304527745,25.5412697038962,0.144871656157505,"m"
2911,-1.00104677339922,25.5486441412019,0.144900731392881,"m"
2912,-1.0014099771086,25.5560224655361,0.144929802576219,"m"
2913,-1.00177259653506,25.5634045837378,0.144958868382302,"m"
2914,-1.00213457180802,25.5707904026458,0.144987927485916,"m"
2915,-1.00249584305695,25.5781798290989,0.145016978561843,"m"
2916,-1.00285635041128,25.5855727699361,0.145046020284869,"m"
2917,-1.00321603400048,25.5929691319961,0.145075051329777,"m"
2918,-1.00357483395398,25.600368822118,0.145104070371352,"m"
2919,-1.00393269040123,25.6077717471404,0.145133076084378,"m"
2920,-1.00428954347169,25.6151778139023,0.145162067143638,"m"
2921,-1.0046453332948,25.6225869292425,0.145191042223918,"m"
2922,-1.005,25.629999,0.14522,"m"
2923,-1.00535348684809,25.6374139104538,0.145248939401907,"m"
2924,-1.0057057496252,25.644831454644,0.145277860380607,"m"
2925,-1.00605674724882,25.6522514040508,0.145306763142307,"m"
2926,-1.00640643863641,25.6596735301547,0.145335647893213,"m"
2927,-1.00675478270546,25.6670976044358,0.145364514839532,"m"
2928,-1.00710173837345,25.6745233983746,0.14539336418747,"m"
2929,-1.00744726455786,25.6819506834513,0.145422196143234,"m"
2930,-1.00779132017616,25.6893792311462,0.145451010913029,"m"
2931,-1.00813386414582,25.6968088129396,0.145479808703062,"m"
2932,-1.00847485538434,25.7042392003119,0.145508589719539,"m"
2933,-1.00881425280919,25.7116701647434,0.145537354168667,"m"
2934,-1.00915201533784,25.7191014777142,0.145566102256652,"m"
2935,-1.00948810188778,25.7265329107049,0.145594834189701,"m"
2936,-1.00982247137647,25.7339642351956,0.145623550174019,"m"
2937,-1.01015508272141,25.7413952226666,0.145652250415814,"m"
2938,-1.01048589484007,25.7488256445984,0.145680935121291,"m"
2939,-1.01081486664992,25.7562552724711,0.145709604496657,"m"
2940,-1.01114195706844,25.7636838777652,0.145738258748117,"m"
2941,-1.01146712501312,25.7711112319608,0.14576689808188,"m"
2942,-1.01179032940143,25.7785371065383,0.14579552270415,"m"
2943,-1.01211152915085,25.7859612729781,0.145824132821135,"m"
2944,-1.01243068317886,25.7933835027603,0.14585272863904,"m"
2945,-1.01274775040293,25.8008035673654,0.145881310364072,"m"
2946,-1.01306268974055,25.8082212382737,0.145909878202437,"m"
2947,-1.01337546010919,25.8156362869653,0.145938432360342,"m"
2948,-1.01368602042633,25.8230484849207,0.145966973043993,"m"
2949,-1.01399432960944,25.8304576036202,0.145995500459596,"m"
2950,-1.01430034657601,25.837863414544,0.146024014813358,"m"
2951,-1.01460403024352,25.8452656891725,0.146052516311484,"m"
2952,-1.01490533952944,25.852664198986,0.146081005160182,"m"
2953,-1.01520424617705,25.8600587434091,0.146109481577782,"m"
2954,-1.0155008619384,25.8674494269133,0.146137945914958,"m"
2955,-1.01579538475637,25.8748365417596,0.146166398603856,"m"
2956,-1.01608801383543,25.8822203829576,0.146194840077818,"m"
2957,-1.01637894838003,25.8896012455171,0.146223270770182,"m"
2958,-1.0166683875946,25.8969794244479,0.146251691114288,"m"
2959,-1.01695653068361,25.9043552147597,0.146280101543477,"m"
2960,-1.0172435768515,25.9117289114622,0.146308502491087,"m"
2961,-1.01752972530274,25.919100809565,0.146336894390458,"m"
2962,-1.01781517524176,25.926471204078,0.146365277674931,"m"
2963,-1.01810012587302,25.9338403900109,0.146393652777844,"m"
2964,-1.01838477640098,25.9412086623734,0.146422020132538,"m"
2965,-1.01866932603007,25.9485763161751,0.146450380172351,"m"
2966,-1.01895397396477,25.9559436464259,0.146478733330625,"m"
2967,-1.0192389194095,25.9633109481355,0.146507080040699,"m"
2968,-1.01952436156874,25.9706785163135,0.146535420735911,"m"
2969,-1.01981049964693,25.9780466459697,0.146563755849603,"m"
2970,-1.02009753284851,25.9854156321139,0.146592085815114,"m"
2971,-1.02038566037795,25.9927857697557,0.146620411065782,"m"
2972,-1.02067508143969,26.0001573539049,0.146648732034949,"m"
2973,-1.02096599523819,26.0075306795712,0.146677049155954,"m"
2974,-1.02125860097789,26.0149060417644,0.146705362862136,"m"
2975,-1.02155309786326,26.022283735494,0.146733673586835,"m"
2976,-1.02184968509873,26.02966405577,0.146761981763392,"m"
2977,-1.02214856188876,26.0370472976019,0.146790287825145,"m"
2978,-1.0224499274378,26.0444337559996,0.146818592205434,"m"
2979,-1.02275398095031,26.0518237259727,0.146846895337599,"m"
2980,-1.02306092163073,26.059217502531,0.14687519765498,"m"
2981,-1.02337094868352,26.0666153806842,0.146903499590916,"m"
2982,-1.02368426131313,26.074017655442,0.146931801578748,"m"
2983,-1.024001058724,26.0814246218141,0.146960104051814,"m"
2984,-1.02432145761274,26.0888365138436,0.146988407426486,"m"
2985,-1.0246452479183,26.0962533241259,0.147016712051927,"m"
2986,-1.02497213870055,26.1036749854933,0.14704501826067,"m"
2987,-1.02530183901935,26.111101430778,0.147073326385244,"m"
2988,-1.02563405793459,26.1185325928123,0.147101636758181,"m"
2989,-1.02596850450614,26.1259684044284,0.147129949712012,"m"
2990,-1.02630488779386,26.1334087984587,0.147158265579266,"m"
2991,-1.02664291685763,26.1408537077354,0.147186584692476,"m"
2992,-1.02698230075731,26.1483030650907,0.147214907384171,"m"
2993,-1.02732274855279,26.1557568033569,0.147243233986883,"m"
2994,-1.02766396930393,26.1632148553663,0.147271564833141,"m"
2995,-1.0280056720706,26.1706771539512,0.147299900255478,"m"
2996,-1.02834756591268,26.1781436319437,0.147328240586423,"m"
2997,-1.02868935989003,26.1856142221763,0.147356586158508,"m"
2998,-1.02903076306254,26.1930888574811,0.147384937304263,"m"
2999,-1.02937148449006,26.2005674706904,0.14741329435622,"m"
3000,-1.02971123323248,26.2080499946365,0.147441657646908,"m"
3001,-1.03004971834966,26.2155363621516,0.147470027508858,"m"
3002,-1.03038664890147,26.223026506068,0.147498404274602,"m"
3003,-1.03072173394779,26.230520359218,0.14752678827667,"m"
3004,-1.03105468254849,26.2380178544339,0.147555179847593,"m"
3005,-1.03138520376344,26.2455189245478,0.147583579319901,"m"
3006,-1.03171300665251,26.2530235023921,0.147611987026126,"m"
3007,-1.03203780027558,26.260531520799,0.147640403298798,"m"
3008,-1.03235929369251,26.2680429126009,0.147668828470447,"m"
3009,-1.03267719596317,26.2755576106299,0.147697262873606,"m"
3010,-1.03299121614745,26.2830755477183,0.147725706840804,"m"
3011,-1.0333010633052,26.2905966566984,0.147754160704572,"m"
3012,-1.03360644649631,26.2981208704025,0.147782624797441,"m"
3013,-1.03390707478064,26.3056481216628,0.147811099451942,"m"
3014,-1.03420268895353,26.3131783315128,0.147839584882835,"m"
3015,-1.03449337217669,26.3207112936993,0.14786808003436,"m"
3016,-1.03477941650324,26.3282467243063,0.147896583075561,"m"
3017,-1.03506111696669,26.3357843383099,0.147925092164421,"m"
3018,-1.03533876860057,26.3433238506859,0.147953605458924,"m"
3019,-1.03561266643842,26.3508649764105,0.147982121117054,"m"
3020,-1.03588310551374,26.3584074304595,0.148010637296795,"m"
3021,-1.03615038086008,26.365950927809,0.148039152156129,"m"
3022,-1.03641478751096,26.3734951834349,0.148067663853042,"m"
3023,-1.03667662049991,26.3810399123132,0.148096170545515,"m"
3024,-1.03693617486044,26.3885848294199,0.148124670391534,"m"
3025,-1.0371937456261,26.396129649731,0.148153161549081,"m"
3026,-1.03744962783039,26.4036740882225,0.148181642176141,"m"
3027,-1.03770411650686,26.4112178598703,0.148210110430697,"m"
3028,-1.03795750668903,26.4187606796504,0.148238564470732,"m"
3029,-1.03821009341041,26.4263022625388,0.148267002454231,"m"
3030,-1.03846217170455,26.4338423235116,0.148295422539177,"m"
3031,-1.03871403660496,26.4413805775446,0.148323822883554,"m"
3032,-1.03896598314518,26.4489167396138,0.148352201645344,"m"
3033,-1.03921830635872,26.4564505246953,0.148380556982533,"m"
3034,-1.03947130127912,26.463981647765,0.148408887053103,"m"
3035,-1.0397252629399,26.4715098237989,0.148437190015039,"m"
3036,-1.03998048637459,26.479034767773,0.148465464026324,"m"
3037,-1.04023726661671,26.4865561946633,0.148493707244941,"m"
3038,-1.0404958986998,26.4940738194457,0.148521917828874,"m"
3039,-1.04075667765737,26.5015873570962,0.148550093936107,"m"
3040,-1.04101989852295,26.5090965225908,0.148578233724624,"m"
3041,-1.04128585633007,26.5166010309056,0.148606335352408,"m"
3042,-1.04155484611226,26.5241005970164,0.148634396977443,"m"
3043,-1.04182716290304,26.5315949358992,0.148662416757713,"m"
3044,-1.04210309694859,26.539083768765,0.148690392889968,"m"
3045,-1.04238271701224,26.5465671052758,0.148718325364508,"m"
3046,-1.04266578182108,26.5540453588738,0.148746216682278,"m"
3047,-1.04295202697375,26.5615189731228,0.148774069531515,"m"
3048,-1.04324118806886,26.5689883915867,0.148801886600455,"m"
3049,-1.04353300070503,26.5764540578293,0.148829670577337,"m"
3050,-1.04382720048087,26.5839164154145,0.148857424150397,"m"
3051,-1.04412352299501,26.591375907906,0.148885150007871,"m"
3052,-1.04442170384606,26.5988329788678,0.148912850837998,"m"
3053,-1.04472147863265,26.6062880718637,0.148940529329014,"m"
3054,-1.04502258295338,26.6137416304576,0.148968188169157,"m"
3055,-1.04532475240688,26.6211940982132,0.148995830046663,"m"
3056,-1.04562772259177,26.6286459186944,0.149023457649769,"m"
3057,-1.04593122910666,26.6360975354651,0.149051073666713,"m"
3058,-1.04623500755018,26.6435493920891,0.149078680785732,"m"
3059,-1.04653879352093,26.6510019321302,0.149106281695063,"m"
3060,-1.04684232261755,26.6584555991524,0.149133879082942,"m"
3061,-1.04714533043865,26.6659108367193,0.149161475637607,"m"
3062,-1.04744755258284,26.673368088395,0.149189074047296,"m"
3063,-1.04774872464874,26.6808277977432,0.149216677000244,"m"
3064,-1.04804858223499,26.6882904083278,0.149244287184689,"m"
3065,-1.04834686094018,26.6957563637126,0.149271907288869,"m"
3066,-1.04864329636294,26.7032261074615,0.14929954000102,"m"
3067,-1.04893762410189,26.7107000831382,0.14932718800938,"m"
3068,-1.04922957975564,26.7181787343067,0.149354854002185,"m"
3069,-1.04951889892283,26.7256625045309,0.149382540667673,"m"
3070,-1.04980531720205,26.7331518373744,0.14941025069408,"m"
3071,-1.05008857019194,26.7406471764013,0.149437986769644,"m"
3072,-1.0503683934911,26.7481489651752,0.149465751582602,"m"
3073,-1.05064452269817,26.7556576472602,0.14949354782119,"m"
3074,-1.05091669341175,26.7631736662199,0.149521378173647,"m"
3075,-1.05118466557587,26.7706974272722,0.149549245039962,"m"
3076,-1.05144845870591,26.7782289267873,0.149577147746833,"m"
3077,-1.0517082492834,26.7857679139001,0.149605083762495,"m"
3078,-1.05196421597232,26.793314134308,0.149633050529346,"m"
3079,-1.0522165374366,26.8008673337085,0.149661045489782,"m"
3080,-1.05246539234021,26.8084272577989,0.149689066086201,"m"
3081,-1.05271095934711,26.8159936522768,0.149717109761,"m"
3082,-1.05295341712125,26.8235662628395,0.149745173956574,"m"
3083,-1.05319294432658,26.8311448351844,0.149773256115323,"m"
3084,-1.05342971962707,26.8387291150089,0.149801353679641,"m"
3085,-1.05366392168667,26.8463188480105,0.149829464091927,"m"
3086,-1.05389572916934,26.8539137798867,0.149857584794577,"m"
3087,-1.05412532073903,26.8615136563347,0.149885713229987,"m"
3088,-1.05435287505971,26.8691182230521,0.149913846840556,"m"
3089,-1.05457857079532,26.8767272257362,0.14994198306868,"m"
3090,-1.05480258660983,26.8843404100845,0.149970119356755,"m"
3091,-1.05502510116718,26.8919575217944,0.149998253147179,"m"
3092,-1.05524629313135,26.8995783065633,0.150026381882349,"m"
3093,-1.05546634116628,26.9072025100887,0.150054503004661,"m"
3094,-1.05568542393593,26.9148298780679,0.150082613956513,"m"
3095,-1.05590372010425,26.9224601561984,0.150110712180301,"m"
3096,-1.05612140833521,26.9300930901775,0.150138795118423,"m"
3097,-1.05633866729276,26.9377284257028,0.150166860213275,"m"
3098,-1.05655567564086,26.9453659084717,0.150194904907254,"m"
3099,-1.05677261204346,26.9530052841814,0.150222926642757,"m"
3100,-1.05698965516452,26.9606462985296,0.150250922862181,"m"
3101,-1.057206983668,26.9682886972136,0.150278891007923,"m"
3102,-1.05742477621786,26.9759322259307,0.15030682852238,"m"
3103,-1.05764321147804,26.9835766303785,0.150334732847949,"m"
3104,-1.05786246811251,26.9912216562544,0.150362601427027,"m"
3105,-1.0580827228516,26.9988670496488,0.150390431733547,"m"
3106,-1.05830406483991,27.0065125744561,0.150418222669968,"m"
3107,-1.05852646169049,27.0141580192748,0.150445975120923,"m"
3108,-1.0587498720645,27.0218031745232,0.150473690117053,"m"
3109,-1.05897425462308,27.0294478306194,0.150501368688998,"m"
3110,-1.05919956802736,27.0370917779818,0.1505290118674,"m"
3111,-1.05942577093848,27.0447348070285,0.150556620682899,"m"
3112,-1.05965282201759,27.0523767081777,0.150584196166134,"m"
3113,-1.05988067992583,27.0600172718477,0.150611739347748,"m"
3114,-1.06010930332434,27.0676562884566,0.15063925125838,"m"
3115,-1.06033865087425,27.0752935484228,0.15066673292867,"m"
3116,-1.06056868123671,27.0829288421645,0.150694185389261,"m"
3117,-1.06079935307285,27.0905619600998,0.150721609670791,"m"
3118,-1.06103062504383,27.0981926926471,0.150749006803901,"m"
3119,-1.06126245581077,27.1058208302244,0.150776377819233,"m"
3120,-1.06149480403482,27.1134461632501,0.150803723747427,"m"
3121,-1.06172762837712,27.1210684821424,0.150831045619122,"m"
3122,-1.0619608874988,27.1286875773194,0.15085834446496,"m"
3123,-1.06219454006102,27.1363032391995,0.150885621315582,"m"
3124,-1.06242854472491,27.1439152582008,0.150912877201627,"m"
3125,-1.06266286015161,27.1515234247417,0.150940113153737,"m"
3126,-1.06289744500225,27.1591275292401,0.150967330202552,"m"
3127,-1.06313225793799,27.1667273621146,0.150994529378712,"m"
3128,-1.06336725761996,27.1743227137831,0.151021711712858,"m"
3129,-1.0636024027093,27.1819133746641,0.15104887823563,"m"
3130,-1.06383765186715,27.1894991351756,0.15107602997767,"m"
3131,-1.06407296375465,27.197079785736,0.151103167969617,"m"
3132,-1.06430829703295,27.2046551167633,0.151130293242113,"m"
3133,-1.06454361036318,27.212224918676,0.151157406825797,"m"
3134,-1.06477886240648,27.2197889818922,0.151184509751311,"m"
3135,-1.06501401182437,27.227347096853,0.15121160304928,"m"
3136,-1.06524901944265,27.2348991853211,0.151238687667689,"m"
3137,-1.0654838533407,27.2424456091824,0.15126576427755,"m"
3138,-1.06571848311575,27.2499868224222,0.151292833491917,"m"
3139,-1.06595287836504,27.2575232790257,0.151319895923841,"m"
3140,-1.06618700868582,27.2650554329782,0.151346952186378,"m"
3141,-1.06642084367533,27.2725837382652,0.151374002892579,"m"
3142,-1.06665435293082,27.2801086488719,0.151401048655498,"m"
3143,-1.06688750604952,27.2876306187835,0.151428090088189,"m"
3144,-1.06712027262869,27.2951501019855,0.151455127803704,"m"
3145,-1.06735262226555,27.3026675524632,0.151482162415096,"m"
3146,-1.06758452455735,27.3101834242018,0.15150919453542,"m"
3147,-1.06781594910135,27.3176981711867,0.151536224777727,"m"
3148,-1.06804686549477,27.3252122474032,0.151563253755072,"m"
3149,-1.06827724333486,27.3327261068365,0.151590282080507,"m"
3150,-1.06850705221886,27.3402402034721,0.151617310367085,"m"
3151,-1.06873626174403,27.3477549912952,0.15164433922786,"m"
3152,-1.06896484150758,27.3552709242911,0.151671369275886,"m"
3153,-1.06919276110679,27.3627884564452,0.151698401124214,"m"
3154,-1.06941999013887,27.3703080417428,0.151725435385899,"m"
3155,-1.06964649820108,27.3778301341691,0.151752472673994,"m"
3156,-1.06987225489066,27.3853551877096,0.151779513601551,"m"
3157,-1.07009722980485,27.3928836563494,0.151806558781624,"m"
3158,-1.07032139254089,27.4004159940739,0.151833608827267,"m"
3159,-1.07054471269603,27.4079526548685,0.151860664351531,"m"
3160,-1.07076715986751,27.4154940927185,0.151887725967472,"m"
3161,-1.07098870365256,27.4230407616091,0.151914794288141,"m"
3162,-1.07120931364845,27.4305931155256,0.151941869926592,"m"
3163,-1.07142895945239,27.4381516084535,0.151968953495878,"m"
3164,-1.07164761066165,27.445716694378,0.151996045609053,"m"
3165,-1.07186523687346,27.4532888272844,0.152023146879169,"m"
3166,-1.07208180782721,27.4608684543663,0.15205025790093,"m"
3167,-1.0722972995677,27.4684557215561,0.152077378455107,"m"
3168,-1.07251169681246,27.4760503604197,0.152104507202951,"m"
3169,-1.07272498490974,27.4836520723871,0.152131642724297,"m"
3170,-1.07293714920779,27.4912605588886,0.152158783598979,"m"
3171,-1.07314817505486,27.4988755213543,0.152185928406831,"m"
3172,-1.07335804779922,27.5064966612142,0.152213075727685,"m"
3173,-1.07356675278911,27.5141236798987,0.152240224141377,"m"
3174,-1.07377427537279,27.5217562788378,0.15226737222774,"m"
3175,-1.07398060089852,27.5293941594617,0.152294518566608,"m"
3176,-1.07418571471455,27.5370370232005,0.152321661737814,"m"
3177,-1.07438960216913,27.5446845714844,0.152348800321192,"m"
3178,-1.07459224861052,27.5523365057435,0.152375932896577,"m"
3179,-1.07479363938698,27.5599925274081,0.152403058043802,"m"
3180,-1.07499375984676,27.5676523379081,0.152430174342701,"m"
3181,-1.07519259533811,27.5753156386739,0.152457280373108,"m"
3182,-1.0753901312093,27.5829821311355,0.152484374714856,"m"
3183,-1.07558635280856,27.5906515167231,0.15251145594778,"m"
3184,-1.07578124548417,27.5983234968668,0.152538522651713,"m"
3185,-1.07597479458437,27.6059977729968,0.152565573406489,"m"
3186,-1.07616698545742,27.6136740465432,0.152592606791942,"m"
3187,-1.07635780345158,27.6213520189363,0.152619621387905,"m"
3188,-1.07654723391509,27.6290313916061,0.152646615774214,"m"
3189,-1.07673526219621,27.6367118659828,0.1526735885307,"m"
3190,-1.07692187364321,27.6443931434965,0.152700538237199,"m"
3191,-1.07710705360433,27.6520749255774,0.152727463473543,"m"
3192,-1.07729078742782,27.6597569136557,0.152754362819568,"m"
3193,-1.07747306046195,27.6674388091615,0.152781234855106,"m"
3194,-1.07765385805497,27.6751203135249,0.152808078159992,"m"
3195,-1.07783316555513,27.6828011281761,0.152834891314059,"m"
3196,-1.07801096831415,27.6904809545555,0.15286167289723,"m"
3197,-1.0781872687032,27.6981595441962,0.152888421929863,"m"
3198,-1.07836212557412,27.7058368148695,0.152915138893928,"m"
3199,-1.07853560947985,27.7135127187862,0.152941824574201,"m"
3200,-1.07870779097331,27.7211872081569,0.152968479755457,"m"
3201,-1.07887874060743,27.7288602351923,0.152995105222472,"m"
3202,-1.07904852893514,27.7365317521032,0.15302170176002,"m"
3203,-1.07921722650937,27.7442017111002,0.153048270152876,"m"
3204,-1.07938490388306,27.7518700643942,0.153074811185816,"m"
3205,-1.07955163160912,27.7595367641957,0.153101325643615,"m"
3206,-1.07971748024049,27.7672017627156,0.153127814311048,"m"
3207,-1.07988252033009,27.7748650121646,0.153154277972889,"m"
3208,-1.08004682243087,27.7825264647532,0.153180717413915,"m"
3209,-1.08021045709574,27.7901860726924,0.153207133418899,"m"
3210,-1.08037349487763,27.7978437881927,0.153233526772619,"m"
3211,-1.08053600632948,27.8054995634649,0.153259898259847,"m"
3212,-1.08069806200422,27.8131533507198,0.15328624866536,"m"
3213,-1.08085973245476,27.8208051021679,0.153312578773933,"m"
3214,-1.08102108823405,27.8284547700201,0.15333888937034,"m"
3215,-1.08118219989502,27.8361023064871,0.153365181239357,"m"
3216,-1.08134313799058,27.8437476637796,0.15339145516576,"m"
3217,-1.08150397307368,27.8513907941082,0.153417711934322,"m"
3218,-1.08166477569723,27.8590316496838,0.15344395232982,"m"
3219,-1.08182561641418,27.8666701827169,0.153470177137028,"m"
3220,-1.08198656577744,27.8743063454184,0.153496387140721,"m"
3221,-1.08214769433995,27.881940089999,0.153522583125675,"m"
3222,-1.08230907265464,27.8895713686693,0.153548765876664,"m"
3223,-1.08247077127443,27.8972001336401,0.153574936178465,"m"
3224,-1.08263286075227,27.9048263371221,0.153601094815851,"m"
3225,-1.08279541164106,27.912449931326,0.153627242573599,"m"
3226,-1.08295849449375,27.9200708684626,0.153653380236482,"m"
3227,-1.08312217051489,27.9276891217045,0.153679508572029,"m"
3228,-1.08328641863517,27.9353048487091,0.153705628195978,"m"
3229,-1.08345117503483,27.9429183029939,0.153731739645193,"m"
3230,-1.0836163755291,27.9505297388949,0.153757843455866,"m"
3231,-1.08378195593315,27.9581394107481,0.153783940164188,"m"
3232,-1.08394785206219,27.9657475728896,0.153810030306351,"m"
3233,-1.08411399973143,27.9733544796555,0.153836114418547,"m"
3234,-1.08428033475605,27.9809603853817,0.153862193036966,"m"
3235,-1.08444679295125,27.9885655444045,0.153888266697801,"m"
3236,-1.08461331013225,27.9961702110598,0.153914335937243,"m"
3237,-1.08477982211422,28.0037746396837,0.153940401291484,"m"
3238,-1.08494626471238,28.0113790846122,0.153966463296715,"m"
3239,-1.08511257374192,28.0189838001814,0.153992522489127,"m"
3240,-1.08527868501804,28.0265890407274,0.154018579404913,"m"
3241,-1.08544453435594,28.0341950605861,0.154044634580263,"m"
3242,-1.08561005757081,28.0418021140937,0.15407068855137,"m"
3243,-1.08577519047786,28.0494104555863,0.154096741854425,"m"
3244,-1.08593986889229,28.0570203393998,0.154122795025619,"m"
3245,-1.08610402862929,28.0646320198703,0.154148848601143,"m"
3246,-1.08626760550406,28.0722457513339,0.154174903117191,"m"
3247,-1.0864305353318,28.0798617881266,0.154200959109952,"m"
3248,-1.08659275392771,28.0874803845845,0.154227017115619,"m"
3249,-1.08675419710699,28.0951017950437,0.154253077670383,"m"
3250,-1.08691480068484,28.1027262738402,0.154279141310435,"m"
3251,-1.08707450047645,28.11035407531,0.154305208571968,"m"
3252,-1.08723323229703,28.1179854537893,0.154331279991172,"m"
3253,-1.08739093196177,28.125620663614,0.15435735610424,"m"
3254,-1.08754753528587,28.1332599591202,0.154383437447362,"m"
3255,-1.08770297808454,28.140903594644,0.154409524556731,"m"
3256,-1.08785719617296,28.1485518245214,0.154435617968537,"m"
3257,-1.0880101253694,28.1562049030753,0.154461718218899,"m"
3258,-1.08816171447737,28.1638630283806,0.154487825531021,"m"
3259,-1.08831195497074,28.171526213679,0.154513939099852,"m"
3260,-1.08846084707505,28.1791944343025,0.154540057909449,"m"
3261,-1.08860839101586,28.1868676655833,0.154566180943866,"m"
3262,-1.08875458701871,28.1945458828535,0.154592307187158,"m"
3263,-1.08889943530917,28.2022290614453,0.15461843562338,"m"
3264,-1.08904293611277,28.2099171766908,0.154644565236589,"m"
3265,-1.08918508965508,28.2176102039222,0.154670695010838,"m"
3266,-1.08932589616164,28.2253081184716,0.154696823930184,"m"
3267,-1.089465355858,28.2330108956712,0.154722950978681,"m"
3268,-1.08960346896972,28.2407185108531,0.154749075140384,"m"
3269,-1.08974023572235,28.2484309393494,0.15477519539935,"m"
3270,-1.08987565634143,28.2561481564924,0.154801310739632,"m"
3271,-1.09000973105253,28.263870137614,0.154827420145287,"m"
3272,-1.09014246008118,28.2715968580466,0.154853522600369,"m"
3273,-1.09027384365295,28.2793282931222,0.154879617088933,"m"
3274,-1.09040388199339,28.287064418173,0.154905702595036,"m"
3275,-1.09053257532803,28.2948052085311,0.154931778102731,"m"
3276,-1.09065992388245,28.3025506395286,0.154957842596075,"m"
3277,-1.09078592788218,28.3103006864978,0.154983895059122,"m"
3278,-1.09091058755278,28.3180553247708,0.155009934475928,"m"
3279,-1.0910339031198,28.3258145296796,0.155035959830547,"m"
3280,-1.09115587480879,28.3335782765565,0.155061970107035,"m"
3281,-1.09127650284531,28.3413465407336,0.155087964289448,"m"
3282,-1.0913957874549,28.349119297543,0.15511394136184,"m"
3283,-1.09151372886311,28.3568965223169,0.155139900308267,"m"
3284,-1.0916303272955,28.3646781903875,0.155165840112784,"m"
3285,-1.09174558297762,28.3724642770868,0.155191759759445,"m"
3286,-1.09185949613502,28.3802547577471,0.155217658232307,"m"
3287,-1.09197206699326,28.3880496077004,0.155243534515424,"m"
3288,-1.09208329931316,28.3958487767764,0.155269387616482,"m"
3289,-1.09219322762568,28.4036519928378,0.155295216748836,"m"
3290,-1.09230190230511,28.4114588694582,0.155321021231738,"m"
3291,-1.09240937385667,28.4192690192666,0.155346800385315,"m"
3292,-1.09251569278556,28.4270820548919,0.155372553529697,"m"
3293,-1.09262090959703,28.4348975889632,0.155398279985011,"m"
3294,-1.09272507479627,28.4427152341095,0.155423979071384,"m"
3295,-1.09282823888852,28.4505346029597,0.155449650108945,"m"
3296,-1.09293045237899,28.4583553081428,0.155475292417821,"m"
3297,-1.09303176577291,28.4661769622878,0.15550090531814,"m"
3298,-1.09313222957549,28.4739991780238,0.155526488130031,"m"
3299,-1.09323189429195,28.4818215679797,0.15555204017362,"m"
3300,-1.09333081042751,28.4896437447844,0.155577560769037,"m"
3301,-1.0934290284874,28.4974653210671,0.155603049236408,"m"
3302,-1.09352659897683,28.5052859094566,0.155628504895862,"m"
3303,-1.09362357240102,28.5131051225821,0.155653927067526,"m"
3304,-1.09371999926519,28.5209225730723,0.155679315071529,"m"
3305,-1.09381593007457,28.5287378735565,0.155704668227998,"m"
3306,-1.09391141533436,28.5365506366634,0.155729985857061,"m"
3307,-1.0940065055498,28.5443604750223,0.155755267278846,"m"
3308,-1.09410125122609,28.5521670012619,0.155780511813481,"m"
3309,-1.09419570286847,28.5599698280114,0.155805718781093,"m"
3310,-1.09428991098215,28.5677685678996,0.155830887501811,"m"
3311,-1.09438392607235,28.5755628335557,0.155856017295763,"m"
3312,-1.09447779864428,28.5833522376086,0.155881107483076,"m"
3313,-1.09457157920318,28.5911363926872,0.155906157383878,"m"
3314,-1.09466531825426,28.5989149114207,0.155931166318297,"m"
3315,-1.09475906630273,28.6066874064379,0.155956133606461,"m"
3316,-1.09485287385383,28.6144534903679,0.155981058568497,"m"
3317,-1.09494679141276,28.6222127758396,0.156005940524535,"m"
3318,-1.09504086886466,28.6299648885869,0.156030778828859,"m"
3319,-1.09513513622551,28.6377098742498,0.156055573930282,"m"
3320,-1.09522959991492,28.6454482771447,0.156080327577461,"m"
3321,-1.09532426498003,28.6531806705933,0.156105041594655,"m"
3322,-1.09541913646796,28.6609076279172,0.156129717806128,"m"
3323,-1.09551421942586,28.6686297224383,0.156154358036141,"m"
3324,-1.09560951890086,28.6763475274781,0.156178964108955,"m"
3325,-1.09570503994008,28.6840616163583,0.156203537848833,"m"
3326,-1.09580078759067,28.6917725624005,0.156228081080034,"m"
3327,-1.09589676689976,28.6994809389266,0.156252595626822,"m"
3328,-1.09599298291449,28.7071873192581,0.156277083313458,"m"
3329,-1.09608944068198,28.7148922767167,0.156301545964203,"m"
3330,-1.09618614524938,28.7225963846241,0.156325985403318,"m"
3331,-1.09628310166381,28.730300216302,0.156350403455067,"m"
3332,-1.09638031497241,28.738004345072,0.156374801943709,"m"
3333,-1.09647779022232,28.7457093442559,0.156399182693507,"m"
3334,-1.09657553246067,28.7534157871753,0.156423547528722,"m"
3335,-1.09667354673459,28.7611242471518,0.156447898273615,"m"
3336,-1.09677183809122,28.7688352975072,0.156472236752449,"m"
3337,-1.0968704115777,28.7765495115632,0.156496564789485,"m"
3338,-1.09696927224115,28.7842674626413,0.156520884208985,"m"
3339,-1.09706842512871,28.7919897240634,0.156545196835209,"m"
3340,-1.09716787528752,28.799716869151,0.15656950449242,"m"
3341,-1.09726762776471,28.8074494712258,0.156593809004879,"m"
3342,-1.09736768760741,28.8151881036096,0.156618112196849,"m"
3343,-1.09746805986276,28.8229333396239,0.156642415892589,"m"
3344,-1.09756874957789,28.8306857525905,0.156666721916362,"m"
3345,-1.09766976179994,28.8384459158311,0.15669103209243,"m"
3346,-1.09777110157604,28.8462144026673,0.156715348245054,"m"
3347,-1.09787277395332,28.8539917864208,0.156739672198496,"m"
3348,-1.09797478397893,28.8617786404133,0.156764005777017,"m"
3349,-1.09807713237699,28.8695754714904,0.156788350622389,"m"
3350,-1.09817978265982,28.8773822142803,0.156812706805533,"m"
3351,-1.09828267935378,28.8851985114585,0.156837073595903,"m"
3352,-1.09838576683345,28.8930240033664,0.156861450256545,"m"
3353,-1.09848898947339,28.9008583303454,0.156885836050504,"m"
3354,-1.09859229164819,28.9087011327371,0.156910230240828,"m"
3355,-1.09869561773243,28.9165520508829,0.156934632090561,"m"
3356,-1.09879891210067,28.9244107251242,0.15695904086275,"m"
3357,-1.0989021191275,28.9322767958024,0.156983455820441,"m"
3358,-1.09900518318749,28.9401499032591,0.15700787622668,"m"
3359,-1.09910804865522,28.9480296878357,0.157032301344512,"m"
3360,-1.09921065990527,28.9559157898735,0.157056730436985,"m"
3361,-1.0993129613122,28.9638078497142,0.157081162767144,"m"
3362,-1.09941489725061,28.9717055076991,0.157105597598034,"m"
3363,-1.09951641209505,28.9796084041696,0.157130034192703,"m"
3364,-1.09961745022012,28.9875161794673,0.157154471814196,"m"
3365,-1.09971795600038,28.9954284739336,0.157178909725559,"m"
3366,-1.09981787381042,29.0033449279099,0.157203347189838,"m"
3367,-1.0999171480248,29.0112651817376,0.157227783470079,"m"
3368,-1.1000157230181,29.0191888757583,0.157252217829328,"m"
3369,-1.10011354316491,29.0271156503134,0.157276649530631,"m"
3370,-1.1002105528398,29.0350451457443,0.157301077837035,"m"
3371,-1.10030669641734,29.0429770023925,0.157325502011585,"m"
3372,-1.10040191827211,29.0509108605994,0.157349921317327,"m"
3373,-1.10049616277868,29.0588463607065,0.157374335017308,"m"
3374,-1.10058937431164,29.0667831430552,0.157398742374573,"m"
3375,-1.10068149724555,29.074720847987,0.157423142652168,"m"
3376,-1.100772475955,29.0826591158433,0.157447535113139,"m"
3377,-1.10086225481457,29.0905975869656,0.157471919020533,"m"
3378,-1.10095077819881,29.0985359016954,0.157496293637396,"m"
3379,-1.10103799118479,29.1064737044592,0.157520658225621,"m"
3380,-1.10112386095783,29.1144107682539,0.157545012010848,"m"
3381,-1.10120838073141,29.1223470174426,0.157569354176035,"m"
3382,-1.10129154521204,29.1302823850708,0.157593683901693,"m"
3383,-1.1013733491062,29.1382168041841,0.157618000368329,"m"
3384,-1.1014537871204,29.1461502078282,0.157642302756453,"m"
3385,-1.10153285396112,29.1540825290485,0.157666590246576,"m"
3386,-1.10161054433487,29.1620137008906,0.157690862019206,"m"
3387,-1.10168685294813,29.1699436564002,0.157715117254853,"m"
3388,-1.1017617745074,29.1778723286228,0.157739355134027,"m"
3389,-1.10183530371917,29.185799650604,0.157763574837236,"m"
3390,-1.10190743528994,29.1937255553893,0.15778777554499,"m"
3391,-1.10197816392621,29.2016499760244,0.157811956437799,"m"
3392,-1.10204748433447,29.2095728455547,0.157836116696172,"m"
3393,-1.10211539122121,29.217494097026,0.157860255500618,"m"
3394,-1.10218187929292,29.2254136634837,0.157884372031648,"m"
3395,-1.10224694325611,29.2333314779735,0.15790846546977,"m"
3396,-1.10231057781726,29.2412474735409,0.157932534995494,"m"
3397,-1.10237277768288,29.2491615832315,0.157956579789329,"m"
3398,-1.10243353755945,29.2570737400909,0.157980599031785,"m"
3399,-1.10249285215347,29.2649838771647,0.158004591903372,"m"
3400,-1.10255071617143,29.2728919274983,0.158028557584598,"m"
3401,-1.10260712431983,29.2807978241375,0.158052495255973,"m"
3402,-1.10266207130517,29.2887015001278,0.158076404098007,"m"
3403,-1.10271555183393,29.2966028885147,0.158100283291208,"m"
3404,-1.10276756061262,29.3045019223438,0.158124132016088,"m"
3405,-1.10281809234772,29.3123985346608,0.158147949453154,"m"
3406,-1.10286714174573,29.3202926585112,0.158171734782916,"m"
3407,-1.10291470351315,29.3281842269405,0.158195487185885,"m"
3408,-1.10296077235647,29.3360731729944,0.158219205842568,"m"
3409,-1.10300534300606,29.3439594298238,0.158242889933745,"m"
3410,-1.10304842880128,29.3518430127056,0.158266538849266,"m"
3411,-1.10309009499121,29.3597241660071,0.158290152562193,"m"
3412,-1.10313041580552,29.3676031737291,0.158313731146485,"m"
3413,-1.10316946547391,29.3754803198722,0.158337274676102,"m"
3414,-1.10320731822604,29.3833558884374,0.158360783225003,"m"
3415,-1.1032440482916,29.3912301634255,0.158384256867148,"m"
3416,-1.10327972990027,29.3991034288371,0.158407695676496,"m"
3417,-1.10331443728174,29.4069759686732,0.158431099727006,"m"
3418,-1.10334824466567,29.4148480669344,0.158454469092639,"m"
3419,-1.10338122628175,29.4227200076217,0.158477803847353,"m"
3420,-1.10341345635966,29.4305920747357,0.158501104065108,"m"
3421,-1.10344500912908,29.4384645522773,0.158524369819863,"m"
3422,-1.1034759588197,29.4463377242473,0.158547601185578,"m"
3423,-1.10350637966118,29.4542118746465,0.158570798236212,"m"
3424,-1.10353634588322,29.4620872874756,0.158593961045725,"m"
3425,-1.10356593171548,29.4699642467355,0.158617089688076,"m"
3426,-1.10359521138766,29.4778430364269,0.158640184237225,"m"
3427,-1.10362425912943,29.4857239405506,0.15866324476713,"m"
3428,-1.10365314917048,29.4936072431075,0.158686271351752,"m"
3429,-1.10368195574047,29.5014932280983,0.15870926406505,"m"
3430,-1.1037107530691,29.5093821795238,0.158732222980983,"m"
3431,-1.10373961538604,29.5172743813848,0.158755148173511,"m"
3432,-1.10376861692098,29.5251701176821,0.158778039716594,"m"
3433,-1.10379783190359,29.5330696724165,0.15880089768419,"m"
3434,-1.10382733456355,29.5409733295887,0.158823722150259,"m"
3435,-1.10385719913055,29.5488813731997,0.158846513188761,"m"
3436,-1.10388749983426,29.5567940872501,0.158869270873654,"m"
3437,-1.10391831090436,29.5647117557408,0.158891995278899,"m"
3438,-1.10394970657054,29.5726346626725,0.158914686478456,"m"
3439,-1.10398176106248,29.5805630920461,0.158937344546282,"m"
3440,-1.10401454647026,29.5884973229332,0.158959969583985,"m"
3441,-1.10404806873387,29.5964374820111,0.158982562547917,"m"
3442,-1.10408225658884,29.6043835180961,0.159005125392018,"m"
3443,-1.10411703440368,29.6123353699439,0.159027660126653,"m"
3444,-1.1041523265469,29.6202929763102,0.159050168762189,"m"
3445,-1.10418805738699,29.6282562759506,0.159072653308991,"m"
3446,-1.10422415129248,29.6362252076208,0.159095115777428,"m"
3447,-1.10426053263186,29.6441997100764,0.159117558177863,"m"
3448,-1.10429712577364,29.6521797220733,0.159139982520664,"m"
3449,-1.10433385508632,29.660165182367,0.159162390816198,"m"
3450,-1.10437064493842,29.6681560297133,0.159184785074829,"m"
3451,-1.10440741969844,29.6761522028677,0.159207167306925,"m"
3452,-1.10444410373489,29.684153640586,0.159229539522851,"m"
3453,-1.10448062141626,29.6921602816239,0.159251903732975,"m"
3454,-1.10451689711108,29.700172064737,0.159274261947661,"m"
3455,-1.10455285518784,29.708188928681,0.159296616177278,"m"
3456,-1.10458842001506,29.7162108122116,0.159318968432189,"m"
3457,-1.10462351596123,29.7242376540844,0.159341320722763,"m"
3458,-1.10465806739487,29.7322693930553,0.159363675059365,"m"
3459,-1.10469199868448,29.7403059678797,0.159386033452361,"m"
3460,-1.10472523419856,29.7483473173134,0.159408397912118,"m"
3461,-1.10475769830563,29.7563933801121,0.159430770449002,"m"
3462,-1.10478931537419,29.7644440950315,0.159453153073379,"m"
3463,-1.10482000977275,29.7724994008272,0.159475547795615,"m"
3464,-1.10484970586981,29.7805592362549,0.159497956626077,"m"
3465,-1.10487832803387,29.7886235400703,0.159520381575131,"m"
3466,-1.10490580063346,29.796692251029,0.159542824653143,"m"
3467,-1.10493204803706,29.8047653078868,0.159565287870479,"m"
3468,-1.1049569946132,29.8128426493994,0.159587773237506,"m"
3469,-1.10498056473037,29.8209242143223,0.15961028276459,"m"
3470,-1.1050026827848,29.8290099413569,0.159632818460298,"m"
3471,-1.10502329326621,29.8370997297666,0.159655381028643,"m"
3472,-1.10504239617788,29.8451933698577,0.159677967569474,"m"
3473,-1.10506000102937,29.8532906332784,0.159700574565452,"m"
3474,-1.10507611733024,29.8613912916767,0.159723198499236,"m"
3475,-1.10509075459008,29.8694951167006,0.159745835853486,"m"
3476,-1.10510392231844,29.8776018799984,0.159768483110863,"m"
3477,-1.10511563002489,29.8857113532182,0.159791136754027,"m"
3478,-1.10512588721902,29.8938233080079,0.159813793265637,"m"
3479,-1.10513470341037,29.9019375160158,0.159836449128354,"m"
3480,-1.10514208810854,29.9100537488899,0.159859100824839,"m"
3481,-1.10514805082307,29.9181717782783,0.15988174483775,"m"
3482,-1.10515260106355,29.9262913758292,0.159904377649749,"m"
3483,-1.10515574833954,29.9344123131906,0.159926995743494,"m"
3484,-1.10515750216061,29.9425343620107,0.159949595601648,"m"
3485,-1.10515787203633,29.9506572939375,0.159972173706868,"m"
3486,-1.10515686747628,29.9587808806191,0.159994726541816,"m"
3487,-1.10515449799001,29.9669048937037,0.160017250589152,"m"
3488,-1.1051507730871,29.9750291048394,0.160039742331536,"m"
3489,-1.10514570227712,29.9831532856742,0.160062198251627,"m"
3490,-1.10513929506963,29.9912772078562,0.160084614832086,"m"
3491,-1.10513156097421,29.9994006430336,0.160106988555574,"m"
3492,-1.10512250950043,30.0075233628545,0.160129315904749,"m"
3493,-1.10511215015785,30.015645138967,0.160151593362273,"m"
3494,-1.10510049245605,30.0237657430191,0.160173817410805,"m"
3495,-1.10508754590459,30.031884946659,0.160195984533006,"m"
3496,-1.10507332001304,30.0400025215348,0.160218091211535,"m"
3497,-1.10505782429098,30.0481182392945,0.160240133929052,"m"
3498,-1.10504106824797,30.0562318715863,0.160262109168219,"m"
3499,-1.10502306139357,30.0643431900583,0.160284013411694,"m"
3500,-1.10500381323737,30.0724519663586,0.160305843142138,"m"
3501,-1.10498333603755,30.0805580216336,0.160327595499985,"m"
3502,-1.10496166177826,30.0886615322625,0.160349272346293,"m"
3503,-1.10493883105992,30.0967628297897,0.160370877604081,"m"
3504,-1.10491488451898,30.1048622464085,0.160392415204991,"m"
3505,-1.1048898627919,30.1129601143123,0.160413889080669,"m"
3506,-1.10486380651514,30.1210567656946,0.160435303162759,"m"
3507,-1.10483675632514,30.1291525327488,0.160456661382903,"m"
3508,-1.10480875285837,30.1372477476682,0.160477967672747,"m"
3509,-1.10477983675128,30.1453427426462,0.160499225963934,"m"
3510,-1.10475004864034,30.1534378498764,0.160520440188109,"m"
3511,-1.10471942916199,30.161533401552,0.160541614276915,"m"
3512,-1.1046880189527,30.1696297298665,0.160562752161996,"m"
3513,-1.10465585864891,30.1777271670132,0.160583857774997,"m"
3514,-1.10462298888709,30.1858260451857,0.160604935047561,"m"
3515,-1.1045894503037,30.1939266965772,0.160625987911332,"m"
3516,-1.10455528353518,30.2020294533813,0.160647020297955,"m"
3517,-1.104520529218,30.2101346477912,0.160668036139073,"m"
3518,-1.10448522798861,30.2182426120005,0.16068903936633,"m"
3519,-1.10444942048348,30.2263536782024,0.160710033911372,"m"
3520,-1.10441314733904,30.2344681785905,0.16073102370584,"m"
3521,-1.10437644919177,30.2425864453581,0.16075201268138,"m"
3522,-1.10433936667812,30.2507088106986,0.160773004769636,"m"
3523,-1.10430194043454,30.2588356068054,0.160794003902251,"m"
3524,-1.1042642110975,30.266967165872,0.160815014010869,"m"
3525,-1.10422621930344,30.2751038200917,0.160836039027135,"m"
3526,-1.10418800568883,30.283245901658,0.160857082882693,"m"
3527,-1.10414961089012,30.2913937427642,0.160878149509186,"m"
3528,-1.10411107554376,30.2995476756038,0.160899242838259,"m"
3529,-1.10407244028622,30.3077080323701,0.160920366801555,"m"
3530,-1.10403374575395,30.3158751452566,0.160941525330719,"m"
3531,-1.10399503258168,30.3240493463183,0.160962722355076,"m"
3532,-1.10395634023328,30.3322308741459,0.160983960236752,"m"
3533,-1.10391770496884,30.3404197115812,0.161005237049531,"m"
3534,-1.1038791625054,30.3486157981176,0.161026550140332,"m"
3535,-1.10384074856003,30.3568190732485,0.161047896856074,"m"
3536,-1.10380249884976,30.3650294764671,0.161069274543676,"m"
3537,-1.10376444909164,30.3732469472667,0.161090680550057,"m"
3538,-1.10372663500273,30.3814714251407,0.161112112222136,"m"
3539,-1.10368909230006,30.3897028495823,0.161133566906832,"m"
3540,-1.1036518567007,30.3979411600849,0.161155041951064,"m"
3541,-1.10361496392169,30.4061862961417,0.161176534701752,"m"
3542,-1.10357844968007,30.4144381972462,0.161198042505813,"m"
3543,-1.1035423496929,30.4226968028915,0.161219562710169,"m"
3544,-1.10350669967723,30.430962052571,0.161241092661737,"m"
3545,-1.1034715353501,30.439233885778,0.161262629707436,"m"
3546,-1.10343689242856,30.4475122420058,0.161284171194187,"m"
3547,-1.10340280662967,30.4557970607478,0.161305714468907,"m"
3548,-1.10336931367046,30.4640882814971,0.161327256878516,"m"
3549,-1.10333644926799,30.4723858437472,0.161348795769932,"m"
3550,-1.10330424913932,30.4806896869913,0.161370328490076,"m"
3551,-1.10327274900147,30.4889997507228,0.161391852385866,"m"
3552,-1.10324198457152,30.4973159744349,0.161413364804221,"m"
3553,-1.10321199156649,30.505638297621,0.16143486309206,"m"
3554,-1.10318280570345,30.5139666597744,0.161456344596302,"m"
3555,-1.10315446269944,30.5223010003883,0.161477806663867,"m"
3556,-1.10312699827151,30.5306412589562,0.161499246641673,"m"
3557,-1.10310044813672,30.5389873749712,0.16152066187664,"m"
3558,-1.10307484801209,30.5473392879267,0.161542049715686,"m"
3559,-1.1030502336147,30.555696937316,0.161563407505731,"m"
3560,-1.10302664066158,30.5640602626325,0.161584732593693,"m"
3561,-1.10300410486978,30.5724292033693,0.161606022326493,"m"
3562,-1.1029826425016,30.5808036779818,0.161627274346915,"m"
3563,-1.10296213167022,30.5891834555322,0.161648488398716,"m"
3564,-1.10294239070774,30.5975682404361,0.161669665134798,"m"
3565,-1.10292323770716,30.6059577368508,0.161690805211701,"m"
3566,-1.1029044907615,30.6143516489335,0.161711909285966,"m"
3567,-1.10288596796375,30.6227496808413,0.161732978014132,"m"
3568,-1.10286748740693,30.6311515367314,0.161754012052739,"m"
3569,-1.10284886718405,30.639556920761,0.161775012058326,"m"
3570,-1.1028299253881,30.6479655370872,0.161795978687435,"m"
3571,-1.10281048011211,30.6563770898672,0.161816912596603,"m"
3572,-1.10279034944908,30.6647912832583,0.161837814442372,"m"
3573,-1.10276935149201,30.6732078214174,0.161858684881281,"m"
3574,-1.10274730433392,30.681626408502,0.161879524569871,"m"
3575,-1.10272402606781,30.690046748669,0.161900334164679,"m"
3576,-1.10269933478669,30.6984685460757,0.161921114322248,"m"
3577,-1.10267304858357,30.7068915048793,0.161941865699115,"m"
3578,-1.10264498555146,30.7153153292369,0.161962588951823,"m"
3579,-1.10261496378335,30.7237397233057,0.161983284736909,"m"
3580,-1.10258280137227,30.7321643912429,0.162003953710914,"m"
3581,-1.10254831641122,30.7405890372057,0.162024596530378,"m"
3582,-1.1025113269932,30.7490133653511,0.16204521385184,"m"
3583,-1.10247165121123,30.7574370798365,0.162065806331841,"m"
3584,-1.10242910715832,30.765859884819,0.16208637462692,"m"
3585,-1.10238351292746,30.7742814844556,0.162106919393617,"m"
3586,-1.10233468661167,30.7827015829037,0.162127441288472,"m"
3587,-1.10228244630396,30.7911198843204,0.162147940968025,"m"
3588,-1.10222661009733,30.7995360928629,0.162168419088815,"m"
3589,-1.10216699608479,30.8079499126883,0.162188876307383,"m"
3590,-1.10210342235935,30.8163610479538,0.162209313280267,"m"
3591,-1.10203570701402,30.8247692028166,0.162229730664009,"m"
3592,-1.10196367732259,30.8331740974203,0.162250129114155,"m"
3593,-1.10188737504855,30.8415758253997,0.162270509263047,"m"
3594,-1.10180705831258,30.8499748571322,0.162290871719623,"m"
3595,-1.10172299478963,30.8583716796322,0.162311217091787,"m"
3596,-1.10163545215467,30.8667667799141,0.162331545987441,"m"
3597,-1.10154469808263,30.8751606449923,0.162351859014489,"m"
3598,-1.10145100024849,30.8835537618811,0.162372156780836,"m"
3599,-1.10135462632719,30.891946617595,0.162392439894383,"m"
3600,-1.10125584399369,30.9003396991482,0.162412708963036,"m"
3601,-1.10115492092295,30.9087334935552,0.162432964594698,"m"
3602,-1.10105212478991,30.9171284878304,0.162453207397271,"m"
3603,-1.10094772326954,30.9255251689881,0.16247343797866,"m"
3604,-1.10084198403679,30.9339240240427,0.162493656946769,"m"
3605,-1.10073517476661,30.9423255400086,0.162513864909499,"m"
3606,-1.10062756313397,30.9507302039001,0.162534062474757,"m"
3607,-1.10051941681381,30.9591385027317,0.162554250250444,"m"
3608,-1.10041100348109,30.9675509235176,0.162574428844464,"m"
3609,-1.10030259081077,30.9759679532724,0.162594598864721,"m"
3610,-1.10019444647779,30.9843900790103,0.162614760919119,"m"
3611,-1.10008683815713,30.9928177877458,0.162634915615561,"m"
3612,-1.09998003352372,31.0012515664932,0.16265506356195,"m"
3613,-1.09987430025253,31.0096919022669,0.16267520536619,"m"
3614,-1.09976990601852,31.0181392820813,0.162695341636185,"m"
3615,-1.09966711849662,31.0265941929507,0.162715472979838,"m"
3616,-1.09956620536182,31.0350571218895,0.162735600005053,"m"
3617,-1.09946743428904,31.0435285559122,0.162755723319733,"m"
3618,-1.09937107295326,31.052008982033,0.162775843531782,"m"
3619,-1.09927738902943,31.0604988872664,0.162795961249103,"m"
3620,-1.0991866501925,31.0689987586267,0.1628160770796,"m"
3621,-1.09909912411743,31.0775090831283,0.162836191631176,"m"
3622,-1.09901507847917,31.0860303477856,0.162856305511736,"m"
3623,-1.09893473190778,31.0945629671399,0.16287641927812,"m"
3624,-1.09885795842568,31.1031068465094,0.16289653312839,"m"
3625,-1.09878448432475,31.1116616729126,0.162916647106801,"m"
3626,-1.09871403533261,31.1202271325342,0.162936761257022,"m"
3627,-1.09864633717684,31.1288029115589,0.16295687562272,"m"
3628,-1.09858111558506,31.1373886961712,0.162976990247563,"m"
3629,-1.09851809628486,31.1459841725559,0.162997105175219,"m"
3630,-1.09845700500384,31.1545890268975,0.163017220449356,"m"
3631,-1.0983975674696,31.1632029453808,0.163037336113642,"m"
3632,-1.09833950940975,31.1718256141903,0.163057452211744,"m"
3633,-1.09828255655189,31.1804567195107,0.163077568787331,"m"
3634,-1.09822643462361,31.1890959475267,0.163097685884071,"m"
3635,-1.09817086935251,31.1977429844229,0.16311780354563,"m"
3636,-1.0981155864662,31.206397516384,0.163137921815678,"m"
3637,-1.09806031169228,31.2150592295946,0.163158040737882,"m"
3638,-1.09800477075834,31.2237278102393,0.163178160355909,"m"
3639,-1.09794868939199,31.2324029445029,0.163198280713429,"m"
3640,-1.09789179332083,31.2410843185699,0.163218401854108,"m"
3641,-1.09783380827247,31.249771618625,0.163238523821614,"m"
3642,-1.09777445997449,31.2584645308528,0.163258646659616,"m"
3643,-1.0977134741545,31.267162741438,0.163278770411782,"m"
3644,-1.0976505765401,31.2758659365653,0.163298895121778,"m"
3645,-1.09758549285889,31.2845738024193,0.163319020833274,"m"
3646,-1.09751794883847,31.2932860251846,0.163339147589936,"m"
3647,-1.09744767020645,31.3020022910458,0.163359275435434,"m"
3648,-1.09737438269042,31.3107222861877,0.163379404413434,"m"
3649,-1.09729781201799,31.3194456967949,0.163399534567604,"m"
3650,-1.09721768391675,31.328172209052,0.163419665941614,"m"
3651,-1.0971337241143,31.3369015091437,0.163439798579129,"m"
3652,-1.09704565833825,31.3456332832546,0.163459932523819,"m"
3653,-1.09695322197006,31.3543672209814,0.163480067813697,"m"
3654,-1.09685637242993,31.3631030903962,0.163500204356752,"m"
3655,-1.09675528917686,31.3718407380469,0.163520341930947,"m"
3656,-1.09665016132366,31.3805800138933,0.163540480308588,"m"
3657,-1.09654117798318,31.3893207678951,0.163560619261985,"m"
3658,-1.09642852826825,31.3980628500121,0.163580758563447,"m"
3659,-1.0963124012917,31.4068061102041,0.16360089798528,"m"
3660,-1.09619298616636,31.4155503984309,0.163621037299796,"m"
3661,-1.09607047200507,31.4242955646524,0.1636411762793,"m"
3662,-1.09594504792066,31.4330414588281,0.163661314696103,"m"
3663,-1.09581690302597,31.4417879309181,0.163681452322512,"m"
3664,-1.09568622643383,31.4505348308819,0.163701588930837,"m"
3665,-1.09555320725707,31.4592820086795,0.163721724293385,"m"
3666,-1.09541803460853,31.4680293142706,0.163741858182465,"m"
3667,-1.09528089760103,31.476776597615,0.163761990370385,"m"
3668,-1.09514198534742,31.4855237086725,0.163782120629454,"m"
3669,-1.09500148696053,31.4942704974028,0.163802248731981,"m"
3670,-1.09485959155319,31.5030168137658,0.163822374450274,"m"
3671,-1.09471648823823,31.5117625077212,0.163842497556641,"m"
3672,-1.09457236612849,31.5205074292289,0.163862617823391,"m"
3673,-1.0944274143368,31.5292514282485,0.163882735022832,"m"
3674,-1.09428182197599,31.53799435474,0.163902848927273,"m"
3675,-1.09413577815891,31.546736058663,0.163922959309022,"m"
3676,-1.09398947199837,31.5554763899774,0.163943065940388,"m"
3677,-1.09384309260722,31.5642151986429,0.16396316859368,"m"
3678,-1.09369682909829,31.5729523346193,0.163983267041205,"m"
3679,-1.09355087058442,31.5816876478665,0.164003361055272,"m"
3680,-1.09340540617843,31.5904209883442,0.164023450408189,"m"
3681,-1.09326062499316,31.5991522060121,0.164043534872266,"m"
3682,-1.09311671614144,31.6078811508302,0.164063614219811,"m"
3683,-1.09297386849547,31.6166076732356,0.164083688222671,"m"
3684,-1.09283220799253,31.6253317485587,0.164103756532114,"m"
3685,-1.09269171379336,31.6340536434045,0.164123818518194,"m"
3686,-1.09255234417415,31.6427736658229,0.164143873510953,"m"
3687,-1.09241405741108,31.651492123864,0.164163920840432,"m"
3688,-1.09227681178036,31.6602093255776,0.164183959836671,"m"
3689,-1.09214056555818,31.6689255790136,0.164203989829712,"m"
3690,-1.09200527702074,31.6776411922221,0.164224010149595,"m"
3691,-1.09187090444421,31.686356473253,0.164244020126361,"m"
3692,-1.09173740610481,31.6950717301562,0.164264019090051,"m"
3693,-1.09160474027873,31.7037872709816,0.164284006370706,"m"
3694,-1.09147286524215,31.7125034037793,0.164303981298367,"m"
3695,-1.09134173927127,31.7212204365992,0.164323943203075,"m"
3696,-1.09121132064228,31.7299386774911,0.16434389141487,"m"
3697,-1.09108156763139,31.7386584345051,0.164363825263795,"m"
3698,-1.09095243851477,31.7473800156911,0.164383744079889,"m"
3699,-1.09082389156864,31.7561037290991,0.164403647193193,"m"
3700,-1.09069588506917,31.764829882779,0.164423533933749,"m"
3701,-1.09056837729257,31.7735587847806,0.164443403631597,"m"
3702,-1.09044132651502,31.7822907431541,0.164463255616778,"m"
3703,-1.09031469101273,31.7910260659493,0.164483089219334,"m"
3704,-1.09018842906188,31.7997650612162,0.164502903769305,"m"
3705,-1.09006249893867,31.8085080370047,0.164522698596731,"m"
3706,-1.08993685891929,31.8172553013648,0.164542473031655,"m"
3707,-1.08981146727994,31.8260071623464,0.164562226404117,"m"
3708,-1.08968628229681,31.8347639279995,0.164581958044157,"m"
3709,-1.0895612622461,31.843525906374,0.164601667281817,"m"
3710,-1.08943636540399,31.8522934055198,0.164621353447137,"m"
3711,-1.08931155004668,31.8610667334869,0.164641015870159,"m"
3712,-1.08918677445037,31.8698461983253,0.164660653880924,"m"
3713,-1.08906199689125,31.8786321080848,0.164680266809471,"m"
3714,-1.08893717567907,31.8874247609437,0.164699854037509,"m"
3715,-1.08881226988402,31.8962242314542,0.164719416117123,"m"
3716,-1.08868723933022,31.9050303724315,0.164738954760897,"m"
3717,-1.08856204387412,31.9138430271959,0.164758471731103,"m"
3718,-1.08843664337215,31.9226620390682,0.164777968790016,"m"
3719,-1.08831099768074,31.931487251369,0.164797447699908,"m"
3720,-1.08818506665631,31.9403185074187,0.164816910223053,"m"
3721,-1.08805881015531,31.9491556505382,0.164836358121725,"m"
3722,-1.08793218803415,31.9579985240479,0.164855793158196,"m"
3723,-1.08780516014929,31.9668469712684,0.16487521709474,"m"
3724,-1.08767768635714,31.9757008355203,0.16489463169363,"m"
3725,-1.08754972651414,31.9845599601243,0.164914038717141,"m"
3726,-1.08742124047672,31.993424188401,0.164933439927544,"m"
3727,-1.08729218810131,32.0022933636709,0.164952837087114,"m"
3728,-1.08716252924434,32.0111673292547,0.164972231958123,"m"
3729,-1.08703222376225,32.0200459284728,0.164991626302846,"m"
3730,-1.08690123151146,32.0289290046461,0.165011021883555,"m"
3731,-1.08676951234842,32.037816401095,0.165030420462524,"m"
3732,-1.08663702612954,32.0467079611401,0.165049823802027,"m"
3733,-1.08650373271126,32.0556035281021,0.165069233664336,"m"
3734,-1.08636959195002,32.0645029453015,0.165088651811725,"m"
3735,-1.08623456370225,32.073406056059,0.165108080006467,"m"
3736,-1.08609860782437,32.0823127036951,0.165127520010836,"m"
3737,-1.08596168417282,32.0912227315305,0.165146973587105,"m"
3738,-1.08582375260403,32.1001359828857,0.165166442497548,"m"
3739,-1.08568477297443,32.1090523010814,0.165185928504437,"m"
3740,-1.08554470514045,32.1179715294381,0.165205433370046,"m"
3741,-1.08540350895853,32.1268935112765,0.165224958856649,"m"
3742,-1.0852611442851,32.1358180899171,0.165244506726519,"m"
3743,-1.08511757097658,32.1447451086806,0.165264078741928,"m"
3744,-1.08497274893145,32.1536744107499,0.165283676661571,"m"
3745,-1.0848266485579,32.1626058049032,0.165303301348721,"m"
3746,-1.08467926455126,32.1715390204116,0.165322951597424,"m"
3747,-1.08453059502707,32.1804737753499,0.165342625910324,"m"
3748,-1.08438063810087,32.1894097877927,0.165362322790067,"m"
3749,-1.08422939188821,32.1983467758148,0.165382040739298,"m"
3750,-1.08407685450462,32.2072844574909,0.165401778260662,"m"
3751,-1.08392302406565,32.2162225508957,0.165421533856806,"m"
3752,-1.08376789868685,32.2251607741039,0.165441306030373,"m"
3753,-1.08361147648375,32.2340988451901,0.16546109328401,"m"
3754,-1.08345375557189,32.2430364822292,0.165480894120362,"m"
3755,-1.08329473406683,32.2519734032958,0.165500707042074,"m"
3756,-1.08313441008409,32.2609093264646,0.165520530551791,"m"
3757,-1.08297278173923,32.2698439698103,0.16554036315216,"m"
3758,-1.08280984714779,32.2787770514076,0.165560203345825,"m"
3759,-1.0826456044253,32.2877082893313,0.165580049635432,"m"
3760,-1.08248005168732,32.296637401656,0.165599900523625,"m"
3761,-1.08231318704938,32.3055641064565,0.165619754513051,"m"
3762,-1.08214500862702,32.3144881218074,0.165639610106355,"m"
3763,-1.0819755145358,32.3234091657835,0.165659465806182,"m"
3764,-1.08180470289124,32.3323269564594,0.165679320115178,"m"
3765,-1.0816325718089,32.34124121191,0.165699171535987,"m"
3766,-1.08145911940431,32.3501516502098,0.165719018571255,"m"
3767,-1.08128434379301,32.3590579894336,0.165738859723628,"m"
3768,-1.08110824309056,32.3679599476561,0.165758693495751,"m"
3769,-1.08093081541249,32.3768572429519,0.16577851839027,"m"
3770,-1.08075205887435,32.3857495933959,0.165798332909829,"m"
3771,-1.08057197159167,32.3946367170627,0.165818135557073,"m"
3772,-1.08039055168001,32.4035183320271,0.16583792483465,"m"
3773,-1.08020779725489,32.4123941563636,0.165857699245203,"m"
3774,-1.08002370643187,32.4212639081471,0.165877457291378,"m"
3775,-1.0798382845049,32.4301273823682,0.165897197701882,"m"
3776,-1.07965157910956,32.4389848277041,0.165916920538839,"m"
3777,-1.07946365335212,32.4478366585987,0.165936626351574,"m"
3778,-1.07927457036171,32.456683289741,0.165956315690132,"m"
3779,-1.07908439326745,32.4655251358198,0.165975989104558,"m"
3780,-1.07889318519847,32.4743626115241,0.165995647144895,"m"
3781,-1.07870100928391,32.4831961315429,0.16601529036119,"m"
3782,-1.07850792865287,32.492026110565,0.166034919303486,"m"
3783,-1.07831400643451,32.5008529632795,0.166054534521828,"m"
3784,-1.07811930575793,32.5096771043752,0.166074136566262,"m"
3785,-1.07792388975227,32.518498948541,0.166093725986832,"m"
3786,-1.07772782154666,32.5273189104659,0.166113303333583,"m"
3787,-1.07753116427022,32.5361374048388,0.166132869156558,"m"
3788,-1.07733398105208,32.5449548463487,0.166152424005805,"m"
3789,-1.07713633502137,32.5537716496844,0.166171968431366,"m"
3790,-1.07693828930721,32.562588229535,0.166191502983286,"m"
3791,-1.07673990703874,32.5714050005893,0.166211028211612,"m"
3792,-1.07654125134508,32.5802223775363,0.166230544666386,"m"
3793,-1.07634238535536,32.5890407750648,0.166250052897654,"m"
3794,-1.0761433721987,32.5978606078639,0.166269553455461,"m"
3795,-1.07594427500424,32.6066822906224,0.166289046889851,"m"
3796,-1.07574515690109,32.6155062380293,0.16630853375087,"m"
3797,-1.07554608101839,32.6243328647735,0.166328014588562,"m"
3798,-1.07534711048527,32.6331625855439,0.166347489952971,"m"
3799,-1.07514830843085,32.6419958150295,0.166366960394142,"m"
3800,-1.07494973798426,32.6508329679193,0.166386426462121,"m"
3801,-1.07475146227463,32.659674458902,0.166405888706952,"m"
3802,-1.07455354443108,32.6685207026667,0.166425347678679,"m"
3803,-1.07435604758275,32.6773721139023,0.166444803927348,"m"
3804,-1.07415903485875,32.6862291072977,0.166464258003003,"m"
3805,-1.07396256923439,32.695092096799,0.166483710455261,"m"
3806,-1.07376667687892,32.7039613186223,0.166503161731459,"m"
3807,-1.07357129968093,32.7128366020066,0.166522612044721,"m"
3808,-1.07337636778254,32.7217177194695,0.166542061575531,"m"
3809,-1.07318181132592,32.7306044435286,0.166561510504371,"m"
3810,-1.0729875604532,32.7394965467013,0.166580959011725,"m"
3811,-1.07279354530653,32.7483938015054,0.166600407278075,"m"
3812,-1.07259969602805,32.7572959804583,0.166619855483904,"m"
3813,-1.0724059427599,32.7662028560775,0.166639303809696,"m"
3814,-1.07221221564423,32.7751142008807,0.166658752435933,"m"
3815,-1.07201844482319,32.7840297873854,0.166678201543098,"m"
3816,-1.07182456043891,32.7929493881091,0.166697651311674,"m"
3817,-1.07163049263354,32.8018727755694,0.166717101922144,"m"
3818,-1.07143617154923,32.810799722284,0.16673655355499,"m"
3819,-1.07124152732811,32.8197300007702,0.166756006390697,"m"
3820,-1.07104649011234,32.8286633835457,0.166775460609746,"m"
3821,-1.07085099004405,32.837599643128,0.166794916392621,"m"
3822,-1.0706549572654,32.8465385520347,0.166814373919804,"m"
3823,-1.07045832191851,32.8554798827834,0.166833833371779,"m"
3824,-1.07026101414555,32.8644234078915,0.166853294929029,"m"
3825,-1.07006296408865,32.8733688998768,0.166872758772035,"m"
3826,-1.06986410188995,32.8823161312566,0.166892225081282,"m"
3827,-1.0696643576916,32.8912648745486,0.166911694037252,"m"
3828,-1.06946366163575,32.9002149022703,0.166931165820429,"m"
3829,-1.06926194386453,32.9091659869393,0.166950640611294,"m"
3830,-1.0690591345201,32.9181179010732,0.166970118590331,"m"
3831,-1.06885516374459,32.9270704171894,0.166989599938023,"m"
3832,-1.06864996168015,32.9360233078057,0.167009084834853,"m"
3833,-1.06844345846893,32.9449763454394,0.167028573461304,"m"
3834,-1.06823558425306,32.9539293026082,0.167048065997858,"m"
3835,-1.06802626917469,32.9628819518296,0.167067562624999,"m"
3836,-1.06781545290836,32.9718340636547,0.167087063428328,"m"
3837,-1.06760313079445,32.9807853971514,0.167106567939374,"m"
3838,-1.067389318322,32.9897357072309,0.167126075489114,"m"
3839,-1.06717403100782,32.9986847487989,0.167145585408249,"m"
3840,-1.06695728436873,33.0076322767608,0.16716509702748,"m"
3841,-1.06673909392156,33.0165780460224,0.167184609677507,"m"
3842,-1.06651947518313,33.0255218114891,0.167204122689032,"m"
3843,-1.06629844367025,33.0344633280666,0.167223635392756,"m"
3844,-1.06607601489974,33.0434023506605,0.16724314711938,"m"
3845,-1.06585220438844,33.0523386341763,0.167262657199603,"m"
3846,-1.06562702765316,33.0612719335196,0.167282164964128,"m"
3847,-1.06540050021071,33.070202003596,0.167301669743656,"m"
3848,-1.06517263757793,33.0791285993112,0.167321170868886,"m"
3849,-1.06494345527163,33.0880514755706,0.16734066767052,"m"
3850,-1.06471296880863,33.0969703872798,0.16736015947926,"m"
3851,-1.06448119370575,33.1058850893445,0.167379645625805,"m"
3852,-1.06424814547982,33.1147953366702,0.167399125440857,"m"
3853,-1.06401383964766,33.1237008841626,0.167418598255117,"m"
3854,-1.06377829172608,33.1326014867271,0.167438063399285,"m"
3855,-1.0635415172319,33.1414968992694,0.167457520204062,"m"
3856,-1.06330353168196,33.1503868766951,0.16747696800015,"m"
3857,-1.06306435059307,33.1592711739097,0.167496406118249,"m"
3858,-1.06282398948204,33.1681495458189,0.167515833889061,"m"
3859,-1.06258246386571,33.1770217473282,0.167535250643285,"m"
3860,-1.06233978926088,33.1858875333432,0.167554655711624,"m"
3861,-1.06209598118439,33.1947466587694,0.167574048424777,"m"
3862,-1.06185105515305,33.2035988785126,0.167593428113446,"m"
3863,-1.06160502668369,33.2124439474782,0.167612794108332,"m"
3864,-1.06135791129312,33.2212816205719,0.167632145740135,"m"
3865,-1.06110972449817,33.2301116526991,0.167651482339557,"m"
3866,-1.06086048220438,33.2389338221136,0.167670803285302,"m"
3867,-1.06061020718757,33.2477483197102,0.167690108804472,"m"
3868,-1.06035892810894,33.256555689874,0.167709399850951,"m"
3869,-1.06010667382001,33.2653564884197,0.167728677402122,"m"
3870,-1.05985347317229,33.2741512711613,0.167747942435368,"m"
3871,-1.05959935501728,33.2829405939134,0.167767195928069,"m"
3872,-1.05934434820649,33.2917250124902,0.167786438857609,"m"
3873,-1.05908848159144,33.3005050827061,0.16780567220137,"m"
3874,-1.05883178402362,33.3092813603754,0.167824896936735,"m"
3875,-1.05857428435455,33.3180544013125,0.167844114041085,"m"
3876,-1.05831601143574,33.3268247613317,0.167863324491803,"m"
3877,-1.05805699411869,33.3355929962474,0.167882529266272,"m"
3878,-1.05779726125491,33.344359661874,0.167901729341874,"m"
3879,-1.05753684169592,33.3531253140256,0.167920925695991,"m"
3880,-1.05727576429321,33.3618905085168,0.167940119306005,"m"
3881,-1.0570140578983,33.3706558011619,0.167959311149299,"m"
3882,-1.05675175136269,33.3794217477751,0.167978502203256,"m"
3883,-1.0564888735379,33.3881889041709,0.167997693445257,"m"
3884,-1.05622545327542,33.3969578261635,0.168016885852685,"m"
3885,-1.05596151942678,33.4057290695674,0.168036080402923,"m"
3886,-1.05569710084347,33.4145031901969,0.168055278073352,"m"
3887,-1.05543222637702,33.4232807438662,0.168074479841355,"m"
3888,-1.05516692487891,33.4320622863899,0.168093686684314,"m"
3889,-1.05490122520067,33.4408483735821,0.168112899579613,"m"
3890,-1.0546351561938,33.4496395612573,0.168132119504632,"m"
3891,-1.0543687467098,33.4584364052298,0.168151347436755,"m"
3892,-1.0541020256002,33.467239461314,0.168170584353364,"m"
3893,-1.05383502171649,33.4760492853241,0.168189831231841,"m"
3894,-1.05356776391018,33.4848664330746,0.168209089049568,"m"
3895,-1.05330028103278,33.4936914603797,0.168228358783929,"m"
3896,-1.05303260193581,33.5025249230539,0.168247641412304,"m"
3897,-1.0527647569176,33.5113672722036,0.168266937771751,"m"
3898,-1.05249678464139,33.5202183535657,0.168286247888021,"m"
3899,-1.05222872676977,33.5290777958142,0.168305571495967,"m"
3900,-1.05196062496919,33.5379452273437,0.168324908330064,"m"
3901,-1.05169252090606,33.5468202765491,0.168344258124789,"m"
3902,-1.05142445624685,33.5557025718252,0.16836362061462,"m"
3903,-1.05115647265798,33.5645917415667,0.168382995534033,"m"
3904,-1.05088861180589,33.5734874141685,0.168402382617504,"m"
3905,-1.05062091535703,33.5823892180253,0.168421781599511,"m"
3906,-1.05035342497784,33.591296781532,0.16844119221453,"m"
3907,-1.05008618233474,33.6002097330832,0.168460614197038,"m"
3908,-1.04981922909419,33.6091277010739,0.168480047281512,"m"
3909,-1.04955260692262,33.6180503138988,0.168499491202429,"m"
3910,-1.04928635748647,33.6269771999527,0.168518945694265,"m"
3911,-1.04902052245218,33.6359079876303,0.168538410491497,"m"
3912,-1.04875514348619,33.6448423053266,0.168557885328602,"m"
3913,-1.04849026225493,33.6537797814362,0.168577369940057,"m"
3914,-1.04822592042486,33.6627200443541,0.168596864060338,"m"
3915,-1.0479621596624,33.6716627224748,0.168616367423922,"m"
3916,-1.04769902163399,33.6806074441933,0.168635879765286,"m"
3917,-1.04743654800609,33.6895538379044,0.168655400818907,"m"
3918,-1.04717478044511,33.6985015320028,0.168674930319261,"m"
3919,-1.04691376061751,33.7074501548834,0.168694468000826,"m"
3920,-1.04665353018972,33.7163993349408,0.168714013598077,"m"
3921,-1.04639413082819,33.72534870057,0.168733566845493,"m"
3922,-1.04613560419934,33.7342978801657,0.168753127477549,"m"
3923,-1.04587799196963,33.7432465021227,0.168772695228722,"m"
3924,-1.04562133580548,33.7521941948358,0.168792269833489,"m"
3925,-1.04536567737335,33.7611405866997,0.168811851026327,"m"
3926,-1.04511105833966,33.7700853061094,0.168831438541713,"m"
3927,-1.04485751391645,33.779027989981,0.168851032079054,"m"
3928,-1.04460496679312,33.7879684237909,0.168870630726376,"m"
3929,-1.04435324408254,33.7969065192017,0.1688902330524,"m"
3930,-1.04410216986072,33.8058421918857,0.168909837609345,"m"
3931,-1.04385156820371,33.814775357515,0.168929442949431,"m"
3932,-1.04360126318751,33.8237059317617,0.168949047624879,"m"
3933,-1.04335107888816,33.8326338302981,0.168968650187908,"m"
3934,-1.04310083938168,33.8415589687964,0.168988249190738,"m"
3935,-1.04285036874411,33.8504812629286,0.169007843185589,"m"
3936,-1.04259949105145,33.859400628367,0.169027430724681,"m"
3937,-1.04234803037975,33.8683169807838,0.169047010360234,"m"
3938,-1.04209581080502,33.8772302358511,0.169066580644468,"m"
3939,-1.0418426564033,33.886140309241,0.169086140129602,"m"
3940,-1.0415883912506,33.8950471166258,0.169105687367857,"m"
3941,-1.04133283942296,33.9039505736777,0.169125220911453,"m"
3942,-1.04107582499639,33.9128505960688,0.169144739312608,"m"
3943,-1.04081717204693,33.9217470994712,0.169164241123545,"m"
3944,-1.0405567046506,33.9306399995572,0.169183724896481,"m"
3945,-1.04029424688343,33.939529211999,0.169203189183637,"m"
3946,-1.04002962282143,33.9484146524686,0.169222632537234,"m"
3947,-1.03976265654065,33.9572962366383,0.16924205350949,"m"
3948,-1.03949317211709,33.9661738801803,0.169261450652626,"m"
3949,-1.0392209936268,33.9750474987667,0.169280822518862,"m"
3950,-1.03894594514579,33.9839170080697,0.169300167660418,"m"
3951,-1.03866785075009,33.9927823237614,0.169319484629513,"m"
3952,-1.03838653451572,34.0016433615141,0.169338771978368,"m"
3953,-1.03810182051872,34.0105000369999,0.169358028259202,"m"
3954,-1.0378135328351,34.0193522658909,0.169377252024235,"m"
3955,-1.0375214955409,34.0281999638595,0.169396441825687,"m"
3956,-1.03722553271214,34.0370430465776,0.169415596215779,"m"
3957,-1.03692546950602,34.0458814308174,0.169434713756393,"m"
3958,-1.03662126622095,34.0547151708101,0.169453794217291,"m"
3959,-1.0363131479743,34.0635445901498,0.169472839735159,"m"
3960,-1.03600137064071,34.0723700437149,0.169491852721587,"m"
3961,-1.0356861900948,34.0811918863843,0.169510835588165,"m"
3962,-1.03536786221121,34.0900104730365,0.169529790746486,"m"
3963,-1.03504664286456,34.0988261585502,0.16954872060814,"m"
3964,-1.03472278792949,34.1076392978041,0.169567627584718,"m"
3965,-1.03439655328061,34.1164502456768,0.16958651408781,"m"
3966,-1.03406819479258,34.1252593570471,0.169605382529007,"m"
3967,-1.03373796834,34.1340669867935,0.1696242353199,"m"
3968,-1.03340612979752,34.1428734897948,0.16964307487208,"m"
3969,-1.03307293503977,34.1516792209296,0.169661903597138,"m"
3970,-1.03273863994136,34.1604845350766,0.169680723906665,"m"
3971,-1.03240350037694,34.1692897871144,0.169699538212251,"m"
3972,-1.03206777222114,34.1780953319218,0.169718348925487,"m"
3973,-1.03173171134857,34.1869015243774,0.169737158457964,"m"
3974,-1.03139557363388,34.1957087193598,0.169755969221274,"m"
3975,-1.03105961495169,34.2045172717477,0.169774783627005,"m"
3976,-1.03072409117663,34.2133275364199,0.169793604086751,"m"
3977,-1.03038925818333,34.2221398682549,0.1698124330121,"m"
3978,-1.03005537184642,34.2309546221314,0.169831272814645,"m"
3979,-1.02972268804053,34.2397721529281,0.169850125905976,"m"
3980,-1.0293914626403,34.2485928155237,0.169868994697684,"m"
3981,-1.02906195152035,34.2574169647968,0.169887881601359,"m"
3982,-1.0287344105553,34.266244955626,0.169906789028593,"m"
3983,-1.0284090956198,34.2750771428902,0.169925719390976,"m"
3984,-1.02808626258847,34.2839138814679,0.169944675100099,"m"
3985,-1.02776616733593,34.2927555262378,0.169963658567553,"m"
3986,-1.02744906573683,34.3016024320785,0.169982672204929,"m"
3987,-1.02713521366579,34.3104549538688,0.170001718423817,"m"
3988,-1.02682485117737,34.3193134315153,0.170020799530871,"m"
3989,-1.02651794625373,34.328177947437,0.170039916028024,"m"
3990,-1.02621423773718,34.3370483671966,0.170059066897271,"m"
3991,-1.02591345731594,34.3459245495862,0.170078251073155,"m"
3992,-1.02561533667824,34.3548063533976,0.170097467490218,"m"
3993,-1.0253196075123,34.3636936374231,0.170116715082999,"m"
3994,-1.02502600150635,34.3725862604545,0.170135992786042,"m"
3995,-1.02473425034861,34.381484081284,0.170155299533887,"m"
3996,-1.02444408572732,34.3903869587035,0.170174634261076,"m"
3997,-1.02415523933069,34.3992947515052,0.170193995902151,"m"
3998,-1.02386744284695,34.4082073184809,0.170213383391652,"m"
3999,-1.02358042796433,34.4171245184228,0.170232795664122,"m"
4000,-1.02329392637105,34.4260462101229,0.170252231654102,"m"
4001,-1.02300766975534,34.4349722523732,0.170271690296133,"m"
4002,-1.02272138980542,34.4439025039658,0.170291170524757,"m"
4003,-1.02243481820953,34.4528368236926,0.170310671274516,"m"
4004,-1.02214768665588,34.4617750703457,0.17033019147995,"m"
4005,-1.02185972683269,34.4707171027171,0.170349730075601,"m"
4006,-1.02157067042821,34.4796627795989,0.170369285996012,"m"
4007,-1.02128024913065,34.4886119597831,0.170388858175723,"m"
4008,-1.02098819462823,34.4975645020617,0.170408445549275,"m"
4009,-1.02069423860919,34.5065202652268,0.170428047051211,"m"
4010,-1.02039811276175,34.5154791080703,0.170447661616072,"m"
4011,-1.02009954877413,34.5244408893844,0.170467288178398,"m"
4012,-1.01979827833456,34.533405467961,0.170486925672733,"m"
4013,-1.01949403313126,34.5423727025922,0.170506573033617,"m"
4014,-1.01918654485247,34.55134245207,0.170526229195591,"m"
4015,-1.0188755451864,34.5603145751864,0.170545893093198,"m"
4016,-1.01856076582129,34.5692889307334,0.170565563660978,"m"
4017,-1.01824193844536,34.5782653775032,0.170585239833474,"m"
4018,-1.01791879595359,34.5872437739558,0.170604920543293,"m"
4019,-1.0175912172601,34.5962239383918,0.170624604489111,"m"
4020,-1.01725936486979,34.6052056111159,0.170644289915276,"m"
4021,-1.01692343387035,34.6141885234718,0.170663975013933,"m"
4022,-1.01658361934947,34.6231724068028,0.170683657977228,"m"
4023,-1.01624011639483,34.6321569924526,0.170703336997309,"m"
4024,-1.01589312009413,34.6411420117646,0.170723010266322,"m"
4025,-1.01554282553505,34.6501271960824,0.170742675976412,"m"
4026,-1.01518942780528,34.6591122767496,0.170762332319728,"m"
4027,-1.0148331219925,34.6680969851096,0.170781977488414,"m"
4028,-1.01447410318441,34.677081052506,0.170801609674618,"m"
4029,-1.01411256646869,34.6860642102822,0.170821227070486,"m"
4030,-1.01374870693304,34.6950461897819,0.170840827868165,"m"
4031,-1.01338271966513,34.7040267223486,0.170860410259801,"m"
4032,-1.01301479975266,34.7130055393257,0.17087997243754,"m"
4033,-1.01264514228331,34.7219823720569,0.170899512593529,"m"
4034,-1.01227394234477,34.7309569518856,0.170919028919914,"m"
4035,-1.01190139502473,34.7399290101554,0.170938519608843,"m"
4036,-1.01152769541088,34.7488982782097,0.17095798285246,"m"
4037,-1.01115303859091,34.7578644873922,0.170977416842914,"m"
4038,-1.0107776196525,34.7668273690463,0.170996819772349,"m"
4039,-1.01040163368334,34.7757866545157,0.171016189832914,"m"
4040,-1.01002527577111,34.7847420751437,0.171035525216753,"m"
4041,-1.00964874100352,34.7936933622739,0.171054824116015,"m"
4042,-1.00927222446823,34.8026402472499,0.171074084722844,"m"
4043,-1.00889592125295,34.8115824614152,0.171093305229388,"m"
4044,-1.00852002644536,34.8205197361134,0.171112483827793,"m"
4045,-1.00814473513315,34.8294518026878,0.171131618710206,"m"
4046,-1.007770242404,34.8383783924822,0.171150708068773,"m"
4047,-1.0073967433456,34.8472992368399,0.17116975009564,"m"
4048,-1.00702443304565,34.8562140671045,0.171188742982954,"m"
4049,-1.00665347280634,34.8651227233035,0.171207685512721,"m"
4050,-1.00628385923937,34.874025575254,0.171226579342272,"m"
4051,-1.00591553884939,34.8829231539616,0.171245427003756,"m"
4052,-1.00554845812928,34.8918159904696,0.171264231029526,"m"
4053,-1.00518256357192,34.9007046158215,0.171282993951936,"m"
4054,-1.00481780167018,34.9095895610608,0.17130171830334,"m"
4055,-1.00445411891695,34.9184713572308,0.171320406616091,"m"
4056,-1.00409146180509,34.9273505353751,0.171339061422545,"m"
4057,-1.0037297768275,34.936227626537,0.171357685255053,"m"
4058,-1.00336901047703,34.94510316176,0.171376280645971,"m"
4059,-1.00300910924658,34.9539776720874,0.171394850127652,"m"
4060,-1.00265001962902,34.9628516885628,0.17141339623245,"m"
4061,-1.00229168811723,34.9717257422296,0.171431921492719,"m"
4062,-1.00193406120408,34.9806003641312,0.171450428440812,"m"
4063,-1.00157708538245,34.989476085311,0.171468919609084,"m"
4064,-1.00122070714523,34.9983534368125,0.171487397529888,"m"
4065,-1.00086487298528,35.007232949679,0.171505864735578,"m"
4066,-1.00050952939548,35.0161151549541,0.171524323758508,"m"
4067,-1.00015462286872,35.0250005836812,0.171542777131031,"m"
4068,-0.999800099897866,35.0338897669036,0.171561227385503,"m"
4069,-0.9994459069758,35.0427832356649,0.171579677054275,"m"
4070,-0.999091990595398,35.0516815210084,0.171598128669703,"m"
4071,-0.998738297249538,35.0605851539776,0.17161658476414,"m"
4072,-0.998384773431098,35.0694946656159,0.17163504786994,"m"
4073,-0.998031365632954,35.0784105869668,0.171653520519456,"m"
4074,-0.997678020347985,35.0873334490736,0.171672005245043,"m"
4075,-0.997324684069069,35.0962637829799,0.171690504579055,"m"
4076,-0.996971303289081,35.105202119729,0.171709021053844,"m"
4077,-0.996617824500901,35.1141489903644,0.171727557201766,"m"
4078,-0.996264194197405,35.1231049259295,0.171746115555174,"m"
4079,-0.995910358923679,35.1320704552943,0.171764698636202,"m"
4080,-0.995556271343132,35.141045852632,0.171783307769394,"m"
4081,-0.995201895896332,35.1500309018489,0.171801941974052,"m"
4082,-0.994847198362355,35.1590253311315,0.171820600007479,"m"
4083,-0.994492144520281,35.168028868666,0.171839280626979,"m"
4084,-0.994136700149185,35.1770412426388,0.171857982589855,"m"
4085,-0.993780831028146,35.1860621812361,0.171876704653411,"m"
4086,-0.99342450293624,35.1950914126443,0.171895445574949,"m"
4087,-0.993067681652546,35.2041286650497,0.171914204111775,"m"
4088,-0.99271033295614,35.2131736666385,0.171932979021191,"m"
4089,-0.9923524226261,35.2222261455971,0.1719517690605,"m"
4090,-0.991993916441503,35.2312858301118,0.171970572987007,"m"
4091,-0.991634780181427,35.2403524483689,0.171989389558014,"m"
4092,-0.991274979624948,35.2494257285548,0.172008217530826,"m"
4093,-0.990914480551145,35.2585053988557,0.172027055662746,"m"
4094,-0.990553248739095,35.2675911874579,0.172045902711077,"m"
4095,-0.990191249967874,35.2766828225477,0.172064757433123,"m"
4096,-0.989828450016561,35.2857800323115,0.172083618586187,"m"
4097,-0.989464814664233,35.2948825449356,0.172102484927574,"m"
4098,-0.989100309689967,35.3039900886062,0.172121355214585,"m"
4099,-0.98873490087284,35.3131023915097,0.172140228204526,"m"
4100,-0.988368553991931,35.3222191818325,0.172159102654699,"m"
4101,-0.988001234826315,35.3313401877607,0.172177977322409,"m"
4102,-0.987632909155072,35.3404651374807,0.172196850964957,"m"
4103,-0.987263542757277,35.3495937591788,0.172215722339649,"m"
4104,-0.986893101412008,35.3587257810414,0.172234590203788,"m"
4105,-0.986521550898343,35.3678609312547,0.172253453314677,"m"
4106,-0.98614885699536,35.3769989380051,0.172272310429619,"m"
4107,-0.985774985482135,35.3861395294788,0.172291160305918,"m"
4108,-0.985399902137745,35.3952824338621,0.172310001700878,"m"
4109,-0.985023572741269,35.4044273793415,0.172328833371803,"m"
4110,-0.984645968352319,35.4135741086406,0.172347654079257,"m"
4111,-0.984267085519453,35.422722434655,0.172366462599551,"m"
4112,-0.983886928471869,35.4318721914253,0.172385257713742,"m"
4113,-0.983505501440325,35.4410232129962,0.172404038202884,"m"
4114,-0.983122808655582,35.4501753334128,0.172422802848034,"m"
4115,-0.982738854348401,35.4593283867199,0.172441550430249,"m"
4116,-0.982353642749541,35.4684822069622,0.172460279730585,"m"
4117,-0.981967178089763,35.4776366281848,0.172478989530098,"m"
4118,-0.981579464599826,35.4867914844325,0.172497678609845,"m"
4119,-0.981190506510492,35.49594660975,0.172516345750881,"m"
4120,-0.980800308052519,35.5051018381824,0.172534989734263,"m"
4121,-0.980408873456669,35.5142570037745,0.172553609341047,"m"
4122,-0.980016206953702,35.5234119405711,0.172572203352289,"m"
4123,-0.979622312774377,35.5325664826171,0.172590770549047,"m"
4124,-0.979227195149455,35.5417204639573,0.172609309712375,"m"
4125,-0.978830858309697,35.5508737186368,0.172627819623331,"m"
4126,-0.978433306485861,35.5600260807002,0.17264629906297,"m"
4127,-0.978034543908709,35.5691773841925,0.172664746812349,"m"
4128,-0.977634574809,35.5783274631586,0.172683161652524,"m"
4129,-0.977233403417495,35.5874761516432,0.172701542364552,"m"
4130,-0.976831033964955,35.5966232836914,0.172719887729488,"m"
4131,-0.976427470682138,35.6057686933479,0.172738196528389,"m"
4132,-0.976022717799805,35.6149122146576,0.172756467542312,"m"
4133,-0.975616779548717,35.6240536816654,0.172774699552311,"m"
4134,-0.975209660159634,35.6331929284162,0.172792891339445,"m"
4135,-0.974801363863316,35.6423297889547,0.172811041684769,"m"
4136,-0.974391894890522,35.651464097326,0.172829149369339,"m"
4137,-0.973981257472014,35.6605956875749,0.172847213174211,"m"
4138,-0.973569455838551,35.6697243937461,0.172865231880442,"m"
4139,-0.973156494220893,35.6788500498847,0.172883204269089,"m"
4140,-0.972742378714572,35.6879725186798,0.17290112927379,"m"
4141,-0.972327141048553,35.6970920565713,0.172919007925619,"m"
4142,-0.971910831584759,35.7062092062167,0.172936842780276,"m"
4143,-0.971493501104985,35.7153245167229,0.172954636427816,"m"
4144,-0.971075200391026,35.7244385371969,0.172972391458293,"m"
4145,-0.970655980224674,35.7335518167455,0.172990110461764,"m"
4146,-0.970235891387726,35.7426649044758,0.173007796028282,"m"
4147,-0.969814984661975,35.7517783494947,0.173025450747902,"m"
4148,-0.969393310829215,35.7608927009092,0.173043077210681,"m"
4149,-0.96897092067124,35.7700085078262,0.173060678006673,"m"
4150,-0.968547864969846,35.7791263193527,0.173078255725932,"m"
4151,-0.968124194506826,35.7882466845957,0.173095812958514,"m"
4152,-0.967699960063974,35.797370152662,0.173113352294475,"m"
4153,-0.967275212423086,35.8064972726587,0.173130876323868,"m"
4154,-0.966850002365954,35.8156285936927,0.17314838763675,"m"
4155,-0.966424380674373,35.824764664871,0.173165888823174,"m"
4156,-0.965998398130139,35.8339060353004,0.173183382473197,"m"
4157,-0.965572105515044,35.8430532540881,0.173200871176873,"m"
4158,-0.965145553610883,35.8522068703408,0.173218357524257,"m"
4159,-0.964718793199451,35.8613674331657,0.173235844105404,"m"
4160,-0.964291875062542,35.8705354916696,0.173253333510369,"m"
4161,-0.96386484998195,35.8797115949595,0.173270828329208,"m"
4162,-0.963437768739469,35.8888962921423,0.173288331151975,"m"
4163,-0.963010682116894,35.8980901323251,0.173305844568725,"m"
4164,-0.962583640896019,35.9072936646147,0.173323371169514,"m"
4165,-0.962156695858638,35.9165074381181,0.173340913544396,"m"
4166,-0.961729897786546,35.9257320019423,0.173358474283427,"m"
4167,-0.961303297461537,35.9349679051942,0.17337605597666,"m"
4168,-0.960876945665404,35.9442156969809,0.173393661214153,"m"
4169,-0.960450893179943,35.9534759264091,0.173411292585959,"m"
4170,-0.960025190786948,35.962749142586,0.173428952682133,"m"
4171,-0.959599873657318,35.9720357919702,0.173446643423829,"m"
4172,-0.95917490234453,35.9813358303803,0.173464363534962,"m"
4173,-0.958750215133282,35.9906490672081,0.173482110785265,"m"
4174,-0.958325750304373,35.9999753118198,0.173499882944305,"m"
4175,-0.957901446138601,36.0093143735817,0.173517677781648,"m"
4176,-0.957477240916763,36.0186660618601,0.17353549306686,"m"
4177,-0.957053072919659,36.0280301860211,0.173553326569508,"m"
4178,-0.956628880428087,36.0374065554311,0.173571176059158,"m"
4179,-0.956204601722844,36.0467949794563,0.173589039305376,"m"
4180,-0.955780175084729,36.0561952674629,0.17360691407773,"m"
4181,-0.955355538794541,36.0656072288173,0.173624798145784,"m"
4182,-0.954930631133076,36.0750306728856,0.173642689279107,"m"
4183,-0.954505390381134,36.084465409034,0.173660585247263,"m"
4184,-0.954079754819513,36.0939112466289,0.173678483819819,"m"
4185,-0.953653662729011,36.1033679950366,0.173696382766343,"m"
4186,-0.953227052390426,36.1128354636231,0.173714279856399,"m"
4187,-0.952799862084556,36.1223134617549,0.173732172859555,"m"
4188,-0.9523720300922,36.1318017987982,0.173750059545376,"m"
4189,-0.951943494694156,36.1413002841191,0.17376793768343,"m"
4190,-0.951514194171222,36.150808727084,0.173785805043283,"m"
4191,-0.951084066804196,36.1603269370591,0.1738036593945,"m"
4192,-0.950653050873876,36.1698547234106,0.173821498506649,"m"
4193,-0.950221084661062,36.1793918955049,0.173839320149295,"m"
4194,-0.94978810644655,36.1889382627081,0.173857122092006,"m"
4195,-0.949354054511139,36.1984936343865,0.173874902104347,"m"
4196,-0.948918867135627,36.2080578199064,0.173892657955885,"m"
4197,-0.948482482600813,36.217630628634,0.173910387416186,"m"
4198,-0.948044839187495,36.2272118699356,0.173928088254816,"m"
4199,-0.94760587517647,36.2368013531774,0.173945758241342,"m"
4200,-0.947165528848538,36.2463988877256,0.173963395145331,"m"
4201,-0.946723741537004,36.2560042771754,0.173980996852216,"m"
4202,-0.946280496016026,36.2656172467726,0.173998562820449,"m"
4203,-0.9458358049255,36.2752374652981,0.174016093642129,"m"
4204,-0.945389681564664,36.2848646002862,0.174033589934384,"m"
4205,-0.944942139232757,36.2944983192711,0.174051052314342,"m"
4206,-0.944493191229017,36.3041382897871,0.174068481399128,"m"
4207,-0.944042850852682,36.3137841793686,0.17408587780587,"m"
4208,-0.943591131402992,36.3234356555498,0.174103242151696,"m"
4209,-0.943138046179183,36.333092385865,0.174120575053733,"m"
4210,-0.942683608480496,36.3427540378485,0.174137877129107,"m"
4211,-0.942227831606167,36.3524202790346,0.174155148994946,"m"
4212,-0.941770728855436,36.3620907769576,0.174172391268377,"m"
4213,-0.94131231352754,36.3717651991517,0.174189604566527,"m"
4214,-0.940852598921719,36.3814432131513,0.174206789506523,"m"
4215,-0.94039159833721,36.3911244864906,0.174223946705492,"m"
4216,-0.939929325073252,36.4008086867039,0.174241076780563,"m"
4217,-0.939465792429083,36.4104954813256,0.174258180348861,"m"
4218,-0.939001013703942,36.4201845378898,0.174275258027513,"m"
4219,-0.938535002197067,36.4298755239309,0.174292310433648,"m"
4220,-0.938067771207695,36.4395681069832,0.174309338184392,"m"
4221,-0.937599334035067,36.449261954581,0.174326341896872,"m"
4222,-0.93712970397842,36.4589567342585,0.174343322188215,"m"
4223,-0.936658894336992,36.4686521135501,0.174360279675549,"m"
4224,-0.936186918410022,36.47834775999,0.174377214976001,"m"
4225,-0.935713789496748,36.4880433411125,0.174394128706698,"m"
4226,-0.935239520896409,36.497738524452,0.174411021484766,"m"
4227,-0.934764125908243,36.5074329775426,0.174427893927334,"m"
4228,-0.934287617831488,36.5171263679187,0.174444746651528,"m"
4229,-0.933810009965382,36.5268183631146,0.174461580274476,"m"
4230,-0.933331315609165,36.5365086306645,0.174478395413304,"m"
4231,-0.932851548228708,36.546196842758,0.174495192685123,"m"
4232,-0.932370733267843,36.5558830062121,0.174511972705887,"m"
4233,-0.93188891597419,36.5655676811008,0.174528736089635,"m"
4234,-0.931406143452304,36.5752514793752,0.174545483450224,"m"
4235,-0.930922462806737,36.5849350129863,0.174562215401513,"m"
4236,-0.930437921142044,36.5946188938853,0.174578932557363,"m"
4237,-0.929952565562778,36.6043037340232,0.17459563553163,"m"
4238,-0.929466443173494,36.6139901453511,0.174612324938175,"m"
4239,-0.928979601078744,36.62367873982,0.174629001390856,"m"
4240,-0.928492086383082,36.6333701293811,0.174645665503531,"m"
4241,-0.928003946191064,36.6430649259855,0.174662317890061,"m"
4242,-0.927515227607241,36.6527637415841,0.174678959164302,"m"
4243,-0.927025977736168,36.6624671881281,0.174695589940116,"m"
4244,-0.926536243682399,36.6721758775686,0.174712210831359,"m"
4245,-0.926046072550487,36.6818904218566,0.174728822451892,"m"
4246,-0.925555511444986,36.6916114329432,0.174745425415572,"m"
4247,-0.92506460747045,36.7013395227795,0.174762020336259,"m"
4248,-0.924573407731433,36.7110753033166,0.174778607827812,"m"
4249,-0.924081959332488,36.7208193865056,0.17479518850409,"m"
4250,-0.92359030937817,36.7305723842974,0.17481176297895,"m"
4251,-0.923098504973031,36.7403349086433,0.174828331866253,"m"
4252,-0.922606593221626,36.7501075714942,0.174844895779856,"m"
4253,-0.922114621228509,36.7598909848013,0.17486145533362,"m"
4254,-0.921622636098233,36.7696857605156,0.174878011141402,"m"
4255,-0.921130684935351,36.7794925105883,0.174894563817062,"m"
4256,-0.920638814844419,36.7893118469703,0.174911113974457,"m"
4257,-0.920147072929989,36.7991443816128,0.174927662227449,"m"
4258,-0.919655506296615,36.8089907264668,0.174944209189894,"m"
4259,-0.919164162048851,36.8188514934835,0.174960755475652,"m"
4260,-0.918673087291251,36.8287272946139,0.174977301698581,"m"
4261,-0.918182329128368,36.838618741809,0.174993848472541,"m"
4262,-0.91769192998636,36.8485264112987,0.175010396365667,"m"
4263,-0.917201869560271,36.858450400338,0.175026945332994,"m"
4264,-0.9167120827228,36.8683904639468,0.175043494891493,"m"
4265,-0.916222503377356,36.8783463497442,0.175060044548657,"m"
4266,-0.915733065427349,36.8883178053495,0.175076593811982,"m"
4267,-0.915243702776191,36.8983045783818,0.175093142188964,"m"
4268,-0.914754349327292,36.9083064164601,0.175109689187097,"m"
4269,-0.914264938984061,36.9183230672037,0.175126234313878,"m"
4270,-0.91377540564991,36.9283542782316,0.175142777076801,"m"
4271,-0.913285683228248,36.9383997971631,0.175159316983362,"m"
4272,-0.912795705622487,36.9484593716172,0.175175853541056,"m"
4273,-0.912305406736036,36.9585327492132,0.175192386257378,"m"
4274,-0.911814720472306,36.96861967757,0.175208914639824,"m"
4275,-0.911323580734707,36.978719904307,0.175225438195889,"m"
4276,-0.91083192142665,36.9888331770432,0.175241956433068,"m"
4277,-0.910339676451544,36.9989592433977,0.175258468858856,"m"
4278,-0.909846779712801,37.0090978509898,0.175274974980749,"m"
4279,-0.909353165113831,37.0192487474385,0.175291474306242,"m"
4280,-0.908858766558044,37.029411680363,0.175307966342831,"m"
4281,-0.908363517948851,37.0395863973824,0.17532445059801,"m"
4282,-0.907867353189661,37.0497726461159,0.175340926579275,"m"
4283,-0.907370206183886,37.0599701741826,0.175357393794122,"m"
4284,-0.906872010834935,37.0701787292017,0.175373851750045,"m"
4285,-0.906372701046219,37.0803980587922,0.17539029995454,"m"
4286,-0.905872210721149,37.0906279105734,0.175406737915102,"m"
4287,-0.905370473763134,37.1008680321644,0.175423165139227,"m"
4288,-0.904867424075586,37.1111181711842,0.175439581134409,"m"
4289,-0.904362995561914,37.1213780752522,0.175455985408145,"m"
4290,-0.903857122125529,37.1316474919873,0.175472377467929,"m"
4291,-0.903349737669842,37.1419261690088,0.175488756821256,"m"
4292,-0.902840776636291,37.152213853918,0.175505122978275,"m"
4293,-0.902330211175707,37.1625102930724,0.17552147563504,"m"
4294,-0.901818075243409,37.172815230791,0.175537814792301,"m"
4295,-0.901304408523652,37.1831284112036,0.175554140479049,"m"
4296,-0.900789250700691,37.1934495784401,0.175570452724279,"m"
4297,-0.90027264145878,37.2037784766304,0.175586751556984,"m"
4298,-0.899754620482174,37.2141148499043,0.175603037006157,"m"
4299,-0.899235227455127,37.2244584423919,0.17561930910079,"m"
4300,-0.898714502061894,37.234808998223,0.175635567869877,"m"
4301,-0.89819248398673,37.2451662615274,0.175651813342411,"m"
4302,-0.897669212913888,37.255529976435,0.175668045547385,"m"
4303,-0.897144728527625,37.2658998870759,0.175684264513792,"m"
4304,-0.896619070512193,37.2762757375797,0.175700470270626,"m"
4305,-0.896092278551848,37.2866572720765,0.175716662846878,"m"
4306,-0.895564392330844,37.2970442346962,0.175732842271542,"m"
4307,-0.895035451533436,37.3074363695685,0.175749008573612,"m"
4308,-0.894505495843879,37.3178334208235,0.175765161782081,"m"
4309,-0.893974564946427,37.328235132591,0.175781301925941,"m"
4310,-0.893442698525334,37.3386412490009,0.175797429034185,"m"
4311,-0.892909936264856,37.349051514183,0.175813543135807,"m"
4312,-0.892376317849246,37.3594656722674,0.1758296442598,"m"
4313,-0.89184188296276,37.3698834673838,0.175845732435156,"m"
4314,-0.891306671289652,37.3803046436622,0.175861807690869,"m"
4315,-0.890770722514176,37.3907289452324,0.175877870055932,"m"
4316,-0.890234076320587,37.4011561162244,0.175893919559339,"m"
4317,-0.88969677239314,37.411585900768,0.175909956230081,"m"
4318,-0.889158850416089,37.4220180429932,0.175925980097152,"m"
4319,-0.888620350073689,37.4324522870298,0.175941991189546,"m"
4320,-0.888081311050194,37.4428883770077,0.175957989536255,"m"
4321,-0.88754177302986,37.4533260570569,0.175973975166272,"m"
4322,-0.887001775696939,37.4637650713071,0.17598994810859,"m"
4323,-0.886461344359974,37.4742053123282,0.17600590825327,"m"
4324,-0.885920446261251,37.4846472722672,0.176021854929194,"m"
4325,-0.885379033984265,37.4950915946336,0.176037787323574,"m"
4326,-0.884837060112513,37.5055389229373,0.176053704623623,"m"
4327,-0.884294477229489,37.5159899006881,0.176069606016556,"m"
4328,-0.88375123791869,37.5264451713957,0.176085490689585,"m"
4329,-0.88320729476361,37.5369053785698,0.176101357829923,"m"
4330,-0.882662600347747,37.5473711657203,0.176117206624784,"m"
4331,-0.882117107254594,37.5578431763569,0.17613303626138,"m"
4332,-0.881570768067648,37.5683220539893,0.176148845926925,"m"
4333,-0.881023535370404,37.5788084421273,0.176164634808632,"m"
4334,-0.880475361746358,37.5893029842807,0.176180402093714,"m"
4335,-0.879926199779005,37.5998063239592,0.176196146969384,"m"
4336,-0.879376002051841,37.6103191046725,0.176211868622856,"m"
4337,-0.878824721148362,37.6208419699305,0.176227566241343,"m"
4338,-0.878272309652062,37.6313755632429,0.176243239012058,"m"
4339,-0.877718720146438,37.6419205281195,0.176258886122213,"m"
4340,-0.877163905214986,37.65247750807,0.176274506759023,"m"
4341,-0.8766078174412,37.6630471466042,0.1762901001097,"m"
4342,-0.876050409408576,37.6736300872317,0.176305665361457,"m"
4343,-0.875491633700611,37.6842269734625,0.176321201701508,"m"
4344,-0.874931442900798,37.6948384488063,0.176336708317066,"m"
4345,-0.874369789592635,37.7054651567727,0.176352184395344,"m"
4346,-0.873806626359616,37.7161077408717,0.176367629123555,"m"
4347,-0.873241905785237,37.7267668446128,0.176383041688913,"m"
4348,-0.872675580452994,37.7374431115059,0.17639842127863,"m"
4349,-0.872107602946382,37.7481371850608,0.17641376707992,"m"
4350,-0.871537925848897,37.7588497087872,0.176429078279996,"m"
4351,-0.870966501744035,37.7695813261949,0.17644435406607,"m"
4352,-0.87039328321529,37.7803326807936,0.176459593625357,"m"
4353,-0.869818223439596,37.7911044105304,0.176474796156801,"m"
4354,-0.86924131616039,37.8018967730971,0.176489961661292,"m"
4355,-0.868662621030459,37.8127094083758,0.176505091442658,"m"
4356,-0.868082203741923,37.8235418996381,0.176520186924119,"m"
4357,-0.8675001299869,37.8343938301555,0.176535249528893,"m"
4358,-0.866916465457508,37.8452647831998,0.176550280680198,"m"
4359,-0.866331275845866,37.8561543420425,0.176565281801254,"m"
4360,-0.865744626844092,37.8670620899553,0.176580254315278,"m"
4361,-0.865156584144307,37.8779876102097,0.17659519964549,"m"
4362,-0.864567213438627,37.8889304860774,0.176610119215108,"m"
4363,-0.863976580419172,37.89989030083,0.176625014447351,"m"
4364,-0.86338475077806,37.9108666377392,0.176639886765437,"m"
4365,-0.862791790207411,37.9218590800764,0.176654737592584,"m"
4366,-0.862197764399342,37.9328672111134,0.176669568352012,"m"
4367,-0.861602739045973,37.9438906141218,0.176684380466939,"m"
4368,-0.861006779839421,37.9549288723731,0.176699175360584,"m"
4369,-0.860409952471806,37.9659815691391,0.176713954456164,"m"
4370,-0.859812322635247,37.9770482876912,0.176728719176899,"m"
4371,-0.859213956021861,37.9881286113012,0.176743470946008,"m"
4372,-0.858614918323769,37.9992221232406,0.176758211186709,"m"
4373,-0.858015275233087,38.0103284067811,0.17677294132222,"m"
4374,-0.857415092441936,38.0214470451943,0.17678766277576,"m"
4375,-0.856814435642433,38.0325776217517,0.176802376970548,"m"
4376,-0.856213370526697,38.0437197197251,0.176817085329802,"m"
4377,-0.855611962786848,38.054872922386,0.176831789276741,"m"
4378,-0.855010278115003,38.066036813006,0.176846490234584,"m"
4379,-0.854408382203281,38.0772109748568,0.176861189626549,"m"
4380,-0.853806340743801,38.08839499121,0.176875888875854,"m"
4381,-0.853204219428682,38.0995884453372,0.176890589405719,"m"
4382,-0.852602083950042,38.11079092051,0.176905292639361,"m"
4383,-0.852,38.122002,0.17692,"m"
4384,-0.851398029403655,38.133221319992,0.176934712368856,"m"
4385,-0.850796218518028,38.144448728323,0.176949428459157,"m"
4386,-0.85019460983312,38.1556841257433,0.176964146442133,"m"
4387,-0.849593245838934,38.166927413003,0.176978864489014,"m"
4388,-0.84899216902547,38.1781784908525,0.176993580771031,"m"
4389,-0.848391421882729,38.1894372600419,0.177008293459412,"m"
4390,-0.847791046900714,38.2007036213215,0.177023000725389,"m"
4391,-0.847191086569426,38.2119774754414,0.177037700740192,"m"
4392,-0.846591583378866,38.2232587231519,0.177052391675049,"m"
4393,-0.845992579819036,38.2345472652031,0.177067071701193,"m"
4394,-0.845394118379936,38.2458430023454,0.177081738989851,"m"
4395,-0.84479624155157,38.2571458353288,0.177096391712255,"m"
4396,-0.844198991823937,38.2684556649038,0.177111028039635,"m"
4397,-0.84360241168704,38.2797723918203,0.177125646143221,"m"
4398,-0.84300654363088,38.2910959168288,0.177140244194242,"m"
4399,-0.842411430145458,38.3024261406793,0.177154820363929,"m"
4400,-0.841817113720776,38.3137629641221,0.177169372823511,"m"
4401,-0.841223636846836,38.3251062879074,0.177183899744219,"m"
4402,-0.840631042013638,38.3364560127855,0.177198399297284,"m"
4403,-0.840039371711184,38.3478120395065,0.177212869653934,"m"
4404,-0.839448668429477,38.3591742688206,0.1772273089854,"m"
4405,-0.838858974658516,38.3705426014782,0.177241715462912,"m"
4406,-0.838270332888304,38.3819169382293,0.1772560872577,"m"
4407,-0.837682785608842,38.3932971798242,0.177270422540994,"m"
4408,-0.837096375310131,38.4046832270132,0.177284719484024,"m"
4409,-0.836511144482174,38.4160749805464,0.17729897625802,"m"
4410,-0.835927135614971,38.4274723411741,0.177313191034213,"m"
4411,-0.835344391198524,38.4388752096464,0.177327361983832,"m"
4412,-0.834762953722834,38.4502834867137,0.177341487278107,"m"
4413,-0.834182865677903,38.461697073126,0.177355565088268,"m"
4414,-0.833604157318791,38.473115897657,0.177369593825043,"m"
4415,-0.833026725376343,38.4845401949084,0.177383574512867,"m"
4416,-0.832450384398667,38.4959703877161,0.177397509784889,"m"
4417,-0.831874947731638,38.5074069016696,0.17741140229779,"m"
4418,-0.831300228721133,38.5188501623583,0.177425254708252,"m"
4419,-0.83072604071303,38.5303005953718,0.177439069672956,"m"
4420,-0.830152197053205,38.5417586262995,0.177452849848583,"m"
4421,-0.829578511087534,38.553224680731,0.177466597891814,"m"
4422,-0.829004796161894,38.5646991842556,0.177480316459331,"m"
4423,-0.828430865622162,38.576182562463,0.177494008207816,"m"
4424,-0.827856532814215,38.5876752409425,0.177507675793949,"m"
4425,-0.82728161108393,38.5991776452837,0.177521321874412,"m"
4426,-0.826705913777182,38.610690201076,0.177534949105886,"m"
4427,-0.826129254239849,38.622213333909,0.177548560145053,"m"
4428,-0.825551445817808,38.633747469372,0.177562157648593,"m"
4429,-0.824972301856935,38.6452930330547,0.17757574427319,"m"
4430,-0.824391635703106,38.6568504505465,0.177589322675522,"m"
4431,-0.8238092607022,38.6684201474368,0.177602895512273,"m"
4432,-0.823224990200091,38.6800025493152,0.177616465440123,"m"
4433,-0.822638637542658,38.6915980817711,0.177630035115753,"m"
4434,-0.822050016075776,38.7032071703941,0.177643607195846,"m"
4435,-0.821458939145322,38.7148302407735,0.177657184337082,"m"
4436,-0.820865220097174,38.726467718499,0.177670769196142,"m"
4437,-0.820268672277207,38.73812002916,0.177684364429709,"m"
4438,-0.819669109031299,38.7497875983459,0.177697972694463,"m"
4439,-0.819066343705326,38.7614708516462,0.177711596647085,"m"
4440,-0.818460189645164,38.7731702146506,0.177725238944258,"m"
4441,-0.817850460196692,38.7848861129483,0.177738902242662,"m"
4442,-0.817236968705784,38.7966189721289,0.177752589198979,"m"
4443,-0.816619528518319,38.808369217782,0.17776630246989,"m"
4444,-0.815997952980174,38.8201372754969,0.177780044712076,"m"
4445,-0.815372119232499,38.8319234808277,0.177793817715088,"m"
4446,-0.814742157121625,38.8437278126804,0.177807619833604,"m"
4447,-0.8141082590572,38.8555501616644,0.177821448571917,"m"
4448,-0.813470617448874,38.867390418389,0.177835301434319,"m"
4449,-0.812829424706295,38.8792484734636,0.177849175925102,"m"
4450,-0.812184873239112,38.8911242174973,0.17786306954856,"m"
4451,-0.811537155456973,38.9030175410995,0.177876979808985,"m"
4452,-0.810886463769528,38.9149283348795,0.17789090421067,"m"
4453,-0.810232990586424,38.9268564894466,0.177904840257906,"m"
4454,-0.80957692831731,38.9388018954102,0.177918785454988,"m"
4455,-0.808918469371835,38.9507644433794,0.177932737306206,"m"
4456,-0.808257806159647,38.9627440239637,0.177946693315855,"m"
4457,-0.807595131090395,38.9747405277723,0.177960650988226,"m"
4458,-0.806930636573728,38.9867538454145,0.177974607827612,"m"
4459,-0.806264515019295,38.9987838674996,0.177988561338305,"m"
4460,-0.805596958836743,39.010830484637,0.178002509024599,"m"
4461,-0.804928160435722,39.0228935874359,0.178016448390786,"m"
4462,-0.80425831222588,39.0349730665057,0.178030376941158,"m"
4463,-0.803587606616866,39.0470688124555,0.178044292180007,"m"
4464,-0.802916236018329,39.0591807158949,0.178058191611627,"m"
4465,-0.802244392839916,39.071308667433,0.178072072740311,"m"
4466,-0.801572269491277,39.0834525576791,0.17808593307035,"m"
4467,-0.800900058382061,39.0956122772426,0.178099770106037,"m"
4468,-0.800227951921915,39.1077877167328,0.178113581351665,"m"
4469,-0.799556142520489,39.1199787667589,0.178127364311526,"m"
4470,-0.798884822587431,39.1321853179303,0.178141116489913,"m"
4471,-0.79821418453239,39.1444072608563,0.178154835391119,"m"
4472,-0.797544420765014,39.1566444861461,0.178168518519436,"m"
4473,-0.796875723694952,39.1688968844091,0.178182163379156,"m"
4474,-0.796208285731853,39.1811643462546,0.178195767474573,"m"
4475,-0.795542283082214,39.1934467422996,0.178209328548543,"m"
4476,-0.794877717150838,39.2057437274815,0.178222846917585,"m"
4477,-0.794214482689027,39.218054825143,0.17823632446851,"m"
4478,-0.793552472926376,39.2303795567492,0.178249763110536,"m"
4479,-0.792891581092476,39.2427174437654,0.178263164752879,"m"
4480,-0.792231700416922,39.2550680076565,0.178276531304757,"m"
4481,-0.791572724129307,39.2674307698878,0.178289864675387,"m"
4482,-0.790914545459224,39.2798052519244,0.178303166773985,"m"
4483,-0.790257057636267,39.2921909752314,0.178316439509768,"m"
4484,-0.789600153890029,39.304587461274,0.178329684791953,"m"
4485,-0.788943727450104,39.3169942315173,0.178342904529758,"m"
4486,-0.788287671546085,39.3294108074264,0.178356100632398,"m"
4487,-0.787631879407566,39.3418367104665,0.178369275009091,"m"
4488,-0.786976244264139,39.3542714621027,0.178382429569055,"m"
4489,-0.786320659345398,39.3667145838002,0.178395566221505,"m"
4490,-0.785665017880938,39.379165597024,0.178408686875658,"m"
4491,-0.78500921310035,39.3916240232394,0.178421793440732,"m"
4492,-0.784353138233229,39.4040893839114,0.178434887825944,"m"
4493,-0.783696686509167,39.4165612005052,0.17844797194051,"m"
4494,-0.783039751157759,39.4290389944859,0.178461047693647,"m"
4495,-0.782382225408598,39.4415222873187,0.178474116994572,"m"
4496,-0.781724002491277,39.4540106004687,0.178487181752503,"m"
4497,-0.781064975635389,39.466503455401,0.178500243876655,"m"
4498,-0.780405038070528,39.4790003735808,0.178513305276247,"m"
4499,-0.779744083026288,39.4915008764732,0.178526367860494,"m"
4500,-0.779082003732261,39.5040044855434,0.178539433538614,"m"
4501,-0.778418693418042,39.5165107222564,0.178552504219824,"m"
4502,-0.777754045313223,39.5290191080775,0.17856558181334,"m"
4503,-0.777087952647398,39.5415291644717,0.17857866822838,"m"
4504,-0.776420308650161,39.5540404129042,0.17859176537416,"m"
4505,-0.775751008094051,39.5665523850299,0.178604875127938,"m"
4506,-0.775080017101445,39.5790650837053,0.178617997889053,"m"
4507,-0.77440740165238,39.5915791712571,0.178631131988428,"m"
4508,-0.773733235174131,39.6040953591944,0.178644275602726,"m"
4509,-0.773057591093976,39.616614359026,0.17865742690861,"m"
4510,-0.772380542839192,39.6291368822611,0.178670584082743,"m"
4511,-0.771702163837055,39.6416636404086,0.178683745301788,"m"
4512,-0.771022527514843,39.6541953449775,0.178696908742408,"m"
4513,-0.770341707299832,39.6667327074769,0.178710072581265,"m"
4514,-0.769659776619299,39.6792764394158,0.178723234995022,"m"
4515,-0.768976808900521,39.6918272523032,0.178736394160343,"m"
4516,-0.768292877570774,39.7043858576481,0.178749548253891,"m"
4517,-0.767608056057337,39.7169529669596,0.178762695452327,"m"
4518,-0.766922417787485,39.7295292917465,0.178775833932316,"m"
4519,-0.766236036188496,39.742115543518,0.17878896187052,"m"
4520,-0.765548984687646,39.7547124337831,0.178802077443602,"m"
4521,-0.764861336712213,39.7673206740507,0.178815178828224,"m"
4522,-0.764173165689473,39.77994097583,0.178828264201051,"m"
4523,-0.763484545046703,39.7925740506298,0.178841331738744,"m"
4524,-0.76279554821118,39.8052206099592,0.178854379617966,"m"
4525,-0.762106248610181,39.8178813653273,0.178867406015381,"m"
4526,-0.761416719670982,39.830557028243,0.178880409107651,"m"
4527,-0.760727034820861,39.8432483102153,0.17889338707144,"m"
4528,-0.760037267487095,39.8559559227534,0.17890633808341,"m"
4529,-0.75934749109696,39.868680577366,0.178919260320224,"m"
4530,-0.758657779077733,39.8814229855624,0.178932151958545,"m"
4531,-0.757968204856692,39.8941838588515,0.178945011175036,"m"
4532,-0.757278841861112,39.9069639087423,0.178957836146359,"m"
4533,-0.756589763518272,39.9197638467439,0.178970625049179,"m"
4534,-0.755901043255447,39.9325843843651,0.178983376060157,"m"
4535,-0.755212754499915,39.9454262331152,0.178996087355956,"m"
4536,-0.75452496204912,39.9582900480188,0.1790087573908,"m"
4537,-0.753837638665256,39.9711758817094,0.179021387579027,"m"
4538,-0.753150701444671,39.9840834224748,0.179033981125349,"m"
4539,-0.752464066709307,39.9970123535344,0.179046541259382,"m"
4540,-0.751777650781107,40.0099623581074,0.179059071210745,"m"
4541,-0.751091369982014,40.022933119413,0.179071574209056,"m"
4542,-0.750405140633969,40.0359243206704,0.179084053483932,"m"
4543,-0.749718879058915,40.048935645099,0.179096512264993,"m"
4544,-0.749032501578795,40.0619667759179,0.179108953781855,"m"
4545,-0.74834592451555,40.0750173963465,0.179121381264137,"m"
4546,-0.747659064191124,40.0880871896039,0.179133797941456,"m"
4547,-0.746971836927458,40.1011758389094,0.179146207043432,"m"
4548,-0.746284159046496,40.1142830274823,0.17915861179968,"m"
4549,-0.745595946870179,40.1274084385418,0.17917101543982,"m"
4550,-0.74490711672045,40.1405517553072,0.17918342119347,"m"
4551,-0.744217584919251,40.1537126609977,0.179195832290247,"m"
4552,-0.743527267788524,40.1668908388325,0.17920825195977,"m"
4553,-0.742836081650213,40.1800859720309,0.179220683431656,"m"
4554,-0.742143942826259,40.1932977438122,0.179233129935523,"m"
4555,-0.741450767638605,40.2065258373956,0.179245594700989,"m"
4556,-0.740756472409194,40.2197699360003,0.179258080957673,"m"
4557,-0.740060973459967,40.2330297228457,0.179270591935192,"m"
4558,-0.739364187112867,40.2463048811509,0.179283130863164,"m"
4559,-0.738666029689836,40.2595950941352,0.179295700971207,"m"
4560,-0.737966417512818,40.2729000450178,0.179308305488939,"m"
4561,-0.737265266903753,40.286219417018,0.179320947645978,"m"
4562,-0.736562494184585,40.2995528933551,0.179333630671942,"m"
4563,-0.735858015677257,40.3129001572482,0.179346357796449,"m"
4564,-0.735151747703709,40.3262608919167,0.179359132249117,"m"
4565,-0.734443606585886,40.3396347805798,0.179371957259563,"m"
4566,-0.733733510247778,40.3530215054876,0.179384835998225,"m"
4567,-0.733021449180272,40.3664207049935,0.179397768954805,"m"
4568,-0.732307514566018,40.3798319565408,0.1794107528993,"m"
4569,-0.731591805004555,40.3932548330863,0.179423784327716,"m"
4570,-0.730874419095425,40.4066889075868,0.179436859736059,"m"
4571,-0.730155455438172,40.420133752999,0.179449975620333,"m"
4572,-0.729435012632336,40.4335889422798,0.179463128476544,"m"
4573,-0.728713189277459,40.4470540483859,0.179476314800698,"m"
4574,-0.727990083973083,40.4605286442741,0.1794895310888,"m"
4575,-0.727265795318749,40.4740123029012,0.179502773836855,"m"
4576,-0.726540421914001,40.4875045972239,0.179516039540868,"m"
4577,-0.725814062358379,40.501005100199,0.179529324696846,"m"
4578,-0.725086815251424,40.5145133847833,0.179542625800794,"m"
4579,-0.72435877919268,40.5280290239335,0.179555939348716,"m"
4580,-0.723630052781688,40.5415515906065,0.179569261836619,"m"
4581,-0.722900734617989,40.555080657759,0.179582589760508,"m"
4582,-0.722170923301126,40.5686157983478,0.179595919616388,"m"
4583,-0.721440717430639,40.5821565853297,0.179609247900264,"m"
4584,-0.720710215606072,40.5957025916614,0.179622571108143,"m"
4585,-0.719979516426965,40.6092533902998,0.179635885736029,"m"
4586,-0.719248718492861,40.6228085542015,0.179649188279928,"m"
4587,-0.718517920403301,40.6363676563234,0.179662475235845,"m"
4588,-0.717787220757828,40.6499302696223,0.179675743099786,"m"
4589,-0.717056718155982,40.6634959670548,0.179688988367756,"m"
4590,-0.716326511197306,40.6770643215779,0.17970220753576,"m"
4591,-0.715596698481342,40.6906349061483,0.179715397099805,"m"
4592,-0.71486737860763,40.7042072937226,0.179728553555895,"m"
4593,-0.714138650175715,40.7177810572579,0.179741673400035,"m"
4594,-0.713410611785135,40.7313557697107,0.179754753128232,"m"
4595,-0.712683362035435,40.7449310040379,0.17976778923649,"m"
4596,-0.711956999521379,40.758506333238,0.179780778221051,"m"
4597,-0.711231595566458,40.7720815686023,0.179793717924481,"m"
4598,-0.710507130114555,40.7856573198852,0.179806610700561,"m"
4599,-0.709783563991801,40.7992343638895,0.179819459846876,"m"
4600,-0.709060858024326,40.8128134774181,0.17983226866101,"m"
4601,-0.708338973038261,40.8263954372738,0.179845040440547,"m"
4602,-0.707617869859736,40.8399810202592,0.179857778483073,"m"
4603,-0.706897509314882,40.8535710031774,0.17987048608617,"m"
4604,-0.70617785222983,40.867166162831,0.179883166547425,"m"
4605,-0.70545885943071,40.880767276023,0.17989582316442,"m"
4606,-0.704740491743652,40.894375119556,0.179908459234741,"m"
4607,-0.704022709994787,40.9079904702329,0.179921078055972,"m"
4608,-0.703305475010246,40.9216141048565,0.179933682925697,"m"
4609,-0.702588747616159,40.9352468002297,0.1799462771415,"m"
4610,-0.701872488638657,40.9488893331552,0.179958864000967,"m"
4611,-0.70115665890387,40.9625424804359,0.179971446801681,"m"
4612,-0.700441219237928,40.9762070188745,0.179984028841227,"m"
4613,-0.699726130466963,40.9898837252738,0.179996613417189,"m"
4614,-0.699011353417105,41.0035733764368,0.180009203827152,"m"
4615,-0.698296848914484,41.0172767491662,0.180021803368699,"m"
4616,-0.697582577785231,41.0309946202647,0.180034415339416,"m"
4617,-0.696868500855477,41.0447277665353,0.180047043036887,"m"
4618,-0.696154578951351,41.0584769647806,0.180059689758696,"m"
4619,-0.695440772898985,41.0722429918036,0.180072358802427,"m"
4620,-0.694727043524509,41.0860266244071,0.180085053465665,"m"
4621,-0.694013351654054,41.0998286393938,0.180097777045995,"m"
4622,-0.69329965811375,41.1136498135665,0.180110532841,"m"
4623,-0.692585923729727,41.1274909237282,0.180123324148265,"m"
4624,-0.691872109328117,41.1413527466815,0.180136154265375,"m"
4625,-0.691158175735049,41.1552360592293,0.180149026489914,"m"
4626,-0.690444083776655,41.1691416381744,0.180161944119465,"m"
4627,-0.689729794160261,41.1830702495234,0.18017491038967,"m"
4628,-0.689015262320947,41.1970221801701,0.1801879257872,"m"
4629,-0.688300436440739,41.2109970578911,0.180200987016959,"m"
4630,-0.687585264174024,41.2249944625135,0.180214090508739,"m"
4631,-0.686869693175186,41.2390139738648,0.18022723269233,"m"
4632,-0.68615367109861,41.2530551717722,0.180240409997523,"m"
4633,-0.685437145598683,41.2671176360629,0.180253618854108,"m"
4634,-0.684720064329788,41.2812009465643,0.180266855691876,"m"
4635,-0.684002374946311,41.2953046831037,0.180280116940619,"m"
4636,-0.683284025102638,41.3094284255084,0.180293399030126,"m"
4637,-0.682564962453153,41.3235717536055,0.180306698390188,"m"
4638,-0.681845134652242,41.3377342472225,0.180320011450596,"m"
4639,-0.68112448935429,41.3519154861867,0.180333334641141,"m"
4640,-0.680402974213683,41.3661150503252,0.180346664391613,"m"
4641,-0.679680536884804,41.3803325194654,0.180359997131803,"m"
4642,-0.678957125022041,41.3945674734347,0.180373329291502,"m"
4643,-0.678232686279777,41.4088194920602,0.1803866573005,"m"
4644,-0.677507168312398,41.4230881551693,0.180399977588589,"m"
4645,-0.676780518774289,41.4373730425892,0.180413286585558,"m"
4646,-0.676052685319836,41.4516737341473,0.180426580721199,"m"
4647,-0.675323615603424,41.4659898096709,0.180439856425302,"m"
4648,-0.674593257279437,41.4803208489872,0.180453110127657,"m"
4649,-0.673861558002262,41.4946664319235,0.180466338258057,"m"
4650,-0.673128465426282,41.5090261383071,0.18047953724629,"m"
4651,-0.672393927205885,41.5233995479653,0.180492703522149,"m"
4652,-0.671657890995453,41.5377862407254,0.180505833515423,"m"
4653,-0.670920304449374,41.5521857964147,0.180518923655904,"m"
4654,-0.670181115222032,41.5665977948605,0.180531970373381,"m"
4655,-0.669440270967813,41.58102181589,0.180544970097647,"m"
4656,-0.668697719341101,41.5954574393306,0.18055791925849,"m"
4657,-0.667953408002086,41.6099042450164,0.180570814285991,"m"
4658,-0.667207313103806,41.6243618464218,0.18058365302146,"m"
4659,-0.666459505355624,41.6388299686602,0.18059643798953,"m"
4660,-0.665710075056102,41.6533083599729,0.180609172685074,"m"
4661,-0.664959112503798,41.6677967686013,0.180621860602965,"m"
4662,-0.664206707997272,41.6822949427869,0.180634505238078,"m"
4663,-0.663452951835085,41.696802630771,0.180647110085284,"m"
4664,-0.662697934315796,41.711319580795,0.180659678639458,"m"
4665,-0.661941745737965,41.7258455411004,0.180672214395473,"m"
4666,-0.661184476400152,41.7403802599285,0.180684720848202,"m"
4667,-0.660426216600916,41.7549234855208,0.180697201492518,"m"
4668,-0.659667056638819,41.7694749661187,0.180709659823295,"m"
4669,-0.658907086812419,41.7840344499635,0.180722099335407,"m"
4670,-0.658146397420276,41.7986016852966,0.180734523523726,"m"
4671,-0.657385078760951,41.8131764203596,0.180746935883126,"m"
4672,-0.656623221133003,41.8277584033937,0.18075933990848,"m"
4673,-0.655860914834991,41.8423473826403,0.180771739094661,"m"
4674,-0.655098250165477,41.856943106341,0.180784136936543,"m"
4675,-0.65433531742302,41.8715453227371,0.180796536929,"m"
4676,-0.65357220690618,41.8861537800699,0.180808942566904,"m"
4677,-0.652809008913516,41.9007682265809,0.180821357345129,"m"
4678,-0.652045813743588,41.9153884105115,0.180833784758548,"m"
4679,-0.651282711694957,41.9300140801032,0.180846228302035,"m"
4680,-0.650519793066182,41.9446449835972,0.180858691470462,"m"
4681,-0.649757148155824,41.959280869235,0.180871177758704,"m"
4682,-0.648994867262441,41.9739214852581,0.180883690661634,"m"
4683,-0.648233040684594,41.9885665799078,0.180896233674124,"m"
4684,-0.647471758720843,42.0032159014255,0.180908810291049,"m"
4685,-0.646711111669748,42.0178691980526,0.180921424007281,"m"
4686,-0.645951189829868,42.0325262180305,0.180934078317694,"m"
4687,-0.645192083499763,42.0471867096007,0.180946776717161,"m"
4688,-0.644433874295802,42.061850480861,0.180959522263249,"m"
4689,-0.643676567442167,42.0765178665692,0.18097231416578,"m"
4690,-0.642920128476748,42.0911894750872,0.180985149635646,"m"
4691,-0.642164522598783,42.1058659171112,0.180998025866683,"m"
4692,-0.641409715007513,42.1205478033378,0.181010940052724,"m"
4693,-0.640655670902174,42.1352357444631,0.181023889387606,"m"
4694,-0.639902355482007,42.1499303511837,0.181036871065163,"m"
4695,-0.639149733946249,42.164632234196,0.18104988227923,"m"
4696,-0.63839777149414,42.1793420041963,0.181062920223641,"m"
4697,-0.637646433324919,42.1940602718809,0.181075982092232,"m"
4698,-0.636895684637823,42.2087876479464,0.181089065078837,"m"
4699,-0.636145490632093,42.2235247430891,0.181102166377292,"m"
4700,-0.635395816506967,42.2382721680053,0.181115283181431,"m"
4701,-0.634646627461683,42.2530305333915,0.18112841268509,"m"
4702,-0.633897888695481,42.2678004499441,0.181141552082102,"m"
4703,-0.633149565407598,42.2825825283594,0.181154698566303,"m"
4704,-0.632401622797275,42.2973773793339,0.181167849331529,"m"
4705,-0.63165402606375,42.3121856135638,0.181181001571613,"m"
4706,-0.630906740406261,42.3270078417457,0.181194152480391,"m"
4707,-0.630159731024048,42.3418446745759,0.181207299251697,"m"
4708,-0.629412963116348,42.3566967227508,0.181220439079367,"m"
4709,-0.628666401882402,42.3715645969667,0.181233569157235,"m"
4710,-0.627920012521447,42.3864489079201,0.181246686679136,"m"
4711,-0.627173760232723,42.4013502663074,0.181259788838906,"m"
4712,-0.626427610215468,42.4162692828249,0.181272872830378,"m"
4713,-0.625681527668921,42.431206568169,0.181285935847388,"m"
4714,-0.624935477792321,42.4461627330362,0.181298975083772,"m"
4715,-0.624189425784907,42.4611383881228,0.181311987733363,"m"
4716,-0.623443336845917,42.4761341441251,0.181324970989996,"m"
4717,-0.622697176174591,42.4911506117397,0.181337922047507,"m"
4718,-0.621950908968644,42.5061884016193,0.181350838099927,"m"
4719,-0.621204493950964,42.5212479394344,0.181363717177079,"m"
4720,-0.620457868563129,42.5363290428593,0.181376560055843,"m"
4721,-0.61971096588096,42.5514314048407,0.181389368076648,"m"
4722,-0.618963718980276,42.5665547183256,0.181402142579919,"m"
4723,-0.618216060936896,42.5816986762608,0.181414884906085,"m"
4724,-0.61746792482664,42.5968629715931,0.181427596395573,"m"
4725,-0.616719243725327,42.6120472972694,0.181440278388808,"m"
4726,-0.615969950708778,42.6272513462365,0.18145293222622,"m"
4727,-0.615219978852811,42.6424748114412,0.181465559248234,"m"
4728,-0.614469261233247,42.6577173858304,0.181478160795278,"m"
4729,-0.613717730925905,42.6729787623509,0.181490738207779,"m"
4730,-0.612965321006605,42.6882586339495,0.181503292826164,"m"
4731,-0.612211964551166,42.7035566935732,0.18151582599086,"m"
4732,-0.611457594635407,42.7188726341686,0.181528339042295,"m"
4733,-0.610702144335149,42.7342061486828,0.181540833320896,"m"
4734,-0.609945546726211,42.7495569300624,0.181553310167089,"m"
4735,-0.609187734884412,42.7649246712544,0.181565770921301,"m"
4736,-0.608428641885573,42.7803090652056,0.181578216923961,"m"
4737,-0.607668200805513,42.7957098048628,0.181590649515495,"m"
4738,-0.606906344720051,42.8111265831729,0.18160307003633,"m"
4739,-0.606143006705007,42.8265590930826,0.181615479826893,"m"
4740,-0.6053781198362,42.8420070275389,0.181627880227612,"m"
4741,-0.604611617189451,42.8574700794886,0.181640272578913,"m"
4742,-0.603843431840578,42.8729479418785,0.181652658221224,"m"
4743,-0.603073496865402,42.8884403076554,0.181665038494972,"m"
4744,-0.602301745339742,42.9039468697662,0.181677414740584,"m"
4745,-0.601528110339417,42.9194673211578,0.181689788298487,"m"
4746,-0.600752524940248,42.9350013547769,0.181702160509108,"m"
4747,-0.599974922218053,42.9505486635704,0.181714532712874,"m"
4748,-0.599195235248653,42.9661089404852,0.181726906250213,"m"
4749,-0.598413412134775,42.9816818683754,0.181739282268107,"m"
4750,-0.597629531768905,42.997267042252,0.181751660229853,"m"
4751,-0.596843740386339,43.0128640118962,0.181764038731828,"m"
4752,-0.596056184778927,43.0284723267153,0.181776416363248,"m"
4753,-0.595267011738516,43.0440915361164,0.181788791713324,"m"
4754,-0.594476368056956,43.0597211895069,0.18180116337127,"m"
4755,-0.593684400526096,43.075360836294,0.181813529926301,"m"
4756,-0.592891255937784,43.0910100258851,0.181825889967628,"m"
4757,-0.592097081083869,43.1066683076874,0.181838242084467,"m"
4758,-0.591302022756201,43.1223352311082,0.18185058486603,"m"
4759,-0.590506227746628,43.1380103455548,0.181862916901531,"m"
4760,-0.589709842846998,43.1536932004344,0.181875236780183,"m"
4761,-0.588913014849161,43.1693833451544,0.1818875430912,"m"
4762,-0.588115890544966,43.185080329122,0.181899834423796,"m"
4763,-0.587318616726261,43.2007837017445,0.181912109367183,"m"
4764,-0.586521340184894,43.2164930124292,0.181924366510575,"m"
4765,-0.585724207712716,43.2322078105834,0.181936604443186,"m"
4766,-0.584927366101575,43.2479276456143,0.18194882175423,"m"
4767,-0.584130962143319,43.2636520669293,0.181961017032919,"m"
4768,-0.583335142629798,43.2793806239355,0.181973188868467,"m"
4769,-0.58254005435286,43.2951128660404,0.181985335850088,"m"
4770,-0.581745844104354,43.3108483426511,0.181997456566996,"m"
4771,-0.580952658676129,43.326586603175,0.182009549608402,"m"
4772,-0.580160644860033,43.3423271970193,0.182021613563522,"m"
4773,-0.579369949447917,43.3580696735914,0.182033647021569,"m"
4774,-0.578580719231627,43.3738135822984,0.182045648571756,"m"
4775,-0.577793101003014,43.3895584725477,0.182057616803296,"m"
4776,-0.577007241553926,43.4053038937466,0.182069550305403,"m"
4777,-0.576223287676212,43.4210493953023,0.182081447667291,"m"
4778,-0.575441386161721,43.4367945266221,0.182093307478173,"m"
4779,-0.574661681355141,43.4525388539061,0.182105128363859,"m"
4780,-0.573884239220494,43.4682824812153,0.182116910122317,"m"
4781,-0.573109032655414,43.484026151247,0.182128653943291,"m"
4782,-0.572336029146046,43.4997706438332,0.182140361097454,"m"
4783,-0.571565196178538,43.5155167388058,0.18215203285548,"m"
4784,-0.570796501239037,43.5312652159969,0.182163670488038,"m"
4785,-0.570029911813688,43.5470168552384,0.182175275265803,"m"
4786,-0.56926539538864,43.5627724363622,0.182186848459447,"m"
4787,-0.568502919450038,43.5785327392003,0.182198391339641,"m"
4788,-0.567742451484029,43.5942985435846,0.182209905177059,"m"
4789,-0.56698395897676,43.6100706293471,0.182221391242372,"m"
4790,-0.566227409414379,43.6258497763198,0.182232850806253,"m"
4791,-0.565472770283031,43.6416367643346,0.182244285139374,"m"
4792,-0.564720009068864,43.6574323732235,0.182255695512408,"m"
4793,-0.563969093258024,43.6732373828184,0.182267083196026,"m"
4794,-0.563219990336658,43.6890525729513,0.182278449460902,"m"
4795,-0.562472667790913,43.7048787234541,0.182289795577707,"m"
4796,-0.561727093106936,43.7207166141588,0.182301122817114,"m"
4797,-0.560983233770873,43.7365670248974,0.182312432449795,"m"
4798,-0.560241057268871,43.7524307355017,0.182323725746422,"m"
4799,-0.559500531087076,43.7683085258039,0.182335003977669,"m"
4800,-0.558761622711637,43.7842011756357,0.182346268414206,"m"
4801,-0.558024299628699,43.8001094648292,0.182357520326708,"m"
4802,-0.557288529324409,43.8160341732164,0.182368760985845,"m"
4803,-0.556554279284914,43.8319760806291,0.18237999166229,"m"
4804,-0.555821516996361,43.8479359668993,0.182391213626715,"m"
4805,-0.555090209944897,43.8639146118591,0.182402428149794,"m"
4806,-0.554360325616667,43.8799127953403,0.182413636502197,"m"
4807,-0.55363183149782,43.8959312971749,0.182424839954598,"m"
4808,-0.552904695074502,43.9119708971949,0.182436039777669,"m"
4809,-0.552178883832859,43.9280323752321,0.182447237242082,"m"
4810,-0.551454358122345,43.9441164260625,0.182458433388812,"m"
4811,-0.550731016845682,43.9602230121303,0.182469627281135,"m"
4812,-0.55000872754839,43.97635172216,0.182480816973083,"m"
4813,-0.549287357525115,43.9925021418861,0.182492000510611,"m"
4814,-0.548566774070506,44.0086738570431,0.182503175939673,"m"
4815,-0.54784684447921,44.0248664533657,0.182514341306227,"m"
4816,-0.547127436045875,44.0410795165882,0.182525494656226,"m"
4817,-0.546408416065149,44.0573126324454,0.182536634035626,"m"
4818,-0.54568965183168,44.0735653866716,0.182547757490383,"m"
4819,-0.544971010640115,44.0898373650014,0.182558863066453,"m"
4820,-0.544252359785101,44.1061281531694,0.18256994880979,"m"
4821,-0.543533566561287,44.1224373369102,0.18258101276635,"m"
4822,-0.542814498263321,44.1387645019581,0.182592052982089,"m"
4823,-0.542095022185849,44.1551092340478,0.182603067502962,"m"
4824,-0.541375005623521,44.1714711189139,0.182614054374923,"m"
4825,-0.540654315870982,44.1878497422908,0.18262501164393,"m"
4826,-0.539932820222882,44.204244689913,0.182635937355937,"m"
4827,-0.539210385973868,44.2206555475152,0.182646829556899,"m"
4828,-0.538486880418587,44.2370819008318,0.182657686292773,"m"
4829,-0.537762170851688,44.2535233355974,0.182668505609513,"m"
4830,-0.537036124567818,44.2699794375466,0.182679285553075,"m"
4831,-0.536308608861624,44.2864497924137,0.182690024169414,"m"
4832,-0.535579491027755,44.3029339859335,0.182700719504486,"m"
4833,-0.534848638360858,44.3194316038404,0.182711369604246,"m"
4834,-0.534115918155581,44.335942231869,0.18272197251465,"m"
4835,-0.533381197706572,44.3524654557538,0.182732526281652,"m"
4836,-0.532644344308477,44.3690008612293,0.182743028951209,"m"
4837,-0.531905225255946,44.38554803403,0.182753478569276,"m"
4838,-0.531163707843626,44.4021065598906,0.182763873181808,"m"
4839,-0.530419659366164,44.4186760245455,0.182774210834761,"m"
4840,-0.529672951677105,44.4352560117416,0.182784489619638,"m"
4841,-0.528923600108987,44.4518460426663,0.182794709061441,"m"
4842,-0.528171788912781,44.4684455648563,0.182804870372834,"m"
4843,-0.52741771202878,44.4850540216233,0.182814974863288,"m"
4844,-0.526661563397274,44.5016708562791,0.182825023842274,"m"
4845,-0.525903536958553,44.5182955121353,0.182835018619263,"m"
4846,-0.525143826652907,44.5349274325038,0.182844960503726,"m"
4847,-0.524382626420628,44.5515660606964,0.182854850805133,"m"
4848,-0.523620130202007,44.5682108400248,0.182864690832956,"m"
4849,-0.522856531937333,44.5848612138007,0.182874481896665,"m"
4850,-0.522092025566897,44.6015166253361,0.182884225305731,"m"
4851,-0.521326805030991,44.6181765179425,0.182893922369624,"m"
4852,-0.520561064269905,44.6348403349318,0.182903574397817,"m"
4853,-0.519794997223929,44.6515075196157,0.182913182699779,"m"
4854,-0.519028797833353,44.6681775153061,0.182922748584982,"m"
4855,-0.51826266003847,44.6848497653146,0.182932273362896,"m"
4856,-0.517496777779569,44.7015237129531,0.182941758342991,"m"
4857,-0.516731344996941,44.7181988015332,0.18295120483474,"m"
4858,-0.515966555630877,44.7348744743669,0.182960614147613,"m"
4859,-0.515202603621667,44.7515501747658,0.18296998759108,"m"
4860,-0.514439682909601,44.7682253460417,0.182979326474613,"m"
4861,-0.513677987434972,44.7848994315064,0.182988632107681,"m"
4862,-0.512917711138068,44.8015718744716,0.182997905799757,"m"
4863,-0.512159047959182,44.8182421182491,0.183007148860311,"m"
4864,-0.511402191838603,44.8349096061507,0.183016362598814,"m"
4865,-0.510647336716622,44.8515737814881,0.183025548324736,"m"
4866,-0.50989467653353,44.8682340875731,0.183034707347548,"m"
4867,-0.509144405229618,44.8848899677175,0.183043840976722,"m"
4868,-0.508396716745176,44.9015408652331,0.183052950521728,"m"
4869,-0.507651805020494,44.9181862234315,0.183062037292037,"m"
4870,-0.506909863890622,44.9348254860648,0.18307110259683,"m"
4871,-0.506171005298051,44.9514584394013,0.183080147519973,"m"
4872,-0.505435112794583,44.9680858249554,0.183089172516945,"m"
4873,-0.504702030428347,44.9847085494662,0.183098177934537,"m"
4874,-0.503971602247474,45.0013275196728,0.183107164119542,"m"
4875,-0.503243672300093,45.017943642314,0.183116131418748,"m"
4876,-0.502518084634337,45.0345578241288,0.183125080178949,"m"
4877,-0.501794683298333,45.0511709718564,0.183134010746935,"m"
4878,-0.501073312340214,45.0677839922356,0.183142923469497,"m"
4879,-0.50035381580811,45.0843977920055,0.183151818693426,"m"
4880,-0.49963603775015,45.101013277905,0.183160696765513,"m"
4881,-0.498919822214466,45.1176313566731,0.183169558032549,"m"
4882,-0.498205013249187,45.134252935049,0.183178402841326,"m"
4883,-0.497491454902444,45.1508789197714,0.183187231538634,"m"
4884,-0.496778991222367,45.1675102175795,0.183196044471265,"m"
4885,-0.496067466257087,45.1841477352122,0.18320484198601,"m"
4886,-0.495356724054734,45.2007923794085,0.183213624429659,"m"
4887,-0.494646608663439,45.2174450569075,0.183222392149005,"m"
4888,-0.493936964131331,45.234106674448,0.183231145490837,"m"
4889,-0.493227634506542,45.2507781387692,0.183239884801948,"m"
4890,-0.492518463837201,45.2674603566099,0.183248610429127,"m"
4891,-0.491809296171439,45.2841542347093,0.183257322719167,"m"
4892,-0.491099975557386,45.3008606798062,0.183266022018859,"m"
4893,-0.490390346043173,45.3175805986398,0.183274708674993,"m"
4894,-0.48968025167693,45.3343148979489,0.18328338303436,"m"
4895,-0.488969536506787,45.3510644844725,0.183292045443752,"m"
4896,-0.488258044580875,45.3678302649498,0.18330069624996,"m"
4897,-0.487545619947325,45.3846131461196,0.183309335799775,"m"
4898,-0.486832106654265,45.401414034721,0.183317964439988,"m"
4899,-0.486117348749828,45.4182338374929,0.18332658251739,"m"
4900,-0.485401190282143,45.4350734611744,0.183335190378772,"m"
4901,-0.484683479110904,45.4519337921038,0.183343788346921,"m"
4902,-0.483964180984511,45.4688150856458,0.1833523760022,"m"
4903,-0.483243399266769,45.4857168606084,0.183360952058312,"m"
4904,-0.482521245108017,45.5026385941235,0.183369515179925,"m"
4905,-0.481797829658593,45.5195797633235,0.183378064031707,"m"
4906,-0.481073264068839,45.5365398453405,0.183386597278323,"m"
4907,-0.480347659489092,45.5535183173066,0.183395113584443,"m"
4908,-0.479621127069692,45.5705146563541,0.183403611614733,"m"
4909,-0.478893777960977,45.587528339615,0.183412090033859,"m"
4910,-0.478165723313288,45.6045588442215,0.183420547506491,"m"
4911,-0.477437074276964,45.6216056473059,0.183428982697295,"m"
4912,-0.476707942002343,45.6386682260002,0.183437394270937,"m"
4913,-0.475978437639765,45.6557460574366,0.183445780892086,"m"
4914,-0.47524867233957,45.6728386187474,0.18345414122541,"m"
4915,-0.474518757252095,45.6899453870646,0.183462473935574,"m"
4916,-0.473788803527682,45.7070658395204,0.183470777687246,"m"
4917,-0.473058922316668,45.724199453247,0.183479051145094,"m"
4918,-0.472329224769393,45.7413457053766,0.183487292973785,"m"
4919,-0.471599822036196,45.7585040730413,0.183495501837987,"m"
4920,-0.470870825267417,45.7756740333732,0.183503676402366,"m"
4921,-0.470142345613394,45.7928550635047,0.18351181533159,"m"
4922,-0.469414494224468,45.8100466405677,0.183519917290326,"m"
4923,-0.468687382250976,45.8272482416944,0.183527980943241,"m"
4924,-0.467961120843259,45.8444593440172,0.183536004955003,"m"
4925,-0.467235821151655,45.861679424668,0.183543987990279,"m"
4926,-0.466511594326504,45.8789079607791,0.183551928713736,"m"
4927,-0.465788551518146,45.8961444294826,0.183559825790042,"m"
4928,-0.465066803876918,45.9133883079107,0.183567677883864,"m"
4929,-0.46434646255316,45.9306390731956,0.183575483659869,"m"
4930,-0.463627638697213,45.9478962024693,0.183583241782725,"m"
4931,-0.462910443418325,45.9651591728888,0.183590950917527,"m"
4932,-0.462194958035856,45.982427479461,0.183598610040229,"m"
4933,-0.461481181566893,45.9997006665085,0.183606218985608,"m"
4934,-0.460769098934823,46.0169782867991,0.18361377773551,"m"
4935,-0.460058695063033,46.0342598931004,0.183621286271779,"m"
4936,-0.459349954874909,46.0515450381801,0.183628744576262,"m"
4937,-0.458642863293839,46.0688332748058,0.183636152630802,"m"
4938,-0.457937405243209,46.0861241557454,0.183643510417246,"m"
4939,-0.457233565646407,46.1034172337664,0.183650817917437,"m"
4940,-0.456531329426818,46.1207120616364,0.183658075113222,"m"
4941,-0.455830681507831,46.1380081921233,0.183665281986446,"m"
4942,-0.455131606812831,46.1553051779947,0.183672438518953,"m"
4943,-0.454434090265207,46.1726025720182,0.183679544692589,"m"
4944,-0.453738116788344,46.1898999269616,0.183686600489198,"m"
4945,-0.453043671305629,46.2071967955924,0.183693605890627,"m"
4946,-0.45235073874045,46.2244927306785,0.18370056087872,"m"
4947,-0.451659304016194,46.2417872849874,0.183707465435323,"m"
4948,-0.450969352056246,46.2590800112869,0.183714319542279,"m"
4949,-0.450280867783995,46.2763704623446,0.183721123181436,"m"
4950,-0.449593836122827,46.2936581909282,0.183727876334636,"m"
4951,-0.448908241996128,46.3109427498054,0.183734578983727,"m"
4952,-0.448224070327287,46.3282236917439,0.183741231110553,"m"
4953,-0.447541306039689,46.3455005695113,0.183747832696959,"m"
4954,-0.446859934056722,46.3627729358753,0.18375438372479,"m"
4955,-0.446179939301772,46.3800403436036,0.183760884175892,"m"
4956,-0.445501306698226,46.3973023454639,0.183767334032109,"m"
4957,-0.444824021169472,46.4145584942239,0.183773733275287,"m"
4958,-0.444148067638896,46.4318083426512,0.18378008188727,"m"
4959,-0.443473431029885,46.4490514435135,0.183786379849905,"m"
4960,-0.442800096265826,46.4662873495785,0.183792627145035,"m"
4961,-0.442128048270105,46.4835156136139,0.183798823754507,"m"
4962,-0.441457273204056,46.5007359001254,0.183804969750258,"m"
4963,-0.440787766111276,46.5179486753404,0.183811065850646,"m"
4964,-0.440119525914315,46.535154755604,0.183817113056325,"m"
4965,-0.439452551551937,46.5523549587247,0.183823112369129,"m"
4966,-0.438786841962906,46.5695501025111,0.18382906479089,"m"
4967,-0.438122396085986,46.5867410047718,0.183834971323444,"m"
4968,-0.437459212859939,46.6039284833153,0.183840832968622,"m"
4969,-0.43679729122353,46.6211133559502,0.18384665072826,"m"
4970,-0.436136630115522,46.6382964404849,0.183852425604191,"m"
4971,-0.435477228474678,46.6554785547281,0.183858158598247,"m"
4972,-0.434819085239762,46.6726605164884,0.183863850712264,"m"
4973,-0.434162199349538,46.6898431435741,0.183869502948074,"m"
4974,-0.433506569742768,46.707027253794,0.183875116307511,"m"
4975,-0.432852195358218,46.7242136649565,0.183880691792409,"m"
4976,-0.43219907513465,46.7414031948703,0.183886230404602,"m"
4977,-0.431547208010827,46.7585966613438,0.183891733145922,"m"
4978,-0.430896592925514,46.7757948821856,0.183897201018205,"m"
4979,-0.430247228817473,46.7929986752042,0.183902635023283,"m"
4980,-0.429599114625469,46.8102088582083,0.18390803616299,"m"
4981,-0.428952249288265,46.8274262490063,0.183913405439159,"m"
4982,-0.428306631744625,46.8446516654068,0.183918743853625,"m"
4983,-0.427662260933311,46.8618859252183,0.183924052408221,"m"
4984,-0.427019135793088,46.8791298462495,0.18392933210478,"m"
4985,-0.42637725526272,46.8963842463088,0.183934583945137,"m"
4986,-0.425736618280968,46.9136499432049,0.183939808931124,"m"
4987,-0.425097223786598,46.9309277547462,0.183945008064576,"m"
4988,-0.424459070718373,46.9482184987412,0.183950182347326,"m"
4989,-0.423822158015056,46.9655229929987,0.183955332781208,"m"
4990,-0.423186484615411,46.982842055327,0.183960460368056,"m"
4991,-0.422552049458202,47.0001765035348,0.183965566109702,"m"
4992,-0.421918851453328,47.0175271549721,0.18397065100727,"m"
4993,-0.421286869975366,47.0348945165945,0.183975715580202,"m"
4994,-0.420656030932822,47.0522782458428,0.183980759029639,"m"
4995,-0.420026251169794,47.0696778561345,0.183985780333223,"m"
4996,-0.419397447530379,47.087092860887,0.183990778468596,"m"
4997,-0.418769536858672,47.1045227735179,0.183995752413399,"m"
4998,-0.418142435998773,47.1219671074447,0.184000701145274,"m"
4999,-0.417516061794776,47.1394253760848,0.184005623641863,"m"
5000,-0.416890331090781,47.1568970928557,0.184010518880806,"m"
5001,-0.416265160730882,47.174381771175,0.184015385839747,"m"
5002,-0.415640467559179,47.19187892446,0.184020223496326,"m"
5003,-0.415016168419766,47.2093880661284,0.184025030828186,"m"
5004,-0.414392180156743,47.2269087095975,0.184029806812967,"m"
5005,-0.413768419614204,47.244440368285,0.184034550428311,"m"
5006,-0.413144803636248,47.2619825556081,0.184039260651861,"m"
5007,-0.412521249066972,47.2795347849846,0.184043936461257,"m"
5008,-0.411897672750472,47.2970965698318,0.184048576834142,"m"
5009,-0.411273991530846,47.3146674235672,0.184053180748156,"m"
5010,-0.41065012225219,47.3322468596083,0.184057747180942,"m"
5011,-0.410025981758601,47.3498343913727,0.184062275110142,"m"
5012,-0.409401486894177,47.3674295322777,0.184066763513396,"m"
5013,-0.408776554503014,47.385031795741,0.184071211368347,"m"
5014,-0.40815110142921,47.4026406951799,0.184075617652636,"m"
5015,-0.407525044516861,47.420255744012,0.184079981343905,"m"
5016,-0.406898300610065,47.4378764556547,0.184084301419796,"m"
5017,-0.406270786552918,47.4555023435257,0.184088576857949,"m"
5018,-0.405642419189518,47.4731329210422,0.184092806636007,"m"
5019,-0.405013115363961,47.4907677016219,0.184096989731612,"m"
5020,-0.404382791920344,47.5084061986822,0.184101125122405,"m"
5021,-0.403751365702765,47.5260479256406,0.184105211786027,"m"
5022,-0.403118753555321,47.5436923959146,0.184109248700121,"m"
5023,-0.402484895051731,47.561339128886,0.184113234973966,"m"
5024,-0.401849891169833,47.5789876862895,0.184117170651611,"m"
5025,-0.401213912731656,47.5966376481869,0.184121056181607,"m"
5026,-0.400577130838562,47.6142885947136,0.184124892014122,"m"
5027,-0.399939716591915,47.6319401060047,0.184128678599324,"m"
5028,-0.399301841093078,47.6495917621956,0.184132416387382,"m"
5029,-0.398663675443414,47.6672431434213,0.184136105828463,"m"
5030,-0.398025390744286,47.6848938298173,0.184139747372737,"m"
5031,-0.397387158097057,47.7025434015186,0.184143341470371,"m"
5032,-0.396749148603092,47.7201914386606,0.184146888571534,"m"
5033,-0.396111533363752,47.7378375213785,0.184150389126393,"m"
5034,-0.3954744834804,47.7554812298075,0.184153843585118,"m"
5035,-0.394838170054401,47.7731221440828,0.184157252397876,"m"
5036,-0.394202764187118,47.7907598443397,0.184160616014836,"m"
5037,-0.393568436979913,47.8083939107135,0.184163934886165,"m"
5038,-0.392935359534149,47.8260239233394,0.184167209462033,"m"
5039,-0.39230370295119,47.8436494623525,0.184170440192608,"m"
5040,-0.3916736383324,47.8612701078882,0.184173627528057,"m"
5041,-0.39104533677914,47.8788854400817,0.184176771918549,"m"
5042,-0.390418969392775,47.8964950390682,0.184179873814252,"m"
5043,-0.389794707274667,47.9140984849829,0.184182933665335,"m"
5044,-0.38917272152618,47.9316953579611,0.184185951921966,"m"
5045,-0.388553183248677,47.9492852381381,0.184188929034313,"m"
5046,-0.387936263543521,47.966867705649,0.184191865452544,"m"
5047,-0.387322133512075,47.9844423406292,0.184194761626828,"m"
5048,-0.386710964255702,48.0020087232138,0.184197618007333,"m"
5049,-0.386102926875766,48.019566433538,0.184200435044227,"m"
5050,-0.38549819247363,48.0371150517372,0.184203213187678,"m"
5051,-0.384896932150657,48.0546541579465,0.184205952887855,"m"
5052,-0.384299317008209,48.0721833323012,0.184208654594926,"m"
5053,-0.383705512026907,48.0897021795328,0.184211318732115,"m"
5054,-0.383115539238367,48.1072108788133,0.184213945093363,"m"
5055,-0.382529276508088,48.1247101886466,0.184216532837973,"m"
5056,-0.381946595337397,48.1422008931107,0.18421908109723,"m"
5057,-0.381367367227623,48.159683776284,0.184221589002419,"m"
5058,-0.380791463680092,48.1771596222447,0.184224055684827,"m"
5059,-0.38021875619613,48.1946292150708,0.184226480275738,"m"
5060,-0.379649116277066,48.2120933388407,0.18422886190644,"m"
5061,-0.379082415424226,48.2295527776326,0.184231199708217,"m"
5062,-0.378518525138937,48.2470083155245,0.184233492812355,"m"
5063,-0.377957316922526,48.2644607365948,0.18423574035014,"m"
5064,-0.377398662276322,48.2819108249216,0.184237941452858,"m"
5065,-0.376842432701649,48.2993593645832,0.184240095251794,"m"
5066,-0.376288499699837,48.3168071396576,0.184242200878234,"m"
5067,-0.375736734772211,48.3342549342232,0.184244257463463,"m"
5068,-0.375187009420099,48.3517035323581,0.184246264138768,"m"
5069,-0.374639195144828,48.3691537181406,0.184248220035434,"m"
5070,-0.374093163447725,48.3866062756487,0.184250124284747,"m"
5071,-0.373548785830117,48.4040619889608,0.184251976017993,"m"
5072,-0.373005933793332,48.4215216421551,0.184253774366457,"m"
5073,-0.372464478838696,48.4389860193096,0.184255518461424,"m"
5074,-0.371924292467537,48.4564559045027,0.184257207434181,"m"
5075,-0.371385246181181,48.4739320818125,0.184258840416014,"m"
5076,-0.370847211480956,48.4914153353172,0.184260416538207,"m"
5077,-0.370310059868188,48.508906449095,0.184261934932048,"m"
5078,-0.369773662844206,48.5264062072242,0.18426339472882,"m"
5079,-0.369237891910335,48.5439153937829,0.184264795059811,"m"
5080,-0.368702618567904,48.5614347928493,0.184266135056306,"m"
5081,-0.368167714318239,48.5789651885016,0.18426741384959,"m"
5082,-0.367633050662667,48.5965073648181,0.184268630570949,"m"
5083,-0.367098499102515,48.6140621058769,0.18426978435167,"m"
5084,-0.366563947119468,48.6316300866704,0.184270874513415,"m"
5085,-0.366029394505218,48.6492112155359,0.184271901715832,"m"
5086,-0.365494889207771,48.666805072084,0.184272867192266,"m"
5087,-0.364960479359269,48.6844112346684,0.184273772178258,"m"
5088,-0.364426213091853,48.7020292816428,0.184274617909346,"m"
5089,-0.363892138537666,48.7196587913607,0.184275405621071,"m"
5090,-0.363358303828849,48.737299342176,0.184276136548972,"m"
5091,-0.362824757097544,48.7549505124422,0.184276811928589,"m"
5092,-0.362291546475892,48.772611880513,0.184277432995462,"m"
5093,-0.361758720096035,48.7902830247422,0.184278000985131,"m"
5094,-0.361226326090116,48.8079635234833,0.184278517133136,"m"
5095,-0.360694412590274,48.82565295509,0.184278982675015,"m"
5096,-0.360163027728653,48.8433508979161,0.18427939884631,"m"
5097,-0.359632219637393,48.8610569303151,0.184279766882559,"m"
5098,-0.359102036448637,48.8787706306408,0.184280088019303,"m"
5099,-0.358572526294526,48.8964915772468,0.184280363492081,"m"
5100,-0.358043737307203,48.9142193484868,0.184280594536432,"m"
5101,-0.357515717618807,48.9319535227144,0.184280782387898,"m"
5102,-0.356988515361482,48.9496936782834,0.184280928282017,"m"
5103,-0.356462178667369,48.9674393935474,0.18428103345433,"m"
5104,-0.35593675566861,48.98519024686,0.184281099140375,"m"
5105,-0.355412294497346,49.002945816575,0.184281126575693,"m"
5106,-0.354888843285719,49.020705681046,0.184281116995824,"m"
5107,-0.354366450165871,49.0384694186267,0.184281071636307,"m"
5108,-0.353845163269943,49.0562366076707,0.184280991732683,"m"
5109,-0.353325030730078,49.0740068265318,0.18428087852049,"m"
5110,-0.352806100678416,49.0917796535635,0.184280733235268,"m"
5111,-0.352288421247099,49.1095546671197,0.184280557112558,"m"
5112,-0.35177204056827,49.1273314455538,0.184280351387899,"m"
5113,-0.35125700677407,49.1451095672197,0.184280117296831,"m"
5114,-0.350743366631808,49.1628886075447,0.1842798560048,"m"
5115,-0.350231135517646,49.1806680746544,0.184279567065105,"m"
5116,-0.349720297416599,49.198447409372,0.184279248418894,"m"
5117,-0.34921083494885,49.2162260495946,0.184278897937224,"m"
5118,-0.348702730734581,49.2340034332195,0.184278513491151,"m"
5119,-0.348195967393976,49.2517789981438,0.184278092951731,"m"
5120,-0.347690527547216,49.2695521822647,0.18427763419002,"m"
5121,-0.347186393814484,49.2873224234792,0.184277135077075,"m"
5122,-0.346683548815962,49.3050891596845,0.184276593483952,"m"
5123,-0.346181975171834,49.3228518287779,0.184276007281706,"m"
5124,-0.345681655502281,49.3406098686564,0.184275374341394,"m"
5125,-0.345182572427487,49.3583627172171,0.184274692534072,"m"
5126,-0.344684708567634,49.3761098123574,0.184273959730796,"m"
5127,-0.344188046542904,49.3938505919742,0.184273173802623,"m"
5128,-0.34369256897348,49.4115844939647,0.184272332620607,"m"
5129,-0.343198258479545,49.4293109562262,0.184271434055807,"m"
5130,-0.342705097681281,49.4470294166557,0.184270475979277,"m"
5131,-0.342213069198871,49.4647393131504,0.184269456262074,"m"
5132,-0.341722155652496,49.4824400836074,0.184268372775254,"m"
5133,-0.341232339662341,49.5001311659239,0.184267223389873,"m"
5134,-0.340743603848587,49.5178119979971,0.184266005976988,"m"
5135,-0.340255930831417,49.5354820177241,0.184264718407653,"m"
5136,-0.339769303231014,49.553140663002,0.184263358552927,"m"
5137,-0.339283703667559,49.570787371728,0.184261924283864,"m"
5138,-0.338799114761237,49.5884215817993,0.184260413471521,"m"
5139,-0.338315519132228,49.606042731113,0.184258823986954,"m"
5140,-0.337832899400717,49.6236502575662,0.184257153701219,"m"
5141,-0.337351238186884,49.6412435990561,0.184255400485372,"m"
5142,-0.336870518110914,49.6588221934799,0.18425356221047,"m"
5143,-0.336390721792988,49.6763854787347,0.184251636747568,"m"
5144,-0.335911831928628,49.6939328943146,0.184249621971144,"m"
5145,-0.335433850916568,49.7114642973768,0.184247516650295,"m"
5146,-0.334956827107308,49.7289805191503,0.184245321640548,"m"
5147,-0.334480815389734,49.746482529463,0.184243038094306,"m"
5148,-0.334005870652727,49.7639712981427,0.18424066716397,"m"
5149,-0.333532047785172,49.7814477950173,0.184238210001943,"m"
5150,-0.333059401675951,49.7989129899146,0.184235667760627,"m"
5151,-0.332587987213949,49.8163678526623,0.184233041592423,"m"
5152,-0.332117859288049,49.8338133530884,0.184230332649733,"m"
5153,-0.331649072787134,49.8512504610206,0.18422754208496,"m"
5154,-0.331181682600088,49.8686801462868,0.184224671050505,"m"
5155,-0.330715743615794,49.8861033787148,0.18422172069877,"m"
5156,-0.330251310723135,49.9035211281324,0.184218692182157,"m"
5157,-0.329788438810995,49.9209343643675,0.184215586653068,"m"
5158,-0.329327182768258,49.9383440572479,0.184212405263906,"m"
5159,-0.328867597483807,49.9557511766014,0.184209149167071,"m"
5160,-0.328409737846525,49.9731566922559,0.184205819514966,"m"
5161,-0.327953658745295,49.9905615740391,0.184202417459993,"m"
5162,-0.327499415069002,50.007966791779,0.184198944154553,"m"
5163,-0.327047061706529,50.0253733153032,0.18419540075105,"m"
5164,-0.326596653546758,50.0427821144398,0.184191788401883,"m"
5165,-0.326148245478574,50.0601941590164,0.184188108259457,"m"
5166,-0.32570189239086,50.0776104188609,0.184184361476172,"m"
5167,-0.325257649172499,50.0950318638011,0.18418054920443,"m"
5168,-0.324815570712375,50.112459463665,0.184176672596634,"m"
5169,-0.324375711899371,50.1298941882802,0.184172732805185,"m"
5170,-0.323938127622371,50.1473370074746,0.184168730982486,"m"
5171,-0.323502872770258,50.1647888910761,0.184164668280937,"m"
5172,-0.323070002231916,50.1822508089125,0.184160545852942,"m"
5173,-0.322639570896228,50.1997237308116,0.184156364850902,"m"
5174,-0.322211633652077,50.2172086266012,0.184152126427218,"m"
5175,-0.321786242906954,50.234706433944,0.184147831690541,"m"
5176,-0.321363394857937,50.2522173618717,0.184143480758383,"m"
5177,-0.320943029966249,50.2697408969366,0.184139072765492,"m"
5178,-0.320525086306628,50.2872764947563,0.184134606804537,"m"
5179,-0.320109501953815,50.3048236109482,0.184130081968186,"m"
5180,-0.319696214982552,50.3223817011298,0.184125497349105,"m"
5181,-0.319285163467577,50.3399502209184,0.184120852039962,"m"
5182,-0.318876285483633,50.3575286259316,0.184116145133427,"m"
5183,-0.318469519105459,50.3751163717869,0.184111375722165,"m"
5184,-0.318064802407796,50.3927129141016,0.184106542898846,"m"
5185,-0.317662073465385,50.4103177084932,0.184101645756137,"m"
5186,-0.317261270352965,50.4279302105792,0.184096683386706,"m"
5187,-0.316862331145279,50.4455498759771,0.18409165488322,"m"
5188,-0.316465193917065,50.4631761603042,0.184086559338347,"m"
5189,-0.316069796743064,50.4808085191782,0.184081395844756,"m"
5190,-0.315676077698018,50.4984464082163,0.184076163495114,"m"
5191,-0.315283974856666,50.5160892830361,0.184070861382089,"m"
5192,-0.314893426293749,50.5337365992551,0.184065488598348,"m"
5193,-0.314504370084007,50.5513878124906,0.18406004423656,"m"
5194,-0.314116744302182,50.5690423783602,0.184054527389392,"m"
5195,-0.313730487023013,50.5866997524812,0.184048937149512,"m"
5196,-0.313345536321241,50.6043593904713,0.184043272609588,"m"
5197,-0.312961830271607,50.6220207479477,0.184037532862288,"m"
5198,-0.312579306948851,50.639683280528,0.184031717000279,"m"
5199,-0.312197904427714,50.6573464438296,0.18402582411623,"m"
5200,-0.311817560782936,50.6750096934701,0.184019853302807,"m"
5201,-0.311438214089257,50.6926724850667,0.18401380365268,"m"
5202,-0.311059802421418,50.7103342742371,0.184007674258515,"m"
5203,-0.31068226385416,50.7279945165986,0.184001464212981,"m"
5204,-0.310305536462224,50.7456526677687,0.183995172608746,"m"
5205,-0.309929558404962,50.7633081834197,0.183988798540006,"m"
5206,-0.309554288998306,50.7809605329313,0.183982341483556,"m"
5207,-0.309179736449273,50.7986092173598,0.183975801800335,"m"
5208,-0.308805915849934,50.8162537422223,0.18396917997579,"m"
5209,-0.30843284229236,50.8338936130359,0.183962476495369,"m"
5210,-0.308060530868623,50.8515283353179,0.18395569184452,"m"
5211,-0.307688996670794,50.8691574145855,0.183948826508692,"m"
5212,-0.307318254790944,50.8867803563556,0.183941880973332,"m"
5213,-0.306948320321144,50.9043966661456,0.183934855723888,"m"
5214,-0.306579208353465,50.9220058494726,0.183927751245809,"m"
5215,-0.306210933979979,50.9396074118537,0.183920568024542,"m"
5216,-0.305843512292757,50.9572008588061,0.183913306545535,"m"
5217,-0.30547695838387,50.9747856958469,0.183905967294237,"m"
5218,-0.30511128734539,50.9923614284934,0.183898550756095,"m"
5219,-0.304746514269387,51.0099275622626,0.183891057416557,"m"
5220,-0.304382654247933,51.0274836026717,0.183883487761072,"m"
5221,-0.304019722373099,51.0450290552379,0.183875842275087,"m"
5222,-0.303657733736957,51.0625634254783,0.18386812144405,"m"
5223,-0.303296703431576,51.0800862189101,0.18386032575341,"m"
5224,-0.30293664654903,51.0975969410504,0.183852455688614,"m"
5225,-0.302577578181388,51.1150950974164,0.183844511735111,"m"
5226,-0.302219513420723,51.1325801935253,0.183836494378348,"m"
5227,-0.301862467359105,51.1500517348942,0.183828404103773,"m"
5228,-0.301506455088606,51.1675092270403,0.183820241396835,"m"
5229,-0.301151491701296,51.1849521754807,0.183812006742981,"m"
5230,-0.300797592289248,51.2023800857326,0.18380370062766,"m"
5231,-0.300444771944532,51.2197924633131,0.183795323536319,"m"
5232,-0.300093045759219,51.2371888137394,0.183786875954406,"m"
5233,-0.299742428825381,51.2545686425287,0.18377835836737,"m"
5234,-0.299392936235089,51.2719314551981,0.183769771260658,"m"
5235,-0.299044583080414,51.2892767572647,0.183761115119719,"m"
5236,-0.298697385570639,51.3066042092367,0.183752390356597,"m"
5237,-0.298351366504869,51.3239143858299,0.183743596950374,"m"
5238,-0.298006551089989,51.3412081957914,0.183734734721936,"m"
5239,-0.29766296453644,51.3584865483622,0.183725803491934,"m"
5240,-0.297320632054662,51.3757503527829,0.183716803081021,"m"
5241,-0.296979578855098,51.3930005182944,0.183707733309847,"m"
5242,-0.296639830148187,51.4102379541374,0.183698593999067,"m"
5243,-0.296301411144371,51.4274635695527,0.18368938496933,"m"
5244,-0.295964347054091,51.4446782737811,0.18368010604129,"m"
5245,-0.295628663087789,51.4618829760633,0.183670757035598,"m"
5246,-0.295294384455904,51.4790785856401,0.183661337772907,"m"
5247,-0.294961536368879,51.4962660117523,0.183651848073867,"m"
5248,-0.294630144037154,51.5134461636407,0.183642287759132,"m"
5249,-0.29430023267117,51.530619950546,0.183632656649353,"m"
5250,-0.293971827481369,51.5477882817091,0.183622954565182,"m"
5251,-0.293644953678192,51.5649520663707,0.183613181327272,"m"
5252,-0.293319636472079,51.5821122137715,0.183603336756273,"m"
5253,-0.292995901073471,51.5992696331523,0.183593420672838,"m"
5254,-0.292673772692811,51.616425233754,0.18358343289762,"m"
5255,-0.292353276540538,51.6335799248173,0.183573373251269,"m"
5256,-0.292034437827094,51.6507346155829,0.183563241554439,"m"
5257,-0.29171728176292,51.6678902152917,0.18355303762778,"m"
5258,-0.291401833558457,51.6850476331844,0.183542761291945,"m"
5259,-0.291088118424146,51.7022077785018,0.183532412367587,"m"
5260,-0.290776161570429,51.7193715604846,0.183521990675356,"m"
5261,-0.290465988207745,51.7365398883737,0.183511496035904,"m"
5262,-0.290157623546537,51.7537136714099,0.183500928269885,"m"
5263,-0.289851092797245,51.7708938188338,0.183490287197949,"m"
5264,-0.289546421170311,51.7880812398863,0.18347957264075,"m"
5265,-0.289243633876175,51.8052768438081,0.183468784418937,"m"
5266,-0.288942756150035,51.8224815381956,0.183457922351874,"m"
5267,-0.288643819150265,51.8396958372034,0.183446985950024,"m"
5268,-0.288346867598486,51.8569193540595,0.183435974016526,"m"
5269,-0.288051948106668,51.8741515764269,0.183424885255933,"m"
5270,-0.287759107286779,51.891391991969,0.183413718372802,"m"
5271,-0.287468391750789,51.9086400883489,0.183402472071686,"m"
5272,-0.287179848110667,51.9258953532299,0.18339114505714,"m"
5273,-0.286893522978382,51.9431572742752,0.183379736033721,"m"
5274,-0.286609462965903,51.9604253391479,0.183368243705982,"m"
5275,-0.2863277146852,51.9776990355115,0.183356666778478,"m"
5276,-0.286048324748241,51.9949778510289,0.183345003955765,"m"
5277,-0.285771339766997,52.0122612733636,0.183333253942397,"m"
5278,-0.285496806353435,52.0295487901786,0.183321415442929,"m"
5279,-0.285224771119525,52.0468398891372,0.183309487161917,"m"
5280,-0.284955280677236,52.0641340579027,0.183297467803914,"m"
5281,-0.284688381638538,52.0814307841382,0.183285356073476,"m"
5282,-0.284424120615399,52.098729555507,0.183273150675158,"m"
5283,-0.28416254421979,52.1160298596722,0.183260850313515,"m"
5284,-0.283903699063678,52.1333311842972,0.183248453693102,"m"
5285,-0.283647631759033,52.1506330170451,0.183235959518473,"m"
5286,-0.283394388917824,52.1679348455791,0.183223366494184,"m"
5287,-0.283144017152021,52.1852361575625,0.183210673324789,"m"
5288,-0.282896563073592,52.2025364406585,0.183197878714843,"m"
5289,-0.282652073294507,52.2198351825303,0.183184981368901,"m"
5290,-0.282410594426735,52.2371318708411,0.183171979991519,"m"
5291,-0.282172173082245,52.2544259932542,0.183158873287251,"m"
5292,-0.281936855873007,52.2717170374327,0.183145659960652,"m"
5293,-0.281704689410988,52.2890044910399,0.183132338716276,"m"
5294,-0.281475720308159,52.306287841739,0.18311890825868,"m"
5295,-0.281249995176489,52.3235665771932,0.183105367292417,"m"
5296,-0.281027560627947,52.3408401850658,0.183091714522043,"m"
5297,-0.280808437490026,52.3581081588915,0.183077948990959,"m"
5298,-0.280592496017903,52.3753700264932,0.183064071721312,"m"
5299,-0.280379551966041,52.3926253281044,0.183050084451473,"m"
5300,-0.280169421013729,52.4098736039759,0.183035988920796,"m"
5301,-0.279961918840257,52.4271143943584,0.183021786868639,"m"
5302,-0.279756861124914,52.4443472395026,0.183007480034358,"m"
5303,-0.27955406354699,52.4615716796592,0.182993070157309,"m"
5304,-0.279353341785773,52.478787255079,0.18297855897685,"m"
5305,-0.279154511520554,52.4959935060127,0.182963948232337,"m"
5306,-0.278957388430621,52.513189972711,0.182949239663127,"m"
5307,-0.278761788195265,52.5303761954245,0.182934435008575,"m"
5308,-0.278567526493774,52.5475517144041,0.182919536008039,"m"
5309,-0.278374419005438,52.5647160699004,0.182904544400875,"m"
5310,-0.278182281409547,52.5818688021642,0.18288946192644,"m"
5311,-0.277990929385389,52.5990094514462,0.182874290324091,"m"
5312,-0.277800178612255,52.6161375579971,0.182859031333183,"m"
5313,-0.277609844769434,52.6332526620676,0.182843686693073,"m"
5314,-0.277419743536214,52.6503543039084,0.182828258143119,"m"
5315,-0.277229690591886,52.6674420237703,0.182812747422676,"m"
5316,-0.277039501615739,52.6845153619039,0.182797156271101,"m"
5317,-0.276848992287062,52.7015738585601,0.182781486427751,"m"
5318,-0.276657978285145,52.7186170539894,0.182765739631983,"m"
5319,-0.276466275289277,52.7356444884427,0.182749917623152,"m"
5320,-0.276273698978748,52.7526557021706,0.182734022140615,"m"
5321,-0.276080065032847,52.7696502354239,0.18271805492373,"m"
5322,-0.275885189130863,52.7866276284533,0.182702017711852,"m"
5323,-0.275688886952086,52.8035874215095,0.182685912244338,"m"
5324,-0.275490974175805,52.8205291548432,0.182669740260545,"m"
5325,-0.27529126648131,52.8374523687051,0.182653503499829,"m"
5326,-0.27508957954789,52.854356603346,0.182637203701548,"m"
5327,-0.27488574234092,52.8712414388539,0.182620842495949,"m"
5328,-0.274679818637544,52.8881071593828,0.182604419584985,"m"
5329,-0.274472073367214,52.904954652227,0.182587933018721,"m"
5330,-0.274262777963011,52.9217848241816,0.182571380793813,"m"
5331,-0.274052203858017,52.9385985820415,0.182554760906921,"m"
5332,-0.273840622485316,52.9553968326018,0.182538071354701,"m"
5333,-0.273628305277989,52.9721804826576,0.18252131013381,"m"
5334,-0.273415523669119,52.9889504390038,0.182504475240907,"m"
5335,-0.273202549091789,53.0057076084354,0.182487564672647,"m"
5336,-0.272989652979079,53.0224528977476,0.18247057642569,"m"
5337,-0.272777106764074,53.0391872137353,0.182453508496691,"m"
5338,-0.272565181879855,53.0559114631936,0.18243635888231,"m"
5339,-0.272354149759504,53.0726265529174,0.182419125579202,"m"
5340,-0.272144281836105,53.0893333897019,0.182401806584026,"m"
5341,-0.271935849542739,53.106032880342,0.182384399893438,"m"
5342,-0.271729124312488,53.1227259316327,0.182366903504097,"m"
5343,-0.271524377578436,53.1394134503691,0.18234931541266,"m"
5344,-0.271321880773664,53.1560963433463,0.182331633615784,"m"
5345,-0.271121905331255,53.1727755173591,0.182313856110126,"m"
5346,-0.270924722684291,53.1894518792027,0.182295980892344,"m"
5347,-0.270730604265854,53.2061263356721,0.182278005959095,"m"
5348,-0.270539821509028,53.2227997935624,0.182259929307038,"m"
5349,-0.270352645846893,53.2394731596684,0.182241748932828,"m"
5350,-0.270169348712534,53.2561473407853,0.182223462833124,"m"
5351,-0.269990201539031,53.2728232437081,0.182205069004583,"m"
5352,-0.269815475759468,53.2895017752318,0.182186565443863,"m"
5353,-0.269645442806926,53.3061838421515,0.18216795014762,"m"
5354,-0.269480374114489,53.3228703512621,0.182149221112512,"m"
5355,-0.269320541115237,53.3395622093587,0.182130376335198,"m"
5356,-0.269166215242255,53.3562603232364,0.182111413812333,"m"
5357,-0.269017667928624,53.37296559969,0.182092331540576,"m"
5358,-0.268875105809029,53.3896787862296,0.182073127908792,"m"
5359,-0.268738360885848,53.4063997094565,0.182053803573407,"m"
5360,-0.268607130832002,53.4231278657682,0.182034360003907,"m"
5361,-0.268481113147784,53.4398627511377,0.182014798670825,"m"
5362,-0.268360005333487,53.4566038615383,0.181995121044694,"m"
5363,-0.268243504889403,53.4733506929428,0.181975328596046,"m"
5364,-0.268131309315824,53.4901027413245,0.181955422795414,"m"
5365,-0.268023116113044,53.5068595026564,0.18193540511333,"m"
5366,-0.267918622781354,53.5236204729115,0.181915277020327,"m"
5367,-0.267817526821047,53.540385148063,0.181895039986937,"m"
5368,-0.267719525732416,53.5571530240839,0.181874695483692,"m"
5369,-0.267624317015753,53.5739235969473,0.181854244981126,"m"
5370,-0.26753159817135,53.5906963626263,0.181833689949771,"m"
5371,-0.267441066699501,53.607470817094,0.181813031860159,"m"
5372,-0.267352420100497,53.6242464563234,0.181792272182823,"m"
5373,-0.267265355874631,53.6410227762876,0.181771412388295,"m"
5374,-0.267179571522195,53.6577992729598,0.181750453947108,"m"
5375,-0.267094764543482,53.6745754423129,0.181729398329794,"m"
5376,-0.267010632438785,53.6913507803201,0.181708247006886,"m"
5377,-0.266926872708396,53.7081247829544,0.181687001448916,"m"
5378,-0.266843182852607,53.7248969461889,0.181665663126417,"m"
5379,-0.266759260371711,53.7416667659968,0.181644233509922,"m"
5380,-0.266674802766001,53.758433738351,0.181622714069962,"m"
5381,-0.266589507535768,53.7751973592246,0.181601106277071,"m"
5382,-0.266503072181305,53.7919571245908,0.181579411601781,"m"
5383,-0.266415194202906,53.8087125304226,0.181557631514624,"m"
5384,-0.266325571100862,53.8254630726931,0.181535767486133,"m"
5385,-0.266233900375465,53.8422082473754,0.181513820986841,"m"
5386,-0.266139879527009,53.8589475504425,0.181491793487279,"m"
5387,-0.266043206055786,53.8756804778675,0.181469686457981,"m"
5388,-0.265943595588067,53.8924065289797,0.181447501313064,"m"
5389,-0.265841079748834,53.9091252616173,0.181425238483146,"m"
5390,-0.265735958571764,53.9258362833159,0.181402897563458,"m"
5391,-0.265628540618944,53.9425392031904,0.181380478122691,"m"
5392,-0.265519134452461,53.9592336303556,0.181357979729533,"m"
5393,-0.2654080486344,53.9759191739262,0.181335401952673,"m"
5394,-0.265295591726848,53.992595443017,0.181312744360801,"m"
5395,-0.265182072291892,54.0092620467428,0.181290006522606,"m"
5396,-0.265067798891618,54.0259185942184,0.181267188006777,"m"
5397,-0.264953080088112,54.0425646945586,0.181244288382003,"m"
5398,-0.264838224443462,54.0591999568781,0.181221307216974,"m"
5399,-0.264723540519753,54.0758239902918,0.181198244080378,"m"
5400,-0.264609336879071,54.0924364039144,0.181175098540906,"m"
5401,-0.264495922083504,54.1090368068607,0.181151870167245,"m"
5402,-0.264383604695138,54.1256248082456,0.181128558528086,"m"
5403,-0.26427269327606,54.1422000171837,0.181105163192118,"m"
5404,-0.264163496388355,54.1587620427899,0.18108168372803,"m"
5405,-0.26405632259411,54.1753104941789,0.18105811970451,"m"
5406,-0.263951480455411,54.1918449804656,0.181034470690249,"m"
5407,-0.263849278534346,54.2083651107647,0.181010736253935,"m"
5408,-0.263750025393001,54.224870494191,0.180986915964257,"m"
5409,-0.263654029593461,54.2413607398593,0.180963009389906,"m"
5410,-0.263561599697814,54.2578354568844,0.18093901609957,"m"
5411,-0.263473044268145,54.2742942543811,0.180914935661938,"m"
5412,-0.263388671866543,54.2907367414641,0.180890767645699,"m"
5413,-0.263308791055092,54.3071625272483,0.180866511619543,"m"
5414,-0.263233710395879,54.3235712208483,0.180842167152159,"m"
5415,-0.263163738450991,54.3399624313791,0.180817733812236,"m"
5416,-0.263099183782514,54.3563357679554,0.180793211168464,"m"
5417,-0.263040354952535,54.3726908396919,0.180768598789531,"m"
5418,-0.262987559033824,54.3890272585284,0.180743896245826,"m"
5419,-0.262940916944933,54.4053449894912,0.180719103320217,"m"
5420,-0.262900184821612,54.4216446895059,0.180694220211935,"m"
5421,-0.262865076432135,54.4379270958587,0.180669247168571,"m"
5422,-0.262835305544775,54.4541929458353,0.180644184437715,"m"
5423,-0.262810585927806,54.4704429767218,0.180619032266957,"m"
5424,-0.2627906313495,54.4866779258041,0.180593790903887,"m"
5425,-0.262775155578131,54.5028985303681,0.180568460596097,"m"
5426,-0.262763872381972,54.5191055276998,0.180543041591177,"m"
5427,-0.262756495529297,54.5352996550851,0.180517534136716,"m"
5428,-0.262752738788379,54.5514816498099,0.180491938480305,"m"
5429,-0.262752315927491,54.5676522491602,0.180466254869536,"m"
5430,-0.262754940714907,54.583812190422,0.180440483551997,"m"
5431,-0.2627603269189,54.5999622108811,0.180414624775279,"m"
5432,-0.262768188307742,54.6161030478235,0.180388678786974,"m"
5433,-0.262778238649708,54.6322354385352,0.18036264583467,"m"
5434,-0.262790191713071,54.6483601203021,0.180336526165959,"m"
5435,-0.262803761266104,54.6644778304101,0.180310320028431,"m"
5436,-0.26281866107708,54.6805893061453,0.180284027669676,"m"
5437,-0.262834604914272,54.6966952847934,0.180257649337285,"m"
5438,-0.262851306545955,54.7127965036405,0.180231185278848,"m"
5439,-0.262868479740401,54.7288936999725,0.180204635741956,"m"
5440,-0.262885838265883,54.7449876110753,0.180178000974198,"m"
5441,-0.262903095890676,54.7610789742349,0.180151281223165,"m"
5442,-0.262919966383051,54.7771685267373,0.180124476736449,"m"
5443,-0.262936163511283,54.7932570058683,0.180097587761638,"m"
5444,-0.262951401043645,54.8093451489139,0.180070614546323,"m"
5445,-0.262965392748409,54.8254336931601,0.180043557338095,"m"
5446,-0.262977852393851,54.8415233758928,0.180016416384544,"m"
5447,-0.262988493748241,54.8576149343979,0.179989191933261,"m"
5448,-0.262997030579855,54.8737091059613,0.179961884231836,"m"
5449,-0.263003191560895,54.8898065966041,0.179934493509253,"m"
5450,-0.26300696168039,54.9059075746545,0.179907019674512,"m"
5451,-0.263008541797828,54.922011755595,0.179879462367121,"m"
5452,-0.263008139512489,54.9381188407695,0.179851821218174,"m"
5453,-0.263005962423654,54.9542285315221,0.179824095858765,"m"
5454,-0.263002218130604,54.9703405291966,0.179796285919989,"m"
5455,-0.26299711423262,54.9864545351371,0.17976839103294,"m"
5456,-0.262990858328982,55.0025702506876,0.179740410828712,"m"
5457,-0.26298365801897,55.018687377192,0.179712344938398,"m"
5458,-0.262975720901867,55.0348056159943,0.179684192993094,"m"
5459,-0.262967254576951,55.0509246684385,0.179655954623892,"m"
5460,-0.262958466643505,55.0670442358686,0.179627629461889,"m"
5461,-0.262949564700808,55.0831640196285,0.179599217138176,"m"
5462,-0.262940756348141,55.0992837210623,0.17957071728385,"m"
5463,-0.262932249184786,55.1154030415138,0.179542129530003,"m"
5464,-0.262924250810023,55.1315216823271,0.179513453507731,"m"
5465,-0.262916968823131,55.1476393448462,0.179484688848126,"m"
5466,-0.262910610823393,55.163755730415,0.179455835182284,"m"
5467,-0.262905384410089,55.1798705403776,0.179426892141298,"m"
5468,-0.2629014971825,55.1959834760778,0.179397859356263,"m"
5469,-0.262899156739905,55.2120942388597,0.179368736458273,"m"
5470,-0.262898570681587,55.2282025300672,0.179339523078422,"m"
5471,-0.262899946606825,55.2443080510444,0.179310218847803,"m"
5472,-0.262903492114901,55.2604105031351,0.179280823397512,"m"
5473,-0.262909414805094,55.2765095876835,0.179251336358643,"m"
5474,-0.262917922276687,55.2926050060334,0.179221757362288,"m"
5475,-0.262929222128958,55.3086964595288,0.179192086039544,"m"
5476,-0.26294352196119,55.3247836495138,0.179162322021503,"m"
5477,-0.262961029372663,55.3408662773322,0.17913246493926,"m"
5478,-0.262981951962657,55.3569440443281,0.17910251442391,"m"
5479,-0.263006496504601,55.3730166510887,0.179072470110181,"m"
5480,-0.263034769843727,55.3890837066373,0.179042332072694,"m"
5481,-0.263066684749849,55.4051446421659,0.179012101240402,"m"
5482,-0.263102131694754,55.4211988684351,0.178981778640415,"m"
5483,-0.263141001150227,55.4372457962055,0.178951365299843,"m"
5484,-0.263183183588057,55.4532848362375,0.178920862245797,"m"
5485,-0.263228569480029,55.4693153992916,0.178890270505386,"m"
5486,-0.26327704929793,55.4853368961285,0.178859591105722,"m"
5487,-0.263328513513546,55.5013487375085,0.178828825073915,"m"
5488,-0.263382852598665,55.5173503341923,0.178797973437074,"m"
5489,-0.263439957025072,55.5333410969403,0.17876703722231,"m"
5490,-0.263499717264555,55.5493204365132,0.178736017456734,"m"
5491,-0.263562023788899,55.5652877636713,0.178704915167455,"m"
5492,-0.263626767069892,55.5812424891752,0.178673731381584,"m"
5493,-0.263693837579321,55.5971840237854,0.178642467126232,"m"
5494,-0.263763125788971,55.6131117782625,0.178611123428508,"m"
5495,-0.263834522170629,55.629025163367,0.178579701315523,"m"
5496,-0.263907917196082,55.6449235898594,0.178548201814387,"m"
5497,-0.263983201337117,55.6608064685002,0.178516625952211,"m"
5498,-0.26406026506552,55.67667321005,0.178484974756104,"m"
5499,-0.264138998853077,55.6925232252692,0.178453249253177,"m"
5500,-0.264219293171576,55.7083559249184,0.178421450470541,"m"
5501,-0.264301038492803,55.724170719758,0.178389579435305,"m"
5502,-0.264384125288544,55.7399670205488,0.17835763717458,"m"
5503,-0.264468444030587,55.755744238051,0.178325624715476,"m"
5504,-0.264553885190717,55.7715017830254,0.178293543085103,"m"
5505,-0.264640339240721,55.7872390662323,0.178261393310573,"m"
5506,-0.264727696652386,55.8029554984324,0.178229176418994,"m"
5507,-0.264815847897499,55.818650490386,0.178196893437478,"m"
5508,-0.264904683447846,55.8343234528539,0.178164545393134,"m"
5509,-0.264994093775213,55.8499737965964,0.178132133313074,"m"
5510,-0.265083985157578,55.8656011358685,0.178099657948101,"m"
5511,-0.265174340921673,55.8812060768783,0.178067118702141,"m"
5512,-0.265265167836293,55.8967895276351,0.178034514569335,"m"
5513,-0.265356472675743,55.9123523962192,0.178001844543724,"m"
5514,-0.265448262214326,55.9278955907108,0.177969107619352,"m"
5515,-0.265540543226349,55.9434200191903,0.177936302790261,"m"
5516,-0.265633322486113,55.9589265897379,0.177903429050494,"m"
5517,-0.265726606767924,55.9744162104338,0.177870485394093,"m"
5518,-0.265820402846087,55.9898897893585,0.177837470815102,"m"
5519,-0.265914717494905,56.0053482345922,0.177804384307563,"m"
5520,-0.266009557488682,56.0207924542151,0.17777122486552,"m"
5521,-0.266104929601724,56.0362233563075,0.177737991483013,"m"
5522,-0.266200840608334,56.0516418489497,0.177704683154088,"m"
5523,-0.266297297282816,56.0670488402221,0.177671298872786,"m"
5524,-0.266394306399476,56.0824452382049,0.177637837633149,"m"
5525,-0.266491874732617,56.0978319509783,0.177604298429222,"m"
5526,-0.266590009056543,56.1132098866226,0.177570680255046,"m"
5527,-0.266688716145559,56.1285799532182,0.177536982104664,"m"
5528,-0.266788002773969,56.1439430588454,0.177503202972119,"m"
5529,-0.266887875716077,56.1593001115843,0.177469341851454,"m"
5530,-0.266988341746189,56.1746520195153,0.177435397736712,"m"
5531,-0.267089407638607,56.1899996907187,0.177401369621935,"m"
5532,-0.267191080167636,56.2053440332748,0.177367256501166,"m"
5533,-0.267293366107581,56.2206859552638,0.177333057368448,"m"
5534,-0.267396272232746,56.236026364766,0.177298771217823,"m"
5535,-0.267499805317436,56.2513661698617,0.177264397043335,"m"
5536,-0.267603972135953,56.2667062786312,0.177229933839026,"m"
5537,-0.267708779462604,56.2820475991547,0.177195380598938,"m"
5538,-0.267814234071691,56.2973910395126,0.177160736317116,"m"
5539,-0.26792034273752,56.3127375077852,0.1771259999876,"m"
5540,-0.2680271124797,56.3280879084216,0.177091170606974,"m"
5541,-0.26813457906502,56.34344272035,0.177056247469344,"m"
5542,-0.268242833595739,56.3588016034123,0.177021230441526,"m"
5543,-0.268351973463157,56.374164124359,0.176986119455426,"m"
5544,-0.268462096058568,56.3895298499406,0.176950914442948,"m"
5545,-0.268573298773271,56.4048983469076,0.176915615335999,"m"
5546,-0.268685678998563,56.4202691820106,0.176880222066483,"m"
5547,-0.26879933412574,56.4356419219999,0.176844734566307,"m"
5548,-0.268914361546099,56.4510161336261,0.176809152767375,"m"
5549,-0.269030858650938,56.4663913836397,0.176773476601592,"m"
5550,-0.269148922831554,56.4817672387911,0.176737706000865,"m"
5551,-0.269268651479243,56.4971432658309,0.176701840897099,"m"
5552,-0.269390141985303,56.5125190315096,0.176665881222199,"m"
5553,-0.26951349174103,56.5278941025776,0.176629826908071,"m"
5554,-0.269638798137721,56.5432680457855,0.176593677886619,"m"
5555,-0.269766158566675,56.5586404278837,0.17655743408975,"m"
5556,-0.269895670419186,56.5740108156228,0.176521095449369,"m"
5557,-0.270027431086554,56.5893787757531,0.17648466189738,"m"
5558,-0.270161537960074,56.6047438750253,0.176448133365691,"m"
5559,-0.270298088431044,56.6201056801898,0.176411509786205,"m"
5560,-0.27043717989076,56.6354637579971,0.176374791090829,"m"
5561,-0.27057890973052,56.6508176751977,0.176337977211468,"m"
5562,-0.270723375341621,56.6661669985421,0.176301068080026,"m"
5563,-0.270870674115359,56.6815112947807,0.176264063628411,"m"
5564,-0.271020903443032,56.6968501306641,0.176226963788527,"m"
5565,-0.271174160715937,56.7121830729428,0.176189768492279,"m"
5566,-0.27133054332537,56.7275096883673,0.176152477671573,"m"
5567,-0.271490148662629,56.742829543688,0.176115091258314,"m"
5568,-0.271653074119011,56.7581422056555,0.176077609184408,"m"
5569,-0.271819417085813,56.7734472410202,0.176040031381761,"m"
5570,-0.271989274954331,56.7887442165326,0.176002357782276,"m"
5571,-0.27216270591673,56.8040326997839,0.175964588557944,"m"
5572,-0.272339578952409,56.8193122624232,0.175926725039625,"m"
5573,-0.272519706024904,56.8345824773223,0.175888768907384,"m"
5574,-0.272702899086134,56.8498429173533,0.175850721841359,"m"
5575,-0.27288897008802,56.8650931553881,0.175812585521687,"m"
5576,-0.273077730982482,56.8803327642991,0.175774361628504,"m"
5577,-0.273268993721441,56.8955613169581,0.175736051841949,"m"
5578,-0.273462570256815,56.9107783862374,0.175697657842157,"m"
5579,-0.273658272540526,56.9259835450089,0.175659181309267,"m"
5580,-0.273855912524495,56.9411763661447,0.175620623923415,"m"
5581,-0.27405530216064,56.9563564225171,0.175581987364738,"m"
5582,-0.274256253400883,56.9715232869979,0.175543273313374,"m"
5583,-0.274458578197143,56.9866765324593,0.175504483449459,"m"
5584,-0.274662088501341,57.0018157317734,0.17546561945313,"m"
5585,-0.274866596265397,57.0169404578123,0.175426683004525,"m"
5586,-0.275071913441231,57.032050283448,0.175387675783781,"m"
5587,-0.275277851980764,57.0471447815527,0.175348599471035,"m"
5588,-0.275484223835915,57.0622235249983,0.175309455746423,"m"
5589,-0.275690840958606,57.0772860866571,0.175270246290083,"m"
5590,-0.275897515300755,57.092332039401,0.175230972782153,"m"
5591,-0.276104058814285,57.1073609561021,0.175191636902768,"m"
5592,-0.276310283451113,57.1223724096326,0.175152240332067,"m"
5593,-0.276516001163162,57.1373659728645,0.175112784750185,"m"
5594,-0.27672102390235,57.1523412186699,0.175073271837262,"m"
5595,-0.276925163620599,57.1672977199209,0.175033703273432,"m"
5596,-0.277128232269829,57.1822350494895,0.174994080738834,"m"
5597,-0.277330041801959,57.1971527802479,0.174954405913605,"m"
5598,-0.277530404168911,57.2120504850681,0.174914680477881,"m"
5599,-0.277729131322603,57.2269277368222,0.1748749061118,"m"
5600,-0.277926035214957,57.2417841083822,0.174835084495498,"m"
5601,-0.278120943591248,57.2566192236281,0.174795217193115,"m"
5602,-0.278313901294704,57.2714334075994,0.17475530417425,"m"
5603,-0.278505110977193,57.2862274950098,0.174715344249434,"m"
5604,-0.2786947788466,57.3010023320574,0.174675336203078,"m"
5605,-0.278883111110809,57.3157587649405,0.174635278819595,"m"
5606,-0.279070313977706,57.3304976398573,0.174595170883395,"m"
5607,-0.279256593655175,57.3452198030063,0.174555011178892,"m"
5608,-0.279442156351101,57.3599261005855,0.174514798490496,"m"
5609,-0.27962720827337,57.3746173787933,0.174474531602619,"m"
5610,-0.279811955629866,57.3892944838279,0.174434209299674,"m"
5611,-0.279996604628474,57.4039582618877,0.174393830366072,"m"
5612,-0.280181361477079,57.4186095591709,0.174353393586225,"m"
5613,-0.280366432383565,57.4332492218757,0.174312897744545,"m"
5614,-0.280552023555818,57.4478780962004,0.174272341625443,"m"
5615,-0.280738341201723,57.4624970283434,0.174231724013331,"m"
5616,-0.280925591529164,57.4771068645028,0.174191043692622,"m"
5617,-0.281113980746027,57.4917084508769,0.174150299447727,"m"
5618,-0.281303715060196,57.506302633664,0.174109490063057,"m"
5619,-0.281495000679556,57.5208902590624,0.174068614323026,"m"
5620,-0.281688043811991,57.5354721732703,0.174027671012043,"m"
5621,-0.281883050665388,57.550049222486,0.173986658914522,"m"
5622,-0.282080227447631,57.5646222529078,0.173945576814874,"m"
5623,-0.282279780366605,57.579192110734,0.173904423497511,"m"
5624,-0.282481915630194,57.5937596421627,0.173863197746845,"m"
5625,-0.282686839446283,57.6083256933923,0.173821898347287,"m"
5626,-0.282894758022758,57.6228911106211,0.173780524083249,"m"
5627,-0.283105877567503,57.6374567400473,0.173739073739144,"m"
5628,-0.283320404288403,57.6520234278692,0.173697546099382,"m"
5629,-0.283538544393344,57.666592020285,0.173655939948377,"m"
5630,-0.283760504090209,57.6811633634931,0.173614254070539,"m"
5631,-0.283986489586885,57.6957383036916,0.17357248725028,"m"
5632,-0.28421665242083,57.7103174923186,0.173530638301911,"m"
5633,-0.284450882814176,57.7249006498914,0.173488706182655,"m"
5634,-0.28468899300226,57.7394872191036,0.173446689892384,"m"
5635,-0.284930795206765,57.7540766426003,0.173404588430979,"m"
5636,-0.28517610164937,57.7686683630267,0.173362400798318,"m"
5637,-0.285424724551758,57.7832618230277,0.173320125994284,"m"
5638,-0.285676476135608,57.7978564652485,0.173277763018755,"m"
5639,-0.285931168622601,57.8124517323341,0.173235310871612,"m"
5640,-0.286188614234419,57.8270470669296,0.173192768552735,"m"
5641,-0.286448625192742,57.8416419116801,0.173150135062005,"m"
5642,-0.286711013719251,57.8562357092308,0.173107409399301,"m"
5643,-0.286975592035628,57.8708279022265,0.173064590564504,"m"
5644,-0.287242172363552,57.8854179333125,0.173021677557493,"m"
5645,-0.287510566924705,57.9000052451338,0.17297866937815,"m"
5646,-0.287780587940768,57.9145892803356,0.172935565026354,"m"
5647,-0.288052047633422,57.9291694815627,0.172892363501985,"m"
5648,-0.288324758224347,57.9437452914605,0.172849063804924,"m"
5649,-0.288598531935224,57.9583161526739,0.172805664935051,"m"
5650,-0.288873180987735,57.9728815078479,0.172762165892245,"m"
5651,-0.289148517603559,57.9874407996278,0.172718565676388,"m"
5652,-0.289424354004379,58.0019934706586,0.172674863287359,"m"
5653,-0.289700502411875,58.0165389635853,0.172631057725038,"m"
5654,-0.289976775047727,58.031076721053,0.172587147989306,"m"
5655,-0.290252984133618,58.0456061857068,0.172543133080043,"m"
5656,-0.290528941891226,58.0601268001919,0.172499011997129,"m"
5657,-0.290804460542235,58.0746380071531,0.172454783740444,"m"
5658,-0.291079352308323,58.0891392492358,0.172410447309869,"m"
5659,-0.291353429411173,58.1036299690848,0.172366001705283,"m"
5660,-0.291626504072465,58.1181096093454,0.172321445926566,"m"
5661,-0.29189838851388,58.1325776126626,0.1722767789736,"m"
5662,-0.292168906621737,58.1470334365708,0.172232000051817,"m"
5663,-0.292438040641493,58.1614767407434,0.172187111157247,"m"
5664,-0.292705886945427,58.1759073305317,0.172142116297055,"m"
5665,-0.292972544425384,58.1903250145033,0.172097019522805,"m"
5666,-0.293238111973205,58.2047296012256,0.172051824886063,"m"
5667,-0.293502688480734,58.2191208992662,0.172006536438392,"m"
5668,-0.293766372839814,58.2334987171925,0.171961158231359,"m"
5669,-0.294029263942287,58.247862863572,0.171915694316528,"m"
5670,-0.294291460679997,58.2622131469722,0.171870148745463,"m"
5671,-0.294553061944787,58.2765493759606,0.171824525569729,"m"
5672,-0.294814166628499,58.2908713591047,0.171778828840891,"m"
5673,-0.295074873622976,58.305178904972,0.171733062610513,"m"
5674,-0.295335281820061,58.31947182213,0.171687230930162,"m"
5675,-0.295595490111598,58.3337499191462,0.1716413378514,"m"
5676,-0.295855597389429,58.348013004588,0.171595387425793,"m"
5677,-0.296115702545397,58.362260887023,0.171549383704906,"m"
5678,-0.296375904471345,58.3764933750187,0.171503330740304,"m"
5679,-0.296636302059117,58.3907102771426,0.171457232583551,"m"
5680,-0.296896994200553,58.4049114019621,0.171411093286212,"m"
5681,-0.297158079787499,58.4190965580447,0.171364916899852,"m"
5682,-0.297419657711797,58.433265553958,0.171318707476035,"m"
5683,-0.297681826865289,58.4474181982695,0.171272469066327,"m"
5684,-0.297944686139819,58.4615542995465,0.171226205722291,"m"
5685,-0.298208334427229,58.4756736663567,0.171179921495494,"m"
5686,-0.298472870619363,58.4897761072675,0.171133620437499,"m"
5687,-0.298738393608064,58.5038614308465,0.171087306599871,"m"
5688,-0.299005002285174,58.517929445661,0.171040984034176,"m"
5689,-0.299272795542536,58.5319799602786,0.170994656791977,"m"
5690,-0.299541872271993,58.5460127832669,0.17094832892484,"m"
5691,-0.299812331365388,58.5600277231932,0.17090200448433,"m"
5692,-0.300084271143512,58.5740245924776,0.170855687487858,"m"
5693,-0.300357748878765,58.5880034804661,0.170809379497852,"m"
5694,-0.300632753976099,58.601964934361,0.170763078017791,"m"
5695,-0.300909269476765,58.6159095442962,0.170716780170557,"m"
5696,-0.301187278422016,58.6298379004054,0.170670483079033,"m"
5697,-0.301466763853105,58.6437505928227,0.170624183866102,"m"
5698,-0.301747708811282,58.6576482116818,0.170577879654648,"m"
5699,-0.3020300963378,58.6715313471167,0.170531567567553,"m"
5700,-0.302313909473911,58.6854005892613,0.1704852447277,"m"
5701,-0.302599131260867,58.6992565282493,0.170438908257973,"m"
5702,-0.302885744739919,58.7130997542148,0.170392555281254,"m"
5703,-0.303173732952321,58.7269308572915,0.170346182920427,"m"
5704,-0.303463078939324,58.7407504276133,0.170299788298374,"m"
5705,-0.30375376574218,58.7545590553142,0.170253368537979,"m"
5706,-0.304045776402141,58.768357330528,0.170206920762124,"m"
5707,-0.304339093960459,58.7821458433886,0.170160442093693,"m"
5708,-0.304633701458386,58.7959251840299,0.170113929655569,"m"
5709,-0.304929581937175,58.8096959425857,0.170067380570634,"m"
5710,-0.305226718438076,58.82345870919,0.170020791961772,"m"
5711,-0.305525094002343,58.8372140739765,0.169974160951865,"m"
5712,-0.305824691671227,58.8509626270793,0.169927484663798,"m"
5713,-0.30612549448598,58.864704958632,0.169880760220452,"m"
5714,-0.306427485487854,58.8784416587688,0.169833984744712,"m"
5715,-0.306730647718102,58.8921733176233,0.169787155359459,"m"
5716,-0.307034964217974,58.9059005253296,0.169740269187577,"m"
5717,-0.307340418028725,58.9196238720214,0.169693323351949,"m"
5718,-0.307646992191604,58.9333439478327,0.169646314975459,"m"
5719,-0.307954669747865,58.9470613428973,0.169599241180988,"m"
5720,-0.308263433738759,58.9607766473492,0.16955209909142,"m"
5721,-0.308573267205539,58.9744904513221,0.169504885829639,"m"
5722,-0.308884153189456,58.98820334495,0.169457598518527,"m"
5723,-0.309196076099209,59.0019158800658,0.169410234412472,"m"
5724,-0.309509038679152,59.0156280949374,0.169362792529183,"m"
5725,-0.309823056774746,59.0293396608823,0.169315273146285,"m"
5726,-0.310138146514764,59.0430502412829,0.16926767656865,"m"
5727,-0.310454324027981,59.0567594995216,0.169220003101148,"m"
5728,-0.310771605443171,59.0704670989806,0.169172253048652,"m"
5729,-0.311090006889106,59.0841727030422,0.169124426716033,"m"
5730,-0.311409544494562,59.0978759750888,0.169076524408162,"m"
5731,-0.311730234388311,59.1115765785028,0.169028546429911,"m"
5732,-0.312052092699129,59.1252741766663,0.168980493086152,"m"
5733,-0.312375135555787,59.1389684329618,0.168932364681755,"m"
5734,-0.312699379087061,59.1526590107715,0.168884161521593,"m"
5735,-0.313024839421724,59.1663455734778,0.168835883910536,"m"
5736,-0.31335153268855,59.180027784463,0.168787532153457,"m"
5737,-0.313679475016313,59.1937053071095,0.168739106555226,"m"
5738,-0.314008682533787,59.2073778047994,0.168690607420716,"m"
5739,-0.314339171369745,59.2210449409152,0.168642035054798,"m"
5740,-0.314670957652961,59.2347063788392,0.168593389762342,"m"
5741,-0.31500405751221,59.2483617819537,0.168544671848222,"m"
5742,-0.315338487076264,59.2620108136409,0.168495881617307,"m"
5743,-0.315674262473899,59.2756531372834,0.16844701937447,"m"
5744,-0.316011399833887,59.2892884162632,0.168398085424583,"m"
5745,-0.316349915285002,59.3029163139628,0.168349080072516,"m"
5746,-0.316689824956019,59.3165364937646,0.168300003623141,"m"
5747,-0.317031144975711,59.3301486190507,0.168250856381329,"m"
5748,-0.317373891472851,59.3437523532035,0.168201638651953,"m"
5749,-0.317718080576215,59.3573473596054,0.168152350739883,"m"
5750,-0.318063728414575,59.3709333016387,0.168102992949992,"m"
5751,-0.318410851116706,59.3845098426856,0.168053565587149,"m"
5752,-0.318759464811381,59.3980766461285,0.168004068956228,"m"
5753,-0.319109585194365,59.4116333748858,0.167954503376533,"m"
5754,-0.319461197612691,59.4251796593521,0.167904870179011,"m"
5755,-0.319814237672787,59.4387150766176,0.167855172352655,"m"
5756,-0.320168636370402,59.4522391988311,0.167805413040151,"m"
5757,-0.320524324701284,59.4657515981415,0.167755595384183,"m"
5758,-0.320881233661181,59.4792518466978,0.167705722527438,"m"
5759,-0.321239294245843,59.4927395166489,0.167655797612601,"m"
5760,-0.321598437451017,59.5062141801436,0.167605823782357,"m"
5761,-0.321958594272452,59.5196754093309,0.167555804179391,"m"
5762,-0.322319695705897,59.5331227763597,0.16750574194639,"m"
5763,-0.3226816727471,59.5465558533789,0.167455640226038,"m"
5764,-0.323044456391809,59.5599742125374,0.16740550216102,"m"
5765,-0.323407977635774,59.5733774259841,0.167355330894023,"m"
5766,-0.323772167474742,59.586765065868,0.167305129567731,"m"
5767,-0.324136956904463,59.6001367043379,0.167254901324831,"m"
5768,-0.324502276920684,59.6134919135428,0.167204649308006,"m"
5769,-0.324868058519155,59.6268302656316,0.167154376659944,"m"
5770,-0.325234232695623,59.6401513327531,0.167104086523328,"m"
5771,-0.325600730445837,59.6534546870564,0.167053782040845,"m"
5772,-0.325967482765546,59.6667399006902,0.16700346635518,"m"
5773,-0.326334420650498,59.6800065458036,0.166953142609018,"m"
5774,-0.326701475096443,59.6932541945454,0.166902813945045,"m"
5775,-0.327068577099127,59.7064824190646,0.166852483505947,"m"
5776,-0.3274356576543,59.71969079151,0.166802154434407,"m"
5777,-0.327802647757711,59.7328788840306,0.166751829873113,"m"
5778,-0.328169478405107,59.7460462687752,0.166701512964749,"m"
5779,-0.328536080592237,59.7591925178928,0.166651206852,"m"
5780,-0.328902385314851,59.7723172035324,0.166600914677553,"m"
5781,-0.329268323568695,59.7854198978427,0.166550639584092,"m"
5782,-0.32963382634952,59.7985001729728,0.166500384714303,"m"
5783,-0.329998824653073,59.8115576010715,0.166450153210871,"m"
5784,-0.330363263606803,59.8245919551139,0.1663999472962,"m"
5785,-0.330727145418792,59.8376038192496,0.166349765475499,"m"
5786,-0.331090486707097,59.8505939824093,0.166299605315573,"m"
5787,-0.331453304089771,59.8635632335232,0.166249464383228,"m"
5788,-0.331815614184871,59.8765123615218,0.16619934024527,"m"
5789,-0.332177433610451,59.8894421553356,0.166149230468503,"m"
5790,-0.332538778984566,59.902353403895,0.166099132619734,"m"
5791,-0.332899666925272,59.9152468961304,0.166049044265768,"m"
5792,-0.333260114050624,59.9281234209722,0.16599896297341,"m"
5793,-0.333620136978677,59.9409837673508,0.165948886309466,"m"
5794,-0.333979752327487,59.9538287241968,0.165898811840742,"m"
5795,-0.334338976715108,59.9666590804405,0.165848737134043,"m"
5796,-0.334697826759595,59.9794756250123,0.165798659756175,"m"
5797,-0.335056319079005,59.9922791468427,0.165748577273942,"m"
5798,-0.335414470291391,60.0050704348621,0.165698487254152,"m"
5799,-0.33577229701481,60.0178502780009,0.165648387263608,"m"
5800,-0.336129815867316,60.0306194651896,0.165598274869118,"m"
5801,-0.336487043466965,60.0433787853586,0.165548147637485,"m"
5802,-0.336843996431811,60.0561290274383,0.165498003135517,"m"
5803,-0.337200691379911,60.0688709803591,0.165447838930017,"m"
5804,-0.337557144929319,60.0816054330516,0.165397652587793,"m"
5805,-0.33791337369809,60.094333174446,0.165347441675648,"m"
5806,-0.33826939430428,60.1070549934728,0.16529720376039,"m"
5807,-0.338625223365943,60.1197716790625,0.165246936408823,"m"
5808,-0.338980877501136,60.1324840201455,0.165196637187753,"m"
5809,-0.339336373327912,60.1451928056522,0.165146303663986,"m"
5810,-0.339691727464328,60.1578988245131,0.165095933404326,"m"
5811,-0.340046956528439,60.1706028656585,0.16504552397558,"m"
5812,-0.340402077138299,60.1833057180189,0.164995072944554,"m"
5813,-0.340757105911964,60.1960081705247,0.164944577878051,"m"
5814,-0.341112059684293,60.2087110054524,0.164894036360828,"m"
5815,-0.341466970110499,60.2214145502158,0.164843447204628,"m"
5816,-0.341821892924776,60.2341183932036,0.164792811214713,"m"
5817,-0.342176886067694,60.2468220550866,0.164742129379011,"m"
5818,-0.342532007479826,60.2595250565358,0.16469140268545,"m"
5819,-0.342887315101742,60.2722269182222,0.164640632121961,"m"
5820,-0.343242866874014,60.2849271608167,0.164589818676472,"m"
5821,-0.343598720737212,60.2976253049903,0.164538963336912,"m"
5822,-0.343954934631907,60.3103208714139,0.16448806709121,"m"
5823,-0.344311566498671,60.3230133807585,0.164437130927295,"m"
5824,-0.344668674278074,60.335702353695,0.164386155833096,"m"
5825,-0.345026315910688,60.3483873108944,0.164335142796541,"m"
5826,-0.345384549337085,60.3610677730277,0.16428409280556,"m"
5827,-0.345743432497834,60.3737432607657,0.164233006848082,"m"
5828,-0.346103023333508,60.3864132947795,0.164181885912035,"m"
5829,-0.346463379784677,60.39907739574,0.164130730985349,"m"
5830,-0.346824559791912,60.4117350843182,0.164079543055953,"m"
5831,-0.347186621295784,60.424385881185,0.164028323111774,"m"
5832,-0.347549622236866,60.4370293070113,0.163977072140743,"m"
5833,-0.347913620555727,60.4496648824681,0.163925791130789,"m"
5834,-0.348278674192939,60.4622921282265,0.163874481069839,"m"
5835,-0.348644841089073,60.4749105649572,0.163823142945824,"m"
5836,-0.3490121791847,60.4875197133313,0.163771777746672,"m"
5837,-0.349380746420391,60.5001190940197,0.163720386460312,"m"
5838,-0.349750600736717,60.5127082276934,0.163668970074673,"m"
5839,-0.35012180007425,60.5252866350234,0.163617529577684,"m"
5840,-0.350494402373561,60.5378538366805,0.163566065957273,"m"
5841,-0.35086846557522,60.5504093533358,0.163514580201371,"m"
5842,-0.351244047619799,60.5629527056602,0.163463073297905,"m"
5843,-0.351621206447868,60.5754834143246,0.163411546234805,"m"
5844,-0.352,60.588001,0.16336,"m"
5845,-0.352380466273335,60.6005050157008,0.163308435822313,"m"
5846,-0.352762563491295,60.6129951438153,0.163256855894149,"m"
5847,-0.353146229933871,60.6254710990752,0.163205262648806,"m"
5848,-0.353531403881055,60.6379325962122,0.163153658519584,"m"
5849,-0.353918023612839,60.6503793499581,0.163102045939782,"m"
5850,-0.354306027409215,60.6628110750444,0.163050427342698,"m"
5851,-0.354695353550175,60.6752274862031,0.162998805161631,"m"
5852,-0.355085940315709,60.6876282981657,0.162947181829881,"m"
5853,-0.35547772598581,60.700013225664,0.162895559780746,"m"
5854,-0.355870648840469,60.7123819834298,0.162843941447526,"m"
5855,-0.356264647159679,60.7247342861946,0.162792329263519,"m"
5856,-0.35665965922343,60.7370698486904,0.162740725662025,"m"
5857,-0.357055623311715,60.7493883856487,0.162689133076342,"m"
5858,-0.357452477704526,60.7616896118013,0.16263755393977,"m"
5859,-0.357850160681853,60.7739732418799,0.162585990685607,"m"
5860,-0.358248610523689,60.7862389906162,0.162534445747152,"m"
5861,-0.358647765510025,60.798486572742,0.162482921557704,"m"
5862,-0.359047563920853,60.8107157029889,0.162431420550563,"m"
5863,-0.359447944036166,60.8229260960887,0.162379945159028,"m"
5864,-0.359848844135953,60.8351174667732,0.162328497816396,"m"
5865,-0.360250202500208,60.8472895297739,0.162277080955968,"m"
5866,-0.360651957408922,60.8594419998227,0.162225697011042,"m"
5867,-0.361054047142086,60.8715745916512,0.162174348414917,"m"
5868,-0.361456409979693,60.8836870199912,0.162123037600893,"m"
5869,-0.361858984201734,60.8957789995744,0.162071767002268,"m"
5870,-0.3622617080882,60.9078502451325,0.162020539052341,"m"
5871,-0.362664519919084,60.9199004713973,0.161969356184411,"m"
5872,-0.363067357974377,60.9319293931004,0.161918220831778,"m"
5873,-0.363470160534071,60.9439367249735,0.161867135427739,"m"
5874,-0.363872865878157,60.9559221817484,0.161816102405595,"m"
5875,-0.364275412612951,60.9678855277563,0.161765123937937,"m"
5876,-0.36467774290605,60.9798270686238,0.161714199352167,"m"
5877,-0.365079801116981,60.9917474431398,0.161663326224505,"m"
5878,-0.365481531637338,61.0036472949665,0.161612502105551,"m"
5879,-0.365882878858714,61.0155272677662,0.161561724545908,"m"
5880,-0.366283787172703,61.0273880052014,0.161510991096175,"m"
5881,-0.366684200970897,61.0392301509344,0.161460299306955,"m"
5882,-0.367084064644891,61.0510543486275,0.161409646728849,"m"
5883,-0.367483322586276,61.0628612419432,0.161359030912458,"m"
5884,-0.367881919186648,61.0746514745437,0.161308449408383,"m"
5885,-0.368279798837598,61.0864256900914,0.161257899767225,"m"
5886,-0.36867690593072,61.0981845322488,0.161207379539586,"m"
5887,-0.369073184857608,61.109928644678,0.161156886276067,"m"
5888,-0.369468580009854,61.1216586710416,0.16110641752727,"m"
5889,-0.369863035779052,61.1333752550018,0.161055970843794,"m"
5890,-0.370256496556796,61.145079040221,0.161005543776243,"m"
5891,-0.370648906734678,61.1567706703616,0.160955133875216,"m"
5892,-0.371040210704292,61.1684507890859,0.160904738691316,"m"
5893,-0.371430352857231,61.1801200400563,0.160854355775143,"m"
5894,-0.371819277585089,61.1917790669351,0.160803982677298,"m"
5895,-0.372206929279458,61.2034285133848,0.160753616948384,"m"
5896,-0.372593252331932,61.2150690230675,0.160703256139001,"m"
5897,-0.372978191134104,61.2267012396458,0.16065289779975,"m"
5898,-0.373361690077568,61.238325806782,0.160602539481233,"m"
5899,-0.373743693553916,61.2499433681384,0.160552178734051,"m"
5900,-0.374124145954742,61.2615545673774,0.160501813108805,"m"
5901,-0.37450299167164,61.2731600481613,0.160451440156097,"m"
5902,-0.374880175096203,61.2847604541525,0.160401057426527,"m"
5903,-0.375255640620023,61.2963564290134,0.160350662470698,"m"
5904,-0.375629332634695,61.3079486164062,0.160300252839209,"m"
5905,-0.376001195531812,61.3195376599935,0.160249826082663,"m"
5906,-0.376371205560893,61.3311240356433,0.160199380454141,"m"
5907,-0.376739465166749,61.3427075545594,0.160148916989384,"m"
5908,-0.377106108036904,61.3542878633917,0.160098437413047,"m"
5909,-0.377471267858884,61.36586460879,0.160047943449787,"m"
5910,-0.377835078320214,61.3774374374042,0.159997436824257,"m"
5911,-0.378197673108418,61.3890059958841,0.159946919261115,"m"
5912,-0.378559185911022,61.4005699308797,0.159896392485014,"m"
5913,-0.378919750415551,61.4121288890407,0.159845858220612,"m"
5914,-0.37927950030953,61.4236825170171,0.159795318192563,"m"
5915,-0.379638569280484,61.4352304614586,0.159744774125523,"m"
5916,-0.379997091015938,61.4467723690153,0.159694227744146,"m"
5917,-0.380355199203417,61.4583078863368,0.15964368077309,"m"
5918,-0.380713027530446,61.4698366600732,0.159593134937009,"m"
5919,-0.38107070968455,61.4813583368742,0.159542591960559,"m"
5920,-0.381428379353254,61.4928725633897,0.159492053568395,"m"
5921,-0.381786170224083,61.5043789862696,0.159441521485173,"m"
5922,-0.382144215984563,61.5158772521638,0.159390997435548,"m"
5923,-0.382502650322218,61.527367007722,0.159340483144175,"m"
5924,-0.382861606924573,61.5388478995943,0.159289980335711,"m"
5925,-0.383221219479153,61.5503195744303,0.159239490734811,"m"
5926,-0.383581621673484,61.5617816788801,0.15918901606613,"m"
5927,-0.383942947195091,61.5732338595934,0.159138558054323,"m"
5928,-0.384305329731498,61.5846757632201,0.159088118424047,"m"
5929,-0.38466890297023,61.5961070364102,0.159037698899956,"m"
5930,-0.385033800598814,61.6075273258133,0.158987301206707,"m"
5931,-0.385400156304772,61.6189362780795,0.158936927068954,"m"
5932,-0.385768103775632,61.6303335398585,0.158886578211354,"m"
5933,-0.386137776698917,61.6417187578003,0.158836256358561,"m"
5934,-0.386509308762153,61.6530915785547,0.158785963235231,"m"
5935,-0.386882833652865,61.6644516487715,0.15873570056602,"m"
5936,-0.38725847347997,61.6757986261286,0.158685470074777,"m"
5937,-0.387636225440857,61.6871322872744,0.158635273476665,"m"
5938,-0.388016010519402,61.6984524814459,0.158585112481542,"m"
5939,-0.388397748612083,61.709759058916,0.158534988799195,"m"
5940,-0.388781359615376,61.7210518699576,0.158484904139406,"m"
5941,-0.389166763425758,61.7323307648434,0.15843486021196,"m"
5942,-0.389553879939708,61.7435955938463,0.158384858726642,"m"
5943,-0.389942629053702,61.7548462072392,0.158334901393235,"m"
5944,-0.390332930664218,61.7660824552947,0.158284989921526,"m"
5945,-0.390724704667732,61.7773041882858,0.158235126021296,"m"
5946,-0.391117870960723,61.7885112564852,0.158185311402332,"m"
5947,-0.391512349439667,61.7997035101658,0.158135547774418,"m"
5948,-0.391908060001042,61.8108807996004,0.158085836847337,"m"
5949,-0.392304922541325,61.8220429750619,0.158036180330875,"m"
5950,-0.392702856956994,61.833189886823,0.157986579934815,"m"
5951,-0.393101783144525,61.8443213851566,0.157937037368942,"m"
5952,-0.393501621000396,61.8554373203354,0.157887554343041,"m"
5953,-0.393902290421084,61.8665375426324,0.157838132566895,"m"
5954,-0.394303711303067,61.8776219023203,0.15778877375029,"m"
5955,-0.394705803542822,61.888690249672,0.157739479603009,"m"
5956,-0.395108487036825,61.8997424349602,0.157690251834837,"m"
5957,-0.395511681681555,61.9107783084579,0.157641092155558,"m"
5958,-0.395915307373489,61.9217977204377,0.157592002274956,"m"
5959,-0.396319284009104,61.9328005211726,0.157542983902817,"m"
5960,-0.396723531484876,61.9437865609354,0.157494038748924,"m"
5961,-0.397127969697285,61.9547556899989,0.157445168523062,"m"
5962,-0.397532518542806,61.9657077586358,0.157396374935015,"m"
5963,-0.397937097917917,61.9766426171191,0.157347659694568,"m"
5964,-0.398341627719096,61.9875601157215,0.157299024511504,"m"
5965,-0.39874602784282,61.9984601047159,0.157250471095609,"m"
5966,-0.399150218377601,62.0093424385864,0.157202001118868,"m"
5967,-0.399554128292203,62.0202071665608,0.157153614505344,"m"
5968,-0.399957698983737,62.0310546104198,0.157105308732798,"m"
5969,-0.400360872776205,62.041885112271,0.157057081096549,"m"
5970,-0.400763591993608,62.0526990142219,0.157008928891916,"m"
5971,-0.401165798959947,62.0634966583801,0.156960849414217,"m"
5972,-0.401567435999224,62.0742783868531,0.156912839958771,"m"
5973,-0.40196844543544,62.0850445417483,0.156864897820897,"m"
5974,-0.402368769592596,62.0957954651734,0.156817020295914,"m"
5975,-0.402768350794694,62.1065314992358,0.15676920467914,"m"
5976,-0.403167131365735,62.1172529860431,0.156721448265895,"m"
5977,-0.403565053629719,62.1279602677027,0.156673748351496,"m"
5978,-0.403962059910649,62.1386536863223,0.156626102231262,"m"
5979,-0.404358092532525,62.1493335840092,0.156578507200514,"m"
5980,-0.404753093819349,62.1600003028711,0.156530960554568,"m"
5981,-0.405147006095123,62.1706541850155,0.156483459588744,"m"
5982,-0.405539771683846,62.1812955725499,0.15643600159836,"m"
5983,-0.405931332909522,62.1919248075818,0.156388583878736,"m"
5984,-0.40632163209615,62.2025422322187,0.15634120372519,"m"
5985,-0.406710611567733,62.2131481885682,0.15629385843304,"m"
5986,-0.407098213648271,62.2237430187377,0.156246545297607,"m"
5987,-0.407484380661765,62.2343270648349,0.156199261614207,"m"
5988,-0.407869054932218,62.2449006689671,0.156152004678161,"m"
5989,-0.40825217878363,62.255464173242,0.156104771784786,"m"
5990,-0.408633694540003,62.2660179197671,0.156057560229402,"m"
5991,-0.409013544525337,62.2765622506499,0.156010367307326,"m"
5992,-0.409391671063635,62.2870975079979,0.155963190313879,"m"
5993,-0.409768016478897,62.2976240339186,0.155916026544379,"m"
5994,-0.410142523095125,62.3081421705195,0.155868873294144,"m"
5995,-0.410515133236319,62.3186522599082,0.155821727858494,"m"
5996,-0.410885789226482,62.3291546441923,0.155774587532746,"m"
5997,-0.411254445371633,62.3396496434584,0.155727449858909,"m"
5998,-0.411621183763372,62.350137342947,0.15568031500987,"m"
5999,-0.411986163782078,62.3606176858561,0.155633184749758,"m"
6000,-0.412349545883346,62.3710906134075,0.155586060864838,"m"
6001,-0.412711490522774,62.3815560668231,0.155538945141375,"m"
6002,-0.413072158155957,62.3920139873249,0.155491839365634,"m"
6003,-0.413431709238492,62.4024643161346,0.155444745323881,"m"
6004,-0.413790304225976,62.4129069944741,0.15539766480238,"m"
6005,-0.414148103574004,62.4233419635654,0.155350599587397,"m"
6006,-0.414505267738173,62.4337691646303,0.155303551465197,"m"
6007,-0.414861957174079,62.4441885388906,0.155256522222045,"m"
6008,-0.415218332337319,62.4546000275683,0.155209513644205,"m"
6009,-0.415574553683489,62.4650035718853,0.155162527517944,"m"
6010,-0.415930781668186,62.4753991130634,0.155115565629527,"m"
6011,-0.416287176747006,62.4857865923244,0.155068629765218,"m"
6012,-0.416643899375544,62.4961659508903,0.155021721711282,"m"
6013,-0.417001110009399,62.506537129983,0.154974843253986,"m"
6014,-0.417358969104165,62.5169000708243,0.154927996179593,"m"
6015,-0.41771763711544,62.5272547146361,0.15488118227437,"m"
6016,-0.418077274498819,62.5376010026403,0.154834403324581,"m"
6017,-0.4184380417099,62.5479388760588,0.154787661116491,"m"
6018,-0.418800099204278,62.5582682761134,0.154740957436366,"m"
6019,-0.419163607437549,62.568589144026,0.15469429407047,"m"
6020,-0.419528726865311,62.5789014210185,0.154647672805069,"m"
6021,-0.41989561794316,62.5892050483127,0.154601095426428,"m"
6022,-0.420264441126691,62.5994999671307,0.154554563720813,"m"
6023,-0.420635356871502,62.6097861186941,0.154508079474487,"m"
6024,-0.421008525633188,62.620063444225,0.154461644473717,"m"
6025,-0.421384107867346,62.6303318849451,0.154415260504768,"m"
6026,-0.421762264029573,62.6405913820764,0.154368929353904,"m"
6027,-0.422143151537316,62.6508418742105,0.15432265280512,"m"
6028,-0.422526790191124,62.6610831807983,0.15427643253954,"m"
6029,-0.422913008838259,62.6713149559745,0.15423027009555,"m"
6030,-0.423301622260475,62.6815368416967,0.15418416700102,"m"
6031,-0.423692445239528,62.6917484799226,0.154138124783822,"m"
6032,-0.424085292557173,62.7019495126097,0.154092144971827,"m"
6033,-0.424479978995166,62.7121395817157,0.154046229092907,"m"
6034,-0.424876319335262,62.7223183291981,0.154000378674932,"m"
6035,-0.425274128359215,62.7324853970145,0.153954595245773,"m"
6036,-0.425673220848783,62.7426404271226,0.153908880333303,"m"
6037,-0.426073411585719,62.75278306148,0.153863235465391,"m"
6038,-0.426474515351779,62.7629129420443,0.15381766216991,"m"
6039,-0.426876346928719,62.773029710773,0.15377216197473,"m"
6040,-0.427278721098294,62.7831330096238,0.153726736407723,"m"
6041,-0.427681452642259,62.7932224805543,0.15368138699676,"m"
6042,-0.42808435634237,62.8032977655221,0.153636115269711,"m"
6043,-0.428487246980382,62.8133585064848,0.153590922754449,"m"
6044,-0.428889939338051,62.8234043454,0.153545810978845,"m"
6045,-0.429292248197131,62.8334349242253,0.153500781470769,"m"
6046,-0.429693988339378,62.8434498849184,0.153455835758093,"m"
6047,-0.430094974546547,62.8534488694367,0.153410975368688,"m"
6048,-0.430495021600395,62.863431519738,0.153366201830425,"m"
6049,-0.430893944282675,62.8733974777798,0.153321516671176,"m"
6050,-0.431291557375144,62.8833463855198,0.153276921418812,"m"
6051,-0.431687675659557,62.8932778849155,0.153232417601203,"m"
6052,-0.432082113917669,62.9031916179246,0.153188006746221,"m"
6053,-0.432474686931235,62.9130872265046,0.153143690381738,"m"
6054,-0.432865209482011,62.9229643526132,0.153099470035624,"m"
6055,-0.433253496351753,62.9328226382079,0.153055347235751,"m"
6056,-0.433639362322215,62.9426617252465,0.15301132350999,"m"
6057,-0.434022622185799,62.9524812557187,0.152967400386074,"m"
6058,-0.434403151521168,62.9622810558846,0.152923578604303,"m"
6059,-0.434781029587403,62.9720615694504,0.152879856266472,"m"
6060,-0.435156378256071,62.9818233692997,0.152836230922369,"m"
6061,-0.435529319398734,62.991567028316,0.152792700121781,"m"
6062,-0.435899974886957,63.0012931193828,0.152749261414497,"m"
6063,-0.436268466592306,63.0110022153838,0.152705912350304,"m"
6064,-0.436634916386344,63.0206948892023,0.152662650478988,"m"
6065,-0.436999446140636,63.0303717137221,0.152619473350339,"m"
6066,-0.437362177726746,63.0400332618265,0.152576378514143,"m"
6067,-0.43772323301624,63.0496801063993,0.152533363520188,"m"
6068,-0.43808273388068,63.0593128203239,0.152490425918261,"m"
6069,-0.438440802191633,63.0689319764839,0.152447563258151,"m"
6070,-0.438797559820662,63.0785381477628,0.152404773089644,"m"
6071,-0.439153128639332,63.0881319070442,0.152362052962529,"m"
6072,-0.439507630519208,63.0977138272117,0.152319400426592,"m"
6073,-0.439861187331853,63.1072844811487,0.152276813031622,"m"
6074,-0.440213920948833,63.1168444417388,0.152234288327406,"m"
6075,-0.440565953241712,63.1263942818656,0.152191823863732,"m"
6076,-0.440917406082054,63.1359345744126,0.152149417190387,"m"
6077,-0.441268401341424,63.1454658922634,0.152107065857158,"m"
6078,-0.441619060891387,63.1549888083015,0.152064767413834,"m"
6079,-0.441969506603506,63.1645038954105,0.152022519410201,"m"
6080,-0.442319860349347,63.1740117264739,0.151980319396048,"m"
6081,-0.442670244000474,63.1835128743753,0.151938164921162,"m"
6082,-0.443020779428451,63.1930079119982,0.151896053535331,"m"
6083,-0.443371588504842,63.2024974122261,0.151853982788342,"m"
6084,-0.443722793101214,63.2119819479426,0.151811950229982,"m"
6085,-0.444074515089129,63.2214620920313,0.15176995341004,"m"
6086,-0.444426876340153,63.2309384173758,0.151727989878303,"m"
6087,-0.444779998725849,63.2404114968594,0.151686057184558,"m"
6088,-0.445134002676955,63.2498818956145,0.151644152916063,"m"
6089,-0.445488944683278,63.2593498347821,0.151602276322898,"m"
6090,-0.445844793270843,63.2688150622738,0.151560428942695,"m"
6091,-0.446201510566519,63.2782772915745,0.1515186124795,"m"
6092,-0.446559058697175,63.2877362361693,0.15147682863736,"m"
6093,-0.446917399789683,63.2971916095435,0.151435079120322,"m"
6094,-0.447276495970913,63.306643125182,0.15139336563243,"m"
6095,-0.447636309367733,63.3160904965701,0.151351689877733,"m"
6096,-0.447996802107015,63.3255334371926,0.151310053560275,"m"
6097,-0.448357936315628,63.3349716605349,0.151268458384103,"m"
6098,-0.448719674120443,63.3444048800819,0.151226906053264,"m"
6099,-0.449081977648328,63.3538328093188,0.151185398271803,"m"
6100,-0.449444809026155,63.3632551617306,0.151143936743767,"m"
6101,-0.449808130380794,63.3726716508025,0.151102523173203,"m"
6102,-0.450171903839114,63.3820819900196,0.151061159264156,"m"
6103,-0.450536091527985,63.3914858928669,0.151019846720672,"m"
6104,-0.450900655574277,63.4008830728295,0.150978587246799,"m"
6105,-0.451265558104861,63.4102732433926,0.150937382546582,"m"
6106,-0.451630761246606,63.4196561180413,0.150896234324067,"m"
6107,-0.451996227126383,63.4290314102606,0.150855144283302,"m"
6108,-0.452361917871061,63.4383988335356,0.150814114128331,"m"
6109,-0.45272779560751,63.4477581013515,0.150773145563202,"m"
6110,-0.453093822462601,63.4571089271933,0.150732240291961,"m"
6111,-0.453459960563204,63.4664510245461,0.150691400018653,"m"
6112,-0.453826172036188,63.4757841068951,0.150650626447326,"m"
6113,-0.454192419008423,63.4851078877253,0.150609921282025,"m"
6114,-0.45455866360678,63.4944220805218,0.150569286226797,"m"
6115,-0.454924867958129,63.5037263987697,0.150528722985687,"m"
6116,-0.455290994189339,63.5130205559542,0.150488233262743,"m"
6117,-0.45565700442728,63.5223042655603,0.150447818762011,"m"
6118,-0.456022860800348,63.5315772410767,0.15040748118743,"m"
6119,-0.456388532923486,63.5408392138857,0.150367221719571,"m"
6120,-0.45675401525648,63.5500899747507,0.150327039802157,"m"
6121,-0.457119307406215,63.559329326737,0.150286934519086,"m"
6122,-0.457484408979577,63.5685570729101,0.150246904954258,"m"
6123,-0.457849319583448,63.5777730163354,0.150206950191573,"m"
6124,-0.458214038824714,63.5869769600783,0.15016706931493,"m"
6125,-0.458578566310259,63.5961687072041,0.150127261408228,"m"
6126,-0.458942901646968,63.6053480607783,0.150087525555366,"m"
6127,-0.459307044441724,63.6145148238662,0.150047860840245,"m"
6128,-0.459670994301412,63.6236687995333,0.150008266346763,"m"
6129,-0.460034750832918,63.632809790845,0.14996874115882,"m"
6130,-0.460398313643124,63.6419376008666,0.149929284360315,"m"
6131,-0.460761682338916,63.6510520326635,0.149889895035148,"m"
6132,-0.461124856527178,63.6601528893012,0.149850572267218,"m"
6133,-0.461487835814794,63.669239973845,0.149811315140425,"m"
6134,-0.461850619808649,63.6783130893604,0.149772122738667,"m"
6135,-0.462213208115628,63.6873720389127,0.149732994145845,"m"
6136,-0.462575600342614,63.6964166255674,0.149693928445857,"m"
6137,-0.462937796096492,63.7054466523897,0.149654924722603,"m"
6138,-0.463299794984146,63.7144619224452,0.149615982059983,"m"
6139,-0.463661596612462,63.7234622387993,0.149577099541895,"m"
6140,-0.464023200588322,63.7324474045172,0.14953827625224,"m"
6141,-0.464384606518613,63.7414172226645,0.149499511274917,"m"
6142,-0.464745814010218,63.7503714963065,0.149460803693824,"m"
6143,-0.465106822670021,63.7593100285086,0.149422152592862,"m"
6144,-0.465467632104908,63.7682326223362,0.149383557055929,"m"
6145,-0.465828241921761,63.7771390808547,0.149345016166926,"m"
6146,-0.466188651727467,63.7860292071295,0.149306529009752,"m"
6147,-0.466548861128909,63.7949028042261,0.149268094668305,"m"
6148,-0.466908869732972,63.8037596752097,0.149229712226486,"m"
6149,-0.467268677951603,63.8125996705834,0.149191380868293,"m"
6150,-0.467628293280275,63.8214230582401,0.14915310065847,"m"
6151,-0.467987726894403,63.8302303229098,0.149114872119316,"m"
6152,-0.468346990000804,63.8390219511729,0.149076695777032,"m"
6153,-0.468706093806296,63.8477984296097,0.149038572157821,"m"
6154,-0.469065049517696,63.8565602448005,0.149000501787885,"m"
6155,-0.46942386834182,63.8653078833258,0.148962485193428,"m"
6156,-0.469782561485485,63.8740418317658,0.14892452290065,"m"
6157,-0.470141140155509,63.8827625767008,0.148886615435755,"m"
6158,-0.470499615558709,63.8914706047113,0.148848763324944,"m"
6159,-0.470857998901901,63.9001664023776,0.148810967094421,"m"
6160,-0.471216301391903,63.90885045628,0.148773227270387,"m"
6161,-0.471574534235532,63.9175232529988,0.148735544379045,"m"
6162,-0.471932708639605,63.9261852791144,0.148697918946598,"m"
6163,-0.472290835810939,63.9348370212072,0.148660351499247,"m"
6164,-0.472648926956351,63.9434789658574,0.148622842563194,"m"
6165,-0.473006993282658,63.9521115996455,0.148585392664643,"m"
6166,-0.473365045996676,63.9607354091518,0.148548002329796,"m"
6167,-0.473723096305224,63.9693508809565,0.148510672084855,"m"
6168,-0.474081155415118,63.9779585016401,0.148473402456022,"m"
6169,-0.474439234533176,63.986558757783,0.1484361939695,"m"
6170,-0.474797344866213,63.9951521359653,0.148399047151491,"m"
6171,-0.475155497621048,64.0037391227676,0.148361962528197,"m"
6172,-0.475513704004498,64.01232020477,0.148324940625822,"m"
6173,-0.475871975223378,64.0208958685531,0.148287981970566,"m"
6174,-0.476230322484507,64.029466600697,0.148251087088633,"m"
6175,-0.476588756994702,64.0380328877823,0.148214256506225,"m"
6176,-0.476947289960779,64.0465952163891,0.148177490749544,"m"
6177,-0.477305932589556,64.0551540730979,0.148140790344792,"m"
6178,-0.47766469608785,64.0637099444889,0.148104155818173,"m"
6179,-0.478023591662482,64.072263317109,0.148067587695832,"m"
6180,-0.478382630539287,64.0808145346054,0.148031086266827,"m"
6181,-0.478741824006597,64.0893634709465,0.147994651040958,"m"
6182,-0.479101183365564,64.0979099037487,0.147958281368165,"m"
6183,-0.479460719917338,64.1064536106281,0.147921976598386,"m"
6184,-0.479820444963071,64.114994369201,0.147885736081559,"m"
6185,-0.480180369803915,64.1235319570837,0.147849559167624,"m"
6186,-0.480540505741021,64.1320661518923,0.147813445206519,"m"
6187,-0.48090086407554,64.1405967312431,0.147777393548183,"m"
6188,-0.481261456108624,64.1491234727523,0.147741403542556,"m"
6189,-0.481622293141424,64.1576461540361,0.147705474539576,"m"
6190,-0.481983386475093,64.1661645527107,0.147669605889181,"m"
6191,-0.48234474741078,64.1746784463925,0.147633796941312,"m"
6192,-0.482706387249638,64.1831876126975,0.147598047045906,"m"
6193,-0.483068317292819,64.1916918292421,0.147562355552902,"m"
6194,-0.483430548841473,64.2001908736425,0.14752672181224,"m"
6195,-0.483793093196752,64.2086845235148,0.147491145173857,"m"
6196,-0.484155961659808,64.2171725564754,0.147455624987694,"m"
6197,-0.484519165531791,64.2256547501404,0.147420160603689,"m"
6198,-0.484882716113855,64.2341308821261,0.14738475137178,"m"
6199,-0.485246624707149,64.2426007300487,0.147349396641907,"m"
6200,-0.485610902612825,64.2510640715244,0.147314095764008,"m"
6201,-0.485975561132035,64.2595206841694,0.147278848088022,"m"
6202,-0.486340611565931,64.2679703456001,0.147243652963889,"m"
6203,-0.486706065215663,64.2764128334326,0.147208509741546,"m"
6204,-0.487071933382383,64.2848479252831,0.147173417770933,"m"
6205,-0.487438227367243,64.2932753987678,0.147138376401989,"m"
6206,-0.487804958471395,64.3016950315031,0.147103384984653,"m"
6207,-0.488172137995988,64.3101066011051,0.147068442868863,"m"
6208,-0.488539777242176,64.31850988519,0.147033549404558,"m"
6209,-0.488907887511109,64.3269046613741,0.146998703941677,"m"
6210,-0.489276473352738,64.3352907068589,0.146963905930418,"m"
6211,-0.48964548055656,64.3436677952374,0.146929155693607,"m"
6212,-0.490014824656691,64.352035698244,0.14689445400338,"m"
6213,-0.490384420937199,64.360394187598,0.146859801635585,"m"
6214,-0.490754184682157,64.3687430350187,0.146825199366071,"m"
6215,-0.491124031175634,64.3770820122254,0.146790647970689,"m"
6216,-0.491493875701701,64.3854108909373,0.146756148225286,"m"
6217,-0.491863633544428,64.3937294428736,0.146721700905711,"m"
6218,-0.492233219987887,64.4020374397538,0.146687306787814,"m"
6219,-0.492602550316146,64.4103346532969,0.146652966647445,"m"
6220,-0.492971539813277,64.4186208552224,0.146618681260451,"m"
6221,-0.49334010376335,64.4268958172494,0.146584451402681,"m"
6222,-0.493708157450436,64.4351593110972,0.146550277849986,"m"
6223,-0.494075616158604,64.443411108485,0.146516161378214,"m"
6224,-0.494442395171926,64.4516509811322,0.146482102763214,"m"
6225,-0.494808409774472,64.459878700758,0.146448102780834,"m"
6226,-0.495173575250313,64.4680940390817,0.146414162206925,"m"
6227,-0.495537806883518,64.4762967678225,0.146380281817335,"m"
6228,-0.495901019958158,64.4844866586997,0.146346462387914,"m"
6229,-0.496263129758305,64.4926634834325,0.146312704694509,"m"
6230,-0.496624051568027,64.5008270137402,0.146279009512971,"m"
6231,-0.496983700671396,64.5089770213422,0.146245377619148,"m"
6232,-0.497341992352482,64.5171132779576,0.14621180978889,"m"
6233,-0.497698841895355,64.5252355553057,0.146178306798045,"m"
6234,-0.498054164584087,64.5333436251057,0.146144869422462,"m"
6235,-0.498407875702747,64.541437259077,0.146111498437991,"m"
6236,-0.498759890535406,64.5495162289389,0.14607819462048,"m"
6237,-0.499110124366134,64.5575803064104,0.146044958745779,"m"
6238,-0.499458492479002,64.5656292632111,0.146011791589737,"m"
6239,-0.49980491015808,64.57366287106,0.145978693928203,"m"
6240,-0.500149295030254,64.5816809102489,0.145945666526129,"m"
6241,-0.500491639761007,64.5896834356392,0.145912709799476,"m"
6242,-0.500832026113959,64.5976708281064,0.145879823749824,"m"
6243,-0.501170541033472,64.6056434874824,0.145847008354657,"m"
6244,-0.501507271463911,64.6136018135995,0.14581426359146,"m"
6245,-0.501842304349639,64.6215462062895,0.145781589437717,"m"
6246,-0.502175726635022,64.6294770653846,0.145748985870913,"m"
6247,-0.502507625264422,64.6373947907168,0.145716452868532,"m"
6248,-0.502838087182205,64.6452997821181,0.14568399040806,"m"
6249,-0.503167199332733,64.6531924394207,0.14565159846698,"m"
6250,-0.503495048660372,64.6610731624565,0.145619277022777,"m"
6251,-0.503821722109485,64.6689423510577,0.145587026052935,"m"
6252,-0.504147306624436,64.6768004050562,0.14555484553494,"m"
6253,-0.504471889149589,64.6846477242841,0.145522735446276,"m"
6254,-0.504795556629308,64.6924847085735,0.145490695764427,"m"
6255,-0.505118396007958,64.7003117577564,0.145458726466879,"m"
6256,-0.505440494229903,64.7081292716649,0.145426827531114,"m"
6257,-0.505761938239506,64.715937650131,0.145394998934619,"m"
6258,-0.506082814981131,64.7237372929868,0.145363240654877,"m"
6259,-0.506403211399143,64.7315286000643,0.145331552669374,"m"
6260,-0.506723214437906,64.7393119711956,0.145299934955594,"m"
6261,-0.507042911041783,64.7470878062127,0.145268387491021,"m"
6262,-0.507362388155139,64.7548565049477,0.145236910253139,"m"
6263,-0.507681732722338,64.7626184672326,0.145205503219435,"m"
6264,-0.508001031687744,64.7703740928995,0.145174166367391,"m"
6265,-0.508320371995721,64.7781237817805,0.145142899674493,"m"
6266,-0.508639840590632,64.7858679337075,0.145111703118225,"m"
6267,-0.508959524416843,64.7936069485126,0.145080576676072,"m"
6268,-0.509279510418717,64.801341226028,0.145049520325519,"m"
6269,-0.509599885540618,64.8090711660856,0.145018534044049,"m"
6270,-0.50992073672691,64.8167971685175,0.144987617809148,"m"
6271,-0.510242144608996,64.8245196007261,0.144956771500019,"m"
6272,-0.51056413546386,64.8322385508967,0.144925994149679,"m"
6273,-0.510886707830595,64.8399539647255,0.144895284359317,"m"
6274,-0.511209860026381,64.8476657867685,0.144864640726671,"m"
6275,-0.511533590368398,64.8553739615822,0.144834061849478,"m"
6276,-0.511857897173825,64.8630784337227,0.144803546325473,"m"
6277,-0.512182778759841,64.8707791477463,0.144773092752394,"m"
6278,-0.512508233443626,64.8784760482093,0.144742699727977,"m"
6279,-0.512834259542359,64.8861690796677,0.144712365849959,"m"
6280,-0.513160855373219,64.893858186678,0.144682089716076,"m"
6281,-0.513488019253386,64.9015433137963,0.144651869924066,"m"
6282,-0.513815749500039,64.9092244055788,0.144621705071664,"m"
6283,-0.514144044430358,64.9169014065818,0.144591593756607,"m"
6284,-0.514472902361522,64.9245742613616,0.144561534576632,"m"
6285,-0.51480232161071,64.9322429144744,0.144531526129476,"m"
6286,-0.515132300495102,64.9399073104764,0.144501567012875,"m"
6287,-0.515462837331877,64.9475673939238,0.144471655824565,"m"
6288,-0.515793930438214,64.9552231093729,0.144441791162284,"m"
6289,-0.516125578131293,64.96287440138,0.144411971623768,"m"
6290,-0.516457778728293,64.9705212145012,0.144382195806753,"m"
6291,-0.516790530546394,64.9781634932929,0.144352462308977,"m"
6292,-0.517123831902774,64.9858011823111,0.144322769728175,"m"
6293,-0.517457681114614,64.9934342261123,0.144293116662085,"m"
6294,-0.517792076499093,65.0010625692525,0.144263501708443,"m"
6295,-0.518127016373389,65.0086861562882,0.144233923464985,"m"
6296,-0.518462499054683,65.0163049317754,0.144204380529449,"m"
6297,-0.518798522860154,65.0239188402704,0.144174871499571,"m"
6298,-0.51913508610698,65.0315278263296,0.144145394973087,"m"
6299,-0.519472187112343,65.039131834509,0.144115949547735,"m"
6300,-0.51980982419342,65.0467308093649,0.14408653382125,"m"
6301,-0.52014799419387,65.0543246900571,0.144057146435609,"m"
6302,-0.520486647582224,65.0619132459006,0.144027787425105,"m"
6303,-0.520825680229381,65.0694960462522,0.143998458463213,"m"
6304,-0.521164984874467,65.0770726489988,0.143969161317432,"m"
6305,-0.52150445425661,65.0846426120274,0.143939897755262,"m"
6306,-0.521843981114935,65.0922054932248,0.143910669544202,"m"
6307,-0.522183458188571,65.099760850478,0.143881478451752,"m"
6308,-0.522522778216643,65.1073082416738,0.143852326245411,"m"
6309,-0.522861833938278,65.1148472246993,0.143823214692679,"m"
6310,-0.523200518092604,65.1223773574412,0.143794145561055,"m"
6311,-0.523538723418748,65.1298981977866,0.143765120618039,"m"
6312,-0.523876342655835,65.1374093036223,0.14373614163113,"m"
6313,-0.524213268542994,65.1449102328353,0.143707210367828,"m"
6314,-0.52454939381935,65.1524005433124,0.143678328595632,"m"
6315,-0.524884611224031,65.1598797929405,0.143649498082042,"m"
6316,-0.525218813496163,65.1673475396067,0.143620720594557,"m"
6317,-0.525551893374873,65.1748033411978,0.143591997900676,"m"
6318,-0.525883743599289,65.1822467556007,0.1435633317679,"m"
6319,-0.526214256908537,65.1896773407023,0.143534723963728,"m"
6320,-0.526543326041743,65.1970946543896,0.143506176255658,"m"
6321,-0.526870843738036,65.2044982545494,0.143477690411192,"m"
6322,-0.52719670273654,65.2118876990687,0.143449268197827,"m"
6323,-0.527520795776385,65.2192625458344,0.143420911383065,"m"
6324,-0.527843015596695,65.2266223527334,0.143392621734403,"m"
6325,-0.528163254936599,65.2339666776526,0.143364401019342,"m"
6326,-0.528481406535222,65.241295078479,0.143336251005382,"m"
6327,-0.528797363131692,65.2486071130994,0.143308173460021,"m"
6328,-0.529111017465136,65.2559023394007,0.143280170150759,"m"
6329,-0.52942226227468,65.2631803152699,0.143252242845095,"m"
6330,-0.529730990299452,65.2704405985939,0.14322439331053,"m"
6331,-0.530037094368265,65.2776827475947,0.143196623313588,"m"
6332,-0.53034053709877,65.2849065812272,0.14316893386236,"m"
6333,-0.53064147574317,65.2921126456059,0.143141323849731,"m"
6334,-0.530940101218693,65.2993016126188,0.143113791802733,"m"
6335,-0.531236604442568,65.3064741541539,0.143086336248396,"m"
6336,-0.531531176332026,65.3136309420993,0.14305895571375,"m"
6337,-0.531824007804294,65.320772648343,0.143031648725826,"m"
6338,-0.532115289776603,65.3278999447728,0.143004413811654,"m"
6339,-0.532405213166182,65.3350135032769,0.142977249498263,"m"
6340,-0.532693968890259,65.3421139957432,0.142950154312685,"m"
6341,-0.532981747866064,65.3492020940596,0.14292312678195,"m"
6342,-0.533268741010827,65.3562784701144,0.142896165433087,"m"
6343,-0.533555139241776,65.3633437957953,0.142869268793128,"m"
6344,-0.53384113347614,65.3703987429904,0.142842435389102,"m"
6345,-0.53412691463115,65.3774439835877,0.14281566374804,"m"
6346,-0.534412673624034,65.3844801894752,0.142788952396972,"m"
6347,-0.534698601372021,65.3915080325409,0.142762299862929,"m"
6348,-0.534984888792341,65.3985281846728,0.14273570467294,"m"
6349,-0.535271726802222,65.4055413177588,0.142709165354036,"m"
6350,-0.535559306318895,65.4125481036871,0.142682680433248,"m"
6351,-0.535847818259588,65.4195492143455,0.142656248437605,"m"
6352,-0.536137453541531,65.4265453216221,0.142629867894138,"m"
6353,-0.536428403081952,65.4335370974048,0.142603537329877,"m"
6354,-0.536720857798082,65.4405252135818,0.142577255271852,"m"
6355,-0.537015008607149,65.4475103420408,0.142551020247095,"m"
6356,-0.537311046426382,65.45449315467,0.142524830782634,"m"
6357,-0.537609162173011,65.4614743233574,0.142498685405501,"m"
6358,-0.537909546764265,65.468454519991,0.142472582642725,"m"
6359,-0.538212391117373,65.4754344164586,0.142446521021337,"m"
6360,-0.538517886149564,65.4824146846484,0.142420499068367,"m"
6361,-0.538826222778068,65.4893959964484,0.142394515310846,"m"
6362,-0.539137586468989,65.4963790081398,0.142368568296949,"m"
6363,-0.539451994089371,65.5033638933021,0.142342657228876,"m"
6364,-0.539769265694973,65.5103502620408,0.142316782072289,"m"
6365,-0.540089210205604,65.5173376925789,0.142290942836047,"m"
6366,-0.540411636541075,65.5243257631394,0.142265139529012,"m"
6367,-0.540736353621196,65.5313140519454,0.142239372160042,"m"
6368,-0.541063170365778,65.53830213722,0.142213640737998,"m"
6369,-0.541391895694631,65.5452895971861,0.142187945271741,"m"
6370,-0.541722338527566,65.5522760100669,0.14216228577013,"m"
6371,-0.542054307784392,65.5592609540854,0.142136662242025,"m"
6372,-0.54238761238492,65.5662440074647,0.142111074696287,"m"
6373,-0.542722061248961,65.5732247484277,0.142085523141775,"m"
6374,-0.543057463296325,65.5802027551976,0.14206000758735,"m"
6375,-0.543393627446822,65.5871776059973,0.142034528041872,"m"
6376,-0.543730362620263,65.59414887905,0.142009084514201,"m"
6377,-0.544067477736458,65.6011161525787,0.141983677013197,"m"
6378,-0.544404781715217,65.6080790048064,0.14195830554772,"m"
6379,-0.544742083476352,65.6150370139562,0.141932970126631,"m"
6380,-0.545079191939671,65.6219897582511,0.141907670758789,"m"
6381,-0.545415916024986,65.6289368159142,0.141882407453054,"m"
6382,-0.545752064652107,65.6358777651686,0.141857180218287,"m"
6383,-0.546087446740845,65.6428121842372,0.141831989063347,"m"
6384,-0.546421871211009,65.6497396513431,0.141806833997096,"m"
6385,-0.546755146982411,65.6566597447094,0.141781715028392,"m"
6386,-0.54708708297486,65.6635720425592,0.141756632166096,"m"
6387,-0.547417488108167,65.6704761231154,0.141731585419068,"m"
6388,-0.547746171302142,65.6773715646011,0.141706574796169,"m"
6389,-0.548072941476596,65.6842579452394,0.141681600306258,"m"
6390,-0.548397607551339,65.6911348432533,0.141656661958195,"m"
6391,-0.548719978446182,65.6980018368659,0.141631759760841,"m"
6392,-0.549039863181782,65.7048585044421,0.14160689372353,"m"
6393,-0.549357143893439,65.7117045272335,0.141582064199192,"m"
6394,-0.549671904714558,65.7185398707426,0.141557272490034,"m"
6395,-0.549984264369333,65.7253645491477,0.14153252006082,"m"
6396,-0.550294341581958,65.7321785766272,0.141507808376312,"m"
6397,-0.550602255076626,65.7389819673597,0.141483138901274,"m"
6398,-0.550908123577531,65.7457747355236,0.14145851310047,"m"
6399,-0.551212065808867,65.7525568952972,0.141433932438663,"m"
6400,-0.551514200494828,65.7593284608591,0.141409398380616,"m"
6401,-0.551814646359608,65.7660894463877,0.141384912391092,"m"
6402,-0.5521135221274,65.7728398660613,0.141360475934855,"m"
6403,-0.552410946522399,65.7795797340584,0.141336090476668,"m"
6404,-0.552707038268797,65.7863090645576,0.141311757481295,"m"
6405,-0.55300191609079,65.7930278717371,0.141287478413499,"m"
6406,-0.55329569871257,65.7997361697754,0.141263254738043,"m"
6407,-0.553588504858332,65.806433972851,0.14123908791969,"m"
6408,-0.553880453252269,65.8131212951423,0.141214979423205,"m"
6409,-0.554171662618575,65.8197981508278,0.14119093071335,"m"
6410,-0.554462251681444,65.8264645540857,0.141166943254888,"m"
6411,-0.55475233916507,65.8331205190947,0.141143018512584,"m"
6412,-0.555042043793647,65.8397660600332,0.1411191579512,"m"
6413,-0.555331484291368,65.8464011910795,0.1410953630355,"m"
6414,-0.555620779382427,65.8530259264121,0.141071635230247,"m"
6415,-0.555910047791018,65.8596402802094,0.141047976000204,"m"
6416,-0.556199408241336,65.8662442666499,0.141024386810135,"m"
6417,-0.556488979457572,65.872837899912,0.141000869124803,"m"
6418,-0.556778880163923,65.8794211941741,0.140977424408972,"m"
6419,-0.55706922908458,65.8859941636147,0.140954054127404,"m"
6420,-0.557360144943739,65.8925568224122,0.140930759744864,"m"
6421,-0.557651746465593,65.8991091847451,0.140907542726115,"m"
6422,-0.557944152374335,65.9056512647917,0.140884404535919,"m"
6423,-0.558237462915662,65.9121830889775,0.140861346331396,"m"
6424,-0.558531645752011,65.9187047715999,0.140838367062311,"m"
6425,-0.55882661064567,65.9252164653307,0.140815464714463,"m"
6426,-0.559122267116933,65.9317183230023,0.140792637269622,"m"
6427,-0.559418524686092,65.9382104974467,0.140769882709556,"m"
6428,-0.559715292873439,65.9446931414962,0.140747199016036,"m"
6429,-0.560012481199266,65.9511664079832,0.140724584170829,"m"
6430,-0.560309999183865,65.9576304497397,0.140702036155707,"m"
6431,-0.560607756347529,65.964085419598,0.140679552952437,"m"
6432,-0.560905662210551,65.9705314703904,0.140657132542789,"m"
6433,-0.561203626293221,65.976968754949,0.140634772908533,"m"
6434,-0.561501558115833,65.9833974261061,0.140612472031438,"m"
6435,-0.561799367198679,65.989817636694,0.140590227893273,"m"
6436,-0.56209696306205,65.9962295395448,0.140568038475807,"m"
6437,-0.56239425522624,66.0026332874907,0.14054590176081,"m"
6438,-0.562691153211541,66.0090290333641,0.140523815730051,"m"
6439,-0.562987566538244,66.0154169299971,0.1405017783653,"m"
6440,-0.563283404726642,66.021797130222,0.140479787648326,"m"
6441,-0.563578577297027,66.0281697868709,0.140457841560897,"m"
6442,-0.563872993769692,66.0345350527762,0.140435938084784,"m"
6443,-0.564166563664929,66.04089308077,0.140414075201756,"m"
6444,-0.564459196503029,66.0472440236846,0.140392250893581,"m"
6445,-0.564750801804286,66.0535880343522,0.14037046314203,"m"
6446,-0.565041289088991,66.059925265605,0.140348709928872,"m"
6447,-0.565330567877437,66.0662558702752,0.140326989235875,"m"
6448,-0.565618547689915,66.0725800011952,0.14030529904481,"m"
6449,-0.565905138046719,66.078897811197,0.140283637337446,"m"
6450,-0.566190248468141,66.085209453113,0.140262002095551,"m"
6451,-0.566473788474472,66.0915150797753,0.140240391300895,"m"
6452,-0.566755667586005,66.0978148440162,0.140218802935248,"m"
6453,-0.567035795382788,66.1041088986532,0.140197234981472,"m"
6454,-0.567314121890128,66.1103973865182,0.140175686162041,"m"
6455,-0.56759070782761,66.1166804231138,0.140154157223669,"m"
6456,-0.567865632681459,66.1229581193096,0.140132649256252,"m"
6457,-0.5681389759379,66.1292305859748,0.140111163349683,"m"
6458,-0.568410817083158,66.1354979339789,0.140089700593859,"m"
6459,-0.568681235603458,66.1417602741912,0.140068262078674,"m"
6460,-0.568950310985025,66.148017717481,0.140046848894023,"m"
6461,-0.569218122714084,66.1542703747179,0.140025462129802,"m"
6462,-0.56948475027686,66.1605183567712,0.140004102875904,"m"
6463,-0.569750273159577,66.1667617745102,0.139982772222225,"m"
6464,-0.570014770848461,66.1730007388043,0.139961471258661,"m"
6465,-0.570278322829737,66.179235360523,0.139940201075106,"m"
6466,-0.570541008589629,66.1854657505356,0.139918962761454,"m"
6467,-0.570802907614363,66.1916920197114,0.139897757407602,"m"
6468,-0.571064099390162,66.19791427892,0.139876586103443,"m"
6469,-0.571324663403254,66.2041326390305,0.139855449938874,"m"
6470,-0.571584679139861,66.2103472109126,0.139834350003788,"m"
6471,-0.57184422608621,66.2165581054354,0.139813287388081,"m"
6472,-0.572103383728524,66.2227654334685,0.139792263181648,"m"
6473,-0.57236223155303,66.2289693058811,0.139771278474384,"m"
6474,-0.572620849045952,66.2351698335428,0.139750334356184,"m"
6475,-0.572879315693515,66.2413671273227,0.139729431916943,"m"
6476,-0.573137710981943,66.2475612980904,0.139708572246555,"m"
6477,-0.573396114397462,66.2537524567153,0.139687756434917,"m"
6478,-0.573654605426297,66.2599407140666,0.139666985571921,"m"
6479,-0.573913263554673,66.2661261810138,0.139646260747465,"m"
6480,-0.574172168268814,66.2723089684263,0.139625583051442,"m"
6481,-0.574431399054946,66.2784891871735,0.139604953573748,"m"
6482,-0.574691035399293,66.2846669481247,0.139584373404278,"m"
6483,-0.57495115678808,66.2908423621493,0.139563843632926,"m"
6484,-0.575211832455401,66.2970154985128,0.139543365205055,"m"
6485,-0.575473058834483,66.3031861310498,0.139522938039694,"m"
6486,-0.575734800855528,66.3093539057533,0.139502561611747,"m"
6487,-0.575997023322748,66.3155184681049,0.139482235394343,"m"
6488,-0.576259691040352,66.3216794635865,0.139461958860611,"m"
6489,-0.576522768812552,66.3278365376797,0.139441731483678,"m"
6490,-0.576786221443558,66.3339893358663,0.139421552736675,"m"
6491,-0.57705001373758,66.3401375036281,0.139401422092728,"m"
6492,-0.577314110498829,66.3462806864467,0.139381339024966,"m"
6493,-0.577578476531515,66.352418529804,0.139361303006519,"m"
6494,-0.577843076639848,66.3585506791815,0.139341313510515,"m"
6495,-0.57810787562804,66.3646767800612,0.139321370010082,"m"
6496,-0.5783728383003,66.3707964779246,0.139301471978349,"m"
6497,-0.57863792946084,66.3769094182536,0.139281618888444,"m"
6498,-0.578903113913869,66.3830152465299,0.139261810213496,"m"
6499,-0.579168356463598,66.3891136082352,0.139242045426633,"m"
6500,-0.579433621914238,66.3952041488512,0.139222324000985,"m"
6501,-0.579698875069998,66.4012865138598,0.139202645409679,"m"
6502,-0.57996408073509,66.4073603487425,0.139183009125843,"m"
6503,-0.580229203713724,66.4134252989812,0.139163414622608,"m"
6504,-0.58049420881011,66.4194810100576,0.1391438613731,"m"
6505,-0.580759060828459,66.4255271274534,0.13912434885045,"m"
6506,-0.581023724572981,66.4315632966504,0.139104876527784,"m"
6507,-0.581288164847887,66.4375891631303,0.139085443878232,"m"
6508,-0.581552346457388,66.4436043723748,0.139066050374923,"m"
6509,-0.581816234205693,66.4496085698657,0.139046695490984,"m"
6510,-0.582079792897013,66.4556014010846,0.139027378699545,"m"
6511,-0.582342987335558,66.4615825115134,0.139008099473733,"m"
6512,-0.58260578232554,66.4675515466338,0.138988857286678,"m"
6513,-0.582868142671168,66.4735081519275,0.138969651611508,"m"
6514,-0.583130034720925,66.4794519857958,0.138950481937757,"m"
6515,-0.583391460889511,66.4853830083762,0.138931348138086,"m"
6516,-0.583652459964924,66.491301484111,0.138912250471549,"m"
6517,-0.583913072340851,66.497207690876,0.138893189214259,"m"
6518,-0.584173338410979,66.5031019065471,0.138874164642325,"m"
6519,-0.584433298568994,66.5089844090001,0.138855177031859,"m"
6520,-0.584692993208585,66.514855476111,0.138836226658972,"m"
6521,-0.584952462723437,66.5207153857554,0.138817313799776,"m"
6522,-0.585211747507238,66.5265644158094,0.13879843873038,"m"
6523,-0.585470887953676,66.5324028441486,0.138779601726896,"m"
6524,-0.585729924456436,66.5382309486491,0.138760803065435,"m"
6525,-0.585988897409205,66.5440490071865,0.138742043022109,"m"
6526,-0.586247847205672,66.5498572976369,0.138723321873028,"m"
6527,-0.586506814239522,66.5556560978759,0.138704639894303,"m"
6528,-0.586765838904444,66.5614456857795,0.138685997362045,"m"
6529,-0.587024961594123,66.5672263392236,0.138667394552366,"m"
6530,-0.587284222702246,66.5729983360838,0.138648831741377,"m"
6531,-0.587543662622502,66.5787619542362,0.138630309205188,"m"
6532,-0.587803321748576,66.5845174715566,0.13861182721991,"m"
6533,-0.588063240474156,66.5902651659207,0.138593386061656,"m"
6534,-0.588323459192929,66.5960053152045,0.138574986006535,"m"
6535,-0.588584018298582,66.6017381972838,0.138556627330659,"m"
6536,-0.588844958184801,66.6074640900344,0.138538310310138,"m"
6537,-0.589106319245274,66.6131832713322,0.138520035221085,"m"
6538,-0.589368141873688,66.618896019053,0.138501802339609,"m"
6539,-0.589630466463729,66.6246026110727,0.138483611941823,"m"
6540,-0.589893333409085,66.6303033252672,0.138465464303836,"m"
6541,-0.590156783103443,66.6359984395122,0.138447359701761,"m"
6542,-0.590420855940489,66.6416882316836,0.138429298411708,"m"
6543,-0.590685592313911,66.6473729796574,0.138411280709788,"m"
6544,-0.590951032617396,66.6530529613092,0.138393306872113,"m"
6545,-0.591217205645272,66.6587284262277,0.138375377026465,"m"
6546,-0.591484058671537,66.6643994251978,0.138357490258179,"m"
6547,-0.591751504015878,66.6700659237617,0.138339645205609,"m"
6548,-0.59201945386433,66.6757278871354,0.138321840505399,"m"
6549,-0.592287820402925,66.6813852805351,0.138304074794193,"m"
6550,-0.592556515817697,66.6870380691768,0.138286346708636,"m"
6551,-0.592825452294681,66.6926862182766,0.138268654885372,"m"
6552,-0.593094542019908,66.6983296930508,0.138250997961044,"m"
6553,-0.593363697179413,66.7039684587153,0.138233374572299,"m"
6554,-0.593632829959229,66.7096024804862,0.138215783355779,"m"
6555,-0.59390185254539,66.7152317235798,0.138198222948129,"m"
6556,-0.594170677123929,66.720856153212,0.138180691985993,"m"
6557,-0.594439215880879,66.726475734599,0.138163189106016,"m"
6558,-0.594707381002275,66.732090432957,0.138145712944841,"m"
6559,-0.594975084674149,66.7377002135019,0.138128262139114,"m"
6560,-0.595242239082535,66.7433050414499,0.138110835325478,"m"
6561,-0.595508756413467,66.7489048820172,0.138093431140578,"m"
6562,-0.595774548852978,66.7544997004197,0.138076048221059,"m"
6563,-0.596039528587101,66.7600894618737,0.138058685203563,"m"
6564,-0.596303607801871,66.7656741315952,0.138041340724736,"m"
6565,-0.59656669868332,66.7712536748004,0.138024013421222,"m"
6566,-0.596828713417481,66.7768280567053,0.138006701929665,"m"
6567,-0.59708956419039,66.7823972425261,0.13798940488671,"m"
6568,-0.597349163188078,66.7879611974788,0.137972120929,"m"
6569,-0.59760742259658,66.7935198867795,0.137954848693181,"m"
6570,-0.597864254601928,66.7990732756444,0.137937586815896,"m"
6571,-0.598119571390157,66.8046213292896,0.137920333933789,"m"
6572,-0.5983732851473,66.8101640129312,0.137903088683505,"m"
6573,-0.59862530805939,66.8157012917853,0.137885849701689,"m"
6574,-0.598875552312461,66.8212331310679,0.137868615624984,"m"
6575,-0.599123933483399,66.826759493524,0.137851385167927,"m"
6576,-0.599370445138684,66.8322802850577,0.137834158836563,"m"
6577,-0.599615158834396,66.837795354733,0.137816938928447,"m"
6578,-0.599858149517464,66.8433045491426,0.137799727819027,"m"
6579,-0.600099492134819,66.8488077148789,0.13778252788375,"m"
6580,-0.600339261633389,66.8543046985346,0.137765341498063,"m"
6581,-0.600577532960107,66.8597953467022,0.137748171037412,"m"
6582,-0.600814381061901,66.8652795059744,0.137731018877245,"m"
6583,-0.601049880885702,66.8707570229436,0.137713887393009,"m"
6584,-0.601284107378439,66.8762277442026,0.137696778960151,"m"
6585,-0.601517135487044,66.8816915163437,0.137679695954119,"m"
6586,-0.601749040158445,66.8871481859598,0.137662640750358,"m"
6587,-0.601979896339573,66.8925975996432,0.137645615724317,"m"
6588,-0.602209778977359,66.8980396039867,0.137628623251442,"m"
6589,-0.602438763018732,66.9034740455827,0.13761166570718,"m"
6590,-0.602666923410622,66.908900771024,0.137594745466979,"m"
6591,-0.602894335099959,66.9143196269029,0.137577864906285,"m"
6592,-0.603121073033674,66.9197304598122,0.137561026400546,"m"
6593,-0.603347212158696,66.9251331163444,0.137544232325208,"m"
6594,-0.603572827421956,66.930527443092,0.137527485055719,"m"
6595,-0.603797993770384,66.9359132866478,0.137510786967526,"m"
6596,-0.604022786150909,66.9412904936042,0.137494140436076,"m"
6597,-0.604247279510463,66.9466589105538,0.137477547836815,"m"
6598,-0.604471548795974,66.9520183840892,0.137461011545192,"m"
6599,-0.604695668954373,66.957368760803,0.137444533936652,"m"
6600,-0.604919714932591,66.9627098872878,0.137428117386644,"m"
6601,-0.605143761677556,66.9680416101361,0.137411764270614,"m"
6602,-0.6053678841362,66.9733637759406,0.137395476964009,"m"
6603,-0.605592157255452,66.9786762312938,0.137379257842276,"m"
6604,-0.605816655982243,66.9839788227882,0.137363109280862,"m"
6605,-0.606041455170075,66.9892713974355,0.137347033649982,"m"
6606,-0.606266605238792,66.9945539118143,0.137331031951028,"m"
6607,-0.606492099624132,66.9998265780351,0.137315101993045,"m"
6608,-0.606717923653682,67.0050896445678,0.13729924113084,"m"
6609,-0.606944062655031,67.0103433598823,0.137283446719223,"m"
6610,-0.607170501955765,67.0155879724482,0.137267716113003,"m"
6611,-0.607397226883474,67.0208237307353,0.137252046666988,"m"
6612,-0.607624222765744,67.0260508832135,0.137236435735988,"m"
6613,-0.607851474930163,67.0312696783525,0.13722088067481,"m"
6614,-0.60807896870432,67.0364803646221,0.137205378838265,"m"
6615,-0.608306689415802,67.0416831904921,0.137189927581161,"m"
6616,-0.608534622392197,67.0468784044323,0.137174524258307,"m"
6617,-0.608762752961092,67.0520662549125,0.137159166224513,"m"
6618,-0.608991066450076,67.0572469904023,0.137143850834585,"m"
6619,-0.609219548186736,67.0624208593718,0.137128575443335,"m"
6620,-0.609448183498661,67.0675881102905,0.137113337405571,"m"
6621,-0.609676957713437,67.0727489916284,0.137098134076101,"m"
6622,-0.609905856158653,67.0779037518551,0.137082962809734,"m"
6623,-0.610134864161897,67.0830526394405,0.13706782096128,"m"
6624,-0.610363967050756,67.0881959028544,0.137052705885547,"m"
6625,-0.610593150152819,67.0933337905664,0.137037614937345,"m"
6626,-0.610822398795672,67.0984665510466,0.137022545471482,"m"
6627,-0.611051698306904,67.1035944327645,0.137007494842767,"m"
6628,-0.611281034014103,67.1087176841901,0.136992460406008,"m"
6629,-0.611510391244856,67.113836553793,0.136977439516016,"m"
6630,-0.611739755326752,67.1189512900431,0.136962429527599,"m"
6631,-0.611969111587378,67.1240621414101,0.136947427795565,"m"
6632,-0.612198445354321,67.1291693563639,0.136932431674724,"m"
6633,-0.61242774195517,67.1342731833742,0.136917438519884,"m"
6634,-0.612656986717513,67.1393738709108,0.136902445685855,"m"
6635,-0.612886164968937,67.1444716674435,0.136887450527445,"m"
6636,-0.613115262785106,67.1495668147653,0.136872450490528,"m"
6637,-0.613344283187678,67.1546594034217,0.136857445083832,"m"
6638,-0.613573246001238,67.1597493739879,0.136842435861526,"m"
6639,-0.613802171769835,67.1648366606176,0.13682742446536,"m"
6640,-0.614031081037515,67.1699211974642,0.136812412537083,"m"
6641,-0.614259994348327,67.1750029186816,0.136797401718446,"m"
6642,-0.614488932246318,67.1800817584234,0.136782393651198,"m"
6643,-0.614717915275537,67.1851576508432,0.136767389977089,"m"
6644,-0.61494696398003,67.1902305300947,0.136752392337869,"m"
6645,-0.615176098903847,67.1953003303316,0.136737402375288,"m"
6646,-0.615405340591034,67.2003669857075,0.136722421731095,"m"
6647,-0.61563470958564,67.2054304303762,0.136707452047041,"m"
6648,-0.615864226431712,67.2104905984911,0.136692494964874,"m"
6649,-0.616093911673299,67.2155474242061,0.136677552126346,"m"
6650,-0.616323785854447,67.2206008416748,0.136662625173205,"m"
6651,-0.616553869519205,67.2256507850508,0.136647715747202,"m"
6652,-0.61678418321162,67.2306971884878,0.136632825490086,"m"
6653,-0.617014747475741,67.2357399861394,0.136617956043607,"m"
6654,-0.617245582855615,67.2407791121594,0.136603109049515,"m"
6655,-0.617476709895291,67.2458145007014,0.13658828614956,"m"
6656,-0.617708149138815,67.2508460859191,0.136573488985492,"m"
6657,-0.617939921130235,67.255873801966,0.13655871919906,"m"
6658,-0.6181720464136,67.2608975829959,0.136543978432014,"m"
6659,-0.618404545532957,67.2659173631625,0.136529268326104,"m"
6660,-0.618637439032355,67.2709330766193,0.13651459052308,"m"
6661,-0.61887074745584,67.2759446575201,0.136499946664691,"m"
6662,-0.619104491347461,67.2809520400186,0.136485338392688,"m"
6663,-0.619338691251265,67.2859551582683,0.13647076734882,"m"
6664,-0.619573367711301,67.290953946423,0.136456235174837,"m"
6665,-0.619808541271615,67.2959483386362,0.136441743512489,"m"
6666,-0.62004423236006,67.3009382688594,0.13642729400117,"m"
6667,-0.620280432350963,67.3059236204503,0.136412887691265,"m"
6668,-0.620517065478378,67.3109041598489,0.136398524272008,"m"
6669,-0.620754046521375,67.3158796370305,0.136384203240948,"m"
6670,-0.620991290259024,67.3208498019704,0.136369924095638,"m"
6671,-0.621228711470394,67.3258144046438,0.136355686333627,"m"
6672,-0.621466224934558,67.3307731950261,0.136341489452466,"m"
6673,-0.621703745430583,67.3357259230925,0.136327332949705,"m"
6674,-0.621941187737542,67.3406723388183,0.136313216322895,"m"
6675,-0.622178466634503,67.3456121921787,0.136299139069587,"m"
6676,-0.622415496900537,67.350545233149,0.136285100687331,"m"
6677,-0.622652193314715,67.3554712117045,0.136271100673678,"m"
6678,-0.622888470656106,67.3603898778204,0.136257138526178,"m"
6679,-0.623124243703781,67.3653009814721,0.136243213742382,"m"
6680,-0.623359427236809,67.3702042726347,0.136229325819841,"m"
6681,-0.623593936034262,67.3750995012836,0.136215474256104,"m"
6682,-0.623827684875209,67.379986417394,0.136201658548723,"m"
6683,-0.62406058853872,67.3848647709412,0.136187878195248,"m"
6684,-0.624292561803866,67.3897343119005,0.13617413269323,"m"
6685,-0.624523519449716,67.3945947902471,0.136160421540219,"m"
6686,-0.624753376255342,67.3994459559563,0.136146744233766,"m"
6687,-0.624982046999812,67.4042875590033,0.136133100271421,"m"
6688,-0.625209446462198,67.4091193493636,0.136119489150735,"m"
6689,-0.625435489421569,67.4139410770122,0.136105910369258,"m"
6690,-0.625660090656996,67.4187524919245,0.136092363424542,"m"
6691,-0.625883164947549,67.4235533440757,0.136078847814136,"m"
6692,-0.626104627072298,67.4283433834412,0.136065363035591,"m"
6693,-0.626324391810313,67.4331223599961,0.136051908586458,"m"
6694,-0.626542373940665,67.4378900237159,0.136038483964287,"m"
6695,-0.626758488242423,67.4426461245756,0.13602508866663,"m"
6696,-0.626972649494658,67.4473904125506,0.136011722191035,"m"
6697,-0.627184791812105,67.4521227148719,0.13599838400428,"m"
6698,-0.627394963360152,67.4568433144598,0.135985073391622,"m"
6699,-0.627603253975794,67.4615526607336,0.135971789571991,"m"
6700,-0.627809753557591,67.4662512033588,0.135958531764223,"m"
6701,-0.628014552004103,67.4709393920005,0.135945299187151,"m"
6702,-0.628217739213892,67.4756176763242,0.135932091059611,"m"
6703,-0.628419405085518,67.4802865059951,0.135918906600437,"m"
6704,-0.628619639517543,67.4849463306785,0.135905745028463,"m"
6705,-0.628818532408527,67.4895976000399,0.135892605562523,"m"
6706,-0.629016173657031,67.4942407637444,0.135879487421452,"m"
6707,-0.629212653161616,67.4988762714575,0.135866389824085,"m"
6708,-0.629408060820842,67.5035045728444,0.135853311989255,"m"
6709,-0.629602486533271,67.5081261175706,0.135840253135797,"m"
6710,-0.629796020197464,67.5127413553012,0.135827212482546,"m"
6711,-0.629988751711981,67.5173507357016,0.135814189248335,"m"
6712,-0.630180770975383,67.5219547084371,0.135801182652,"m"
6713,-0.630372167886231,67.5265537231731,0.135788191912375,"m"
6714,-0.630563032343086,67.5311482295749,0.135775216248293,"m"
6715,-0.630753454244509,67.5357386773078,0.13576225487859,"m"
6716,-0.630943523489061,67.5403255160371,0.1357493070221,"m"
6717,-0.631133329975301,67.5449091954281,0.135736371897657,"m"
6718,-0.631322963601793,67.5494901651463,0.135723448724096,"m"
6719,-0.631512514267095,67.5540688748567,0.135710536720251,"m"
6720,-0.63170207186977,67.5586457742249,0.135697635104956,"m"
6721,-0.631891726308377,67.5632213129162,0.135684743097046,"m"
6722,-0.632081567481478,67.5677959405957,0.135671859915356,"m"
6723,-0.632271685287634,67.572370106929,0.135658984778719,"m"
6724,-0.632462169625405,67.5769442615812,0.13564611690597,"m"
6725,-0.632653110393353,67.5815188542177,0.135633255515943,"m"
6726,-0.632844597490038,67.5860943345039,0.135620399827473,"m"
6727,-0.633036720671025,67.5906711512493,0.135607549062183,"m"
6728,-0.633229535478998,67.5952495485215,0.135594703108947,"m"
6729,-0.633423019113907,67.5998293015573,0.13558186338455,"m"
6730,-0.63361713785686,67.6044101202514,0.135569031518724,"m"
6731,-0.633811857988963,67.6089917144985,0.135556209141203,"m"
6732,-0.634007145791323,67.613573794193,0.135543397881721,"m"
6733,-0.634202967545048,67.6181560692298,0.135530599370011,"m"
6734,-0.634399289531244,67.6227382495034,0.135517815235808,"m"
6735,-0.634596078031017,67.6273200449084,0.135505047108844,"m"
6736,-0.634793299325476,67.6319011653395,0.135492296618853,"m"
6737,-0.634990919695727,67.6364813206913,0.135479565395569,"m"
6738,-0.635188905422877,67.6410602208584,0.135466855068725,"m"
6739,-0.635387222788032,67.6456375757356,0.135454167268055,"m"
6740,-0.6355858380723,67.6502130952173,0.135441503623292,"m"
6741,-0.635784717556788,67.6547864891983,0.13542886576417,"m"
6742,-0.635983827522602,67.6593574675732,0.135416255320422,"m"
6743,-0.63618313425085,67.6639257402365,0.135403673921783,"m"
6744,-0.636382604022638,67.668491017083,0.135391123197985,"m"
6745,-0.636582203119074,67.6730530080073,0.135378604778762,"m"
6746,-0.636781897821264,67.677611422904,0.135366120293848,"m"
6747,-0.636981654410315,67.6821659716678,0.135353671372976,"m"
6748,-0.637181439167334,67.6867163641932,0.135341259645881,"m"
6749,-0.637381218373429,67.6912623103749,0.135328886742294,"m"
6750,-0.637580958309705,67.6958035201075,0.13531655429195,"m"
6751,-0.63778062525727,67.7003397032857,0.135304263924583,"m"
6752,-0.637980185497232,67.7048705698042,0.135292017269926,"m"
6753,-0.638179605310696,67.7093958295575,0.135279815957713,"m"
6754,-0.638378850978769,67.7139151924402,0.135267661617676,"m"
6755,-0.638577888782559,67.718428368347,0.135255555879551,"m"
6756,-0.638776685003173,67.7229350671726,0.13524350037307,"m"
6757,-0.638975205921718,67.7274349988115,0.135231496727966,"m"
6758,-0.639173424741231,67.7319278978354,0.135219546109,"m"
6759,-0.639371355086405,67.7364136429204,0.135207646965637,"m"
6760,-0.639569025212839,67.7408921649024,0.135195796764526,"m"
6761,-0.639766463396311,67.7453633946893,0.135183992970961,"m"
6762,-0.639963697912597,67.7498272631888,0.135172233050235,"m"
6763,-0.640160757037476,67.7542837013088,0.13516051446764,"m"
6764,-0.640357669046726,67.7587326399571,0.135148834688469,"m"
6765,-0.640554462216124,67.7631740100416,0.135137191178016,"m"
6766,-0.640751164821449,67.76760774247,0.135125581401574,"m"
6767,-0.640947805138478,67.7720337681503,0.135114002824435,"m"
6768,-0.641144411442989,67.7764520179901,0.135102452911893,"m"
6769,-0.64134101201076,67.7808624228975,0.13509092912924,"m"
6770,-0.641537635117569,67.7852649137801,0.13507942894177,"m"
6771,-0.641734309039194,67.7896594215458,0.135067949814775,"m"
6772,-0.641931062051412,67.7940458771025,0.135056489213549,"m"
6773,-0.642127922430002,67.798424211358,0.135045044603384,"m"
6774,-0.642324918450741,67.80279435522,0.135033613449575,"m"
6775,-0.642522078389407,67.8071562395965,0.135022193217412,"m"
6776,-0.642719430521778,67.8115097953953,0.13501078137219,"m"
6777,-0.642917003123633,67.8158549535241,0.134999375379202,"m"
6778,-0.643114824470747,67.8201916448908,0.13498797270374,"m"
6779,-0.643312922838901,67.8245198004033,0.134976570811098,"m"
6780,-0.643511326503871,67.8288393509693,0.134965167166569,"m"
6781,-0.643710063741435,67.8331502274968,0.134953759235445,"m"
6782,-0.643909162827371,67.8374523608934,0.13494234448302,"m"
6783,-0.644108652037457,67.8417456820671,0.134930920374586,"m"
6784,-0.644308559647471,67.8460301219257,0.134919484375437,"m"
6785,-0.644508913933191,67.850305611377,0.134908033950865,"m"
6786,-0.644709743170395,67.8545720813288,0.134896566566165,"m"
6787,-0.64491107563486,67.858829462689,0.134885079686627,"m"
6788,-0.645112936062742,67.8630776960345,0.134873570935825,"m"
6789,-0.645315286632656,67.8673168928297,0.134862040734663,"m"
6790,-0.645518035933083,67.8715473109302,0.134850491900393,"m"
6791,-0.645721090819834,67.8757692129248,0.134838927327744,"m"
6792,-0.645924358148721,67.8799828614021,0.134827349911445,"m"
6793,-0.646127744775555,67.8841885189509,0.134815762546227,"m"
6794,-0.646331157556149,67.8883864481601,0.134804168126818,"m"
6795,-0.646534503346314,67.8925769116182,0.134792569547949,"m"
6796,-0.646737689001862,67.8967601719141,0.134780969704348,"m"
6797,-0.646940621378604,67.9009364916364,0.134769371490745,"m"
6798,-0.647143207332352,67.905106133374,0.134757777801871,"m"
6799,-0.647345353718917,67.9092693597156,0.134746191532454,"m"
6800,-0.647546967394112,67.9134264332499,0.134734615577223,"m"
6801,-0.647747955213748,67.9175776165656,0.134723052830909,"m"
6802,-0.647948224033636,67.9217231722515,0.134711506188241,"m"
6803,-0.648147680709589,67.9258633628963,0.134699978543949,"m"
6804,-0.648346232097417,67.9299984510888,0.134688472792762,"m"
6805,-0.648543785052933,67.9341286994177,0.134676991829409,"m"
6806,-0.648740246431948,67.9382543704717,0.13466553854862,"m"
6807,-0.648935523090275,67.9423757268396,0.134654115845125,"m"
6808,-0.649129521883723,67.9464930311102,0.134642726613654,"m"
6809,-0.649322149668106,67.9506065458721,0.134631373748934,"m"
6810,-0.649513313299234,67.9547165337141,0.134620060145698,"m"
6811,-0.64970291963292,67.958823257225,0.134608788698673,"m"
6812,-0.649890875524976,67.9629269789934,0.134597562302589,"m"
6813,-0.650077087831212,67.9670279616082,0.134586383852176,"m"
6814,-0.65026146340744,67.971126467658,0.134575256242164,"m"
6815,-0.650443909109473,67.9752227597317,0.134564182367281,"m"
6816,-0.650624331793121,67.9793171004179,0.134553165122259,"m"
6817,-0.650802638314197,67.9834097523053,0.134542207401825,"m"
6818,-0.650978735528511,67.9875009779828,0.134531312100709,"m"
6819,-0.651152559472875,67.9915909986157,0.13452048151735,"m"
6820,-0.651324214894209,67.9956797958803,0.134509714502715,"m"
6821,-0.651493867032715,67.9997672655806,0.134499008671639,"m"
6822,-0.651661681206336,68.0038533034104,0.134488361637367,"m"
6823,-0.651827822733013,68.0079378050634,0.134477771013142,"m"
6824,-0.65199245693069,68.0120206662335,0.134467234412211,"m"
6825,-0.65215574911731,68.0161017826143,0.134456749447819,"m"
6826,-0.652317864610815,68.0201810498997,0.134446313733209,"m"
6827,-0.652478968729147,68.0242583637834,0.134435924881626,"m"
6828,-0.65263922679025,68.0283336199592,0.134425580506317,"m"
6829,-0.652798804112067,68.0324067141207,0.134415278220525,"m"
6830,-0.65295786601254,68.0364775419619,0.134405015637495,"m"
6831,-0.653116577809611,68.0405459991763,0.134394790370473,"m"
6832,-0.653275104821223,68.0446119814579,0.134384600032703,"m"
6833,-0.65343361236532,68.0486753845003,0.13437444223743,"m"
6834,-0.653592265759844,68.0527361039973,0.134364314597899,"m"
6835,-0.653751230322737,68.0567940356427,0.134354214727354,"m"
6836,-0.653910671371942,68.0608490751302,0.134344140239042,"m"
6837,-0.654070754225402,68.0649011181536,0.134334088746205,"m"
6838,-0.65423164420106,68.0689500604066,0.13432405786209,"m"
6839,-0.654393506616858,68.072995797583,0.134314045199942,"m"
6840,-0.654556506790739,68.0770382253766,0.134304048373004,"m"
6841,-0.654720810040646,68.0810772394811,0.134294064994523,"m"
6842,-0.654886581684521,68.0851127355903,0.134284092677742,"m"
6843,-0.655053987040307,68.089144609398,0.134274129035907,"m"
6844,-0.655223191425948,68.0931727565978,0.134264171682263,"m"
6845,-0.655394360159384,68.0971970728836,0.134254218230054,"m"
6846,-0.65556765855856,68.1012174539491,0.134244266292525,"m"
6847,-0.655743251941418,68.105233795488,0.134234313482922,"m"
6848,-0.6559213056259,68.1092459931942,0.134224357414488,"m"
6849,-0.656101975478614,68.1132539411144,0.13421439580356,"m"
6850,-0.656285252596584,68.1172575045821,0.134204428163696,"m"
6851,-0.656470988121867,68.1212565245421,0.134194455535012,"m"
6852,-0.656659028749598,68.125250841164,0.13418447900613,"m"
6853,-0.656849221174912,68.1292402946176,0.134174499665669,"m"
6854,-0.657041412092941,68.1332247250727,0.134164518602253,"m"
6855,-0.657235448198819,68.1372039726988,0.134154536904501,"m"
6856,-0.657431176187682,68.141177877666,0.134144555661035,"m"
6857,-0.657628442754661,68.1451462801437,0.134134575960476,"m"
6858,-0.657827094594893,68.1491090203018,0.134124598891446,"m"
6859,-0.65802697840351,68.15306593831,0.134114625542565,"m"
6860,-0.658227940875646,68.1570168743381,0.134104657002455,"m"
6861,-0.658429828706435,68.1609616685557,0.134094694359737,"m"
6862,-0.658632488591012,68.1649001611327,0.134084738703031,"m"
6863,-0.65883576722451,68.1688321922387,0.13407479112096,"m"
6864,-0.659039511302062,68.1727576020435,0.134064852702144,"m"
6865,-0.659243567518804,68.1766762307169,0.134054924535204,"m"
6866,-0.659447782569869,68.1805879184284,0.134045007708762,"m"
6867,-0.65965200315039,68.184492505348,0.134035103311439,"m"
6868,-0.659856075955502,68.1883898316453,0.134025212431856,"m"
6869,-0.660059847680339,68.1922797374901,0.134015336158634,"m"
6870,-0.660263165020034,68.1961620630521,0.134005475580395,"m"
6871,-0.660465874669722,68.2000366485011,0.133995631785758,"m"
6872,-0.660667823324537,68.2039033340067,0.133985805863347,"m"
6873,-0.660868857679612,68.2077619597387,0.133975998901781,"m"
6874,-0.661068824430081,68.2116123658668,0.133966211989683,"m"
6875,-0.661267570271078,68.2154543925609,0.133956446215672,"m"
6876,-0.661464941897737,68.2192878799905,0.133946702668371,"m"
6877,-0.661660786005193,68.2231126683256,0.1339369824364,"m"
6878,-0.661854949288578,68.2269285977357,0.133927286608381,"m"
6879,-0.662047278843305,68.2307355095567,0.133917616267139,"m"
6880,-0.662237671796799,68.2345333908745,0.133907971771123,"m"
6881,-0.662426123317866,68.2383225143829,0.133898352059311,"m"
6882,-0.662612639962274,68.2421031859477,0.133888755905817,"m"
6883,-0.662797228285787,68.2458757114344,0.133879182084756,"m"
6884,-0.662979894844171,68.2496403967087,0.133869629370243,"m"
6885,-0.663160646193191,68.2533975476362,0.13386009653639,"m"
6886,-0.663339488888613,68.2571474700825,0.133850582357314,"m"
6887,-0.663516429486203,68.2608904699134,0.133841085607128,"m"
6888,-0.663691474541726,68.2646268529943,0.133831605059947,"m"
6889,-0.663864630610948,68.2683569251911,0.133822139489885,"m"
6890,-0.664035904249634,68.2720809923692,0.133812687671057,"m"
6891,-0.66420530201355,68.2757993603944,0.133803248377577,"m"
6892,-0.664372830458461,68.2795123351322,0.133793820383559,"m"
6893,-0.664538496140133,68.2832202224484,0.133784402463119,"m"
6894,-0.664702305614332,68.2869233282085,0.133774993390369,"m"
6895,-0.664864265436823,68.2906219582783,0.133765591939426,"m"
6896,-0.665024382163371,68.2943164185232,0.133756196884402,"m"
6897,-0.665182662349743,68.2980070148091,0.133746806999414,"m"
6898,-0.665339112551703,68.3016940530014,0.133737421058574,"m"
6899,-0.665493739325017,68.3053778389659,0.133728037835998,"m"
6900,-0.665646549225452,68.3090586785681,0.1337186561058,"m"
6901,-0.665797548808772,68.3127368776738,0.133709274642094,"m"
6902,-0.665946744630743,68.3164127421485,0.133699892218995,"m"
6903,-0.66609414324713,68.320086577858,0.133690507610617,"m"
6904,-0.666239751213699,68.3237586906677,0.133681119591075,"m"
6905,-0.666383575086217,68.3274293864435,0.133671726934482,"m"
6906,-0.666525621420447,68.3310989710508,0.133662328414955,"m"
6907,-0.666665896772156,68.3347677503554,0.133652922806606,"m"
6908,-0.666804407697109,68.3384360302229,0.13364350888355,"m"
6909,-0.666941160751073,68.3421041165189,0.133634085419902,"m"
6910,-0.667076166888967,68.3457722993075,0.13362465129946,"m"
6911,-0.667209512722097,68.3494405969002,0.133615207292359,"m"
6912,-0.667341348579706,68.3531087987374,0.13360575575741,"m"
6913,-0.6674718267804,68.356776687114,0.133596299103023,"m"
6914,-0.667601099642789,68.360444044325,0.133586839737612,"m"
6915,-0.667729319485481,68.3641106526652,0.133577380069587,"m"
6916,-0.667856638627083,68.3677762944295,0.133567922507359,"m"
6917,-0.667983209386205,68.3714407519129,0.133558469459341,"m"
6918,-0.668109184081455,68.3751038074102,0.133549023333943,"m"
6919,-0.66823471503144,68.3787652432163,0.133539586539578,"m"
6920,-0.66835995455477,68.3824248416261,0.133530161484656,"m"
6921,-0.668485054970053,68.3860823849346,0.13352075057759,"m"
6922,-0.668610168595897,68.3897376554366,0.133511356226791,"m"
6923,-0.668735447750911,68.3933904354269,0.133501980840669,"m"
6924,-0.668861044753702,68.3970405072006,0.133492626827638,"m"
6925,-0.66898711192288,68.4006876530525,0.133483296596108,"m"
6926,-0.669113801577052,68.4043316552775,0.133473992554491,"m"
6927,-0.669241266034827,68.4079722961704,0.133464717111198,"m"
6928,-0.669369657614813,68.4116093580263,0.133455472674641,"m"
6929,-0.669499128635618,68.4152426231399,0.133446261653232,"m"
6930,-0.669629831415852,68.4188718738063,0.133437086455381,"m"
6931,-0.669761918274122,68.4224968923202,0.133427949489501,"m"
6932,-0.669895541529036,68.4261174609766,0.133418853164002,"m"
6933,-0.670030853499204,68.4297333620703,0.133409799887298,"m"
6934,-0.670168006503232,68.4333443778964,0.133400792067798,"m"
6935,-0.670307152859731,68.4369502907496,0.133391832113914,"m"
6936,-0.670448444887307,68.4405508829248,0.133382922434059,"m"
6937,-0.670592034904569,68.444145936717,0.133374065436643,"m"
6938,-0.670738075230127,68.4477352344211,0.133365263530078,"m"
6939,-0.670886718182587,68.4513185583319,0.133356519122776,"m"
6940,-0.671038115162565,68.454895691325,0.133347834608158,"m"
6941,-0.671192306493477,68.4584664865308,0.133339210565948,"m"
6942,-0.671349116770292,68.4620309335253,0.133330644053392,"m"
6943,-0.67150834580216,68.4655890375613,0.133322131723028,"m"
6944,-0.67166979339823,68.4691408038913,0.133313670227394,"m"
6945,-0.671833259367649,68.4726862377682,0.133305256219027,"m"
6946,-0.671998543519568,68.4762253444447,0.133296886350465,"m"
6947,-0.672165445663134,68.4797581291734,0.133288557274246,"m"
6948,-0.672333765607497,68.483284597207,0.133280265642906,"m"
6949,-0.672503303161806,68.4868047537984,0.133272008108983,"m"
6950,-0.672673858135209,68.4903186042001,0.133263781325015,"m"
6951,-0.672845230336856,68.4938261536649,0.13325558194354,"m"
6952,-0.673017219575894,68.4973274074456,0.133247406617095,"m"
6953,-0.673189625661474,68.5008223707947,0.133239251998217,"m"
6954,-0.673362248402743,68.504311048965,0.133231114739444,"m"
6955,-0.67353488760885,68.5077934472093,0.133222991493314,"m"
6956,-0.673707343088946,68.5112695707803,0.133214878912364,"m"
6957,-0.673879414652177,68.5147394249306,0.133206773649132,"m"
6958,-0.674050902107694,68.5182030149129,0.133198672356155,"m"
6959,-0.674221605264644,68.52166034598,0.133190571685971,"m"
6960,-0.674391323932178,68.5251114233846,0.133182468291117,"m"
6961,-0.674559857919443,68.5285562523794,0.13317435882413,"m"
6962,-0.674727007035588,68.5319948382171,0.13316623993755,"m"
6963,-0.674892571089763,68.5354271861504,0.133158108283912,"m"
6964,-0.675056349891116,68.538853301432,0.133149960515754,"m"
6965,-0.675218143248796,68.5422731893147,0.133141793285615,"m"
6966,-0.675377750971952,68.5456868550511,0.133133603246031,"m"
6967,-0.675534972869732,68.5490943038939,0.13312538704954,"m"
6968,-0.675689608751286,68.5524955410959,0.133117141348679,"m"
6969,-0.675841458425763,68.5558905719097,0.133108862795987,"m"
6970,-0.67599032170231,68.5592794015882,0.133100548044,"m"
6971,-0.67613605363517,68.5626620586664,0.133092194609066,"m"
6972,-0.67627877857598,68.5660386851721,0.133083804218254,"m"
6973,-0.67641870281003,68.5694094576633,0.133075379879741,"m"
6974,-0.676556032641864,68.5727745527058,0.133066924602009,"m"
6975,-0.67669097437603,68.5761341468658,0.133058441393537,"m"
6976,-0.676823734317072,68.5794884167091,0.133049933262806,"m"
6977,-0.676954518769536,68.5828375388018,0.133041403218295,"m"
6978,-0.677083534037969,68.5861816897098,0.133032854268485,"m"
6979,-0.677210986426916,68.5895210459991,0.133024289421856,"m"
6980,-0.677337082240923,68.5928557842358,0.133015711686887,"m"
6981,-0.677462027784535,68.5961860809858,0.133007124072059,"m"
6982,-0.677586029362299,68.5995121128151,0.132998529585853,"m"
6983,-0.677709293278759,68.6028340562897,0.132989931236747,"m"
6984,-0.677832025838463,68.6061520879755,0.132981332033223,"m"
6985,-0.677954433345956,68.6094663844386,0.13297273498376,"m"
6986,-0.678076722105783,68.612777122245,0.132964143096838,"m"
6987,-0.678199098422491,68.6160844779605,0.132955559380938,"m"
6988,-0.678321768600625,68.6193886281513,0.132946986844539,"m"
6989,-0.678444938944731,68.6226897493833,0.132938428496122,"m"
6990,-0.678568815759354,68.6259880182225,0.132929887344167,"m"
6991,-0.678693605349041,68.6292836112349,0.132921366397154,"m"
6992,-0.678819514018338,68.6325767049864,0.132912868663562,"m"
6993,-0.678946748071789,68.6358674760431,0.132904397151873,"m"
6994,-0.679075513813942,68.6391561009709,0.132895954870566,"m"
6995,-0.679206017549341,68.6424427563359,0.132887544828121,"m"
6996,-0.679338465582533,68.645727618704,0.132879170033019,"m"
6997,-0.679473064218063,68.6490108646411,0.132870833493738,"m"
6998,-0.679610019760477,68.6522926707134,0.132862538218761,"m"
6999,-0.679749538514321,68.6555732134867,0.132854287216566,"m"
7000,-0.679891826784141,68.6588526695271,0.132846083495634,"m"
7001,-0.680037089811732,68.6621312147322,0.132837930052015,"m"
7002,-0.680185408295831,68.6654089466655,0.132829828425177,"m"
7003,-0.680336623202121,68.6686858121059,0.132821777350811,"m"
7004,-0.680490548249932,68.6719617406951,0.132813775245947,"m"
7005,-0.680646997158594,68.6752366620746,0.132805820527619,"m"
7006,-0.680805783647435,68.6785105058862,0.132797911612858,"m"
7007,-0.680966721435786,68.6817832017714,0.132790046918697,"m"
7008,-0.681129624242977,68.685054679372,0.132782224862168,"m"
7009,-0.681294305788336,68.6883248683296,0.132774443860303,"m"
7010,-0.681460579791195,68.6915936982858,0.132766702330134,"m"
7011,-0.681628259970882,68.6948610988822,0.132758998688694,"m"
7012,-0.681797160046727,68.6981269997606,0.132751331353014,"m"
7013,-0.68196709373806,68.7013913305625,0.132743698740127,"m"
7014,-0.682137874764211,68.7046540209296,0.132736099267065,"m"
7015,-0.682309316844509,68.7079150005036,0.13272853135086,"m"
7016,-0.682481233698284,68.7111741989261,0.132720993408545,"m"
7017,-0.682653439044865,68.7144315458387,0.132713483857151,"m"
7018,-0.682825746603583,68.7176869708832,0.132706001113711,"m"
7019,-0.682997970093767,68.7209404037011,0.132698543595257,"m"
7020,-0.683169923234746,68.724191773934,0.132691109718821,"m"
7021,-0.683341419745851,68.7274410112237,0.132683697901436,"m"
7022,-0.683512273346412,68.7306880452118,0.132676306560133,"m"
7023,-0.683682297755756,68.7339328055399,0.132668934111944,"m"
7024,-0.683851306693216,68.7371752218497,0.132661578973903,"m"
7025,-0.684019113878119,68.7404152237828,0.132654239563041,"m"
7026,-0.684185533029797,68.7436527409809,0.13264691429639,"m"
7027,-0.684350377867578,68.7468877030856,0.132639601590983,"m"
7028,-0.684513462110792,68.7501200397385,0.132632299863851,"m"
7029,-0.684674599478769,68.7533496805814,0.132625007532027,"m"
7030,-0.684833603690839,68.7565765552558,0.132617723012543,"m"
7031,-0.684990288466331,68.7598005934034,0.132610444722432,"m"
7032,-0.685144506372466,68.763021709039,0.132603171251457,"m"
7033,-0.685296297493795,68.7662397407468,0.13259590202315,"m"
7034,-0.685445758419845,68.7694545043816,0.132588636712286,"m"
7035,-0.685592985751654,68.7726658157935,0.13258137499369,"m"
7036,-0.685738076090261,68.7758734908324,0.132574116542187,"m"
7037,-0.685881126036704,68.7790773453486,0.132566861032603,"m"
7038,-0.68602223219202,68.782277195192,0.132559608139762,"m"
7039,-0.686161491157249,68.7854728562128,0.13255235753849,"m"
7040,-0.686298999533427,68.7886641442609,0.132545108903612,"m"
7041,-0.686434853921592,68.7918508751866,0.132537861909953,"m"
7042,-0.686569150922784,68.7950328648398,0.132530616232338,"m"
7043,-0.68670198713804,68.7982099290706,0.132523371545592,"m"
7044,-0.686833459168398,68.8013818837291,0.132516127524542,"m"
7045,-0.686963663614896,68.8045485446654,0.132508883844011,"m"
7046,-0.687092697078573,68.8077097277296,0.132501640178826,"m"
7047,-0.687220656160466,68.8108652487716,0.13249439620381,"m"
7048,-0.687347637461613,68.8140149236417,0.13248715159379,"m"
7049,-0.687473737583053,68.8171585681899,0.132479906023591,"m"
7050,-0.687599053125823,68.8202959982661,0.132472659168037,"m"
7051,-0.687723680690962,68.8234270297206,0.132465410701955,"m"
7052,-0.687847716879508,68.8265514784034,0.132458160300169,"m"
7053,-0.687971258292499,68.8296691601645,0.132450907637504,"m"
7054,-0.688094401530972,68.8327798908541,0.132443652388786,"m"
7055,-0.688217243195967,68.8358834863222,0.132436394228839,"m"
7056,-0.68833987988852,68.8389797624189,0.13242913283249,"m"
7057,-0.688462408209671,68.8420685349942,0.132421867874563,"m"
7058,-0.688584924760456,68.8451496198982,0.132414599029883,"m"
7059,-0.688707526141915,68.8482228329811,0.132407325973276,"m"
7060,-0.688830308955086,68.8512879900928,0.132400048379566,"m"
7061,-0.688953369801005,68.8543449070835,0.132392765923579,"m"
7062,-0.689076801586139,68.8573934208031,0.132385478343694,"m"
7063,-0.689200646430755,68.8604336567694,0.132378186251891,"m"
7064,-0.689324909538605,68.8634659503331,0.132370890895176,"m"
7065,-0.689449595281574,68.8664906415733,0.132363593534864,"m"
7066,-0.689574708031547,68.8695080705689,0.132356295432271,"m"
7067,-0.689700252160408,68.8725185773988,0.132348997848711,"m"
7068,-0.689826232040043,68.8755225021422,0.1323417020455,"m"
7069,-0.689952652042335,68.8785201848779,0.132334409283951,"m"
7070,-0.69007951653917,68.881511965685,0.132327120825381,"m"
7071,-0.690206829902433,68.8844981846425,0.132319837931104,"m"
7072,-0.690334596504007,68.8874791818293,0.132312561862435,"m"
7073,-0.690462820715779,68.8904552973246,0.13230529388069,"m"
7074,-0.690591506909632,68.8934268712071,0.132298035247182,"m"
7075,-0.690720659457451,68.896394243556,0.132290787223228,"m"
7076,-0.690850282731122,68.8993577544502,0.132283551070142,"m"
7077,-0.690980381102528,68.9023177439688,0.132276328049238,"m"
7078,-0.691110958943555,68.9052745521906,0.132269119421833,"m"
7079,-0.691242020626087,68.9082285191949,0.132261926449241,"m"
7080,-0.691373570522009,68.9111799850603,0.132254750392777,"m"
7081,-0.691505613003206,68.9141292898662,0.132247592513756,"m"
7082,-0.691638152441563,68.9170767736912,0.132240454073492,"m"
7083,-0.691771193208964,68.9200227766146,0.132233336333302,"m"
7084,-0.691904739677294,68.9229676387153,0.1322262405545,"m"
7085,-0.692038796218437,68.9259117000722,0.132219167998401,"m"
7086,-0.692173367204279,68.9288553007644,0.132212119926319,"m"
7087,-0.692308457006705,68.9317987808709,0.13220509759957,"m"
7088,-0.692444069997598,68.9347424804706,0.13219810227947,"m"
7089,-0.692580210548844,68.9376867396426,0.132191135227332,"m"
7090,-0.692716883032327,68.9406318984658,0.132184197704472,"m"
7091,-0.692854091819933,68.9435782970192,0.132177290972204,"m"
7092,-0.692991841283546,68.9465262753819,0.132170416291845,"m"
7093,-0.693130122166537,68.9494760968435,0.132163574525569,"m"
7094,-0.693268860070308,68.9524276576541,0.132156764627733,"m"
7095,-0.693407961155327,68.9553807445246,0.132149984983326,"m"
7096,-0.693547331578658,68.9583351441469,0.132143233977238,"m"
7097,-0.693686877497365,68.9612906432127,0.132136509994356,"m"
7098,-0.693826505068512,68.9642470284138,0.132129811419572,"m"
7099,-0.693966120449164,68.9672040864419,0.132123136637772,"m"
7100,-0.694105629796384,68.9701616039889,0.132116484033848,"m"
7101,-0.694244939267237,68.9731193677464,0.132109851992687,"m"
7102,-0.694383955018786,68.9760771644063,0.132103238899178,"m"
7103,-0.694522583208096,68.9790347806604,0.132096643138212,"m"
7104,-0.694660729992231,68.9819920032003,0.132090063094676,"m"
7105,-0.694798301528255,68.984948618718,0.132083497153461,"m"
7106,-0.694935203973232,68.9879044139051,0.132076943699454,"m"
7107,-0.695071343484226,68.9908591754534,0.132070401117546,"m"
7108,-0.695206626218302,68.9938126900548,0.132063867792625,"m"
7109,-0.695340958332523,68.9967647444009,0.13205734210958,"m"
7110,-0.695474245983953,68.9997151251836,0.132050822453301,"m"
7111,-0.695606395329656,69.0026636190945,0.132044307208676,"m"
7112,-0.695737312526698,69.0056100128257,0.132037794760594,"m"
7113,-0.695866903732141,69.0085540930686,0.132031283493946,"m"
7114,-0.69599507510305,69.0114956465152,0.132024771793619,"m"
7115,-0.696121732796489,69.0144344598573,0.132018258044503,"m"
7116,-0.696246782969521,69.0173703197865,0.132011740631486,"m"
7117,-0.696370131779212,69.0203030129947,0.132005217939459,"m"
7118,-0.696491685382626,69.0232323261736,0.13199868835331,"m"
7119,-0.696611349936825,69.026158046015,0.131992150257928,"m"
7120,-0.696729031598875,69.0290799592107,0.131985602038202,"m"
7121,-0.696844636525839,69.0319978524525,0.131979042079022,"m"
7122,-0.696958070874782,69.0349115124321,0.131972468765275,"m"
7123,-0.697069250559062,69.0378207359544,0.131965880607373,"m"
7124,-0.697178223943478,69.0407254571192,0.131959277819781,"m"
7125,-0.697285134848407,69.0436257089727,0.131952661845054,"m"
7126,-0.697390129201587,69.0465215267455,0.131946034152859,"m"
7127,-0.697493352930754,69.0494129456682,0.131939396212862,"m"
7128,-0.697594951963644,69.0523000009713,0.13193274949473,"m"
7129,-0.697695072227995,69.0551827278855,0.13192609546813,"m"
7130,-0.697793859651542,69.0580611616412,0.131919435602728,"m"
7131,-0.697891460162022,69.0609353374691,0.13191277136819,"m"
7132,-0.697988019687173,69.0638052905998,0.131906104234183,"m"
7133,-0.698083684154729,69.0666710562639,0.131899435670375,"m"
7134,-0.698178599492429,69.0695326696918,0.131892767146431,"m"
7135,-0.698272911628009,69.0723901661143,0.131886100132018,"m"
7136,-0.698366766489205,69.0752435807618,0.131879436096802,"m"
7137,-0.698460310003754,69.078092948865,0.131872776510451,"m"
7138,-0.698553688099392,69.0809383056545,0.131866122842631,"m"
7139,-0.698647046703857,69.0837796863607,0.131859476563008,"m"
7140,-0.698740531744884,69.0866171262144,0.131852839141249,"m"
7141,-0.698834289150211,69.089450660446,0.131846212047021,"m"
7142,-0.698928464847573,69.0922803242862,0.13183959674999,"m"
7143,-0.699023204764708,69.0951061529656,0.131832994719823,"m"
7144,-0.699118654829352,69.0979281817146,0.131826407426186,"m"
7145,-0.699214960969242,69.100746445764,0.131819836338747,"m"
7146,-0.699312269112114,69.1035609803442,0.13181328292717,"m"
7147,-0.699410725185705,69.1063718206859,0.131806748661124,"m"
7148,-0.699510475117752,69.1091790020195,0.131800235010275,"m"
7149,-0.69961166483599,69.1119825595759,0.131793743444289,"m"
7150,-0.699714440268158,69.1147825285854,0.131787275432834,"m"
7151,-0.69981894734199,69.1175789442787,0.131780832445574,"m"
7152,-0.699925331985225,69.1203718418863,0.131774415952178,"m"
7153,-0.700033739060109,69.1231612569466,0.13176802740708,"m"
7154,-0.700144236839445,69.1259472471166,0.131761667169849,"m"
7155,-0.700256766966699,69.1287299066235,0.131755333789851,"m"
7156,-0.700371259211738,69.1315093331238,0.131749025646717,"m"
7157,-0.700487643344426,69.1342856242736,0.131742741120078,"m"
7158,-0.700605849134629,69.1370588777294,0.131736478589564,"m"
7159,-0.700725806352211,69.1398291911473,0.131730236434807,"m"
7160,-0.70084744476704,69.1425966621838,0.131724013035436,"m"
7161,-0.700970694148978,69.145361388495,0.131717806771083,"m"
7162,-0.701095484267893,69.1481234677374,0.131711616021378,"m"
7163,-0.70122174489365,69.1508829975672,0.131705439165951,"m"
7164,-0.701349405796113,69.1536400756408,0.131699274584434,"m"
7165,-0.701478396745148,69.1563947996144,0.131693120656458,"m"
7166,-0.70160864751062,69.1591472671443,0.131686975761652,"m"
7167,-0.701740087862395,69.1618975758869,0.131680838279648,"m"
7168,-0.701872647570338,69.1646458234985,0.131674706590076,"m"
7169,-0.702006256404314,69.1673921076354,0.131668579072566,"m"
7170,-0.702140844134189,69.1701365259538,0.131662454106751,"m"
7171,-0.702276340529828,69.1728791761101,0.131656330072259,"m"
7172,-0.702412675361097,69.1756201557606,0.131650205348723,"m"
7173,-0.70254977839786,69.1783595625616,0.131644078315772,"m"
7174,-0.702687579409983,69.1810974941694,0.131637947353037,"m"
7175,-0.702826008167331,69.1838340482403,0.131631810840149,"m"
7176,-0.70296499443977,69.1865693224307,0.131625667156739,"m"
7177,-0.703104467997165,69.1893034143967,0.131619514682437,"m"
7178,-0.703244358609381,69.1920364217948,0.131613351796874,"m"
7179,-0.703384596046284,69.1947684422813,0.131607176879681,"m"
7180,-0.703525110077738,69.1974995735124,0.131600988310488,"m"
7181,-0.70366583047361,69.2002299131444,0.131594784468925,"m"
7182,-0.703806687003765,69.2029595588338,0.131588563734625,"m"
7183,-0.703947609438067,69.2056886082367,0.131582324487217,"m"
7184,-0.704088528150183,69.208417153111,0.131576065255298,"m"
7185,-0.70422938160993,69.2111452061248,0.131569786564903,"m"
7186,-0.704370114071954,69.213872723435,0.131563490369269,"m"
7187,-0.704510669915999,69.2165996599766,0.131557178652495,"m"
7188,-0.704650993521807,69.2193259706844,0.13155085339868,"m"
7189,-0.704791029269123,69.2220516104935,0.131544516591925,"m"
7190,-0.704930721537688,69.2247765343387,0.131538170216327,"m"
7191,-0.705070014707246,69.2275006971551,0.131531816255987,"m"
7192,-0.705208853157539,69.2302240538774,0.131525456695003,"m"
7193,-0.705347181268313,69.2329465594408,0.131519093517476,"m"
7194,-0.705484943419308,69.23566816878,0.131512728707505,"m"
7195,-0.705622083990269,69.2383888368301,0.131506364249189,"m"
7196,-0.705758547360938,69.241108518526,0.131500002126628,"m"
7197,-0.705894277911058,69.2438271688026,0.13149364432392,"m"
7198,-0.706029220020374,69.2465447425948,0.131487292825166,"m"
7199,-0.706163318068627,69.2492611948376,0.131480949614465,"m"
7200,-0.706296516435561,69.2519764804659,0.131474616675916,"m"
7201,-0.706428759500919,69.2546905544147,0.131468295993619,"m"
7202,-0.706559991644444,69.2574033716189,0.131461989551672,"m"
7203,-0.706690157245879,69.2601148870134,0.131455699334176,"m"
7204,-0.706819200684968,69.2628250555332,0.13144942732523,"m"
7205,-0.706947066341453,69.2655338321132,0.131443175508932,"m"
7206,-0.707073698595077,69.2682411716883,0.131436945869384,"m"
7207,-0.707199041825584,69.2709470291935,0.131430740390683,"m"
7208,-0.707323040412717,69.2736513595637,0.13142456105693,"m"
7209,-0.707445638736218,69.2763541177339,0.131418409852224,"m"
7210,-0.707566781175832,69.2790552586389,0.131412288760664,"m"
7211,-0.7076864121113,69.2817547372137,0.131406199766349,"m"
7212,-0.707804475922367,69.2844525083933,0.131400144853379,"m"
7213,-0.707920916988775,69.2871485271126,0.131394126005854,"m"
7214,-0.708035680323002,69.2898427479587,0.131388145190082,"m"
7215,-0.708148755284636,69.292535101143,0.131382203125412,"m"
7216,-0.70826020391677,69.2952254769255,0.131376298487474,"m"
7217,-0.708370094999854,69.297913761863,0.131370429762452,"m"
7218,-0.708478497314339,69.3005998425124,0.131364595436531,"m"
7219,-0.708585479640675,69.3032836054306,0.131358793995899,"m"
7220,-0.708691110759312,69.3059649371742,0.131353023926739,"m"
7221,-0.708795459450703,69.3086437243003,0.131347283715239,"m"
7222,-0.708898594495296,69.3113198533655,0.131341571847582,"m"
7223,-0.709000584673544,69.3139932109268,0.131335886809956,"m"
7224,-0.709101498765896,69.3166636835409,0.131330227088545,"m"
7225,-0.709201405552803,69.3193311577647,0.131324591169536,"m"
7226,-0.709300373814717,69.321995520155,0.131318977539114,"m"
7227,-0.709398472332087,69.3246566572686,0.131313384683464,"m"
7228,-0.709495769885364,69.3273144556624,0.131307811088772,"m"
7229,-0.709592335254999,69.3299688018931,0.131302255241223,"m"
7230,-0.709688237221443,69.3326195825177,0.131296715627004,"m"
7231,-0.709783544565146,69.335266684093,0.1312911907323,"m"
7232,-0.70987832606656,69.3379099931757,0.131285679043296,"m"
7233,-0.709972650506134,69.3405493963227,0.131280179046179,"m"
7234,-0.710066586664319,69.3431847800908,0.131274689227133,"m"
7235,-0.710160203321566,69.3458160310369,0.131269208072345,"m"
7236,-0.710253569258326,69.3484430357178,0.131263734067999,"m"
7237,-0.710346753255049,69.3510656806902,0.131258265700282,"m"
7238,-0.710439824092187,69.3536838525112,0.131252801455379,"m"
7239,-0.710532850550189,69.3562974377373,0.131247339819476,"m"
7240,-0.710625901409506,69.3589063229256,0.131241879278758,"m"
7241,-0.71071904545059,69.3615103946328,0.131236418319412,"m"
7242,-0.71081235145389,69.3641095394158,0.131230955427621,"m"
7243,-0.710905888199857,69.3667036438313,0.131225489089573,"m"
7244,-0.710999724468943,69.3692925944362,0.131220017791453,"m"
7245,-0.71109391570712,69.3718763248477,0.131214540304149,"m"
7246,-0.711188463499866,69.3744549587688,0.131209056548519,"m"
7247,-0.711283355835607,69.3770286678896,0.13120356673573,"m"
7248,-0.711378580702768,69.3795976239001,0.131198071076948,"m"
7249,-0.711474126089775,69.3821619984903,0.13119256978334,"m"
7250,-0.711569979985055,69.3847219633503,0.131187063066074,"m"
7251,-0.711666130377033,69.3872776901702,0.131181551136314,"m"
7252,-0.711762565254135,69.38982935064,0.13117603420523,"m"
7253,-0.711859272604787,69.3923771164498,0.131170512483986,"m"
7254,-0.711956240417415,69.3949211592895,0.13116498618375,"m"
7255,-0.712053456680444,69.3974616508494,0.131159455515688,"m"
7256,-0.712150909382301,69.3999987628193,0.131153920690968,"m"
7257,-0.712248586511412,69.4025326668894,0.131148381920756,"m"
7258,-0.712346476056202,69.4050635347497,0.131142839416218,"m"
7259,-0.712444566005097,69.4075915380903,0.131137293388522,"m"
7260,-0.712542844346524,69.4101168486011,0.131131744048835,"m"
7261,-0.712641299068907,69.4126396379724,0.131126191608322,"m"
7262,-0.712739918160674,69.4151600778941,0.13112063627815,"m"
7263,-0.712838689610249,69.4176783400562,0.131115078269488,"m"
7264,-0.71293760140606,69.4201945961489,0.1311095177935,"m"
7265,-0.71303664153653,69.4227090178621,0.131103955061354,"m"
7266,-0.713135797990088,69.4252217768859,0.131098390284217,"m"
7267,-0.713235058755158,69.4277330449105,0.131092823673255,"m"
7268,-0.713334411820166,69.4302429936257,0.131087255439635,"m"
7269,-0.713433845173539,69.4327517947218,0.131081685794524,"m"
7270,-0.713533346803701,69.4352596198886,0.131076114949088,"m"
7271,-0.71363290469908,69.4377666408163,0.131070543114494,"m"
7272,-0.7137325068481,69.440273029195,0.13106497050191,"m"
7273,-0.713832141239189,69.4427789567146,0.131059397322501,"m"
7274,-0.713931795860771,69.4452845950653,0.131053823787435,"m"
7275,-0.71404165151258,69.4478010153633,0.131048239281562,"m"
7276,-0.714173596128827,69.4503410481845,0.131042631305509,"m"
7277,-0.714305540745075,69.4528810810058,0.131037023329457,"m"
7278,-0.714437485361322,69.455421113827,0.131031415353405,"m"
7279,-0.714569429977569,69.4579611466482,0.131025807377353,"m"
7280,-0.714701374593817,69.4605011794694,0.131020199401301,"m"
7281,-0.714833319210064,69.4630412122906,0.131014591425249,"m"
7282,-0.714965263826311,69.4655812451119,0.131008983449197,"m"
7283,-0.715097208442559,69.4681212779331,0.131003375473145,"m"
7284,-0.715229153058806,69.4706613107543,0.130997767497093,"m"
7285,-0.715361097675053,69.4732013435755,0.130992159521041,"m"
7286,-0.715493042291301,69.4757413763968,0.130986551544989,"m"
7287,-0.715624986907548,69.478281409218,0.130980943568937,"m"
7288,-0.715756931523795,69.4808214420392,0.130975335592885,"m"
7289,-0.715888876140043,69.4833614748604,0.130969727616833,"m"
7290,-0.71602082075629,69.4859015076816,0.130964119640781,"m"
7291,-0.716152765372537,69.4884415405029,0.130958511664729,"m"
7292,-0.716284709988785,69.4909815733241,0.130952903688677,"m"
7293,-0.716416654605032,69.4935216061453,0.130947295712625,"m"
7294,-0.716548599221279,69.4960616389665,0.130941687736573,"m"
7295,-0.716680543837527,69.4986016717878,0.130936079760521,"m"
7296,-0.716812488453774,69.501141704609,0.130930471784468,"m"
7297,-0.716944433070021,69.5036817374302,0.130924863808416,"m"
7298,-0.717076377686269,69.5062217702514,0.130919255832364,"m"
7299,-0.717208322302516,69.5087618030727,0.130913647856312,"m"
7300,-0.717340266918763,69.5113018358939,0.13090803988026,"m"
7301,-0.717472211535011,69.5138418687151,0.130902431904208,"m"
7302,-0.717604156151258,69.5163819015363,0.130896823928156,"m"
7303,-0.717736100767505,69.5189219343576,0.130891215952104,"m"
7304,-0.717868045383753,69.5214619671788,0.130885607976052,"m"
7305,-0.71799999,69.524002,0.13088,"m"
-21,1,3.3599999,0.1408,"f"
-20,1,3.3599999,0.1408,"f"
-19,1,3.3599999,0.1408,"f"
-18,1,3.3599999,0.1408,"f"
-17,1,3.3599999,0.1408,"f"
-16,1,3.3599999,0.1408,"f"
-15,1,3.3599999,0.1408,"f"
-14,1,3.3599999,0.1408,"f"
-13,1,3.3599999,0.1408,"f"
-12,1,3.3599999,0.1408,"f"
-11,1,3.3599999,0.1408,"f"
-10,1,3.3599999,0.1408,"f"
-9,1,3.3599999,0.1408,"f"
-8,1,3.3599999,0.1408,"f"
-7,1,3.3599999,0.1408,"f"
-6,1,3.3599999,0.1408,"f"
-5,1,3.3599999,0.1408,"f"
-4,1,3.3599999,0.1408,"f"
-3,1,3.3599999,0.1408,"f"
-2,1,3.3599999,0.1408,"f"
-1,1,3.3599999,0.1408,"f"
0,1,3.3599999,0.1408,"f"
1,1,3.3599999,0.1408,"f"
2,1,3.3599999,0.1408,"f"
3,1,3.3599999,0.1408,"f"
4,1,3.3599999,0.1408,"f"
5,1,3.3599999,0.1408,"f"
6,1,3.3599999,0.1408,"f"
7,1,3.3599999,0.1408,"f"
8,1,3.3599999,0.1408,"f"
9,1,3.3599999,0.1408,"f"
10,1,3.3599999,0.1408,"f"
11,1,3.3599999,0.1408,"f"
12,1,3.3599999,0.1408,"f"
13,1,3.3599999,0.1408,"f"
14,0.2304,3.5693,0.14339,"f"
15,0.226,3.6063,0.14299,"f"
16,0.2218,3.6438,0.14258,"f"
17,0.2177,3.6818,0.14218,"f"
18,0.2137,3.7201,0.14177,"f"
19,0.2099,3.7584,0.14138,"f"
20,0.2061,3.7968,0.14098,"f"
21,0.2024,3.8352,0.1406,"f"
22,0.1989,3.8735,0.14021,"f"
23,0.1954,3.9116,0.13984,"f"
24,0.1919,3.9495,0.13947,"f"
25,0.1886,3.9872,0.1391,"f"
26,0.1853,4.0247,0.13875,"f"
27,0.1821,4.0618,0.1384,"f"
28,0.1789,4.0987,0.13805,"f"
29,0.1758,4.1353,0.13771,"f"
30,0.1727,4.1716,0.13738,"f"
31,0.1697,4.2075,0.13706,"f"
32,0.1668,4.2431,0.13674,"f"
33,0.1638,4.2783,0.13643,"f"
34,0.161,4.3131,0.13613,"f"
35,0.1582,4.3476,0.13583,"f"
36,0.1554,4.3818,0.13554,"f"
37,0.1526,4.4155,0.13526,"f"
38,0.1499,4.449,0.13498,"f"
39,0.1473,4.482,0.1347,"f"
40,0.1446,4.5148,0.13444,"f"
41,0.142,4.5472,0.13418,"f"
42,0.1395,4.5793,0.13392,"f"
43,0.1369,4.611,0.13367,"f"
44,0.1344,4.6425,0.13342,"f"
45,0.132,4.6736,0.13318,"f"
46,0.1295,4.7044,0.13295,"f"
47,0.1271,4.7349,0.13272,"f"
48,0.1247,4.7651,0.1325,"f"
49,0.1224,4.795,0.13228,"f"
50,0.12,4.8245,0.13206,"f"
51,0.1177,4.8538,0.13185,"f"
52,0.1154,4.8828,0.13165,"f"
53,0.1132,4.9115,0.13145,"f"
54,0.1109,4.9399,0.13125,"f"
55,0.1087,4.968,0.13106,"f"
56,0.1065,4.9959,0.13087,"f"
57,0.1044,5.0235,0.13068,"f"
58,0.1022,5.0509,0.1305,"f"
59,0.1001,5.078,0.13033,"f"
60,0.098,5.1049,0.13015,"f"
61,0.0959,5.1315,0.12998,"f"
62,0.0938,5.158,0.12982,"f"
63,0.0918,5.1842,0.12966,"f"
64,0.0897,5.2102,0.1295,"f"
65,0.0877,5.236,0.12934,"f"
66,0.0857,5.2616,0.12919,"f"
67,0.0838,5.287,0.12904,"f"
68,0.0818,5.3121,0.12889,"f"
69,0.0798,5.337,0.12875,"f"
70,0.0779,5.3618,0.12861,"f"
71,0.076,5.3863,0.12847,"f"
72,0.0741,5.4107,0.12834,"f"
73,0.0722,5.4348,0.12821,"f"
74,0.0704,5.4587,0.12808,"f"
75,0.0685,5.4825,0.12795,"f"
76,0.0667,5.5061,0.12783,"f"
77,0.0648,5.5295,0.1277,"f"
78,0.063,5.5527,0.12758,"f"
79,0.0612,5.5757,0.12747,"f"
80,0.0595,5.5986,0.12735,"f"
81,0.0577,5.6213,0.12724,"f"
82,0.0559,5.6438,0.12713,"f"
83,0.0542,5.6662,0.12702,"f"
84,0.0525,5.6883,0.12691,"f"
85,0.0508,5.7104,0.12681,"f"
86,0.049,5.7322,0.12671,"f"
87,0.0474,5.7539,0.1266,"f"
88,0.0457,5.7755,0.12651,"f"
89,0.044,5.7969,0.12641,"f"
90,0.0424,5.8181,0.12631,"f"
91,0.0407,5.8393,0.12622,"f"
92,0.0391,5.8602,0.12613,"f"
93,0.0375,5.881,0.12604,"f"
94,0.0358,5.9017,0.12595,"f"
95,0.0342,5.9223,0.12586,"f"
96,0.0327,5.9427,0.12577,"f"
97,0.0311,5.9629,0.12569,"f"
98,0.0295,5.9831,0.12561,"f"
99,0.0279,6.0031,0.12553,"f"
100,0.0264,6.0229,0.12545,"f"
101,0.0249,6.0426,0.12537,"f"
102,0.0233,6.0622,0.12529,"f"
103,0.0218,6.0817,0.12522,"f"
104,0.0203,6.101,0.12514,"f"
105,0.0188,6.1202,0.12507,"f"
106,0.0173,6.1393,0.125,"f"
107,0.0158,6.1582,0.12493,"f"
108,0.0144,6.1771,0.12486,"f"
109,0.0129,6.1958,0.12479,"f"
110,0.0114,6.2143,0.12472,"f"
111,0.01,6.2328,0.12466,"f"
112,0.0086,6.2511,0.12459,"f"
113,0.0071,6.2693,0.12453,"f"
114,0.0057,6.2874,0.12447,"f"
115,0.0043,6.3054,0.12441,"f"
116,0.0029,6.3232,0.12435,"f"
117,0.0015,6.341,0.12429,"f"
118,1e-04,6.3586,0.12423,"f"
119,-0.0013,6.3761,0.12417,"f"
120,-0.0026,6.3935,0.12412,"f"
121,-0.004,6.4108,0.12406,"f"
122,-0.0053,6.428,0.12401,"f"
123,-0.0067,6.445,0.12395,"f"
124,-0.008,6.462,0.1239,"f"
125,-0.0094,6.4788,0.12385,"f"
126,-0.0107,6.4956,0.1238,"f"
127,-0.012,6.5122,0.12375,"f"
128,-0.0133,6.5288,0.1237,"f"
129,-0.0146,6.5452,0.12365,"f"
130,-0.0159,6.5615,0.1236,"f"
131,-0.0172,6.5777,0.12355,"f"
132,-0.0185,6.5939,0.12351,"f"
133,-0.0198,6.6099,0.12346,"f"
134,-0.021,6.6258,0.12342,"f"
135,-0.0223,6.6416,0.12337,"f"
136,-0.0235,6.6573,0.12333,"f"
137,-0.0248,6.6729,0.12329,"f"
138,-0.026,6.6884,0.12325,"f"
139,-0.0273,6.7039,0.12321,"f"
140,-0.0285,6.7192,0.12317,"f"
141,-0.0297,6.7344,0.12313,"f"
142,-0.0309,6.7495,0.12309,"f"
143,-0.0321,6.7646,0.12305,"f"
144,-0.0333,6.7795,0.12301,"f"
145,-0.0345,6.7944,0.12298,"f"
146,-0.0357,6.8091,0.12294,"f"
147,-0.0369,6.8238,0.12291,"f"
148,-0.0381,6.8384,0.12287,"f"
149,-0.0393,6.8529,0.12284,"f"
150,-0.0404,6.8673,0.12281,"f"
151,-0.0416,6.8816,0.12277,"f"
152,-0.0428,6.8959,0.12274,"f"
153,-0.0439,6.91,0.12271,"f"
154,-0.045,6.9241,0.12268,"f"
155,-0.0462,6.9381,0.12265,"f"
156,-0.0473,6.952,0.12262,"f"
157,-0.0484,6.9659,0.12259,"f"
158,-0.0496,6.9797,0.12256,"f"
159,-0.0507,6.9934,0.12254,"f"
160,-0.0518,7.007,0.12251,"f"
161,-0.0529,7.0205,0.12248,"f"
162,-0.054,7.034,0.12246,"f"
163,-0.0551,7.0474,0.12243,"f"
164,-0.0562,7.0607,0.12241,"f"
165,-0.0573,7.074,0.12238,"f"
166,-0.0583,7.0872,0.12236,"f"
167,-0.0594,7.1003,0.12234,"f"
168,-0.0605,7.1133,0.12231,"f"
169,-0.0615,7.1263,0.12229,"f"
170,-0.0626,7.1393,0.12227,"f"
171,-0.0637,7.1521,0.12225,"f"
172,-0.0647,7.1649,0.12223,"f"
173,-0.0658,7.1776,0.12221,"f"
174,-0.0668,7.1903,0.12219,"f"
175,-0.0678,7.2029,0.12217,"f"
176,-0.0689,7.2154,0.12215,"f"
177,-0.0699,7.2279,0.12214,"f"
178,-0.0709,7.2403,0.12212,"f"
179,-0.0719,7.2527,0.1221,"f"
180,-0.0729,7.265,0.12208,"f"
181,-0.0739,7.2772,0.12207,"f"
182,-0.0749,7.2894,0.12205,"f"
183,-0.0759,7.3016,0.12204,"f"
184,-0.0769,7.3136,0.12202,"f"
185,-0.0779,7.3256,0.12201,"f"
186,-0.0789,7.3376,0.122,"f"
187,-0.0799,7.3495,0.12198,"f"
188,-0.0808,7.3614,0.12197,"f"
189,-0.0818,7.3732,0.12196,"f"
190,-0.0828,7.3849,0.12195,"f"
191,-0.0837,7.3966,0.12194,"f"
192,-0.0847,7.4082,0.12192,"f"
193,-0.0857,7.4198,0.12191,"f"
194,-0.0866,7.4314,0.1219,"f"
195,-0.0875,7.4429,0.12189,"f"
196,-0.0885,7.4543,0.12188,"f"
197,-0.0894,7.4657,0.12188,"f"
198,-0.0904,7.477,0.12187,"f"
199,-0.0913,7.4883,0.12186,"f"
200,-0.0922,7.4995,0.12185,"f"
201,-0.0931,7.5107,0.12184,"f"
202,-0.094,7.5219,0.12184,"f"
203,-0.095,7.533,0.12183,"f"
204,-0.0959,7.544,0.12182,"f"
205,-0.0968,7.5551,0.12182,"f"
206,-0.0977,7.566,0.12181,"f"
207,-0.0986,7.5769,0.12181,"f"
208,-0.0995,7.5878,0.1218,"f"
209,-0.1003,7.5986,0.1218,"f"
210,-0.1012,7.6094,0.12179,"f"
211,-0.1021,7.6202,0.12179,"f"
212,-0.103,7.6309,0.12179,"f"
213,-0.1039,7.6416,0.12178,"f"
214,-0.1047,7.6522,0.12178,"f"
215,-0.1056,7.6628,0.12178,"f"
216,-0.1065,7.6733,0.12177,"f"
217,-0.1073,7.6838,0.12177,"f"
218,-0.1082,7.6943,0.12177,"f"
219,-0.109,7.7047,0.12177,"f"
220,-0.1099,7.7151,0.12177,"f"
221,-0.1107,7.7254,0.12177,"f"
222,-0.1116,7.7357,0.12177,"f"
223,-0.1124,7.746,0.12176,"f"
224,-0.1132,7.7562,0.12176,"f"
225,-0.1141,7.7664,0.12176,"f"
226,-0.1149,7.7766,0.12176,"f"
227,-0.1157,7.7867,0.12177,"f"
228,-0.1165,7.7968,0.12177,"f"
229,-0.1173,7.8068,0.12177,"f"
230,-0.1181,7.8169,0.12177,"f"
231,-0.119,7.8268,0.12177,"f"
232,-0.1198,7.8368,0.12177,"f"
233,-0.1206,7.8467,0.12177,"f"
234,-0.1214,7.8566,0.12178,"f"
235,-0.1222,7.8664,0.12178,"f"
236,-0.1229,7.8762,0.12178,"f"
237,-0.1237,7.886,0.12178,"f"
238,-0.1245,7.8957,0.12179,"f"
239,-0.1253,7.9054,0.12179,"f"
240,-0.1261,7.9151,0.12179,"f"
241,-0.1269,7.9247,0.1218,"f"
242,-0.1276,7.9343,0.1218,"f"
243,-0.1284,7.9439,0.1218,"f"
244,-0.1292,7.9534,0.12181,"f"
245,-0.1299,7.9629,0.12181,"f"
246,-0.1307,7.9724,0.12182,"f"
247,-0.1314,7.9819,0.12182,"f"
248,-0.1322,7.9913,0.12182,"f"
249,-0.1329,8.0007,0.12183,"f"
250,-0.1337,8.01,0.12183,"f"
251,-0.1344,8.0193,0.12184,"f"
252,-0.1352,8.0286,0.12185,"f"
253,-0.1359,8.0379,0.12185,"f"
254,-0.1367,8.0471,0.12186,"f"
255,-0.1374,8.0563,0.12186,"f"
256,-0.1381,8.0655,0.12187,"f"
257,-0.1388,8.0746,0.12187,"f"
258,-0.1396,8.0837,0.12188,"f"
259,-0.1403,8.0928,0.12189,"f"
260,-0.141,8.1019,0.12189,"f"
261,-0.1417,8.1109,0.1219,"f"
262,-0.1424,8.1199,0.1219,"f"
263,-0.1431,8.1289,0.12191,"f"
264,-0.1438,8.1378,0.12192,"f"
265,-0.1445,8.1468,0.12192,"f"
266,-0.1452,8.1557,0.12193,"f"
267,-0.1459,8.1645,0.12194,"f"
268,-0.1466,8.1734,0.12194,"f"
269,-0.1473,8.1822,0.12195,"f"
270,-0.148,8.191,0.12196,"f"
271,-0.1487,8.1998,0.12197,"f"
272,-0.1494,8.2085,0.12197,"f"
273,-0.1501,8.2172,0.12198,"f"
274,-0.1507,8.2259,0.12199,"f"
275,-0.1514,8.2346,0.12199,"f"
276,-0.1521,8.2432,0.122,"f"
277,-0.1528,8.2519,0.12201,"f"
278,-0.1534,8.2605,0.12202,"f"
279,-0.1541,8.269,0.12202,"f"
280,-0.1547,8.2776,0.12203,"f"
281,-0.1554,8.2861,0.12204,"f"
282,-0.1561,8.2946,0.12205,"f"
283,-0.1567,8.3031,0.12206,"f"
284,-0.1574,8.3116,0.12206,"f"
285,-0.158,8.3201,0.12207,"f"
286,-0.1587,8.3285,0.12208,"f"
287,-0.1593,8.3369,0.12209,"f"
288,-0.1599,8.3453,0.12209,"f"
289,-0.1606,8.3536,0.1221,"f"
290,-0.1612,8.362,0.12211,"f"
291,-0.1618,8.3703,0.12212,"f"
292,-0.1625,8.3786,0.12213,"f"
293,-0.1631,8.3869,0.12213,"f"
294,-0.1637,8.3952,0.12214,"f"
295,-0.1643,8.4035,0.12215,"f"
296,-0.165,8.4117,0.12216,"f"
297,-0.1656,8.4199,0.12217,"f"
298,-0.1662,8.4281,0.12218,"f"
299,-0.1668,8.4363,0.12218,"f"
300,-0.1674,8.4445,0.12219,"f"
301,-0.168,8.4526,0.1222,"f"
302,-0.1686,8.4607,0.12221,"f"
303,-0.1692,8.4688,0.12222,"f"
304,-0.1698,8.4769,0.12222,"f"
305,-0.1704,8.485,0.12223,"f"
306,-0.171,8.4931,0.12224,"f"
307,-0.1716,8.5011,0.12225,"f"
308,-0.1722,8.5092,0.12226,"f"
309,-0.1728,8.5172,0.12227,"f"
310,-0.1734,8.5252,0.12227,"f"
311,-0.174,8.5332,0.12228,"f"
312,-0.1745,8.5411,0.12229,"f"
313,-0.1751,8.5491,0.1223,"f"
314,-0.1757,8.557,0.12231,"f"
315,-0.1763,8.565,0.12231,"f"
316,-0.1768,8.5729,0.12232,"f"
317,-0.1774,8.5808,0.12233,"f"
318,-0.178,8.5887,0.12234,"f"
319,-0.1785,8.5965,0.12235,"f"
320,-0.1791,8.6044,0.12235,"f"
321,-0.1797,8.6122,0.12236,"f"
322,-0.1802,8.6201,0.12237,"f"
323,-0.1808,8.6279,0.12238,"f"
324,-0.1813,8.6357,0.12239,"f"
325,-0.1819,8.6435,0.12239,"f"
326,-0.1824,8.6512,0.1224,"f"
327,-0.183,8.659,0.12241,"f"
328,-0.1835,8.6667,0.12242,"f"
329,-0.1841,8.6745,0.12243,"f"
330,-0.1846,8.6822,0.12243,"f"
331,-0.1851,8.6899,0.12244,"f"
332,-0.1857,8.6976,0.12245,"f"
333,-0.1862,8.7053,0.12246,"f"
334,-0.1867,8.713,0.12246,"f"
335,-0.1873,8.7207,0.12247,"f"
336,-0.1878,8.7283,0.12248,"f"
337,-0.1883,8.736,0.12249,"f"
338,-0.1889,8.7436,0.12249,"f"
339,-0.1894,8.7512,0.1225,"f"
340,-0.1899,8.7588,0.12251,"f"
341,-0.1904,8.7664,0.12252,"f"
342,-0.1909,8.774,0.12252,"f"
343,-0.1914,8.7816,0.12253,"f"
344,-0.192,8.7892,0.12254,"f"
345,-0.1925,8.7968,0.12254,"f"
346,-0.193,8.8043,0.12255,"f"
347,-0.1935,8.8119,0.12256,"f"
348,-0.194,8.8194,0.12256,"f"
349,-0.1945,8.8269,0.12257,"f"
350,-0.195,8.8344,0.12258,"f"
351,-0.1955,8.842,0.12259,"f"
352,-0.196,8.8495,0.12259,"f"
353,-0.1965,8.8569,0.1226,"f"
354,-0.197,8.8644,0.12261,"f"
355,-0.1974,8.8719,0.12261,"f"
356,-0.1979,8.8794,0.12262,"f"
357,-0.1984,8.8868,0.12262,"f"
358,-0.1989,8.8943,0.12263,"f"
359,-0.1994,8.9017,0.12264,"f"
360,-0.1999,8.9092,0.12264,"f"
361,-0.2003,8.9166,0.12265,"f"
362,-0.2008,8.924,0.12266,"f"
363,-0.2013,8.9314,0.12266,"f"
364,-0.2018,8.9388,0.12267,"f"
365,-0.2022,8.9462,0.12267,"f"
366,-0.2027,8.9536,0.12268,"f"
367,-0.2032,8.961,0.12269,"f"
368,-0.2036,8.9684,0.12269,"f"
369,-0.2041,8.9757,0.1227,"f"
370,-0.2046,8.9831,0.1227,"f"
371,-0.205,8.9904,0.12271,"f"
372,-0.2055,8.9978,0.12272,"f"
373,-0.2059,9.0051,0.12272,"f"
374,-0.2064,9.0125,0.12273,"f"
375,-0.2068,9.0198,0.12273,"f"
376,-0.2073,9.0271,0.12274,"f"
377,-0.2077,9.0344,0.12274,"f"
378,-0.2082,9.0417,0.12275,"f"
379,-0.2086,9.049,0.12275,"f"
380,-0.2091,9.0563,0.12276,"f"
381,-0.2095,9.0636,0.12276,"f"
382,-0.21,9.0709,0.12277,"f"
383,-0.2104,9.0782,0.12277,"f"
384,-0.2108,9.0854,0.12278,"f"
385,-0.2113,9.0927,0.12278,"f"
386,-0.2117,9.0999,0.12279,"f"
387,-0.2121,9.1072,0.12279,"f"
388,-0.2126,9.1144,0.1228,"f"
389,-0.213,9.1217,0.1228,"f"
390,-0.2134,9.1289,0.12281,"f"
391,-0.2139,9.1361,0.12281,"f"
392,-0.2143,9.1434,0.12282,"f"
393,-0.2147,9.1506,0.12282,"f"
394,-0.2151,9.1578,0.12282,"f"
395,-0.2155,9.165,0.12283,"f"
396,-0.216,9.1722,0.12283,"f"
397,-0.2164,9.1794,0.12284,"f"
398,-0.2168,9.1866,0.12284,"f"
399,-0.2172,9.1938,0.12285,"f"
400,-0.2176,9.2009,0.12285,"f"
401,-0.218,9.2081,0.12285,"f"
402,-0.2184,9.2153,0.12286,"f"
403,-0.2188,9.2225,0.12286,"f"
404,-0.2192,9.2296,0.12287,"f"
405,-0.2196,9.2368,0.12287,"f"
406,-0.22,9.2439,0.12287,"f"
407,-0.2204,9.2511,0.12288,"f"
408,-0.2208,9.2582,0.12288,"f"
409,-0.2212,9.2654,0.12288,"f"
410,-0.2216,9.2725,0.12289,"f"
411,-0.222,9.2796,0.12289,"f"
412,-0.2224,9.2867,0.12289,"f"
413,-0.2228,9.2939,0.1229,"f"
414,-0.2232,9.301,0.1229,"f"
415,-0.2236,9.3081,0.1229,"f"
416,-0.224,9.3152,0.12291,"f"
417,-0.2243,9.3223,0.12291,"f"
418,-0.2247,9.3294,0.12291,"f"
419,-0.2251,9.3365,0.12292,"f"
420,-0.2255,9.3436,0.12292,"f"
421,-0.2259,9.3507,0.12292,"f"
422,-0.2262,9.3578,0.12292,"f"
423,-0.2266,9.3649,0.12293,"f"
424,-0.227,9.372,0.12293,"f"
425,-0.2274,9.379,0.12293,"f"
426,-0.2277,9.3861,0.12294,"f"
427,-0.2281,9.3932,0.12294,"f"
428,-0.2285,9.4002,0.12294,"f"
429,-0.2288,9.4073,0.12294,"f"
430,-0.2292,9.4144,0.12295,"f"
431,-0.2296,9.4214,0.12295,"f"
432,-0.2299,9.4285,0.12295,"f"
433,-0.2303,9.4355,0.12295,"f"
434,-0.2307,9.4426,0.12295,"f"
435,-0.231,9.4496,0.12296,"f"
436,-0.2314,9.4567,0.12296,"f"
437,-0.2317,9.4637,0.12296,"f"
438,-0.2321,9.4707,0.12296,"f"
439,-0.2324,9.4778,0.12296,"f"
440,-0.2328,9.4848,0.12297,"f"
441,-0.2331,9.4918,0.12297,"f"
442,-0.2335,9.4988,0.12297,"f"
443,-0.2338,9.5058,0.12297,"f"
444,-0.2342,9.5129,0.12297,"f"
445,-0.2345,9.5199,0.12298,"f"
446,-0.2349,9.5269,0.12298,"f"
447,-0.2352,9.5339,0.12298,"f"
448,-0.2355,9.5409,0.12298,"f"
449,-0.2359,9.5479,0.12298,"f"
450,-0.2362,9.5549,0.12298,"f"
451,-0.2366,9.5619,0.12299,"f"
452,-0.2369,9.5689,0.12299,"f"
453,-0.2372,9.5759,0.12299,"f"
454,-0.2376,9.5829,0.12299,"f"
455,-0.2379,9.5898,0.12299,"f"
456,-0.2382,9.5968,0.12299,"f"
457,-0.2385,9.6038,0.12299,"f"
458,-0.2389,9.6108,0.123,"f"
459,-0.2392,9.6178,0.123,"f"
460,-0.2395,9.6247,0.123,"f"
461,-0.2398,9.6317,0.123,"f"
462,-0.2402,9.6387,0.123,"f"
463,-0.2405,9.6457,0.123,"f"
464,-0.2408,9.6526,0.123,"f"
465,-0.2411,9.6596,0.123,"f"
466,-0.2414,9.6665,0.12301,"f"
467,-0.2418,9.6735,0.12301,"f"
468,-0.2421,9.6805,0.12301,"f"
469,-0.2424,9.6874,0.12301,"f"
470,-0.2427,9.6944,0.12301,"f"
471,-0.243,9.7013,0.12301,"f"
472,-0.2433,9.7083,0.12301,"f"
473,-0.2436,9.7152,0.12301,"f"
474,-0.2439,9.7222,0.12301,"f"
475,-0.2442,9.7291,0.12302,"f"
476,-0.2446,9.7361,0.12302,"f"
477,-0.2449,9.743,0.12302,"f"
478,-0.2452,9.75,0.12302,"f"
479,-0.2455,9.7569,0.12302,"f"
480,-0.2458,9.7638,0.12302,"f"
481,-0.2461,9.7708,0.12302,"f"
482,-0.2464,9.7777,0.12302,"f"
483,-0.2467,9.7846,0.12302,"f"
484,-0.247,9.7916,0.12302,"f"
485,-0.2472,9.7985,0.12303,"f"
486,-0.2475,9.8054,0.12303,"f"
487,-0.2478,9.8124,0.12303,"f"
488,-0.2481,9.8193,0.12303,"f"
489,-0.2484,9.8262,0.12303,"f"
490,-0.2487,9.8331,0.12303,"f"
491,-0.249,9.8401,0.12303,"f"
492,-0.2493,9.847,0.12303,"f"
493,-0.2496,9.8539,0.12303,"f"
494,-0.2499,9.8608,0.12303,"f"
495,-0.2501,9.8677,0.12303,"f"
496,-0.2504,9.8746,0.12304,"f"
497,-0.2507,9.8816,0.12304,"f"
498,-0.251,9.8885,0.12304,"f"
499,-0.2513,9.8954,0.12304,"f"
500,-0.2515,9.9023,0.12304,"f"
501,-0.2518,9.9092,0.12304,"f"
502,-0.2521,9.9161,0.12304,"f"
503,-0.2524,9.923,0.12304,"f"
504,-0.2526,9.9299,0.12304,"f"
505,-0.2529,9.9368,0.12304,"f"
506,-0.2532,9.9437,0.12304,"f"
507,-0.2535,9.9506,0.12305,"f"
508,-0.2537,9.9575,0.12305,"f"
509,-0.254,9.9644,0.12305,"f"
510,-0.2543,9.9713,0.12305,"f"
511,-0.2545,9.9782,0.12305,"f"
512,-0.2548,9.9851,0.12305,"f"
513,-0.2551,9.992,0.12305,"f"
514,-0.2553,9.9989,0.12305,"f"
515,-0.2556,10.0058,0.12305,"f"
516,-0.2558,10.0127,0.12305,"f"
517,-0.2561,10.0196,0.12305,"f"
518,-0.2564,10.0265,0.12306,"f"
519,-0.2566,10.0334,0.12306,"f"
520,-0.2569,10.0402,0.12306,"f"
521,-0.2571,10.0471,0.12306,"f"
522,-0.2574,10.054,0.12306,"f"
523,-0.2577,10.0609,0.12306,"f"
524,-0.2579,10.0678,0.12306,"f"
525,-0.2582,10.0746,0.12306,"f"
526,-0.2584,10.0815,0.12306,"f"
527,-0.2587,10.0884,0.12307,"f"
528,-0.2589,10.0953,0.12307,"f"
529,-0.2592,10.1021,0.12307,"f"
530,-0.2594,10.109,0.12307,"f"
531,-0.2597,10.1159,0.12307,"f"
532,-0.2599,10.1227,0.12307,"f"
533,-0.2601,10.1296,0.12307,"f"
534,-0.2604,10.1365,0.12307,"f"
535,-0.2606,10.1433,0.12308,"f"
536,-0.2609,10.1502,0.12308,"f"
537,-0.2611,10.157,0.12308,"f"
538,-0.2614,10.1639,0.12308,"f"
539,-0.2616,10.1707,0.12308,"f"
540,-0.2618,10.1776,0.12308,"f"
541,-0.2621,10.1845,0.12308,"f"
542,-0.2623,10.1913,0.12309,"f"
543,-0.2625,10.1982,0.12309,"f"
544,-0.2628,10.205,0.12309,"f"
545,-0.263,10.2119,0.12309,"f"
546,-0.2632,10.2187,0.12309,"f"
547,-0.2635,10.2255,0.12309,"f"
548,-0.2637,10.2324,0.12309,"f"
549,-0.2639,10.2392,0.1231,"f"
550,-0.2642,10.2461,0.1231,"f"
551,-0.2644,10.2529,0.1231,"f"
552,-0.2646,10.2597,0.1231,"f"
553,-0.2649,10.2666,0.1231,"f"
554,-0.2651,10.2734,0.1231,"f"
555,-0.2653,10.2803,0.12311,"f"
556,-0.2655,10.2871,0.12311,"f"
557,-0.2658,10.2939,0.12311,"f"
558,-0.266,10.3008,0.12311,"f"
559,-0.2662,10.3076,0.12311,"f"
560,-0.2664,10.3144,0.12311,"f"
561,-0.2666,10.3213,0.12312,"f"
562,-0.2669,10.3281,0.12312,"f"
563,-0.2671,10.3349,0.12312,"f"
564,-0.2673,10.3417,0.12312,"f"
565,-0.2675,10.3486,0.12312,"f"
566,-0.2677,10.3554,0.12313,"f"
567,-0.2679,10.3622,0.12313,"f"
568,-0.2682,10.369,0.12313,"f"
569,-0.2684,10.3759,0.12313,"f"
570,-0.2686,10.3827,0.12313,"f"
571,-0.2688,10.3895,0.12314,"f"
572,-0.269,10.3963,0.12314,"f"
573,-0.2692,10.4031,0.12314,"f"
574,-0.2694,10.41,0.12314,"f"
575,-0.2696,10.4168,0.12314,"f"
576,-0.2698,10.4236,0.12315,"f"
577,-0.27,10.4304,0.12315,"f"
578,-0.2702,10.4372,0.12315,"f"
579,-0.2705,10.444,0.12315,"f"
580,-0.2707,10.4508,0.12316,"f"
581,-0.2709,10.4577,0.12316,"f"
582,-0.2711,10.4645,0.12316,"f"
583,-0.2713,10.4713,0.12316,"f"
584,-0.2715,10.4781,0.12316,"f"
585,-0.2717,10.4849,0.12317,"f"
586,-0.2719,10.4917,0.12317,"f"
587,-0.2721,10.4985,0.12317,"f"
588,-0.2723,10.5053,0.12317,"f"
589,-0.2725,10.5121,0.12318,"f"
590,-0.2727,10.5189,0.12318,"f"
591,-0.2729,10.5257,0.12318,"f"
592,-0.273,10.5325,0.12319,"f"
593,-0.2732,10.5393,0.12319,"f"
594,-0.2734,10.5461,0.12319,"f"
595,-0.2736,10.5529,0.12319,"f"
596,-0.2738,10.5597,0.1232,"f"
597,-0.274,10.5665,0.1232,"f"
598,-0.2742,10.5733,0.1232,"f"
599,-0.2744,10.5801,0.1232,"f"
600,-0.2746,10.5869,0.12321,"f"
601,-0.2748,10.5937,0.12321,"f"
602,-0.275,10.6005,0.12321,"f"
603,-0.2751,10.6073,0.12322,"f"
604,-0.2753,10.6141,0.12322,"f"
605,-0.2755,10.6209,0.12322,"f"
606,-0.2757,10.6277,0.12323,"f"
607,-0.2759,10.6345,0.12323,"f"
608,-0.2761,10.6413,0.12323,"f"
609,-0.2763,10.6481,0.12324,"f"
610,-0.2764,10.6549,0.12324,"f"
611,-0.2766,10.6617,0.12324,"f"
612,-0.2768,10.6685,0.12325,"f"
613,-0.277,10.6753,0.12325,"f"
614,-0.2772,10.6821,0.12325,"f"
615,-0.2773,10.6889,0.12326,"f"
616,-0.2775,10.6957,0.12326,"f"
617,-0.2777,10.7025,0.12326,"f"
618,-0.2779,10.7093,0.12327,"f"
619,-0.278,10.7161,0.12327,"f"
620,-0.2782,10.7229,0.12327,"f"
621,-0.2784,10.7297,0.12328,"f"
622,-0.2786,10.7365,0.12328,"f"
623,-0.2787,10.7433,0.12328,"f"
624,-0.2789,10.7501,0.12329,"f"
625,-0.2791,10.7569,0.12329,"f"
626,-0.2793,10.7637,0.1233,"f"
627,-0.2794,10.7705,0.1233,"f"
628,-0.2796,10.7773,0.1233,"f"
629,-0.2798,10.7841,0.12331,"f"
630,-0.2799,10.7909,0.12331,"f"
631,-0.2801,10.7977,0.12332,"f"
632,-0.2803,10.8045,0.12332,"f"
633,-0.2804,10.8113,0.12332,"f"
634,-0.2806,10.8181,0.12333,"f"
635,-0.2808,10.8249,0.12333,"f"
636,-0.2809,10.8317,0.12334,"f"
637,-0.2811,10.8385,0.12334,"f"
638,-0.2813,10.8453,0.12335,"f"
639,-0.2814,10.8521,0.12335,"f"
640,-0.2816,10.8589,0.12336,"f"
641,-0.2818,10.8657,0.12336,"f"
642,-0.2819,10.8725,0.12336,"f"
643,-0.2821,10.8793,0.12337,"f"
644,-0.2822,10.8861,0.12337,"f"
645,-0.2824,10.8929,0.12338,"f"
646,-0.2826,10.8997,0.12338,"f"
647,-0.2827,10.9065,0.12339,"f"
648,-0.2829,10.9133,0.12339,"f"
649,-0.283,10.9202,0.1234,"f"
650,-0.2832,10.927,0.1234,"f"
651,-0.2834,10.9338,0.12341,"f"
652,-0.2835,10.9406,0.12341,"f"
653,-0.2837,10.9474,0.12342,"f"
654,-0.2838,10.9542,0.12342,"f"
655,-0.284,10.961,0.12343,"f"
656,-0.2841,10.9679,0.12343,"f"
657,-0.2843,10.9747,0.12344,"f"
658,-0.2844,10.9815,0.12344,"f"
659,-0.2846,10.9883,0.12345,"f"
660,-0.2847,10.9951,0.12345,"f"
661,-0.2849,11.0019,0.12346,"f"
662,-0.285,11.0088,0.12346,"f"
663,-0.2852,11.0156,0.12347,"f"
664,-0.2853,11.0224,0.12347,"f"
665,-0.2855,11.0292,0.12348,"f"
666,-0.2856,11.036,0.12348,"f"
667,-0.2858,11.0429,0.12349,"f"
668,-0.2859,11.0497,0.1235,"f"
669,-0.2861,11.0565,0.1235,"f"
670,-0.2862,11.0633,0.12351,"f"
671,-0.2864,11.0702,0.12351,"f"
672,-0.2865,11.077,0.12352,"f"
673,-0.2866,11.0838,0.12352,"f"
674,-0.2868,11.0906,0.12353,"f"
675,-0.2869,11.0975,0.12353,"f"
676,-0.2871,11.1043,0.12354,"f"
677,-0.2872,11.1111,0.12355,"f"
678,-0.2874,11.118,0.12355,"f"
679,-0.2875,11.1248,0.12356,"f"
680,-0.2876,11.1316,0.12356,"f"
681,-0.2878,11.1384,0.12357,"f"
682,-0.2879,11.1453,0.12358,"f"
683,-0.2881,11.1521,0.12358,"f"
684,-0.2882,11.1589,0.12359,"f"
685,-0.2883,11.1658,0.12359,"f"
686,-0.2885,11.1726,0.1236,"f"
687,-0.2886,11.1795,0.12361,"f"
688,-0.2887,11.1863,0.12361,"f"
689,-0.2889,11.1931,0.12362,"f"
690,-0.289,11.2,0.12362,"f"
691,-0.2891,11.2068,0.12363,"f"
692,-0.2893,11.2137,0.12364,"f"
693,-0.2894,11.2205,0.12364,"f"
694,-0.2895,11.2273,0.12365,"f"
695,-0.2897,11.2342,0.12366,"f"
696,-0.2898,11.241,0.12366,"f"
697,-0.2899,11.2479,0.12367,"f"
698,-0.2901,11.2547,0.12367,"f"
699,-0.2902,11.2616,0.12368,"f"
700,-0.2903,11.2684,0.12369,"f"
701,-0.2905,11.2753,0.12369,"f"
702,-0.2906,11.2821,0.1237,"f"
703,-0.2907,11.2889,0.12371,"f"
704,-0.2909,11.2958,0.12371,"f"
705,-0.291,11.3026,0.12372,"f"
706,-0.2911,11.3095,0.12373,"f"
707,-0.2912,11.3163,0.12373,"f"
708,-0.2914,11.3232,0.12374,"f"
709,-0.2915,11.33,0.12375,"f"
710,-0.2916,11.3369,0.12375,"f"
711,-0.2917,11.3438,0.12376,"f"
712,-0.2919,11.3506,0.12377,"f"
713,-0.292,11.3575,0.12377,"f"
714,-0.2921,11.3643,0.12378,"f"
715,-0.2922,11.3712,0.12379,"f"
716,-0.2924,11.378,0.12379,"f"
717,-0.2925,11.3849,0.1238,"f"
718,-0.2926,11.3917,0.12381,"f"
719,-0.2927,11.3986,0.12382,"f"
720,-0.2928,11.4055,0.12382,"f"
721,-0.293,11.4123,0.12383,"f"
722,-0.2931,11.4192,0.12384,"f"
723,-0.2932,11.426,0.12384,"f"
724,-0.2933,11.4329,0.12385,"f"
725,-0.2934,11.4397,0.12386,"f"
726,-0.2936,11.4466,0.12387,"f"
727,-0.2937,11.4535,0.12387,"f"
728,-0.2938,11.4603,0.12388,"f"
729,-0.2939,11.4672,0.12389,"f"
730,-0.294,11.4741,0.12389,"f"
731,-0.2942,11.4809,0.1239,"f"
732,-0.2943,11.4878,0.12391,"f"
733,-0.2944,11.4946,0.12392,"f"
734,-0.2945,11.5015,0.12392,"f"
735,-0.2946,11.5084,0.12393,"f"
736,-0.2947,11.5152,0.12394,"f"
737,-0.2948,11.5221,0.12395,"f"
738,-0.295,11.529,0.12395,"f"
739,-0.2951,11.5358,0.12396,"f"
740,-0.2952,11.5427,0.12397,"f"
741,-0.2953,11.5496,0.12398,"f"
742,-0.2954,11.5564,0.12399,"f"
743,-0.2955,11.5633,0.12399,"f"
744,-0.2956,11.5702,0.124,"f"
745,-0.2957,11.577,0.12401,"f"
746,-0.2959,11.5839,0.12402,"f"
747,-0.296,11.5907,0.12402,"f"
748,-0.2961,11.5976,0.12403,"f"
749,-0.2962,11.6045,0.12404,"f"
750,-0.2963,11.6113,0.12405,"f"
751,-0.2964,11.6182,0.12406,"f"
752,-0.2965,11.6251,0.12406,"f"
753,-0.2966,11.6319,0.12407,"f"
754,-0.2967,11.6388,0.12408,"f"
755,-0.2968,11.6456,0.12409,"f"
756,-0.2969,11.6525,0.1241,"f"
757,-0.297,11.6594,0.1241,"f"
758,-0.2972,11.6662,0.12411,"f"
759,-0.2973,11.6731,0.12412,"f"
760,-0.2974,11.6799,0.12413,"f"
761,-0.2975,11.6868,0.12414,"f"
762,-0.2976,11.6937,0.12415,"f"
763,-0.2977,11.7005,0.12415,"f"
764,-0.2978,11.7074,0.12416,"f"
765,-0.2979,11.7142,0.12417,"f"
766,-0.298,11.7211,0.12418,"f"
767,-0.2981,11.7279,0.12419,"f"
768,-0.2982,11.7348,0.1242,"f"
769,-0.2983,11.7416,0.12421,"f"
770,-0.2984,11.7485,0.12421,"f"
771,-0.2985,11.7553,0.12422,"f"
772,-0.2986,11.7622,0.12423,"f"
773,-0.2987,11.769,0.12424,"f"
774,-0.2988,11.7759,0.12425,"f"
775,-0.2989,11.7827,0.12426,"f"
776,-0.299,11.7896,0.12427,"f"
777,-0.2991,11.7964,0.12428,"f"
778,-0.2992,11.8033,0.12429,"f"
779,-0.2993,11.8101,0.12429,"f"
780,-0.2994,11.817,0.1243,"f"
781,-0.2995,11.8238,0.12431,"f"
782,-0.2996,11.8307,0.12432,"f"
783,-0.2997,11.8375,0.12433,"f"
784,-0.2998,11.8443,0.12434,"f"
785,-0.2999,11.8512,0.12435,"f"
786,-0.3,11.858,0.12436,"f"
787,-0.3001,11.8648,0.12437,"f"
788,-0.3002,11.8717,0.12438,"f"
789,-0.3003,11.8785,0.12439,"f"
790,-0.3004,11.8853,0.1244,"f"
791,-0.3005,11.8922,0.12441,"f"
792,-0.3006,11.899,0.12441,"f"
793,-0.3007,11.9058,0.12442,"f"
794,-0.3007,11.9126,0.12443,"f"
795,-0.3008,11.9194,0.12444,"f"
796,-0.3009,11.9263,0.12445,"f"
797,-0.301,11.9331,0.12446,"f"
798,-0.3011,11.9399,0.12447,"f"
799,-0.3012,11.9467,0.12448,"f"
800,-0.3013,11.9535,0.12449,"f"
801,-0.3014,11.9603,0.1245,"f"
802,-0.3015,11.9671,0.12451,"f"
803,-0.3016,11.9739,0.12452,"f"
804,-0.3017,11.9808,0.12453,"f"
805,-0.3018,11.9876,0.12454,"f"
806,-0.3019,11.9944,0.12455,"f"
807,-0.3019,12.0011,0.12456,"f"
808,-0.302,12.0079,0.12457,"f"
809,-0.3021,12.0147,0.12458,"f"
810,-0.3022,12.0215,0.12459,"f"
811,-0.3023,12.0283,0.1246,"f"
812,-0.3024,12.0351,0.12461,"f"
813,-0.3025,12.0419,0.12462,"f"
814,-0.3026,12.0487,0.12463,"f"
815,-0.3027,12.0554,0.12465,"f"
816,-0.3027,12.0622,0.12466,"f"
817,-0.3028,12.069,0.12467,"f"
818,-0.3029,12.0758,0.12468,"f"
819,-0.303,12.0825,0.12469,"f"
820,-0.3031,12.0893,0.1247,"f"
821,-0.3032,12.0961,0.12471,"f"
822,-0.3033,12.1028,0.12472,"f"
823,-0.3033,12.1096,0.12473,"f"
824,-0.3034,12.1163,0.12474,"f"
825,-0.3035,12.1231,0.12475,"f"
826,-0.3036,12.1298,0.12476,"f"
827,-0.3037,12.1366,0.12477,"f"
828,-0.3038,12.1433,0.12479,"f"
829,-0.3039,12.15,0.1248,"f"
830,-0.3039,12.1568,0.12481,"f"
831,-0.304,12.1635,0.12482,"f"
832,-0.3041,12.1702,0.12483,"f"
833,-0.3042,12.177,0.12484,"f"
834,-0.3043,12.1837,0.12485,"f"
835,-0.3044,12.1904,0.12486,"f"
836,-0.3044,12.1971,0.12487,"f"
837,-0.3045,12.2039,0.12489,"f"
838,-0.3046,12.2106,0.1249,"f"
839,-0.3047,12.2173,0.12491,"f"
840,-0.3048,12.224,0.12492,"f"
841,-0.3048,12.2307,0.12493,"f"
842,-0.3049,12.2374,0.12494,"f"
843,-0.305,12.2441,0.12495,"f"
844,-0.3051,12.2508,0.12497,"f"
845,-0.3052,12.2575,0.12498,"f"
846,-0.3052,12.2642,0.12499,"f"
847,-0.3053,12.2709,0.125,"f"
848,-0.3054,12.2775,0.12501,"f"
849,-0.3055,12.2842,0.12503,"f"
850,-0.3056,12.2909,0.12504,"f"
851,-0.3056,12.2976,0.12505,"f"
852,-0.3057,12.3042,0.12506,"f"
853,-0.3058,12.3109,0.12507,"f"
854,-0.3059,12.3176,0.12509,"f"
855,-0.3059,12.3242,0.1251,"f"
856,-0.306,12.3309,0.12511,"f"
857,-0.3061,12.3375,0.12512,"f"
858,-0.3062,12.3442,0.12513,"f"
859,-0.3063,12.3508,0.12515,"f"
860,-0.3063,12.3575,0.12516,"f"
861,-0.3064,12.3641,0.12517,"f"
862,-0.3065,12.3707,0.12518,"f"
863,-0.3066,12.3774,0.1252,"f"
864,-0.3066,12.384,0.12521,"f"
865,-0.3067,12.3906,0.12522,"f"
866,-0.3068,12.3973,0.12523,"f"
867,-0.3069,12.4039,0.12525,"f"
868,-0.3069,12.4105,0.12526,"f"
869,-0.307,12.4171,0.12527,"f"
870,-0.3071,12.4237,0.12528,"f"
871,-0.3072,12.4303,0.1253,"f"
872,-0.3072,12.4369,0.12531,"f"
873,-0.3073,12.4435,0.12532,"f"
874,-0.3074,12.4501,0.12533,"f"
875,-0.3074,12.4567,0.12535,"f"
876,-0.3075,12.4633,0.12536,"f"
877,-0.3076,12.4699,0.12537,"f"
878,-0.3077,12.4765,0.12539,"f"
879,-0.3077,12.4831,0.1254,"f"
880,-0.3078,12.4896,0.12541,"f"
881,-0.3079,12.4962,0.12543,"f"
882,-0.308,12.5028,0.12544,"f"
883,-0.308,12.5093,0.12545,"f"
884,-0.3081,12.5159,0.12547,"f"
885,-0.3082,12.5225,0.12548,"f"
886,-0.3082,12.529,0.12549,"f"
887,-0.3083,12.5356,0.12551,"f"
888,-0.3084,12.5421,0.12552,"f"
889,-0.3085,12.5487,0.12553,"f"
890,-0.3085,12.5552,0.12555,"f"
891,-0.3086,12.5617,0.12556,"f"
892,-0.3087,12.5683,0.12557,"f"
893,-0.3087,12.5748,0.12559,"f"
894,-0.3088,12.5813,0.1256,"f"
895,-0.3089,12.5879,0.12561,"f"
896,-0.3089,12.5944,0.12563,"f"
897,-0.309,12.6009,0.12564,"f"
898,-0.3091,12.6074,0.12566,"f"
899,-0.3091,12.6139,0.12567,"f"
900,-0.3092,12.6204,0.12568,"f"
901,-0.3093,12.6269,0.1257,"f"
902,-0.3093,12.6334,0.12571,"f"
903,-0.3094,12.6399,0.12573,"f"
904,-0.3095,12.6464,0.12574,"f"
905,-0.3095,12.6529,0.12575,"f"
906,-0.3096,12.6594,0.12577,"f"
907,-0.3097,12.6659,0.12578,"f"
908,-0.3097,12.6723,0.1258,"f"
909,-0.3098,12.6788,0.12581,"f"
910,-0.3099,12.6853,0.12583,"f"
911,-0.3099,12.6918,0.12584,"f"
912,-0.31,12.6982,0.12585,"f"
913,-0.3101,12.7047,0.12587,"f"
914,-0.3101,12.7111,0.12588,"f"
915,-0.3102,12.7176,0.1259,"f"
916,-0.3103,12.724,0.12591,"f"
917,-0.3103,12.7305,0.12593,"f"
918,-0.3104,12.7369,0.12594,"f"
919,-0.3105,12.7434,0.12596,"f"
920,-0.3105,12.7498,0.12597,"f"
921,-0.3106,12.7563,0.12599,"f"
922,-0.3107,12.7627,0.126,"f"
923,-0.3107,12.7691,0.12602,"f"
924,-0.3108,12.7755,0.12603,"f"
925,-0.3109,12.782,0.12605,"f"
926,-0.3109,12.7884,0.12606,"f"
927,-0.311,12.7948,0.12608,"f"
928,-0.311,12.8012,0.12609,"f"
929,-0.3111,12.8076,0.12611,"f"
930,-0.3112,12.814,0.12612,"f"
931,-0.3112,12.8204,0.12614,"f"
932,-0.3113,12.8268,0.12615,"f"
933,-0.3114,12.8332,0.12617,"f"
934,-0.3114,12.8396,0.12618,"f"
935,-0.3115,12.846,0.1262,"f"
936,-0.3116,12.8524,0.12621,"f"
937,-0.3116,12.8588,0.12623,"f"
938,-0.3117,12.8651,0.12625,"f"
939,-0.3117,12.8715,0.12626,"f"
940,-0.3118,12.8779,0.12628,"f"
941,-0.3119,12.8843,0.12629,"f"
942,-0.3119,12.8906,0.12631,"f"
943,-0.312,12.897,0.12632,"f"
944,-0.312,12.9033,0.12634,"f"
945,-0.3121,12.9097,0.12636,"f"
946,-0.3122,12.9161,0.12637,"f"
947,-0.3122,12.9224,0.12639,"f"
948,-0.3123,12.9288,0.1264,"f"
949,-0.3123,12.9351,0.12642,"f"
950,-0.3124,12.9415,0.12644,"f"
951,-0.3125,12.9478,0.12645,"f"
952,-0.3125,12.9541,0.12647,"f"
953,-0.3126,12.9605,0.12648,"f"
954,-0.3126,12.9668,0.1265,"f"
955,-0.3127,12.9732,0.12652,"f"
956,-0.3128,12.9795,0.12653,"f"
957,-0.3128,12.9858,0.12655,"f"
958,-0.3129,12.9921,0.12656,"f"
959,-0.3129,12.9985,0.12658,"f"
960,-0.313,13.0048,0.1266,"f"
961,-0.3131,13.0111,0.12661,"f"
962,-0.3131,13.0174,0.12663,"f"
963,-0.3132,13.0237,0.12665,"f"
964,-0.3132,13.03,0.12666,"f"
965,-0.3133,13.0363,0.12668,"f"
966,-0.3134,13.0427,0.1267,"f"
967,-0.3134,13.049,0.12671,"f"
968,-0.3135,13.0553,0.12673,"f"
969,-0.3135,13.0616,0.12675,"f"
970,-0.3136,13.0679,0.12676,"f"
971,-0.3136,13.0742,0.12678,"f"
972,-0.3137,13.0804,0.1268,"f"
973,-0.3138,13.0867,0.12681,"f"
974,-0.3138,13.093,0.12683,"f"
975,-0.3139,13.0993,0.12685,"f"
976,-0.3139,13.1056,0.12687,"f"
977,-0.314,13.1119,0.12688,"f"
978,-0.314,13.1182,0.1269,"f"
979,-0.3141,13.1245,0.12692,"f"
980,-0.3142,13.1307,0.12693,"f"
981,-0.3142,13.137,0.12695,"f"
982,-0.3143,13.1433,0.12697,"f"
983,-0.3143,13.1496,0.12699,"f"
984,-0.3144,13.1558,0.127,"f"
985,-0.3144,13.1621,0.12702,"f"
986,-0.3145,13.1684,0.12704,"f"
987,-0.3145,13.1746,0.12706,"f"
988,-0.3146,13.1809,0.12707,"f"
989,-0.3147,13.1872,0.12709,"f"
990,-0.3147,13.1934,0.12711,"f"
991,-0.3148,13.1997,0.12713,"f"
992,-0.3148,13.2059,0.12714,"f"
993,-0.3149,13.2122,0.12716,"f"
994,-0.3149,13.2185,0.12718,"f"
995,-0.315,13.2247,0.1272,"f"
996,-0.315,13.231,0.12721,"f"
997,-0.3151,13.2372,0.12723,"f"
998,-0.3152,13.2435,0.12725,"f"
999,-0.3152,13.2497,0.12727,"f"
1000,-0.3153,13.256,0.12729,"f"
1001,-0.3153,13.2622,0.1273,"f"
1002,-0.3154,13.2684,0.12732,"f"
1003,-0.3154,13.2747,0.12734,"f"
1004,-0.3155,13.2809,0.12736,"f"
1005,-0.3155,13.2872,0.12738,"f"
1006,-0.3156,13.2934,0.12739,"f"
1007,-0.3156,13.2996,0.12741,"f"
1008,-0.3157,13.3059,0.12743,"f"
1009,-0.3158,13.3121,0.12745,"f"
1010,-0.3158,13.3183,0.12747,"f"
1011,-0.3159,13.3246,0.12749,"f"
1012,-0.3159,13.3308,0.1275,"f"
1013,-0.316,13.337,0.12752,"f"
1014,-0.316,13.3433,0.12754,"f"
1015,-0.3161,13.3495,0.12756,"f"
1016,-0.3161,13.3557,0.12758,"f"
1017,-0.3162,13.3619,0.1276,"f"
1018,-0.3162,13.3682,0.12762,"f"
1019,-0.3163,13.3744,0.12763,"f"
1020,-0.3163,13.3806,0.12765,"f"
1021,-0.3164,13.3868,0.12767,"f"
1022,-0.3164,13.3931,0.12769,"f"
1023,-0.3165,13.3993,0.12771,"f"
1024,-0.3165,13.4055,0.12773,"f"
1025,-0.3166,13.4117,0.12775,"f"
1026,-0.3167,13.4179,0.12777,"f"
1027,-0.3167,13.4242,0.12779,"f"
1028,-0.3168,13.4304,0.12781,"f"
1029,-0.3168,13.4366,0.12782,"f"
1030,-0.3169,13.4428,0.12784,"f"
1031,-0.3169,13.449,0.12786,"f"
1032,-0.317,13.4552,0.12788,"f"
1033,-0.317,13.4614,0.1279,"f"
1034,-0.3171,13.4677,0.12792,"f"
1035,-0.3171,13.4739,0.12794,"f"
1036,-0.3172,13.4801,0.12796,"f"
1037,-0.3172,13.4863,0.12798,"f"
1038,-0.3173,13.4925,0.128,"f"
1039,-0.3173,13.4987,0.12802,"f"
1040,-0.3174,13.5049,0.12804,"f"
1041,-0.3174,13.5111,0.12806,"f"
1042,-0.3175,13.5173,0.12808,"f"
1043,-0.3175,13.5235,0.1281,"f"
1044,-0.3176,13.5297,0.12812,"f"
1045,-0.3176,13.5359,0.12814,"f"
1046,-0.3177,13.5421,0.12816,"f"
1047,-0.3177,13.5483,0.12818,"f"
1048,-0.3178,13.5545,0.12819,"f"
1049,-0.3178,13.5607,0.12821,"f"
1050,-0.3179,13.5669,0.12823,"f"
1051,-0.3179,13.5731,0.12825,"f"
1052,-0.318,13.5793,0.12827,"f"
1053,-0.318,13.5855,0.12829,"f"
1054,-0.3181,13.5917,0.12832,"f"
1055,-0.3181,13.5979,0.12834,"f"
1056,-0.3182,13.6041,0.12836,"f"
1057,-0.3182,13.6103,0.12838,"f"
1058,-0.3183,13.6165,0.1284,"f"
1059,-0.3183,13.6227,0.12842,"f"
1060,-0.3184,13.6289,0.12844,"f"
1061,-0.3184,13.6351,0.12846,"f"
1062,-0.3185,13.6413,0.12848,"f"
1063,-0.3185,13.6475,0.1285,"f"
1064,-0.3186,13.6537,0.12852,"f"
1065,-0.3186,13.6599,0.12854,"f"
1066,-0.3187,13.6661,0.12856,"f"
1067,-0.3187,13.6723,0.12858,"f"
1068,-0.3188,13.6785,0.1286,"f"
1069,-0.3188,13.6847,0.12862,"f"
1070,-0.3189,13.6909,0.12864,"f"
1071,-0.3189,13.6971,0.12866,"f"
1072,-0.319,13.7033,0.12868,"f"
1073,-0.319,13.7095,0.12871,"f"
1074,-0.3191,13.7157,0.12873,"f"
1075,-0.3191,13.7218,0.12875,"f"
1076,-0.3192,13.728,0.12877,"f"
1077,-0.3192,13.7342,0.12879,"f"
1078,-0.3193,13.7404,0.12881,"f"
1079,-0.3193,13.7466,0.12883,"f"
1080,-0.3194,13.7528,0.12885,"f"
1081,-0.3194,13.759,0.12887,"f"
1082,-0.3195,13.7652,0.1289,"f"
1083,-0.3195,13.7714,0.12892,"f"
1084,-0.3196,13.7776,0.12894,"f"
1085,-0.3196,13.7838,0.12896,"f"
1086,-0.3197,13.7899,0.12898,"f"
1087,-0.3197,13.7961,0.129,"f"
1088,-0.3198,13.8023,0.12902,"f"
1089,-0.3198,13.8085,0.12905,"f"
1090,-0.3198,13.8147,0.12907,"f"
1091,-0.3199,13.8209,0.12909,"f"
1092,-0.3199,13.8271,0.12911,"f"
1093,-0.32,13.8333,0.12913,"f"
1094,-0.32,13.8395,0.12915,"f"
1095,-0.3201,13.8456,0.12918,"f"
1096,-0.3201,13.8518,0.1292,"f"
1097,-0.3202,13.858,0.12922,"f"
1098,-0.3202,13.8642,0.12924,"f"
1099,-0.3203,13.8704,0.12926,"f"
1100,-0.3203,13.8766,0.12929,"f"
1101,-0.3204,13.8828,0.12931,"f"
1102,-0.3204,13.8889,0.12933,"f"
1103,-0.3205,13.8951,0.12935,"f"
1104,-0.3205,13.9013,0.12937,"f"
1105,-0.3206,13.9075,0.1294,"f"
1106,-0.3206,13.9137,0.12942,"f"
1107,-0.3207,13.9199,0.12944,"f"
1108,-0.3207,13.9261,0.12946,"f"
1109,-0.3208,13.9322,0.12948,"f"
1110,-0.3208,13.9384,0.12951,"f"
1111,-0.3208,13.9446,0.12953,"f"
1112,-0.3209,13.9508,0.12955,"f"
1113,-0.3209,13.957,0.12957,"f"
1114,-0.321,13.9632,0.1296,"f"
1115,-0.321,13.9693,0.12962,"f"
1116,-0.3211,13.9755,0.12964,"f"
1117,-0.3211,13.9817,0.12967,"f"
1118,-0.3212,13.9879,0.12969,"f"
1119,-0.3212,13.9941,0.12971,"f"
1120,-0.3213,14.0003,0.12973,"f"
1121,-0.3213,14.0064,0.12976,"f"
1122,-0.3214,14.0126,0.12978,"f"
1123,-0.3214,14.0188,0.1298,"f"
1124,-0.3215,14.025,0.12982,"f"
1125,-0.3215,14.0312,0.12985,"f"
1126,-0.3216,14.0373,0.12987,"f"
1127,-0.3216,14.0435,0.12989,"f"
1128,-0.3216,14.0497,0.12992,"f"
1129,-0.3217,14.0559,0.12994,"f"
1130,-0.3217,14.0621,0.12996,"f"
1131,-0.3218,14.0682,0.12999,"f"
1132,-0.3218,14.0744,0.13001,"f"
1133,-0.3219,14.0806,0.13003,"f"
1134,-0.3219,14.0868,0.13006,"f"
1135,-0.322,14.093,0.13008,"f"
1136,-0.322,14.0991,0.1301,"f"
1137,-0.3221,14.1053,0.13013,"f"
1138,-0.3221,14.1115,0.13015,"f"
1139,-0.3222,14.1177,0.13017,"f"
1140,-0.3222,14.1238,0.1302,"f"
1141,-0.3222,14.13,0.13022,"f"
1142,-0.3223,14.1362,0.13024,"f"
1143,-0.3223,14.1424,0.13027,"f"
1144,-0.3224,14.1485,0.13029,"f"
1145,-0.3224,14.1547,0.13032,"f"
1146,-0.3225,14.1609,0.13034,"f"
1147,-0.3225,14.1671,0.13036,"f"
1148,-0.3226,14.1732,0.13039,"f"
1149,-0.3226,14.1794,0.13041,"f"
1150,-0.3227,14.1856,0.13043,"f"
1151,-0.3227,14.1917,0.13046,"f"
1152,-0.3227,14.1979,0.13048,"f"
1153,-0.3228,14.2041,0.13051,"f"
1154,-0.3228,14.2103,0.13053,"f"
1155,-0.3229,14.2164,0.13055,"f"
1156,-0.3229,14.2226,0.13058,"f"
1157,-0.323,14.2288,0.1306,"f"
1158,-0.323,14.2349,0.13063,"f"
1159,-0.3231,14.2411,0.13065,"f"
1160,-0.3231,14.2473,0.13068,"f"
1161,-0.3232,14.2534,0.1307,"f"
1162,-0.3232,14.2596,0.13072,"f"
1163,-0.3232,14.2658,0.13075,"f"
1164,-0.3233,14.2719,0.13077,"f"
1165,-0.3233,14.2781,0.1308,"f"
1166,-0.3234,14.2843,0.13082,"f"
1167,-0.3234,14.2904,0.13085,"f"
1168,-0.3235,14.2966,0.13087,"f"
1169,-0.3235,14.3028,0.1309,"f"
1170,-0.3236,14.3089,0.13092,"f"
1171,-0.3236,14.3151,0.13095,"f"
1172,-0.3237,14.3213,0.13097,"f"
1173,-0.3237,14.3274,0.13099,"f"
1174,-0.3237,14.3336,0.13102,"f"
1175,-0.3238,14.3397,0.13104,"f"
1176,-0.3238,14.3459,0.13107,"f"
1177,-0.3239,14.3521,0.13109,"f"
1178,-0.3239,14.3582,0.13112,"f"
1179,-0.324,14.3644,0.13114,"f"
1180,-0.324,14.3705,0.13117,"f"
1181,-0.3241,14.3767,0.13119,"f"
1182,-0.3241,14.3829,0.13122,"f"
1183,-0.3241,14.389,0.13124,"f"
1184,-0.3242,14.3952,0.13127,"f"
1185,-0.3242,14.4013,0.13129,"f"
1186,-0.3243,14.4075,0.13132,"f"
1187,-0.3243,14.4136,0.13134,"f"
1188,-0.3244,14.4198,0.13137,"f"
1189,-0.3244,14.4259,0.1314,"f"
1190,-0.3245,14.4321,0.13142,"f"
1191,-0.3245,14.4382,0.13145,"f"
1192,-0.3245,14.4444,0.13147,"f"
1193,-0.3246,14.4505,0.1315,"f"
1194,-0.3246,14.4567,0.13152,"f"
1195,-0.3247,14.4628,0.13155,"f"
1196,-0.3247,14.469,0.13157,"f"
1197,-0.3248,14.4751,0.1316,"f"
1198,-0.3248,14.4813,0.13162,"f"
1199,-0.3249,14.4874,0.13165,"f"
1200,-0.3249,14.4936,0.13167,"f"
1201,-0.3249,14.4997,0.1317,"f"
1202,-0.325,14.5059,0.13173,"f"
1203,-0.325,14.512,0.13175,"f"
1204,-0.3251,14.5181,0.13178,"f"
1205,-0.3251,14.5243,0.1318,"f"
1206,-0.3252,14.5304,0.13183,"f"
1207,-0.3252,14.5366,0.13185,"f"
1208,-0.3253,14.5427,0.13188,"f"
1209,-0.3253,14.5488,0.13191,"f"
1210,-0.3253,14.555,0.13193,"f"
1211,-0.3254,14.5611,0.13196,"f"
1212,-0.3254,14.5673,0.13198,"f"
1213,-0.3255,14.5734,0.13201,"f"
1214,-0.3255,14.5795,0.13204,"f"
1215,-0.3256,14.5857,0.13206,"f"
1216,-0.3256,14.5918,0.13209,"f"
1217,-0.3257,14.5979,0.13211,"f"
1218,-0.3257,14.6041,0.13214,"f"
1219,-0.3257,14.6102,0.13217,"f"
1220,-0.3258,14.6163,0.13219,"f"
1221,-0.3258,14.6225,0.13222,"f"
1222,-0.3259,14.6286,0.13225,"f"
1223,-0.3259,14.6347,0.13227,"f"
1224,-0.326,14.6408,0.1323,"f"
1225,-0.326,14.647,0.13232,"f"
1226,-0.3261,14.6531,0.13235,"f"
1227,-0.3261,14.6592,0.13238,"f"
1228,-0.3261,14.6653,0.1324,"f"
1229,-0.3262,14.6715,0.13243,"f"
1230,-0.3262,14.6776,0.13246,"f"
1231,-0.3263,14.6837,0.13248,"f"
1232,-0.3263,14.6898,0.13251,"f"
1233,-0.3264,14.696,0.13254,"f"
1234,-0.3264,14.7021,0.13256,"f"
1235,-0.3264,14.7082,0.13259,"f"
1236,-0.3265,14.7143,0.13262,"f"
1237,-0.3265,14.7204,0.13264,"f"
1238,-0.3266,14.7265,0.13267,"f"
1239,-0.3266,14.7327,0.13269,"f"
1240,-0.3267,14.7388,0.13272,"f"
1241,-0.3267,14.7449,0.13275,"f"
1242,-0.3268,14.751,0.13278,"f"
1243,-0.3268,14.7571,0.1328,"f"
1244,-0.3268,14.7632,0.13283,"f"
1245,-0.3269,14.7693,0.13286,"f"
1246,-0.3269,14.7754,0.13288,"f"
1247,-0.327,14.7816,0.13291,"f"
1248,-0.327,14.7877,0.13294,"f"
1249,-0.3271,14.7938,0.13296,"f"
1250,-0.3271,14.7999,0.13299,"f"
1251,-0.3271,14.806,0.13302,"f"
1252,-0.3272,14.8121,0.13304,"f"
1253,-0.3272,14.8182,0.13307,"f"
1254,-0.3273,14.8243,0.1331,"f"
1255,-0.3273,14.8304,0.13312,"f"
1256,-0.3274,14.8365,0.13315,"f"
1257,-0.3274,14.8426,0.13318,"f"
1258,-0.3274,14.8487,0.13321,"f"
1259,-0.3275,14.8548,0.13323,"f"
1260,-0.3275,14.8609,0.13326,"f"
1261,-0.3276,14.867,0.13329,"f"
1262,-0.3276,14.8731,0.13331,"f"
1263,-0.3277,14.8792,0.13334,"f"
1264,-0.3277,14.8853,0.13337,"f"
1265,-0.3278,14.8913,0.13339,"f"
1266,-0.3278,14.8974,0.13342,"f"
1267,-0.3278,14.9035,0.13345,"f"
1268,-0.3279,14.9096,0.13348,"f"
1269,-0.3279,14.9157,0.1335,"f"
1270,-0.328,14.9218,0.13353,"f"
1271,-0.328,14.9279,0.13356,"f"
1272,-0.3281,14.934,0.13359,"f"
1273,-0.3281,14.94,0.13361,"f"
1274,-0.3281,14.9461,0.13364,"f"
1275,-0.3282,14.9522,0.13367,"f"
1276,-0.3282,14.9583,0.13369,"f"
1277,-0.3283,14.9644,0.13372,"f"
1278,-0.3283,14.9704,0.13375,"f"
1279,-0.3284,14.9765,0.13378,"f"
1280,-0.3284,14.9826,0.1338,"f"
1281,-0.3284,14.9887,0.13383,"f"
1282,-0.3285,14.9948,0.13386,"f"
1283,-0.3285,15.0008,0.13389,"f"
1284,-0.3286,15.0069,0.13391,"f"
1285,-0.3286,15.013,0.13394,"f"
1286,-0.3287,15.019,0.13397,"f"
1287,-0.3287,15.0251,0.134,"f"
1288,-0.3287,15.0312,0.13402,"f"
1289,-0.3288,15.0373,0.13405,"f"
1290,-0.3288,15.0433,0.13408,"f"
1291,-0.3289,15.0494,0.13411,"f"
1292,-0.3289,15.0555,0.13413,"f"
1293,-0.329,15.0615,0.13416,"f"
1294,-0.329,15.0676,0.13419,"f"
1295,-0.329,15.0736,0.13422,"f"
1296,-0.3291,15.0797,0.13425,"f"
1297,-0.3291,15.0858,0.13427,"f"
1298,-0.3292,15.0918,0.1343,"f"
1299,-0.3292,15.0979,0.13433,"f"
1300,-0.3293,15.1039,0.13436,"f"
1301,-0.3293,15.11,0.13438,"f"
1302,-0.3293,15.1161,0.13441,"f"
1303,-0.3294,15.1221,0.13444,"f"
1304,-0.3294,15.1282,0.13447,"f"
1305,-0.3295,15.1342,0.13449,"f"
1306,-0.3295,15.1403,0.13452,"f"
1307,-0.3296,15.1463,0.13455,"f"
1308,-0.3296,15.1524,0.13458,"f"
1309,-0.3296,15.1584,0.13461,"f"
1310,-0.3297,15.1645,0.13463,"f"
1311,-0.3297,15.1705,0.13466,"f"
1312,-0.3298,15.1766,0.13469,"f"
1313,-0.3298,15.1826,0.13472,"f"
1314,-0.3299,15.1887,0.13474,"f"
1315,-0.3299,15.1947,0.13477,"f"
1316,-0.3299,15.2008,0.1348,"f"
1317,-0.33,15.2068,0.13483,"f"
1318,-0.33,15.2128,0.13486,"f"
1319,-0.3301,15.2189,0.13488,"f"
1320,-0.3301,15.2249,0.13491,"f"
1321,-0.3302,15.231,0.13494,"f"
1322,-0.3302,15.237,0.13497,"f"
1323,-0.3302,15.243,0.135,"f"
1324,-0.3303,15.2491,0.13502,"f"
1325,-0.3303,15.2551,0.13505,"f"
1326,-0.3304,15.2611,0.13508,"f"
1327,-0.3304,15.2672,0.13511,"f"
1328,-0.3305,15.2732,0.13514,"f"
1329,-0.3305,15.2792,0.13516,"f"
1330,-0.3305,15.2853,0.13519,"f"
1331,-0.3306,15.2913,0.13522,"f"
1332,-0.3306,15.2973,0.13525,"f"
1333,-0.3307,15.3034,0.13527,"f"
1334,-0.3307,15.3094,0.1353,"f"
1335,-0.3308,15.3154,0.13533,"f"
1336,-0.3308,15.3214,0.13536,"f"
1337,-0.3308,15.3275,0.13539,"f"
1338,-0.3309,15.3335,0.13541,"f"
1339,-0.3309,15.3395,0.13544,"f"
1340,-0.331,15.3455,0.13547,"f"
1341,-0.331,15.3516,0.1355,"f"
1342,-0.3311,15.3576,0.13553,"f"
1343,-0.3311,15.3636,0.13555,"f"
1344,-0.3311,15.3696,0.13558,"f"
1345,-0.3312,15.3756,0.13561,"f"
1346,-0.3312,15.3817,0.13564,"f"
1347,-0.3313,15.3877,0.13567,"f"
1348,-0.3313,15.3937,0.13569,"f"
1349,-0.3314,15.3997,0.13572,"f"
1350,-0.3314,15.4057,0.13575,"f"
1351,-0.3314,15.4117,0.13578,"f"
1352,-0.3315,15.4178,0.13581,"f"
1353,-0.3315,15.4238,0.13584,"f"
1354,-0.3316,15.4298,0.13586,"f"
1355,-0.3316,15.4358,0.13589,"f"
1356,-0.3317,15.4418,0.13592,"f"
1357,-0.3317,15.4478,0.13595,"f"
1358,-0.3317,15.4538,0.13598,"f"
1359,-0.3318,15.4598,0.136,"f"
1360,-0.3318,15.4658,0.13603,"f"
1361,-0.3319,15.4719,0.13606,"f"
1362,-0.3319,15.4779,0.13609,"f"
1363,-0.332,15.4839,0.13612,"f"
1364,-0.332,15.4899,0.13614,"f"
1365,-0.332,15.4959,0.13617,"f"
1366,-0.3321,15.5019,0.1362,"f"
1367,-0.3321,15.5079,0.13623,"f"
1368,-0.3322,15.5139,0.13626,"f"
1369,-0.3322,15.5199,0.13628,"f"
1370,-0.3322,15.5259,0.13631,"f"
1371,-0.3323,15.5319,0.13634,"f"
1372,-0.3323,15.5379,0.13637,"f"
1373,-0.3324,15.5439,0.1364,"f"
1374,-0.3324,15.5499,0.13642,"f"
1375,-0.3325,15.5559,0.13645,"f"
1376,-0.3325,15.5619,0.13648,"f"
1377,-0.3325,15.5679,0.13651,"f"
1378,-0.3326,15.5739,0.13654,"f"
1379,-0.3326,15.5799,0.13656,"f"
1380,-0.3327,15.5859,0.13659,"f"
1381,-0.3327,15.5918,0.13662,"f"
1382,-0.3328,15.5978,0.13665,"f"
1383,-0.3328,15.6038,0.13668,"f"
1384,-0.3328,15.6098,0.1367,"f"
1385,-0.3329,15.6158,0.13673,"f"
1386,-0.3329,15.6218,0.13676,"f"
1387,-0.333,15.6278,0.13679,"f"
1388,-0.333,15.6338,0.13682,"f"
1389,-0.3331,15.6398,0.13684,"f"
1390,-0.3331,15.6458,0.13687,"f"
1391,-0.3331,15.6517,0.1369,"f"
1392,-0.3332,15.6577,0.13693,"f"
1393,-0.3332,15.6637,0.13696,"f"
1394,-0.3333,15.6697,0.13698,"f"
1395,-0.3333,15.6757,0.13701,"f"
1396,-0.3334,15.6817,0.13704,"f"
1397,-0.3334,15.6877,0.13707,"f"
1398,-0.3334,15.6936,0.1371,"f"
1399,-0.3335,15.6996,0.13712,"f"
1400,-0.3335,15.7056,0.13715,"f"
1401,-0.3336,15.7116,0.13718,"f"
1402,-0.3336,15.7176,0.13721,"f"
1403,-0.3337,15.7236,0.13724,"f"
1404,-0.3337,15.7295,0.13726,"f"
1405,-0.3337,15.7355,0.13729,"f"
1406,-0.3338,15.7415,0.13732,"f"
1407,-0.3338,15.7475,0.13735,"f"
1408,-0.3339,15.7534,0.13737,"f"
1409,-0.3339,15.7594,0.1374,"f"
1410,-0.3339,15.7654,0.13743,"f"
1411,-0.334,15.7714,0.13746,"f"
1412,-0.334,15.7774,0.13749,"f"
1413,-0.3341,15.7833,0.13751,"f"
1414,-0.3341,15.7893,0.13754,"f"
1415,-0.3342,15.7953,0.13757,"f"
1416,-0.3342,15.8013,0.1376,"f"
1417,-0.3342,15.8072,0.13763,"f"
1418,-0.3343,15.8132,0.13765,"f"
1419,-0.3343,15.8192,0.13768,"f"
1420,-0.3344,15.8252,0.13771,"f"
1421,-0.3344,15.8311,0.13774,"f"
1422,-0.3345,15.8371,0.13776,"f"
1423,-0.3345,15.8431,0.13779,"f"
1424,-0.3345,15.849,0.13782,"f"
1425,-0.3346,15.855,0.13785,"f"
1426,-0.3346,15.861,0.13788,"f"
1427,-0.3347,15.8669,0.1379,"f"
1428,-0.3347,15.8729,0.13793,"f"
1429,-0.3348,15.8789,0.13796,"f"
1430,-0.3348,15.8849,0.13799,"f"
1431,-0.3348,15.8908,0.13801,"f"
1432,-0.3349,15.8968,0.13804,"f"
1433,-0.3349,15.9028,0.13807,"f"
1434,-0.335,15.9087,0.1381,"f"
1435,-0.335,15.9147,0.13813,"f"
1436,-0.3351,15.9207,0.13815,"f"
1437,-0.3351,15.9266,0.13818,"f"
1438,-0.3351,15.9326,0.13821,"f"
1439,-0.3352,15.9386,0.13824,"f"
1440,-0.3352,15.9445,0.13826,"f"
1441,-0.3353,15.9505,0.13829,"f"
1442,-0.3353,15.9565,0.13832,"f"
1443,-0.3354,15.9624,0.13835,"f"
1444,-0.3354,15.9684,0.13838,"f"
1445,-0.3354,15.9744,0.1384,"f"
1446,-0.3355,15.9803,0.13843,"f"
1447,-0.3355,15.9863,0.13846,"f"
1448,-0.3356,15.9922,0.13849,"f"
1449,-0.3356,15.9982,0.13851,"f"
1450,-0.3357,16.0042,0.13854,"f"
1451,-0.3357,16.0101,0.13857,"f"
1452,-0.3357,16.0161,0.1386,"f"
1453,-0.3358,16.0221,0.13862,"f"
1454,-0.3358,16.028,0.13865,"f"
1455,-0.3359,16.034,0.13868,"f"
1456,-0.3359,16.0399,0.13871,"f"
1457,-0.3359,16.0459,0.13873,"f"
1458,-0.336,16.0519,0.13876,"f"
1459,-0.336,16.0578,0.13879,"f"
1460,-0.3361,16.0638,0.13882,"f"
1461,-0.51599997,16.198,0.1244,"f"
1462,-0.51626385925634,16.2035449591364,0.124423749973696,"f"
1463,-0.51652774851268,16.2090899182729,0.124447499947391,"f"
1464,-0.51679163776902,16.2146348774093,0.124471249921087,"f"
1465,-0.51705552702536,16.2201798365458,0.124494999894783,"f"
1466,-0.5173194162817,16.2257247956822,0.124518749868478,"f"
1467,-0.51758330553804,16.2312697548187,0.124542499842174,"f"
1468,-0.51784719479438,16.2368147139551,0.12456624981587,"f"
1469,-0.51811108405072,16.2423596730916,0.124589999789565,"f"
1470,-0.51837497330706,16.247904632228,0.124613749763261,"f"
1471,-0.5186388625634,16.2534495913645,0.124637499736957,"f"
1472,-0.51890275181974,16.2589945505009,0.124661249710652,"f"
1473,-0.51916664107608,16.2645395096374,0.124684999684348,"f"
1474,-0.51943053033242,16.2700844687738,0.124708749658044,"f"
1475,-0.51969441958876,16.2756294279103,0.124732499631739,"f"
1476,-0.5199583088451,16.2811743870467,0.124756249605435,"f"
1477,-0.52022219810144,16.2867193461831,0.124779999579131,"f"
1478,-0.52048608735778,16.2922643053196,0.124803749552826,"f"
1479,-0.52074997661412,16.297809264456,0.124827499526522,"f"
1480,-0.52101386587046,16.3033542235925,0.124851249500218,"f"
1481,-0.5212777551268,16.3088991827289,0.124874999473913,"f"
1482,-0.52154164438314,16.3144441418654,0.124898749447609,"f"
1483,-0.52180553363948,16.3199891010018,0.124922499421305,"f"
1484,-0.52206942289582,16.3255340601383,0.124946249395,"f"
1485,-0.52233331215216,16.3310790192747,0.124969999368696,"f"
1486,-0.5225972014085,16.3366239784112,0.124993749342392,"f"
1487,-0.52286109066484,16.3421689375476,0.125017499316087,"f"
1488,-0.52312497992118,16.3477138966841,0.125041249289783,"f"
1489,-0.52338886917752,16.3532588558205,0.125064999263479,"f"
1490,-0.52365275843386,16.358803814957,0.125088749237174,"f"
1491,-0.523916647690201,16.3643487740934,0.12511249921087,"f"
1492,-0.524185609425431,16.3698761385436,0.125135959047612,"f"
1493,-0.524456867926285,16.3753954453511,0.125159285552678,"f"
1494,-0.524728013076748,16.3809149149142,0.125182613573984,"f"
1495,-0.524998977573684,16.3864346438709,0.125205944011815,"f"
1496,-0.525269694113955,16.3919547288592,0.125229277766455,"f"
1497,-0.525540095394426,16.3974752665171,0.12525261573819,"f"
1498,-0.525810114111961,16.4029963534828,0.125275958827304,"f"
1499,-0.526079682963422,16.4085180863941,0.125299307934083,"f"
1500,-0.526348734645673,16.4140405618893,0.125322663958812,"f"
1501,-0.526617201855578,16.4195638766062,0.125346027801775,"f"
1502,-0.52688501729,16.4250881271829,0.125369400363259,"f"
1503,-0.527152113645804,16.4306134102575,0.125392782543548,"f"
1504,-0.527418423619852,16.436139822468,0.125416175242926,"f"
1505,-0.527683879909007,16.4416674604524,0.12543957936168,"f"
1506,-0.527948415210135,16.4471964208488,0.125462995800094,"f"
1507,-0.528211962220097,16.4527268002952,0.125486425458454,"f"
1508,-0.528474453635759,16.4582586954296,0.125509869237044,"f"
1509,-0.528735822153982,16.4637922028901,0.125533328036149,"f"
1510,-0.528996000471631,16.4693274193146,0.125556802756055,"f"
1511,-0.52925492128557,16.4748644413413,0.125580294297047,"f"
1512,-0.529512517292662,16.4804033656082,0.125603803559409,"f"
1513,-0.529768721189769,16.4859442887533,0.125627331443427,"f"
1514,-0.530023465673757,16.4914873074146,0.125650878849386,"f"
1515,-0.530276683441489,16.4970325182302,0.12567444667757,"f"
1516,-0.530528307189828,16.5025800178381,0.125698035828266,"f"
1517,-0.530778269615637,16.5081299028764,0.125721647201758,"f"
1518,-0.53102650341578,16.513682269983,0.125745281698331,"f"
1519,-0.531272941287122,16.519237215796,0.12576894021827,"f"
1520,-0.531517515926524,16.5247948369535,0.12579262366186,"f"
1521,-0.531760160030852,16.5303552300935,0.125816332929387,"f"
1522,-0.532000806296969,16.535918491854,0.125840068921135,"f"
1523,-0.532239423553945,16.5414847039656,0.125863832289042,"f"
1524,-0.532476123726017,16.5470538891213,0.125887622701508,"f"
1525,-0.532711054156346,16.5526260554006,0.12591143958349,"f"
1526,-0.532944362188096,16.5582012108834,0.125935282359943,"f"
1527,-0.53317619516443,16.5637793636494,0.125959150455821,"f"
1528,-0.533406700428509,16.5693605217782,0.125983043296083,"f"
1529,-0.533636025323497,16.5749446933496,0.126006960305681,"f"
1530,-0.533864317192556,16.5805318864434,0.126030900909573,"f"
1531,-0.53409172337885,16.5861221091392,0.126054864532714,"f"
1532,-0.534318391225541,16.5917153695167,0.12607885060006,"f"
1533,-0.534544468075791,16.5973116756558,0.126102858536566,"f"
1534,-0.534770101272764,16.602911035636,0.126126887767188,"f"
1535,-0.534995438159622,16.6085134575372,0.126150937716882,"f"
1536,-0.535220626079528,16.614118949439,0.126175007810602,"f"
1537,-0.535445812375644,16.6197275194212,0.126199097473306,"f"
1538,-0.535671144391134,16.6253391755635,0.126223206129948,"f"
1539,-0.53589676946916,16.6309539259456,0.126247333205484,"f"
1540,-0.536122834952885,16.6365717786473,0.126271478124869,"f"
1541,-0.536349488185471,16.6421927417482,0.126295640313061,"f"
1542,-0.536576876510081,16.6478168233281,0.126319819195013,"f"
1543,-0.536805147269879,16.6534440314668,0.126344014195682,"f"
1544,-0.537034447808026,16.6590743742438,0.126368224740023,"f"
1545,-0.537264925467686,16.664707859739,0.126392450252992,"f"
1546,-0.53749672759202,16.6703444960321,0.126416690159544,"f"
1547,-0.537730001524193,16.6759842912028,0.126440943884636,"f"
1548,-0.537964894607367,16.6816272533308,0.126465210853223,"f"
1549,-0.538201554184704,16.6872733904958,0.12648949049026,"f"
1550,-0.538440127599367,16.6929227107776,0.126513782220703,"f"
1551,-0.538680762194518,16.6985752222559,0.126538085469508,"f"
1552,-0.538923605313322,16.7042309330104,0.12656239966163,"f"
1553,-0.53916879021687,16.7098898400522,0.126586724229212,"f"
1554,-0.539416298247072,16.7155518209826,0.126611058681929,"f"
1555,-0.539666018053866,16.7212166805464,0.126635402576758,"f"
1556,-0.539917836964683,16.7268842224485,0.126659755471354,"f"
1557,-0.540171642306956,16.7325542503943,0.126684116923373,"f"
1558,-0.540427321408115,16.7382265680889,0.126708486490467,"f"
1559,-0.54068476159559,16.7439009792373,0.126732863730291,"f"
1560,-0.540943850196814,16.7495772875449,0.1267572482005,"f"
1561,-0.541204474539216,16.7552552967167,0.126781639458747,"f"
1562,-0.541466521950229,16.7609348104578,0.126806037062687,"f"
1563,-0.541729879757284,16.7666156324735,0.126830440569975,"f"
1564,-0.54199443528781,16.7722975664689,0.126854849538263,"f"
1565,-0.542260075869241,16.7779804161492,0.126879263525207,"f"
1566,-0.542526688829005,16.7836639852194,0.126903682088461,"f"
1567,-0.542794161494536,16.7893480773849,0.126928104785679,"f"
1568,-0.543062381193263,16.7950324963506,0.126952531174515,"f"
1569,-0.543331235252619,16.8007170458219,0.126976960812624,"f"
1570,-0.543600611000033,16.8064015295038,0.127001393257659,"f"
1571,-0.543870395762937,16.8120857511014,0.127025828067276,"f"
1572,-0.544140476868763,16.81776951432,0.127050264799127,"f"
1573,-0.54441074164494,16.8234526228648,0.127074703010869,"f"
1574,-0.544681077418901,16.8291348804407,0.127099142260153,"f"
1575,-0.544951371518076,16.8348160907531,0.127123582104636,"f"
1576,-0.545221511269897,16.8404960575071,0.127148022101971,"f"
1577,-0.545491384001795,16.8461745844078,0.127172461809812,"f"
1578,-0.5457608770412,16.8518514751604,0.127196900785814,"f"
1579,-0.546029877715544,16.85752653347,0.127221338587631,"f"
1580,-0.546298273352257,16.8631995630418,0.127245774772917,"f"
1581,-0.546565951278772,16.868870367581,0.127270208899326,"f"
1582,-0.546832798822518,16.8745387507927,0.127294640524513,"f"
1583,-0.547098704849078,16.8802045203233,0.127319069213553,"f"
1584,-0.547363629385295,16.8858676661575,0.127343494874887,"f"
1585,-0.547627632071001,16.8915284335208,0.127367917897602,"f"
1586,-0.547890779977088,16.8971870866797,0.127392338706641,"f"
1587,-0.54815314017445,16.9028438899004,0.127416757726949,"f"
1588,-0.548414779733979,16.9084991074494,0.127441175383468,"f"
1589,-0.548675765726568,16.9141530035929,0.127465592101143,"f"
1590,-0.548936165223111,16.9198058425974,0.127490008304916,"f"
1591,-0.549196045294499,16.9254578887292,0.127514424419732,"f"
1592,-0.549455473011626,16.9311094062546,0.127538840870533,"f"
1593,-0.549714515445386,16.93676065944,0.127563258082264,"f"
1594,-0.54997323966667,16.9424119125518,0.127587676479868,"f"
1595,-0.550231712746371,16.9480634298562,0.127612096488288,"f"
1596,-0.550490001755383,16.9537154756198,0.127636518532468,"f"
1597,-0.550748173764598,16.9593683141088,0.127660943037352,"f"
1598,-0.551006295844909,16.9650222095895,0.127685370427883,"f"
1599,-0.55126443506721,16.9706774263284,0.127709801129004,"f"
1600,-0.551522658502392,16.9763342285918,0.12773423556566,"f"
1601,-0.551781033221349,16.981992880646,0.127758674162793,"f"
1602,-0.552039626294974,16.9876536467575,0.127783117345348,"f"
1603,-0.55229850479416,16.9933167911925,0.127807565538267,"f"
1604,-0.552557735789799,16.9989825782174,0.127832019166495,"f"
1605,-0.552817386352784,17.0046512720985,0.127856478654975,"f"
1606,-0.553077523554009,17.0103231371023,0.12788094442865,"f"
1607,-0.553338214464365,17.0159984374951,0.127905416912464,"f"
1608,-0.553599526154747,17.0216774375432,0.127929896531361,"f"
1609,-0.553861525696046,17.027360401513,0.127954383710284,"f"
1610,-0.554124280159157,17.0330475936708,0.127978878874176,"f"
1611,-0.554387856614971,17.0387392782831,0.128003382447981,"f"
1612,-0.554652322134381,17.044435719616,0.128027894856644,"f"
1613,-0.554917743788281,17.0501371819362,0.128052416525106,"f"
1614,-0.555184178441739,17.0558439109483,0.128076947876956,"f"
1615,-0.555451574145056,17.061555954455,0.128101489321317,"f"
1616,-0.555719813146831,17.0672732405844,0.128126041258569,"f"
1617,-0.555988776780775,17.0729956958011,0.128150604088969,"f"
1618,-0.556258346380598,17.0787232465693,0.128175178212774,"f"
1619,-0.556528403280011,17.0844558193535,0.128199764030241,"f"
1620,-0.556798828812723,17.090193340618,0.128224361941627,"f"
1621,-0.557069504312446,17.0959357368272,0.12824897234719,"f"
1622,-0.557340311112889,17.1016829344455,0.128273595647186,"f"
1623,-0.557611130547763,17.1074348599373,0.128298232241874,"f"
1624,-0.557881843950778,17.1131914397669,0.128322882531509,"f"
1625,-0.558152332655644,17.1189526003988,0.12834754691635,"f"
1626,-0.558422477996073,17.1247182682973,0.128372225796653,"f"
1627,-0.558692161305773,17.1304883699267,0.128396919572675,"f"
1628,-0.558961263918456,17.1362628317516,0.128421628644674,"f"
1629,-0.559229667167832,17.1420415802361,0.128446353412908,"f"
1630,-0.559497252387611,17.1478245418449,0.128471094277632,"f"
1631,-0.559763900911503,17.1536116430421,0.128495851639105,"f"
1632,-0.560029494073219,17.1594028102922,0.128520625897583,"f"
1633,-0.560293913206469,17.1651979700596,0.128545417453324,"f"
1634,-0.560557039644964,17.1709970488086,0.128570226706584,"f"
1635,-0.560818754722413,17.1767999730037,0.128595054057622,"f"
1636,-0.561078939772527,17.1826066691091,0.128619899906694,"f"
1637,-0.561337476129017,17.1884170635894,0.128644764654057,"f"
1638,-0.561594245125593,17.1942310829088,0.128669648699969,"f"
1639,-0.561849128095964,17.2000486535318,0.128694552444687,"f"
1640,-0.562102006373842,17.2058697019227,0.128719476288468,"f"
1641,-0.562352761292937,17.2116941545459,0.128744420631568,"f"
1642,-0.562601274186959,17.2175219378658,0.128769385874246,"f"
1643,-0.562847426389618,17.2233529783468,0.128794372416759,"f"
1644,-0.563091101783687,17.2291872007864,0.128819380640127,"f"
1645,-0.563332299715023,17.2350244544796,0.128844410054034,"f"
1646,-0.563571179742775,17.2408644839565,0.128869458959126,"f"
1647,-0.563807913227303,17.2467070260301,0.128894525566986,"f"
1648,-0.564042671528972,17.2525518175136,0.128919608089203,"f"
1649,-0.564275626008143,17.25839859522,0.128944704737361,"f"
1650,-0.564506948025178,17.2642470959624,0.128969813723048,"f"
1651,-0.564736808940441,17.2700970565538,0.128994933257849,"f"
1652,-0.564965380114292,17.2759482138074,0.129020061553351,"f"
1653,-0.565192832907096,17.2818003045362,0.129045196821139,"f"
1654,-0.565419338679214,17.2876530655533,0.1290703372728,"f"
1655,-0.565645068791009,17.2935062336718,0.12909548111992,"f"
1656,-0.565870194602843,17.2993595457048,0.129120626574086,"f"
1657,-0.566094887475079,17.3052127384653,0.129145771846883,"f"
1658,-0.566319318768078,17.3110655487665,0.129170915149897,"f"
1659,-0.566543659842204,17.3169177134213,0.129196054694716,"f"
1660,-0.566768082057819,17.3227689692429,0.129221188692924,"f"
1661,-0.566992756775285,17.3286190530444,0.129246315356109,"f"
1662,-0.567217855354964,17.3344677016389,0.129271432895856,"f"
1663,-0.56744354915722,17.3403146518393,0.129296539523752,"f"
1664,-0.567670009542414,17.3461596404589,0.129321633451382,"f"
1665,-0.567897407870909,17.3520024043106,0.129346712890334,"f"
1666,-0.568125915503067,17.3578426802076,0.129371776052192,"f"
1667,-0.568355703799251,17.363680204963,0.129396821148544,"f"
1668,-0.568586944119823,17.3695147153897,0.129421846390976,"f"
1669,-0.568819807825146,17.375345948301,0.129446849991073,"f"
1670,-0.569054466275581,17.3811736405098,0.129471830160422,"f"
1671,-0.569291090831492,17.3869975288293,0.129496785110609,"f"
1672,-0.569529852853241,17.3928173500725,0.129521713053221,"f"
1673,-0.56977092370119,17.3986328410526,0.129546612199843,"f"
1674,-0.570014474724398,17.404443738605,0.129571480762213,"f"
1675,-0.570260612501422,17.4102499081054,0.129596317824741,"f"
1676,-0.570509226533076,17.4160516457308,0.129621125396577,"f"
1677,-0.570760160894789,17.4218493378072,0.129645906098901,"f"
1678,-0.571013259661989,17.4276433706604,0.129670662552891,"f"
1679,-0.571268366910106,17.4334341306162,0.129695397379727,"f"
1680,-0.571525326714568,17.4392220040005,0.129720113200589,"f"
1681,-0.571783983150804,17.4450073771393,0.129744812636654,"f"
1682,-0.572044180294243,17.4507906363584,0.129769498309104,"f"
1683,-0.572305762220313,17.4565721679836,0.129794172839116,"f"
1684,-0.572568573004445,17.4623523583409,0.12981883884787,"f"
1685,-0.572832456722066,17.4681315937561,0.129843498956546,"f"
1686,-0.573097257448606,17.4739102605551,0.129868155786322,"f"
1687,-0.573362819259493,17.4796887450637,0.129892811958377,"f"
1688,-0.573628986230156,17.4854674336079,0.129917470093892,"f"
1689,-0.573895602436025,17.4912467125135,0.129942132814044,"f"
1690,-0.574162511952527,17.4970269681065,0.129966802740014,"f"
1691,-0.574429558855092,17.5028085867125,0.129991482492981,"f"
1692,-0.574696587219149,17.5085919546577,0.130016174694123,"f"
1693,-0.574963441120127,17.5143774582677,0.13004088196462,"f"
1694,-0.575229964633453,17.5201654838686,0.130065606925651,"f"
1695,-0.575496001834559,17.5259564177861,0.130090352198396,"f"
1696,-0.575761396798871,17.5317506463462,0.130115120404033,"f"
1697,-0.576025993601819,17.5375485558747,0.130139914163742,"f"
1698,-0.576289636318833,17.5433505326975,0.130164736098702,"f"
1699,-0.57655216902534,17.5491569631404,0.130189588830092,"f"
1700,-0.57681343579677,17.5549682335294,0.130214474979092,"f"
1701,-0.577073280708551,17.5607847301904,0.130239397166881,"f"
1702,-0.577331547836113,17.5666068394491,0.130264358014637,"f"
1703,-0.577588081254884,17.5724349476316,0.13028936014354,"f"
1704,-0.577842725040293,17.5782694410635,0.13031440617477,"f"
1705,-0.578095325324946,17.5841107001937,0.130339498680579,"f"
1706,-0.57834581949282,17.5899588447716,0.130364638062979,"f"
1707,-0.578594270438536,17.5958136359712,0.130389821738949,"f"
1708,-0.57884075018475,17.601674808888,0.130415046908372,"f"
1709,-0.579085330754116,17.6075420986179,0.130440310771135,"f"
1710,-0.57932808416929,17.6134152402566,0.130465610527122,"f"
1711,-0.579569082452928,17.6192939688996,0.130490943376218,"f"
1712,-0.579808397627686,17.6251780196429,0.130516306518308,"f"
1713,-0.580046101716219,17.631067127582,0.130541697153278,"f"
1714,-0.580282266741183,17.6369610278126,0.130567112481012,"f"
1715,-0.580516964725234,17.6428594554305,0.130592549701395,"f"
1716,-0.580750267691026,17.6487621455314,0.130618006014312,"f"
1717,-0.580982247661216,17.654668833211,0.130643478619648,"f"
1718,-0.581212976658459,17.6605792535649,0.130668964717288,"f"
1719,-0.581442526705411,17.6664931416889,0.130694461507118,"f"
1720,-0.581670969824727,17.6724102326787,0.130719966189022,"f"
1721,-0.581898378039063,17.67833026163,0.130745475962885,"f"
1722,-0.582124823371075,17.6842529636385,0.130770988028593,"f"
1723,-0.582350377843418,17.6901780737999,0.130796499586029,"f"
1724,-0.582575113478748,17.69610532721,0.13082200783508,"f"
1725,-0.58279910229972,17.7020344589643,0.13084750997563,"f"
1726,-0.583022416328991,17.7079652041586,0.130873003207565,"f"
1727,-0.583245127589215,17.7138972978887,0.130898484730768,"f"
1728,-0.583467308103048,17.7198304752502,0.130923951745126,"f"
1729,-0.583689029893146,17.7257644713389,0.130949401450523,"f"
1730,-0.583910364982164,17.7316990212503,0.130974831046844,"f"
1731,-0.584131385392759,17.7376338600804,0.131000237733975,"f"
1732,-0.584352163147585,17.7435687229247,0.131025618711799,"f"
1733,-0.584572770269299,17.7495033448789,0.131050971180203,"f"
1734,-0.584793278780555,17.7554374610388,0.131076292339072,"f"
1735,-0.585013760703681,17.7613708065082,0.131101579388497,"f"
1736,-0.585234286445347,17.7673031566775,0.131126830550667,"f"
1737,-0.585454921050513,17.773234420631,0.131152047439685,"f"
1738,-0.585675728453355,17.7791645351504,0.131177232372358,"f"
1739,-0.585896772588049,17.7850934370175,0.131202387665492,"f"
1740,-0.58611811738877,17.7910210630141,0.131227515635894,"f"
1741,-0.586339826789695,17.7969473499219,0.131252618600369,"f"
1742,-0.586561964725,17.8028722345226,0.131277698875725,"f"
1743,-0.58678459512886,17.8087956535981,0.131302758778767,"f"
1744,-0.587007781935451,17.8147175439299,0.131327800626303,"f"
1745,-0.58723158907895,17.8206378423,0.131352826735139,"f"
1746,-0.587456080493531,17.8265564854901,0.13137783942208,"f"
1747,-0.587681320113372,17.8324734102818,0.131402841003935,"f"
1748,-0.587907371872648,17.838388553457,0.131427833797508,"f"
1749,-0.588134299705534,17.8443018517974,0.131452820119606,"f"
1750,-0.588362167546207,17.8502132420848,0.131477802287036,"f"
1751,-0.588591039328843,17.8561226611008,0.131502782616605,"f"
1752,-0.588820978987617,17.8620300456273,0.131527763425118,"f"
1753,-0.589052050456706,17.8679353324461,0.131552747029382,"f"
1754,-0.589284317670285,17.8738384583388,0.131577735746203,"f"
1755,-0.589517844562531,17.8797393600872,0.131602731892389,"f"
1756,-0.589752695067618,17.885637974473,0.131627737784744,"f"
1757,-0.589988933119724,17.8915342382781,0.131652755740077,"f"
1758,-0.590226622653023,17.8974280882841,0.131677788075192,"f"
1759,-0.590465827601693,17.9033194612729,0.131702837106898,"f"
1760,-0.590706611899908,17.9092082940261,0.131727905151999,"f"
1761,-0.590949039481845,17.9150945233255,0.131752994527303,"f"
1762,-0.591193174281679,17.9209780859528,0.131778107549615,"f"
1763,-0.591439080233587,17.9268589186899,0.131803246535743,"f"
1764,-0.591686821271744,17.9327369583185,0.131828413802492,"f"
1765,-0.591936461330326,17.9386121416202,0.13185361166667,"f"
1766,-0.592188050743441,17.9444844226528,0.131878842145805,"f"
1767,-0.592441520152738,17.9503539075161,0.131904104623527,"f"
1768,-0.592696738006307,17.956220781313,0.13192939711486,"f"
1769,-0.592953572221149,17.9620852298209,0.131954717623142,"f"
1770,-0.593211890714265,17.9679474388175,0.131980064151712,"f"
1771,-0.593471561402656,17.9738075940801,0.132005434703907,"f"
1772,-0.593732452203324,17.9796658813863,0.132030827283066,"f"
1773,-0.593994431033269,17.9855224865136,0.132056239892526,"f"
1774,-0.594257365809493,17.9913775952394,0.132081670535625,"f"
1775,-0.594521124448997,17.9972313933413,0.132107117215702,"f"
1776,-0.594785574868781,18.0030840665968,0.132132577936093,"f"
1777,-0.595050584985847,18.0089358007833,0.132158050700138,"f"
1778,-0.595316022717197,18.0147867816783,0.132183533511174,"f"
1779,-0.59558175597983,18.0206371950594,0.132209024372539,"f"
1780,-0.595847652690749,18.0264872267041,0.132234521287572,"f"
1781,-0.596113580766954,18.0323370623897,0.132260022259609,"f"
1782,-0.596379408125446,18.0381868878939,0.132285525291989,"f"
1783,-0.596645002683227,18.0440368889941,0.132311028388051,"f"
1784,-0.596910232357298,18.0498872514678,0.132336529551131,"f"
1785,-0.59717496506466,18.0557381610925,0.132362026784569,"f"
1786,-0.597439068722313,18.0615898036457,0.132387518091701,"f"
1787,-0.597702411247259,18.067442364905,0.132413001475866,"f"
1788,-0.5979648605565,18.0732960306477,0.132438474940402,"f"
1789,-0.598226284567035,18.0791509866514,0.132463936488647,"f"
1790,-0.598486551195867,18.0850074186936,0.132489384123938,"f"
1791,-0.598745528359996,18.0908655125518,0.132514815849615,"f"
1792,-0.599003083976424,18.0967254540034,0.132540229669014,"f"
1793,-0.599259085962152,18.1025874288261,0.132565623585474,"f"
1794,-0.59951340223418,18.1084516227972,0.132590995602332,"f"
1795,-0.59976590070951,18.1143182216942,0.132616343722927,"f"
1796,-0.60001644931535,18.1201874112855,0.132641665950747,"f"
1797,-0.600264959271693,18.1260593383158,0.132666960927925,"f"
1798,-0.600511484061338,18.1319340212957,0.132692229395213,"f"
1799,-0.600756106345184,18.1378114524353,0.132717472523792,"f"
1800,-0.600998908784129,18.1436916239445,0.132742691484843,"f"
1801,-0.601239974039073,18.1495745280332,0.132767887449548,"f"
1802,-0.601479384770915,18.1554601569113,0.132793061589087,"f"
1803,-0.601717223640555,18.1613485027888,0.132818215074641,"f"
1804,-0.60195357330889,18.1672395578757,0.13284334907739,"f"
1805,-0.602188516436821,18.1731333143819,0.132868464768517,"f"
1806,-0.602422135685247,18.1790297645172,0.132893563319201,"f"
1807,-0.602654513715066,18.1849289004918,0.132918645900624,"f"
1808,-0.602885733187178,18.1908307145155,0.132943713683966,"f"
1809,-0.603115876762481,18.1967351987982,0.132968767840408,"f"
1810,-0.603345027101876,18.20264234555,0.132993809541131,"f"
1811,-0.603573266866261,18.2085521469807,0.133018839957317,"f"
1812,-0.603800678716535,18.2144645953002,0.133043860260145,"f"
1813,-0.604027345313598,18.2203796827186,0.133068871620798,"f"
1814,-0.604253349318348,18.2262974014458,0.133093875210455,"f"
1815,-0.604478773391685,18.2322177436917,0.133118872200297,"f"
1816,-0.604703700194507,18.2381407016662,0.133143863761507,"f"
1817,-0.604928212387714,18.2440662675794,0.133168851065263,"f"
1818,-0.605152392632206,18.2499944336411,0.133193835282748,"f"
1819,-0.60537632358888,18.2559251920612,0.133218817585142,"f"
1820,-0.605600087918637,18.2618585350498,0.133243799143626,"f"
1821,-0.605823768282375,18.2677944548168,0.133268781129381,"f"
1822,-0.606047447340994,18.2737329435721,0.133293764713588,"f"
1823,-0.606271207755392,18.2796739935257,0.133318751067427,"f"
1824,-0.606495132186469,18.2856175968874,0.13334374136208,"f"
1825,-0.606719303295124,18.2915637458673,0.133368736768728,"f"
1826,-0.606943803742256,18.2975124326753,0.13339373845855,"f"
1827,-0.607168710168712,18.3034636279679,0.133418747495223,"f"
1828,-0.607394046818588,18.3094171148079,0.133443764006715,"f"
1829,-0.607619810957229,18.3153725796671,0.133468787639206,"f"
1830,-0.607845999627015,18.3213297082188,0.133493818034897,"f"
1831,-0.608072609870323,18.3272881861366,0.133518854835987,"f"
1832,-0.608299638729534,18.3332476990939,0.133543897684673,"f"
1833,-0.608527083247028,18.3392079327643,0.133568946223157,"f"
1834,-0.608754940465182,18.3451685728213,0.133594000093636,"f"
1835,-0.608983207426377,18.3511293049382,0.133619058938311,"f"
1836,-0.609211881172992,18.3570898147886,0.133644122399379,"f"
1837,-0.609440958747407,18.363049788046,0.133669190119041,"f"
1838,-0.609670437192,18.3690089103839,0.133694261739496,"f"
1839,-0.609900313549151,18.3749668674757,0.133719336902943,"f"
1840,-0.610130584861239,18.380923344995,0.13374441525158,"f"
1841,-0.610361248170643,18.3868780286151,0.133769496427607,"f"
1842,-0.610592300519744,18.3928306040097,0.133794580073224,"f"
1843,-0.610823738950919,18.3987807568521,0.133819665830629,"f"
1844,-0.611055560506549,18.4047281728159,0.133844753342022,"f"
1845,-0.611287762229013,18.4106725375746,0.133869842249602,"f"
1846,-0.61152034116069,18.4166135368015,0.133894932195567,"f"
1847,-0.611753294343959,18.4225508561703,0.133920022822118,"f"
1848,-0.6119866188212,18.4284841813544,0.133945113771453,"f"
1849,-0.612220311634792,18.4344131980273,0.133970204685771,"f"
1850,-0.612454369827115,18.4403375918624,0.133995295207272,"f"
1851,-0.612688790440547,18.4462570485333,0.134020384978155,"f"
1852,-0.612923570517468,18.4521712537134,0.134045473640619,"f"
1853,-0.613158707100258,18.4580798930762,0.134070560836863,"f"
1854,-0.613394197231295,18.4639826522952,0.134095646209087,"f"
1855,-0.613630037952959,18.4698792170439,0.134120729399489,"f"
1856,-0.613866226307629,18.4757692729958,0.134145810050268,"f"
1857,-0.614102758190027,18.4816525152336,0.134170887814338,"f"
1858,-0.614339592721711,18.4875289403306,0.134195962687866,"f"
1859,-0.614576645352751,18.4933989029077,0.134221035074674,"f"
1860,-0.6148138289931,18.4992627784114,0.134246105402293,"f"
1861,-0.61505105655271,18.5051209422881,0.134271174098251,"f"
1862,-0.615288240941534,18.5109737699843,0.13429624159008,"f"
1863,-0.615525295069524,18.5168216369465,0.134321308305311,"f"
1864,-0.615762131846632,18.522664918621,0.134346374671474,"f"
1865,-0.61599866418281,18.5285039904545,0.134371441116099,"f"
1866,-0.616234804988012,18.5343392278933,0.134396508066718,"f"
1867,-0.616470467172189,18.5401710063838,0.13442157595086,"f"
1868,-0.616705563645293,18.5459997013726,0.134446645196056,"f"
1869,-0.616940007317277,18.5518256883061,0.134471716229837,"f"
1870,-0.617173711098093,18.5576493426308,0.134496789479733,"f"
1871,-0.617406587897694,18.5634710397931,0.134521865373275,"f"
1872,-0.617638550626031,18.5692911552394,0.134546944337993,"f"
1873,-0.617869512193057,18.5751100644163,0.134572026801417,"f"
1874,-0.618099385508725,18.5809281427702,0.134597113191079,"f"
1875,-0.618328083482987,18.5867457657475,0.134622203934509,"f"
1876,-0.618555519025794,18.5925633087948,0.134647299459238,"f"
1877,-0.6187816050471,18.5983811473584,0.134672400192795,"f"
1878,-0.619006254456856,18.6041996568849,0.134697506562712,"f"
1879,-0.619229380165016,18.6100192128206,0.134722618996518,"f"
1880,-0.619450895081531,18.6158401906121,0.134747737921746,"f"
1881,-0.619670712116353,18.6216629657058,0.134772863765924,"f"
1882,-0.619888744179435,18.6274879135481,0.134797996956584,"f"
1883,-0.62010490418073,18.6333154095856,0.134823137921256,"f"
1884,-0.620319105030189,18.6391458292646,0.13484828708747,"f"
1885,-0.620531259637765,18.6449795480317,0.134873444882758,"f"
1886,-0.62074128091341,18.6508169413333,0.134898611734649,"f"
1887,-0.620949081767076,18.6566583846158,0.134923788070675,"f"
1888,-0.621154593933273,18.6625042210059,0.134948974164123,"f"
1889,-0.621357911186026,18.6683545154245,0.134974168960584,"f"
1890,-0.621559209973987,18.6742091908483,0.134999370728238,"f"
1891,-0.621758667406754,18.6800681691197,0.135024577729851,"f"
1892,-0.621956460593926,18.6859313720805,0.135049788228189,"f"
1893,-0.622152766645101,18.6917987215731,0.135075000486017,"f"
1894,-0.622347762669878,18.6976701394393,0.1351002127661,"f"
1895,-0.622541625777854,18.7035455475213,0.135125423331206,"f"
1896,-0.62273453307863,18.7094248676613,0.135150630444098,"f"
1897,-0.622926661681802,18.7153080217013,0.135175832367543,"f"
1898,-0.62311818869697,18.7211949314834,0.135201027364305,"f"
1899,-0.623309291233732,18.7270855188498,0.135226213697152,"f"
1900,-0.623500146401686,18.7329797056424,0.135251389628847,"f"
1901,-0.62369093131043,18.7388774137034,0.135276553422158,"f"
1902,-0.623881823069565,18.7447785648749,0.135301703339849,"f"
1903,-0.624072998788686,18.7506830809991,0.135326837644686,"f"
1904,-0.624264635577394,18.7565908839179,0.135351954599434,"f"
1905,-0.624456910545287,18.7625018954735,0.135377052466859,"f"
1906,-0.624650000801963,18.768416037508,0.135402129509727,"f"
1907,-0.62484408345702,18.7743332318634,0.135427183990803,"f"
1908,-0.625039335620057,18.7802534003819,0.135452214172853,"f"
1909,-0.625235934400673,18.7861764649056,0.135477218318643,"f"
1910,-0.625434056908466,18.7921023472766,0.135502194690937,"f"
1911,-0.625633880253034,18.7980309693369,0.135527141552502,"f"
1912,-0.625835581543975,18.8039622529287,0.135552057166103,"f"
1913,-0.62603933789089,18.8098961198941,0.135576939794505,"f"
1914,-0.626245326403374,18.8158324920751,0.135601787700475,"f"
1915,-0.626453724191028,18.8217712913138,0.135626599146778,"f"
1916,-0.62666470836345,18.8277124394524,0.135651372396179,"f"
1917,-0.626878456030238,18.8336558583329,0.135676105711444,"f"
1918,-0.6270951389088,18.8396014671685,0.135700797413033,"f"
1919,-0.627314759011891,18.8455491024339,0.135725447637209,"f"
1920,-0.627537118558249,18.8514985031955,0.135750058657983,"f"
1921,-0.627762008306241,18.857449402932,0.13577463287199,"f"
1922,-0.627989219014234,18.8634015351223,0.135799172675865,"f"
1923,-0.628218541440594,18.8693546332454,0.135823680466243,"f"
1924,-0.628449766343691,18.8753084307802,0.135848158639759,"f"
1925,-0.628682684481889,18.8812626612054,0.135872609593048,"f"
1926,-0.628917086613558,18.887217058,0.135897035722746,"f"
1927,-0.629152763497064,18.8931713546429,0.135921439425487,"f"
1928,-0.629389505890773,18.899125284613,0.135945823097906,"f"
1929,-0.629627104553055,18.905078581389,0.135970189136638,"f"
1930,-0.629865350242274,18.91103097845,0.135994539938319,"f"
1931,-0.6301040337168,18.9169822092748,0.136018877899584,"f"
1932,-0.630342945734999,18.9229320073422,0.136043205417066,"f"
1933,-0.630581877055238,18.9288801061312,0.136067524887403,"f"
1934,-0.630820618435884,18.9348262391206,0.136091838707228,"f"
1935,-0.631058960635305,18.9407701397893,0.136116149273176,"f"
1936,-0.631296694411868,18.9467115416162,0.136140458981883,"f"
1937,-0.63153361052394,18.9526501780802,0.136164770229984,"f"
1938,-0.631769499729889,18.9585857826601,0.136189085414113,"f"
1939,-0.63200415278808,18.9645180888349,0.136213406930906,"f"
1940,-0.632237360456883,18.9704468300834,0.136237737176998,"f"
1941,-0.632468913494663,18.9763717398845,0.136262078549023,"f"
1942,-0.632698602659789,18.982292551717,0.136286433443618,"f"
1943,-0.632926218710627,18.9882089990599,0.136310804257416,"f"
1944,-0.633151552405544,18.994120815392,0.136335193387053,"f"
1945,-0.633374394502909,19.0000277341923,0.136359603229164,"f"
1946,-0.633594535761087,19.0059294889395,0.136384036180384,"f"
1947,-0.633811766938446,19.0118258131126,0.136408494637348,"f"
1948,-0.634025878919995,19.0177164403846,0.136432980995615,"f"
1949,-0.634236761293585,19.023601255715,0.136457496811558,"f"
1950,-0.634444578978419,19.0294805660769,0.136482041300649,"f"
1951,-0.634649544527178,19.0353547514533,0.136506613273374,"f"
1952,-0.634851870492546,19.0412241918276,0.136531211540219,"f"
1953,-0.635051769427205,19.0470892671828,0.13655583491167,"f"
1954,-0.635249453883836,19.0529503575021,0.136580482198212,"f"
1955,-0.635445136415123,19.0588078427686,0.136605152210332,"f"
1956,-0.635639029573747,19.0646621029656,0.136629843758515,"f"
1957,-0.63583134591239,19.0705135180761,0.136654555653247,"f"
1958,-0.636022297983736,19.0763624680834,0.136679286705014,"f"
1959,-0.636212098340466,19.0822093329706,0.136704035724301,"f"
1960,-0.636400959535262,19.0880544927208,0.136728801521595,"f"
1961,-0.636589094120807,19.0938983273172,0.136753582907381,"f"
1962,-0.636776714649784,19.099741216743,0.136778378692145,"f"
1963,-0.636964033674873,19.1055835409813,0.136803187686374,"f"
1964,-0.637151263748759,19.1114256800153,0.136828008700552,"f"
1965,-0.637338617424123,19.1172680138281,0.136852840545165,"f"
1966,-0.637526307253647,19.1231109224029,0.136877682030701,"f"
1967,-0.637714545790013,19.1289547857229,0.136902531967643,"f"
1968,-0.637903545585905,19.1347999837712,0.136927389166479,"f"
1969,-0.638093519194003,19.140646896531,0.136952252437693,"f"
1970,-0.638284679166991,19.1464959039854,0.136977120591772,"f"
1971,-0.638477238057551,19.1523473861177,0.137001992439202,"f"
1972,-0.638671408418365,19.1582017229108,0.137026866790468,"f"
1973,-0.638867402802116,19.1640592943481,0.137051742456057,"f"
1974,-0.639065433761485,19.1699204804126,0.137076618246453,"f"
1975,-0.639265713849155,19.1757856610876,0.137101492972144,"f"
1976,-0.639468455617808,19.1816552163562,0.137126365443614,"f"
1977,-0.639673871620127,19.1875295262015,0.13715123447135,"f"
1978,-0.639882174408793,19.1934089706067,0.137176098865837,"f"
1979,-0.640093570755812,19.1992939218336,0.137200957452648,"f"
1980,-0.640308088710973,19.2051845134221,0.137225809523803,"f"
1981,-0.640525547735558,19.2110806002974,0.137250654915718,"f"
1982,-0.640745755492164,19.2169820216247,0.137275493495601,"f"
1983,-0.640968519643384,19.2228886165696,0.13730032513066,"f"
1984,-0.641193647851814,19.2288002242973,0.137325149688104,"f"
1985,-0.641420947780049,19.2347166839734,0.137349967035141,"f"
1986,-0.641650227090685,19.2406378347632,0.137374777038981,"f"
1987,-0.641881293446317,19.2465635158322,0.137399579566831,"f"
1988,-0.64211395450954,19.2524935663457,0.1374243744859,"f"
1989,-0.642348017942948,19.2584278254692,0.137449161663397,"f"
1990,-0.642583291409139,19.264366132368,0.137473940966531,"f"
1991,-0.642819582570705,19.2703083262076,0.137498712262509,"f"
1992,-0.643056699090243,19.2762542461534,0.13752347541854,"f"
1993,-0.643294448630348,19.2822037313707,0.137548230301834,"f"
1994,-0.643532638853616,19.288156621025,0.137572976779598,"f"
1995,-0.64377107742264,19.2941127542818,0.137597714719041,"f"
1996,-0.644009572000018,19.3000719703063,0.137622443987372,"f"
1997,-0.644247930248342,19.306034108264,0.137647164451799,"f"
1998,-0.64448595983021,19.3119990073204,0.13767187597953,"f"
1999,-0.644723468408216,19.3179665066408,0.137696578437775,"f"
2000,-0.644960263644955,19.3239364453906,0.137721271693742,"f"
2001,-0.645196153203023,19.3299086627353,0.137745955614639,"f"
2002,-0.645430944745015,19.3358829978402,0.137770630067675,"f"
2003,-0.645664445933525,19.3418592898707,0.137795294920058,"f"
2004,-0.645896464431149,19.3478373779923,0.137819950038997,"f"
2005,-0.646126807900483,19.3538171013704,0.137844595291702,"f"
2006,-0.646355284004122,19.3597982991703,0.137869230545379,"f"
2007,-0.64658170040466,19.3657808105576,0.137893855667237,"f"
2008,-0.646805864764693,19.3717644746975,0.137918470524486,"f"
2009,-0.647027584845037,19.3777491307565,0.137943074984311,"f"
2010,-0.647246739616844,19.3837346186491,0.137967668896743,"f"
2011,-0.64746340478823,19.3897207803559,0.137992252064427,"f"
2012,-0.647677689757166,19.3957074582116,0.138016824281895,"f"
2013,-0.647889703921626,19.4016944945507,0.138041385343675,"f"
2014,-0.64809955667958,19.407681731708,0.138065935044299,"f"
2015,-0.648307357429,19.4136690120179,0.138090473178297,"f"
2016,-0.648513215567858,19.4196561778151,0.138114999540198,"f"
2017,-0.648717240494125,19.4256430714343,0.138139513924533,"f"
2018,-0.648919541605775,19.4316295352099,0.138164016125832,"f"
2019,-0.649120228300777,19.4376154114767,0.138188505938625,"f"
2020,-0.649319409977105,19.4436005425692,0.138212983157442,"f"
2021,-0.649517196032729,19.4495847708221,0.138237447576814,"f"
2022,-0.649713695865621,19.4555679385699,0.138261898991271,"f"
2023,-0.649909018873755,19.4615498881473,0.138286337195343,"f"
2024,-0.6501032744551,19.4675304618888,0.138310761983559,"f"
2025,-0.650296572007628,19.4735095021291,0.138335173150451,"f"
2026,-0.650489020929313,19.4794868512028,0.138359570490549,"f"
2027,-0.650680730618125,19.4854623514445,0.138383953798382,"f"
2028,-0.650871810472035,19.4914358451888,0.138408322868481,"f"
2029,-0.651062369889017,19.4974071747703,0.138432677495376,"f"
2030,-0.651252518267041,19.5033761825236,0.138457017473597,"f"
2031,-0.65144236500408,19.5093427107834,0.138481342597675,"f"
2032,-0.651632019498104,19.5153066018841,0.138505652662139,"f"
2033,-0.651821591147087,19.5212676981605,0.13852994746152,"f"
2034,-0.652011189348999,19.5272258419472,0.138554226790348,"f"
2035,-0.652200923501813,19.5331808755787,0.138578490443153,"f"
2036,-0.652390903003499,19.5391326413897,0.138602738214466,"f"
2037,-0.652581237252031,19.5450809817148,0.138626969898816,"f"
2038,-0.652772035645379,19.5510257388885,0.138651185290733,"f"
2039,-0.652963407581516,19.5569667552456,0.138675384184748,"f"
2040,-0.653155448822565,19.5629039229168,0.138699566499763,"f"
2041,-0.653348157270597,19.5688374914053,0.138723733047246,"f"
2042,-0.653541488082647,19.5747678663131,0.138747885028541,"f"
2043,-0.653735396236918,19.5806954538956,0.13877202364662,"f"
2044,-0.653929836711615,19.586620660408,0.138796150104457,"f"
2045,-0.654124764484939,19.5925438921057,0.138820265605026,"f"
2046,-0.654320134535095,19.5984655552439,0.138844371351299,"f"
2047,-0.654515901840286,19.6043860560778,0.138868468546251,"f"
2048,-0.654712021378716,19.6103058008628,0.138892558392853,"f"
2049,-0.654908448128587,19.6162251958541,0.138916642094081,"f"
2050,-0.655105137068102,19.622144647307,0.138940720852907,"f"
2051,-0.655302043175467,19.6280645614768,0.138964795872304,"f"
2052,-0.655499121428883,19.6339853446188,0.138988868355246,"f"
2053,-0.655696326806554,19.6399074029882,0.139012939504706,"f"
2054,-0.655893614286684,19.6458311428403,0.139037010523658,"f"
2055,-0.656090938847475,19.6517569704304,0.139061082615074,"f"
2056,-0.656288255467132,19.6576852920138,0.139085156981929,"f"
2057,-0.656485519123857,19.6636165138457,0.139109234827195,"f"
2058,-0.656682684795854,19.6695510421814,0.139133317353846,"f"
2059,-0.656879707461327,19.6754892832762,0.139157405764856,"f"
2060,-0.657076542098478,19.6814316433854,0.139181501263197,"f"
2061,-0.657273143685511,19.6873785287643,0.139205605051843,"f"
2062,-0.65746946720063,19.6933303456681,0.139229718333767,"f"
2063,-0.657665467622037,19.6992875003521,0.139253842311943,"f"
2064,-0.657861099927937,19.7052503990715,0.139277978189344,"f"
2065,-0.658056319096531,19.7112194480817,0.139302127168943,"f"
2066,-0.658251080106025,19.717195053638,0.139326290453714,"f"
2067,-0.658445337934621,19.7231776219956,0.13935046924663,"f"
2068,-0.658639047560523,19.7291675594097,0.139374664750665,"f"
2069,-0.658832163961933,19.7351652721357,0.139398878168791,"f"
2070,-0.659024642169597,19.7411711661727,0.139423110703245,"f"
2071,-0.659216472721968,19.7471854743677,0.13944736305832,"f"
2072,-0.659407743317717,19.7532079557702,0.139471634575772,"f"
2073,-0.659598558123932,19.7592382891218,0.139495924366415,"f"
2074,-0.659789021307701,19.7652761531643,0.139520231541062,"f"
2075,-0.659979237036115,19.7713212266396,0.139544555210523,"f"
2076,-0.660169309476261,19.7773731882892,0.139568894485612,"f"
2077,-0.660359342795229,19.7834317168551,0.139593248477141,"f"
2078,-0.660549441160107,19.7894964910789,0.139617616295922,"f"
2079,-0.660739708737985,19.7955671897024,0.139641997052767,"f"
2080,-0.66093024969595,19.8016434914674,0.13966638985849,"f"
2081,-0.661121168201092,19.8077250751156,0.139690793823901,"f"
2082,-0.6613125684205,19.8138116193888,0.139715208059814,"f"
2083,-0.661504554521263,19.8199028030286,0.139739631677041,"f"
2084,-0.661697230670468,19.825998304777,0.139764063786394,"f"
2085,-0.661890701035207,19.8320978033756,0.139788503498685,"f"
2086,-0.662085069782566,19.8382009775661,0.139812949924727,"f"
2087,-0.662280441079635,19.8443075060904,0.139837402175332,"f"
2088,-0.662476919093503,19.8504170676902,0.139861859361312,"f"
2089,-0.662674607991258,19.8565293411073,0.13988632059348,"f"
2090,-0.66287361193999,19.8626440050833,0.139910784982648,"f"
2091,-0.663074035106787,19.8687607383601,0.139935251639629,"f"
2092,-0.663275981658738,19.8748792196794,0.139959719675234,"f"
2093,-0.663479555762932,19.880999127783,0.139984188200275,"f"
2094,-0.663684861586458,19.8871201414126,0.140008656325567,"f"
2095,-0.663892003296404,19.89324193931,0.140033123161919,"f"
2096,-0.66410108505986,19.8993642002169,0.140057587820146,"f"
2097,-0.664312211043915,19.9054866028752,0.140082049411059,"f"
2098,-0.664525485415656,19.9116088260264,0.140106507045471,"f"
2099,-0.664741012342173,19.9177305484125,0.140130959834193,"f"
2100,-0.664958895990555,19.923851448775,0.140155406888038,"f"
2101,-0.665179215891928,19.9299712349081,0.140179847438354,"f"
2102,-0.66540187663629,19.9360898209057,0.140204281572404,"f"
2103,-0.665626707111596,19.9422072101345,0.140228709747837,"f"
2104,-0.66585353590304,19.9483234063176,0.140253132423779,"f"
2105,-0.666082191595815,19.9544384131786,0.140277550059359,"f"
2106,-0.666312502775113,19.9605522344408,0.140301963113704,"f"
2107,-0.666544298026127,19.9666648738276,0.140326372045942,"f"
2108,-0.66677740593405,19.9727763350623,0.1403507773152,"f"
2109,-0.667011655084075,19.9788866218685,0.140375179380608,"f"
2110,-0.667246874061395,19.9849957379695,0.140399578701291,"f"
2111,-0.667482891451202,19.9911036870886,0.140423975736379,"f"
2112,-0.66771953583869,19.9972104729493,0.140448370944999,"f"
2113,-0.667956635809051,20.0033160992749,0.140472764786278,"f"
2114,-0.668194019947479,20.009420569789,0.140497157719345,"f"
2115,-0.668431516839165,20.0155238882147,0.140521550203327,"f"
2116,-0.668668955069303,20.0216260582756,0.140545942697352,"f"
2117,-0.668906163223085,20.027727083695,0.140570335660548,"f"
2118,-0.669142969885705,20.0338269681964,0.140594729552043,"f"
2119,-0.669379203642356,20.0399257155031,0.140619124830963,"f"
2120,-0.669614693078229,20.0460233293384,0.140643521956438,"f"
2121,-0.669849266778519,20.0521198134259,0.140667921387595,"f"
2122,-0.670082753328417,20.0582151714889,0.140692323583562,"f"
2123,-0.670314981313118,20.0643094072507,0.140716729003466,"f"
2124,-0.670545779317812,20.0704025244349,0.140741138106435,"f"
2125,-0.670774975927694,20.0764945267647,0.140765551351597,"f"
2126,-0.671002399727957,20.0825854179636,0.14078996919808,"f"
2127,-0.671227879303792,20.0886752017549,0.140814392105012,"f"
2128,-0.671451243240394,20.0947638818621,0.140838820531519,"f"
2129,-0.671672320122954,20.1008514620085,0.140863254936731,"f"
2130,-0.671890938536665,20.1069379459176,0.140887695779775,"f"
2131,-0.672106933331983,20.1130233415064,0.140912143495883,"f"
2132,-0.672320285734078,20.1191077546696,0.140936597962012,"f"
2133,-0.67253112461725,20.1251913901323,0.140961058491981,"f"
2134,-0.672739585375954,20.1312744569841,0.140985524374745,"f"
2135,-0.672945803404642,20.1373571643143,0.141009994899255,"f"
2136,-0.673149914097769,20.1434397212127,0.141034469354464,"f"
2137,-0.673352052849786,20.1495223367686,0.141058947029326,"f"
2138,-0.673552355055147,20.1556052200715,0.141083427212792,"f"
2139,-0.673750956108306,20.1616885802109,0.141107909193816,"f"
2140,-0.673947991403715,20.1677726262765,0.14113239226135,"f"
2141,-0.674143596335828,20.1738575673575,0.141156875704347,"f"
2142,-0.674337906299099,20.1799436125436,0.14118135881176,"f"
2143,-0.674531056687979,20.1860309709243,0.141205840872541,"f"
2144,-0.674723182896923,20.192119851589,0.141230321175643,"f"
2145,-0.674914420320383,20.1982104636273,0.141254799010019,"f"
2146,-0.675104904352813,20.2043030161286,0.141279273664621,"f"
2147,-0.675294770388667,20.2103977181825,0.141303744428403,"f"
2148,-0.675484153822396,20.2164947788785,0.141328210590316,"f"
2149,-0.675673190048455,20.222594407306,0.141352671439315,"f"
2150,-0.675862014461297,20.2286968125546,0.141377126264351,"f"
2151,-0.676050762455374,20.2348022037137,0.141401574354376,"f"
2152,-0.676239569425141,20.240910789873,0.141426014998345,"f"
2153,-0.676428570765049,20.2470227801217,0.141450447485209,"f"
2154,-0.676617901869554,20.2531383835496,0.141474871103922,"f"
2155,-0.676807698133106,20.259257809246,0.141499285143436,"f"
2156,-0.676998094950161,20.2653812663005,0.141523688892703,"f"
2157,-0.677189227715171,20.2715089638026,0.141548081640676,"f"
2158,-0.677381231822589,20.2776411108418,0.141572462676309,"f"
2159,-0.677574242666869,20.2837779165075,0.141596831288554,"f"
2160,-0.677768395642463,20.2899195898894,0.141621186766363,"f"
2161,-0.677963826143825,20.2960663400768,0.14164552839869,"f"
2162,-0.678160645346404,20.3022183553239,0.141669855716206,"f"
2163,-0.678358794253904,20.3083756774881,0.141694169948001,"f"
2164,-0.67855814091879,20.3145382856674,0.141718473051257,"f"
2165,-0.678758553114867,20.3207061587204,0.141742766985942,"f"
2166,-0.678959898615939,20.3268792755053,0.14176705371202,"f"
2167,-0.679162045195811,20.3330576148806,0.141791335189457,"f"
2168,-0.679364860628288,20.3392411557047,0.141815613378218,"f"
2169,-0.679568212687176,20.345429876836,0.14183989023827,"f"
2170,-0.679771969146279,20.351623757133,0.141864167729577,"f"
2171,-0.679975997779402,20.357822775454,0.141888447812106,"f"
2172,-0.680180166360349,20.3640269106575,0.141912732445822,"f"
2173,-0.680384342662927,20.3702361416018,0.14193702359069,"f"
2174,-0.680588394460939,20.3764504471454,0.141961323206677,"f"
2175,-0.680792189528191,20.3826698061467,0.141985633253747,"f"
2176,-0.680995595638488,20.3888941974641,0.142009955691867,"f"
2177,-0.681198480565634,20.395123599956,0.142034292481001,"f"
2178,-0.681400712083434,20.4013579924808,0.142058645581117,"f"
2179,-0.681602157965693,20.4075973538969,0.142083016952178,"f"
2180,-0.681802685986217,20.4138416630628,0.142107408554151,"f"
2181,-0.68200216391881,20.4200908988368,0.142131822347002,"f"
2182,-0.682200459537277,20.4263450400774,0.142156260290695,"f"
2183,-0.682397440615422,20.4326040656429,0.142180724345198,"f"
2184,-0.682592974927052,20.4388679543919,0.142205216470474,"f"
2185,-0.68278693024597,20.4451366851826,0.14222973862649,"f"
2186,-0.682979174345981,20.4514102368735,0.142254292773211,"f"
2187,-0.683169575000891,20.4576885883231,0.142278880870604,"f"
2188,-0.683357999984505,20.4639717183896,0.142303504878633,"f"
2189,-0.683544317070627,20.4702596059316,0.142328166757264,"f"
2190,-0.683728394033062,20.4765522298075,0.142352868466463,"f"
2191,-0.683910098645615,20.4828495688756,0.142377611966195,"f"
2192,-0.684089304795,20.4891515961335,0.142402399121764,"f"
2193,-0.68426602696482,20.4954581497792,0.142427229621256,"f"
2194,-0.684440420235572,20.5017689332109,0.142452100975535,"f"
2195,-0.684612645800658,20.5080836439662,0.142477010600806,"f"
2196,-0.684782864853484,20.5144019795824,0.142501955913273,"f"
2197,-0.684951238587453,20.5207236375971,0.14252693432914,"f"
2198,-0.685117928195968,20.5270483155477,0.14255194326461,"f"
2199,-0.685283094872434,20.5333757109717,0.142576980135889,"f"
2200,-0.685446899810255,20.5397055214065,0.14260204235918,"f"
2201,-0.685609504202834,20.5460374443896,0.142627127350686,"f"
2202,-0.685771069243576,20.5523711774585,0.142652232526613,"f"
2203,-0.685931756125883,20.5587064181506,0.142677355303163,"f"
2204,-0.686091726043161,20.5650428640033,0.142702493096542,"f"
2205,-0.686251140188813,20.5713802125542,0.142727643322953,"f"
2206,-0.686410159756242,20.5777181613407,0.1427528033986,"f"
2207,-0.686568945938853,20.5840564079003,0.142777970739687,"f"
2208,-0.68672765993005,20.5903946497704,0.142803142762419,"f"
2209,-0.686886462923236,20.5967325844884,0.142828316882999,"f"
2210,-0.687045516111816,20.603069909592,0.142853490517631,"f"
2211,-0.687204980689192,20.6094063226184,0.142878661082519,"f"
2212,-0.68736501784877,20.6157415211052,0.142903825993867,"f"
2213,-0.687525788783953,20.6220752025898,0.14292898266788,"f"
2214,-0.687687454688144,20.6284070646097,0.142954128520762,"f"
2215,-0.687850176754748,20.6347368047024,0.142979260968715,"f"
2216,-0.688014116177169,20.6410641204053,0.143004377427946,"f"
2217,-0.68817943414881,20.6473887092558,0.143029475314656,"f"
2218,-0.688346291863076,20.6537102687915,0.143054552045051,"f"
2219,-0.688514850513369,20.6600284965498,0.143079605035335,"f"
2220,-0.688685271293095,20.6663430900682,0.143104631701711,"f"
2221,-0.688857715395657,20.6726537468841,0.143129629460384,"f"
2222,-0.689032343744984,20.6789601652541,0.143154595732445,"f"
2223,-0.689209246718313,20.6852622317104,0.143179529218447,"f"
2224,-0.689388350130172,20.6915602719711,0.143204431603514,"f"
2225,-0.689569556374369,20.6978546742596,0.143229304997538,"f"
2226,-0.68975276784471,20.7041458267995,0.143254151510411,"f"
2227,-0.689937886935001,20.7104341178142,0.143278973252025,"f"
2228,-0.690124816039051,20.7167199355272,0.143303772332271,"f"
2229,-0.690313457550666,20.723003668162,0.143328550861041,"f"
2230,-0.690503713863652,20.7292857039421,0.143353310948227,"f"
2231,-0.690695487371817,20.735566431091,0.14337805470372,"f"
2232,-0.690888680468969,20.7418462378321,0.143402784237413,"f"
2233,-0.691083195548912,20.748125512389,0.143427501659197,"f"
2234,-0.691278935005456,20.7544046429851,0.143452209078963,"f"
2235,-0.691475801232406,20.7606840178439,0.143476908606603,"f"
2236,-0.69167369662357,20.7669640251889,0.14350160235201,"f"
2237,-0.691872523572754,20.7732450532436,0.143526292425074,"f"
2238,-0.692072184473765,20.7795274902314,0.143550980935688,"f"
2239,-0.692272581720411,20.7858117243759,0.143575669993743,"f"
2240,-0.692473617706498,20.7920981439005,0.143600361709131,"f"
2241,-0.692675194825834,20.7983871370287,0.143625058191743,"f"
2242,-0.692877215472224,20.8046790919841,0.143649761551472,"f"
2243,-0.693079582039477,20.81097439699,0.143674473898209,"f"
2244,-0.693282196921399,20.81727344027,0.143699197341846,"f"
2245,-0.693484962511797,20.8235766100476,0.143723933992275,"f"
2246,-0.693687781204478,20.8298842945462,0.143748685959386,"f"
2247,-0.693890555393249,20.8361968819894,0.143773455353073,"f"
2248,-0.694093187471916,20.8425147606005,0.143798244283226,"f"
2249,-0.694295579834288,20.8488383186032,0.143823054859738,"f"
2250,-0.69449763487417,20.8551679442208,0.1438478891925,"f"
2251,-0.69469925498537,20.861504025677,0.143872749391403,"f"
2252,-0.694900342561694,20.867846951195,0.14389763756634,"f"
2253,-0.69510080314491,20.8741970965331,0.143922555783561,"f"
2254,-0.695300613562488,20.8805545551683,0.143947505121043,"f"
2255,-0.695499821312305,20.8869191407334,0.143972485677024,"f"
2256,-0.695698476917137,20.893290654883,0.143997497507805,"f"
2257,-0.695896630899762,20.8996688992718,0.144022540669688,"f"
2258,-0.696094333782954,20.9060536755543,0.144047615218972,"f"
2259,-0.696291636089492,20.9124447853852,0.144072721211961,"f"
2260,-0.69648858834215,20.9188420304191,0.144097858704954,"f"
2261,-0.696685241063705,20.9252452123106,0.144123027754253,"f"
2262,-0.696881644776933,20.9316541327144,0.14414822841616,"f"
2263,-0.697077850004611,20.9380685932849,0.144173460746975,"f"
2264,-0.697273907269515,20.944488395677,0.144198724802999,"f"
2265,-0.697469867094421,20.9509133415451,0.144224020640535,"f"
2266,-0.697665780002106,20.9573432325439,0.144249348315883,"f"
2267,-0.697861696515345,20.963777870328,0.144274707885344,"f"
2268,-0.698057667156915,20.9702170565521,0.14430009940522,"f"
2269,-0.698253742449592,20.9766605928706,0.144325522931812,"f"
2270,-0.698449972916153,20.9831082809384,0.14435097852142,"f"
2271,-0.698646409079374,20.9895599224099,0.144376466230347,"f"
2272,-0.698843101462031,20.9960153189398,0.144401986114894,"f"
2273,-0.6990401005869,21.0024742721828,0.144427538231361,"f"
2274,-0.699237456976758,21.0089365837933,0.14445312263605,"f"
2275,-0.699435221154381,21.0154020554261,0.144478739385262,"f"
2276,-0.699633443642544,21.0218704887358,0.144504388535298,"f"
2277,-0.699832174964026,21.0283416853769,0.14453007014246,"f"
2278,-0.700031465641601,21.0348154470042,0.144555784263049,"f"
2279,-0.700231366198045,21.0412915752721,0.144581530953366,"f"
2280,-0.700431927156137,21.0477698718354,0.144607310269712,"f"
2281,-0.700633199038651,21.0542501383486,0.144633122268389,"f"
2282,-0.700835232368363,21.0607321764664,0.144658967005697,"f"
2283,-0.701038077482584,21.0672157879856,0.144684844535533,"f"
2284,-0.701241738345091,21.0737008102682,0.144710754310639,"f"
2285,-0.701446111754284,21.0801871628642,0.144736694394531,"f"
2286,-0.70165107941707,21.0866747768979,0.14476266265509,"f"
2287,-0.70185652304036,21.0931635834932,0.144788656960197,"f"
2288,-0.702062324331062,21.0996535137745,0.144814675177733,"f"
2289,-0.702268364996085,21.1061444988657,0.14484071517558,"f"
2290,-0.702474526742339,21.112636469891,0.144866774821617,"f"
2291,-0.702680691276731,21.1191293579746,0.144892851983725,"f"
2292,-0.702886740306172,21.1256230942406,0.144918944529787,"f"
2293,-0.70309255553757,21.1321176098131,0.144945050327683,"f"
2294,-0.703298018677834,21.1386128358162,0.144971167245293,"f"
2295,-0.703503011433874,21.1451087033742,0.144997293150498,"f"
2296,-0.703707415512597,21.151605143611,0.14502342591118,"f"
2297,-0.703911112620914,21.1581020876509,0.14504956339522,"f"
2298,-0.704113984465733,21.1645994666179,0.145075703470498,"f"
2299,-0.704315912753963,21.1710972116363,0.145101844004895,"f"
2300,-0.704516779192513,21.1775952538301,0.145127982866293,"f"
2301,-0.704716465488292,21.1840935243234,0.145154117922572,"f"
2302,-0.70491485334821,21.1905919542405,0.145180247041613,"f"
2303,-0.705111824479174,21.1970904747054,0.145206368091297,"f"
2304,-0.705307260588095,21.2035890168423,0.145232478939505,"f"
2305,-0.705501043381881,21.2100875117753,0.145258577454118,"f"
2306,-0.70569305456744,21.2165858906285,0.145284661503017,"f"
2307,-0.705883175851683,21.223084084526,0.145310728954083,"f"
2308,-0.706071288941519,21.2295820245921,0.145336777675196,"f"
2309,-0.706257275543855,21.2360796419508,0.145362805534239,"f"
2310,-0.706441017365601,21.2425768677263,0.145388810399091,"f"
2311,-0.706622396113667,21.2490736330426,0.145414790137633,"f"
2312,-0.70680129349496,21.255569869024,0.145440742617747,"f"
2313,-0.70697759121639,21.2620655067945,0.145466665707313,"f"
2314,-0.707151205352665,21.2685605181266,0.145492557743946,"f"
2315,-0.707322254741289,21.2750551146093,0.145518419836582,"f"
2316,-0.707490932320492,21.2815495954738,0.145544254106953,"f"
2317,-0.707657431138152,21.2880442600808,0.14557006267829,"f"
2318,-0.707821944242147,21.2945394077914,0.145595847673825,"f"
2319,-0.707984664680355,21.3010353379663,0.145621611216787,"f"
2320,-0.708145785500655,21.3075323499664,0.145647355430408,"f"
2321,-0.708305499750923,21.3140307431525,0.145673082437918,"f"
2322,-0.708464000479039,21.3205308168856,0.145698794362548,"f"
2323,-0.70862148073288,21.3270328705265,0.145724493327529,"f"
2324,-0.708778133560323,21.333537203436,0.145750181456091,"f"
2325,-0.708934152009248,21.3400441149751,0.145775860871466,"f"
2326,-0.709089729127531,21.3465539045046,0.145801533696884,"f"
2327,-0.709245057963052,21.3530668713853,0.145827202055576,"f"
2328,-0.709400331563687,21.3595833149781,0.145852868070773,"f"
2329,-0.709555742977315,21.3661035346439,0.145878533865705,"f"
2330,-0.709711485251814,21.3726278297435,0.145904201563603,"f"
2331,-0.709867751435061,21.3791564996378,0.145929873287699,"f"
2332,-0.710024734574935,21.3856898436877,0.145955551161222,"f"
2333,-0.710182627719314,21.392228161254,0.145981237307404,"f"
2334,-0.710341623916075,21.3987717516976,0.146006933849474,"f"
2335,-0.710501916213097,21.4053209143794,0.146032642910666,"f"
2336,-0.710663697658258,21.4118759486601,0.146058366614207,"f"
2337,-0.710827161299435,21.4184371539008,0.146084107083331,"f"
2338,-0.710992500184507,21.4250048294622,0.146109866441267,"f"
2339,-0.71115990736135,21.4315792747052,0.146135646811246,"f"
2340,-0.711329575877845,21.4381607889907,0.146161450316499,"f"
2341,-0.711501698781867,21.4447496716795,0.146187279080257,"f"
2342,-0.711676469121296,21.4513462221325,0.14621313522575,"f"
2343,-0.71185407994401,21.4579507397105,0.146239020876209,"f"
2344,-0.712034723832024,21.4645635232378,0.146264938152079,"f"
2345,-0.712218482015214,21.4711847432547,0.14629088850775,"f"
2346,-0.712405180794997,21.4778142766102,0.146316871872759,"f"
2347,-0.712594610950982,21.4844519592302,0.146342887964167,"f"
2348,-0.712786563262778,21.4910976270404,0.146368936499037,"f"
2349,-0.712980828509997,21.4977511159669,0.14639501719443,"f"
2350,-0.713177197472247,21.5044122619355,0.146421129767409,"f"
2351,-0.713375460929139,21.5110809008719,0.146447273935035,"f"
2352,-0.713575409660282,21.5177568687022,0.146473449414372,"f"
2353,-0.713776834445286,21.5244400013522,0.14649965592248,"f"
2354,-0.713979526063761,21.5311301347477,0.146525893176422,"f"
2355,-0.714183275295317,21.5378271048147,0.14655216089326,"f"
2356,-0.714387872919564,21.5445307474789,0.146578458790056,"f"
2357,-0.714593109716112,21.5512408986664,0.146604786583872,"f"
2358,-0.714798776464569,21.5579573943029,0.14663114399177,"f"
2359,-0.715004663944548,21.5646800703143,0.146657530730812,"f"
2360,-0.715210562935656,21.5714087626264,0.146683946518061,"f"
2361,-0.715416264217504,21.5781433071653,0.146710391070577,"f"
2362,-0.715621558569703,21.5848835398567,0.146736864105425,"f"
2363,-0.71582623677186,21.5916292966265,0.146763365339664,"f"
2364,-0.716030089603588,21.5983804134005,0.146789894490358,"f"
2365,-0.716232907844495,21.6051367261048,0.146816451274569,"f"
2366,-0.716434482274191,21.611898070665,0.146843035409358,"f"
2367,-0.716634603672286,21.6186642830072,0.146869646611788,"f"
2368,-0.71683306281839,21.6254351990571,0.146896284598921,"f"
2369,-0.717029650492114,21.6322106547406,0.146922949087818,"f"
2370,-0.717224157473065,21.6389904859837,0.146949639795543,"f"
2371,-0.717416374540855,21.6457745287121,0.146976356439156,"f"
2372,-0.717606092475094,21.6525626188518,0.14700309873572,"f"
2373,-0.717793102055391,21.6593545923287,0.147029866402298,"f"
2374,-0.717977194061356,21.6661502850685,0.14705665915595,"f"
2375,-0.718158204902684,21.6729495390914,0.147083476646566,"f"
2376,-0.718336237452802,21.6797522320057,0.147110318131764,"f"
2377,-0.71851149103357,21.6865582543008,0.147137182727178,"f"
2378,-0.718684165099878,21.6933674964843,0.147164069548244,"f"
2379,-0.718854459106616,21.7001798490633,0.147190977710401,"f"
2380,-0.719022572508676,21.7069952025454,0.147217906329087,"f"
2381,-0.719188704760948,21.7138134474378,0.147244854519738,"f"
2382,-0.719353055318322,21.7206344742479,0.147271821397793,"f"
2383,-0.719515823635689,21.7274581734832,0.14729880607869,"f"
2384,-0.719677209167941,21.7342844356508,0.147325807677865,"f"
2385,-0.719837411369967,21.7411131512583,0.147352825310756,"f"
2386,-0.719996629696658,21.7479442108129,0.147379858092801,"f"
2387,-0.720155063602906,21.754777504822,0.147406905139438,"f"
2388,-0.7203129125436,21.761612923793,0.147433965566104,"f"
2389,-0.720470375973632,21.7684503582333,0.147461038488237,"f"
2390,-0.720627653347892,21.7752896986501,0.147488123021275,"f"
2391,-0.72078494412127,21.782130835551,0.147515218280654,"f"
2392,-0.720942447748658,21.7889736594431,0.147542323381814,"f"
2393,-0.721100363684947,21.795818060834,0.14756943744019,"f"
2394,-0.721258891385026,21.8026639302309,0.147596559571222,"f"
2395,-0.721418230303786,21.8095111581412,0.147623688890346,"f"
2396,-0.721578579896119,21.8163596350723,0.147650824513,"f"
2397,-0.721740139616915,21.8232092515315,0.147677965554622,"f"
2398,-0.721903108921064,21.8300598980263,0.147705111130649,"f"
2399,-0.722067687263458,21.8369114650638,0.14773226035652,"f"
2400,-0.722234074098986,21.8437638431516,0.147759412347671,"f"
2401,-0.72240246888254,21.850616922797,0.14778656621954,"f"
2402,-0.722573071069011,21.8574705945073,0.147813721087565,"f"
2403,-0.722746080113288,21.8643247487899,0.147840876067183,"f"
2404,-0.722921695470263,21.8711792761522,0.147868030273833,"f"
2405,-0.72310010575443,21.8780340786895,0.147895182896527,"f"
2406,-0.723281307933347,21.8848892633612,0.147922334425015,"f"
2407,-0.723465134768187,21.8917451126573,0.147949486463543,"f"
2408,-0.723651413708954,21.8986019147457,0.147976640652402,"f"
2409,-0.72383997220565,21.9054599577939,0.148003798631885,"f"
2410,-0.72403063770828,21.9123195299696,0.148030962042284,"f"
2411,-0.724223237666846,21.9191809194405,0.148058132523892,"f"
2412,-0.72441759953135,21.9260444143742,0.148085311717001,"f"
2413,-0.724613550751797,21.9329103029384,0.148112501261903,"f"
2414,-0.724810918778189,21.9397788733008,0.14813970279889,"f"
2415,-0.725009531060529,21.946650413629,0.148166917968255,"f"
2416,-0.72520921504882,21.9535252120907,0.148194148410291,"f"
2417,-0.725409798193066,21.9604035568536,0.148221395765289,"f"
2418,-0.725611107943269,21.9672857360853,0.148248661673541,"f"
2419,-0.725812971749432,21.9741720379534,0.148275947775341,"f"
2420,-0.726015217061559,21.9810627506257,0.148303255710981,"f"
2421,-0.726217671329653,21.9879581622698,0.148330587120752,"f"
2422,-0.726420162003716,21.9948585610534,0.148357943644948,"f"
2423,-0.726622516533752,22.0017642351441,0.14838532692386,"f"
2424,-0.726824562369764,22.0086754727096,0.148412738597781,"f"
2425,-0.727026126961755,22.0155925619176,0.148440180307003,"f"
2426,-0.727227037759728,22.0225157909357,0.148467653691819,"f"
2427,-0.727427122213686,22.0294454479315,0.148495160392521,"f"
2428,-0.727626207773631,22.0363818210729,0.1485227020494,"f"
2429,-0.727824121889568,22.0433251985273,0.148550280302751,"f"
2430,-0.728020692011499,22.0502758684625,0.148577896792864,"f"
2431,-0.728215745589428,22.0572341190462,0.148605553160032,"f"
2432,-0.728409110073357,22.0642002384459,0.148633251044548,"f"
2433,-0.728600612913289,22.0711745148294,0.148660992086703,"f"
2434,-0.728790081559227,22.0781572363643,0.148688777926791,"f"
2435,-0.728977343461175,22.0851486912184,0.148716610205104,"f"
2436,-0.72916225698698,22.0921491281569,0.148744490210309,"f"
2437,-0.729344859216014,22.0991585681923,0.148772417198621,"f"
2438,-0.729525251293493,22.1061769506904,0.148800389697642,"f"
2439,-0.729703534446835,22.1132042149122,0.148828406234039,"f"
2440,-0.729879809903456,22.1202403001187,0.14885646533448,"f"
2441,-0.730054178890773,22.1272851455708,0.148884565525633,"f"
2442,-0.730226742636203,22.1343386905297,0.148912705334166,"f"
2443,-0.730397602367162,22.1414008742562,0.148940883286747,"f"
2444,-0.730566859311068,22.1484716360115,0.148969097910043,"f"
2445,-0.730734614695338,22.1555509150565,0.148997347730722,"f"
2446,-0.730900969747387,22.1626386506522,0.149025631275452,"f"
2447,-0.731066025694634,22.1697347820596,0.149053947070901,"f"
2448,-0.731229883764494,22.1768392485398,0.149082293643736,"f"
2449,-0.731392645184385,22.1839519893538,0.149110669520626,"f"
2450,-0.731554411181723,22.1910729437625,0.149139073228237,"f"
2451,-0.731715282983926,22.1982020510269,0.149167503293238,"f"
2452,-0.73187536181841,22.2053392504081,0.149195958242297,"f"
2453,-0.732034748912592,22.2124844811672,0.14922443660208,"f"
2454,-0.732193545493888,22.219637682565,0.149252936899257,"f"
2455,-0.732351852789716,22.2267987938626,0.149281457660495,"f"
2456,-0.732509772027493,22.233967754321,0.149309997412461,"f"
2457,-0.732667404434635,22.2411445032012,0.149338554681824,"f"
2458,-0.732824851238559,22.2483289797642,0.149367127995251,"f"
2459,-0.732982213666682,22.2555211232711,0.14939571587941,"f"
2460,-0.73313959294642,22.2627208729828,0.149424316860968,"f"
2461,-0.733297090305191,22.2699281681603,0.149452929466594,"f"
2462,-0.733454806970412,22.2771429480647,0.149481552222955,"f"
2463,-0.733612844169499,22.2843651519569,0.149510183656719,"f"
2464,-0.733771303129868,22.2915947190981,0.149538822294554,"f"
2465,-0.733930285078938,22.298831588749,0.149567466663127,"f"
2466,-0.734089887319021,22.3060756923002,0.149596115331839,"f"
2467,-0.734250138724251,22.3133268239284,0.149624767615074,"f"
2468,-0.734411010046002,22.3205846612617,0.14965342346,"f"
2469,-0.734572470188853,22.3278488782249,0.149682082833893,"f"
2470,-0.734734488057388,22.3351191487426,0.149710745704029,"f"
2471,-0.734897032556187,22.3423951467398,0.149739412037683,"f"
2472,-0.735060072589832,22.3496765461413,0.149768081802131,"f"
2473,-0.735223577062904,22.3569630208718,0.149796754964648,"f"
2474,-0.735387514879985,22.364254244856,0.149825431492511,"f"
2475,-0.735551854945656,22.3715498920189,0.149854111352993,"f"
2476,-0.735716566164498,22.3788496362852,0.149882794513372,"f"
2477,-0.735881617441093,22.3861531515796,0.149911480940923,"f"
2478,-0.736046977680022,22.3934601118271,0.14994017060292,"f"
2479,-0.736212615785867,22.4007701909523,0.149968863466641,"f"
2480,-0.73637850066321,22.4080830628801,0.14999755949936,"f"
2481,-0.73654460121663,22.4153984015352,0.150026258668353,"f"
2482,-0.736710886350711,22.4227158808425,0.150054960940895,"f"
2483,-0.736877324970034,22.4300351747268,0.150083666284262,"f"
2484,-0.737043885979179,22.4373559571128,0.150112374665731,"f"
2485,-0.737210538282729,22.4446779019252,0.150141086052575,"f"
2486,-0.737377250785264,22.4520006830891,0.150169800412071,"f"
2487,-0.737543992391367,22.459323974529,0.150198517711494,"f"
2488,-0.737710732005618,22.4666474501698,0.150227237918121,"f"
2489,-0.737877438532599,22.4739707839364,0.150255960999226,"f"
2490,-0.738044080876892,22.4812936497534,0.150284686922085,"f"
2491,-0.738210627943078,22.4886157215457,0.150313415653973,"f"
2492,-0.738377048635738,22.495936673238,0.150342147162167,"f"
2493,-0.738543311859453,22.5032561787553,0.150370881413942,"f"
2494,-0.738709386518806,22.5105739120221,0.150399618376573,"f"
2495,-0.738875241518378,22.5178895469635,0.150428358017336,"f"
2496,-0.739040845866645,22.5252027596208,0.150457100307168,"f"
2497,-0.739206181567863,22.5325134908053,0.150485845675058,"f"
2498,-0.739371256097579,22.539822200268,0.150514595447759,"f"
2499,-0.739536079890408,22.5471294080468,0.15054335105632,"f"
2500,-0.739700663380966,22.5544356341793,0.15057211393179,"f"
2501,-0.739865017003867,22.5617413987032,0.150600885505216,"f"
2502,-0.740029151193727,22.5690472216562,0.150629667207649,"f"
2503,-0.74019307638516,22.576353623076,0.150658460470137,"f"
2504,-0.740356803012781,22.5836611230004,0.150687266723729,"f"
2505,-0.740520341511205,22.590970241467,0.150716087399472,"f"
2506,-0.740683702315048,22.5982814985136,0.150744923928418,"f"
2507,-0.740846895858924,22.6055954141778,0.150773777741613,"f"
2508,-0.741009932577448,22.6129125084973,0.150802650270107,"f"
2509,-0.741172822905235,22.62023330151,0.150831542944948,"f"
2510,-0.7413355772769,22.6275583132534,0.150860457197186,"f"
2511,-0.741498206127058,22.6348880637652,0.150889394457869,"f"
2512,-0.741660719890324,22.6422230730833,0.150918356158046,"f"
2513,-0.741823129001313,22.6495638612453,0.150947343728766,"f"
2514,-0.74198544389464,22.6569109482888,0.150976358601077,"f"
2515,-0.742147675004921,22.6642648542517,0.151005402206029,"f"
2516,-0.742309832766769,22.6716260991716,0.15103447597467,"f"
2517,-0.742471927614799,22.6789952030861,0.151063581338048,"f"
2518,-0.742633969983628,22.6863726860332,0.151092719727213,"f"
2519,-0.74279597030787,22.6937590680503,0.151121892573214,"f"
2520,-0.742957939022139,22.7011548691753,0.151151101307099,"f"
2521,-0.743119886561051,22.7085606094458,0.151180347359917,"f"
2522,-0.743281823359221,22.7159768088996,0.151209632162717,"f"
2523,-0.743443759851263,22.7234039875743,0.151238957146547,"f"
2524,-0.743605706471793,22.7308426655077,0.151268323742457,"f"
2525,-0.743767673655426,22.7382933627375,0.151297733381495,"f"
2526,-0.743929671836776,22.7457565993014,0.151327187494709,"f"
2527,-0.744091711568505,22.7532328682963,0.151356687433646,"f"
2528,-0.744253805432802,22.7607221996354,0.151386233182968,"f"
2529,-0.744415967720802,22.7682242332123,0.151415823576369,"f"
2530,-0.744578212776974,22.7757385967486,0.151445457411622,"f"
2531,-0.744740554945789,22.7832649179656,0.151475133486499,"f"
2532,-0.744903008571716,22.7908028245848,0.151504850598772,"f"
2533,-0.745065587999225,22.7983519443276,0.151534607546215,"f"
2534,-0.745228307572785,22.8059119049156,0.151564403126601,"f"
2535,-0.745391181636866,22.8134823340701,0.151594236137701,"f"
2536,-0.745554224535938,22.8210628595127,0.151624105377288,"f"
2537,-0.745717450614469,22.8286531089647,0.151654009643136,"f"
2538,-0.745880874216931,22.8362527101476,0.151683947733016,"f"
2539,-0.746044509687792,22.8438612907829,0.151713918444702,"f"
2540,-0.746208371371523,22.851478478592,0.151743920575966,"f"
2541,-0.746372473612592,22.8591039012964,0.151773952924581,"f"
2542,-0.746536830755469,22.8667371866176,0.151804014288319,"f"
2543,-0.746701457144625,22.8743779622769,0.151834103464954,"f"
2544,-0.746866367124529,22.8820258559959,0.151864219252257,"f"
2545,-0.747031575039649,22.889680495496,0.151894360448001,"f"
2546,-0.747197095234457,22.8973415084986,0.15192452584996,"f"
2547,-0.747362942053422,22.9050085227252,0.151954714255905,"f"
2548,-0.747529129841013,22.9126811658973,0.15198492446361,"f"
2549,-0.7476956729417,22.9203590657363,0.152015155270847,"f"
2550,-0.747862585699953,22.9280418499636,0.152045405475389,"f"
2551,-0.74802988246024,22.9357291463008,0.152075673875008,"f"
2552,-0.748197577567033,22.9434205824692,0.152105959267477,"f"
2553,-0.748365685364801,22.9511157861904,0.152136260450569,"f"
2554,-0.748534220198012,22.9588143851857,0.152166576222056,"f"
2555,-0.748703196411138,22.9665160071767,0.152196905379711,"f"
2556,-0.748872628348647,22.9742202798847,0.152227246721307,"f"
2557,-0.749042530107192,22.9819268317399,0.152257599045012,"f"
2558,-0.749212885797656,22.9896353769177,0.152287961196899,"f"
2559,-0.749383621294089,22.9973457961235,0.152318332116075,"f"
2560,-0.749554655779501,23.0050579891961,0.152348710752338,"f"
2561,-0.749725908436904,23.0127718559743,0.152379096055486,"f"
2562,-0.749897298449308,23.0204872962967,0.152409486975316,"f"
2563,-0.750068744999725,23.0282042100021,0.152439882461624,"f"
2564,-0.750240167271164,23.0359224969293,0.15247028146421,"f"
2565,-0.750411484446637,23.0436420569169,0.152500682932869,"f"
2566,-0.750582615709154,23.0513627898038,0.1525310858174,"f"
2567,-0.750753480241727,23.0590845954287,0.1525614890676,"f"
2568,-0.750923997227366,23.0668073736302,0.152591891633266,"f"
2569,-0.751094085849082,23.0745310242472,0.152622292464196,"f"
2570,-0.751263665289885,23.0822554471184,0.152652690510186,"f"
2571,-0.751432654732787,23.0899805420825,0.152683084721035,"f"
2572,-0.751600973360799,23.0977062089782,0.15271347404654,"f"
2573,-0.75176854035693,23.1054323476444,0.152743857436499,"f"
2574,-0.751935274904193,23.1131588579197,0.152774233840708,"f"
2575,-0.752101096185597,23.1208856396428,0.152804602208965,"f"
2576,-0.752265923384154,23.1286125926526,0.152834961491067,"f"
2577,-0.752429675682874,23.1363396167878,0.152865310636813,"f"
2578,-0.752592272264768,23.144066611887,0.152895648595998,"f"
2579,-0.752753632312847,23.1517934777891,0.152925974318422,"f"
2580,-0.752913675010122,23.1595201143328,0.15295628675388,"f"
2581,-0.753072319539604,23.1672464213567,0.152986584852171,"f"
2582,-0.753229485084302,23.1749722986998,0.153016867563092,"f"
2583,-0.753385090827229,23.1826976462006,0.15304713383644,"f"
2584,-0.753539055951395,23.1904223636979,0.153077382622013,"f"
2585,-0.753691299639811,23.1981463510306,0.153107612869608,"f"
2586,-0.753841741075488,23.2058695080372,0.153137823529023,"f"
2587,-0.753990299441435,23.2135917345566,0.153168013550054,"f"
2588,-0.754136916266851,23.2213129773763,0.153198182148158,"f"
2589,-0.754281642033566,23.2290334121914,0.153228329834052,"f"
2590,-0.754424560379395,23.2367532843567,0.153258457512622,"f"
2591,-0.754565754949969,23.2444728392435,0.153288566088847,"f"
2592,-0.75470530939092,23.2521923222234,0.153318656467705,"f"
2593,-0.75484330734788,23.2599119786676,0.153348729554176,"f"
2594,-0.75497983246648,23.2676320539476,0.153378786253237,"f"
2595,-0.755114968392351,23.2753527934347,0.153408827469869,"f"
2596,-0.755248798771125,23.2830744425003,0.15343885410905,"f"
2597,-0.755381407248434,23.2907972465157,0.153468867075758,"f"
2598,-0.755512877469909,23.2985214508524,0.153498867274973,"f"
2599,-0.755643293081182,23.3062473008817,0.153528855611673,"f"
2600,-0.755772737727884,23.3139750419751,0.153558832990837,"f"
2601,-0.755901295055646,23.3217049195038,0.153588800317444,"f"
2602,-0.756029048710101,23.3294371788393,0.153618758496472,"f"
2603,-0.756156082336879,23.3371720653529,0.153648708432901,"f"
2604,-0.756282479581612,23.344909824416,0.15367865103171,"f"
2605,-0.756408324089933,23.3526507014,0.153708587197876,"f"
2606,-0.756533699507471,23.3603949416763,0.15373851783638,"f"
2607,-0.756658689479859,23.3681427906162,0.153768443852199,"f"
2608,-0.756783377652729,23.3758944935912,0.153798366150313,"f"
2609,-0.756907847671711,23.3836502959725,0.1538282856357,"f"
2610,-0.757032183182438,23.3914104431316,0.15385820321334,"f"
2611,-0.757156467830541,23.3991751804399,0.15388811978821,"f"
2612,-0.757280785261651,23.4069447532687,0.15391803626529,"f"
2613,-0.7574052191214,23.4147194069894,0.153947953549559,"f"
2614,-0.757529853055419,23.4224993869734,0.153977872545995,"f"
2615,-0.757654770709341,23.4302849385921,0.154007794159578,"f"
2616,-0.757780055728795,23.4380763072168,0.154037719295285,"f"
2617,-0.757905791759415,23.4458737382189,0.154067648858097,"f"
2618,-0.758032062157963,23.4536774761256,0.154097583750361,"f"
2619,-0.758158916453084,23.4614876665987,0.154127524566474,"f"
2620,-0.758286339070689,23.4693042650323,0.154157471308166,"f"
2621,-0.758414307039383,23.4771272052015,0.154187423909831,"f"
2622,-0.758542797387773,23.4849564208811,0.154217382305858,"f"
2623,-0.758671787144463,23.4927918458461,0.15424734643064,"f"
2624,-0.758801253338061,23.5006334138714,0.154277316218566,"f"
2625,-0.758931172997172,23.5084810587321,0.154307291604029,"f"
2626,-0.759061523150401,23.516334714203,0.15433727252142,"f"
2627,-0.759192280826355,23.524194314059,0.154367258905129,"f"
2628,-0.75932342305364,23.5320597920752,0.154397250689548,"f"
2629,-0.75945492686086,23.5399310820265,0.154427247809069,"f"
2630,-0.759586769276623,23.5478081176878,0.154457250198082,"f"
2631,-0.759718927329534,23.5556908328341,0.154487257790978,"f"
2632,-0.759851378048198,23.5635791612402,0.154517270522149,"f"
2633,-0.759984098461222,23.5714730366813,0.154547288325985,"f"
2634,-0.760117065597211,23.5793723929321,0.154577311136879,"f"
2635,-0.760250256484771,23.5872771637677,0.154607338889221,"f"
2636,-0.760383648152508,23.595187282963,0.154637371517403,"f"
2637,-0.760517217629029,23.603102684293,0.154667408955815,"f"
2638,-0.760650941942938,23.6110233015325,0.154697451138849,"f"
2639,-0.760784798122841,23.6189490684566,0.154727498000896,"f"
2640,-0.760918763197345,23.6268799188401,0.154757549476347,"f"
2641,-0.761052814195055,23.6348157864581,0.154787605499593,"f"
2642,-0.761186928144577,23.6427566050855,0.154817666005026,"f"
2643,-0.761321082074516,23.6507023084972,0.154847730927037,"f"
2644,-0.76145525301348,23.6586528304682,0.154877800200017,"f"
2645,-0.761589417990073,23.6666081047734,0.154907873758356,"f"
2646,-0.761723554032901,23.6745680651877,0.154937951536447,"f"
2647,-0.761857638170571,23.6825326454862,0.154968033468681,"f"
2648,-0.761991647431687,23.6905017794437,0.154998119489448,"f"
2649,-0.762125561541877,23.6984753588592,0.155028209423909,"f"
2650,-0.762259373245182,23.7064530729152,0.155058302569975,"f"
2651,-0.762393079208511,23.7144345497394,0.155088398066677,"f"
2652,-0.762526676099571,23.7224194174468,0.155118495053015,"f"
2653,-0.762660160586071,23.7304073041528,0.155148592667989,"f"
2654,-0.762793529335717,23.7383978379724,0.155178690050598,"f"
2655,-0.762926779016218,23.746390647021,0.155208786339843,"f"
2656,-0.763059906295279,23.7543853594136,0.155238880674723,"f"
2657,-0.76319290784061,23.7623816032654,0.155268972194238,"f"
2658,-0.763325780319918,23.7703790066918,0.155299060037388,"f"
2659,-0.763458520400909,23.7783771978077,0.155329143343171,"f"
2660,-0.763591124751293,23.7863758047286,0.15535922125059,"f"
2661,-0.763723590038775,23.7943744555694,0.155389292898642,"f"
2662,-0.763855912931064,23.8023727784455,0.155419357426327,"f"
2663,-0.763988090095867,23.810370401472,0.155449413972646,"f"
2664,-0.764120118200892,23.818366952764,0.155479461676599,"f"
2665,-0.764251993913846,23.8263620604369,0.155509499677184,"f"
2666,-0.764383713902437,23.8343553526058,0.155539527113402,"f"
2667,-0.764515274834373,23.8423464573858,0.155569543124252,"f"
2668,-0.764646673377359,23.8503350028922,0.155599546848735,"f"
2669,-0.764777906199106,23.8583206172402,0.15562953742585,"f"
2670,-0.764908969967319,23.8663029285449,0.155659513994596,"f"
2671,-0.765039861349706,23.8742815649216,0.155689475693974,"f"
2672,-0.765170577013975,23.8822561544854,0.155719421662984,"f"
2673,-0.765301113627833,23.8902263253515,0.155749351040624,"f"
2674,-0.765431467858989,23.8981917056352,0.155779262965895,"f"
2675,-0.765561636375148,23.9061519234515,0.155809156577797,"f"
2676,-0.76569161584402,23.9141066069158,0.155839031015329,"f"
2677,-0.765821402933311,23.9220553841431,0.155868885417491,"f"
2678,-0.765950994310728,23.9299978832487,0.155898718923283,"f"
2679,-0.766080387806238,23.9379337662958,0.15592853075327,"f"
2680,-0.766209597230867,23.9458631621329,0.155958321249547,"f"
2681,-0.766338648014529,23.9537865389808,0.155988091569607,"f"
2682,-0.766467565849073,23.961704372711,0.156017842889323,"f"
2683,-0.766596376426349,23.9696171391951,0.156047576384571,"f"
2684,-0.766725105438207,23.9775253143045,0.156077293231226,"f"
2685,-0.766853778576498,23.9854293739109,0.156106994605161,"f"
2686,-0.76698242153307,23.9933297938856,0.156136681682253,"f"
2687,-0.767111059999775,24.0012270501003,0.156166355638374,"f"
2688,-0.767239719668463,24.0091216184266,0.156196017649401,"f"
2689,-0.767368426230982,24.0170139747358,0.156225668891208,"f"
2690,-0.767497205379184,24.0249045948997,0.156255310539669,"f"
2691,-0.767626082804919,24.0327939547896,0.156284943770659,"f"
2692,-0.767755084200035,24.0406825302771,0.156314569760054,"f"
2693,-0.767884235256384,24.0485707972339,0.156344189683727,"f"
2694,-0.768013561665814,24.0564592315313,0.156373804717553,"f"
2695,-0.768143089120178,24.0643483090409,0.156403416037407,"f"
2696,-0.768272843311323,24.0722385056343,0.156433024819164,"f"
2697,-0.7684028499311,24.080130297183,0.156462632238698,"f"
2698,-0.76853313467136,24.0880241595585,0.156492239471885,"f"
2699,-0.768663723223952,24.0959205686324,0.156521847694598,"f"
2700,-0.768794641280726,24.1038200002762,0.156551458082713,"f"
2701,-0.768925914533533,24.1117229303614,0.156581071812104,"f"
2702,-0.769057568674221,24.1196298347596,0.156610690058646,"f"
2703,-0.769189629394642,24.1275411893422,0.156640313998213,"f"
2704,-0.769322122386645,24.1354574699809,0.156669944806681,"f"
2705,-0.76945507334208,24.1433791525471,0.156699583659923,"f"
2706,-0.769588507952797,24.1513067129124,0.156729231733816,"f"
2707,-0.769722451910647,24.1592406269483,0.156758890204232,"f"
2708,-0.769856930907478,24.1671813705264,0.156788560247048,"f"
2709,-0.769991970635142,24.1751294195182,0.156818243038138,"f"
2710,-0.77012758204646,24.183085145823,0.156847939395326,"f"
2711,-0.770263705659738,24.1910484244804,0.156877648425401,"f"
2712,-0.770400260977408,24.1990189822798,0.156907368724617,"f"
2713,-0.770537167498232,24.2069965459845,0.156937098889143,"f"
2714,-0.770674344720975,24.2149808423579,0.156966837515145,"f"
2715,-0.770811712144397,24.2229715981633,0.156996583198791,"f"
2716,-0.770949189267264,24.2309685401642,0.157026334536248,"f"
2717,-0.771086695588338,24.2389713951238,0.157056090123684,"f"
2718,-0.771224150606382,24.2469798898057,0.157085848557264,"f"
2719,-0.77136147382016,24.2549937509732,0.157115608433158,"f"
2720,-0.771498584728434,24.2630127053896,0.157145368347531,"f"
2721,-0.771635402829968,24.2710364798184,0.157175126896552,"f"
2722,-0.771771847623524,24.2790648010229,0.157204882676387,"f"
2723,-0.771907838607867,24.2870973957665,0.157234634283203,"f"
2724,-0.772043295281758,24.2951339908125,0.157264380313169,"f"
2725,-0.772178137143962,24.3031743129245,0.15729411936245,"f"
2726,-0.772312283693241,24.3112180888657,0.157323850027215,"f"
2727,-0.772445654428359,24.3192650453995,0.15735357090363,"f"
2728,-0.772578168848078,24.3273149092894,0.157383280587862,"f"
2729,-0.772709746451162,24.3353674072986,0.15741297767608,"f"
2730,-0.772840306736374,24.3434222661906,0.15744266076445,"f"
2731,-0.772969769202477,24.3514792127288,0.157472328449139,"f"
2732,-0.773098053348234,24.3595379736765,0.157501979326315,"f"
2733,-0.773225078672408,24.3675982757971,0.157531611992144,"f"
2734,-0.773350764673763,24.375659845854,0.157561225042795,"f"
2735,-0.773475030851062,24.3837224106106,0.157590817074434,"f"
2736,-0.773597796703067,24.3917856968303,0.157620386683228,"f"
2737,-0.773718981728542,24.3998494312763,0.157649932465346,"f"
2738,-0.77383850542625,24.4079133407122,0.157679453016953,"f"
2739,-0.773956287294954,24.4159771519014,0.157708946934217,"f"
2740,-0.774072252989701,24.4240405962826,0.157738412868092,"f"
2741,-0.774186411743245,24.4321034687701,0.157767850213307,"f"
2742,-0.774298833021416,24.4401656100234,0.157797258900619,"f"
2743,-0.774409587619806,24.448226861712,0.15782663887262,"f"
2744,-0.774518746334003,24.4562870655056,0.1578559900719,"f"
2745,-0.774626379959597,24.4643460630737,0.15788531244105,"f"
2746,-0.774732559292177,24.4724036960857,0.157914605922661,"f"
2747,-0.774837355127333,24.4804598062112,0.157943870459325,"f"
2748,-0.774940838260655,24.4885142351198,0.157973105993632,"f"
2749,-0.775043079487731,24.4965668244809,0.158002312468172,"f"
2750,-0.775144149604152,24.5046174159642,0.158031489825538,"f"
2751,-0.775244119405506,24.5126658512391,0.15806063800832,"f"
2752,-0.775343059687385,24.5207119719752,0.158089756959109,"f"
2753,-0.775441041245375,24.528755619842,0.158118846620495,"f"
2754,-0.775538134875069,24.536796636509,0.158147906935071,"f"
2755,-0.775634411372054,24.5448348636459,0.158176937845426,"f"
2756,-0.775729941531921,24.552870142922,0.158205939294152,"f"
2757,-0.775824796150258,24.560902316007,0.158234911223839,"f"
2758,-0.775919046022656,24.5689312245704,0.158263853577079,"f"
2759,-0.776012761944704,24.5769567102816,0.158292766296463,"f"
2760,-0.776106014711991,24.5849786148104,0.158321649324581,"f"
2761,-0.776198875120107,24.5929967798261,0.158350502604025,"f"
2762,-0.776291413964642,24.6010110469983,0.158379326077385,"f"
2763,-0.776383702041184,24.6090212579966,0.158408119687253,"f"
2764,-0.776475810145324,24.6170272544905,0.158436883376219,"f"
2765,-0.77656780907265,24.6250288781495,0.158465617086874,"f"
2766,-0.776659769618753,24.6330259706431,0.15849432076181,"f"
2767,-0.776751762579222,24.6410183736409,0.158522994343617,"f"
2768,-0.776843858749646,24.6490059288125,0.158551637774886,"f"
2769,-0.776936128925615,24.6569884778273,0.158580250998208,"f"
2770,-0.777028643576202,24.6649658654473,0.158608833964133,"f"
2771,-0.777121449686359,24.6729381588516,0.158637387195637,"f"
2772,-0.777214555405892,24.6809057930254,0.158665912162308,"f"
2773,-0.777307965242225,24.6888692374507,0.158694410422515,"f"
2774,-0.777401683702781,24.6968289616096,0.158722883534627,"f"
2775,-0.777495715294985,24.7047854349841,0.158751333057014,"f"
2776,-0.77759006452626,24.7127391270563,0.158779760548045,"f"
2777,-0.777684735904032,24.720690507308,0.15880816756609,"f"
2778,-0.777779733935724,24.7286400452215,0.158836555669519,"f"
2779,-0.777875063128761,24.7365882102786,0.158864926416701,"f"
2780,-0.777970727990566,24.7445354719615,0.158893281366006,"f"
2781,-0.778066733028564,24.7524822997522,0.158921622075803,"f"
2782,-0.778163082750179,24.7604291631327,0.158949950104463,"f"
2783,-0.778259781662835,24.768376531585,0.158978267010354,"f"
2784,-0.778356834273956,24.7763248745911,0.159006574351846,"f"
2785,-0.778454245090967,24.7842746616331,0.159034873687308,"f"
2786,-0.778552018621292,24.7922263621931,0.159063166575111,"f"
2787,-0.778650159372354,24.800180445753,0.159091454573624,"f"
2788,-0.778748671851578,24.8081373817949,0.159119739241217,"f"
2789,-0.778847560566388,24.8160976398008,0.159148022136258,"f"
2790,-0.778946830024209,24.8240616892527,0.159176304817119,"f"
2791,-0.779046484732464,24.8320299996327,0.159204588842167,"f"
2792,-0.779146529198578,24.8400030404228,0.159232875769773,"f"
2793,-0.779246967929975,24.847981281105,0.159261167158307,"f"
2794,-0.779347805434078,24.8559651911613,0.159289464566138,"f"
2795,-0.779449046218313,24.8639552400739,0.159317769551635,"f"
2796,-0.779550694790103,24.8719518973246,0.159346083673169,"f"
2797,-0.779652755656873,24.8799556323957,0.159374408489108,"f"
2798,-0.779755233326046,24.8879669147689,0.159402745557822,"f"
2799,-0.779858132305047,24.8959862139265,0.159431096437682,"f"
2800,-0.7799614571013,24.9040139993504,0.159459462687056,"f"
2801,-0.780065208988983,24.9120507050896,0.159487845724711,"f"
2802,-0.780169345900781,24.9200962902143,0.159516245098035,"f"
2803,-0.780273794807195,24.9281503744808,0.159544659017548,"f"
2804,-0.780378482009483,24.936212570311,0.159573085664873,"f"
2805,-0.780483333808897,24.9442824901269,0.159601523221633,"f"
2806,-0.780588276506695,24.9523597463505,0.159629969869451,"f"
2807,-0.78069323640413,24.9604439514037,0.159658423789949,"f"
2808,-0.780798139802459,24.9685347177084,0.159686883164751,"f"
2809,-0.780902913002937,24.9766316576867,0.159715346175479,"f"
2810,-0.781007482306818,24.9847343837606,0.159743811003757,"f"
2811,-0.781111774015359,24.9928425083518,0.159772275831208,"f"
2812,-0.781215714429815,25.0009556438826,0.159800738839454,"f"
2813,-0.78131922985144,25.0090734027747,0.159829198210118,"f"
2814,-0.78142224658149,25.0171953974502,0.159857652124824,"f"
2815,-0.78152469092122,25.0253212403311,0.159886098765193,"f"
2816,-0.781626489171886,25.0334505438392,0.159914536312851,"f"
2817,-0.781727567634742,25.0415829203966,0.159942962949418,"f"
2818,-0.781827852611045,25.0497179824252,0.159971376856518,"f"
2819,-0.781927270402049,25.0578553423471,0.159999776215775,"f"
2820,-0.78202574730901,25.065994612584,0.16002815920881,"f"
2821,-0.782123209633183,25.0741354055581,0.160056524017248,"f"
2822,-0.782219583675823,25.0822773336913,0.16008486882271,"f"
2823,-0.782314795738185,25.0904200094055,0.16011319180682,"f"
2824,-0.782408772121525,25.0985630451228,0.160141491151201,"f"
2825,-0.782501439127098,25.106706053265,0.160169765037476,"f"
2826,-0.78259272305616,25.1148486462541,0.160198011647268,"f"
2827,-0.782682550209965,25.1229904365122,0.160226229162199,"f"
2828,-0.782770846889768,25.1311310364611,0.160254415763893,"f"
2829,-0.782857539396826,25.1392700585229,0.160282569633972,"f"
2830,-0.782942554032393,25.1474071151194,0.16031068895406,"f"
2831,-0.783025817816657,25.1555418202155,0.160338771921763,"f"
2832,-0.783107308158289,25.163673895901,0.160366817854998,"f"
2833,-0.783187085051085,25.1718032414803,0.160394827907832,"f"
2834,-0.783265216144024,25.1799297726842,0.160422803404531,"f"
2835,-0.783341769086087,25.1880534052436,0.160450745669363,"f"
2836,-0.783416811526253,25.1961740548895,0.160478656026595,"f"
2837,-0.783490411113503,25.2042916373527,0.160506535800495,"f"
2838,-0.783562635496815,25.2124060683642,0.16053438631533,"f"
2839,-0.783633552325171,25.220517263655,0.160562208895367,"f"
2840,-0.78370322924755,25.2286251389558,0.160590004864875,"f"
2841,-0.783771733912931,25.2367296099978,0.160617775548119,"f"
2842,-0.783839133970295,25.2448305925117,0.160645522269368,"f"
2843,-0.783905497068622,25.2529280022284,0.160673246352889,"f"
2844,-0.783970890856891,25.261021754879,0.160700949122949,"f"
2845,-0.784035382984082,25.2691117661943,0.160728631903816,"f"
2846,-0.784099041099176,25.2771979519053,0.160756296019757,"f"
2847,-0.784161932851151,25.2852802277428,0.160783942795039,"f"
2848,-0.784224125888989,25.2933585094379,0.160811573553931,"f"
2849,-0.784285687861669,25.3014327127213,0.160839189620698,"f"
2850,-0.78434668641817,25.309502753324,0.16086679231961,"f"
2851,-0.784407189207473,25.317568546977,0.160894382974932,"f"
2852,-0.784467263878557,25.3256300094112,0.160921962910932,"f"
2853,-0.784526978080403,25.3336870563574,0.160949533451878,"f"
2854,-0.78458639946199,25.3417396035467,0.160977095922038,"f"
2855,-0.784645595672298,25.3497875667099,0.161004651645678,"f"
2856,-0.784704634360308,25.3578308615779,0.161032201947066,"f"
2857,-0.784763583174998,25.3658694038817,0.161059748150469,"f"
2858,-0.784822509765349,25.3739031093521,0.161087291580154,"f"
2859,-0.78488148178034,25.3819318937202,0.16111483356039,"f"
2860,-0.784940566868953,25.3899556727168,0.161142375415443,"f"
2861,-0.784999832680165,25.3979743620728,0.161169918469581,"f"
2862,-0.785059337796511,25.4059879563367,0.16119746361339,"f"
2863,-0.785119104171379,25.4139967684856,0.161225009985356,"f"
2864,-0.78517914450913,25.4220011919014,0.16125255628155,"f"
2865,-0.785239471514124,25.430001619966,0.161280101198041,"f"
2866,-0.78530009789072,25.4379984460614,0.1613076434309,"f"
2867,-0.785361036343276,25.4459920635693,0.161335181676199,"f"
2868,-0.785422299576154,25.4539828658718,0.161362714630008,"f"
2869,-0.785483900293711,25.4619712463507,0.161390240988397,"f"
2870,-0.785545851200308,25.469957598388,0.161417759447438,"f"
2871,-0.785608165000304,25.4779423153655,0.1614452687032,"f"
2872,-0.785670854398059,25.4859257906651,0.161472767451756,"f"
2873,-0.785733932097931,25.4939084176688,0.161500254389174,"f"
2874,-0.785797410804281,25.5018905897584,0.161527728211527,"f"
2875,-0.785861303221467,25.5098727003158,0.161555187614884,"f"
2876,-0.78592562205385,25.5178551427231,0.161582631295317,"f"
2877,-0.785990380005788,25.5258383103619,0.161610057948896,"f"
2878,-0.786055589781641,25.5338225966144,0.161637466271692,"f"
2879,-0.786121264085769,25.5418083948623,0.161664854959775,"f"
2880,-0.786187415622531,25.5497960984876,0.161692222709217,"f"
2881,-0.786254057096286,25.5577861008721,0.161719568216087,"f"
2882,-0.786321201211393,25.5657787953979,0.161746890176457,"f"
2883,-0.786388860672213,25.5737745754467,0.161774187286397,"f"
2884,-0.786457048183105,25.5817738344005,0.161801458241979,"f"
2885,-0.786525776448428,25.5897769656411,0.161828701739271,"f"
2886,-0.786595058172541,25.5977843625506,0.161855916474346,"f"
2887,-0.786664906059804,25.6057964185108,0.161883101143274,"f"
2888,-0.786735332814577,25.6138135269036,0.161910254442126,"f"
2889,-0.786806351141218,25.6218360811108,0.161937375066972,"f"
2890,-0.786877973744088,25.6298644745145,0.161964461713884,"f"
2891,-0.786950213327545,25.6378991004965,0.161991513078931,"f"
2892,-0.787023081957131,25.6459403488092,0.162018527874588,"f"
2893,-0.787096548053999,25.6539883612344,0.162045505934061,"f"
2894,-0.787170509143154,25.6620428767492,0.162072448911071,"f"
2895,-0.787244856255014,25.6701035974312,0.162099358626116,"f"
2896,-0.787319480419995,25.6781702253578,0.162126236899689,"f"
2897,-0.787394272668513,25.6862424626063,0.162153085552288,"f"
2898,-0.787469124030985,25.6943200112544,0.162179906404407,"f"
2899,-0.787543925537829,25.7024025733793,0.162206701276542,"f"
2900,-0.78761856821946,25.7104898510586,0.16223347198919,"f"
2901,-0.787692943106296,25.7185815463696,0.162260220362844,"f"
2902,-0.787766941228752,25.7266773613899,0.162286948218002,"f"
2903,-0.787840453617247,25.7347769981969,0.162313657375158,"f"
2904,-0.787913371302196,25.742880158868,0.162340349654808,"f"
2905,-0.787985585314015,25.7509865454807,0.162367026877448,"f"
2906,-0.788056986683123,25.7590958601124,0.162393690863573,"f"
2907,-0.788127466439935,25.7672078048405,0.162420343433679,"f"
2908,-0.788196915614868,25.7753220817426,0.162446986408262,"f"
2909,-0.78826522523834,25.783438392896,0.162473621607817,"f"
2910,-0.788332286340765,25.7915564403782,0.16250025085284,"f"
2911,-0.788397989952562,25.7996759262666,0.162526875963826,"f"
2912,-0.788462227104147,25.8077965526387,0.162553498761272,"f"
2913,-0.788524888825936,25.8159180215719,0.162580121065671,"f"
2914,-0.788585866148347,25.8240400351437,0.162606744697521,"f"
2915,-0.788645050101795,25.8321622954315,0.162633371477317,"f"
2916,-0.788702331716699,25.8402845045128,0.162660003225554,"f"
2917,-0.788757602023473,25.848406364465,0.162686641762728,"f"
2918,-0.788810752052536,25.8565275773655,0.162713288909335,"f"
2919,-0.788861672834303,25.8646478452918,0.16273994648587,"f"
2920,-0.788910255399192,25.8727668703214,0.162766616312829,"f"
2921,-0.788956390777618,25.8808843545316,0.162793300210707,"f"
2922,-0.78899997,25.889,0.16282,"f"
2923,-0.789040936120132,25.8971135397675,0.162846716916598,"f"
2924,-0.789079440285328,25.9052248307297,0.162873449857971,"f"
2925,-0.789115685666279,25.9133337607456,0.162900197136982,"f"
2926,-0.789149875433678,25.9214402176742,0.162926957066494,"f"
2927,-0.789182212758216,25.9295440893747,0.162953727959372,"f"
2928,-0.789212900810586,25.937645263706,0.162980508128479,"f"
2929,-0.789242142761479,25.9457436285273,0.163007295886678,"f"
2930,-0.789270141781588,25.9538390716977,0.163034089546834,"f"
2931,-0.789297101041605,25.9619314810761,0.16306088742181,"f"
2932,-0.789323223712222,25.9700207445217,0.163087687824469,"f"
2933,-0.78934871296413,25.9781067498935,0.163114489067677,"f"
2934,-0.789373771968022,25.9861893850506,0.163141289464295,"f"
2935,-0.78939860389459,25.994268537852,0.163168087327188,"f"
2936,-0.789423411914526,26.0023440961569,0.16319488096922,"f"
2937,-0.789448399198521,26.0104159478242,0.163221668703254,"f"
2938,-0.789473768917269,26.018483980713,0.163248448842153,"f"
2939,-0.78949972424146,26.0265480826825,0.163275219698783,"f"
2940,-0.789526468341788,26.0346081415916,0.163301979586005,"f"
2941,-0.789554204388943,26.0426640452995,0.163328726816685,"f"
2942,-0.789583135553619,26.0507156816652,0.163355459703685,"f"
2943,-0.789613465006506,26.0587629385477,0.16338217655987,"f"
2944,-0.789645395918298,26.0668057038062,0.163408875698102,"f"
2945,-0.789679131459686,26.0748438652997,0.163435555431247,"f"
2946,-0.789714874801362,26.0828773108872,0.163462214072166,"f"
2947,-0.789752829114018,26.0909059284278,0.163488849933725,"f"
2948,-0.789793197568347,26.0989296057807,0.163515461328786,"f"
2949,-0.789836183335039,26.1069482308048,0.163542046570214,"f"
2950,-0.789881989584788,26.1149616913592,0.163568603970872,"f"
2951,-0.789930819488285,26.122969875303,0.163595131843624,"f"
2952,-0.789982876216223,26.1309726704952,0.163621628501333,"f"
2953,-0.790038337380933,26.1389699897589,0.163648092387215,"f"
2954,-0.790097101594893,26.1469620184281,0.16367452336742,"f"
2955,-0.790158895715448,26.1549491095972,0.163700922184074,"f"
2956,-0.790223444085978,26.1629316188164,0.163727289592123,"f"
2957,-0.790290471049862,26.1709099016357,0.163753626346515,"f"
2958,-0.790359700950481,26.178884313605,0.163779933202197,"f"
2959,-0.790430858131215,26.1868552102746,0.163806210914115,"f"
2960,-0.790503666935444,26.1948229471943,0.163832460237217,"f"
2961,-0.790577851706548,26.2027878799142,0.163858681926448,"f"
2962,-0.790653136787906,26.2107503639844,0.163884876736757,"f"
2963,-0.7907292465229,26.2187107549549,0.16391104542309,"f"
2964,-0.790805905254909,26.2266694083758,0.163937188740394,"f"
2965,-0.790882837327314,26.234626679797,0.163963307443616,"f"
2966,-0.790959767083493,26.2425829247686,0.163989402287702,"f"
2967,-0.791036418866828,26.2505384988407,0.164015474027601,"f"
2968,-0.791112517020699,26.2584937575633,0.164041523418257,"f"
2969,-0.791187785888485,26.2664490564864,0.16406755121462,"f"
2970,-0.791261949813566,26.2744047511601,0.164093558171634,"f"
2971,-0.791334733139323,26.2823611971344,0.164119545044248,"f"
2972,-0.791405860209136,26.2903187499593,0.164145512587409,"f"
2973,-0.791475055366384,26.2982777651849,0.164171461556062,"f"
2974,-0.791542042954449,26.3062385983612,0.164197392705155,"f"
2975,-0.791606547316709,26.3142016050382,0.164223306789635,"f"
2976,-0.791668292796545,26.3221671407661,0.164249204564449,"f"
2977,-0.791727003737337,26.3301355610948,0.164275086784544,"f"
2978,-0.791782404482465,26.3381072215744,0.164300954204867,"f"
2979,-0.791834219375309,26.3460824777548,0.164326807580364,"f"
2980,-0.79188217275925,26.3540616851862,0.164352647665982,"f"
2981,-0.791925988977666,26.3620451994186,0.164378475216669,"f"
2982,-0.791965392373939,26.370033376002,0.164404290987371,"f"
2983,-0.792000107291452,26.3780265704865,0.164430095733035,"f"
2984,-0.792029951661843,26.3860250471029,0.164455890174575,"f"
2985,-0.792055114056382,26.3940287084292,0.164481674898124,"f"
2986,-0.792075874787089,26.4020373675266,0.164507450456453,"f"
2987,-0.792092514165982,26.4100508374568,0.164533217402333,"f"
2988,-0.792105312505083,26.4180689312811,0.164558976288536,"f"
2989,-0.79211455011641,26.4260914620609,0.164584727667833,"f"
2990,-0.792120507311984,26.4341182428578,0.164610472092996,"f"
2991,-0.792123464403823,26.442149086733,0.164636210116796,"f"
2992,-0.792123701703949,26.4501838067481,0.164661942292005,"f"
2993,-0.79212149952438,26.4582222159645,0.164687669171393,"f"
2994,-0.792117138177136,26.4662641274436,0.164713391307733,"f"
2995,-0.792110897974238,26.4743093542469,0.164739109253795,"f"
2996,-0.792103059227704,26.4823577094358,0.164764823562351,"f"
2997,-0.792093902249554,26.4904090060717,0.164790534786173,"f"
2998,-0.792083707351809,26.498463057216,0.164816243478032,"f"
2999,-0.792072754846488,26.5065196759303,0.164841950190699,"f"
3000,-0.79206132504561,26.5145786752758,0.164867655476945,"f"
3001,-0.792049698261195,26.5226398683142,0.164893359889543,"f"
3002,-0.792038154805264,26.5307030681067,0.164919063981263,"f"
3003,-0.792026974989836,26.5387680877149,0.164944768304877,"f"
3004,-0.79201643912693,26.5468347402002,0.164970473413157,"f"
3005,-0.792006827528566,26.5549028386239,0.164996179858873,"f"
3006,-0.791998420506764,26.5629721960476,0.165021888194797,"f"
3007,-0.791991498373544,26.5710426255327,0.165047598973701,"f"
3008,-0.791986341440926,26.5791139401406,0.165073312748355,"f"
3009,-0.791983230020928,26.5871859529327,0.165099030071532,"f"
3010,-0.791982444425572,26.5952584769705,0.165124751496003,"f"
3011,-0.791984264966876,26.6033313253154,0.165150477574539,"f"
3012,-0.79198897195686,26.6114043110289,0.165176208859911,"f"
3013,-0.791996845707545,26.6194772471723,0.165201945904891,"f"
3014,-0.792008140306061,26.6275499488022,0.165227689193088,"f"
3015,-0.792022826922057,26.635622252497,0.165253438461966,"f"
3016,-0.792040704105915,26.6436940079667,0.165279192993743,"f"
3017,-0.792061567945122,26.6517650651089,0.165304952064137,"f"
3018,-0.792085214527166,26.6598352738208,0.165330714948869,"f"
3019,-0.792111439939535,26.6679044839999,0.165356480923657,"f"
3020,-0.792140040269716,26.6759725455436,0.165382249264224,"f"
3021,-0.792170811605196,26.6840393083492,0.165408019246287,"f"
3022,-0.792203550033465,26.6921046223143,0.165433790145567,"f"
3023,-0.792238051642008,26.7001683373361,0.165459561237785,"f"
3024,-0.792274112518315,26.7082303033122,0.165485331798659,"f"
3025,-0.792311528749873,26.7162903701398,0.165511101103909,"f"
3026,-0.792350096424169,26.7243483877164,0.165536868429257,"f"
3027,-0.792389611628691,26.7324042059394,0.165562633050421,"f"
3028,-0.792429870450927,26.7404576747062,0.165588394243121,"f"
3029,-0.792470668978364,26.7485086439142,0.165614151283077,"f"
3030,-0.792511803298491,26.7565569634607,0.16563990344601,"f"
3031,-0.792553069498795,26.7646024832433,0.165665650007639,"f"
3032,-0.792594263666763,26.7726450531593,0.165691390243683,"f"
3033,-0.792635181889884,26.7806845231061,0.165717123429863,"f"
3034,-0.792675620255645,26.788720742981,0.165742848841899,"f"
3035,-0.792715374851534,26.7967535626816,0.165768565755511,"f"
3036,-0.792754241765038,26.8047828321052,0.165794273446418,"f"
3037,-0.792792017083645,26.8128084011492,0.16581997119034,"f"
3038,-0.792828496894843,26.820830119711,0.165845658262998,"f"
3039,-0.79286347728612,26.828847837688,0.165871333940111,"f"
3040,-0.792896754344963,26.8368614049775,0.165896997497398,"f"
3041,-0.792928124158859,26.8448706714771,0.165922648210581,"f"
3042,-0.792957382815298,26.8528754870842,0.165948285355379,"f"
3043,-0.792984326401766,26.860875701696,0.165973908207511,"f"
3044,-0.793008753651423,26.8688711693244,0.165999516051867,"f"
3045,-0.793030585697304,26.876861934328,0.166025108597572,"f"
3046,-0.793049915010287,26.8848483075172,0.166050686147601,"f"
3047,-0.793066846842935,26.8928306195792,0.166076249049232,"f"
3048,-0.793081486447813,26.9008092012015,0.166101797649741,"f"
3049,-0.793093939077485,26.9087843830714,0.166127332296406,"f"
3050,-0.793104309984514,26.9167564958762,0.166152853336503,"f"
3051,-0.793112704421465,26.9247258703034,0.166178361117309,"f"
3052,-0.793119227640902,26.9326928370403,0.166203855986101,"f"
3053,-0.79312398489539,26.9406577267742,0.166229338290157,"f"
3054,-0.793127081437491,26.9486208701925,0.166254808376752,"f"
3055,-0.793128622519771,26.9565825979826,0.166280266593165,"f"
3056,-0.793128713394793,26.9645432408319,0.166305713286671,"f"
3057,-0.793127459315121,26.9725031294276,0.166331148804549,"f"
3058,-0.79312496553332,26.9804625944572,0.166356573494074,"f"
3059,-0.793121337301954,26.988421966608,0.166381987702525,"f"
3060,-0.793116679873586,26.9963815765674,0.166407391777177,"f"
3061,-0.79311109850078,27.0043417550227,0.166432786065308,"f"
3062,-0.793104698436102,27.0123028326613,0.166458170914195,"f"
3063,-0.793097584932114,27.0202651401706,0.166483546671114,"f"
3064,-0.793089863241382,27.0282290082379,0.166508913683343,"f"
3065,-0.793081638616468,27.0361947675506,0.166534272298159,"f"
3066,-0.793073016309938,27.0441627487961,0.166559622862838,"f"
3067,-0.793064101574355,27.0521332826616,0.166584965724658,"f"
3068,-0.793054999662283,27.0601066998346,0.166610301230895,"f"
3069,-0.793045815826287,27.0680833310025,0.166635629728827,"f"
3070,-0.79303665531893,27.0760635068525,0.16666095156573,"f"
3071,-0.793027623392776,27.0840475580721,0.166686267088882,"f"
3072,-0.79301882530039,27.0920358153487,0.166711576645558,"f"
3073,-0.793010366294336,27.1000286093695,0.166736880583037,"f"
3074,-0.793002351627178,27.1080262708219,0.166762179248596,"f"
3075,-0.792994880322754,27.1160291060974,0.166787473034158,"f"
3076,-0.792987984994067,27.1240371625439,0.166812762807692,"f"
3077,-0.792981658094625,27.1320503308622,0.16683804972503,"f"
3078,-0.79297589151957,27.1400684995751,0.166863334946012,"f"
3079,-0.792970677164044,27.1480915572056,0.166888619630472,"f"
3080,-0.79296600692319,27.1561193922765,0.166913904938249,"f"
3081,-0.792961872692147,27.1641518933107,0.166939192029179,"f"
3082,-0.792958266366058,27.172188948831,0.1669644820631,"f"
3083,-0.792955179840066,27.1802304473603,0.166989776199848,"f"
3084,-0.792952605009311,27.1882762774215,0.167015075599261,"f"
3085,-0.792950533768936,27.1963263275375,0.167040381421175,"f"
3086,-0.792948958014081,27.204380486231,0.167065694825428,"f"
3087,-0.79294786963989,27.212438642025,0.167091016971856,"f"
3088,-0.792947260541503,27.2205006834424,0.167116349020297,"f"
3089,-0.792947122614063,27.2285664990059,0.167141692130587,"f"
3090,-0.79294744775271,27.2366359772386,0.167167047462564,"f"
3091,-0.792948227852588,27.2447090066631,0.167192416176064,"f"
3092,-0.792949454808837,27.2527854758025,0.167217799430925,"f"
3093,-0.7929511205166,27.2608652731796,0.167243198386983,"f"
3094,-0.792953216871017,27.2689482873172,0.167268614204077,"f"
3095,-0.792955735767232,27.2770344067382,0.167294048042041,"f"
3096,-0.792958669100385,27.2851235199655,0.167319501060715,"f"
3097,-0.792962008765618,27.293215515522,0.167344974419934,"f"
3098,-0.792965746658073,27.3013102819304,0.167370469279535,"f"
3099,-0.792969874672892,27.3094077077137,0.167395986799357,"f"
3100,-0.792974384705217,27.3175076813948,0.167421528139235,"f"
3101,-0.792979268650189,27.3256100914965,0.167447094459007,"f"
3102,-0.79298451840295,27.3337148265417,0.167472686918509,"f"
3103,-0.792990125858642,27.3418217750532,0.167498306677579,"f"
3104,-0.792996082912406,27.3499308255539,0.167523954896054,"f"
3105,-0.793002380874169,27.3580418662557,0.167549632699915,"f"
3106,-0.79300898454574,27.3661547712805,0.167575339681569,"f"
3107,-0.793015821947024,27.3742693951996,0.167601073305483,"f"
3108,-0.793022818388592,27.3823855911442,0.167626830879382,"f"
3109,-0.793029899181015,27.3905032122458,0.16765260971099,"f"
3110,-0.793036989634863,27.3986221116354,0.167678407108032,"f"
3111,-0.793044015060708,27.4067421424443,0.16770422037823,"f"
3112,-0.79305090076912,27.4148631578039,0.167730046829309,"f"
3113,-0.793057572070671,27.4229850108452,0.167755883768994,"f"
3114,-0.79306395427593,27.4311075546997,0.167781728505008,"f"
3115,-0.79306997269547,27.4392306424984,0.167807578345076,"f"
3116,-0.793075552639862,27.4473541273728,0.167833430596922,"f"
3117,-0.793080619419675,27.455477862454,0.16785928256827,"f"
3118,-0.793085098345481,27.4636017008732,0.167885131566844,"f"
3119,-0.79308891472785,27.4717254957618,0.167910974900368,"f"
3120,-0.793091993877355,27.479849100251,0.167936809876566,"f"
3121,-0.793094261104565,27.4879723674719,0.167962633803163,"f"
3122,-0.793095641720052,27.496095150556,0.167988443987882,"f"
3123,-0.793096061034387,27.5042173026344,0.168014237738449,"f"
3124,-0.793095444358139,27.5123386768383,0.168040012362585,"f"
3125,-0.793093717001881,27.5204591262991,0.168065765168017,"f"
3126,-0.793090804276184,27.5285785041479,0.168091493462469,"f"
3127,-0.793086631491617,27.536696663516,0.168117194553663,"f"
3128,-0.793081123958753,27.5448134575347,0.168142865749325,"f"
3129,-0.793074206988162,27.5529287393352,0.168168504357178,"f"
3130,-0.793065805890414,27.5610423620488,0.168194107684947,"f"
3131,-0.793055845976081,27.5691541788067,0.168219673040355,"f"
3132,-0.793044252555734,27.5772640427401,0.168245197731128,"f"
3133,-0.793030950939944,27.5853718069804,0.168270679064989,"f"
3134,-0.793015866439281,27.5934773246587,0.168296114349662,"f"
3135,-0.792998924370147,27.6015804489222,0.168321500893078,"f"
3136,-0.792980083452249,27.6096811242058,0.168346837191099,"f"
3137,-0.792959414356179,27.6177796008936,0.168372125720917,"f"
3138,-0.792937011179213,27.6258761933926,0.168397369792856,"f"
3139,-0.792912968018627,27.6339712161097,0.168422572717236,"f"
3140,-0.792887378971697,27.6420649834516,0.168447737804379,"f"
3141,-0.792860338135699,27.6501578098253,0.168472868364609,"f"
3142,-0.79283193960791,27.6582500096376,0.168497967708246,"f"
3143,-0.792802277485605,27.6663418972954,0.168523039145612,"f"
3144,-0.792771445866061,27.6744337872056,0.16854808598703,"f"
3145,-0.792739538846554,27.6825259937749,0.168573111542822,"f"
3146,-0.792706650524359,27.6906188314104,0.168598119123309,"f"
3147,-0.792672874996753,27.6987126145188,0.168623112038813,"f"
3148,-0.792638306361013,27.706807657507,0.168648093599657,"f"
3149,-0.792603038714413,27.7149042747819,0.168673067116162,"f"
3150,-0.79256716615423,27.7230027807503,0.16869803589865,"f"
3151,-0.792530782777741,27.7311034898191,0.168723003257444,"f"
3152,-0.792493982682221,27.7392067163952,0.168747972502864,"f"
3153,-0.792456859964946,27.7473127748854,0.168772946945234,"f"
3154,-0.792419508723193,27.7554219796966,0.168797929894875,"f"
3155,-0.792382023054237,27.7635346452356,0.168822924662109,"f"
3156,-0.792344497055356,27.7716510859094,0.168847934557257,"f"
3157,-0.792307024823824,27.7797716161248,0.168872962890643,"f"
3158,-0.792269700456918,27.7878965502886,0.168898012972588,"f"
3159,-0.792232618051913,27.7960262028077,0.168923088113413,"f"
3160,-0.792195871706088,27.804160888089,0.168948191623441,"f"
3161,-0.792159555516716,27.8123009205394,0.168973326812994,"f"
3162,-0.792123763581074,27.8204466145657,0.168998496992394,"f"
3163,-0.792088589996439,27.8285982845747,0.169023705471962,"f"
3164,-0.792054128860086,27.8367562449733,0.169048955562021,"f"
3165,-0.792020474269292,27.8449208101685,0.169074250572892,"f"
3166,-0.791987718595277,27.8530922916899,0.169099593762497,"f"
3167,-0.791955877645559,27.8612708734447,0.169124986064344,"f"
3168,-0.791924861919011,27.8694565638031,0.16915042521486,"f"
3169,-0.791894574255701,27.8776493583691,0.169175908717959,"f"
3170,-0.791864917495697,27.8858492527464,0.16920143407755,"f"
3171,-0.791835794479069,27.894056242539,0.169226998797548,"f"
3172,-0.791807108045884,27.9022703233509,0.169252600381862,"f"
3173,-0.791778761036212,27.9104914907858,0.169278236334405,"f"
3174,-0.791750656290121,27.9187197404477,0.16930390415909,"f"
3175,-0.791722696647679,27.9269550679405,0.169329601359828,"f"
3176,-0.791694784948956,27.9351974688681,0.16935532544053,"f"
3177,-0.791666824034019,27.9434469388343,0.16938107390511,"f"
3178,-0.791638716742938,27.9517034734431,0.169406844257478,"f"
3179,-0.791610365915781,27.9599670682984,0.169432634001547,"f"
3180,-0.791581674392616,27.9682377190041,0.169458440641228,"f"
3181,-0.791552545013513,27.976515421164,0.169484261680434,"f"
3182,-0.79152288061854,27.9848001703821,0.169510094623076,"f"
3183,-0.791492584047765,27.9930919622622,0.169535936973067,"f"
3184,-0.791461558141257,28.0013907924083,0.169561786234318,"f"
3185,-0.791429705739086,28.0096966564242,0.169587639910741,"f"
3186,-0.791396929681318,28.0180095499138,0.169613495506248,"f"
3187,-0.791363132808024,28.0263294684811,0.169639350524751,"f"
3188,-0.791328217959271,28.0346564077299,0.169665202470162,"f"
3189,-0.791292087975128,28.0429903632642,0.169691048846393,"f"
3190,-0.791254645695664,28.0513313306877,0.169716887157355,"f"
3191,-0.791215793960948,28.0596793056045,0.169742714906961,"f"
3192,-0.791175435611047,28.0680342836184,0.169768529599123,"f"
3193,-0.791133473486032,28.0763962603333,0.169794328737752,"f"
3194,-0.791089810425969,28.0847652313532,0.16982010982676,"f"
3195,-0.791044349270929,28.0931411922818,0.16984587037006,"f"
3196,-0.790996992868212,28.1015241387081,0.16987160787168,"f"
3197,-0.790947679574255,28.1099139924389,0.169897320409355,"f"
3198,-0.790896465586048,28.1183104304284,0.169923007964719,"f"
3199,-0.790843431513565,28.1267130789047,0.169948670913839,"f"
3200,-0.790788657966777,28.1351215640958,0.16997430963278,"f"
3201,-0.790732225555658,28.1435355122298,0.169999924497607,"f"
3202,-0.790674214890179,28.1519545495347,0.170025515884385,"f"
3203,-0.790614706580314,28.1603783022387,0.170051084169179,"f"
3204,-0.790553781236034,28.1688063965697,0.170076629728055,"f"
3205,-0.790491519467312,28.177238458756,0.170102152937079,"f"
3206,-0.790428001884122,28.1856741150255,0.170127654172315,"f"
3207,-0.790363309096435,28.1941129916063,0.170153133809829,"f"
3208,-0.790297521714223,28.2025547147265,0.170178592225686,"f"
3209,-0.79023072034746,28.2109989106141,0.170204029795951,"f"
3210,-0.790162985606118,28.2194452054973,0.17022944689669,"f"
3211,-0.79009439810017,28.2278932256041,0.170254843903969,"f"
3212,-0.790025038439587,28.2363425971625,0.170280221193851,"f"
3213,-0.789954987234343,28.2447929464007,0.170305579142404,"f"
3214,-0.78988432509441,28.2532438995467,0.170330918125691,"f"
3215,-0.78981313262976,28.2616950828286,0.170356238519779,"f"
3216,-0.789741490450367,28.2701461224744,0.170381540700732,"f"
3217,-0.789669479166202,28.2785966447123,0.170406825044616,"f"
3218,-0.789597179387238,28.2870462757702,0.170432091927497,"f"
3219,-0.789524671723448,28.2954946418764,0.170457341725439,"f"
3220,-0.789452036784804,28.3039413692587,0.170482574814508,"f"
3221,-0.789379355181279,28.3123860841454,0.17050779157077,"f"
3222,-0.789306707522845,28.3208284127645,0.170532992370288,"f"
3223,-0.789234174419474,28.329267981344,0.17055817758913,"f"
3224,-0.78916183648114,28.337704416112,0.17058334760336,"f"
3225,-0.789089774317815,28.3461373432966,0.170608502789043,"f"
3226,-0.789018068539471,28.3545663891259,0.170633643522245,"f"
3227,-0.788946793802425,28.3629912451519,0.170658770232911,"f"
3228,-0.788875972365638,28.3714121778345,0.170683883825174,"f"
3229,-0.788805599261808,28.3798297523621,0.170708985449562,"f"
3230,-0.78873566929114,28.3882445364742,0.170734076258706,"f"
3231,-0.788666177253841,28.3966570979102,0.170759157405237,"f"
3232,-0.788597117950116,28.4050680044096,0.170784230041788,"f"
3233,-0.788528486180171,28.4134778237118,0.170809295320988,"f"
3234,-0.788460276744211,28.4218871235561,0.17083435439547,"f"
3235,-0.788392484442443,28.4302964716821,0.170859408417865,"f"
3236,-0.788325104075072,28.4387064358291,0.170884458540804,"f"
3237,-0.788258130442303,28.4471175837367,0.170909505916919,"f"
3238,-0.788191558344342,28.4555304831441,0.170934551698841,"f"
3239,-0.788125382581395,28.4639457017909,0.170959597039201,"f"
3240,-0.788059597953668,28.4723638074165,0.170984643090631,"f"
3241,-0.787994199261366,28.4807853677603,0.171009691005762,"f"
3242,-0.787929181304695,28.4892109505617,0.171034741937226,"f"
3243,-0.787864538883861,28.4976411235601,0.171059797037653,"f"
3244,-0.787800266799069,28.5060764544951,0.171084857459675,"f"
3245,-0.787736359850526,28.5145175111059,0.171109924355924,"f"
3246,-0.787672812838436,28.5229648611321,0.171134998879031,"f"
3247,-0.787609620563005,28.5314190723131,0.171160082181627,"f"
3248,-0.78754677782444,28.5398807123883,0.171185175416344,"f"
3249,-0.787484279422946,28.548350349097,0.171210279735812,"f"
3250,-0.787422120158728,28.5568285501789,0.171235396292664,"f"
3251,-0.787360294831992,28.5653158833732,0.171260526239531,"f"
3252,-0.787298798242944,28.5738129164194,0.171285670729044,"f"
3253,-0.78723762519179,28.582320217057,0.171310830913834,"f"
3254,-0.787176770478735,28.5908383530254,0.171336007946533,"f"
3255,-0.787116228903985,28.5993678920639,0.171361202979772,"f"
3256,-0.787055995267746,28.607909401912,0.171386417166183,"f"
3257,-0.786996064367155,28.6164634502679,0.171411651658289,"f"
3258,-0.786936417983779,28.625030429627,0.171436907154962,"f"
3259,-0.786876995129213,28.6336101567573,0.171462182864335,"f"
3260,-0.786817726042931,28.6422023303454,0.171487477688794,"f"
3261,-0.786758540964403,28.6508066490779,0.171512790530722,"f"
3262,-0.786699370133103,28.6594228116412,0.171538120292504,"f"
3263,-0.786640143788502,28.668050516722,0.171563465876524,"f"
3264,-0.786580792170074,28.6766894630067,0.171588826185168,"f"
3265,-0.786521245517292,28.6853393491819,0.171614200120818,"f"
3266,-0.786461434069626,28.693999873934,0.171639586585861,"f"
3267,-0.786401288066551,28.7026707359496,0.17166498448268,"f"
3268,-0.786340737747537,28.7113516339153,0.17169039271366,"f"
3269,-0.786279713352059,28.7200422665176,0.171715810181186,"f"
3270,-0.786218145119588,28.728742332443,0.171741235787641,"f"
3271,-0.786155963289596,28.737451530378,0.17176666843541,"f"
3272,-0.786093098101557,28.7461695590091,0.171792107026878,"f"
3273,-0.786029479794942,28.7548961170229,0.171817550464429,"f"
3274,-0.785965038609225,28.7636309031059,0.171842997650448,"f"
3275,-0.785899704783877,28.7723736159447,0.17186844748732,"f"
3276,-0.785833408558371,28.7811239542257,0.171893898877427,"f"
3277,-0.78576608017218,28.7898816166355,0.171919350723156,"f"
3278,-0.785697649864775,28.7986463018607,0.171944801926891,"f"
3279,-0.785628047875631,28.8074177085876,0.171970251391015,"f"
3280,-0.785557204444218,28.816195535503,0.171995698017914,"f"
3281,-0.785485049810009,28.8249794812932,0.172021140709972,"f"
3282,-0.785411514212477,28.8337692446449,0.172046578369573,"f"
3283,-0.785336527891095,28.8425645242445,0.172072009899103,"f"
3284,-0.785260021085334,28.8513650187787,0.172097434200944,"f"
3285,-0.785181924034668,28.8601704269338,0.172122850177483,"f"
3286,-0.785102166978569,28.8689804473964,0.172148256731103,"f"
3287,-0.785020680156508,28.8777947788532,0.172173652764189,"f"
3288,-0.784937403950373,28.8866131258373,0.172199037193053,"f"
3289,-0.784852367018614,28.8954352437708,0.172224409055233,"f"
3290,-0.78476564347272,28.9042609142779,0.172249767450684,"f"
3291,-0.784677307799826,28.9130899191994,0.172275111479878,"f"
3292,-0.784587434487067,28.9219220403763,0.172300440243287,"f"
3293,-0.784496098021576,28.9307570596491,0.172325752841381,"f"
3294,-0.78440337289049,28.9395947588589,0.172351048374633,"f"
3295,-0.784309333580942,28.9484349198463,0.172376325943513,"f"
3296,-0.784214054580067,28.9572773244521,0.172401584648494,"f"
3297,-0.784117610374999,28.9661217545173,0.172426823590046,"f"
3298,-0.784020075452874,28.9749679918825,0.172452041868641,"f"
3299,-0.783921524300825,28.9838158183887,0.17247723858475,"f"
3300,-0.783822031405988,28.9926650158765,0.172502412838846,"f"
3301,-0.783721671255497,29.0015153661869,0.172527563731399,"f"
3302,-0.783620518336487,29.0103666511606,0.17255269036288,"f"
3303,-0.783518647136092,29.0192186526384,0.172577791833762,"f"
3304,-0.783416132141447,29.0280711524611,0.172602867244516,"f"
3305,-0.783313047839686,29.0369239324695,0.172627915695613,"f"
3306,-0.783209468717944,29.0457767745045,0.172652936287524,"f"
3307,-0.783105469263356,29.0546294604069,0.172677928120721,"f"
3308,-0.783001123963057,29.0634817720174,0.172702890295677,"f"
3309,-0.78289650730418,29.0723334911768,0.17272782191286,"f"
3310,-0.782791693773861,29.081184399726,0.172752722072745,"f"
3311,-0.782686757859234,29.0900342795058,0.172777589875801,"f"
3312,-0.782581774047433,29.098882912357,0.172802424422501,"f"
3313,-0.782476816825594,29.1077300801204,0.172827224813315,"f"
3314,-0.782371960680851,29.1165755646368,0.172851990148716,"f"
3315,-0.782267280100339,29.1254191477469,0.172876719529174,"f"
3316,-0.782162849571192,29.1342606112917,0.172901412055161,"f"
3317,-0.782058743580544,29.1430997371119,0.172926066827149,"f"
3318,-0.781955035523938,29.1519363166916,0.172950682995505,"f"
3319,-0.781851763820181,29.1607704505051,0.172975261309356,"f"
3320,-0.78174892535002,29.1696026059806,0.172999804416504,"f"
3321,-0.78164651457817,29.17843327189,0.173024315075184,"f"
3322,-0.781544525969347,29.1872629370052,0.173048796043633,"f"
3323,-0.781442953988268,29.1960920900979,0.173073250080086,"f"
3324,-0.781341793099648,29.20492121994,0.17309767994278,"f"
3325,-0.781241037768204,29.2137508153034,0.173122088389951,"f"
3326,-0.781140682458651,29.2225813649599,0.173146478179834,"f"
3327,-0.781040721635705,29.2314133576813,0.173170852070666,"f"
3328,-0.780941149764082,29.2402472822395,0.173195212820683,"f"
3329,-0.780841961308499,29.2490836274064,0.173219563188121,"f"
3330,-0.780743150733672,29.2579228819538,0.173243905931215,"f"
3331,-0.780644712504316,29.2667655346535,0.173268243808202,"f"
3332,-0.780546641085147,29.2756120742773,0.173292579577318,"f"
3333,-0.780448930940882,29.2844629895972,0.173316915996799,"f"
3334,-0.780351576536236,29.293318769385,0.17334125582488,"f"
3335,-0.780254572335925,29.3021799024124,0.173365601819798,"f"
3336,-0.780157912804666,29.3110468774515,0.17338995673979,"f"
3337,-0.780061592407174,29.3199201832739,0.17341432334309,"f"
3338,-0.779965605608165,29.3288003086516,0.173438704387935,"f"
3339,-0.779869946872356,29.3376877423563,0.173463102632561,"f"
3340,-0.779774610664463,29.34658297316,0.173487520835204,"f"
3341,-0.779679591449201,29.3554864898345,0.1735119617541,"f"
3342,-0.779584883691286,29.3643987811516,0.173536428147484,"f"
3343,-0.779490481855434,29.3733203358832,0.173560922773594,"f"
3344,-0.779396380406362,29.3822516428011,0.173585448390665,"f"
3345,-0.779302573808786,29.3911931906772,0.173610007756933,"f"
3346,-0.779209056527421,29.4001454682833,0.173634603630635,"f"
3347,-0.779115823026983,29.4091089643912,0.173659238770005,"f"
3348,-0.779022867772189,29.4180841677728,0.17368391593328,"f"
3349,-0.77893018082211,29.4270715120665,0.173708637528547,"f"
3350,-0.778837714312562,29.4360709563279,0.173733402949837,"f"
3351,-0.778745401030434,29.4450822174745,0.173758210053376,"f"
3352,-0.778653173607927,29.4541050104882,0.173783056683095,"f"
3353,-0.778560964677244,29.4631390503507,0.173807940682926,"f"
3354,-0.778468706870586,29.4721840520439,0.1738328598968,"f"
3355,-0.778376332820157,29.4812397305494,0.173857812168647,"f"
3356,-0.778283775158156,29.4903058008491,0.173882795342398,"f"
3357,-0.778190966516788,29.4993819779248,0.173907807261986,"f"
3358,-0.778097839528254,29.5084679767581,0.173932845771341,"f"
3359,-0.778004326824756,29.517563512331,0.173957908714393,"f"
3360,-0.777910361038495,29.5266682996251,0.173982993935075,"f"
3361,-0.777815874801675,29.5357820536224,0.174008099277318,"f"
3362,-0.777720800746496,29.5449044893044,0.174033222585052,"f"
3363,-0.777625071505162,29.5540353216531,0.174058361702208,"f"
3364,-0.777528619709874,29.5631742656501,0.174083514472718,"f"
3365,-0.777431377992834,29.5723210362774,0.174108678740513,"f"
3366,-0.777333278986245,29.5814753485165,0.174133852349524,"f"
3367,-0.777234255322307,29.5906369173495,0.174159033143682,"f"
3368,-0.777134239633225,29.5998054577579,0.174184218966918,"f"
3369,-0.777033164551198,29.6089806847236,0.174209407663164,"f"
3370,-0.77693096270843,29.6181623132284,0.17423459707635,"f"
3371,-0.776827566737123,29.627350058254,0.174259785050407,"f"
3372,-0.776722909269479,29.6365436347822,0.174284969429268,"f"
3373,-0.776616922937699,29.6457427577949,0.174310148056862,"f"
3374,-0.776509540373985,29.6549471422737,0.174335318777121,"f"
3375,-0.776400694210541,29.6641565032004,0.174360479433976,"f"
3376,-0.776290317079567,29.673370555557,0.174385627871358,"f"
3377,-0.776178341613266,29.682589014325,0.174410761933199,"f"
3378,-0.776064700443841,29.6918115944863,0.174435879463429,"f"
3379,-0.775949328089646,29.7010380110814,0.174460978330924,"f"
3380,-0.775832218430667,29.7102679809978,0.174486057189628,"f"
3381,-0.775713435233585,29.7195012232979,0.174511115617747,"f"
3382,-0.775593046273849,29.7287374571685,0.174536153246504,"f"
3383,-0.775471119326906,29.7379764017966,0.174561169707122,"f"
3384,-0.775347722168205,29.7472177763692,0.174586164630824,"f"
3385,-0.775222922573195,29.7564613000733,0.174611137648834,"f"
3386,-0.775096788317322,29.7657066920959,0.174636088392374,"f"
3387,-0.774969387176036,29.7749536716238,0.174661016492667,"f"
3388,-0.774840786924785,29.7842019578442,0.174685921580938,"f"
3389,-0.774711055339016,29.7934512699439,0.174710803288408,"f"
3390,-0.774580260194178,29.80270132711,0.174735661246301,"f"
3391,-0.774448469265719,29.8119518485293,0.174760495085839,"f"
3392,-0.774315750329088,29.8212025533889,0.174785304438247,"f"
3393,-0.774182171159732,29.8304531608757,0.174810088934747,"f"
3394,-0.7740477995331,29.8397033901768,0.174834848206562,"f"
3395,-0.773912703224639,29.848952960479,0.174859581884915,"f"
3396,-0.773776950009798,29.8582015909694,0.17488428960103,"f"
3397,-0.773640607664026,29.867449000835,0.174908970986129,"f"
3398,-0.773503743962769,29.8766949092626,0.174933625671436,"f"
3399,-0.773366426681477,29.8859390354392,0.174958253288173,"f"
3400,-0.773228723595598,29.895181098552,0.174982853467564,"f"
3401,-0.77309070248058,29.9044208177877,0.175007425840832,"f"
3402,-0.77295243111187,29.9136579123334,0.1750319700392,"f"
3403,-0.772813977264918,29.922892101376,0.17505648569389,"f"
3404,-0.772675408715171,29.9321231041026,0.175080972436127,"f"
3405,-0.772536793238077,29.9413506397,0.175105429897133,"f"
3406,-0.772398198609085,29.9505744273553,0.175129857708132,"f"
3407,-0.772259692603643,29.9597941862555,0.175154255500345,"f"
3408,-0.772121342997199,29.9690096355874,0.175178622904998,"f"
3409,-0.771983217551166,29.9782204947681,0.175202959553942,"f"
3410,-0.771845373087999,29.9874266624805,0.175227265570223,"f"
3411,-0.771707835915958,29.9966285374691,0.175251542447066,"f"
3412,-0.771570627064218,30.0058266049914,0.175275791914742,"f"
3413,-0.771433767561955,30.0150213503049,0.175300015703522,"f"
3414,-0.771297278438344,30.0242132586669,0.175324215543678,"f"
3415,-0.771161180722561,30.0334028153348,0.17534839316548,"f"
3416,-0.771025495443781,30.0425905055661,0.175372550299201,"f"
3417,-0.77089024363118,30.0517768146182,0.175396688675112,"f"
3418,-0.770755446313933,30.0609622277484,0.175420810023483,"f"
3419,-0.770621124521215,30.0701472302143,0.175444916074587,"f"
3420,-0.770487299282202,30.0793323072733,0.175469008558694,"f"
3421,-0.77035399162607,30.0885179441827,0.175493089206076,"f"
3422,-0.770221222581993,30.0977046262,0.175517159747003,"f"
3423,-0.770089013179148,30.1068928385826,0.175541221911749,"f"
3424,-0.769957384446709,30.1160830665879,0.175565277430582,"f"
3425,-0.769826357413852,30.1252757954733,0.175589328033776,"f"
3426,-0.769695953109754,30.1344715104963,0.175613375451601,"f"
3427,-0.769566192563588,30.1436706969142,0.175637421414328,"f"
3428,-0.769437096804531,30.1528738399845,0.17566146765223,"f"
3429,-0.769308686861757,30.1620814249647,0.175685515895576,"f"
3430,-0.769180983764444,30.1712939371121,0.175709567874639,"f"
3431,-0.769054008541765,30.1805118616841,0.17573362531969,"f"
3432,-0.768927782222896,30.1897356839381,0.175757689961,"f"
3433,-0.768802325837013,30.1989658891317,0.17578176352884,"f"
3434,-0.768677660413292,30.2082029625221,0.175805847753481,"f"
3435,-0.768553806980907,30.2174473893669,0.175829944365196,"f"
3436,-0.768430786569034,30.2266996549234,0.175854055094255,"f"
3437,-0.768308620206849,30.2359602444491,0.175878181670929,"f"
3438,-0.768187328923527,30.2452296432013,0.175902325825491,"f"
3439,-0.768066933748243,30.2545083364375,0.17592648928821,"f"
3440,-0.767947452930526,30.2637967996436,0.17595067375441,"f"
3441,-0.767828818781075,30.273095206198,0.175974879838872,"f"
3442,-0.76771086331051,30.2824033768863,0.175999106895272,"f"
3443,-0.767593412856035,30.2917211125499,0.176023354205951,"f"
3444,-0.767476293754856,30.3010482140303,0.176047621053251,"f"
3445,-0.767359332344177,30.3103844821689,0.176071906719511,"f"
3446,-0.767242354961203,30.3197297178071,0.176096210487073,"f"
3447,-0.767125187943139,30.3290837217863,0.176120531638279,"f"
3448,-0.767007657627189,30.338446294948,0.176144869455469,"f"
3449,-0.766889590350559,30.3478172381336,0.176169223220985,"f"
3450,-0.766770812450453,30.3571963521844,0.176193592217167,"f"
3451,-0.766651150264076,30.3665834379421,0.176217975726357,"f"
3452,-0.766530430128633,30.3759782962479,0.176242373030896,"f"
3453,-0.766408478381328,30.3853807279433,0.176266783413125,"f"
3454,-0.766285121359366,30.3947905338697,0.176291206155384,"f"
3455,-0.766160185399953,30.4042075148685,0.176315640540016,"f"
3456,-0.766033496840292,30.4136314717812,0.176340085849362,"f"
3457,-0.76590488201759,30.4230622054493,0.176364541365761,"f"
3458,-0.765774167269049,30.432499516714,0.176389006371556,"f"
3459,-0.765641178931876,30.4419432064169,0.176413480149088,"f"
3460,-0.765505743343275,30.4513930753994,0.176437961980697,"f"
3461,-0.765367686840451,30.4608489245028,0.176462451148725,"f"
3462,-0.765226835760608,30.4703105545687,0.176486946935513,"f"
3463,-0.765083016440952,30.4797777664385,0.176511448623401,"f"
3464,-0.764936055218686,30.4892503609535,0.176535955494732,"f"
3465,-0.764785778431017,30.4987281389553,0.176560466831846,"f"
3466,-0.764632012415149,30.5082109012851,0.176584981917084,"f"
3467,-0.764474583508286,30.5176984487845,0.176609500032788,"f"
3468,-0.764313318047634,30.5271905822949,0.176634020461298,"f"
3469,-0.764148042370397,30.5366871026578,0.176658542484955,"f"
3470,-0.76397858295292,30.5461878106802,0.176683065386087,"f"
3471,-0.763804867148761,30.5556924823914,0.17670758843638,"f"
3472,-0.763627101010856,30.5652008253642,0.176732110878128,"f"
3473,-0.763445538317499,30.5747125354488,0.176756631948592,"f"
3474,-0.763260432846984,30.5842273084954,0.176781150885033,"f"
3475,-0.763072038377606,30.5937448403543,0.17680566692471,"f"
3476,-0.762880608687657,30.6032648268757,0.176830179304885,"f"
3477,-0.762686397555431,30.6127869639099,0.176854687262819,"f"
3478,-0.762489658759223,30.622310947307,0.176879190035771,"f"
3479,-0.762290646077325,30.6318364729172,0.176903686861002,"f"
3480,-0.762089613288032,30.6413632365909,0.176928176975774,"f"
3481,-0.761886814169638,30.6508909341783,0.176952659617346,"f"
3482,-0.761682502500436,30.6604192615295,0.176977134022979,"f"
3483,-0.76147693205872,30.6699479144948,0.177001599429934,"f"
3484,-0.761270356622784,30.6794765889244,0.177026055075471,"f"
3485,-0.761063029970921,30.6890049806685,0.177050500196851,"f"
3486,-0.760855205881426,30.6985327855775,0.177074934031334,"f"
3487,-0.760647138132591,30.7080596995015,0.177099355816181,"f"
3488,-0.760439080502712,30.7175854182907,0.177123764788653,"f"
3489,-0.760231286770081,30.7271096377953,0.17714816018601,"f"
3490,-0.760024010712992,30.7366320538657,0.177172541245513,"f"
3491,-0.75981750610974,30.746152362352,0.177196907204423,"f"
3492,-0.759612026738617,30.7556702591044,0.177221257299999,"f"
3493,-0.759407826377918,30.7651854399732,0.177245590769502,"f"
3494,-0.759205158805936,30.7746976008086,0.177269906850194,"f"
3495,-0.759004277800966,30.7842064374608,0.177294204779335,"f"
3496,-0.7588054371413,30.7937116457801,0.177318483794185,"f"
3497,-0.758608890605234,30.8032129216167,0.177342743132004,"f"
3498,-0.758414891971059,30.8127099608208,0.177366982030054,"f"
3499,-0.758223695017071,30.8222024592426,0.177391199725595,"f"
3500,-0.758035553521563,30.8316901127325,0.177415395455888,"f"
3501,-0.757850682765196,30.8411726856277,0.177439568688603,"f"
3502,-0.757669021743623,30.8506504337762,0.177463720544992,"f"
3503,-0.75749038877187,30.8601238277166,0.177487852868585,"f"
3504,-0.757314601660073,30.8695933388856,0.177511967505936,"f"
3505,-0.757141478218369,30.8790594387198,0.177536066303598,"f"
3506,-0.756970836256893,30.888522598656,0.177560151108122,"f"
3507,-0.756802493585783,30.8979832901309,0.177584223766062,"f"
3508,-0.756636268015174,30.9074419845812,0.177608286123971,"f"
3509,-0.756471977355203,30.9168991534436,0.177632340028401,"f"
3510,-0.756309439416006,30.9263552681548,0.177656387325906,"f"
3511,-0.756148472007719,30.9358108001516,0.177680429863037,"f"
3512,-0.755988892940479,30.9452662208706,0.177704469486349,"f"
3513,-0.755830520024422,30.9547220017485,0.177728508042393,"f"
3514,-0.755673171069684,30.9641786142221,0.177752547377723,"f"
3515,-0.755516663886403,30.9736365297281,0.177776589338891,"f"
3516,-0.755360816284713,30.9830962197032,0.17780063577245,"f"
3517,-0.755205446074751,30.9925581555841,0.177824688524953,"f"
3518,-0.755050371066654,31.0020228088075,0.177848749442953,"f"
3519,-0.754895409070558,31.0114906508101,0.177872820373002,"f"
3520,-0.754740377896599,31.0209621530287,0.177896903161653,"f"
3521,-0.754585095354913,31.0304377868999,0.17792099965546,"f"
3522,-0.754429379255638,31.0399180238604,0.177945111700974,"f"
3523,-0.754273047408908,31.049403335347,0.177969241144749,"f"
3524,-0.754115917624862,31.0588941927964,0.177993389833338,"f"
3525,-0.753957807713633,31.0683910676453,0.178017559613293,"f"
3526,-0.75379853548536,31.0778944313304,0.178041752331167,"f"
3527,-0.753637918750179,31.0874047552884,0.178065969833513,"f"
3528,-0.753475775318225,31.096922510956,0.178090213966883,"f"
3529,-0.753311922999635,31.10644816977,0.178114486577831,"f"
3530,-0.753146179604546,31.115982203167,0.17813878951291,"f"
3531,-0.752978363017699,31.1255250823451,0.178163124617745,"f"
3532,-0.752808341543299,31.13507711726,0.178187493112112,"f"
3533,-0.752636121448988,31.1446381766567,0.178211894503259,"f"
3534,-0.752461732386875,31.1542080544966,0.178236328008163,"f"
3535,-0.75228520400907,31.1637865447408,0.178260792843804,"f"
3536,-0.752106565967679,31.1733734413505,0.17828528822716,"f"
3537,-0.751925847914812,31.1829685382868,0.17830981337521,"f"
3538,-0.751743079502578,31.192571629511,0.178334367504932,"f"
3539,-0.751558290383084,31.2021825089843,0.178358949833304,"f"
3540,-0.75137151020844,31.2118009706678,0.178383559577305,"f"
3541,-0.751182768630755,31.2214268085227,0.178408195953914,"f"
3542,-0.750992095302136,31.2310598165102,0.178432858180109,"f"
3543,-0.750799519874692,31.2406997885915,0.178457545472869,"f"
3544,-0.750605072000532,31.2503465187278,0.178482257049172,"f"
3545,-0.750408781331764,31.2599998008802,0.178506992125997,"f"
3546,-0.750210677520497,31.26965942901,0.178531749920322,"f"
3547,-0.75001079021884,31.2793251970784,0.178556529649126,"f"
3548,-0.749809149078901,31.2889968990464,0.178581330529387,"f"
3549,-0.749605783752788,31.2986743288754,0.178606151778084,"f"
3550,-0.749400723892611,31.3083572805265,0.178630992612196,"f"
3551,-0.749193999150477,31.3180455479609,0.1786558522487,"f"
3552,-0.748985639178496,31.3277389251397,0.178680729904576,"f"
3553,-0.748775673628776,31.3374372060242,0.178705624796801,"f"
3554,-0.748564132153425,31.3471401845755,0.178730536142356,"f"
3555,-0.748351044404553,31.3568476547549,0.178755463158217,"f"
3556,-0.748136440034267,31.3665594105235,0.178780405061364,"f"
3557,-0.747920348694676,31.3762752458425,0.178805361068774,"f"
3558,-0.747702800037889,31.385994954673,0.178830330397428,"f"
3559,-0.747483823716014,31.3957183309764,0.178855312264302,"f"
3560,-0.747263449381161,31.4054451687137,0.178880305886376,"f"
3561,-0.747041706685436,31.4151752618462,0.178905310480629,"f"
3562,-0.746818629618276,31.4249083991948,0.178930325279065,"f"
3563,-0.746594282968672,31.4346443330799,0.178955349620404,"f"
3564,-0.746368744853467,31.4443828000269,0.178980382889538,"f"
3565,-0.746142093442806,31.454123536498,0.179005424471548,"f"
3566,-0.745914406906837,31.4638662789555,0.179030473751513,"f"
3567,-0.745685763415705,31.4736107638616,0.179055530114512,"f"
3568,-0.745456241139557,31.4833567276786,0.179080592945623,"f"
3569,-0.74522591824854,31.4931039068687,0.179105661629927,"f"
3570,-0.744994872912799,31.5028520378943,0.179130735552503,"f"
3571,-0.744763183302481,31.5126008572174,0.179155814098429,"f"
3572,-0.744530927587732,31.5223501013004,0.179180896652786,"f"
3573,-0.744298183938699,31.5320995066056,0.179205982600651,"f"
3574,-0.744065030525528,31.5418488095951,0.179231071327105,"f"
3575,-0.743831545518366,31.5515977467312,0.179256162217227,"f"
3576,-0.743597807087357,31.5613460544763,0.179281254656096,"f"
3577,-0.74336389340265,31.5710934692924,0.17930634802879,"f"
3578,-0.74312988263439,31.5808397276419,0.17933144172039,"f"
3579,-0.742895852952723,31.5905845659871,0.179356535115975,"f"
3580,-0.742661882527797,31.6003277207901,0.179381627600623,"f"
3581,-0.742428049529757,31.6100689285132,0.179406718559414,"f"
3582,-0.742194432128749,31.6198079256187,0.179431807377427,"f"
3583,-0.74196110849492,31.6295444485688,0.179456893439742,"f"
3584,-0.741728156798416,31.6392782338258,0.179481976131437,"f"
3585,-0.741495655209384,31.6490090178519,0.179507054837592,"f"
3586,-0.74126368189797,31.6587365371094,0.179532128943287,"f"
3587,-0.74103231503432,31.6684605280604,0.179557197833599,"f"
3588,-0.740801632788581,31.6781807271674,0.179582260893609,"f"
3589,-0.740571713330898,31.6878968708924,0.179607317508396,"f"
3590,-0.740342634831419,31.6976086956978,0.179632367063038,"f"
3591,-0.740114475460289,31.7073159380459,0.179657408942616,"f"
3592,-0.739887309592009,31.7170183485521,0.179682442570116,"f"
3593,-0.739661122923742,31.7267160084961,0.179707468254179,"f"
3594,-0.739435811703248,31.7364093327003,0.179732487196807,"f"
3595,-0.739211268228219,31.7460987507162,0.179757500639453,"f"
3596,-0.738987384796348,31.7557846920953,0.179782509823571,"f"
3597,-0.73876405370533,31.7654675863893,0.179807515990613,"f"
3598,-0.738541167252856,31.7751478631497,0.179832520382034,"f"
3599,-0.73831861773662,31.784825951928,0.179857524239285,"f"
3600,-0.738096297454315,31.7945022822758,0.179882528803822,"f"
3601,-0.737874098703635,31.8041772837447,0.179907535317096,"f"
3602,-0.737651913782273,31.8138513858862,0.179932545020561,"f"
3603,-0.737429634987921,31.823525018252,0.17995755915567,"f"
3604,-0.737207154618272,31.8331986103934,0.179982578963877,"f"
3605,-0.736984364971021,31.8428725918622,0.180007605686634,"f"
3606,-0.73676115834386,31.8525473922098,0.180032640565396,"f"
3607,-0.736537427034482,31.8622234409879,0.180057684841615,"f"
3608,-0.736313063340581,31.8719011677479,0.180082739756744,"f"
3609,-0.73608795955985,31.8815810020415,0.180107806552237,"f"
3610,-0.735862007989981,31.8912633734202,0.180132886469547,"f"
3611,-0.735635100928668,31.9009487114355,0.180157980750128,"f"
3612,-0.735407130673604,31.9106374456391,0.180183090635432,"f"
3613,-0.735177989522483,31.9203300055824,0.180208217366912,"f"
3614,-0.734947569772997,31.9300268208171,0.180233362186023,"f"
3615,-0.734715763722839,31.9397283208947,0.180258526334217,"f"
3616,-0.734482463669704,31.9494349353667,0.180283711052948,"f"
3617,-0.734247561911283,31.9591470937848,0.180308917583668,"f"
3618,-0.734010950745271,31.9688652257004,0.180334147167831,"f"
3619,-0.733772522469359,31.9785897606652,0.180359401046891,"f"
3620,-0.733532169381242,31.9883211282307,0.1803846804623,"f"
3621,-0.733289783778613,31.9980597579484,0.180409986655512,"f"
3622,-0.733045257959164,32.00780607937,0.18043532086798,"f"
3623,-0.732798503736353,32.0175604635774,0.180460684186521,"f"
3624,-0.732549570048665,32.0273228708237,0.180486076611424,"f"
3625,-0.732298564618963,32.0370930852433,0.18051149767719,"f"
3626,-0.73204559539466,32.0468708902975,0.180536946916542,"f"
3627,-0.731790770323164,32.0566560694477,0.180562423862203,"f"
3628,-0.731534197351887,32.0664484061555,0.180587928046895,"f"
3629,-0.731275984428238,32.0762476838823,0.180613459003341,"f"
3630,-0.731016239499629,32.0860536860894,0.180639016264263,"f"
3631,-0.730755070513469,32.0958661962385,0.180664599362385,"f"
3632,-0.730492585417169,32.1056849977909,0.180690207830429,"f"
3633,-0.730228892158138,32.1155098742081,0.180715841201117,"f"
3634,-0.729964098683789,32.1253406089515,0.180741499007172,"f"
3635,-0.72969831294153,32.1351769854825,0.180767180781317,"f"
3636,-0.729431642878771,32.1450187872627,0.180792886056275,"f"
3637,-0.729164196442925,32.1548657977535,0.180818614364768,"f"
3638,-0.7288960815814,32.1647178004163,0.180844365239518,"f"
3639,-0.728627406241608,32.1745745787126,0.180870138213249,"f"
3640,-0.728358278370957,32.1844359161037,0.180895932818682,"f"
3641,-0.72808880591686,32.1943015960513,0.180921748588542,"f"
3642,-0.727819096826726,32.2041714020167,0.18094758505555,"f"
3643,-0.727549259047965,32.2140451174613,0.180973441752428,"f"
3644,-0.727279400527987,32.2239225258467,0.180999318211901,"f"
3645,-0.727009629214204,32.2338034106342,0.181025213966689,"f"
3646,-0.726740053054026,32.2436875552854,0.181051128549516,"f"
3647,-0.726470779994862,32.2535747432616,0.181077061493105,"f"
3648,-0.726201917984123,32.2634647580244,0.181103012330179,"f"
3649,-0.72593357496922,32.2733573830351,0.181128980593458,"f"
3650,-0.725665858897563,32.2832524017552,0.181154965815668,"f"
3651,-0.725398877716562,32.2931495976462,0.181180967529529,"f"
3652,-0.725132739373627,32.3030487541695,0.181206985267766,"f"
3653,-0.724867547672971,32.3129496529889,0.1812330185447,"f"
3654,-0.724603311125262,32.3228520344222,0.181259066451468,"f"
3655,-0.724339942947623,32.3327555974409,0.18128512765602,"f"
3656,-0.724077352213979,32.3426600392191,0.181311200807904,"f"
3657,-0.723815447998255,32.3525650569307,0.181337284556672,"f"
3658,-0.723554139374375,32.3624703477497,0.181363377551872,"f"
3659,-0.723293335416266,32.3723756088501,0.181389478443054,"f"
3660,-0.723032945197851,32.382280537406,0.181415585879768,"f"
3661,-0.722772877793057,32.3921848305912,0.181441698511563,"f"
3662,-0.722513042275809,32.4020881855797,0.18146781498799,"f"
3663,-0.72225334772003,32.4119902995456,0.181493933958598,"f"
3664,-0.721993703199648,32.4218908696629,0.181520054072937,"f"
3665,-0.721734017788586,32.4317895931054,0.181546173980556,"f"
3666,-0.721474200560769,32.4416861670473,0.181572292331006,"f"
3667,-0.721214160590124,32.4515802886624,0.181598407773836,"f"
3668,-0.720953806950574,32.4614716551248,0.181624518958595,"f"
3669,-0.720693048716046,32.4713599636085,0.181650624534833,"f"
3670,-0.720431794960464,32.4812449112873,0.181676723152101,"f"
3671,-0.720169954757753,32.4911261953355,0.181702813459948,"f"
3672,-0.719907437181838,32.5010035129268,0.181728894107923,"f"
3673,-0.719644151306645,32.5108765612353,0.181754963745576,"f"
3674,-0.719380006206099,32.520745037435,0.181781021022458,"f"
3675,-0.719114910954124,32.5306086386998,0.181807064588117,"f"
3676,-0.718848774624646,32.5404670622038,0.181833093092104,"f"
3677,-0.71858150629159,32.550320005121,0.181859105183968,"f"
3678,-0.718313015028881,32.5601671646252,0.181885099513258,"f"
3679,-0.718043209910444,32.5700082378906,0.181911074729526,"f"
3680,-0.717772000010204,32.579842922091,0.18193702948232,"f"
3681,-0.717499294402086,32.5896709144005,0.181962962421189,"f"
3682,-0.717225002160016,32.599491911993,0.181988872195685,"f"
3683,-0.716949032519459,32.6093056130793,0.182014757458522,"f"
3684,-0.716671336962961,32.6191119869921,0.182040617690262,"f"
3685,-0.716391965501586,32.6289116353739,0.182066454302172,"f"
3686,-0.716110982165811,32.6387052498377,0.182092268980233,"f"
3687,-0.715828450986117,32.6484935219963,0.182118063410429,"f"
3688,-0.715544435992983,32.6582771434623,0.182143839278739,"f"
3689,-0.715259001216888,32.6680568058486,0.182169598271147,"f"
3690,-0.714972210688312,32.677833200768,0.182195342073635,"f"
3691,-0.714684128437733,32.6876070198332,0.182221072372183,"f"
3692,-0.714394818495631,32.697378954657,0.182246790852775,"f"
3693,-0.714104344892485,32.7071496968522,0.182272499201392,"f"
3694,-0.713812771658775,32.7169199380317,0.182298199104015,"f"
3695,-0.71352016282498,32.726690369808,0.182323892246628,"f"
3696,-0.713226582421578,32.7364616837942,0.182349580315211,"f"
3697,-0.71293209447905,32.7462345716028,0.182375264995747,"f"
3698,-0.712636763027875,32.7560097248468,0.182400947974217,"f"
3699,-0.712340652098531,32.7657878351389,0.182426630936604,"f"
3700,-0.712043825721499,32.7755695940918,0.182452315568889,"f"
3701,-0.711746347927257,32.7853556933184,0.182478003557054,"f"
3702,-0.711448282746285,32.7951468244314,0.182503696587081,"f"
3703,-0.711149694209062,32.8049436790437,0.182529396344953,"f"
3704,-0.710850646346067,32.8147469487679,0.18255510451665,"f"
3705,-0.71055120318778,32.8245573252169,0.182580822788155,"f"
3706,-0.71025142876468,32.8343755000035,0.182606552845451,"f"
3707,-0.709951387107246,32.8442021647404,0.182632296374517,"f"
3708,-0.709651142245957,32.8540380110404,0.182658055061338,"f"
3709,-0.709350758211293,32.8638837305164,0.182683830591893,"f"
3710,-0.709050299033733,32.873740014781,0.182709624652166,"f"
3711,-0.708749828743756,32.8836075554471,0.182735438928139,"f"
3712,-0.708449411371841,32.8934870441275,0.182761275105792,"f"
3713,-0.708149110948469,32.9033791724348,0.182787134871109,"f"
3714,-0.707848990147023,32.9132846041659,0.182813019843524,"f"
3715,-0.707549080898936,32.9232033730049,0.182838930134992,"f"
3716,-0.707249384653229,32.9331348878436,0.182864864362721,"f"
3717,-0.706949901553735,32.9430785308215,0.182890821079912,"f"
3718,-0.706650631744288,32.9530336840781,0.182916798839771,"f"
3719,-0.706351575368721,32.9629997297528,0.182942796195499,"f"
3720,-0.706052732570868,32.9729760499852,0.1829688117003,"f"
3721,-0.705754103494563,32.9829620269148,0.182994843907379,"f"
3722,-0.705455688283639,32.992957042681,0.183020891369938,"f"
3723,-0.705157487081929,33.0029604794235,0.183046952641181,"f"
3724,-0.704859500033268,33.0129717192816,0.183073026274312,"f"
3725,-0.704561727281489,33.0229901443949,0.183099110822533,"f"
3726,-0.704264168970425,33.033015136903,0.183125204839049,"f"
3727,-0.70396682524391,33.0430460789452,0.183151306877062,"f"
3728,-0.703669696245778,33.0530823526611,0.183177415489777,"f"
3729,-0.703372782119863,33.0631233401902,0.183203529230396,"f"
3730,-0.703076083009997,33.073168423672,0.183229646652124,"f"
3731,-0.702779599060015,33.083216985246,0.183255766308163,"f"
3732,-0.70248333041375,33.0932684070517,0.183281886751718,"f"
3733,-0.702187277215036,33.1033220712286,0.183308006535991,"f"
3734,-0.701891439607706,33.1133773599162,0.183334124214186,"f"
3735,-0.701595817735594,33.123433655254,0.183360238339507,"f"
3736,-0.701300411742533,33.1334903393816,0.183386347465157,"f"
3737,-0.701005221772358,33.1435467944383,0.183412450144339,"f"
3738,-0.700710247968901,33.1536024025638,0.183438544930258,"f"
3739,-0.700415490475996,33.1636565458975,0.183464630376116,"f"
3740,-0.700120949437478,33.173708606579,0.183490705035116,"f"
3741,-0.699826624997179,33.1837579667476,0.183516767460464,"f"
3742,-0.699532517298933,33.193804008543,0.183542816205361,"f"
3743,-0.699238626486574,33.2038461141046,0.183568849823011,"f"
3744,-0.698944952656719,33.2138836664338,0.183594866868114,"f"
3745,-0.698651484100257,33.2239162640269,0.183620866269395,"f"
3746,-0.698358181826013,33.2339440033709,0.183646847819923,"f"
3747,-0.698065003000837,33.2439670510822,0.183672811434488,"f"
3748,-0.697771904791578,33.2539855737772,0.183698757027878,"f"
3749,-0.697478844365086,33.2639997380721,0.183724684514883,"f"
3750,-0.69718577888821,33.2740097105832,0.183750593810291,"f"
3751,-0.6968926655278,33.284015657927,0.183776484828894,"f"
3752,-0.696599461450704,33.2940177467197,0.183802357485479,"f"
3753,-0.696306123823772,33.3040161435777,0.183828211694836,"f"
3754,-0.696012609813854,33.3140110151172,0.183854047371755,"f"
3755,-0.695718876587799,33.3240025279546,0.183879864431024,"f"
3756,-0.695424881312455,33.3339908487063,0.183905662787434,"f"
3757,-0.695130581154673,33.3439761439886,0.183931442355773,"f"
3758,-0.694835933281302,33.3539585804177,0.18395720305083,"f"
3759,-0.69454089485919,33.3639383246101,0.183982944787395,"f"
3760,-0.694245423055188,33.373915543182,0.184008667480257,"f"
3761,-0.693949475036145,33.3838904027497,0.184034371044206,"f"
3762,-0.69365300796891,33.3938630699297,0.184060055394031,"f"
3763,-0.693355979020333,33.4038337113382,0.184085720444521,"f"
3764,-0.693058345357262,33.4138024935915,0.184111366110466,"f"
3765,-0.692760064146547,33.423769583306,0.184136992306654,"f"
3766,-0.692461092555037,33.4337351470981,0.184162598947875,"f"
3767,-0.692161387749583,33.4436993515839,0.184188185948919,"f"
3768,-0.691860906897032,33.4536623633799,0.184213753224574,"f"
3769,-0.691559607164235,33.4636243491024,0.184239300689631,"f"
3770,-0.691257445718041,33.4735854753677,0.184264828258877,"f"
3771,-0.690954379725299,33.4835459087922,0.184290335847103,"f"
3772,-0.690650366352858,33.4935058159921,0.184315823369099,"f"
3773,-0.690345362767568,33.5034653635838,0.184341290739652,"f"
3774,-0.690039326136278,33.5134247181837,0.184366737873553,"f"
3775,-0.689732216497432,33.5233840518608,0.184392164677053,"f"
3776,-0.689424010827467,33.533343568848,0.184417571006046,"f"
3777,-0.689114692291586,33.5433034851298,0.184442956698025,"f"
3778,-0.688804244064137,33.5532640167082,0.184468321590457,"f"
3779,-0.68849264931947,33.563225379585,0.184493665520808,"f"
3780,-0.688179891231933,33.5731877897623,0.184518988326545,"f"
3781,-0.687865952975873,33.5831514632419,0.184544289845133,"f"
3782,-0.68755081772564,33.5931166160259,0.18456956991404,"f"
3783,-0.687234468655582,33.6030834641161,0.184594828370732,"f"
3784,-0.686916888940047,33.6130522235145,0.184620065052675,"f"
3785,-0.686598061753383,33.6230231102229,0.184645279797335,"f"
3786,-0.68627797026994,33.6329963402435,0.184670472442179,"f"
3787,-0.685956597664064,33.642972129578,0.184695642824674,"f"
3788,-0.685633927110106,33.6529506942285,0.184720790782285,"f"
3789,-0.685309941782412,33.6629322501968,0.18474591615248,"f"
3790,-0.684984624855332,33.6729170134849,0.184771018772724,"f"
3791,-0.684657959503214,33.6829052000948,0.184796098480484,"f"
3792,-0.684329928900406,33.6928970260283,0.184821155113227,"f"
3793,-0.684000516221256,33.7028927072875,0.184846188508418,"f"
3794,-0.683669704640114,33.7128924598742,0.184871198503525,"f"
3795,-0.683337477331327,33.7228964997903,0.184896184936013,"f"
3796,-0.683003817469244,33.732905043038,0.18492114764335,"f"
3797,-0.682668708228213,33.7429183056189,0.184946086463,"f"
3798,-0.682332132782582,33.7529365035352,0.184971001232432,"f"
3799,-0.681994074306701,33.7629598527887,0.184995891789111,"f"
3800,-0.681654515974916,33.7729885693814,0.185020757970503,"f"
3801,-0.681313440961578,33.7830228693152,0.185045599614076,"f"
3802,-0.680970832441033,33.7930629685921,0.185070416557295,"f"
3803,-0.680626673587631,33.8031090832139,0.185095208637626,"f"
3804,-0.68028094757572,33.8131614291827,0.185119975692538,"f"
3805,-0.679933637668376,33.8232202221649,0.185144717560134,"f"
3806,-0.67958474835746,33.8332855975793,0.185169434231596,"f"
3807,-0.679234332745794,33.8433575070879,0.185194126048619,"f"
3808,-0.678882450711245,33.8534358767422,0.185218793401753,"f"
3809,-0.67852916213168,33.8635206325938,0.185243436681547,"f"
3810,-0.678174526884966,33.8736117006942,0.185268056278549,"f"
3811,-0.677818604848969,33.8837090070949,0.185292652583309,"f"
3812,-0.677461455901556,33.8938124778474,0.185317225986375,"f"
3813,-0.677103139920594,33.9039220390031,0.185341776878297,"f"
3814,-0.676743716783949,33.9140376166136,0.185366305649624,"f"
3815,-0.676383246369487,33.9241591367305,0.185390812690905,"f"
3816,-0.676021788555077,33.9342865254051,0.185415298392688,"f"
3817,-0.675659403218584,33.9444197086891,0.185439763145523,"f"
3818,-0.675296150237875,33.9545586126339,0.185464207339959,"f"
3819,-0.674932089490817,33.964703163291,0.185488631366545,"f"
3820,-0.674567280855276,33.9748532867119,0.185513035615829,"f"
3821,-0.67420178420912,33.9850089089481,0.185537420478361,"f"
3822,-0.673835659430214,33.9951699560512,0.18556178634469,"f"
3823,-0.673468966396426,34.0053363540727,0.185586133605365,"f"
3824,-0.673101764985622,34.0155080290639,0.185610462650935,"f"
3825,-0.67273411507567,34.0256849070766,0.185634773871948,"f"
3826,-0.672366076544435,34.035866914162,0.185659067658955,"f"
3827,-0.671997709269784,34.0460539763719,0.185683344402503,"f"
3828,-0.671629073129585,34.0562460197576,0.185707604493142,"f"
3829,-0.671260228001703,34.0664429703707,0.185731848321421,"f"
3830,-0.670891233764005,34.0766447542626,0.185756076277889,"f"
3831,-0.670522150294359,34.0868512974849,0.185780288753095,"f"
3832,-0.670153037470631,34.0970625260892,0.185804486137587,"f"
3833,-0.669783955170687,34.1072783661268,0.185828668821916,"f"
3834,-0.669414963272394,34.1174987436493,0.18585283719663,"f"
3835,-0.66904612165362,34.1277235847082,0.185876991652277,"f"
3836,-0.6686774853813,34.1379527810257,0.185901132395909,"f"
3837,-0.668309081428223,34.1481860238522,0.185925258563011,"f"
3838,-0.667940926598302,34.1584229318762,0.185949368901204,"f"
3839,-0.667573037681425,34.1686631236861,0.185973462157578,"f"
3840,-0.667205431467478,34.1789062178702,0.185997537079221,"f"
3841,-0.666838124746348,34.189151833017,0.186021592413221,"f"
3842,-0.666471134307922,34.1993995877146,0.186045626906666,"f"
3843,-0.666104476942089,34.2096491005516,0.186069639306646,"f"
3844,-0.665738169438733,34.2198999901163,0.186093628360247,"f"
3845,-0.665372228587743,34.230151874997,0.18611759281456,"f"
3846,-0.665006671179006,34.240404373782,0.186141531416671,"f"
3847,-0.664641514002408,34.2506571050598,0.186165442913669,"f"
3848,-0.664276773847837,34.2609096874187,0.186189326052643,"f"
3849,-0.66391246750518,34.2711617394471,0.18621317958068,"f"
3850,-0.663548611764324,34.2814128797333,0.18623700224487,"f"
3851,-0.663185223415155,34.2916627268656,0.1862607927923,"f"
3852,-0.662822319247562,34.3019108994325,0.18628454997006,"f"
3853,-0.66245991605143,34.3121570160223,0.186308272525236,"f"
3854,-0.662098030616647,34.3224006952233,0.186331959204918,"f"
3855,-0.661736679733101,34.3326415556239,0.186355608756194,"f"
3856,-0.661375880190677,34.3428792158125,0.186379219926152,"f"
3857,-0.661015648779264,34.3531132943774,0.18640279146188,"f"
3858,-0.660656002288748,34.363343409907,0.186426322110467,"f"
3859,-0.660296957509016,34.3735691809896,0.186449810619002,"f"
3860,-0.659938531229955,34.3837902262137,0.186473255734571,"f"
3861,-0.659580740241453,34.3940061641675,0.186496656204265,"f"
3862,-0.659223601333396,34.4042166134394,0.186520010775171,"f"
3863,-0.658867131295672,34.4144211926177,0.186543318194377,"f"
3864,-0.658511346918167,34.4246195202909,0.186566577208972,"f"
3865,-0.658156264990769,34.4348112150473,0.186589786566045,"f"
3866,-0.657801898976899,34.4449959271297,0.186612945071022,"f"
3867,-0.657448203549665,34.4551738662249,0.186636052560397,"f"
3868,-0.657095083019247,34.4653457212699,0.186659109753929,"f"
3869,-0.656742440067501,34.4755121966963,0.186682117399933,"f"
3870,-0.656390177376281,34.4856739969361,0.186705076246725,"f"
3871,-0.65603819762744,34.495831826421,0.186727987042621,"f"
3872,-0.655686403502832,34.505986389583,0.186750850535938,"f"
3873,-0.655334697684311,34.5161383908537,0.186773667474991,"f"
3874,-0.654982982853733,34.5262885346651,0.186796438608097,"f"
3875,-0.654631161692949,34.5364375254489,0.18681916468357,"f"
3876,-0.654279136883816,34.546586067637,0.186841846449728,"f"
3877,-0.653926811108186,34.5567348656612,0.186864484654886,"f"
3878,-0.653574087047914,34.5668846239533,0.18688708004736,"f"
3879,-0.653220867384853,34.5770360469452,0.186909633375466,"f"
3880,-0.652867054800858,34.5871898390686,0.18693214538752,"f"
3881,-0.652512551977784,34.5973467047555,0.186954616831839,"f"
3882,-0.652157261597483,34.6075073484376,0.186977048456737,"f"
3883,-0.65180108634181,34.6176724745467,0.186999441010532,"f"
3884,-0.651443928892619,34.6278427875147,0.187021795241539,"f"
3885,-0.651085691931764,34.6380189917734,0.187044111898073,"f"
3886,-0.650726278141099,34.6482017917546,0.187066391728452,"f"
3887,-0.650365590202479,34.6583918918901,0.187088635480991,"f"
3888,-0.650003530797756,34.6685899966119,0.187110843904006,"f"
3889,-0.649640002608786,34.6787968103516,0.187133017745812,"f"
3890,-0.649274908317422,34.6890130375411,0.187155157754727,"f"
3891,-0.648908150605518,34.6992393826122,0.187177264679065,"f"
3892,-0.648539632154929,34.7094765499969,0.187199339267144,"f"
3893,-0.648169255647508,34.7197252441268,0.187221382267278,"f"
3894,-0.64779692376511,34.7299861694338,0.187243394427784,"f"
3895,-0.647422539189588,34.7402600303498,0.187265376496979,"f"
3896,-0.647046004602796,34.7505475313065,0.187287329223176,"f"
3897,-0.646667245707843,34.7608492346861,0.187309253224674,"f"
3898,-0.646286321305342,34.7711648816102,0.187331148368058,"f"
3899,-0.645903337919812,34.7814939187261,0.187353014250378,"f"
3900,-0.645518402137102,34.7918357923028,0.187374850468338,"f"
3901,-0.645131620543059,34.8021899486091,0.187396656618641,"f"
3902,-0.644743099723532,34.8125558339141,0.187418432297992,"f"
3903,-0.644352946264371,34.8229328944867,0.187440177103093,"f"
3904,-0.643961266751424,34.8333205765958,0.18746189063065,"f"
3905,-0.643568167770539,34.8437183265104,0.187483572477364,"f"
3906,-0.643173755907565,34.8541255904994,0.187505222239941,"f"
3907,-0.642778137748351,34.8645418148318,0.187526839515084,"f"
3908,-0.642381419878745,34.8749664457765,0.187548423899496,"f"
3909,-0.641983708884597,34.8853989296025,0.187569974989882,"f"
3910,-0.641585111351754,34.8958387125787,0.187591492382945,"f"
3911,-0.641185733866065,34.9062852409741,0.187612975675388,"f"
3912,-0.640785683013379,34.9167379610576,0.187634424463917,"f"
3913,-0.640385065379546,34.9271963190981,0.187655838345233,"f"
3914,-0.639983987550412,34.9376597613646,0.187677216916042,"f"
3915,-0.639582556111827,34.9481277341261,0.187698559773046,"f"
3916,-0.63918087764964,34.9585996836514,0.187719866512949,"f"
3917,-0.638779058749699,34.9690750562097,0.187741136732456,"f"
3918,-0.638377205997853,34.9795532980696,0.18776237002827,"f"
3919,-0.637975425979951,34.9900338555004,0.187783565997094,"f"
3920,-0.637573825281841,35.0005161747708,0.187804724235633,"f"
3921,-0.637172510489372,35.0109997021498,0.18782584434059,"f"
3922,-0.636771588188392,35.0214838839064,0.187846925908668,"f"
3923,-0.63637116496475,35.0319681663095,0.187867968536573,"f"
3924,-0.635971347404295,35.0424519956281,0.187888971821006,"f"
3925,-0.635572242092876,35.052934818131,0.187909935358673,"f"
3926,-0.63517395561634,35.0634160800874,0.187930858746276,"f"
3927,-0.634776588854172,35.0738952435044,0.187951741564119,"f"
3928,-0.634380143204093,35.0843720447649,0.187972583106576,"f"
3929,-0.63398453556421,35.0948464533054,0.187993382425158,"f"
3930,-0.633589680147743,35.1053184459675,0.188014138563656,"f"
3931,-0.633195491167912,35.1157879995929,0.188034850565864,"f"
3932,-0.632801882837935,35.1262550910231,0.188055517475574,"f"
3933,-0.632408769371033,35.1367196970998,0.188076138336579,"f"
3934,-0.632016064980423,35.1471817946647,0.18809671219267,"f"
3935,-0.631623683879326,35.1576413605593,0.188117238087641,"f"
3936,-0.631231540280961,35.1680983716252,0.188137715065285,"f"
3937,-0.630839548398547,35.1785528047041,0.188158142169393,"f"
3938,-0.630447622445303,35.1890046366376,0.188178518443759,"f"
3939,-0.630055676634449,35.1994538442674,0.188198842932174,"f"
3940,-0.629663625179204,35.209900404435,0.188219114678432,"f"
3941,-0.629271382292788,35.2203442939821,0.188239332726325,"f"
3942,-0.628878862188419,35.2307854897503,0.188259496119646,"f"
3943,-0.628485979079317,35.2412239685812,0.188279603902187,"f"
3944,-0.628092647178701,35.2516597073164,0.188299655117741,"f"
3945,-0.627698780699791,35.2620926827976,0.1883196488101,"f"
3946,-0.627304293855806,35.2725228718664,0.188339584023057,"f"
3947,-0.626909100859964,35.2829502513644,0.188359459800405,"f"
3948,-0.626513115925487,35.2933747981333,0.188379275185935,"f"
3949,-0.626116253265592,35.3037964890146,0.188399029223442,"f"
3950,-0.625718427093499,35.3142153008499,0.188418720956716,"f"
3951,-0.625319551622428,35.324631210481,0.188438349429551,"f"
3952,-0.624919541065597,35.3350441947494,0.18845791368574,"f"
3953,-0.624518309636226,35.3454542304968,0.188477412769075,"f"
3954,-0.624115771547535,35.3558612945647,0.188496845723348,"f"
3955,-0.623711841012742,35.3662653637948,0.188516211592352,"f"
3956,-0.623306432245067,35.3766664150287,0.188535509419879,"f"
3957,-0.622899459810545,35.3870644265929,0.188554738253883,"f"
3958,-0.62249088237471,35.3974595624081,0.188573897662221,"f"
3959,-0.622080745019288,35.4078523500804,0.188592988231545,"f"
3960,-0.621669102862765,35.418243359456,0.188612010666838,"f"
3961,-0.621256011023624,35.4286331603812,0.188630965673079,"f"
3962,-0.620841524620347,35.4390223227021,0.188649853955248,"f"
3963,-0.62042569877142,35.449411416265,0.188668676218326,"f"
3964,-0.620008588595325,35.4598010109159,0.188687433167293,"f"
3965,-0.619590249210547,35.4701916765012,0.18870612550713,"f"
3966,-0.619170735735569,35.480583982867,0.188724753942818,"f"
3967,-0.618750103288875,35.4909784998595,0.188743319179336,"f"
3968,-0.618328406988948,35.5013757973249,0.188761821921664,"f"
3969,-0.617905701954273,35.5117764451095,0.188780262874784,"f"
3970,-0.617482043303332,35.5221810130593,0.188798642743676,"f"
3971,-0.61705748615461,35.5325900710206,0.18881696223332,"f"
3972,-0.61663208562659,35.5430041888397,0.188835222048697,"f"
3973,-0.616205896837757,35.5534239363627,0.188853422894787,"f"
3974,-0.615778974906593,35.5638498834357,0.18887156547657,"f"
3975,-0.615351374951582,35.5742825999051,0.188889650499027,"f"
3976,-0.614923152091209,35.5847226556169,0.188907678667138,"f"
3977,-0.614494361443956,35.5951706204174,0.188925650685883,"f"
3978,-0.614065058128308,35.6056270641528,0.188943567260244,"f"
3979,-0.613635297262748,35.6160925566694,0.1889614290952,"f"
3980,-0.61320513396576,35.6265676678131,0.188979236895732,"f"
3981,-0.612774623355827,35.6370529674304,0.188996991366821,"f"
3982,-0.612343820551434,35.6475490253673,0.189014693213446,"f"
3983,-0.611912780671064,35.6580564114702,0.189032343140588,"f"
3984,-0.611481558833201,35.6685756955851,0.189049941853227,"f"
3985,-0.611050210156328,35.6791074475582,0.189067490056345,"f"
3986,-0.610618789758929,35.6896522372358,0.18908498845492,"f"
3987,-0.610187352759488,35.7002106344641,0.189102437753935,"f"
3988,-0.609755952935746,35.7107831794413,0.189119838601224,"f"
3989,-0.609324621007452,35.721369902482,0.189137190661864,"f"
3990,-0.60889336827487,35.7319704044759,0.189154492773245,"f"
3991,-0.608462205431962,35.7425842729054,0.189171743746919,"f"
3992,-0.608031143172691,35.753211095253,0.189188942394436,"f"
3993,-0.607600192191016,35.7638504590011,0.189206087527346,"f"
3994,-0.607169363180899,35.7745019516321,0.1892231779572,"f"
3995,-0.606738666836302,35.7851651606285,0.189240212495548,"f"
3996,-0.606308113851186,35.7958396734728,0.18925718995394,"f"
3997,-0.605877714919512,35.8065250776473,0.189274109143928,"f"
3998,-0.605447480735242,35.8172209606344,0.189290968877062,"f"
3999,-0.605017421992336,35.8279269099168,0.189307767964891,"f"
4000,-0.604587549384756,35.8386425129767,0.189324505218967,"f"
4001,-0.604157873606464,35.8493673572966,0.18934117945084,"f"
4002,-0.603728405351421,35.8601010303589,0.18935778947206,"f"
4003,-0.603299155313588,35.8708431196461,0.189374334094178,"f"
4004,-0.602870134186926,35.8815932126406,0.189390812128745,"f"
4005,-0.602441352665397,35.8923508968249,0.18940722238731,"f"
4006,-0.602012821442961,35.9031157596814,0.189423563681424,"f"
4007,-0.601584551213582,35.9138873886925,0.189439834822638,"f"
4008,-0.601156552671218,35.9246653713407,0.189456034622501,"f"
4009,-0.600728836509833,35.9354492951083,0.189472161892566,"f"
4010,-0.600301413423387,35.9462387474779,0.189488215444381,"f"
4011,-0.599874294105842,35.9570333159319,0.189504194089498,"f"
4012,-0.599447489251159,35.9678325879527,0.189520096639467,"f"
4013,-0.599021009553298,35.9786361510227,0.189535921905838,"f"
4014,-0.598594865706223,35.9894435926244,0.189551668700162,"f"
4015,-0.598169068403893,36.0002545002403,0.189567335833989,"f"
4016,-0.59774362834027,36.0110684613527,0.189582922118869,"f"
4017,-0.597318556209316,36.0218850634441,0.189598426366354,"f"
4018,-0.59689386250571,36.0327038946914,0.189613847392097,"f"
4019,-0.5964695336111,36.0435246272989,0.1896291845083,"f"
4020,-0.596045509076036,36.0543470966649,0.18964443799153,"f"
4021,-0.595621723070475,36.0651711569375,0.189659608229157,"f"
4022,-0.595198109764373,36.075996662265,0.18967469560855,"f"
4023,-0.594774603327685,36.0868234667955,0.189689700517077,"f"
4024,-0.594351137930369,36.0976514246772,0.189704623342106,"f"
4025,-0.593927647742381,36.1084803900583,0.189719464471007,"f"
4026,-0.593504066933677,36.119310217087,0.189734224291148,"f"
4027,-0.593080329674213,36.1301407599113,0.189748903189897,"f"
4028,-0.592656370133946,36.1409718726796,0.189763501554623,"f"
4029,-0.592232122482832,36.15180340954,0.189778019772695,"f"
4030,-0.591807520890827,36.1626352246406,0.189792458231481,"f"
4031,-0.591382499527887,36.1734671721297,0.18980681731835,"f"
4032,-0.59095699256397,36.1842991061554,0.189821097420671,"f"
4033,-0.590530934169031,36.1951308808659,0.189835298925812,"f"
4034,-0.590104258513026,36.2059623504094,0.189849422221142,"f"
4035,-0.589676899765912,36.2167933689341,0.18986346769403,"f"
4036,-0.589248792097646,36.2276237905881,0.189877435731843,"f"
4037,-0.588819869678182,36.2384534695196,0.189891326721951,"f"
4038,-0.588390066677479,36.2492822598767,0.189905141051722,"f"
4039,-0.587959317265492,36.2601100158078,0.189918879108526,"f"
4040,-0.587527555612177,36.2709365914609,0.18993254127973,"f"
4041,-0.58709471588749,36.2817618409843,0.189946127952703,"f"
4042,-0.586660732261389,36.292585618526,0.189959639514813,"f"
4043,-0.586225538903829,36.3034077782343,0.18997307635343,"f"
4044,-0.585789069984767,36.3142281742574,0.189986438855923,"f"
4045,-0.585351259674159,36.3250466607435,0.189999727409658,"f"
4046,-0.584912042141961,36.3358630918406,0.190012942402006,"f"
4047,-0.584471351558129,36.3466773216971,0.190026084220335,"f"
4048,-0.584029122092621,36.357489204461,0.190039153252013,"f"
4049,-0.583585306825428,36.3682986819223,0.190052149671993,"f"
4050,-0.583139951015294,36.3791061230887,0.190065072619778,"f"
4051,-0.582693127966322,36.3899120269487,0.190077920919839,"f"
4052,-0.582244910989201,36.4007168925215,0.190090693396572,"f"
4053,-0.581795373394626,36.4115212188262,0.190103388874374,"f"
4054,-0.581344588493287,36.422325504882,0.19011600617764,"f"
4055,-0.580892629595878,36.433130249708,0.190128544130767,"f"
4056,-0.58043957001309,36.4439359523232,0.190141001558151,"f"
4057,-0.579985483055616,36.4547431117469,0.190153377284189,"f"
4058,-0.579530442034148,36.4655522269982,0.190165670133276,"f"
4059,-0.579074520259378,36.4763637970961,0.190177878929809,"f"
4060,-0.578617791041999,36.48717832106,0.190190002498183,"f"
4061,-0.578160327692702,36.4979962979087,0.190202039662796,"f"
4062,-0.57770220352218,36.5088182266616,0.190213989248043,"f"
4063,-0.577243491841126,36.5196446063377,0.190225850078321,"f"
4064,-0.576784265960231,36.5304759359561,0.190237620978026,"f"
4065,-0.576324599190188,36.5413127145361,0.190249300771554,"f"
4066,-0.575864564841688,36.5521554410967,0.190260888283301,"f"
4067,-0.575404236225425,36.563004614657,0.190272382337664,"f"
4068,-0.57494368665209,36.5738607342362,0.190283781759038,"f"
4069,-0.574482989432376,36.5847242988534,0.190295085371821,"f"
4070,-0.574022217876975,36.5955958075278,0.190306292000407,"f"
4071,-0.573561445296579,36.6064757592784,0.190317400469194,"f"
4072,-0.573100745001881,36.6173646531245,0.190328409602578,"f"
4073,-0.572640190303572,36.6282629880851,0.190339318224954,"f"
4074,-0.572179854512345,36.6391712631794,0.190350125160719,"f"
4075,-0.571719810938892,36.6500899774265,0.19036082923427,"f"
4076,-0.571260132893905,36.6610196298455,0.190371429270002,"f"
4077,-0.570800893688077,36.6719607194556,0.190381924092312,"f"
4078,-0.5703421666321,36.6829137452759,0.190392312525596,"f"
4079,-0.569884024599245,36.6938792046782,0.190402593396831,"f"
4080,-0.569426489201716,36.7048574019942,0.190412765835447,"f"
4081,-0.568969483379234,36.7158482699718,0.190422829553063,"f"
4082,-0.568512918857109,36.7268516991276,0.190432784327468,"f"
4083,-0.568056707360651,36.7378675799778,0.19044262993645,"f"
4084,-0.56760076061517,36.7488958030391,0.190452366157796,"f"
4085,-0.567144990345975,36.7599362588279,0.190461992769294,"f"
4086,-0.566689308278378,36.7709888378606,0.190471509548733,"f"
4087,-0.566233626137688,36.7820534306538,0.1904809162739,"f"
4088,-0.565777855649214,36.7931299277239,0.190490212722583,"f"
4089,-0.565321908538267,36.8042182195873,0.19049939867257,"f"
4090,-0.564865696530156,36.8153181967605,0.19050847390165,"f"
4091,-0.564409131350192,36.82642974976,0.190517438187609,"f"
4092,-0.563952124723685,36.8375527691023,0.190526291308236,"f"
4093,-0.563494588375944,36.8486871453038,0.190535033041319,"f"
4094,-0.563036434032279,36.8598327688809,0.190543663164645,"f"
4095,-0.562577573418001,36.8709895303502,0.190552181456003,"f"
4096,-0.562117918258418,36.8821573202282,0.190560587693181,"f"
4097,-0.561657380278842,36.8933360290312,0.190568881653966,"f"
4098,-0.561195871204582,36.9045255472758,0.190577063116146,"f"
4099,-0.560733302760948,36.9157257654783,0.19058513185751,"f"
4100,-0.56026958667325,36.9269365741554,0.190593087655845,"f"
4101,-0.559804634666797,36.9381578638234,0.190600930288939,"f"
4102,-0.559338358466901,36.9493895249988,0.190608659534579,"f"
4103,-0.55887066979887,36.9606314481981,0.190616275170555,"f"
4104,-0.558401480388015,36.9718835239377,0.190623776974654,"f"
4105,-0.557930701959645,36.9831456427342,0.190631164724663,"f"
4106,-0.557458246239071,36.9944176951039,0.190638438198371,"f"
4107,-0.556984024951603,37.0056995715633,0.190645597173566,"f"
4108,-0.55650794982255,37.016991162629,0.190652641428035,"f"
4109,-0.556029932577222,37.0282923588173,0.190659570739566,"f"
4110,-0.555549910703083,37.0396029761887,0.190666385058799,"f"
4111,-0.555067946040557,37.0509224714064,0.190673085170711,"f"
4112,-0.554584137901599,37.0622501928361,0.190679672111697,"f"
4113,-0.554098585605794,37.0735854888211,0.190686146918202,"f"
4114,-0.553611388472732,37.0849277077051,0.19069251062667,"f"
4115,-0.553122645821997,37.0962761978315,0.190698764273546,"f"
4116,-0.552632456973179,37.1076303075438,0.190704908895275,"f"
4117,-0.552140921245863,37.1189893851855,0.190710945528302,"f"
4118,-0.551648137959637,37.1303527791,0.190716875209071,"f"
4119,-0.551154206434089,37.141719837631,0.190722698974028,"f"
4120,-0.550659225988804,37.1530899091217,0.190728417859616,"f"
4121,-0.550163295943371,37.1644623419159,0.190734032902281,"f"
4122,-0.549666515617376,37.1758364843568,0.190739545138468,"f"
4123,-0.549168984330407,37.1872116847881,0.190744955604621,"f"
4124,-0.548670801402051,37.1985872915532,0.190750265337185,"f"
4125,-0.548172066151894,37.2099626529957,0.190755475372604,"f"
4126,-0.547672877899525,37.2213371174589,0.190760586747325,"f"
4127,-0.547173335964529,37.2327100332865,0.19076560049779,"f"
4128,-0.546673539666495,37.2440807488218,0.190770517660446,"f"
4129,-0.546173588325009,37.2554486124084,0.190775339271737,"f"
4130,-0.545673581259658,37.2668129723897,0.190780066368107,"f"
4131,-0.54517361779003,37.2781731771094,0.190784699986002,"f"
4132,-0.544673797235712,37.2895285749107,0.190789241161866,"f"
4133,-0.544174218916291,37.3008785141374,0.190793690932144,"f"
4134,-0.543674982151354,37.3122223431327,0.190798050333281,"f"
4135,-0.543176186260487,37.3235594102403,0.190802320401721,"f"
4136,-0.54267793056328,37.3348890638036,0.190806502173909,"f"
4137,-0.542180314379317,37.346210652166,0.190810596686291,"f"
4138,-0.541683437028187,37.3575235236712,0.19081460497531,"f"
4139,-0.541187397829476,37.3688270266626,0.190818528077412,"f"
4140,-0.540692289919643,37.3801205763457,0.190822366915433,"f"
4141,-0.54019812144087,37.3914045070227,0.190826120850538,"f"
4142,-0.539704838752949,37.4026798210877,0.190829788108711,"f"
4143,-0.539212386823482,37.4139475359892,0.190833366890354,"f"
4144,-0.538720710620075,37.4252086691759,0.190836855395873,"f"
4145,-0.538229755110329,37.4364642380964,0.190840251825669,"f"
4146,-0.537739465261849,37.4477152601994,0.190843554380149,"f"
4147,-0.537249786042239,37.4589627529335,0.190846761259714,"f"
4148,-0.536760662419101,37.4702077337473,0.190849870664769,"f"
4149,-0.536272039360039,37.4814512200896,0.190852880795718,"f"
4150,-0.535783861832657,37.4926942294088,0.190855789852964,"f"
4151,-0.535296074804558,37.5039377791536,0.190858596036911,"f"
4152,-0.534808623243346,37.5151828867728,0.190861297547963,"f"
4153,-0.534321452116624,37.5264305697148,0.190863892586524,"f"
4154,-0.533834506391996,37.5376818454284,0.190866379352997,"f"
4155,-0.533347731037066,37.5489377313622,0.190868756047786,"f"
4156,-0.532861071019436,37.5601992449647,0.190871020871294,"f"
4157,-0.532374471306711,37.5714674036848,0.190873172023927,"f"
4158,-0.531887876866493,37.5827432249709,0.190875207706086,"f"
4159,-0.531401232666387,37.5940277262718,0.190877126118177,"f"
4160,-0.530914483673996,37.605321925036,0.190878925460602,"f"
4161,-0.530427574856923,37.6166268387122,0.190880603933766,"f"
4162,-0.529940451182772,37.627943484749,0.190882159738072,"f"
4163,-0.529453057619147,37.6392728805951,0.190883591073925,"f"
4164,-0.52896533913365,37.650616043699,0.190884896141727,"f"
4165,-0.528477240693886,37.6619739915095,0.190886073141882,"f"
4166,-0.527988707267458,37.6733477414752,0.190887120274795,"f"
4167,-0.52749968382197,37.6847383110447,0.190888035740869,"f"
4168,-0.527010115325025,37.6961467176666,0.190888817740507,"f"
4169,-0.526519946744226,37.7075739787896,0.190889464474114,"f"
4170,-0.526029123047177,37.7190211118623,0.190889974142093,"f"
4171,-0.525537603389379,37.7304889123669,0.190890345217426,"f"
4172,-0.525045414742062,37.7419771148244,0.190890577475967,"f"
4173,-0.524552604315346,37.7534851371226,0.1908906710824,"f"
4174,-0.524059219322892,37.7650123970944,0.190890626201477,"f"
4175,-0.523565306978364,37.7765583125722,0.190890442997949,"f"
4176,-0.523070914495424,37.7881223013887,0.190890121636569,"f"
4177,-0.522576089087735,37.7997037813766,0.190889662282088,"f"
4178,-0.52208087796896,37.8113021703684,0.190889065099258,"f"
4179,-0.521585328352762,37.8229168861968,0.190888330252832,"f"
4180,-0.521089487452803,37.8345473466945,0.190887457907559,"f"
4181,-0.520593402482746,37.8461929696939,0.190886448228194,"f"
4182,-0.520097120656254,37.8578531730279,0.190885301379486,"f"
4183,-0.519600689186989,37.8695273745289,0.190884017526189,"f"
4184,-0.519104155288615,37.8812149920296,0.190882596833054,"f"
4185,-0.518607566174794,37.8929154433627,0.190881039464833,"f"
4186,-0.518110969059189,37.9046281463608,0.190879345586277,"f"
4187,-0.517614411155462,37.9163525188564,0.190877515362139,"f"
4188,-0.517117939677276,37.9280879786822,0.19087554895717,"f"
4189,-0.516621601838295,37.9398339436709,0.190873446536122,"f"
4190,-0.51612544485218,37.951589831655,0.190871208263747,"f"
4191,-0.515629515932595,37.9633550604673,0.190868834304796,"f"
4192,-0.515133862293203,37.9751290479402,0.190866324824023,"f"
4193,-0.514638531147665,37.9869112119065,0.190863679986177,"f"
4194,-0.514143569709645,37.9987009701987,0.190860899956012,"f"
4195,-0.513649025192805,38.0104977406495,0.190857984898278,"f"
4196,-0.513154944810809,38.0223009410916,0.190854934977729,"f"
4197,-0.512661375777319,38.0341099893575,0.190851750359115,"f"
4198,-0.512168365305998,38.0459243032798,0.190848431207188,"f"
4199,-0.511675960610508,38.0577433006912,0.190844977686701,"f"
4200,-0.511184208904512,38.0695663994243,0.190841389962405,"f"
4201,-0.510693151620609,38.08139303279,0.190837668226313,"f"
4202,-0.510202751707672,38.0932228442302,0.19083381304054,"f"
4203,-0.509712915552641,38.1050556286253,0.19082982523393,"f"
4204,-0.509223548293748,38.116891184199,0.190825705641211,"f"
4205,-0.508734555069225,38.1287293091748,0.190821455097115,"f"
4206,-0.508245841017303,38.1405698017763,0.190817074436371,"f"
4207,-0.507757311276212,38.1524124602271,0.190812564493711,"f"
4208,-0.507268870984186,38.1642570827509,0.190807926103864,"f"
4209,-0.506780425279454,38.1761034675712,0.19080316010156,"f"
4210,-0.506291879300249,38.1879514129116,0.190798267321531,"f"
4211,-0.505803138184802,38.1998007169958,0.190793248598506,"f"
4212,-0.505314107071344,38.2116511780473,0.190788104767216,"f"
4213,-0.504824691098108,38.2235025942897,0.190782836662391,"f"
4214,-0.504334795403323,38.2353547639467,0.190777445118761,"f"
4215,-0.503844325125222,38.2472074852418,0.190771930971058,"f"
4216,-0.503353185402036,38.2590605563986,0.19076629505401,"f"
4217,-0.502861281371996,38.2709137756408,0.190760538202349,"f"
4218,-0.502368518173334,38.2827669411919,0.190754661250805,"f"
4219,-0.501874800944281,38.2946198512756,0.190748665034109,"f"
4220,-0.50138003482307,38.3064723041154,0.19074255038699,"f"
4221,-0.50088412494793,38.3183240979349,0.190736318144179,"f"
4222,-0.500386976457094,38.3301750309578,0.190729969140406,"f"
4223,-0.499888494488792,38.3420249014076,0.190723504210402,"f"
4224,-0.499388584181257,38.353873507508,0.190716924188896,"f"
4225,-0.49888715067272,38.3657206474825,0.190710229910621,"f"
4226,-0.498384099101412,38.3775661195548,0.190703422210305,"f"
4227,-0.497879334605565,38.3894097219484,0.190696501922679,"f"
4228,-0.497372762323409,38.401251252887,0.190689469882473,"f"
4229,-0.496864287393177,38.4130905105941,0.190682326924418,"f"
4230,-0.4963538149531,38.4249272932934,0.190675073883245,"f"
4231,-0.495841251381235,38.4367614031281,0.19066771158719,"f"
4232,-0.495326592176694,38.4485929239943,0.190660240397775,"f"
4233,-0.494809980187099,38.4604224056245,0.190652659904875,"f"
4234,-0.494291572076437,38.4722504414313,0.190644969626009,"f"
4235,-0.493771524508695,38.4840776248272,0.190637169078699,"f"
4236,-0.493249994147861,38.4959045492248,0.190629257780464,"f"
4237,-0.492727137657921,38.5077318080366,0.190621235248824,"f"
4238,-0.492203111702864,38.5195599946751,0.1906131010013,"f"
4239,-0.491678072946677,38.5313897025529,0.190604854555412,"f"
4240,-0.491152178053348,38.5432215250824,0.190596495428679,"f"
4241,-0.490625583686863,38.5550560556763,0.190588023138623,"f"
4242,-0.490098446511211,38.566893887747,0.190579437202762,"f"
4243,-0.489570923190378,38.5787356147071,0.190570737138618,"f"
4244,-0.489043170388353,38.5905818299691,0.190561922463711,"f"
4245,-0.488515344769122,38.6024331269456,0.19055299269556,"f"
4246,-0.487987602996674,38.614290099049,0.190543947351686,"f"
4247,-0.487460101734995,38.626153339692,0.190534785949609,"f"
4248,-0.486932997648073,38.638023442287,0.190525508006849,"f"
4249,-0.486406447399896,38.6499010002466,0.190516113040926,"f"
4250,-0.485880607654451,38.6617866069832,0.190506600569361,"f"
4251,-0.485355635075726,38.6736808559096,0.190496970109673,"f"
4252,-0.484831686327707,38.6855843404381,0.190487221179383,"f"
4253,-0.484308918074383,38.6974976539812,0.190477353296011,"f"
4254,-0.48378748697974,38.7094213899517,0.190467365977077,"f"
4255,-0.483267549707767,38.7213561417619,0.190457258740102,"f"
4256,-0.482749262922451,38.7333025028243,0.190447031102605,"f"
4257,-0.482232783287779,38.7452610665517,0.190436682582106,"f"
4258,-0.481718267467738,38.7572324263563,0.190426212696126,"f"
4259,-0.481205872126317,38.7692171756509,0.190415620962185,"f"
4260,-0.480695753927502,38.7812159078479,0.190404906897803,"f"
4261,-0.480188069535282,38.7932292163599,0.1903940700205,"f"
4262,-0.47968296117973,38.8052576579367,0.190383109854516,"f"
4263,-0.479180377551245,38.8173012977317,0.190372026014177,"f"
4264,-0.478680129053139,38.8293598496444,0.190360818178182,"f"
4265,-0.478182023098255,38.8414330199788,0.190349486026621,"f"
4266,-0.477685867099436,38.8535205150386,0.190338029239584,"f"
4267,-0.477191468469523,38.8656220411277,0.190326447497161,"f"
4268,-0.47669863462136,38.8777373045499,0.190314740479442,"f"
4269,-0.476207172967788,38.889866011609,0.190302907866517,"f"
4270,-0.475716890921651,38.9020078686089,0.190290949338476,"f"
4271,-0.47522759589579,38.9141625818534,0.190278864575408,"f"
4272,-0.474739095303047,38.9263298576462,0.190266653257404,"f"
4273,-0.474251196556267,38.9385094022913,0.190254315064554,"f"
4274,-0.47376370706829,38.9507009220925,0.190241849676947,"f"
4275,-0.473276434251959,38.9629041233535,0.190229256774674,"f"
4276,-0.472789185520118,38.9751187123782,0.190216536037825,"f"
4277,-0.472301768285607,38.9873443954705,0.19020368714649,"f"
4278,-0.47181398996127,38.9995808789341,0.190190709780758,"f"
4279,-0.471325657959948,39.0118278690729,0.190177603620719,"f"
4280,-0.470836579694485,39.0240850721907,0.190164368346464,"f"
4281,-0.470346562577723,39.0363521945914,0.190151003638083,"f"
4282,-0.469855414022504,39.0486289425787,0.190137509175665,"f"
4283,-0.469362941441671,39.0609150224564,0.190123884639301,"f"
4284,-0.468868952248066,39.0732101405285,0.190110129709079,"f"
4285,-0.468373253854532,39.0855140030988,0.190096244065092,"f"
4286,-0.46787565367391,39.097826316471,0.190082227387428,"f"
4287,-0.467375959119044,39.1101467869489,0.190068079356177,"f"
4288,-0.466873977602775,39.1224751208365,0.190053799651429,"f"
4289,-0.466369516537947,39.1348110244375,0.190039387953275,"f"
4290,-0.465862383337402,39.1471542040558,0.190024843941803,"f"
4291,-0.465352385413981,39.1595043659952,0.190010167297106,"f"
4292,-0.464839332296136,39.1718612166026,0.189995357712855,"f"
4293,-0.464323181791054,39.1842244652518,0.189980415834823,"f"
4294,-0.463804134730049,39.1965938262768,0.189965343869234,"f"
4295,-0.46328241447143,39.2089690144717,0.18995014416696,"f"
4296,-0.462758244373506,39.2213497446303,0.189934819078872,"f"
4297,-0.462231847794586,39.2337357315467,0.189919370955841,"f"
4298,-0.461703448092979,39.2461266900147,0.189903802148739,"f"
4299,-0.461173268626994,39.2585223348284,0.189888115008436,"f"
4300,-0.460641532754939,39.2709223807817,0.189872311885805,"f"
4301,-0.460108463835124,39.2833265426686,0.189856395131716,"f"
4302,-0.459574285225858,39.295734535283,0.18984036709704,"f"
4303,-0.459039220285449,39.3081460734189,0.18982423013265,"f"
4304,-0.458503492372206,39.3205608718702,0.189807986589415,"f"
4305,-0.457967324844438,39.3329786454309,0.189791638818207,"f"
4306,-0.457430941060455,39.3453991088949,0.189775189169898,"f"
4307,-0.456894564378565,39.3578219770563,0.189758639995359,"f"
4308,-0.456358418157078,39.3702469647089,0.189741993645461,"f"
4309,-0.455822725754301,39.3826737866467,0.189725252471075,"f"
4310,-0.455287710528544,39.3951021576637,0.189708418823073,"f"
4311,-0.454753595838116,39.4075317925539,0.189691495052325,"f"
4312,-0.454220605041326,39.4199624061112,0.189674483509703,"f"
4313,-0.453688961496482,39.4323937131295,0.189657386546079,"f"
4314,-0.453158888561894,39.4448254284028,0.189640206512323,"f"
4315,-0.452630609595871,39.457257266725,0.189622945759306,"f"
4316,-0.452104347956721,39.4696889428902,0.189605606637901,"f"
4317,-0.451580327002754,39.4821201716923,0.189588191498978,"f"
4318,-0.451058770092277,39.4945506679253,0.189570702693408,"f"
4319,-0.450539900583602,39.506980146383,0.189553142572063,"f"
4320,-0.450023941835035,39.5194083218594,0.189535513485814,"f"
4321,-0.449511117204886,39.5318349091486,0.189517817785532,"f"
4322,-0.449001650051465,39.5442596230445,0.189500057822089,"f"
4323,-0.448495688845832,39.5566823195573,0.189482235043595,"f"
4324,-0.447993079575156,39.5691034250969,0.18946434725174,"f"
4325,-0.44749359186473,39.5815235100703,0.189446391327677,"f"
4326,-0.446996995339846,39.5939431448846,0.18942836415256,"f"
4327,-0.446503059625795,39.6063628999465,0.189410262607539,"f"
4328,-0.446011554347867,39.6187833456631,0.18939208357377,"f"
4329,-0.445522249131354,39.6312050524414,0.189373823932404,"f"
4330,-0.445034913601546,39.6436285906883,0.189355480564595,"f"
4331,-0.444549317383736,39.6560545308107,0.189337050351495,"f"
4332,-0.444065230103213,39.6684834432157,0.189318530174258,"f"
4333,-0.44358242138527,39.6809158983101,0.189299916914035,"f"
4334,-0.443100660855197,39.693352466501,0.189281207451981,"f"
4335,-0.442619718138284,39.7057937181954,0.189262398669248,"f"
4336,-0.442139362859824,39.7182402238,0.189243487446988,"f"
4337,-0.441659364645108,39.7306925537221,0.189224470666355,"f"
4338,-0.441179493119426,39.7431512783684,0.189205345208502,"f"
4339,-0.440699517908069,39.7556169681459,0.189186107954581,"f"
4340,-0.440219208636329,39.7680901934617,0.189166755785746,"f"
4341,-0.439738334929496,39.7805715247227,0.189147285583149,"f"
4342,-0.439256666412862,39.7930615323358,0.189127694227943,"f"
4343,-0.438773972711719,39.8055607867079,0.189107978601281,"f"
4344,-0.438290023451355,39.8180698582462,0.189088135584316,"f"
4345,-0.437804588257064,39.8305893173574,0.189068162058201,"f"
4346,-0.437317436754136,39.8431197344487,0.189048054904089,"f"
4347,-0.436828338567862,39.8556616799268,0.189027811003132,"f"
4348,-0.436337063323533,39.8682157241989,0.189007427236484,"f"
4349,-0.435843380646441,39.8807824376718,0.188986900485297,"f"
4350,-0.435347060161876,39.8933623907526,0.188966227630724,"f"
4351,-0.434847871495129,39.9059561538481,0.188945405553919,"f"
4352,-0.434345584271492,39.9185642973653,0.188924431136033,"f"
4353,-0.433839970397601,39.9311873875765,0.188903301290256,"f"
4354,-0.433330957729688,39.9438257081037,0.188882015119673,"f"
4355,-0.432818727498931,39.9564790833411,0.188860575285346,"f"
4356,-0.432303484153477,39.9691472956034,0.188838984774357,"f"
4357,-0.431785432141472,39.9818301272054,0.18881724657379,"f"
4358,-0.431264775911064,39.9945273604617,0.188795363670727,"f"
4359,-0.4307417199104,40.0072387776869,0.188773339052251,"f"
4360,-0.430216468587626,40.0199641611959,0.188751175705444,"f"
4361,-0.429689226390891,40.0327032933032,0.18872887661739,"f"
4362,-0.42916019776834,40.0454559563237,0.18870644477517,"f"
4363,-0.428629587168122,40.0582219325719,0.188683883165869,"f"
4364,-0.428097599038383,40.0710010043626,0.188661194776568,"f"
4365,-0.42756443782727,40.0837929540105,0.188638382594351,"f"
4366,-0.427030307982931,40.0965975638302,0.188615449606299,"f"
4367,-0.426495413953512,40.1094146161365,0.188592398799496,"f"
4368,-0.42595996018716,40.122243893244,0.188569233161025,"f"
4369,-0.425424151132023,40.1350851774675,0.188545955677968,"f"
4370,-0.424888191236248,40.1479382511216,0.188522569337408,"f"
4371,-0.424352284947981,40.1608028965211,0.188499077126428,"f"
4372,-0.423816636715371,40.1736788959806,0.18847548203211,"f"
4373,-0.423281450986563,40.1865660318148,0.188451787041538,"f"
4374,-0.422746932209705,40.1994640863385,0.188427995141793,"f"
4375,-0.422213284832944,40.2123728418663,0.188404109319959,"f"
4376,-0.421680713304427,40.2252920807128,0.188380132563119,"f"
4377,-0.421149422072302,40.2382215851929,0.188356067858354,"f"
4378,-0.420619615584715,40.2511611376212,0.188331918192749,"f"
4379,-0.420091498289813,40.2641105203124,0.188307686553385,"f"
4380,-0.419565274635743,40.2770695155812,0.188283375927345,"f"
4381,-0.419041149070653,40.2900379057422,0.188258989301713,"f"
4382,-0.41851932604269,40.3030154731103,0.18823452966357,"f"
4383,-0.41800001,40.316002,0.18821,"f"
4384,-0.417483351841678,40.3289972314654,0.188185402637362,"f"
4385,-0.416969288270606,40.3420007635181,0.188160737259121,"f"
4386,-0.416457702440612,40.3550121549089,0.188136002888021,"f"
4387,-0.415948477505527,40.3680309643887,0.188111198546802,"f"
4388,-0.415441496619179,40.3810567507082,0.188086323258208,"f"
4389,-0.414936642935396,40.3940890726185,0.18806137604498,"f"
4390,-0.414433799608009,40.4071274888703,0.188036355929861,"f"
4391,-0.413932849790846,40.4201715582146,0.188011261935593,"f"
4392,-0.413433676637736,40.4332208394021,0.187986093084919,"f"
4393,-0.412936163302509,40.4462748911838,0.18796084840058,"f"
4394,-0.412440192938993,40.4593332723105,0.187935526905319,"f"
4395,-0.411945648701017,40.4723955415331,0.187910127621878,"f"
4396,-0.411452413742411,40.4854612576024,0.187884649573,"f"
4397,-0.410960371217004,40.4985299792693,0.187859091781426,"f"
4398,-0.410469404278624,40.5116012652848,0.187833453269899,"f"
4399,-0.409979396081101,40.5246746743995,0.187807733061162,"f"
4400,-0.409490229778264,40.5377497653645,0.187781930177955,"f"
4401,-0.409001788523942,40.5508260969305,0.187756043643023,"f"
4402,-0.408513955471964,40.5639032278485,0.187730072479106,"f"
4403,-0.408026613776159,40.5769807168693,0.187704015708948,"f"
4404,-0.407539646590355,40.5900581227437,0.18767787235529,"f"
4405,-0.407052937068383,40.6031350042227,0.187651641440874,"f"
4406,-0.406566368364071,40.616210920057,0.187625321988444,"f"
4407,-0.406079823631249,40.6292854289976,0.187598913020741,"f"
4408,-0.405593186023745,40.6423580897954,0.187572413560507,"f"
4409,-0.405106338695388,40.6554284612011,0.187545822630485,"f"
4410,-0.404619164800007,40.6684961019657,0.187519139253417,"f"
4411,-0.404131547491433,40.68156057084,0.187492362452046,"f"
4412,-0.403643369923492,40.6946214265749,0.187465491249113,"f"
4413,-0.403154515250016,40.7076782279212,0.18743852466736,"f"
4414,-0.402664877401292,40.720730596,0.187411461840237,"f"
4415,-0.402174467914903,40.7337788325996,0.187384303109371,"f"
4416,-0.401683370714473,40.7468236584519,0.187357049560009,"f"
4417,-0.401191670782543,40.7598658004175,0.187329702288277,"f"
4418,-0.400699453101654,40.7729059853569,0.187302262390303,"f"
4419,-0.400206802654347,40.7859449401305,0.187274730962212,"f"
4420,-0.399713804423163,40.7989833915989,0.18724710910013,"f"
4421,-0.399220543390644,40.8120220666226,0.187219397900183,"f"
4422,-0.39872710453933,40.8250616920621,0.187191598458499,"f"
4423,-0.398233572851762,40.838102994778,0.187163711871202,"f"
4424,-0.397740033310482,40.8511467016307,0.187135739234419,"f"
4425,-0.39724657089803,40.8641935394808,0.187107681644277,"f"
4426,-0.396753270596948,40.8772442351888,0.187079540196902,"f"
4427,-0.396260217389776,40.8902995156152,0.18705131598842,"f"
4428,-0.395767496259055,40.9033601076206,0.187023010114956,"f"
4429,-0.395275192187328,40.9164267380654,0.186994623672638,"f"
4430,-0.394783390157134,40.9295001338101,0.186966157757592,"f"
4431,-0.394292175151014,40.9425810217154,0.186937613465943,"f"
4432,-0.393801632151511,40.9556701286416,0.186908991893818,"f"
4433,-0.393311846141164,40.9687681814493,0.186880294137344,"f"
4434,-0.392822902102515,40.9818759069991,0.186851521292645,"f"
4435,-0.392334885018105,40.9949940321514,0.18682267445585,"f"
4436,-0.391847879870475,41.0081232837668,0.186793754723083,"f"
4437,-0.391361971642165,41.0212643887058,0.186764763190471,"f"
4438,-0.390877245315718,41.0344180738288,0.186735700954141,"f"
4439,-0.390393785873674,41.0475850659965,0.186706569110218,"f"
4440,-0.389911678298574,41.0607660920693,0.186677368754829,"f"
4441,-0.389431007572959,41.0739618789078,0.1866481009841,"f"
4442,-0.38895185867937,41.0871731533724,0.186618766894157,"f"
4443,-0.388474316600349,41.1004006423238,0.186589367581126,"f"
4444,-0.387998466318434,41.1136450726223,0.186559904141134,"f"
4445,-0.38752436340376,41.126906987329,0.186530377236363,"f"
4446,-0.387051946918318,41.1401862014404,0.186500785810061,"f"
4447,-0.386581127079682,41.1534823497027,0.186471128379913,"f"
4448,-0.386111814105421,41.1667950668621,0.186441403463603,"f"
4449,-0.385643918213107,41.1801239876651,0.186411609578816,"f"
4450,-0.385177349620309,41.1934687468577,0.186381745243235,"f"
4451,-0.3847120185446,41.2068289791864,0.186351808974546,"f"
4452,-0.384247835203548,41.2202043193974,0.186321799290433,"f"
4453,-0.383784709814727,41.233594402237,0.186291714708581,"f"
4454,-0.383322552595705,41.2469988624514,0.186261553746673,"f"
4455,-0.382861273764055,41.260417334787,0.186231314922394,"f"
4456,-0.382400783537346,41.27384945399,0.186200996753428,"f"
4457,-0.38194099213315,41.2872948548067,0.186170597757461,"f"
4458,-0.381481809769037,41.3007531719834,0.186140116452176,"f"
4459,-0.381023146662578,41.3142240402663,0.186109551355258,"f"
4460,-0.380564913031343,41.3277070944018,0.186078900984391,"f"
4461,-0.380107019092905,41.3412019691361,0.18604816385726,"f"
4462,-0.379649375064833,41.3547082992154,0.186017338491549,"f"
4463,-0.379191891164698,41.3682257193862,0.185986423404942,"f"
4464,-0.378734477610071,41.3817538643946,0.185955417115125,"f"
4465,-0.378277044618523,41.395292368987,0.18592431813978,"f"
4466,-0.377819502407624,41.4088408679095,0.185893124996594,"f"
4467,-0.377361761194945,41.4223989959086,0.18586183620325,"f"
4468,-0.376903731198058,41.4359663877304,0.185830450277433,"f"
4469,-0.376445322634532,41.4495426781212,0.185798965736826,"f"
4470,-0.37598644572194,41.4631275018274,0.185767381099115,"f"
4471,-0.37552701067785,41.4767204935952,0.185735694881985,"f"
4472,-0.375066927719835,41.4903212881709,0.185703905603118,"f"
4473,-0.374606107065464,41.5039295203008,0.1856720117802,"f"
4474,-0.374144458932309,41.5175448247311,0.185640011930916,"f"
4475,-0.373681903670703,41.531166834375,0.185607904797358,"f"
4476,-0.373218470944517,41.5447951623695,0.185575691542579,"f"
4477,-0.372754257114186,41.5584294097855,0.185543374806751,"f"
4478,-0.372289359491756,41.5720691775216,0.185510957251124,"f"
4479,-0.371823875389272,41.5857140664765,0.185478441536947,"f"
4480,-0.371357902118782,41.5993636775489,0.185445830325469,"f"
4481,-0.37089153699233,41.6130176116375,0.185413126277938,"f"
4482,-0.370424877321962,41.6266754696409,0.185380332055604,"f"
4483,-0.369958020419726,41.6403368524578,0.185347450319716,"f"
4484,-0.369491063597666,41.6540013609869,0.185314483731523,"f"
4485,-0.369024104167828,41.6676685961269,0.185281434952274,"f"
4486,-0.368557239442259,41.6813381587764,0.185248306643218,"f"
4487,-0.368090566733005,41.6950096498342,0.185215101465604,"f"
4488,-0.367624183352111,41.7086826701988,0.185181822080681,"f"
4489,-0.367158186611623,41.7223568207691,0.185148471149697,"f"
4490,-0.366692673823587,41.7360317024435,0.185115051333903,"f"
4491,-0.36622774230005,41.7497069161209,0.185081565294547,"f"
4492,-0.365763489353057,41.7633820627,0.185048015692877,"f"
4493,-0.365300012294654,41.7770567430793,0.185014405190144,"f"
4494,-0.364837408436887,41.7907305581575,0.184980736447596,"f"
4495,-0.364375775091802,41.8044031088334,0.184947012126482,"f"
4496,-0.363915209571445,41.8180739960056,0.184913234888051,"f"
4497,-0.363455809187862,41.8317428205728,0.184879407393552,"f"
4498,-0.362997671253099,41.8454091834337,0.184845532304234,"f"
4499,-0.362540893079202,41.8590726854869,0.184811612281346,"f"
4500,-0.362085571978217,41.8727329276311,0.184777649986138,"f"
4501,-0.361631805262189,41.886389510765,0.184743648079857,"f"
4502,-0.361179690243165,41.9000420357873,0.184709609223754,"f"
4503,-0.360729324233191,41.9136901035967,0.184675536079078,"f"
4504,-0.360280804544312,41.9273333150917,0.184641431307076,"f"
4505,-0.359834227210767,41.9409712802533,0.184607297528823,"f"
4506,-0.359389629177626,41.9546040290397,0.184573135507576,"f"
4507,-0.358946964691725,41.9682321791895,0.184538943406483,"f"
4508,-0.358506181832382,41.9818563922766,0.18450471919478,"f"
4509,-0.358067228678915,41.9954773298751,0.184470460841706,"f"
4510,-0.357630053310644,42.0090956535592,0.184436166316495,"f"
4511,-0.357194603806887,42.022712024903,0.184401833588386,"f"
4512,-0.356760828246961,42.0363271054805,0.184367460626613,"f"
4513,-0.356328674710187,42.0499415568658,0.184333045400415,"f"
4514,-0.355898091275883,42.0635560406331,0.184298585879028,"f"
4515,-0.355469026023366,42.0771712183564,0.184264080031688,"f"
4516,-0.355041427031956,42.0907877516099,0.184229525827632,"f"
4517,-0.35461524238097,42.1044063019675,0.184194921236096,"f"
4518,-0.354190420149729,42.1180275310035,0.184160264226318,"f"
4519,-0.353766908417549,42.1316521002919,0.184125552767533,"f"
4520,-0.35334465526375,42.1452806714068,0.184090784828979,"f"
4521,-0.35292360876765,42.1589139059223,0.184055958379892,"f"
4522,-0.352503717008569,42.1725524654126,0.184021071389509,"f"
4523,-0.352084928065823,42.1861970114516,0.183986121827067,"f"
4524,-0.351667190018732,42.1998482056135,0.183951107661801,"f"
4525,-0.351250450946615,42.2135067094725,0.183916026862949,"f"
4526,-0.350834658928789,42.2271731846025,0.183880877399747,"f"
4527,-0.350419762044574,42.2408482925777,0.183845657241432,"f"
4528,-0.350005708373288,42.2545326949722,0.18381036435724,"f"
4529,-0.349592445994249,42.26822705336,0.183774996716409,"f"
4530,-0.349179922986777,42.2819320293154,0.183739552288174,"f"
4531,-0.348768087430189,42.2956482844123,0.183704029041773,"f"
4532,-0.348356887403804,42.3093764802249,0.183668424946442,"f"
4533,-0.347946270986941,42.3231172783272,0.183632737971417,"f"
4534,-0.347536186258919,42.3368713402934,0.183596966085936,"f"
4535,-0.347126581299055,42.3506393276976,0.183561107259234,"f"
4536,-0.346717409612505,42.364421847575,0.183525159695548,"f"
4537,-0.34630868256978,42.3782189253174,0.183489124105324,"f"
4538,-0.345900446540193,42.3920302345197,0.183453002714844,"f"
4539,-0.345492748379952,42.4058554438828,0.183416797771478,"f"
4540,-0.345085634945263,42.4196942221077,0.183380511522596,"f"
4541,-0.344679153092334,42.4335462378952,0.183344146215568,"f"
4542,-0.34427334967737,42.4474111599464,0.183307704097765,"f"
4543,-0.34386827155658,42.461288656962,0.183271187416556,"f"
4544,-0.34346396558617,42.4751783976431,0.183234598419312,"f"
4545,-0.343060478622347,42.4890800506906,0.183197939353402,"f"
4546,-0.342657857521318,42.5029932848053,0.183161212466198,"f"
4547,-0.34225614913929,42.5169177686881,0.183124420005069,"f"
4548,-0.341855400332469,42.5308531710401,0.183087564217384,"f"
4549,-0.341455657957064,42.5447991605621,0.183050647350515,"f"
4550,-0.34105696886928,42.5587554059551,0.183013671651831,"f"
4551,-0.340659379925326,42.5727215759199,0.182976639368703,"f"
4552,-0.340262937981406,42.5866973391575,0.1829395527485,"f"
4553,-0.33986768989373,42.6006823643687,0.182902414038592,"f"
4554,-0.339473682518503,42.6146763202546,0.182865225486351,"f"
4555,-0.339080962711932,42.628678875516,0.182827989339145,"f"
4556,-0.338689577330225,42.6426896988539,0.182790707844346,"f"
4557,-0.338299573229588,42.6567084589691,0.182753383249322,"f"
4558,-0.337910997266228,42.6707348245626,0.182716017801445,"f"
4559,-0.337523896296353,42.6847684643353,0.182678613748084,"f"
4560,-0.337138317176169,42.6988090469882,0.182641173336609,"f"
4561,-0.336754306761883,42.712856241222,0.182603698814391,"f"
4562,-0.336371911909702,42.7269097157379,0.182566192428799,"f"
4563,-0.335991179475833,42.7409691392366,0.182528656427205,"f"
4564,-0.335612156316483,42.7550341804191,0.182491093056977,"f"
4565,-0.335234889287859,42.7691045079863,0.182453504565486,"f"
4566,-0.334859423951616,42.7831797891862,0.182415893180666,"f"
4567,-0.334485747230996,42.7972596254537,0.182378260250072,"f"
4568,-0.334113764684252,42.8113435269031,0.18234060589967,"f"
4569,-0.333743375876336,42.8254309969222,0.182302930165443,"f"
4570,-0.333374480372204,42.8395215388989,0.182265233083376,"f"
4571,-0.333006977736811,42.8536146562209,0.182227514689453,"f"
4572,-0.33264076753511,42.8677098522761,0.182189775019658,"f"
4573,-0.332275749332057,42.8818066304523,0.182152014109976,"f"
4574,-0.331911822692606,42.8959044941373,0.182114231996389,"f"
4575,-0.331548887181711,42.9100029467189,0.182076428714882,"f"
4576,-0.331186842364328,42.9241014915848,0.182038604301441,"f"
4577,-0.33082558780541,42.938199632123,0.182000758792047,"f"
4578,-0.330465023069912,42.9522968717212,0.181962892222686,"f"
4579,-0.33010504772279,42.9663927137673,0.181925004629342,"f"
4580,-0.329745561328996,42.9804866616489,0.181887096047999,"f"
4581,-0.329386463453486,42.994578218754,0.181849166514641,"f"
4582,-0.329027653661215,43.0086668884704,0.181811216065252,"f"
4583,-0.328669031517136,43.0227521741858,0.181773244735816,"f"
4584,-0.328310496586205,43.0368335792881,0.181735252562317,"f"
4585,-0.327951948433376,43.050910607165,0.18169723958074,"f"
4586,-0.327593286623604,43.0649827612044,0.181659205827068,"f"
4587,-0.327234410721843,43.0790495447941,0.181621151337286,"f"
4588,-0.326875220293047,43.0931104613219,0.181583076147378,"f"
4589,-0.326515614902172,43.1071650141756,0.181544980293327,"f"
4590,-0.326155494114171,43.1212127067431,0.181506863811118,"f"
4591,-0.325794757494,43.135253042412,0.181468726736736,"f"
4592,-0.325433304606613,43.1492855245702,0.181430569106163,"f"
4593,-0.325071035016964,43.1633096566056,0.181392390955385,"f"
4594,-0.324707848290008,43.1773249419059,0.181354192320385,"f"
4595,-0.3243436439907,43.191330883859,0.181315973237148,"f"
4596,-0.323978321693202,43.2053269858977,0.181277733741606,"f"
4597,-0.323611833548241,43.2193130091908,0.181239473578536,"f"
4598,-0.323244307878207,43.2332895785184,0.181201191517114,"f"
4599,-0.322875909862797,43.247257499339,0.181162886122411,"f"
4600,-0.322506804681706,43.2612175771109,0.181124555959495,"f"
4601,-0.322137157514632,43.2751706172927,0.181086199593437,"f"
4602,-0.321767133541272,43.2891174253428,0.181047815589305,"f"
4603,-0.321396897941321,43.3030588067196,0.18100940251217,"f"
4604,-0.321026615894477,43.3169955668816,0.1809709589271,"f"
4605,-0.320656452580436,43.3309285112872,0.180932483399166,"f"
4606,-0.320286573178894,43.3448584453949,0.180893974493437,"f"
4607,-0.319917142869549,43.3587861746632,0.180855430774983,"f"
4608,-0.319548326832098,43.3727125045505,0.180816850808873,"f"
4609,-0.319180290246235,43.3866382405151,0.180778233160177,"f"
4610,-0.318813198291659,43.4005641880157,0.180739576393964,"f"
4611,-0.318447216148066,43.4144911525106,0.180700879075304,"f"
4612,-0.318082508995152,43.4284199394583,0.180662139769267,"f"
4613,-0.317719242012615,43.4423513543172,0.180623357040921,"f"
4614,-0.31735758038015,43.4562862025458,0.180584529455338,"f"
4615,-0.316997689277455,43.4702252896025,0.180545655577585,"f"
4616,-0.316639733884226,43.4841694209458,0.180506733972733,"f"
4617,-0.316283879380159,43.4981194020341,0.180467763205851,"f"
4618,-0.315930290944952,43.5120760383259,0.180428741842009,"f"
4619,-0.3155791337583,43.5260401352796,0.180389668446276,"f"
4620,-0.315230572999901,43.5400124983536,0.180350541583723,"f"
4621,-0.314884773849452,43.5539939330065,0.180311359819418,"f"
4622,-0.314541901486648,43.5679852446967,0.180272121718431,"f"
4623,-0.314202121091186,43.5819872388826,0.180232825845831,"f"
4624,-0.313865597842764,43.5960007210226,0.180193470766689,"f"
4625,-0.313532496921077,43.6100264965753,0.180154055046074,"f"
4626,-0.313202983505823,43.624065370999,0.180114577249055,"f"
4627,-0.312877219519409,43.6381181386144,0.18007503597028,"f"
4628,-0.312555222332572,43.6521850994642,0.180035431117032,"f"
4629,-0.312236810455758,43.6662658736117,0.179995764402388,"f"
4630,-0.311921787932802,43.6803600316534,0.179956037670792,"f"
4631,-0.31160995880754,43.6944671441855,0.17991625276669,"f"
4632,-0.311301127123808,43.7085867818045,0.179876411534526,"f"
4633,-0.310995096925443,43.7227185151066,0.179836515818745,"f"
4634,-0.310691672256279,43.7368619146883,0.179796567463791,"f"
4635,-0.310390657160153,43.7510165511459,0.17975656831411,"f"
4636,-0.310091855680902,43.7651819950757,0.179716520214146,"f"
4637,-0.30979507186236,43.7793578170742,0.179676425008344,"f"
4638,-0.309500109748364,43.7935435877377,0.179636284541149,"f"
4639,-0.30920677338275,43.8077388776626,0.179596100657006,"f"
4640,-0.308914866809354,43.8219432574452,0.179555875200358,"f"
4641,-0.308624194072012,43.8361562976818,0.179515610015652,"f"
4642,-0.308334559214559,43.8503775689689,0.179475306947331,"f"
4643,-0.308045766280832,43.8646066419028,0.179434967839841,"f"
4644,-0.307757619314667,43.8788430870799,0.179394594537627,"f"
4645,-0.3074699223599,43.8930864750965,0.179354188885132,"f"
4646,-0.307182479460366,43.907336376549,0.179313752726802,"f"
4647,-0.306895094659901,43.9215923620337,0.179273287907082,"f"
4648,-0.306607572002343,43.935854002147,0.179232796270416,"f"
4649,-0.306319715531525,43.9501208674854,0.179192279661249,"f"
4650,-0.306031329291286,43.964392528645,0.179151739924026,"f"
4651,-0.305742217325459,43.9786685562224,0.179111178903191,"f"
4652,-0.305452183677882,43.9929485208138,0.17907059844319,"f"
4653,-0.305161032392391,44.0072319930157,0.179030000388467,"f"
4654,-0.304868567512821,44.0215185434243,0.178989386583467,"f"
4655,-0.304574593083008,44.0358077426361,0.178948758872634,"f"
4656,-0.304278913146788,44.0500991612474,0.178908119100414,"f"
4657,-0.30398133176479,44.0643923698522,0.178867469111232,"f"
4658,-0.303681735431674,44.0786869273824,0.178826810654476,"f"
4659,-0.303380284207555,44.0929823540685,0.178786145164144,"f"
4660,-0.303077194826993,44.107278162123,0.178745474008894,"f"
4661,-0.302772684024549,44.1215738637586,0.178704798557386,"f"
4662,-0.302466968534785,44.1358689711878,0.178664120178278,"f"
4663,-0.302160265092261,44.1501629966233,0.178623440240228,"f"
4664,-0.301852790431539,44.1644554522776,0.178582760111896,"f"
4665,-0.30154476128718,44.1787458503634,0.17854208116194,"f"
4666,-0.301236394393744,44.1930337030932,0.178501404759019,"f"
4667,-0.300927906485792,44.2073185226797,0.178460732271792,"f"
4668,-0.300619514297886,44.2215998213354,0.178420065068916,"f"
4669,-0.300311434564586,44.2358771112729,0.178379404519052,"f"
4670,-0.300003884020454,44.2501499047049,0.178338751990857,"f"
4671,-0.29969707940005,44.264417713844,0.178298108852991,"f"
4672,-0.299391237437935,44.2786800509027,0.178257476474111,"f"
4673,-0.299086574868671,44.2929364280936,0.178216856222877,"f"
4674,-0.298783308426818,44.3071863576294,0.178176249467947,"f"
4675,-0.298481654846938,44.3214293517227,0.178135657577981,"f"
4676,-0.298181830863591,44.335664922586,0.178095081921636,"f"
4677,-0.297884053211339,44.3498925824319,0.178054523867572,"f"
4678,-0.297588538624742,44.3641118434731,0.178013984784446,"f"
4679,-0.297295503838361,44.3783222179222,0.177973466040919,"f"
4680,-0.297005165586758,44.3925232179917,0.177932969005648,"f"
4681,-0.296717740604493,44.4067143558942,0.177892495047292,"f"
4682,-0.296433445626128,44.4208951438424,0.17785204553451,"f"
4683,-0.296152497386223,44.4350650940488,0.17781162183596,"f"
4684,-0.295875112619339,44.4492237187261,0.177771225320302,"f"
4685,-0.295601508060038,44.4633705300868,0.177730857356194,"f"
4686,-0.29533190044288,44.4775050403436,0.177690519312294,"f"
4687,-0.295066506502426,44.4916267617091,0.177650212557262,"f"
4688,-0.294805512503625,44.5057352985322,0.177609938225755,"f"
4689,-0.294548836617804,44.5198310658446,0.177569695393526,"f"
4690,-0.294296257739714,44.5339148998334,0.17752948206671,"f"
4691,-0.294047553575632,44.5479876402795,0.177489296242317,"f"
4692,-0.293802501831834,44.5620501269639,0.177449135917354,"f"
4693,-0.293560880214596,44.5761031996674,0.17740899908883,"f"
4694,-0.293322466430194,44.5901476981711,0.177368883753753,"f"
4695,-0.293087038184906,44.6041844622557,0.177328787909133,"f"
4696,-0.292854373185006,44.6182143317023,0.177288709551977,"f"
4697,-0.292624249136772,44.6322381462918,0.177248646679295,"f"
4698,-0.29239644374648,44.6462567458049,0.177208597288094,"f"
4699,-0.292170734720406,44.6602709700228,0.177168559375384,"f"
4700,-0.291946899764827,44.6742816587263,0.177128530938173,"f"
4701,-0.291724716586019,44.6882896516964,0.177088509973468,"f"
4702,-0.291503962890258,44.7022957887138,0.17704849447828,"f"
4703,-0.291284416383821,44.7163009095596,0.177008482449617,"f"
4704,-0.291065854772984,44.7303058540148,0.176968471884486,"f"
4705,-0.290848055764023,44.7443114618601,0.176928460779896,"f"
4706,-0.290630797063215,44.7583185728765,0.176888447132857,"f"
4707,-0.290413856376836,44.772328026845,0.176848428940376,"f"
4708,-0.290197011411163,44.7863406635465,0.176808404199463,"f"
4709,-0.289980039872471,44.8003573227618,0.176768370907125,"f"
4710,-0.289762719467037,44.8143788442719,0.176728327060371,"f"
4711,-0.289544827901138,44.8284060678578,0.17668827065621,"f"
4712,-0.289326142881049,44.8424398333003,0.17664819969165,"f"
4713,-0.289106442113048,44.8564809803803,0.1766081121637,"f"
4714,-0.28888550330341,44.8705303488789,0.176568006069368,"f"
4715,-0.288663104158412,44.8845887785768,0.176527879405663,"f"
4716,-0.28843902238433,44.898657109255,0.176487730169594,"f"
4717,-0.288213035687441,44.9127361806945,0.176447556358168,"f"
4718,-0.287984921794939,44.9268268326149,0.176407355968512,"f"
4719,-0.287754547436199,44.9409296438792,0.176367127494559,"f"
4720,-0.287522071870652,44.9550443359741,0.176326871063145,"f"
4721,-0.287287714368891,44.9691704544995,0.176286587136087,"f"
4722,-0.287051694201512,44.9833075450555,0.1762462761752,"f"
4723,-0.286814230639106,44.997455153242,0.176205938642301,"f"
4724,-0.286575542952269,45.0116128246588,0.176165574999208,"f"
4725,-0.286335850411595,45.025780104906,0.176125185707736,"f"
4726,-0.286095372287676,45.0399565395835,0.176084771229701,"f"
4727,-0.285854327851107,45.0541416742912,0.176044332026922,"f"
4728,-0.285612936372482,45.068335054629,0.176003868561214,"f"
4729,-0.285371417122395,45.082536226197,0.175963381294393,"f"
4730,-0.285129989371439,45.0967447345951,0.175922870688276,"f"
4731,-0.284888872390209,45.1109601254232,0.175882337204681,"f"
4732,-0.284648285449297,45.1251819442812,0.175841781305423,"f"
4733,-0.284408447819299,45.1394097367692,0.175801203452318,"f"
4734,-0.284169578770807,45.1536430484869,0.175760604107185,"f"
4735,-0.283931897574417,45.1678814250345,0.175719983731838,"f"
4736,-0.28369562350072,45.1821244120118,0.175679342788095,"f"
4737,-0.283460975820313,45.1963715550188,0.175638681737772,"f"
4738,-0.283228173803787,45.2106223996553,0.175598001042686,"f"
4739,-0.282997436721738,45.2248764915215,0.175557301164653,"f"
4740,-0.282768983844758,45.2391333762171,0.17551658256549,"f"
4741,-0.282543034443442,45.2533925993423,0.175475845707014,"f"
4742,-0.282319807788385,45.2676537064968,0.17543509105104,"f"
4743,-0.282099523150178,45.2819162432806,0.175394319059386,"f"
4744,-0.281882399799417,45.2961797552937,0.175353530193868,"f"
4745,-0.281668657006695,45.3104437881361,0.175312724916303,"f"
4746,-0.281458514042606,45.3247078874077,0.175271903688507,"f"
4747,-0.281252190177744,45.3389715987083,0.175231066972297,"f"
4748,-0.281049904682703,45.353234467638,0.175190215229489,"f"
4749,-0.280851847099458,45.3674960382401,0.175149349122977,"f"
4750,-0.280657948220892,45.3817558410089,0.175108471065773,"f"
4751,-0.280468005611635,45.3960133994628,0.175067584372012,"f"
4752,-0.280281815735257,45.4102682370623,0.175026692363277,"f"
4753,-0.280099175055326,45.4245198772681,0.174985798361151,"f"
4754,-0.279919880035411,45.4387678435407,0.174944905687217,"f"
4755,-0.279743727139081,45.4530116593407,0.174904017663057,"f"
4756,-0.279570512829905,45.4672508481288,0.174863137610256,"f"
4757,-0.279400033571453,45.4814849333655,0.174822268850395,"f"
4758,-0.279232085827294,45.4957134385114,0.174781414705057,"f"
4759,-0.279066466060997,45.5099358870272,0.174740578495826,"f"
4760,-0.27890297073613,45.5241518023734,0.174699763544284,"f"
4761,-0.278741396316263,45.5383607080106,0.174658973172014,"f"
4762,-0.278581539264965,45.5525621273995,0.1746182107006,"f"
4763,-0.278423196045805,45.5667555840006,0.174577479451624,"f"
4764,-0.278266163122352,45.5809406012745,0.174536782746668,"f"
4765,-0.278110236958175,45.5951167026818,0.174496123907317,"f"
4766,-0.277955214016843,45.6092834116832,0.174455506255152,"f"
4767,-0.277800890761926,45.6234402517392,0.174414933111757,"f"
4768,-0.277647063656993,45.6375867463104,0.174374407798715,"f"
4769,-0.277493529165611,45.6517224188574,0.174333933637608,"f"
4770,-0.277340083751352,45.6658467928408,0.174293513950019,"f"
4771,-0.277186523877783,45.6799593917213,0.174253152057532,"f"
4772,-0.277032646008474,45.6940597389593,0.17421285128173,"f"
4773,-0.276878246606994,45.7081473580156,0.174172614944194,"f"
4774,-0.276723122136912,45.7222217723507,0.174132446366508,"f"
4775,-0.276567069061797,45.7362825054253,0.174092348870256,"f"
4776,-0.276409883845218,45.7503290806998,0.174052325777019,"f"
4777,-0.276251362950744,45.7643610216349,0.174012380408381,"f"
4778,-0.276091302841945,45.7783778516913,0.173972516085925,"f"
4779,-0.275929505148208,45.792379111388,0.173932736028417,"f"
4780,-0.275765936956165,45.8063648876162,0.173893040161472,"f"
4781,-0.275600761810439,45.8203359160097,0.173853424500538,"f"
4782,-0.275434154678996,45.8342929699244,0.173813884833701,"f"
4783,-0.275266290529805,45.8482368227162,0.173774416949046,"f"
4784,-0.275097344330835,45.8621682477409,0.173735016634659,"f"
4785,-0.274927491050053,45.8760880183544,0.173695679678623,"f"
4786,-0.274756905655427,45.8899969079125,0.173656401869025,"f"
4787,-0.274585763114926,45.9038956897712,0.17361717899395,"f"
4788,-0.274414238396517,45.9177851372862,0.173578006841484,"f"
4789,-0.274242506468169,45.9316660238136,0.17353888119971,"f"
4790,-0.27407074229785,45.9455391227091,0.173499797856715,"f"
4791,-0.273899120853528,45.9594052073286,0.173460752600584,"f"
4792,-0.27372781710317,45.973265051028,0.173421741219402,"f"
4793,-0.273557006014746,45.9871194271632,0.173382759501254,"f"
4794,-0.273386862556223,46.00096910909,0.173343803234225,"f"
4795,-0.273217561695569,46.0148148701644,0.173304868206402,"f"
4796,-0.273049278400753,46.0286574837421,0.173265950205868,"f"
4797,-0.272882187639742,46.0424977231791,0.17322704502071,"f"
4798,-0.272716464380505,46.0563363618312,0.173188148439012,"f"
4799,-0.272552283591009,46.0701741730543,0.17314925624886,"f"
4800,-0.272389820239224,46.0840119302043,0.173110364238338,"f"
4801,-0.272229249293116,46.097850406637,0.173071468195533,"f"
4802,-0.272070745720654,46.1116903757083,0.17303256390853,"f"
4803,-0.271914484489807,46.1255326107742,0.172993647165413,"f"
4804,-0.271760640568541,46.1393778851904,0.172954713754268,"f"
4805,-0.271609388924826,46.1532269723128,0.17291575946318,"f"
4806,-0.271460904526629,46.1670806454973,0.172876780080234,"f"
4807,-0.271315362341919,46.1809396780998,0.172837771393516,"f"
4808,-0.271172937338664,46.1948048434762,0.172798729191111,"f"
4809,-0.271033804484831,46.2086769149823,0.172759649261104,"f"
4810,-0.270898119031299,46.2225565628824,0.17272052792812,"f"
4811,-0.270765866465359,46.2364435698257,0.172681366136376,"f"
4812,-0.270636945641352,46.2503372654977,0.172642167187538,"f"
4813,-0.270511254720522,46.2642369759601,0.172602934402131,"f"
4814,-0.270388691864109,46.2781420272744,0.172563671100681,"f"
4815,-0.270269155233357,46.2920517455024,0.172524380603714,"f"
4816,-0.270152542989505,46.3059654567055,0.172485066231756,"f"
4817,-0.270038753293797,46.3198824869455,0.172445731305334,"f"
4818,-0.269927684307475,46.333802162284,0.172406379144972,"f"
4819,-0.269819234191779,46.3477238087827,0.172367013071197,"f"
4820,-0.269713301107953,46.361646752503,0.172327636404535,"f"
4821,-0.269609783217237,46.3755703195068,0.172288252465512,"f"
4822,-0.269508578680874,46.3894938358556,0.172248864574653,"f"
4823,-0.269409585660105,46.403416627611,0.172209476052484,"f"
4824,-0.269312702316173,46.4173380208346,0.172170090219532,"f"
4825,-0.269217826810318,46.4312573415882,0.172130710396323,"f"
4826,-0.269124857303784,46.4451739159333,0.172091339903381,"f"
4827,-0.269033691957811,46.4590870699316,0.172051982061234,"f"
4828,-0.268944228933642,46.4729961296447,0.172012640190407,"f"
4829,-0.268856366392519,46.4869004211342,0.171973317611425,"f"
4830,-0.268770002495683,46.5007992704617,0.171934017644816,"f"
4831,-0.268685035404376,46.5146920036889,0.171894743611104,"f"
4832,-0.26860136327984,46.5285779468774,0.171855498830817,"f"
4833,-0.268518884283317,46.5424564260889,0.171816286624478,"f"
4834,-0.268437496576048,46.5563267673849,0.171777110312616,"f"
4835,-0.268357098319276,46.5701882968272,0.171737973215754,"f"
4836,-0.268277587674242,46.5840403404773,0.171698878654421,"f"
4837,-0.268198862802189,46.5978822243968,0.17165982994914,"f"
4838,-0.268120821864357,46.6117132746474,0.171620830420439,"f"
4839,-0.26804336302199,46.6255328172908,0.171581883388843,"f"
4840,-0.267966386273491,46.6393401866322,0.171542992105672,"f"
4841,-0.267889849437019,46.6531349764245,0.171504157644206,"f"
4842,-0.267813778402176,46.6669170858695,0.171465378513499,"f"
4843,-0.267738202963205,46.6806864316896,0.171426653075525,"f"
4844,-0.267663152914349,46.6944429306073,0.171387979692254,"f"
4845,-0.267588658049852,46.7081864993452,0.171349356725657,"f"
4846,-0.267514748163958,46.7219170546258,0.171310782537707,"f"
4847,-0.267441453050908,46.7356345131715,0.171272255490373,"f"
4848,-0.267368802504947,46.749338791705,0.171233773945628,"f"
4849,-0.267296826320318,46.7630298069486,0.171195336265443,"f"
4850,-0.267225554291263,46.7767074756249,0.17115694081179,"f"
4851,-0.267155016212027,46.7903717144565,0.171118585946638,"f"
4852,-0.267085241876853,46.8040224401658,0.17108027003196,"f"
4853,-0.267016261079983,46.8176595694753,0.171041991429728,"f"
4854,-0.266948103615662,46.8312830191075,0.171003748501912,"f"
4855,-0.266880799278132,46.8448927057851,0.170965539610483,"f"
4856,-0.266814377861636,46.8584885462304,0.170927363117414,"f"
4857,-0.266748869160419,46.8720704571659,0.170889217384675,"f"
4858,-0.266684302968722,46.8856383553143,0.170851100774237,"f"
4859,-0.26662070908079,46.8991921573979,0.170813011648073,"f"
4860,-0.266558117290866,46.9127317801394,0.170774948368153,"f"
4861,-0.266496557393193,46.9262571402611,0.170736909296448,"f"
4862,-0.266436059182014,46.9397681544857,0.170698892794931,"f"
4863,-0.266376652451572,46.9532647395357,0.170660897225571,"f"
4864,-0.266318366996111,46.9667468121334,0.170622920950341,"f"
4865,-0.266261232609874,46.9802142890016,0.170584962331212,"f"
4866,-0.266205279087105,46.9936670868626,0.170547019730156,"f"
4867,-0.266150536222046,47.0071051224389,0.170509091509142,"f"
4868,-0.26609703380894,47.0205283124532,0.170471176030144,"f"
4869,-0.266044801642032,47.0339365736278,0.170433271655131,"f"
4870,-0.265993869501801,47.0473298228514,0.170395376746493,"f"
4871,-0.265944256458882,47.0607081061783,0.170357489991003,"f"
4872,-0.265895951715154,47.0740718298947,0.170319610980116,"f"
4873,-0.265848939306237,47.0874214625943,0.170281739461763,"f"
4874,-0.265803203267751,47.100757472871,0.17024387518388,"f"
4875,-0.265758727635316,47.1140803293185,0.170206017894397,"f"
4876,-0.265715496444552,47.1273905005305,0.170168167341249,"f"
4877,-0.265673493731078,47.1406884551009,0.170130323272369,"f"
4878,-0.265632703530515,47.1539746616233,0.170092485435688,"f"
4879,-0.265593109878483,47.1672495886916,0.170054653579141,"f"
4880,-0.265554696810602,47.1805137048996,0.170016827450659,"f"
4881,-0.265517448362491,47.1937674788409,0.169979006798177,"f"
4882,-0.26548134856977,47.2070113791093,0.169941191369627,"f"
4883,-0.26544638146806,47.2202458742986,0.169903380912942,"f"
4884,-0.26541253109298,47.2334714330026,0.169865575176055,"f"
4885,-0.265379781480151,47.2466885238151,0.169827773906898,"f"
4886,-0.265348116665191,47.2598976153297,0.169789976853405,"f"
4887,-0.265317520683722,47.2730991761403,0.169752183763509,"f"
4888,-0.265287977571362,47.2862936748407,0.169714394385143,"f"
4889,-0.265259471363733,47.2994815800245,0.16967660846624,"f"
4890,-0.265231986096453,47.3126633602856,0.169638825754732,"f"
4891,-0.265205505805143,47.3258394842176,0.169601045998552,"f"
4892,-0.265180014525423,47.3390104204145,0.169563268945634,"f"
4893,-0.265155496292913,47.3521766374699,0.169525494343911,"f"
4894,-0.265131935143232,47.3653386039777,0.169487721941315,"f"
4895,-0.265109315112,47.3784967885314,0.169449951485779,"f"
4896,-0.265087620234838,47.3916516597251,0.169412182725237,"f"
4897,-0.265066834547366,47.4048036861523,0.16937441540762,"f"
4898,-0.265046942085202,47.4179533364069,0.169336649280863,"f"
4899,-0.265027926883968,47.4311010790826,0.169298884092898,"f"
4900,-0.265009772979284,47.4442473827732,0.169261119591659,"f"
4901,-0.264992465061284,47.4573927082109,0.169223355512418,"f"
4902,-0.264976008063776,47.4705372729761,0.169185591198919,"f"
4903,-0.264960430551676,47.4836810108101,0.169147825537857,"f"
4904,-0.264945762426993,47.4968238393938,0.169110057390067,"f"
4905,-0.264932033591735,47.5099656764084,0.169072285616383,"f"
4906,-0.264919273947911,47.5231064395348,0.169034509077641,"f"
4907,-0.26490751339753,47.5362460464543,0.168996726634674,"f"
4908,-0.264896781842599,47.5493844148479,0.168958937148317,"f"
4909,-0.264887109185128,47.5625214623965,0.168921139479405,"f"
4910,-0.264878525327124,47.5756571067814,0.168883332488773,"f"
4911,-0.264871060170597,47.5887912656835,0.168845515037256,"f"
4912,-0.264864743617555,47.601923856784,0.168807685985687,"f"
4913,-0.264859605570006,47.6150547977638,0.168769844194902,"f"
4914,-0.264855675929959,47.6281840063042,0.168731988525735,"f"
4915,-0.264852984599423,47.641311400086,0.168694117839021,"f"
4916,-0.264851561480405,47.6544368967905,0.168656230995595,"f"
4917,-0.264851436474915,47.6675604140986,0.168618326856291,"f"
4918,-0.264852639484961,47.6806818696915,0.168580404281944,"f"
4919,-0.264855200412551,47.6938011812502,0.168542462133388,"f"
4920,-0.264859149159694,47.7069182664558,0.168504499271459,"f"
4921,-0.264864515628399,47.7200330429893,0.16846651455699,"f"
4922,-0.264871329720674,47.7331454285318,0.168428506850817,"f"
4923,-0.264879621338527,47.7462553407645,0.168390475013775,"f"
4924,-0.264889420383967,47.7593626973682,0.168352417906697,"f"
4925,-0.264900756759003,47.7724674160242,0.168314334390418,"f"
4926,-0.264913660365642,47.7855694144135,0.168276223325774,"f"
4927,-0.264928161105894,47.7986686102172,0.168238083573598,"f"
4928,-0.264944288881768,47.8117649211162,0.168199913994726,"f"
4929,-0.26496207359527,47.8248582647918,0.168161713449993,"f"
4930,-0.264981545148411,47.8379485589249,0.168123480800231,"f"
4931,-0.265002733401012,47.8510357209893,0.168085214907783,"f"
4932,-0.265025637627495,47.8641195181498,0.168046915726111,"f"
4933,-0.265050172602211,47.8771993023033,0.168008586223194,"f"
4934,-0.265076238629451,47.8902743542352,0.167970229883227,"f"
4935,-0.265103736013507,47.9033439547309,0.167931850190402,"f"
4936,-0.26513256505867,47.9164073845757,0.167893450628913,"f"
4937,-0.265162626069234,47.929463924555,0.167855034682954,"f"
4938,-0.265193819349488,47.9425128554541,0.167816605836718,"f"
4939,-0.265226045203725,47.9555534580583,0.167778167574399,"f"
4940,-0.265259203936238,47.9685850131529,0.16773972338019,"f"
4941,-0.265293195851317,47.9816068015234,0.167701276738284,"f"
4942,-0.265327921253255,47.9946181039551,0.167662831132876,"f"
4943,-0.265363280446343,48.0076182012333,0.167624390048159,"f"
4944,-0.265399173734873,48.0206063741433,0.167585956968326,"f"
4945,-0.265435501423138,48.0335819034706,0.167547535377571,"f"
4946,-0.265472163815428,48.0465440700004,0.167509128760087,"f"
4947,-0.265509061216035,48.059492154518,0.167470740600069,"f"
4948,-0.265546093929252,48.072425437809,0.167432374381708,"f"
4949,-0.265583162259371,48.0853432006584,0.1673940335892,"f"
4950,-0.265620166510682,48.0982447238518,0.167355721706738,"f"
4951,-0.265657006987478,48.1111292881745,0.167317442218514,"f"
4952,-0.265693583994051,48.1239961744118,0.167279198608723,"f"
4953,-0.265729797834692,48.136844663349,0.167240994361558,"f"
4954,-0.265765548813693,48.1496740357715,0.167202832961213,"f"
4955,-0.265800737235346,48.1624835724646,0.167164717891881,"f"
4956,-0.265835263403944,48.1752725542138,0.167126652637756,"f"
4957,-0.265869027623777,48.1880402618042,0.167088640683031,"f"
4958,-0.265901930199137,48.2007859760213,0.1670506855119,"f"
4959,-0.265933871434317,48.2135089776505,0.167012790608556,"f"
4960,-0.265964751633607,48.226208547477,0.166974959457193,"f"
4961,-0.265994471101301,48.2388839662861,0.166937195542005,"f"
4962,-0.266022952097492,48.2515346499429,0.166899501737823,"f"
4963,-0.266050274415214,48.264160983508,0.166861876547312,"f"
4964,-0.266076586643362,48.2767637752975,0.166824316563776,"f"
4965,-0.26610203765837,48.2893438353968,0.166786818372539,"f"
4966,-0.266126776336672,48.301901973891,0.166749378558924,"f"
4967,-0.266150951554702,48.3144390008653,0.166711993708256,"f"
4968,-0.266174712188893,48.3269557264049,0.166674660405857,"f"
4969,-0.26619820711568,48.339452960595,0.166637375237053,"f"
4970,-0.266221585211497,48.3519315135208,0.166600134787166,"f"
4971,-0.266244995352776,48.3643921952675,0.166562935641521,"f"
4972,-0.266268586415952,48.3768358159204,0.16652577438544,"f"
4973,-0.26629250727746,48.3892631855646,0.166488647604249,"f"
4974,-0.266316906813732,48.4016751142853,0.166451551883271,"f"
4975,-0.266341933901202,48.4140724121678,0.166414483807829,"f"
4976,-0.266367737416305,48.4264558892972,0.166377439963248,"f"
4977,-0.266394466235474,48.4388263557587,0.166340416934851,"f"
4978,-0.266422269235143,48.4511846216375,0.166303411307961,"f"
4979,-0.266451295291746,48.4635314970189,0.166266419667904,"f"
4980,-0.266481693281716,48.4758677919881,0.166229438600002,"f"
4981,-0.266513612081489,48.4881943166302,0.166192464689579,"f"
4982,-0.266547200567496,48.5005118810304,0.16615549452196,"f"
4983,-0.266582607616173,48.512821295274,0.166118524682467,"f"
4984,-0.266619982103953,48.5251233694462,0.166081551756425,"f"
4985,-0.26665947290727,48.5374189136321,0.166044572329158,"f"
4986,-0.266701228902557,48.5497087379169,0.166007582985989,"f"
4987,-0.26674539896625,48.561993652386,0.165970580312241,"f"
4988,-0.26679213197478,48.5742744671244,0.16593356089324,"f"
4989,-0.266841576804583,48.5865519922174,0.165896521314308,"f"
4990,-0.266893882332092,48.5988270377501,0.16585945816077,"f"
4991,-0.266949197433741,48.6111004138078,0.165822368017949,"f"
4992,-0.267007670909378,48.6233729301323,0.165785247472447,"f"
4993,-0.267069399722144,48.6356451639968,0.165748093975753,"f"
4994,-0.26713433896375,48.6479170564343,0.165710907346457,"f"
4995,-0.267202419673623,48.660188440612,0.165673687804461,"f"
4996,-0.267273572891191,48.6724591496971,0.165636435569665,"f"
4997,-0.267347729655882,48.684729016857,0.165599150861968,"f"
4998,-0.267424821007123,48.6969978752589,0.16556183390127,"f"
4999,-0.267504777984343,48.70926555807,0.165524484907472,"f"
5000,-0.267587531626969,48.7215318984577,0.165487104100473,"f"
5001,-0.267673012974429,48.7337967295892,0.165449691700175,"f"
5002,-0.26776115306615,48.7460598846318,0.165412247926475,"f"
5003,-0.267851882941562,48.7583211967527,0.165374772999276,"f"
5004,-0.26794513364009,48.7705804991193,0.165337267138477,"f"
5005,-0.268040836201164,48.7828376248987,0.165299730563977,"f"
5006,-0.268138921664211,48.7950924072583,0.165262163495677,"f"
5007,-0.268239321068658,48.8073446793653,0.165224566153478,"f"
5008,-0.268341965453934,48.819594274387,0.165186938757278,"f"
5009,-0.268446785859466,48.8318410254906,0.165149281526979,"f"
5010,-0.268553713324683,48.8440847658435,0.165111594682479,"f"
5011,-0.268662678889011,48.8563253286129,0.16507387844368,"f"
5012,-0.268773613591879,48.868562546966,0.165036133030482,"f"
5013,-0.268886448472714,48.8807962540702,0.164998358662783,"f"
5014,-0.269001114570945,48.8930262830927,0.164960555560485,"f"
5015,-0.269117542925999,48.9052524672008,0.164922723943488,"f"
5016,-0.269235664577304,48.9174746395617,0.164884864031691,"f"
5017,-0.269355410564287,48.9296926333428,0.164846976044995,"f"
5018,-0.269476711926377,48.9419062817112,0.164809060203299,"f"
5019,-0.269599499703001,48.9541154178342,0.164771116726504,"f"
5020,-0.269723704933588,48.9663198748792,0.16473314583451,"f"
5021,-0.269849258657564,48.9785194860134,0.164695147747217,"f"
5022,-0.269976091914357,48.990714084404,0.164657122684525,"f"
5023,-0.270104133804255,49.0029034529336,0.164619071147051,"f"
5024,-0.270233299657604,49.0150870174101,0.164580995628808,"f"
5025,-0.270363498846109,49.027264049125,0.164542899486405,"f"
5026,-0.270494640717638,49.0394338187519,0.1645047860799,"f"
5027,-0.270626634620064,49.0515955969644,0.164466658769354,"f"
5028,-0.270759389901258,49.063748654436,0.164428520914825,"f"
5029,-0.270892815909091,49.0758922618403,0.164390375876372,"f"
5030,-0.271026821991433,49.0880256898509,0.164352227014055,"f"
5031,-0.271161317496157,49.1001482091413,0.164314077687933,"f"
5032,-0.271296211771132,49.1122590903851,0.164275931258066,"f"
5033,-0.27143141416423,49.1243576042559,0.164237791084511,"f"
5034,-0.271566834023322,49.1364430214272,0.16419966052733,"f"
5035,-0.27170238069628,49.1485146125727,0.164161542946581,"f"
5036,-0.271837963530973,49.1605716483658,0.164123441702322,"f"
5037,-0.271973491875274,49.1726133994801,0.164085360154615,"f"
5038,-0.272108875077053,49.1846391365893,0.164047301663517,"f"
5039,-0.272244022484181,49.1966481303668,0.164009269589087,"f"
5040,-0.27237884344453,49.2086396514863,0.163971267291387,"f"
5041,-0.272513247305971,49.2206129706212,0.163933298130473,"f"
5042,-0.272647143416373,49.2325673584453,0.163895365466406,"f"
5043,-0.27278044112361,49.244502085632,0.163857472659245,"f"
5044,-0.272913049775551,49.2564164228549,0.163819623069049,"f"
5045,-0.273044878720068,49.2683096407875,0.163781820055877,"f"
5046,-0.273175837305032,49.2801810101036,0.163744066979789,"f"
5047,-0.273305834878314,49.2920298014765,0.163706367200844,"f"
5048,-0.273434780787785,49.3038552855799,0.163668724079101,"f"
5049,-0.273562584381316,49.3156567330874,0.163631140974619,"f"
5050,-0.273689155006777,49.3274334146724,0.163593621247458,"f"
5051,-0.273814402012041,49.3391846010087,0.163556168257677,"f"
5052,-0.273938234744979,49.3509095627697,0.163518785365334,"f"
5053,-0.274060568550821,49.3626076078248,0.163481475774065,"f"
5054,-0.274181458842198,49.3742789127444,0.163444239034217,"f"
5055,-0.274301102291718,49.3859245301967,0.163407071011748,"f"
5056,-0.27441970180787,49.3975455515246,0.163369967409968,"f"
5057,-0.274537460299144,49.4091430680714,0.16333292393219,"f"
5058,-0.27465458067403,49.4207181711802,0.163295936281722,"f"
5059,-0.274771265841017,49.432271952194,0.163259000161878,"f"
5060,-0.274887718708597,49.4438055024559,0.163222111275967,"f"
5061,-0.275004142185257,49.4553199133092,0.1631852653273,"f"
5062,-0.275120739179489,49.4668162760969,0.163148458019189,"f"
5063,-0.275237712599782,49.4782956821621,0.163111685054944,"f"
5064,-0.275355265354626,49.4897592228479,0.163074942137877,"f"
5065,-0.27547360035251,49.5012079894975,0.163038224971298,"f"
5066,-0.275592920501925,49.512643073454,0.163001529258518,"f"
5067,-0.27571342871136,49.5240655660605,0.162964850702848,"f"
5068,-0.275835327889305,49.53547655866,0.1629281850076,"f"
5069,-0.27595882094425,49.5468771425958,0.162891527876083,"f"
5070,-0.276084110784684,49.5582684092109,0.16285487501161,"f"
5071,-0.276211400319098,49.5696514498485,0.162818222117491,"f"
5072,-0.276340892455981,49.5810273558516,0.162781564897037,"f"
5073,-0.276472790103824,49.5923972185635,0.162744899053559,"f"
5074,-0.276607296171115,49.6037621293271,0.162708220290367,"f"
5075,-0.276744613566345,49.6151231794856,0.162671524310774,"f"
5076,-0.276884945198003,49.6264814603822,0.162634806818089,"f"
5077,-0.27702849397458,49.6378380633599,0.162598063515624,"f"
5078,-0.277175462804565,49.6491940797619,0.16256129010669,"f"
5079,-0.277326054596448,49.6605506009313,0.162524482294598,"f"
5080,-0.277480472258718,49.6719087182112,0.162487635782658,"f"
5081,-0.277638918699866,49.6832695229446,0.162450746274182,"f"
5082,-0.277801596828382,49.6946341064748,0.162413809472481,"f"
5083,-0.277968709552754,49.7060035601449,0.162376821080865,"f"
5084,-0.278140415907524,49.7173788039835,0.162339777552128,"f"
5085,-0.278316566580938,49.728759554021,0.162302680606428,"f"
5086,-0.278496880048445,49.740145010037,0.162265534222468,"f"
5087,-0.278681074279951,49.7515343698372,0.162228342387585,"f"
5088,-0.278868867245362,49.7629268312272,0.162191109089115,"f"
5089,-0.279059976914585,49.7743215920126,0.162153838314395,"f"
5090,-0.279254121257525,49.7857178499992,0.162116534050765,"f"
5091,-0.279451018244088,49.7971148029925,0.162079200285559,"f"
5092,-0.279650385844181,49.8085116487982,0.162041841006116,"f"
5093,-0.27985194202771,49.819907585222,0.162004460199773,"f"
5094,-0.28005540476458,49.8313018100694,0.161967061853867,"f"
5095,-0.280260492024698,49.8426935211462,0.161929649955736,"f"
5096,-0.280466921777969,49.8540819162579,0.161892228492717,"f"
5097,-0.2806744119943,49.8654661932102,0.161854801452146,"f"
5098,-0.280882680643597,49.8768455498088,0.161817372821362,"f"
5099,-0.281091445695766,49.8882191838593,0.161779946587701,"f"
5100,-0.281300425120713,49.8995862931674,0.161742526738501,"f"
5101,-0.281509336888344,49.9109460755386,0.161705117261098,"f"
5102,-0.281717898968564,49.9222977287787,0.161667722142831,"f"
5103,-0.281925829331281,49.9336404506932,0.161630345371037,"f"
5104,-0.2821328459464,49.9449734390879,0.161592990933052,"f"
5105,-0.282338666783827,49.9562958917683,0.161555662816214,"f"
5106,-0.282543009813468,49.9676070065402,0.161518365007861,"f"
5107,-0.28274559300523,49.9789059812091,0.161481101495329,"f"
5108,-0.282946134329018,49.9901920135807,0.161443876265956,"f"
5109,-0.283144351754739,50.0014643014606,0.161406693307079,"f"
5110,-0.283339963252297,50.0127220426546,0.161369556606035,"f"
5111,-0.283532686791601,50.0239644349681,0.161332470150161,"f"
5112,-0.283722240342555,50.035190676207,0.161295437926796,"f"
5113,-0.283908341875065,50.0463999641768,0.161258463923275,"f"
5114,-0.284090720850406,50.0575915208728,0.161221551996769,"f"
5115,-0.284269371031311,50.0687651246529,0.161184703010581,"f"
5116,-0.28444455048197,50.0799211102374,0.161147914834148,"f"
5117,-0.284616528757944,50.0910598365365,0.161111185206742,"f"
5118,-0.284785575414793,50.1021816624602,0.161074511867631,"f"
5119,-0.284951960008075,50.1132869469185,0.161037892556086,"f"
5120,-0.285115952093351,50.1243760488216,0.161001325011376,"f"
5121,-0.28527782122618,50.1354493270793,0.160964806972773,"f"
5122,-0.285437836962122,50.1465071406019,0.160928336179545,"f"
5123,-0.285596268856737,50.1575498482994,0.160891910370962,"f"
5124,-0.285753386465583,50.1685778090817,0.160855527286296,"f"
5125,-0.285909459344221,50.1795913818591,0.160819184664814,"f"
5126,-0.286064757048209,50.1905909255414,0.160782880245789,"f"
5127,-0.286219549133109,50.2015767990389,0.160746611768488,"f"
5128,-0.286374105154479,50.2125493612615,0.160710376972184,"f"
5129,-0.286528694667879,50.2235089711193,0.160674173596144,"f"
5130,-0.286683587228869,50.2344559875223,0.16063799937964,"f"
5131,-0.286839052393008,50.2453907693807,0.160601852061941,"f"
5132,-0.286995359715856,50.2563136756044,0.160565729382318,"f"
5133,-0.287152778752972,50.2672250651036,0.16052962908004,"f"
5134,-0.287311579059916,50.2781252967882,0.160493548894377,"f"
5135,-0.287472030192248,50.2890147295684,0.160457486564599,"f"
5136,-0.287634401705527,50.2998937223542,0.160421439829976,"f"
5137,-0.287798963155313,50.3107626340556,0.160385406429779,"f"
5138,-0.287965984097165,50.3216218235827,0.160349384103276,"f"
5139,-0.288135734086644,50.3324716498456,0.160313370589739,"f"
5140,-0.288308482679308,50.3433124717543,0.160277363628436,"f"
5141,-0.288484499430717,50.3541446482188,0.160241360958639,"f"
5142,-0.288664053896431,50.3649685381493,0.160205360319616,"f"
5143,-0.28884741563201,50.3757845004558,0.160169359450638,"f"
5144,-0.289034853735716,50.3865928934536,0.160133356094784,"f"
5145,-0.289226517710722,50.3973939199267,0.16009734899127,"f"
5146,-0.289422278140885,50.4081874199291,0.1600613392025,"f"
5147,-0.289621965923217,50.4189731819028,0.160025328121441,"f"
5148,-0.28982541195473,50.4297509942897,0.159989317141058,"f"
5149,-0.290032447132433,50.4405206455318,0.159953307654318,"f"
5150,-0.29024290235334,50.4512819240711,0.159917301054186,"f"
5151,-0.29045660851446,50.4620346183496,0.15988129873363,"f"
5152,-0.290673396512806,50.4727785168092,0.159845302085614,"f"
5153,-0.290893097245389,50.4835134078919,0.159809312503104,"f"
5154,-0.291115541609219,50.4942390800396,0.159773331379068,"f"
5155,-0.291340560501309,50.5049553216944,0.159737360106471,"f"
5156,-0.29156798481867,50.5156619212981,0.159701400078278,"f"
5157,-0.291797645458313,50.5263586672928,0.159665452687457,"f"
5158,-0.292029373317249,50.5370453481204,0.159629519326973,"f"
5159,-0.292262999292489,50.5477217522228,0.159593601389792,"f"
5160,-0.292498354281046,50.5583876680422,0.159557700268881,"f"
5161,-0.29273526917993,50.5690428840203,0.159521817357204,"f"
5162,-0.292973574886152,50.5796871885992,0.15948595404773,"f"
5163,-0.293213102296725,50.5903203702209,0.159450111733423,"f"
5164,-0.293453682308658,50.6009422173273,0.159414291807249,"f"
5165,-0.293695145818965,50.6115525183603,0.159378495662175,"f"
5166,-0.293937323724655,50.6221510617621,0.159342724691167,"f"
5167,-0.29418004692274,50.6327376359744,0.15930698028719,"f"
5168,-0.294423146310232,50.6433120294393,0.159271263843211,"f"
5169,-0.294666452784141,50.6538740305988,0.159235576752196,"f"
5170,-0.29490979724148,50.6644234278948,0.159199920407111,"f"
5171,-0.295153010579259,50.6749600097693,0.159164296200923,"f"
5172,-0.29539592369449,50.6854835646642,0.159128705526596,"f"
5173,-0.295638367484184,50.6959938810215,0.159093149777097,"f"
5174,-0.295880172845353,50.7064907472832,0.159057630345393,"f"
5175,-0.296121174739901,50.7169739601194,0.159022148585772,"f"
5176,-0.296361300210813,50.7274435025899,0.158986704976396,"f"
5177,-0.296600567604766,50.7378995425706,0.158951299126693,"f"
5178,-0.296838999177847,50.7483422558508,0.158915930608895,"f"
5179,-0.297076617186146,50.7587718182199,0.158880598995232,"f"
5180,-0.29731344388575,50.7691884054673,0.158845303857937,"f"
5181,-0.297549501532748,50.7795921933823,0.15881004476924,"f"
5182,-0.297784812383227,50.7899833577541,0.158774821301374,"f"
5183,-0.298019398693276,50.8003620743722,0.158739633026568,"f"
5184,-0.298253282718983,50.8107285190259,0.158704479517056,"f"
5185,-0.298486486716436,50.8210828675046,0.158669360345068,"f"
5186,-0.298719032941724,50.8314252955975,0.158634275082836,"f"
5187,-0.298950943650934,50.841755979094,0.15859922330259,"f"
5188,-0.299182241100155,50.8520750937834,0.158564204576564,"f"
5189,-0.299412947545475,50.8623828154552,0.158529218476987,"f"
5190,-0.299643085242982,50.8726793198985,0.158494264576091,"f"
5191,-0.299872676448764,50.8829647829029,0.158459342446108,"f"
5192,-0.30010174341891,50.8932393802575,0.15842445165927,"f"
5193,-0.300330308409508,50.9035032877518,0.158389591787806,"f"
5194,-0.300558393676645,50.913756681175,0.15835476240395,"f"
5195,-0.300786021476411,50.9239997363166,0.158319963079932,"f"
5196,-0.301013214064892,50.9342326289658,0.158285193387984,"f"
5197,-0.301239993698179,50.944455534912,0.158250452900337,"f"
5198,-0.301466382632357,50.9546686299445,0.158215741189222,"f"
5199,-0.301692403123517,50.9648720898527,0.158181057826871,"f"
5200,-0.301918077427746,50.975066090426,0.158146402385516,"f"
5201,-0.302143427801132,50.9852508074535,0.158111774437387,"f"
5202,-0.302368476499763,50.9954264167248,0.158077173554717,"f"
5203,-0.302593245779728,51.0055930940291,0.158042599309736,"f"
5204,-0.302817757897115,51.0157510151557,0.158008051274676,"f"
5205,-0.303042035155157,51.0259003554579,0.157973529023336,"f"
5206,-0.30326611164525,51.0360411812333,0.157939032521395,"f"
5207,-0.303490048700244,51.0461733067613,0.15790456264014,"f"
5208,-0.303713911489253,51.0562965108309,0.157870120378387,"f"
5209,-0.30393776518139,51.0664105722313,0.157835706734952,"f"
5210,-0.304161674945765,51.0765152697515,0.157801322708652,"f"
5211,-0.304385705951493,51.0866103821806,0.157766969298304,"f"
5212,-0.304609923367684,51.0966956883077,0.157732647502725,"f"
5213,-0.304834392363451,51.1067709669218,0.157698358320731,"f"
5214,-0.305059178107907,51.1168359968121,0.157664102751139,"f"
5215,-0.305284345770163,51.1268905567677,0.157629881792765,"f"
5216,-0.305509960519333,51.1369344255775,0.157595696444427,"f"
5217,-0.305736087524528,51.1469673820307,0.157561547704941,"f"
5218,-0.30596279195486,51.1569892049164,0.157527436573123,"f"
5219,-0.306190138979443,51.1669996730237,0.157493364047791,"f"
5220,-0.306418193767387,51.1769985651416,0.157459331127761,"f"
5221,-0.306647021487806,51.1869856600593,0.157425338811849,"f"
5222,-0.306876687309812,51.1969607365657,0.157391388098873,"f"
5223,-0.307107256402517,51.20692357345,0.157357479987648,"f"
5224,-0.307338793935033,51.2168739495013,0.157323615476993,"f"
5225,-0.307571365076472,51.2268116435087,0.157289795565723,"f"
5226,-0.307805034995948,51.2367364342611,0.157256021252654,"f"
5227,-0.308039868862572,51.2466481005478,0.157222293536605,"f"
5228,-0.308275931845456,51.2565464211578,0.157188613416391,"f"
5229,-0.308513289113713,51.2664311748802,0.157154981890829,"f"
5230,-0.308752005836455,51.276302140504,0.157121399958735,"f"
5231,-0.308992147182794,51.2861590968183,0.157087868618928,"f"
5232,-0.309233778321843,51.2960018226123,0.157054388870222,"f"
5233,-0.309476964422714,51.305830096675,0.157020961711435,"f"
5234,-0.309721770654519,51.3156436977954,0.156987588141383,"f"
5235,-0.30996826218637,51.3254424047628,0.156954269158884,"f"
5236,-0.310216487269171,51.3352260456501,0.156921005536869,"f"
5237,-0.310466394362437,51.3449947392306,0.156887796715903,"f"
5238,-0.310717895464101,51.3547487104927,0.156854641649732,"f"
5239,-0.310970902518226,51.3644881845819,0.156821539291381,"f"
5240,-0.311225327468878,51.3742133866437,0.156788488593877,"f"
5241,-0.311481082260118,51.3839245418235,0.156755488510246,"f"
5242,-0.311738078836011,51.3936218752668,0.156722537993516,"f"
5243,-0.31199622914062,51.403305612119,0.156689635996712,"f"
5244,-0.312255445118009,51.4129759775257,0.156656781472861,"f"
5245,-0.312515638712241,51.4226331966321,0.156623973374989,"f"
5246,-0.31277672186738,51.4322774945839,0.156591210656123,"f"
5247,-0.31303860652749,51.4419090965264,0.156558492269289,"f"
5248,-0.313301204636633,51.4515282276051,0.156525817167513,"f"
5249,-0.313564428138874,51.4611351129655,0.156493184303823,"f"
5250,-0.313828188978277,51.4707299777531,0.156460592631244,"f"
5251,-0.314092399098904,51.4803130471132,0.156428041102803,"f"
5252,-0.314356970444819,51.4898845461913,0.156395528671526,"f"
5253,-0.314621814960086,51.499444700133,0.15636305429044,"f"
5254,-0.314886844588768,51.5089937340835,0.156330616912571,"f"
5255,-0.31515197127493,51.5185318731885,0.156298215490946,"f"
5256,-0.315417106962634,51.5280593425934,0.15626584897859,"f"
5257,-0.315682163595944,51.5375763674435,0.156233516328532,"f"
5258,-0.315947053118923,51.5470831728844,0.156201216493796,"f"
5259,-0.316211687475636,51.5565799840616,0.156168948427409,"f"
5260,-0.316475978610146,51.5660670261204,0.156136711082398,"f"
5261,-0.316739838466516,51.5755445242064,0.156104503411789,"f"
5262,-0.317003178988809,51.585012703465,0.156072324368609,"f"
5263,-0.317265912121091,51.5944717890416,0.156040172905884,"f"
5264,-0.317527949807423,51.6039220060817,0.15600804797664,"f"
5265,-0.31778920399187,51.6133635797308,0.155975948533904,"f"
5266,-0.318049586856909,51.6227967348467,0.155943873532244,"f"
5267,-0.318309067627487,51.6322216274962,0.155911822294817,"f"
5268,-0.318567746147858,51.641638256223,0.155879794988809,"f"
5269,-0.318825740467051,51.6510465976167,0.15584779189904,"f"
5270,-0.319083168634095,51.6604466282669,0.155815813310326,"f"
5271,-0.31934014869802,51.6698383247631,0.155783859507489,"f"
5272,-0.319596798707853,51.6792216636948,0.155751930775345,"f"
5273,-0.319853236712625,51.6885966216516,0.155720027398715,"f"
5274,-0.320109580761365,51.6979631752231,0.155688149662416,"f"
5275,-0.320365948903101,51.7073213009987,0.155656297851269,"f"
5276,-0.320622459186863,51.716670975568,0.15562447225009,"f"
5277,-0.320879229661679,51.7260121755206,0.155592673143701,"f"
5278,-0.321136378376579,51.735344877446,0.155560900816918,"f"
5279,-0.321394023380592,51.7446690579338,0.155529155554562,"f"
5280,-0.321652282722747,51.7539846935734,0.15549743764145,"f"
5281,-0.321911274452072,51.7632917609545,0.155465747362402,"f"
5282,-0.322171116617598,51.7725902366665,0.155434085002237,"f"
5283,-0.322431927268353,51.7818800972991,0.155402450845773,"f"
5284,-0.322693824453366,51.7911613194417,0.155370845177829,"f"
5285,-0.322956926221667,51.8004338796839,0.155339268283224,"f"
5286,-0.323221350622284,51.8096977546153,0.155307720446777,"f"
5287,-0.323487215704246,51.8189529208253,0.155276201953307,"f"
5288,-0.323754639516583,51.8281993549036,0.155244713087632,"f"
5289,-0.324023740108323,51.8374370334397,0.155213254134571,"f"
5290,-0.324294635528496,51.8466659330231,0.155181825378944,"f"
5291,-0.324567443826131,51.8558860302433,0.155150427105568,"f"
5292,-0.324842283050257,51.8650973016899,0.155119059599264,"f"
5293,-0.325119271249902,51.8742997239525,0.155087723144848,"f"
5294,-0.325398526474097,51.8834932736206,0.155056418027142,"f"
5295,-0.325680166771869,51.8926779272837,0.155025144530962,"f"
5296,-0.325964310192249,51.9018536615314,0.154993902941129,"f"
5297,-0.326251040579359,51.9110204341634,0.154962693551649,"f"
5298,-0.326540242032633,51.9201780932534,0.154931516710191,"f"
5299,-0.326831726352507,51.9293264471592,0.154900372783846,"f"
5300,-0.327125305239692,51.9384653041837,0.15486926213973,"f"
5301,-0.3274207903949,51.9475944726296,0.154838185144961,"f"
5302,-0.327717993518842,51.9567137608,0.154807142166656,"f"
5303,-0.328016726312231,51.9658229769978,0.154776133571933,"f"
5304,-0.328316800475778,51.9749219295258,0.154745159727909,"f"
5305,-0.328618027710196,51.9840104266869,0.154714221001701,"f"
5306,-0.328920219716194,51.9930882767841,0.154683317760427,"f"
5307,-0.329223188194487,52.0021552881202,0.154652450371204,"f"
5308,-0.329526744845784,52.0112112689981,0.154621619201149,"f"
5309,-0.329830701370799,52.0202560277207,0.15459082461738,"f"
5310,-0.330134869470242,52.029289372591,0.154560066987014,"f"
5311,-0.330439060844826,52.0383111119118,0.154529346677168,"f"
5312,-0.330743087195262,52.047321053986,0.15449866405496,"f"
5313,-0.331046760222262,52.0563190071166,0.154468019487507,"f"
5314,-0.331349891626538,52.0653047796063,0.154437413341926,"f"
5315,-0.331652293108802,52.0742781797582,0.154406845985335,"f"
5316,-0.331953776369764,52.0832390158751,0.154376317784852,"f"
5317,-0.332254153110138,52.0921870962599,0.154345829107592,"f"
5318,-0.332553235030635,52.1011222292155,0.154315380320675,"f"
5319,-0.332850833831966,52.1100442230449,0.154284971791216,"f"
5320,-0.333146761214843,52.1189528860508,0.154254603886334,"f"
5321,-0.333440828879979,52.1278480265362,0.154224276973146,"f"
5322,-0.333732848528084,52.1367294528041,0.154193991418768,"f"
5323,-0.334022631859871,52.1455969731573,0.15416374759032,"f"
5324,-0.334309990576052,52.1544503958986,0.154133545854917,"f"
5325,-0.334594736377337,52.1632895293311,0.154103386579677,"f"
5326,-0.33487668096444,52.1721141817575,0.154073270131718,"f"
5327,-0.335155646866822,52.1809241732441,0.154043196881691,"f"
5328,-0.335431647995992,52.1897195317547,0.154013167262712,"f"
5329,-0.335704862211543,52.1985004633494,0.153983181761407,"f"
5330,-0.335975472673818,52.2072671798466,0.153953240866134,"f"
5331,-0.336243662543157,52.2160198930646,0.153923345065248,"f"
5332,-0.336509614979903,52.2247588148217,0.153893494847106,"f"
5333,-0.336773513144399,52.2334841569362,0.153863690700065,"f"
5334,-0.337035540196985,52.2421961312266,0.15383393311248,"f"
5335,-0.337295879298006,52.250894949511,0.153804222572709,"f"
5336,-0.337554713607802,52.2595808236079,0.153774559569107,"f"
5337,-0.337812226286715,52.2682539653356,0.153744944590032,"f"
5338,-0.338068600495089,52.2769145865123,0.153715378123839,"f"
5339,-0.338324019393264,52.2855628989566,0.153685860658885,"f"
5340,-0.338578666141583,52.2941991144865,0.153656392683527,"f"
5341,-0.338832723900388,52.3028234449206,0.153626974686121,"f"
5342,-0.339086375830022,52.3114361020771,0.153597607155023,"f"
5343,-0.339339805090826,52.3200372977744,0.15356829057859,"f"
5344,-0.339593194843142,52.3286272438308,0.153539025445178,"f"
5345,-0.339846728247313,52.3372061520646,0.153509812243144,"f"
5346,-0.34010058846368,52.3457742342941,0.153480651460845,"f"
5347,-0.340354958652587,52.3543317023377,0.153451543586636,"f"
5348,-0.340610021974374,52.3628787680137,0.153422489108874,"f"
5349,-0.340865961589384,52.3714156431405,0.153393488515915,"f"
5350,-0.341122960657959,52.3799425395364,0.153364542296117,"f"
5351,-0.341381202340442,52.3884596690196,0.153335650937835,"f"
5352,-0.341640869797174,52.3969672434086,0.153306814929426,"f"
5353,-0.341902146188497,52.4054654745217,0.153278034759246,"f"
5354,-0.342165214674754,52.4139545741771,0.153249310915653,"f"
5355,-0.342430258416286,52.4224347541933,0.153220643887001,"f"
5356,-0.342697460573436,52.4309062263886,0.153192034161648,"f"
5357,-0.342967004306546,52.4393692025812,0.153163482227951,"f"
5358,-0.343239042650037,52.4478238704952,0.153134988462206,"f"
5359,-0.343513554465143,52.4562702785532,0.153106552592844,"f"
5360,-0.343790456160957,52.4647084252293,0.153078174115995,"f"
5361,-0.344069664066316,52.4731383089334,0.153049852527487,"f"
5362,-0.344351094510055,52.4815599280755,0.153021587323152,"f"
5363,-0.344634663821009,52.4899732810655,0.152993377998818,"f"
5364,-0.344920288328014,52.4983783663135,0.152965224050317,"f"
5365,-0.345207884359905,52.5067751822293,0.152937124973479,"f"
5366,-0.345497368245518,52.5151637272228,0.152909080264133,"f"
5367,-0.345788656313689,52.5235439997042,0.152881089418109,"f"
5368,-0.346081664893252,52.5319159980832,0.152853151931239,"f"
5369,-0.346376310313043,52.5402797207698,0.152825267299351,"f"
5370,-0.346672508901899,52.5486351661741,0.152797435018276,"f"
5371,-0.346970176988653,52.5569823327059,0.152769654583844,"f"
5372,-0.347269230902143,52.5653212187752,0.152741925491885,"f"
5373,-0.347569586971202,52.573651822792,0.152714247238229,"f"
5374,-0.347871161524668,52.5819741431661,0.152686619318707,"f"
5375,-0.348173870891374,52.5902881783076,0.152659041229148,"f"
5376,-0.348477631400158,52.5985939266264,0.152631512465383,"f"
5377,-0.348782359379853,52.6068913865325,0.152604032523241,"f"
5378,-0.349087971159296,52.6151805564358,0.152576600898554,"f"
5379,-0.349394383067323,52.6234614347462,0.15254921708715,"f"
5380,-0.349701511432768,52.6317340198737,0.15252188058486,"f"
5381,-0.350009272584467,52.6399983102282,0.152494590887514,"f"
5382,-0.350317582851256,52.6482543042198,0.152467347490942,"f"
5383,-0.350626358561971,52.6565020002583,0.152440149890974,"f"
5384,-0.350935516045445,52.6647413967537,0.152412997583441,"f"
5385,-0.351244971630516,52.672972492116,0.152385890064173,"f"
5386,-0.351554641646019,52.6811952847551,0.152358826828999,"f"
5387,-0.351864442420789,52.6894097730809,0.152331807373749,"f"
5388,-0.352174290222059,52.6976159473916,0.152304831197068,"f"
5389,-0.352484100243133,52.7058136565676,0.152277897846638,"f"
5390,-0.352793786765118,52.7140026293693,0.1522510069118,"f"
5391,-0.353103264040135,52.7221825907404,0.152224157983216,"f"
5392,-0.35341244632031,52.7303532656249,0.152197350651549,"f"
5393,-0.353721247857764,52.7385143789664,0.152170584507463,"f"
5394,-0.354029582904621,52.7466656557087,0.152143859141619,"f"
5395,-0.354337365713004,52.7548068207957,0.152117174144682,"f"
5396,-0.354644510535036,52.762937599171,0.152090529107313,"f"
5397,-0.354950931622841,52.7710577157785,0.152063923620177,"f"
5398,-0.35525654322854,52.779166895562,0.152037357273935,"f"
5399,-0.355561259604257,52.7872648634653,0.152010829659251,"f"
5400,-0.355864995002116,52.795351344432,0.151984340366788,"f"
5401,-0.356167663674239,52.8034260634061,0.151957888987209,"f"
5402,-0.35646917987275,52.8114887453312,0.151931475111176,"f"
5403,-0.356769457849772,52.8195391151513,0.151905098329353,"f"
5404,-0.357068411857427,52.8275768978099,0.151878758232403,"f"
5405,-0.357365956147839,52.835601818251,0.151852454410988,"f"
5406,-0.35766200497313,52.8436136014183,0.151826186455772,"f"
5407,-0.357956472585425,52.8516119722555,0.151799953957416,"f"
5408,-0.358249273236846,52.8595966557066,0.151773756506586,"f"
5409,-0.358540321179516,52.8675673767151,0.151747593693942,"f"
5410,-0.358829530665558,52.875523860225,0.151721465110149,"f"
5411,-0.359116815947095,52.88346583118,0.151695370345869,"f"
5412,-0.359402091276251,52.8913930145239,0.151669308991765,"f"
5413,-0.359685270905148,52.8993051352005,0.1516432806385,"f"
5414,-0.35996626908591,52.9072019181535,0.151617284876737,"f"
5415,-0.36024500007066,52.9150830883268,0.151591321297139,"f"
5416,-0.36052137811152,52.922948370664,0.151565389490369,"f"
5417,-0.360795317460614,52.930797490109,0.15153948904709,"f"
5418,-0.361066733058764,52.9386301731524,0.151513619563692,"f"
5419,-0.361335625929356,52.9464463396167,0.15148778135239,"f"
5420,-0.361602165780856,52.9542462881733,0.151461976128112,"f"
5421,-0.361866541913559,52.9620303614943,0.151436205768706,"f"
5422,-0.362128943627757,52.9697989022521,0.151410472152015,"f"
5423,-0.362389560223743,52.9775522531191,0.151384777155886,"f"
5424,-0.36264858100181,52.9852907567675,0.151359122658165,"f"
5425,-0.362906195262252,52.9930147558697,0.151333510536697,"f"
5426,-0.36316259230536,53.0007245930979,0.151307942669328,"f"
5427,-0.363417961431428,53.0084206111246,0.151282420933904,"f"
5428,-0.36367249194075,53.0161031526219,0.151256947208269,"f"
5429,-0.363926373133617,53.0237725602623,0.151231523370271,"f"
5430,-0.364179794310324,53.031429176718,0.151206151297755,"f"
5431,-0.364432944771163,53.0390733446613,0.151180832868566,"f"
5432,-0.364686013816428,53.0467054067646,0.15115556996055,"f"
5433,-0.36493919074641,53.0543257057003,0.151130364451553,"f"
5434,-0.365192664861404,53.0619345841405,0.151105218219421,"f"
5435,-0.365446625461702,53.0695323847576,0.151080133141998,"f"
5436,-0.365701261847598,53.0771194502239,0.151055111097132,"f"
5437,-0.365956763319383,53.0846961232118,0.151030153962667,"f"
5438,-0.366213319177353,53.0922627463936,0.151005263616449,"f"
5439,-0.366471118721798,53.0998196624415,0.150980441936324,"f"
5440,-0.366730351253013,53.107367214028,0.150955690800138,"f"
5441,-0.36699120607129,53.1149057438252,0.150931012085736,"f"
5442,-0.367253872476923,53.1224355945056,0.150906407670964,"f"
5443,-0.367518539770205,53.1299571087414,0.150881879433668,"f"
5444,-0.367785397251427,53.1374706292049,0.150857429251694,"f"
5445,-0.368054634220885,53.1449764985685,0.150833059002886,"f"
5446,-0.36832643997887,53.1524750595045,0.150808770565092,"f"
5447,-0.368601003825675,53.1599666546853,0.150784565816155,"f"
5448,-0.368878515061594,53.167451626783,0.150760446633923,"f"
5449,-0.369159150900952,53.1749303086656,0.150736414762623,"f"
5450,-0.369442880704384,53.1824028645844,0.150712469648517,"f"
5451,-0.369729498777799,53.1898693167818,0.150688608802521,"f"
5452,-0.37001879396164,53.1973296830662,0.150664829675125,"f"
5453,-0.370310555096352,53.2047839812462,0.15064112971682,"f"
5454,-0.370604571022377,53.2122322291303,0.150617506378095,"f"
5455,-0.370900630580159,53.2196744445271,0.150593957109442,"f"
5456,-0.371198522610141,53.2271106452451,0.150570479361351,"f"
5457,-0.371498035952767,53.2345408490929,0.150547070584312,"f"
5458,-0.37179895944848,53.241965073879,0.150523728228816,"f"
5459,-0.372101081937724,53.249383337412,0.150500449745353,"f"
5460,-0.372404192260942,53.2567956575003,0.150477232584414,"f"
5461,-0.372708079258578,53.2642020519526,0.150454074196488,"f"
5462,-0.373012531771074,53.2716025385773,0.150430972032067,"f"
5463,-0.373317338638875,53.278997135183,0.150407923541641,"f"
5464,-0.373622288702424,53.2863858595783,0.1503849261757,"f"
5465,-0.373927170802164,53.2937687295718,0.150361977384734,"f"
5466,-0.374231773778538,53.3011457629718,0.150339074619235,"f"
5467,-0.374535886471991,53.308516977587,0.150316215329692,"f"
5468,-0.374839297722966,53.315882391226,0.150293396966596,"f"
5469,-0.375141796371905,53.3232420216972,0.150270616980437,"f"
5470,-0.375443171259253,53.3305958868092,0.150247872821706,"f"
5471,-0.375743211225453,53.3379440043706,0.150225161940893,"f"
5472,-0.376041705110948,53.3452863921899,0.150202481788489,"f"
5473,-0.376338441756182,53.3526230680756,0.150179829814983,"f"
5474,-0.376633210001598,53.3599540498363,0.150157203470867,"f"
5475,-0.376925798687639,53.3672793552805,0.150134600206631,"f"
5476,-0.37721599665475,53.3745990022168,0.150112017472765,"f"
5477,-0.377503592743374,53.3819130084536,0.15008945271976,"f"
5478,-0.377788375793953,53.3892213917997,0.150066903398106,"f"
5479,-0.378070135726456,53.3965241690775,0.150044366969464,"f"
5480,-0.378348793083354,53.4038212378187,0.150021842247111,"f"
5481,-0.378624522095446,53.4111122638739,0.149999330669369,"f"
5482,-0.378897526140702,53.4183968864751,0.149976833976157,"f"
5483,-0.379168008597093,53.425674744854,0.149954353907396,"f"
5484,-0.379436172842589,53.4329454782427,0.149931892203006,"f"
5485,-0.379702222255158,53.4402087258731,0.149909450602908,"f"
5486,-0.379966360212772,53.447464126977,0.149887030847022,"f"
5487,-0.3802287900934,53.4547113207865,0.149864634675269,"f"
5488,-0.380489715275012,53.4619499465333,0.149842263827569,"f"
5489,-0.380749339135578,53.4691796434495,0.149819920043842,"f"
5490,-0.381007865053068,53.4764000507669,0.14979760506401,"f"
5491,-0.381265496405452,53.4836108077175,0.149775320627992,"f"
5492,-0.381522436570701,53.4908115535332,0.149753068475709,"f"
5493,-0.381778888926783,53.4980019274459,0.149730850347082,"f"
5494,-0.38203505685167,53.5051815686875,0.14970866798203,"f"
5495,-0.38229114372333,53.5123501164899,0.149686523120475,"f"
5496,-0.382547352919734,53.5195072100851,0.149664417502337,"f"
5497,-0.382803887818852,53.526652488705,0.149642352867536,"f"
5498,-0.383060951798654,53.5337855915814,0.149620330955993,"f"
5499,-0.38331874823711,53.5409061579464,0.149598353507628,"f"
5500,-0.383577480512189,53.5480138270318,0.149576422262361,"f"
5501,-0.383837352001862,53.5551082380695,0.149554538960114,"f"
5502,-0.384098566084099,53.5621890302915,0.149532705340807,"f"
5503,-0.384361326136869,53.5692558429296,0.149510923144359,"f"
5504,-0.384625835538143,53.5763083152159,0.149489194110693,"f"
5505,-0.384892297665891,53.5833460863821,0.149467519979727,"f"
5506,-0.385160915898082,53.5903687956603,0.149445902491383,"f"
5507,-0.385431893612687,53.5973760822824,0.14942434338558,"f"
5508,-0.385705434187675,53.6043675854801,0.14940284440224,"f"
5509,-0.385981741001017,53.6113429444856,0.149381407281283,"f"
5510,-0.38626096347957,53.6183019196468,0.149360033431241,"f"
5511,-0.386542988060424,53.6252448617032,0.149338722645267,"f"
5512,-0.386827621166114,53.6321723010212,0.149317474225031,"f"
5513,-0.387114669200366,53.639084768009,0.149296287472092,"f"
5514,-0.387403938566907,53.6459827930749,0.149275161688005,"f"
5515,-0.387695235669466,53.6528669066275,0.149254096174328,"f"
5516,-0.38798836691177,53.6597376390749,0.149233090232617,"f"
5517,-0.388283138697546,53.6665955208256,0.149212143164428,"f"
5518,-0.388579357430522,53.673441082288,0.14919125427132,"f"
5519,-0.388876829514425,53.6802748538703,0.149170422854848,"f"
5520,-0.389175361352983,53.687097365981,0.149149648216569,"f"
5521,-0.389474759349924,53.6939091490285,0.149128929658039,"f"
5522,-0.389774829908974,53.700710733421,0.149108266480817,"f"
5523,-0.390075379433861,53.7075026495669,0.149087657986458,"f"
5524,-0.390376214328314,53.7142854278747,0.149067103476518,"f"
5525,-0.390677140996058,53.7210595987526,0.149046602252556,"f"
5526,-0.390977965840823,53.7278256926091,0.149026153616127,"f"
5527,-0.391278495266335,53.7345842398525,0.149005756868789,"f"
5528,-0.391578535676321,53.7413357708911,0.148985411312097,"f"
5529,-0.39187789347451,53.7480808161333,0.14896511624761,"f"
5530,-0.392176375064629,53.7548199059875,0.148944870976883,"f"
5531,-0.392473786850405,53.761553570862,0.148924674801473,"f"
5532,-0.392769935235566,53.7682823411652,0.148904527022937,"f"
5533,-0.393064626623839,53.7750067473055,0.148884426942832,"f"
5534,-0.393357667418952,53.7817273196912,0.148864373862714,"f"
5535,-0.393648864024632,53.7884445887307,0.148844367084141,"f"
5536,-0.393938022844607,53.7951590848323,0.148824405908668,"f"
5537,-0.394224950282604,53.8018713384044,0.148804489637854,"f"
5538,-0.394509452742352,53.8085818798554,0.148784617573253,"f"
5539,-0.394791336627576,53.8152912395937,0.148764789016424,"f"
5540,-0.39507040940247,53.8219999456815,0.148745003270843,"f"
5541,-0.395346602806546,53.8287082512597,0.148725259864956,"f"
5542,-0.395620087796994,53.8354158802721,0.148705558760261,"f"
5543,-0.395891062518784,53.8421224965177,0.14868589996747,"f"
5544,-0.396159725116887,53.8488277637956,0.148666283497294,"f"
5545,-0.396426273736271,53.8555313459047,0.148646709360447,"f"
5546,-0.396690906521908,53.8622329066441,0.148627177567642,"f"
5547,-0.396953821618768,53.8689321098129,0.14860768812959,"f"
5548,-0.39721521717182,53.8756286192101,0.148588241057005,"f"
5549,-0.397475291326035,53.8823220986347,0.148568836360598,"f"
5550,-0.397734242226382,53.8890122118857,0.148549474051084,"f"
5551,-0.397992268017833,53.8956986227622,0.148530154139173,"f"
5552,-0.398249566845356,53.9023809950633,0.148510876635579,"f"
5553,-0.398506336853922,53.9090589925879,0.148491641551015,"f"
5554,-0.398762776188501,53.9157322791351,0.148472448896192,"f"
5555,-0.399019082994064,53.922400518504,0.148453298681824,"f"
5556,-0.39927545541558,53.9290633744935,0.148434190918623,"f"
5557,-0.399532091598019,53.9357205109028,0.148415125617301,"f"
5558,-0.399789189686351,53.9423715915307,0.148396102788572,"f"
5559,-0.400046947825547,53.9490162801765,0.148377122443148,"f"
5560,-0.400305564160577,53.955654240639,0.14835818459174,"f"
5561,-0.40056523683641,53.9622851367174,0.148339289245063,"f"
5562,-0.400826163998017,53.9689086322107,0.148320436413829,"f"
5563,-0.401088543790368,53.9755243909179,0.148301626108749,"f"
5564,-0.401352574358433,53.982132076638,0.148282858340537,"f"
5565,-0.401618453847182,53.9887313531701,0.148264133119906,"f"
5566,-0.401886380401585,53.9953218843133,0.148245450457567,"f"
5567,-0.402156552166612,54.0019033338665,0.148226810364234,"f"
5568,-0.402429167287234,54.0084753656288,0.148208212850618,"f"
5569,-0.402704423908419,54.0150376433992,0.148189657927434,"f"
5570,-0.40298252017514,54.0215898309768,0.148171145605392,"f"
5571,-0.403263600903587,54.0281316395568,0.148152675921148,"f"
5572,-0.403547553493917,54.0346630091137,0.148134249036576,"f"
5573,-0.403834187778593,54.0411839485609,0.148115865151283,"f"
5574,-0.404123313574274,54.0476944668256,0.148097524464884,"f"
5575,-0.404414740697622,54.0541945728351,0.148079227176994,"f"
5576,-0.404708278965296,54.0606842755166,0.148060973487228,"f"
5577,-0.405003738193959,54.0671635837975,0.1480427635952,"f"
5578,-0.40530092820027,54.073632506605,0.148024597700526,"f"
5579,-0.40559965880089,54.0800910528663,0.148006476002821,"f"
5580,-0.405899739812479,54.0865392315088,0.147988398701699,"f"
5581,-0.406200981051699,54.0929770514597,0.147970365996775,"f"
5582,-0.40650319233521,54.0994045216464,0.147952378087665,"f"
5583,-0.406806183479672,54.105821650996,0.147934435173983,"f"
5584,-0.407109764301747,54.1122284484359,0.147916537455343,"f"
5585,-0.407413744618094,54.1186249228933,0.147898685131362,"f"
5586,-0.407717934245375,54.1250110832955,0.147880878401653,"f"
5587,-0.40802214300025,54.1313869385697,0.147863117465832,"f"
5588,-0.408326180699379,54.1377524976433,0.147845402523514,"f"
5589,-0.408629857159424,54.1441077694436,0.147827733774313,"f"
5590,-0.408932982197045,54.1504527628977,0.147810111417845,"f"
5591,-0.409235365628903,54.1567874869331,0.147792535653723,"f"
5592,-0.409536817271658,54.1631119504768,0.147775006681564,"f"
5593,-0.409837146941971,54.1694261624563,0.147757524700982,"f"
5594,-0.410136164456503,54.1757301317988,0.147740089911592,"f"
5595,-0.410433679631914,54.1820238674316,0.147722702513009,"f"
5596,-0.410729502284865,54.1883073782819,0.147705362704848,"f"
5597,-0.411023442232016,54.194580673277,0.147688070686723,"f"
5598,-0.411315309290028,54.2008437613442,0.14767082665825,"f"
5599,-0.411604913275563,54.2070966514108,0.147653630819043,"f"
5600,-0.411892064005279,54.213339352404,0.147636483368717,"f"
5601,-0.412176583396804,54.219571882338,0.147619384514521,"f"
5602,-0.412458459709539,54.2257943841354,0.147602334568619,"f"
5603,-0.412737802116828,54.232007091515,0.147585333919443,"f"
5604,-0.413014722516659,54.2382102402417,0.147568382957143,"f"
5605,-0.413289332807016,54.2444040660803,0.147551482071869,"f"
5606,-0.413561744885887,54.2505888047956,0.147534631653771,"f"
5607,-0.413832070651259,54.2567646921524,0.147517832092999,"f"
5608,-0.414100422001117,54.2629319639156,0.147501083779702,"f"
5609,-0.414366910833448,54.26909085585,0.14748438710403,"f"
5610,-0.414631649046239,54.2752416037203,0.147467742456133,"f"
5611,-0.414894748537475,54.2813844432914,0.147451150226162,"f"
5612,-0.415156321205144,54.2875196103282,0.147434610804265,"f"
5613,-0.415416478947232,54.2936473405954,0.147418124580593,"f"
5614,-0.415675333661725,54.2997678698579,0.147401691945296,"f"
5615,-0.415932997246609,54.3058814338805,0.147385313288523,"f"
5616,-0.416189581599872,54.311988268428,0.147368989000425,"f"
5617,-0.416445198619499,54.3180886092651,0.147352719471151,"f"
5618,-0.416699960203477,54.3241826921569,0.147336505090851,"f"
5619,-0.416953978249792,54.330270752868,0.147320346249676,"f"
5620,-0.417207364656431,54.3363530271632,0.147304243337774,"f"
5621,-0.41746023132138,54.3424297508075,0.147288196745296,"f"
5622,-0.417712690142626,54.3485011595656,0.147272206862391,"f"
5623,-0.417964853018155,54.3545674892023,0.14725627407921,"f"
5624,-0.418216831845954,54.3606289754825,0.147240398785902,"f"
5625,-0.418468738524008,54.3666858541709,0.147224581372618,"f"
5626,-0.418720684950305,54.3727383610324,0.147208822229507,"f"
5627,-0.418972783022831,54.3787867318319,0.147193121746718,"f"
5628,-0.419225144639572,54.3848312023341,0.147177480314403,"f"
5629,-0.419477881698514,54.3908720083038,0.14716189832271,"f"
5630,-0.419731106097645,54.3969093855059,0.147146376161789,"f"
5631,-0.41998492973495,54.4029435697052,0.147130914221792,"f"
5632,-0.420239447900322,54.4089747452445,0.147115512535476,"f"
5633,-0.420494676499789,54.4150028506789,0.147100169427343,"f"
5634,-0.420750607748104,54.4210277512102,0.147084882712077,"f"
5635,-0.421007233855873,54.4270493120278,0.147069650204275,"f"
5636,-0.421264547033701,54.4330673983207,0.147054469718535,"f"
5637,-0.421522539492193,54.4390818752783,0.147039339069454,"f"
5638,-0.421781203441954,54.4450926080897,0.147024256071628,"f"
5639,-0.42204053109359,54.4510994619441,0.147009218539654,"f"
5640,-0.422300514657705,54.4571023020307,0.146994224288129,"f"
5641,-0.422561146344905,54.4631009935387,0.146979271131651,"f"
5642,-0.422822418365795,54.4690954016574,0.146964356884815,"f"
5643,-0.42308432293098,54.4750853915758,0.14694947936222,"f"
5644,-0.423346852251066,54.4810708284832,0.146934636378461,"f"
5645,-0.423609998536657,54.4870515775689,0.146919825748137,"f"
5646,-0.423873753998358,54.493027504022,0.146905045285843,"f"
5647,-0.424138110846776,54.4989984730317,0.146890292806177,"f"
5648,-0.424403061292514,54.5049643497871,0.146875566123735,"f"
5649,-0.424668597546178,54.5109249994776,0.146860863053115,"f"
5650,-0.424934711818374,54.5168802872924,0.146846181408914,"f"
5651,-0.425201396319706,54.5228300784205,0.146831519005728,"f"
5652,-0.42546864326078,54.5287742380512,0.146816873658154,"f"
5653,-0.425736444852201,54.5347126313737,0.146802243180789,"f"
5654,-0.426004793304573,54.5406451235773,0.146787625388231,"f"
5655,-0.426273680828503,54.546571579851,0.146773018095076,"f"
5656,-0.426543099634595,54.5524918653842,0.146758419115921,"f"
5657,-0.426813041933454,54.558405845366,0.146743826265362,"f"
5658,-0.427083499935686,54.5643133849855,0.146729237357998,"f"
5659,-0.427354465851896,54.5702143494321,0.146714650208425,"f"
5660,-0.427625931892688,54.5761086038949,0.146700062631239,"f"
5661,-0.427897890268669,54.5819960135631,0.146685472441038,"f"
5662,-0.428170329311618,54.5878764441432,0.146670877672826,"f"
5663,-0.42844318469439,54.593749768364,0.146656279353868,"f"
5664,-0.428716354139414,54.5996158640153,0.146641680667899,"f"
5665,-0.428989734531297,54.6054746089987,0.146627084846263,"f"
5666,-0.429263222754643,54.6113258812156,0.146612495120304,"f"
5667,-0.429536715694056,54.6171695585676,0.146597914721366,"f"
5668,-0.429810110234143,54.6230055189562,0.146583346880792,"f"
5669,-0.430083303259508,54.6288336402829,0.146568794829927,"f"
5670,-0.430356191654755,54.6346538004492,0.146554261800114,"f"
5671,-0.43062867230449,54.6404658773566,0.146539751022697,"f"
5672,-0.430900642093318,54.6462697489067,0.14652526572902,"f"
5673,-0.431171997905843,54.6520652930009,0.146510809150427,"f"
5674,-0.431442636626671,54.6578523875409,0.146496384518261,"f"
5675,-0.431712455140407,54.663630910428,0.146481995063867,"f"
5676,-0.431981350331655,54.6694007395638,0.146467644018588,"f"
5677,-0.43224921908502,54.6751617528499,0.146453334613768,"f"
5678,-0.432515958285107,54.6809138281877,0.146439070080751,"f"
5679,-0.432781464816522,54.6866568434788,0.146424853650882,"f"
5680,-0.433045635563868,54.6923906766247,0.146410688555502,"f"
5681,-0.433308367411752,54.6981152055269,0.146396578025958,"f"
5682,-0.433569557244778,54.7038303080868,0.146382525293591,"f"
5683,-0.43382910194755,54.7095358622061,0.146368533589747,"f"
5684,-0.434086898404675,54.7152317457863,0.146354606145769,"f"
5685,-0.434342843500756,54.7209178367288,0.146340746193001,"f"
5686,-0.434596834120399,54.7265940129352,0.146326956962787,"f"
5687,-0.434848767148208,54.732260152307,0.14631324168647,"f"
5688,-0.435098539468789,54.7379161327456,0.146299603595394,"f"
5689,-0.435346047966747,54.7435618321528,0.146286045920904,"f"
5690,-0.435591189526686,54.7491971284298,0.146272571894343,"f"
5691,-0.435833861033211,54.7548218994783,0.146259184747055,"f"
5692,-0.436073960794138,54.7604360250987,0.14624588767805,"f"
5693,-0.436311489420436,54.7660395215918,0.14623268156214,"f"
5694,-0.436546616666226,54.771632630941,0.146219563431417,"f"
5695,-0.436779528145611,54.7772156162915,0.146206529957653,"f"
5696,-0.437010409472691,54.7827887407884,0.146193577812623,"f"
5697,-0.437239446261566,54.7883522675769,0.146180703668099,"f"
5698,-0.437466824126337,54.793906459802,0.146167904195854,"f"
5699,-0.437692728681104,54.7994515806089,0.146155176067663,"f"
5700,-0.437917345539969,54.8049878931426,0.146142515955298,"f"
5701,-0.438140860317031,54.8105156605484,0.146129920530532,"f"
5702,-0.438363458626392,54.8160351459712,0.146117386465138,"f"
5703,-0.438585326082152,54.8215466125563,0.14610491043089,"f"
5704,-0.438806648298411,54.8270503234487,0.146092489099562,"f"
5705,-0.439027610889271,54.8325465417936,0.146080119142926,"f"
5706,-0.439248399468832,54.838035530736,0.146067797232755,"f"
5707,-0.439469199651194,54.8435175534212,0.146055520040823,"f"
5708,-0.439690197050459,54.8489928729941,0.146043284238903,"f"
5709,-0.439911577280727,54.8544617525999,0.146031086498768,"f"
5710,-0.440133525956098,54.8599244553838,0.146018923492192,"f"
5711,-0.440356228690673,54.8653812444908,0.146006791890947,"f"
5712,-0.440579871098552,54.8708323830661,0.145994688366808,"f"
5713,-0.440804638793838,54.8762781342547,0.145982609591546,"f"
5714,-0.441030717390629,54.8817187612019,0.145970552236936,"f"
5715,-0.441258292503027,54.8871545270526,0.145958512974751,"f"
5716,-0.441487549745132,54.8925856949521,0.145946488476764,"f"
5717,-0.441718674731045,54.8980125280454,0.145934475414747,"f"
5718,-0.441951853074866,54.9034352894776,0.145922470460476,"f"
5719,-0.442187270390697,54.9088542423939,0.145910470285721,"f"
5720,-0.442425112292637,54.9142696499394,0.145898471562258,"f"
5721,-0.442665564394788,54.9196817752592,0.145886470961859,"f"
5722,-0.44290881231125,54.9250908814984,0.145874465156297,"f"
5723,-0.443155026382541,54.9304972130499,0.145862451032063,"f"
5724,-0.443404172150639,54.9359007628644,0.145850428354726,"f"
5725,-0.443656068825807,54.9413013442332,0.145838398947001,"f"
5726,-0.443910532453871,54.9466987665624,0.145826364676086,"f"
5727,-0.444167379080656,54.9520928392581,0.145814327409184,"f"
5728,-0.44442642475199,54.9574833717265,0.145802289013494,"f"
5729,-0.444687485513698,54.9628701733738,0.145790251356217,"f"
5730,-0.444950377411606,54.968253053606,0.145778216304553,"f"
5731,-0.445214916491539,54.9736318218293,0.145766185725702,"f"
5732,-0.445480918799325,54.9790062874499,0.145754161486865,"f"
5733,-0.445748200380789,54.9843762598738,0.145742145455241,"f"
5734,-0.446016577281757,54.9897415485073,0.145730139498032,"f"
5735,-0.446285865548055,54.9951019627564,0.145718145482438,"f"
5736,-0.44655588122551,55.0004573120274,0.145706165275659,"f"
5737,-0.446826440359947,55.0058074057262,0.145694200744895,"f"
5738,-0.447097358997192,55.0111520532592,0.145682253757347,"f"
5739,-0.447368453183071,55.0164910640324,0.145670326180215,"f"
5740,-0.447639538963411,55.0218242474519,0.1456584198807,"f"
5741,-0.447910432384037,55.027151412924,0.145646536726001,"f"
5742,-0.448180949490775,55.0324723698547,0.145634678583319,"f"
5743,-0.448450906329452,55.0377869276501,0.145622847319855,"f"
5744,-0.448720118945894,55.0430948957165,0.145611044802809,"f"
5745,-0.448988403385926,55.04839608346,0.145599272899381,"f"
5746,-0.449255575695374,55.0536903002866,0.145587533476771,"f"
5747,-0.449521451920066,55.0589773556026,0.14557582840218,"f"
5748,-0.449785848105826,55.064257058814,0.145564159542809,"f"
5749,-0.45004858029848,55.0695292193271,0.145552528765857,"f"
5750,-0.450309464543855,55.0747936465479,0.145540937938524,"f"
5751,-0.450568316887777,55.0800501498827,0.145529388928012,"f"
5752,-0.450824953376072,55.0852985387374,0.145517883601521,"f"
5753,-0.4510791915023,55.0905386236675,0.145506423811964,"f"
5754,-0.451330950228792,55.0957702957718,0.14549501041092,"f"
5755,-0.45158031482197,55.1009935781571,0.145483642608813,"f"
5756,-0.451827385963723,55.1062085061669,0.145472319463942,"f"
5757,-0.452072264335942,55.1114151151445,0.145461040034604,"f"
5758,-0.452315050620515,55.1166134404333,0.145449803379097,"f"
5759,-0.452555845499335,55.1218035173767,0.145438608555719,"f"
5760,-0.45279474965429,55.1269853813182,0.145427454622768,"f"
5761,-0.453031863767271,55.132159067601,0.145416340638542,"f"
5762,-0.453267288520168,55.1373246115685,0.145405265661339,"f"
5763,-0.453501124594871,55.1424820485641,0.145394228749457,"f"
5764,-0.45373347267327,55.1476314139312,0.145383228961194,"f"
5765,-0.453964433437256,55.1527727430133,0.145372265354849,"f"
5766,-0.454194107568719,55.1579060711535,0.145361336988718,"f"
5767,-0.454422595749548,55.1630314336955,0.1453504429211,"f"
5768,-0.454649998661634,55.1681488659824,0.145339582210292,"f"
5769,-0.454876416986867,55.1732584033577,0.145328753914594,"f"
5770,-0.455101951407137,55.1783600811648,0.145317957092302,"f"
5771,-0.455326702604334,55.1834539347471,0.145307190801715,"f"
5772,-0.455550771260349,55.1885399994479,0.145296454101131,"f"
5773,-0.455774258057072,55.1936183106106,0.145285746048847,"f"
5774,-0.455997263676392,55.1986889035786,0.145275065703162,"f"
5775,-0.4562198888002,55.2037518136953,0.145264412122374,"f"
5776,-0.456442234110385,55.2088070763041,0.14525378436478,"f"
5777,-0.456664400288839,55.2138547267483,0.145243181488679,"f"
5778,-0.456886488017452,55.2188948003713,0.145232602552369,"f"
5779,-0.457108597978112,55.2239273325165,0.145222046614147,"f"
5780,-0.457330830852712,55.2289523585273,0.145211512732311,"f"
5781,-0.457553287323139,55.233969913747,0.14520099996516,"f"
5782,-0.457776068071286,55.2389800335191,0.145190507370991,"f"
5783,-0.457999273779042,55.2439827531869,0.145180034008102,"f"
5784,-0.45822298496805,55.2489781156916,0.145169579173856,"f"
5785,-0.458447200728869,55.253966194664,0.145159143131241,"f"
5786,-0.458671899594828,55.2589470714821,0.145148726387018,"f"
5787,-0.458897060099257,55.263920827524,0.145138329447946,"f"
5788,-0.459122660775485,55.2688875441679,0.145127952820786,"f"
5789,-0.459348680156841,55.2738473027918,0.145117597012298,"f"
5790,-0.459575096776655,55.2788001847739,0.145107262529242,"f"
5791,-0.459801889168255,55.2837462714923,0.145096949878379,"f"
5792,-0.460029035864972,55.2886856443251,0.145086659566468,"f"
5793,-0.460256515400134,55.2936183846504,0.145076392100271,"f"
5794,-0.46048430630707,55.2985445738464,0.145066147986547,"f"
5795,-0.460712387119111,55.3034642932911,0.145055927732056,"f"
5796,-0.460940736369584,55.3083776243627,0.14504573184356,"f"
5797,-0.46116933259182,55.3132846484393,0.145035560827817,"f"
5798,-0.461398154319147,55.318185446899,0.145025415191588,"f"
5799,-0.461627180084896,55.3230801011199,0.145015295441635,"f"
5800,-0.461856388422394,55.3279686924801,0.145005202084715,"f"
5801,-0.462085757864972,55.3328513023578,0.144995135627591,"f"
5802,-0.462315266945959,55.337728012131,0.144985096577023,"f"
5803,-0.462544894198683,55.342598903178,0.144975085439769,"f"
5804,-0.462774618156475,55.3474640568767,0.144965102722592,"f"
5805,-0.463004417352663,55.3523235546054,0.14495514893225,"f"
5806,-0.463234270320578,55.357177477742,0.144945224575505,"f"
5807,-0.463464155593547,55.3620259076649,0.144935330159116,"f"
5808,-0.4636940517049,55.3668689257519,0.144925466189844,"f"
5809,-0.463923937187967,55.3717066133814,0.144915633174449,"f"
5810,-0.464153790576077,55.3765390519314,0.144905831619692,"f"
5811,-0.464383590402559,55.3813663227799,0.144896062032331,"f"
5812,-0.464613315200742,55.3861885073052,0.144886324919129,"f"
5813,-0.464842943503956,55.3910056868853,0.144876620786844,"f"
5814,-0.465072454075527,55.3958179425574,0.144866950136695,"f"
5815,-0.465301841401099,55.4006253320488,0.144857313090971,"f"
5816,-0.465531125510726,55.4054278752151,0.144847709156312,"f"
5817,-0.465760328775121,55.4102255884415,0.144838137782946,"f"
5818,-0.465989473564997,55.4150184881132,0.144828598421098,"f"
5819,-0.466218582251066,55.4198065906155,0.144819090520997,"f"
5820,-0.466447677204042,55.4245899123337,0.144809613532869,"f"
5821,-0.466676780794636,55.429368469653,0.144800166906941,"f"
5822,-0.466905915393561,55.4341422789587,0.14479075009344,"f"
5823,-0.467135103371529,55.438911356636,0.144781362542594,"f"
5824,-0.467364367099254,55.4436757190702,0.144772003704628,"f"
5825,-0.467593728947448,55.4484353826466,0.144762673029772,"f"
5826,-0.467823211286824,55.4531903637504,0.14475336996825,"f"
5827,-0.468052836488094,55.4579406787668,0.144744093970291,"f"
5828,-0.46828262692197,55.4626863440812,0.144734844486121,"f"
5829,-0.468512604959166,55.4674273760788,0.144725620965967,"f"
5830,-0.468742792970394,55.4721637911448,0.144716422860057,"f"
5831,-0.468973213326367,55.4768956056645,0.144707249618618,"f"
5832,-0.469203888397796,55.4816228360232,0.144698100691875,"f"
5833,-0.469434840555396,55.4863454986061,0.144688975530057,"f"
5834,-0.469666092169878,55.4910636097985,0.144679873583391,"f"
5835,-0.469897665611955,55.4957771859856,0.144670794302103,"f"
5836,-0.470129583252339,55.5004862435527,0.144661737136421,"f"
5837,-0.470361867461744,55.505190798885,0.144652701536571,"f"
5838,-0.470594540610881,55.5098908683678,0.14464368695278,"f"
5839,-0.470827625070464,55.5145864683865,0.144634692835276,"f"
5840,-0.471061143211205,55.5192776153261,0.144625718634286,"f"
5841,-0.471295117403816,55.523964325572,0.144616763800036,"f"
5842,-0.471529570019011,55.5286466155095,0.144607827782754,"f"
5843,-0.471764523427501,55.5333245015237,0.144598910032666,"f"
5844,-0.472,55.537998,0.14459001,"f"
5845,-0.472236004112127,55.5426670849097,0.144581127285447,"f"
5846,-0.472472468159134,55.5473315605688,0.144572262091555,"f"
5847,-0.472709306541179,55.5519911888793,0.144563414771336,"f"
5848,-0.472946433658421,55.5566457317432,0.144554585677803,"f"
5849,-0.473183763911017,55.5612949510625,0.144545775163968,"f"
5850,-0.473421211699127,55.5659386087393,0.144536983582844,"f"
5851,-0.473658691422909,55.5705764666757,0.144528211287443,"f"
5852,-0.473896117482521,55.5752082867736,0.144519458630778,"f"
5853,-0.474133404278121,55.579833830935,0.14451072596586,"f"
5854,-0.47437046620987,55.5844528610621,0.144502013645702,"f"
5855,-0.474607217677924,55.5890651390569,0.144493322023317,"f"
5856,-0.474843573082442,55.5936704268213,0.144484651451717,"f"
5857,-0.475079446823583,55.5982684862575,0.144476002283914,"f"
5858,-0.475314753301506,55.6028590792674,0.144467374872921,"f"
5859,-0.475549406916368,55.6074419677532,0.144458769571751,"f"
5860,-0.475783322068329,55.6120169136167,0.144450186733414,"f"
5861,-0.476016413157546,55.6165836787602,0.144441626710925,"f"
5862,-0.476248594584178,55.6211420250855,0.144433089857295,"f"
5863,-0.476479780748385,55.6256917144947,0.144424576525537,"f"
5864,-0.476709886050323,55.63023250889,0.144416087068663,"f"
5865,-0.476938824890152,55.6347641701732,0.144407621839686,"f"
5866,-0.47716651166803,55.6392864602465,0.144399181191617,"f"
5867,-0.477392860784116,55.6437991410118,0.14439076547747,"f"
5868,-0.477617786638568,55.6483019743713,0.144382375050256,"f"
5869,-0.477841203631544,55.6527947222269,0.144374010262989,"f"
5870,-0.478063026163204,55.6572771464806,0.14436567146868,"f"
5871,-0.478283168633705,55.6617490090346,0.144357359020342,"f"
5872,-0.478501545443206,55.6662100717908,0.144349073270987,"f"
5873,-0.478718070991865,55.6706600966513,0.144340814573628,"f"
5874,-0.478932659679842,55.6750988455181,0.144332583281277,"f"
5875,-0.479145235260334,55.6795261114168,0.144324379714162,"f"
5876,-0.479355823559547,55.6839420270341,0.144316203834725,"f"
5877,-0.479564513228543,55.6883469341151,0.144308055385191,"f"
5878,-0.479771393837432,55.6927411774627,0.144299934104567,"f"
5879,-0.479976554956322,55.6971251018803,0.144291839731858,"f"
5880,-0.480180086155324,55.7014990521708,0.14428377200607,"f"
5881,-0.480382077004547,55.7058633731374,0.144275730666208,"f"
5882,-0.480582617074101,55.7102184095833,0.144267715451278,"f"
5883,-0.480781795934096,55.7145645063116,0.144259726100284,"f"
5884,-0.480979703154641,55.7189020081254,0.144251762352233,"f"
5885,-0.481176428305845,55.7232312598278,0.14424382394613,"f"
5886,-0.481372060957819,55.7275526062221,0.14423591062098,"f"
5887,-0.481566690680672,55.7318663921112,0.14422802211579,"f"
5888,-0.481760407044514,55.7361729622984,0.144220158169563,"f"
5889,-0.481953299619454,55.7404726615868,0.144212318521307,"f"
5890,-0.482145457975603,55.7447658347795,0.144204502910026,"f"
5891,-0.482336971683069,55.7490528266796,0.144196711074726,"f"
5892,-0.482527930311962,55.7533339820903,0.144188942754412,"f"
5893,-0.482718423432392,55.7576096458148,0.144181197688091,"f"
5894,-0.482908540614469,55.761880162656,0.144173475614766,"f"
5895,-0.483098371428302,55.7661458774173,0.144165776273444,"f"
5896,-0.483288005444,55.7704071349016,0.144158099403131,"f"
5897,-0.483477532231675,55.7746642799122,0.144150444742832,"f"
5898,-0.483667041361434,55.7789176572522,0.144142812031551,"f"
5899,-0.483856622403388,55.7831676117247,0.144135201008296,"f"
5900,-0.484046364927647,55.7874144881328,0.14412761141207,"f"
5901,-0.48423635850432,55.7916586312796,0.144120042981881,"f"
5902,-0.484426692703516,55.7959003859684,0.144112495456732,"f"
5903,-0.484617457095346,55.8001400970022,0.14410496857563,"f"
5904,-0.484808741249918,55.8043781091842,0.144097462077581,"f"
5905,-0.485000634737343,55.8086147673175,0.144089975701589,"f"
5906,-0.485193206671099,55.8128503198946,0.144082509140981,"f"
5907,-0.485386445132072,55.8170846339038,0.144075061908142,"f"
5908,-0.485580318139556,55.8213174818825,0.144067633470661,"f"
5909,-0.485774793712845,55.8255486363683,0.144060223296123,"f"
5910,-0.485969839871234,55.8297778698985,0.144052830852119,"f"
5911,-0.486165424634016,55.8340049550107,0.144045455606235,"f"
5912,-0.486361516020487,55.8382296642423,0.144038097026059,"f"
5913,-0.486558082049941,55.8424517701309,0.14403075457918,"f"
5914,-0.486755090741673,55.8466710452138,0.144023427733185,"f"
5915,-0.486952510114975,55.8508872620287,0.144016115955663,"f"
5916,-0.487150308189144,55.8551001931129,0.1440088187142,"f"
5917,-0.487348452983473,55.859309611004,0.144001535476385,"f"
5918,-0.487546912517257,55.8635152882394,0.143994265709807,"f"
5919,-0.48774565480979,55.8677169973567,0.143987008882052,"f"
5920,-0.487944647880367,55.8719145108932,0.143979764460708,"f"
5921,-0.488143859748282,55.8761076013864,0.143972531913365,"f"
5922,-0.488343258432829,55.880296041374,0.143965310707609,"f"
5923,-0.488542811953302,55.8844796033932,0.143958100311028,"f"
5924,-0.488742488328997,55.8886580599817,0.143950900191211,"f"
5925,-0.488942255579207,55.8928311836769,0.143943709815744,"f"
5926,-0.489142081723227,55.8969987470162,0.143936528652217,"f"
5927,-0.489341934780351,55.9011605225372,0.143929356168217,"f"
5928,-0.489541782769874,55.9053162827773,0.143922191831332,"f"
5929,-0.48974159371109,55.909465800274,0.14391503510915,"f"
5930,-0.489941335623294,55.9136088475648,0.143907885469259,"f"
5931,-0.490140976525779,55.9177451971872,0.143900742379246,"f"
5932,-0.490340484437841,55.9218746216786,0.1438936053067,"f"
5933,-0.490539827378773,55.9259968935766,0.143886473719208,"f"
5934,-0.49073897336787,55.9301117854186,0.143879347084359,"f"
5935,-0.490937890424426,55.9342190697421,0.14387222486974,"f"
5936,-0.491136549471794,55.938318530328,0.143865106619564,"f"
5937,-0.491334952762676,55.9424100722538,0.143857992704677,"f"
5938,-0.491533121665064,55.9464936746044,0.143850884000289,"f"
5939,-0.491731077819682,55.950569317521,0.143843781388805,"f"
5940,-0.491928842867255,55.9546369811445,0.143836685752632,"f"
5941,-0.492126438448508,55.958696645616,0.143829597974174,"f"
5942,-0.492323886204165,55.9627482910764,0.143822518935838,"f"
5943,-0.49252120777495,55.9667918976669,0.143815449520029,"f"
5944,-0.492718424801588,55.9708274455283,0.143808390609152,"f"
5945,-0.492915558924804,55.9748549148018,0.143801343085613,"f"
5946,-0.493112631785322,55.9788742856283,0.143794307831818,"f"
5947,-0.493309665023867,55.9828855381489,0.143787285730173,"f"
5948,-0.493506680281163,55.9868886525046,0.143780277663083,"f"
5949,-0.493703699197935,55.9908836088364,0.143773284512953,"f"
5950,-0.493900743414907,55.9948703872853,0.143766307162189,"f"
5951,-0.494097834572804,55.9988489679923,0.143759346493198,"f"
5952,-0.49429499431235,56.0028193310985,0.143752403388383,"f"
5953,-0.49449224427427,56.0067814567449,0.143745478730152,"f"
5954,-0.494689606099289,56.0107353250725,0.14373857340091,"f"
5955,-0.49488710142813,56.0146809162222,0.143731688283062,"f"
5956,-0.495084751901519,56.0186182103352,0.143724824259013,"f"
5957,-0.49528257916018,56.0225471875525,0.143717982211171,"f"
5958,-0.495480604844837,56.026467828015,0.143711163021939,"f"
5959,-0.495678850596215,56.0303801118638,0.143704367573724,"f"
5960,-0.495877338055039,56.0342840192399,0.143697596748932,"f"
5961,-0.496076088862034,56.0381795302843,0.143690851429967,"f"
5962,-0.496275124657922,56.0420666251381,0.143684132499236,"f"
5963,-0.49647446708343,56.0459452839422,0.143677440839145,"f"
5964,-0.496674137779282,56.0498154868377,0.143670777332098,"f"
5965,-0.496874158386202,56.0536772139656,0.143664142860501,"f"
5966,-0.497074549770847,56.0575304474459,0.143657538295974,"f"
5967,-0.497275297005012,56.0613752609108,0.143650964011331,"f"
5968,-0.497476335063792,56.0652118560687,0.143644419681287,"f"
5969,-0.497677595186142,56.0690404441797,0.143637904928492,"f"
5970,-0.497879008611018,56.0728612365039,0.143631419375597,"f"
5971,-0.498080506577375,56.0766744443012,0.143624962645253,"f"
5972,-0.498282020324168,56.0804802788318,0.143618534360111,"f"
5973,-0.498483481090353,56.0842789513557,0.143612134142821,"f"
5974,-0.498684820114885,56.088070673133,0.143605761616034,"f"
5975,-0.498885968636719,56.0918556554238,0.1435994164024,"f"
5976,-0.499086857894811,56.0956341094881,0.143593098124572,"f"
5977,-0.499287419128116,56.0994062465859,0.143586806405199,"f"
5978,-0.499487583575589,56.1031722779775,0.143580540866932,"f"
5979,-0.499687282476186,56.1069324149227,0.143574301132422,"f"
5980,-0.499886447068862,56.1106868686818,0.143568086824319,"f"
5981,-0.500085008592573,56.1144358505147,0.143561897565275,"f"
5982,-0.500282898286273,56.1181795716815,0.143555732977941,"f"
5983,-0.500480047388919,56.1219182434423,0.143549592684966,"f"
5984,-0.500676387139465,56.1256520770571,0.143543476309002,"f"
5985,-0.500871848776866,56.1293812837861,0.143537383472699,"f"
5986,-0.501066363540079,56.1331060748892,0.143531313798709,"f"
5987,-0.501259862668059,56.1368266616266,0.143525266909681,"f"
5988,-0.50145227739976,56.1405432552582,0.143519242428268,"f"
5989,-0.501643538974138,56.1442560670443,0.143513239977119,"f"
5990,-0.501833578630149,56.1479653082448,0.143507259178885,"f"
5991,-0.502022327606747,56.1516711901198,0.143501299656217,"f"
5992,-0.502209717142889,56.1553739239294,0.143495361031766,"f"
5993,-0.50239567847753,56.1590737209336,0.143489442928183,"f"
5994,-0.502580142849624,56.1627707923925,0.143483544968118,"f"
5995,-0.502763041498127,56.1664653495662,0.143477666774222,"f"
5996,-0.502944305661996,56.1701576037147,0.143471807969146,"f"
5997,-0.503123874365351,56.173847746826,0.143465968178095,"f"
5998,-0.503301769659408,56.1775357653553,0.143460147053524,"f"
5999,-0.503478063812802,56.1812215214452,0.143454344264365,"f"
6000,-0.503652829792779,56.1849048755087,0.143448559479783,"f"
6001,-0.503826140566584,56.1885856879591,0.14344279236894,"f"
6002,-0.503998069101463,56.1922638192094,0.143437042600999,"f"
6003,-0.504168688364661,56.1959391296726,0.143431309845125,"f"
6004,-0.504338071323424,56.1996114797621,0.143425593770479,"f"
6005,-0.504506290944997,56.2032807298908,0.143419894046225,"f"
6006,-0.504673420196625,56.2069467404718,0.143414210341527,"f"
6007,-0.504839532045555,56.2106093719184,0.143408542325547,"f"
6008,-0.505004699459032,56.2142684846436,0.143402889667449,"f"
6009,-0.505168995404301,56.2179239390605,0.143397252036395,"f"
6010,-0.505332492848608,56.2215755955823,0.143391629101549,"f"
6011,-0.505495264759198,56.2252233146221,0.143386020532075,"f"
6012,-0.505657384103317,56.2288669565929,0.143380425997135,"f"
6013,-0.505818923848211,56.232506381908,0.143374845165892,"f"
6014,-0.505979956961124,56.2361414509804,0.143369277707511,"f"
6015,-0.506140556409302,56.2397720242232,0.143363723291153,"f"
6016,-0.506300795159991,56.2433979620496,0.143358181585982,"f"
6017,-0.506460746180437,56.2470191248727,0.143352652261161,"f"
6018,-0.506620482437885,56.2506353731056,0.143347134985854,"f"
6019,-0.506780076899579,56.2542465671614,0.143341629429224,"f"
6020,-0.506939602532767,56.2578525674532,0.143336135260433,"f"
6021,-0.507099132304693,56.2614532343942,0.143330652148645,"f"
6022,-0.507258739182603,56.2650484283975,0.143325179763023,"f"
6023,-0.507418496133743,56.2686380098762,0.143319717772731,"f"
6024,-0.507578476125357,56.2722218392434,0.143314265846931,"f"
6025,-0.507738752124692,56.2757997769122,0.143308823654787,"f"
6026,-0.507899397098993,56.2793716832958,0.143303390865462,"f"
6027,-0.508060483167396,56.2829374190864,0.143297967151625,"f"
6028,-0.508222044032864,56.2864968576208,0.143292552344766,"f"
6029,-0.508384060093166,56.2900498897811,0.143287146496746,"f"
6030,-0.508546507819641,56.2935964077418,0.143281749675662,"f"
6031,-0.508709363683631,56.2971363036772,0.143276361949609,"f"
6032,-0.508872604156477,56.3006694697618,0.143270983386682,"f"
6033,-0.50903620570952,56.30419579817,0.143265614054976,"f"
6034,-0.5092001448141,56.3077151810762,0.143260254022587,"f"
6035,-0.509364397941557,56.3112275106549,0.14325490335761,"f"
6036,-0.509528941563234,56.3147326790805,0.143249562128141,"f"
6037,-0.50969375215047,56.3182305785273,0.143244230402275,"f"
6038,-0.509858806174606,56.3217211011699,0.143238908248106,"f"
6039,-0.510024080106983,56.3252041391827,0.143233595733731,"f"
6040,-0.510189550418942,56.32867958474,0.143228292927245,"f"
6041,-0.510355193581823,56.3321473300163,0.143222999896743,"f"
6042,-0.510520986066968,56.3356072671861,0.14321771671032,"f"
6043,-0.510686904345717,56.3390592884237,0.143212443436072,"f"
6044,-0.51085292488941,56.3425032859036,0.143207180142094,"f"
6045,-0.511019024169389,56.3459391518002,0.143201926896481,"f"
6046,-0.511185178656994,56.3493667782879,0.14319668376733,"f"
6047,-0.511351364823567,56.3527860575411,0.143191450822734,"f"
6048,-0.511517559140447,56.3561968817344,0.14318622813079,"f"
6049,-0.511683738078976,56.3595991430421,0.143181015759592,"f"
6050,-0.511849878110494,56.3629927336386,0.143175813777237,"f"
6051,-0.512015955706342,56.3663775456983,0.143170622251819,"f"
6052,-0.512181947337861,56.3697534713957,0.143165441251433,"f"
6053,-0.512347829476391,56.3731204029053,0.143160270844176,"f"
6054,-0.512513578593274,56.3764782324013,0.143155111098142,"f"
6055,-0.51267917115985,56.3798268520584,0.143149962081427,"f"
6056,-0.51284458364746,56.3831661540508,0.143144823862126,"f"
6057,-0.513009792528551,56.3864960305679,0.143139696508346,"f"
6058,-0.513174780595377,56.3898164588987,0.143134580157402,"f"
6059,-0.513339551816369,56.3931277014815,0.143129475178504,"f"
6060,-0.513504114590278,56.3964300804112,0.143124381989376,"f"
6061,-0.513668477315854,56.3997239177825,0.143119301007744,"f"
6062,-0.51383264839185,56.4030095356904,0.143114232651333,"f"
6063,-0.513996636217016,56.4062872562299,0.143109177337868,"f"
6064,-0.514160449190104,56.4095574014957,0.143104135485074,"f"
6065,-0.514324095709865,56.4128202935829,0.143099107510676,"f"
6066,-0.514487584175049,56.4160762545863,0.1430940938324,"f"
6067,-0.514650922984409,56.4193256066007,0.14308909486797,"f"
6068,-0.514814120536695,56.4225686717212,0.143084111035112,"f"
6069,-0.514977185230659,56.4258057720425,0.143079142751552,"f"
6070,-0.515140125465051,56.4290372296597,0.143074190435013,"f"
6071,-0.515302949638624,56.4322633666675,0.143069254503221,"f"
6072,-0.515465666150127,56.435484505161,0.143064335373902,"f"
6073,-0.515628283398313,56.4387009672349,0.14305943346478,"f"
6074,-0.515790809781933,56.4419130749842,0.143054549193581,"f"
6075,-0.515953253699737,56.4451211505038,0.14304968297803,"f"
6076,-0.516115623550477,56.4483255158885,0.143044835235852,"f"
6077,-0.516277927732904,56.4515264932334,0.143040006384772,"f"
6078,-0.51644017464577,56.4547244046332,0.143035196842515,"f"
6079,-0.516602372687825,56.4579195721829,0.143030407026807,"f"
6080,-0.516764530257821,56.4611123179774,0.143025637355372,"f"
6081,-0.516926655754509,56.4643029641115,0.143020888245936,"f"
6082,-0.517088757576639,56.4674918326803,0.143016160116224,"f"
6083,-0.517250844122964,56.4706792457784,0.14301145338396,"f"
6084,-0.517412923792235,56.473865525501,0.143006768466871,"f"
6085,-0.517575004983202,56.4770509939428,0.143002105782682,"f"
6086,-0.517737096094617,56.4802359731988,0.142997465749116,"f"
6087,-0.517899205525231,56.4834207853638,0.142992848783901,"f"
6088,-0.518061341733869,56.4866057474546,0.142988255297624,"f"
6089,-0.518223515845319,56.4897909511284,0.142983685384207,"f"
6090,-0.518385742651941,56.4929761780147,0.142979138701927,"f"
6091,-0.518548037212904,56.4961611871893,0.142974614877371,"f"
6092,-0.518710414587376,56.4993457377276,0.142970113537124,"f"
6093,-0.518872889834524,56.5025295887055,0.142965634307772,"f"
6094,-0.519035478013518,56.5057124991986,0.142961176815901,"f"
6095,-0.519198194183525,56.5088942282825,0.142956740688097,"f"
6096,-0.519361053403715,56.512074535033,0.142952325550946,"f"
6097,-0.519524070733253,56.5152531785256,0.142947931031034,"f"
6098,-0.519687261231311,56.5184299178362,0.142943556754946,"f"
6099,-0.519850639957054,56.5216045120403,0.142939202349269,"f"
6100,-0.520014221969652,56.5247767202136,0.142934867440589,"f"
6101,-0.520178022328273,56.5279463014318,0.14293055165549,"f"
6102,-0.520342056092085,56.5311130147706,0.142926254620561,"f"
6103,-0.520506338320256,56.5342766193056,0.142921975962385,"f"
6104,-0.520670884071955,56.5374368741125,0.14291771530755,"f"
6105,-0.520835708406349,56.540593538267,0.142913472282641,"f"
6106,-0.521000826382607,56.5437463708447,0.142909246514244,"f"
6107,-0.521166253059897,56.5468951309214,0.142905037628944,"f"
6108,-0.521332003497388,56.5500395775727,0.142900845253329,"f"
6109,-0.521498092754247,56.5531794698742,0.142896669013983,"f"
6110,-0.521664535889643,56.5563145669017,0.142892508537493,"f"
6111,-0.521831347962744,56.5594446277307,0.142888363450444,"f"
6112,-0.521998544032718,56.5625694114371,0.142884233379423,"f"
6113,-0.522166139158733,56.5656886770964,0.142880117951015,"f"
6114,-0.522334148399959,56.5688021837843,0.142876016791807,"f"
6115,-0.522502586815562,56.5719096905766,0.142871929528383,"f"
6116,-0.522671469464711,56.5750109565488,0.142867855787331,"f"
6117,-0.522840811406574,56.5781057407766,0.142863795195236,"f"
6118,-0.523010627696386,56.5811938023453,0.142859747378671,"f"
6119,-0.523180914078911,56.5842749469697,0.142855711902716,"f"
6120,-0.523351602215214,56.5873491351102,0.142851688128379,"f"
6121,-0.523522610490166,56.5904163592858,0.142847675374387,"f"
6122,-0.523693857288637,56.5934766120155,0.142843672959471,"f"
6123,-0.523865260995499,56.5965298858182,0.142839680202359,"f"
6124,-0.524036739995622,56.5995761732129,0.142835696421782,"f"
6125,-0.524208212673877,56.6026154667185,0.142831720936467,"f"
6126,-0.524379597415135,56.6056477588539,0.142827753065145,"f"
6127,-0.524550812604267,56.6086730421382,0.142823792126544,"f"
6128,-0.524721776626144,56.6116913090902,0.142819837439394,"f"
6129,-0.524892407865636,56.614702552229,0.142815888322423,"f"
6130,-0.525062624707614,56.6177067640735,0.142811944094362,"f"
6131,-0.525232345536949,56.6207039371426,0.142808004073939,"f"
6132,-0.525401488738512,56.6236940639553,0.142804067579883,"f"
6133,-0.525569972697174,56.6266771370305,0.142800133930924,"f"
6134,-0.525737715797805,56.6296531488873,0.142796202445791,"f"
6135,-0.525904636425277,56.6326220920445,0.142792272443213,"f"
6136,-0.52607065296446,56.6355839590212,0.14278834324192,"f"
6137,-0.526235683800225,56.6385387423362,0.142784414160639,"f"
6138,-0.526399647317443,56.6414864345085,0.142780484518102,"f"
6139,-0.526562461900985,56.6444270280571,0.142776553633037,"f"
6140,-0.526724045935721,56.6473605155009,0.142772620824172,"f"
6141,-0.526884317806523,56.650286889359,0.142768685410238,"f"
6142,-0.52704319589826,56.6532061421501,0.142764746709964,"f"
6143,-0.527200598595805,56.6561182663934,0.142760804042078,"f"
6144,-0.527356444284028,56.6590232546077,0.142756856725311,"f"
6145,-0.527510651347799,56.661921099312,0.14275290407839,"f"
6146,-0.52766313817199,56.6648117930253,0.142748945420046,"f"
6147,-0.527813823141471,56.6676953282665,0.142744980069008,"f"
6148,-0.527962624641113,56.6705716975545,0.142741007344004,"f"
6149,-0.528109472694004,56.6734409039198,0.142737026696735,"f"
6150,-0.528254399724656,56.6763030428797,0.142733038748872,"f"
6151,-0.528397491355862,56.6791582579993,0.142729044729896,"f"
6152,-0.528538833664366,56.6820066932537,0.142725045874475,"f"
6153,-0.528678512726914,56.6848484926179,0.142721043417274,"f"
6154,-0.528816614620248,56.687683800067,0.142717038592961,"f"
6155,-0.528953225421115,56.6905127595761,0.142713032636203,"f"
6156,-0.529088431206258,56.6933355151202,0.142709026781668,"f"
6157,-0.529222318052421,56.6961522106744,0.142705022264021,"f"
6158,-0.52935497203635,56.6989629902138,0.142701020317932,"f"
6159,-0.529486479234789,56.7017679977133,0.142697022178065,"f"
6160,-0.529616925724482,56.7045673771482,0.142693029079089,"f"
6161,-0.529746397582173,56.7073612724935,0.14268904225567,"f"
6162,-0.529874980884608,56.7101498277242,0.142685062942476,"f"
6163,-0.530002761708531,56.7129331868154,0.142681092374174,"f"
6164,-0.530129826130685,56.7157114937422,0.14267713178543,"f"
6165,-0.530256260227817,56.7184848924796,0.142673182410912,"f"
6166,-0.530382150076669,56.7212535270027,0.142669245485287,"f"
6167,-0.530507581753987,56.7240175412866,0.142665322243222,"f"
6168,-0.530632641336515,56.7267770793063,0.142661413919384,"f"
6169,-0.530757414900998,56.7295322850369,0.14265752174844,"f"
6170,-0.530881988524179,56.7322833024535,0.142653646965057,"f"
6171,-0.531006448282805,56.7350302755312,0.142649790803902,"f"
6172,-0.531130880253618,56.7377733482449,0.142645954499642,"f"
6173,-0.531255370513363,56.7405126645698,0.142642139286944,"f"
6174,-0.531380005138786,56.743248368481,0.142638346400476,"f"
6175,-0.53150487020663,56.7459806039534,0.142634577074905,"f"
6176,-0.53163005179364,56.7487095149623,0.142630832544896,"f"
6177,-0.531755635976561,56.7514352454826,0.142627114045119,"f"
6178,-0.531881708832136,56.7541579394894,0.142623422810238,"f"
6179,-0.532008356431515,56.7568777409525,0.142619760074834,"f"
6180,-0.532135641039389,56.7595947714829,0.142616126695578,"f"
6181,-0.532263546674001,56.7623090792035,0.142612522287052,"f"
6182,-0.5323920413017,56.7650206971613,0.142608946209027,"f"
6183,-0.53252109288884,56.7677296584032,0.142605397821276,"f"
6184,-0.532650669401771,56.7704359959763,0.142601876483571,"f"
6185,-0.532780738806845,56.7731397429276,0.142598381555684,"f"
6186,-0.532911269070413,56.7758409323041,0.142594912397388,"f"
6187,-0.533042228158826,56.7785395971529,0.142591468368454,"f"
6188,-0.533173584038437,56.7812357705208,0.142588048828655,"f"
6189,-0.533305304675597,56.7839294854551,0.142584653137763,"f"
6190,-0.533437358036656,56.7866207750025,0.14258128065555,"f"
6191,-0.533569712087967,56.7893096722103,0.142577930741788,"f"
6192,-0.533702334795881,56.7919962101253,0.14257460275625,"f"
6193,-0.53383519412675,56.7946804217947,0.142571296058707,"f"
6194,-0.533968258046924,56.7973623402653,0.142568010008931,"f"
6195,-0.534101494522756,56.8000419985843,0.142564743966696,"f"
6196,-0.534234871520597,56.8027194297986,0.142561497291772,"f"
6197,-0.534368357006798,56.8053946669553,0.142558269343933,"f"
6198,-0.53450191894771,56.8080677431014,0.14255505948295,"f"
6199,-0.534635525309686,56.8107386912839,0.142551867068596,"f"
6200,-0.534769144059077,56.8134075445497,0.142548691460642,"f"
6201,-0.534902743162234,56.816074335946,0.142545532018861,"f"
6202,-0.535036290585508,56.8187390985197,0.142542388103025,"f"
6203,-0.535169754295251,56.8214018653178,0.142539259072907,"f"
6204,-0.535303102257815,56.8240626693874,0.142536144288278,"f"
6205,-0.535436302439551,56.8267215437755,0.14253304310891,"f"
6206,-0.53556932280681,56.829378521529,0.142529954894576,"f"
6207,-0.535702131325944,56.832033635695,0.142526879005047,"f"
6208,-0.535834695963305,56.8346869193206,0.142523814800097,"f"
6209,-0.535966984685243,56.8373384054526,0.142520761639497,"f"
6210,-0.536098969855137,56.8399881061367,0.14251771889173,"f"
6211,-0.53623066210678,56.8426358506269,0.142514686001089,"f"
6212,-0.536362091779157,56.8452813740592,0.142511662450904,"f"
6213,-0.536493289374105,56.847924410792,0.142508647724828,"f"
6214,-0.536624285393465,56.8505646951833,0.14250564130651,"f"
6215,-0.536755110339072,56.8532019615916,0.142502642679605,"f"
6216,-0.536885794712767,56.8558359443748,0.142499651327762,"f"
6217,-0.537016369016387,56.8584663778914,0.142496666734635,"f"
6218,-0.53714686375177,56.8610929964995,0.142493688383874,"f"
6219,-0.537277309420754,56.8637155345573,0.142490715759132,"f"
6220,-0.537407736525178,56.8663337264231,0.142487748344061,"f"
6221,-0.53753817556688,56.8689473064551,0.142484785622312,"f"
6222,-0.537668657047698,56.8715560090114,0.142481827077537,"f"
6223,-0.53779921146947,56.8741595684504,0.142478872193388,"f"
6224,-0.537929869334035,56.8767577191302,0.142475920453516,"f"
6225,-0.53806066114323,56.8793501954091,0.142472971341574,"f"
6226,-0.538191617398895,56.8819367316453,0.142470024341213,"f"
6227,-0.538322768602866,56.8845170621969,0.142467078936085,"f"
6228,-0.538454145256983,56.8870909214223,0.142464134609843,"f"
6229,-0.538585777863083,56.8896580436797,0.142461190846136,"f"
6230,-0.538717696923005,56.8922181633273,0.142458247128619,"f"
6231,-0.538849932938587,56.8947710147232,0.142455302940941,"f"
6232,-0.538982516411667,56.8973163322257,0.142452357766756,"f"
6233,-0.539115477844084,56.8998538501931,0.142449411089715,"f"
6234,-0.539248847737675,56.9023833029836,0.142446462393469,"f"
6235,-0.539382656594279,56.9049044249553,0.142443511161671,"f"
6236,-0.539516934915734,56.9074169504666,0.142440556877972,"f"
6237,-0.539651713203878,56.9099206138756,0.142437599026024,"f"
6238,-0.539787021960549,56.9124151495405,0.14243463708948,"f"
6239,-0.539922891687586,56.9149002918196,0.142431670551989,"f"
6240,-0.540059351125298,56.9173757831907,0.142428698914856,"f"
6241,-0.540196372593569,56.9198416261943,0.142425722244704,"f"
6242,-0.540333861420694,56.9222981321604,0.142422741279399,"f"
6243,-0.540471719039642,56.924745630374,0.14241975679584,"f"
6244,-0.540609846883382,56.92718445012,0.142416769570924,"f"
6245,-0.540748146384883,56.9296149206833,0.142413780381549,"f"
6246,-0.540886518977114,56.9320373713489,0.142410790004613,"f"
6247,-0.541024866093044,56.9344521314018,0.142407799217013,"f"
6248,-0.541163089165641,56.9368595301269,0.142404808795646,"f"
6249,-0.541301089627875,56.9392598968091,0.142401819517411,"f"
6250,-0.541438768912714,56.9416535607335,0.142398832159205,"f"
6251,-0.541576028453128,56.9440408511849,0.142395847497926,"f"
6252,-0.541712769682084,56.9464220974483,0.142392866310471,"f"
6253,-0.541848894032553,56.9487976288087,0.142389889373739,"f"
6254,-0.541984302937502,56.9511677745509,0.142386917464625,"f"
6255,-0.542118897829901,56.9535328639601,0.142383951360029,"f"
6256,-0.542252580142718,56.955893226321,0.142380991836848,"f"
6257,-0.542385251308923,56.9582491909188,0.14237803967198,"f"
6258,-0.542516812761484,56.9606010870382,0.142375095642322,"f"
6259,-0.54264716593337,56.9629492439643,0.142372160524771,"f"
6260,-0.542776212257551,56.965293990982,0.142369235096226,"f"
6261,-0.542903853166994,56.9676356573763,0.142366320133584,"f"
6262,-0.543029990094669,56.9699745724321,0.142363416413743,"f"
6263,-0.543154524473544,56.9723110654343,0.1423605247136,"f"
6264,-0.543277357736589,56.974645465668,0.142357645810053,"f"
6265,-0.543398391316773,56.9769781024181,0.14235478048,"f"
6266,-0.543517526647063,56.9793093049694,0.142351929500338,"f"
6267,-0.54363466516043,56.9816394026071,0.142349093647965,"f"
6268,-0.543749708289842,56.9839687246159,0.142346273699779,"f"
6269,-0.543862557468268,56.986297600281,0.142343470432677,"f"
6270,-0.543973114128676,56.9886263588871,0.142340684623556,"f"
6271,-0.544081299180853,56.9909552918547,0.142337916926128,"f"
6272,-0.544187201229441,56.9932843645909,0.142335166933459,"f"
6273,-0.544290994456321,56.9956133761332,0.142332433697356,"f"
6274,-0.544392853728027,56.9979421241881,0.142329716265295,"f"
6275,-0.544492953911097,57.0002704064621,0.142327013684752,"f"
6276,-0.544591469872066,57.0025980206618,0.142324325003202,"f"
6277,-0.544688576477472,57.0049247644938,0.142321649268121,"f"
6278,-0.544784448593849,57.0072504356644,0.142318985526986,"f"
6279,-0.544879261087734,57.0095748318804,0.142316332827271,"f"
6280,-0.544973188825663,57.011897750848,0.142313690216453,"f"
6281,-0.545066406674173,57.014218990274,0.142311056742007,"f"
6282,-0.545159089499799,57.0165383478649,0.14230843145141,"f"
6283,-0.545251412169078,57.0188556213271,0.142305813392137,"f"
6284,-0.545343549548546,57.0211706083671,0.142303201611664,"f"
6285,-0.545435676504738,57.0234831066916,0.142300595157466,"f"
6286,-0.545527967904192,57.025792914007,0.142297993077021,"f"
6287,-0.545620598613443,57.0280998280199,0.142295394417802,"f"
6288,-0.545713743499027,57.0304036464368,0.142292798227287,"f"
6289,-0.545807577427481,57.0327041669641,0.142290203552951,"f"
6290,-0.54590227526534,57.0350011873086,0.14228760944227,"f"
6291,-0.545998011879142,57.0372945051765,0.14228501494272,"f"
6292,-0.546094962135421,57.0395839182746,0.142282419101776,"f"
6293,-0.546193300900714,57.0418692243093,0.142279820966915,"f"
6294,-0.546293203041558,57.0441502209871,0.142277219585611,"f"
6295,-0.546394843424488,57.0464267060145,0.142274614005342,"f"
6296,-0.546498396916041,57.0486984770982,0.142272003273582,"f"
6297,-0.546604038382752,57.0509653319446,0.142269386437809,"f"
6298,-0.546711942691158,57.0532270682602,0.142266762545496,"f"
6299,-0.546822284707796,57.0554834837516,0.142264130644121,"f"
6300,-0.5469352392992,57.0577343761253,0.142261489781159,"f"
6301,-0.547050976366281,57.0599795469063,0.142258839032951,"f"
6302,-0.547169509530215,57.0622189177987,0.142256178384301,"f"
6303,-0.547290668423383,57.0644525519933,0.142253508889548,"f"
6304,-0.547414272124395,57.0666805207969,0.142250831664381,"f"
6305,-0.547540139711862,57.0689028955164,0.14224814782449,"f"
6306,-0.547668090264394,57.0711197474584,0.142245458485562,"f"
6307,-0.547797942860603,57.0733311479299,0.142242764763288,"f"
6308,-0.5479295165791,57.0755371682376,0.142240067773357,"f"
6309,-0.548062630498496,57.0777378796882,0.142237368631457,"f"
6310,-0.5481971036974,57.0799333535887,0.142234668453277,"f"
6311,-0.548332755254425,57.0821236612456,0.142231968354507,"f"
6312,-0.548469404248181,57.084308873966,0.142229269450836,"f"
6313,-0.54860686975728,57.0864890630564,0.142226572857952,"f"
6314,-0.548744970860331,57.0886642998239,0.142223879691545,"f"
6315,-0.548883526635946,57.090834655575,0.142221191067304,"f"
6316,-0.549022356162736,57.0930002016166,0.142218508100918,"f"
6317,-0.549161278519312,57.0951610092555,0.142215831908076,"f"
6318,-0.549300112784285,57.0973171497985,0.142213163604467,"f"
6319,-0.549438678036265,57.0994686945524,0.14221050430578,"f"
6320,-0.549576793353863,57.101615714824,0.142207855127704,"f"
6321,-0.549714277815691,57.10375828192,0.142205217185929,"f"
6322,-0.549850950500359,57.1058964671472,0.142202591596143,"f"
6323,-0.549986630486478,57.1080303418125,0.142199979474035,"f"
6324,-0.550121136852659,57.1101599772226,0.142197381935294,"f"
6325,-0.550254288677513,57.1122854446843,0.14219480009561,"f"
6326,-0.550385905039651,57.1144068155044,0.142192235070672,"f"
6327,-0.550515805017684,57.1165241609897,0.142189687976168,"f"
6328,-0.550643807690222,57.1186375524469,0.142187159927788,"f"
6329,-0.550769732135877,57.120747061183,0.14218465204122,"f"
6330,-0.550893397433259,57.1228527585046,0.142182165432155,"f"
6331,-0.551014622748734,57.1249547157023,0.142179701215591,"f"
6332,-0.551133295533286,57.1270529914924,0.142177259970501,"f"
6333,-0.551249493677327,57.1291476095218,0.142174840780924,"f"
6334,-0.551363328010685,57.1312385873718,0.142172442472327,"f"
6335,-0.55147490936319,57.1333259426236,0.142170063870177,"f"
6336,-0.551584348564669,57.1354096928586,0.142167703799942,"f"
6337,-0.551691756444953,57.1374898556579,0.142165361087088,"f"
6338,-0.55179724383387,57.1395664486029,0.142163034557084,"f"
6339,-0.551900921561249,57.1416394892747,0.142160723035395,"f"
6340,-0.552002900456918,57.1437089952548,0.142158425347491,"f"
6341,-0.552103291350706,57.1457749841243,0.142156140318837,"f"
6342,-0.552202205072443,57.1478374734645,0.142153866774901,"f"
6343,-0.552299752451956,57.1498964808567,0.142151603541151,"f"
6344,-0.552396044319075,57.1519520238822,0.142149349443053,"f"
6345,-0.552491191503629,57.1540041201221,0.142147103306075,"f"
6346,-0.552585304835446,57.1560527871578,0.142144863955684,"f"
6347,-0.552678495144355,57.1580980425706,0.142142630217348,"f"
6348,-0.552770873260184,57.1601399039416,0.142140400916534,"f"
6349,-0.552862550012764,57.1621783888523,0.142138174878708,"f"
6350,-0.552953636231922,57.1642135148838,0.142135950929339,"f"
6351,-0.553044242747488,57.1662452996173,0.142133727893893,"f"
6352,-0.553134480389289,57.1682737606343,0.142131504597838,"f"
6353,-0.553224459987156,57.1702989155159,0.142129279866642,"f"
6354,-0.553314292370916,57.1723207818434,0.14212705252577,"f"
6355,-0.553404088370399,57.174339377198,0.142124821400691,"f"
6356,-0.553493958815433,57.1763547191611,0.142122585316872,"f"
6357,-0.553584014535847,57.1783668253139,0.14212034309978,"f"
6358,-0.553674366361471,57.1803757132377,0.142118093574883,"f"
6359,-0.553765125122132,57.1823814005137,0.142115835567647,"f"
6360,-0.553856401647659,57.1843839047232,0.14211356790354,"f"
6361,-0.553948306767882,57.1863832434474,0.14211128940803,"f"
6362,-0.554040949183502,57.1883794350329,0.142108998939533,"f"
6363,-0.55413437174298,57.1903725214942,0.142106696375602,"f"
6364,-0.554228540423266,57.192362572474,0.142104382783455,"f"
6365,-0.554323416851776,57.1943496591785,0.142102059297626,"f"
6366,-0.554418962655927,57.196333852814,0.142099727052649,"f"
6367,-0.554515139463138,57.1983152245864,0.142097387183055,"f"
6368,-0.554611908900826,57.2002938457019,0.14209504082338,"f"
6369,-0.554709232596407,57.2022697873667,0.142092689108154,"f"
6370,-0.5548070721773,57.2042431207869,0.142090333171913,"f"
6371,-0.55490538927092,57.2062139171687,0.142087974149189,"f"
6372,-0.555004145504686,57.2081822477181,0.142085613174515,"f"
6373,-0.555103302506015,57.2101481836413,0.142083251382425,"f"
6374,-0.555202821902325,57.2121117961444,0.142080889907451,"f"
6375,-0.555302665321031,57.2140731564337,0.142078529884128,"f"
6376,-0.555402794389553,57.2160323357151,0.142076172446987,"f"
6377,-0.555503170735306,57.2179894051949,0.142073818730562,"f"
6378,-0.555603755985708,57.2199444360791,0.142071469869387,"f"
6379,-0.555704511768177,57.221897499574,0.142069126997995,"f"
6380,-0.55580539971013,57.2238486668856,0.142066791250918,"f"
6381,-0.555906381438984,57.2257980092201,0.142064463762691,"f"
6382,-0.556007418582157,57.2277455977836,0.142062145667845,"f"
6383,-0.556108472767064,57.2296915037823,0.142059838100915,"f"
6384,-0.556209505621125,57.2316357984222,0.142057542196434,"f"
6385,-0.556310478771756,57.2335785529096,0.142055259088934,"f"
6386,-0.556411353846375,57.2355198384505,0.142052989912949,"f"
6387,-0.556512092472398,57.2374597262511,0.142050735803013,"f"
6388,-0.556612656277243,57.2393982875175,0.142048497893658,"f"
6389,-0.556713006888328,57.2413355934559,0.142046277319417,"f"
6390,-0.556813105933069,57.2432717152724,0.142044075214824,"f"
6391,-0.556912915038884,57.2452067241731,0.142041892714412,"f"
6392,-0.557012395856509,57.2471406912732,0.142039730952017,"f"
6393,-0.557111526943102,57.2490736217251,0.142037590555671,"f"
6394,-0.557210333564179,57.2510053384419,0.142035470756002,"f"
6395,-0.557308848983744,57.2529356331296,0.142033370544339,"f"
6396,-0.5574071064658,57.2548642974941,0.14203128891201,"f"
6397,-0.557505139274349,57.2567911232415,0.142029224850345,"f"
6398,-0.557602980673395,57.2587159020777,0.142027177350674,"f"
6399,-0.557700663926941,57.2606384257087,0.142025145404326,"f"
6400,-0.557798222298989,57.2625584858404,0.142023128002631,"f"
6401,-0.557895689053542,57.2644758741787,0.142021124136916,"f"
6402,-0.557993097454605,57.2663903824298,0.142019132798513,"f"
6403,-0.558090480766179,57.2683018022994,0.14201715297875,"f"
6404,-0.558187872252267,57.2702099254936,0.142015183668957,"f"
6405,-0.558285305176873,57.2721145437184,0.142013223860462,"f"
6406,-0.558382812804,57.2740154486797,0.142011272544596,"f"
6407,-0.558480428397651,57.2759124320834,0.142009328712688,"f"
6408,-0.558578185221828,57.2778052856356,0.142007391356067,"f"
6409,-0.558676116540535,57.2796938010422,0.142005459466061,"f"
6410,-0.558774255617774,57.2815777700092,0.142003532034002,"f"
6411,-0.558872635717549,57.2834569842424,0.142001608051218,"f"
6412,-0.558971290103863,57.285331235448,0.141999686509038,"f"
6413,-0.559070252040718,57.2872003153319,0.141997766398792,"f"
6414,-0.559169554792118,57.2890640155999,0.141995846711809,"f"
6415,-0.559269231622065,57.2909221279582,0.141993926439418,"f"
6416,-0.559369315794563,57.2927744441126,0.141992004572949,"f"
6417,-0.559469840573615,57.2946207557691,0.141990080103732,"f"
6418,-0.559570839223224,57.2964608546337,0.141988152023094,"f"
6419,-0.559672345007392,57.2982945324123,0.141986219322367,"f"
6420,-0.559774391190122,57.3001215808109,0.141984280992878,"f"
6421,-0.559877011035419,57.3019417915355,0.141982336025959,"f"
6422,-0.559980237807284,57.3037549562921,0.141980383412937,"f"
6423,-0.560084092935504,57.3055609008573,0.141978422312058,"f"
6424,-0.560188512939341,57.3073596954656,0.141976453079191,"f"
6425,-0.560293397256965,57.3091515171082,0.141974476593215,"f"
6426,-0.560398645171563,57.3109365432222,0.141972493735197,"f"
6427,-0.560504155966323,57.3127149512451,0.141970505386202,"f"
6428,-0.560609828924432,57.3144869186142,0.141968512427295,"f"
6429,-0.560715563329077,57.3162526227665,0.141966515739543,"f"
6430,-0.560821258463446,57.3180122411396,0.141964516204011,"f"
6431,-0.560926813610726,57.3197659511707,0.141962514701765,"f"
6432,-0.561032128054105,57.321513930297,0.14196051211387,"f"
6433,-0.561137101076769,57.3232563559559,0.141958509321393,"f"
6434,-0.561241631961907,57.3249934055846,0.141956507205399,"f"
6435,-0.561345619992705,57.3267252566205,0.141954506646954,"f"
6436,-0.561448964452351,57.3284520865008,0.141952508527124,"f"
6437,-0.561551564624032,57.3301740726628,0.141950513726974,"f"
6438,-0.561653319790936,57.3318913925439,0.14194852312757,"f"
6439,-0.56175412923625,57.3336042235812,0.141946537609978,"f"
6440,-0.561853892243161,57.3353127432122,0.141944558055264,"f"
6441,-0.561952508094857,57.337017128874,0.141942585344493,"f"
6442,-0.562049876074526,57.338717558004,0.141940620358731,"f"
6443,-0.562145895465353,57.3404142080395,0.141938663979044,"f"
6444,-0.562240465550527,57.3421072564178,0.141936717086498,"f"
6445,-0.562333485613236,57.3437968805761,0.141934780562158,"f"
6446,-0.562424854936666,57.3454832579517,0.14193285528709,"f"
6447,-0.562514472804005,57.347166565982,0.14193094214236,"f"
6448,-0.56260223849844,57.3488469821042,0.141929042009033,"f"
6449,-0.562688051303158,57.3505246837556,0.141927155768176,"f"
6450,-0.562771810501348,57.3521998483736,0.141925284300854,"f"
6451,-0.562853415376196,57.3538726533953,0.141923428488133,"f"
6452,-0.56293276521089,57.3555432762581,0.141921589211078,"f"
6453,-0.563009759385801,57.3572118943588,0.141919767350194,"f"
6454,-0.563084363059647,57.3588786576896,0.141917963406336,"f"
6455,-0.563156721419332,57.3605436412393,0.14191617684129,"f"
6456,-0.563227010172978,57.3622069072808,0.141914406940686,"f"
6457,-0.563295405028707,57.3638685180871,0.141912652990154,"f"
6458,-0.563362081694639,57.3655285359314,0.141910914275323,"f"
6459,-0.563427215878897,57.3671870230864,0.141909190081823,"f"
6460,-0.5634909832896,57.3688440418254,0.141907479695284,"f"
6461,-0.563553559634872,57.3704996544212,0.141905782401334,"f"
6462,-0.563615120622833,57.3721539231469,0.141904097485603,"f"
6463,-0.563675841961605,57.3738069102754,0.141902424233721,"f"
6464,-0.563735899359308,57.3754586780798,0.141900761931317,"f"
6465,-0.563795468524065,57.3771092888331,0.141899109864021,"f"
6466,-0.563854725163997,57.3787588048083,0.141897467317461,"f"
6467,-0.563913844987225,57.3804072882783,0.141895833577269,"f"
6468,-0.563973003701871,57.3820548015162,0.141894207929072,"f"
6469,-0.564032377016055,57.383701406795,0.141892589658501,"f"
6470,-0.5640921406379,57.3853471663877,0.141890978051185,"f"
6471,-0.564152470275527,57.3869921425672,0.141889372392754,"f"
6472,-0.564213541637056,57.3886363976067,0.141887771968837,"f"
6473,-0.56427553043061,57.390279993779,0.141886176065063,"f"
6474,-0.56433861236431,57.3919229933572,0.141884583967062,"f"
6475,-0.564402963146277,57.3935654586143,0.141882994960463,"f"
6476,-0.564468758484633,57.3952074518232,0.141881408330897,"f"
6477,-0.564536174087499,57.3968490352571,0.141879823363991,"f"
6478,-0.564605385662996,57.3984902711889,0.141878239345377,"f"
6479,-0.564676568919246,57.4001312218915,0.141876655560683,"f"
6480,-0.56474989956437,57.4017719496381,0.141875071295539,"f"
6481,-0.56482555330649,57.4034125167015,0.141873485835574,"f"
6482,-0.564903705853726,57.4050529853549,0.141871898466419,"f"
6483,-0.564984532914201,57.4066934178712,0.141870308473701,"f"
6484,-0.565068178436428,57.4083338507503,0.141868715204094,"f"
6485,-0.565154560842452,57.4099741374771,0.141867118437739,"f"
6486,-0.565243500962552,57.4116140523403,0.141865518142351,"f"
6487,-0.565334819236697,57.4132533693119,0.141863914286396,"f"
6488,-0.565428336104856,57.4148918623639,0.14186230683834,"f"
6489,-0.565523872006997,57.4165293054685,0.141860695766648,"f"
6490,-0.565621247383089,57.4181654725975,0.141859081039785,"f"
6491,-0.565720282673102,57.4198001377231,0.141857462626218,"f"
6492,-0.565820798317004,57.4214330748172,0.141855840494412,"f"
6493,-0.565922614754764,57.423064057852,0.141854214612832,"f"
6494,-0.56602555242635,57.4246928607993,0.141852584949945,"f"
6495,-0.566129431771733,57.4263192576313,0.141850951474215,"f"
6496,-0.566234073230879,57.42794302232,0.141849314154109,"f"
6497,-0.566339297243759,57.4295639288374,0.141847672958093,"f"
6498,-0.566444924250342,57.4311817511555,0.14184602785463,"f"
6499,-0.566550774690595,57.4327962632464,0.141844378812189,"f"
6500,-0.566656669004488,57.4344072390821,0.141842725799233,"f"
6501,-0.56676242763199,57.4360144526346,0.141841068784229,"f"
6502,-0.566867871013069,57.437617677876,0.141839407735642,"f"
6503,-0.566972819587695,57.4392166887782,0.141837742621938,"f"
6504,-0.567077093795836,57.4408112593133,0.141836073411582,"f"
6505,-0.567180514077461,57.4424011634534,0.141834400073041,"f"
6506,-0.567282900872539,57.4439861751704,0.141832722574779,"f"
6507,-0.567384074621039,57.4455660684365,0.141831040885262,"f"
6508,-0.56748385576293,57.4471406172235,0.141829354972957,"f"
6509,-0.56758206473818,57.4487095955036,0.141827664806328,"f"
6510,-0.567678521986758,57.4502727772488,0.141825970353842,"f"
6511,-0.567773047948634,57.4518299364311,0.141824271583963,"f"
6512,-0.567865463063776,57.4533808470225,0.141822568465157,"f"
6513,-0.567955587772152,57.4549252829951,0.141820860965891,"f"
6514,-0.568043248370919,57.4564630277321,0.141819149074872,"f"
6515,-0.568128407950871,57.4579940844145,0.141817433253571,"f"
6516,-0.568211167561149,57.4595186778924,0.141815714440245,"f"
6517,-0.56829163434103,57.4610370428016,0.141813993594201,"f"
6518,-0.568369915429786,57.4625494137775,0.141812271674743,"f"
6519,-0.568446117966694,57.464056025456,0.141810549641177,"f"
6520,-0.568520349091026,57.4655571124726,0.141808828452809,"f"
6521,-0.568592715942058,57.467052909463,0.141807109068944,"f"
6522,-0.568663325659063,57.4685436510629,0.141805392448888,"f"
6523,-0.568732285381318,57.4700295719079,0.141803679551946,"f"
6524,-0.568799702248095,57.4715109066336,0.141801971337424,"f"
6525,-0.568865683398669,57.4729878898758,0.141800268764627,"f"
6526,-0.568930335972316,57.4744607562701,0.141798572792861,"f"
6527,-0.568993767108309,57.4759297404521,0.141796884381432,"f"
6528,-0.569056083945923,57.4773950770575,0.141795204489644,"f"
6529,-0.569117393624432,57.4788570007219,0.141793534076804,"f"
6530,-0.569177803283111,57.480315746081,0.141791874102216,"f"
6531,-0.569237420061234,57.4817715477705,0.141790225525188,"f"
6532,-0.569296351098076,57.483224640426,0.141788589305023,"f"
6533,-0.569354703532912,57.4846752586832,0.141786966401027,"f"
6534,-0.569412584505015,57.4861236371776,0.141785357772507,"f"
6535,-0.56947010115366,57.4875700105451,0.141783764378767,"f"
6536,-0.569527360618122,57.4890146134212,0.141782187179113,"f"
6537,-0.569584470037675,57.4904576804415,0.141780627132851,"f"
6538,-0.569641536551593,57.4918994462418,0.141779085199286,"f"
6539,-0.569698667299152,57.4933401454577,0.141777562337724,"f"
6540,-0.569755969419626,57.4947800127248,0.14177605950747,"f"
6541,-0.569813550052288,57.4962192826789,0.141774577667829,"f"
6542,-0.569871516336414,57.4976581899555,0.141773117778108,"f"
6543,-0.569929975411278,57.4990969691903,0.141771680797612,"f"
6544,-0.569989034416154,57.5005358550189,0.141770267685646,"f"
6545,-0.570048788097761,57.50197504905,0.141768879136035,"f"
6546,-0.570109244107878,57.503414520777,0.141767513976813,"f"
6547,-0.570170372753699,57.5048541401676,0.141766170235997,"f"
6548,-0.570232144199619,57.5062937768083,0.141764845938543,"f"
6549,-0.570294528610038,57.5077333002861,0.141763539109411,"f"
6550,-0.570357496149351,57.5091725801879,0.141762247773558,"f"
6551,-0.570421016981957,57.5106114861003,0.141760969955942,"f"
6552,-0.570485061272253,57.5120498876104,0.141759703681521,"f"
6553,-0.570549599184637,57.5134876543048,0.141758446975252,"f"
6554,-0.570614600883505,57.5149246557704,0.141757197862095,"f"
6555,-0.570680036533255,57.516360761594,0.141755954367007,"f"
6556,-0.570745876298285,57.5177958413626,0.141754714514945,"f"
6557,-0.570812090342992,57.5192297646628,0.141753476330868,"f"
6558,-0.570878648831774,57.5206624010816,0.141752237839734,"f"
6559,-0.570945521929028,57.5220936202057,0.141750997066501,"f"
6560,-0.57101267979915,57.5235232916219,0.141749752036126,"f"
6561,-0.57108009260654,57.5249512849172,0.141748500773567,"f"
6562,-0.571147730515594,57.5263774696783,0.141747241303784,"f"
6563,-0.571215563690709,57.5278017154921,0.141745971651732,"f"
6564,-0.571283562296283,57.5292238919454,0.141744689842371,"f"
6565,-0.571351696496714,57.5306438686249,0.141743393900659,"f"
6566,-0.571419936456399,57.5320615151177,0.141742081851553,"f"
6567,-0.571488252339734,57.5334767010104,0.141740751720011,"f"
6568,-0.571556614311119,57.5348892958899,0.141739401530991,"f"
6569,-0.571624992534949,57.536299169343,0.141738029309451,"f"
6570,-0.571693357175623,57.5377061909565,0.14173663308035,"f"
6571,-0.571761678397538,57.5391102303174,0.141735210868644,"f"
6572,-0.571829926365091,57.5405111570123,0.141733760699293,"f"
6573,-0.57189807124268,57.5419088406282,0.141732280597254,"f"
6574,-0.571966083194702,57.5433031507519,0.141730768587484,"f"
6575,-0.572033933117859,57.5446939604928,0.141729222793902,"f"
6576,-0.572101608751849,57.5460812239816,0.1417276436165,"f"
6577,-0.572169114679365,57.5474649763701,0.141726033731343,"f"
6578,-0.572236456215406,57.5488452563329,0.141724395913456,"f"
6579,-0.57230363867497,57.5502221025443,0.141722732937866,"f"
6580,-0.572370667373056,57.551595553679,0.141721047579598,"f"
6581,-0.572437547624662,57.5529656484113,0.141719342613677,"f"
6582,-0.572504284744786,57.5543324254158,0.141717620815129,"f"
6583,-0.572570884048426,57.5556959233669,0.14171588495898,"f"
6584,-0.572637350850581,57.5570561809392,0.141714137820255,"f"
6585,-0.572703690466249,57.558413236807,0.14171238217398,"f"
6586,-0.572769908210428,57.559767129645,0.141710620795181,"f"
6587,-0.572836009398116,57.5611178981276,0.141708856458882,"f"
6588,-0.572901999344312,57.5624655809292,0.14170709194011,"f"
6589,-0.572967883364014,57.5638102167244,0.14170533001389,"f"
6590,-0.573033666772221,57.5651518441877,0.141703573455247,"f"
6591,-0.57309935488393,57.5664905019934,0.141701825039208,"f"
6592,-0.57316495301414,57.5678262288162,0.141700087540798,"f"
6593,-0.573230466477849,57.5691590633305,0.141698363735041,"f"
6594,-0.573295900590056,57.5704890442108,0.141696656396965,"f"
6595,-0.573361260665758,57.5718162101315,0.141694968301595,"f"
6596,-0.573426552019954,57.5731405997673,0.141693302223955,"f"
6597,-0.573491779967642,57.5744622517924,0.141691660939072,"f"
6598,-0.573556949823821,57.5757812048815,0.141690047221971,"f"
6599,-0.573622066903489,57.577097497709,0.141688463847679,"f"
6600,-0.573687136521644,57.5784111689494,0.141686913591219,"f"
6601,-0.573752163993284,57.5797222572772,0.141685399227619,"f"
6602,-0.573817154633408,57.5810308013669,0.141683923531902,"f"
6603,-0.573882113757013,57.5823368398929,0.141682489279097,"f"
6604,-0.573947046679099,57.5836404115298,0.141681099244226,"f"
6605,-0.57401195871267,57.5849415549181,0.141679756196731,"f"
6606,-0.574076854649375,57.5862402998517,0.141678461445043,"f"
6607,-0.574141738064959,57.5875366554915,0.141677212890241,"f"
6608,-0.574206612362158,57.5888306280624,0.141676007948578,"f"
6609,-0.57427148094371,57.5901222237897,0.141674844036307,"f"
6610,-0.57433634721235,57.5914114488985,0.14167371856968,"f"
6611,-0.574401214570815,57.5926983096139,0.141672628964952,"f"
6612,-0.574466086421841,57.593982812161,0.141671572638374,"f"
6613,-0.574530966168166,57.5952649627648,0.1416705470062,"f"
6614,-0.574595857212525,57.5965447676506,0.141669549484683,"f"
6615,-0.574660762957655,57.5978222330434,0.141668577490076,"f"
6616,-0.574725686806293,57.5990973651684,0.141667628438632,"f"
6617,-0.574790632161175,57.6003701702506,0.141666699746603,"f"
6618,-0.574855602425038,57.6016406545152,0.141665788830243,"f"
6619,-0.574920601000617,57.6029088241872,0.141664893105804,"f"
6620,-0.57498563129065,57.6041746854919,0.14166400998954,"f"
6621,-0.575050696697873,57.6054382446543,0.141663136897704,"f"
6622,-0.575115800625023,57.6066995078994,0.141662271246549,"f"
6623,-0.575180946474836,57.6079584814525,0.141661410452327,"f"
6624,-0.575246137650049,57.6092151715387,0.141660551931291,"f"
6625,-0.575311377553397,57.610469584383,0.141659693099695,"f"
6626,-0.575376669587619,57.6117217262105,0.141658831373792,"f"
6627,-0.575442017155449,57.6129716032465,0.141657964169834,"f"
6628,-0.575507423659625,57.6142192217159,0.141657088904074,"f"
6629,-0.575572892502883,57.6154645878439,0.141656202992766,"f"
6630,-0.57563842708796,57.6167077078557,0.141655303852163,"f"
6631,-0.575704030817592,57.6179485879763,0.141654388898517,"f"
6632,-0.575769707094516,57.6191872344308,0.141653455548081,"f"
6633,-0.575835459321468,57.6204236534444,0.141652501217108,"f"
6634,-0.575901290901184,57.6216578512421,0.141651523321852,"f"
6635,-0.575967205236402,57.6228898340491,0.141650519278565,"f"
6636,-0.576033205469197,57.6241196090142,0.141649486581651,"f"
6637,-0.57609928883697,57.62534720421,0.141648424495818,"f"
6638,-0.576165446722296,57.6265726684563,0.14164733404114,"f"
6639,-0.576231670257059,57.6277960514613,0.141646216312849,"f"
6640,-0.576297950573143,57.6290174029333,0.141645072406177,"f"
6641,-0.576364278802435,57.6302367725803,0.141643903416358,"f"
6642,-0.576430646076817,57.6314542101106,0.141642710438624,"f"
6643,-0.576497043528175,57.6326697652323,0.141641494568208,"f"
6644,-0.576563462288394,57.6338834876536,0.141640256900341,"f"
6645,-0.576629893489357,57.6350954270827,0.141638998530257,"f"
6646,-0.576696328262951,57.6363056332278,0.141637720553189,"f"
6647,-0.576762757741058,57.6375141557971,0.141636424064369,"f"
6648,-0.576829173055564,57.6387210444987,0.14163511015903,"f"
6649,-0.576895565338354,57.6399263490409,0.141633779932403,"f"
6650,-0.576961925721312,57.6411301191317,0.141632434479723,"f"
6651,-0.577028245336323,57.6423324044795,0.141631074896221,"f"
6652,-0.577094515315271,57.6435332547922,0.141629702277131,"f"
6653,-0.577160726790041,57.6447327197783,0.141628317717684,"f"
6654,-0.577226870892518,57.6459308491457,0.141626922313114,"f"
6655,-0.577292938754587,57.6471276926028,0.141625517158653,"f"
6656,-0.577358921508131,57.6483232998577,0.141624103349534,"f"
6657,-0.577424810285035,57.6495177206185,0.141622681980989,"f"
6658,-0.577490596217185,57.6507110045935,0.141621254148251,"f"
6659,-0.577556270436465,57.6519032014907,0.141619820946552,"f"
6660,-0.577621824074759,57.6530943610185,0.141618383471126,"f"
6661,-0.577687248263952,57.654284532885,0.141616942817205,"f"
6662,-0.577752534135929,57.6554737667984,0.141615500080021,"f"
6663,-0.577817672822574,57.6566621124668,0.141614056354807,"f"
6664,-0.577882655455773,57.6578496195985,0.141612612736796,"f"
6665,-0.577947473167408,57.6590363379015,0.141611170321221,"f"
6666,-0.578012117128707,57.6602223169526,0.141609730202622,"f"
6667,-0.578076588347603,57.6614075734473,0.141608293302836,"f"
6668,-0.578140910563846,57.6625920480952,0.141606860144583,"f"
6669,-0.578205110718377,57.6637756709053,0.141605431194381,"f"
6670,-0.578269215752138,57.6649583718867,0.141604006918746,"f"
6671,-0.57833325260607,57.6661400810483,0.141602587784197,"f"
6672,-0.578397248221114,57.6673207283993,0.141601174257249,"f"
6673,-0.578461229538214,57.6685002439485,0.141599766804421,"f"
6674,-0.578525223498309,57.6696785577052,0.14159836589223,"f"
6675,-0.578589257042342,57.6708555996782,0.141596971987192,"f"
6676,-0.578653357111254,57.6720312998766,0.141595585555824,"f"
6677,-0.578717550645987,57.6732055883094,0.141594207064644,"f"
6678,-0.578781864587482,57.6743783949857,0.141592836980169,"f"
6679,-0.578846325876681,57.6755496499145,0.141591475768917,"f"
6680,-0.578910961454525,57.6767192831047,0.141590123897403,"f"
6681,-0.578975798261957,57.6778872245655,0.141588781832146,"f"
6682,-0.579040863239917,57.6790534043059,0.141587450039662,"f"
6683,-0.579106183329348,57.6802177523348,0.141586128986468,"f"
6684,-0.57917178547119,57.6813801986613,0.141584819139082,"f"
6685,-0.579237696606385,57.6825406732944,0.141583520964021,"f"
6686,-0.579303943675876,57.6836991062432,0.141582234927802,"f"
6687,-0.579370553620603,57.6848554275167,0.141580961496942,"f"
6688,-0.579437553381508,57.6860095671239,0.141579701137959,"f"
6689,-0.579504969899532,57.6871614550738,0.141578454317368,"f"
6690,-0.579572830115618,57.6883110213754,0.141577221501688,"f"
6691,-0.579641160970707,57.6894581960378,0.141576003157436,"f"
6692,-0.57970998940574,57.69060290907,0.141574799751128,"f"
6693,-0.579779342361659,57.6917450904811,0.141573611749282,"f"
6694,-0.579849246779405,57.6928846702799,0.141572439618415,"f"
6695,-0.579919729599921,57.6940215784757,0.141571283825044,"f"
6696,-0.579990817764147,57.6951557450773,0.141570144835687,"f"
6697,-0.580062523945887,57.6962871097721,0.141569022984329,"f"
6698,-0.580134776664795,57.6974156693339,0.141567917823236,"f"
6699,-0.580207473692446,57.6985414413946,0.141566828619045,"f"
6700,-0.580280512754986,57.6996644436171,0.141565754637973,"f"
6701,-0.580353791578562,57.7007846936641,0.141564695146237,"f"
6702,-0.580427207889321,57.7019022091986,0.141563649410054,"f"
6703,-0.580500659413409,57.7030170078834,0.14156261669564,"f"
6704,-0.580574043876973,57.7041291073811,0.141561596269213,"f"
6705,-0.58064725900616,57.7052385253548,0.14156058739699,"f"
6706,-0.580720202527116,57.7063452794671,0.141559589345186,"f"
6707,-0.580792772165987,57.7074493873809,0.14155860138002,"f"
6708,-0.580864865648921,57.7085508667591,0.141557622767706,"f"
6709,-0.580936380702064,57.7096497352644,0.141556652774464,"f"
6710,-0.581007215051563,57.7107460105596,0.141555690666509,"f"
6711,-0.581077266423563,57.7118397103077,0.141554735710057,"f"
6712,-0.581146432544213,57.7129308521713,0.141553787171327,"f"
6713,-0.581214611139658,57.7140194538133,0.141552844316534,"f"
6714,-0.581281699936045,57.7151055328966,0.141551906411896,"f"
6715,-0.58134759665952,57.7161891070839,0.141550972723629,"f"
6716,-0.581412199036231,57.7172701940381,0.14155004251795,"f"
6717,-0.581475404792323,57.718348811422,0.141549115061076,"f"
6718,-0.581537111653944,57.7194249768984,0.141548189619223,"f"
6719,-0.58159721734724,57.7204987081301,0.141547265458609,"f"
6720,-0.581655619598358,57.7215700227799,0.14154634184545,"f"
6721,-0.581712216133443,57.7226389385107,0.141545418045963,"f"
6722,-0.581766904678644,57.7237054729853,0.141544493326366,"f"
6723,-0.581819582960106,57.7247696438664,0.141543566952873,"f"
6724,-0.581870148703976,57.725831468817,0.141542638191703,"f"
6725,-0.581918499636401,57.7268909654998,0.141541706309073,"f"
6726,-0.581964533483527,57.7279481515777,0.141540770571198,"f"
6727,-0.582008148301733,57.7290030447639,0.141539830245373,"f"
6728,-0.582049321158184,57.7300556748473,0.141538884856508,"f"
6729,-0.582088210043737,57.7311060992679,0.141537934519421,"f"
6730,-0.582124998165085,57.7321543793198,0.141536979431145,"f"
6731,-0.582159868728918,57.7332005762969,0.141536019788714,"f"
6732,-0.582193004941932,57.7342447514932,0.141535055789164,"f"
6733,-0.582224590010817,57.7352869662026,0.141534087629528,"f"
6734,-0.582254807142268,57.736327281719,0.141533115506841,"f"
6735,-0.582283839542976,57.7373657593366,0.141532139618137,"f"
6736,-0.582311870419634,57.7384024603491,0.141531160160449,"f"
6737,-0.582339082978936,57.7394374460505,0.141530177330813,"f"
6738,-0.582365660427573,57.7404707777349,0.141529191326263,"f"
6739,-0.582391785972239,57.7415025166962,0.141528202343833,"f"
6740,-0.582417642819625,57.7425327242283,0.141527210580556,"f"
6741,-0.582443414176426,57.7435614616252,0.141526216233468,"f"
6742,-0.582469283249333,57.7445887901809,0.141525219499603,"f"
6743,-0.58249543324504,57.7456147711893,0.141524220575994,"f"
6744,-0.582522047370238,57.7466394659443,0.141523219659676,"f"
6745,-0.582549308831621,57.74766293574,0.141522216947684,"f"
6746,-0.582577400835882,57.7486852418703,0.141521212637052,"f"
6747,-0.582606506589713,57.7497064456291,0.141520206924813,"f"
6748,-0.582636809299806,57.7507266083105,0.141519200008002,"f"
6749,-0.582668492172855,57.7517457912083,0.141518192083654,"f"
6750,-0.582701738415552,57.7527640556165,0.141517183348803,"f"
6751,-0.582736731234591,57.7537814628292,0.141516174000482,"f"
6752,-0.582773653836662,57.7547980741402,0.141515164235726,"f"
6753,-0.582812689428461,57.7558139508435,0.14151415425157,"f"
6754,-0.582854021216678,57.756829154233,0.141513144245048,"f"
6755,-0.582897832408007,57.7578437456028,0.141512134413193,"f"
6756,-0.582944306209141,57.7588577862468,0.141511124953041,"f"
6757,-0.582993625826772,57.7598713374589,0.141510116061625,"f"
6758,-0.58304593107042,57.7608844507575,0.141509107919234,"f"
6759,-0.583101108325307,57.761897120574,0.141508100608373,"f"
6760,-0.583158952247937,57.7629093206773,0.141507094176152,"f"
6761,-0.58321925736829,57.7639210248075,0.141506088669632,"f"
6762,-0.583281818216349,57.7649322067048,0.141505084135874,"f"
6763,-0.583346429322096,57.7659428401094,0.14150408062194,"f"
6764,-0.583412885215512,57.7669528987615,0.141503078174891,"f"
6765,-0.583480980426579,57.7679623564013,0.141502076841787,"f"
6766,-0.583550509485278,57.768971186769,0.141501076669691,"f"
6767,-0.583621266921593,57.7699793636048,0.141500077705664,"f"
6768,-0.583693047265503,57.7709868606489,0.141499079996766,"f"
6769,-0.583765645046992,57.7719936516415,0.141498083590059,"f"
6770,-0.58383885479604,57.7729997103227,0.141497088532605,"f"
6771,-0.58391247104263,57.7740050104328,0.141496094871464,"f"
6772,-0.583986288316743,57.775009525712,0.141495102653698,"f"
6773,-0.584060101148361,57.7760132299004,0.141494111926368,"f"
6774,-0.584133704067466,57.7770160967383,0.141493122736535,"f"
6775,-0.58420689160404,57.7780180999659,0.14149213513126,"f"
6776,-0.584279458288064,57.7790192133233,0.141491149157606,"f"
6777,-0.584351198649519,57.7800194105507,0.141490164862632,"f"
6778,-0.584421907218389,57.7810186653884,0.141489182293401,"f"
6779,-0.584491378524654,57.7820169515766,0.141488201496974,"f"
6780,-0.584559407098297,57.7830142428553,0.141487222520411,"f"
6781,-0.584625787469298,57.7840105129649,0.141486245410774,"f"
6782,-0.584690314167641,57.7850057356456,0.141485270215125,"f"
6783,-0.584752781723305,57.7859998846374,0.141484296980524,"f"
6784,-0.584812984666274,57.7869929336807,0.141483325754033,"f"
6785,-0.58487071752653,57.7879848565156,0.141482356582713,"f"
6786,-0.584925774834053,57.7889756268823,0.141481389513625,"f"
6787,-0.584977951118825,57.789965218521,0.141480424593831,"f"
6788,-0.58502705285522,57.790953604397,0.141479461859922,"f"
6789,-0.585073097616958,57.7919407437805,0.141478501163466,"f"
6790,-0.585116283816731,57.7929265842099,0.141477542197526,"f"
6791,-0.585156815714096,57.7939110728441,0.141476584650041,"f"
6792,-0.585194897568609,57.7948941568421,0.141475628208951,"f"
6793,-0.585230733639827,57.7958757833629,0.141474672562194,"f"
6794,-0.585264528187308,57.7968558995654,0.14147371739771,"f"
6795,-0.585296485470607,57.7978344526087,0.141472762403438,"f"
6796,-0.585326809749283,57.7988113896517,0.141471807267317,"f"
6797,-0.585355705282892,57.7997866578535,0.141470851677286,"f"
6798,-0.58538337633099,57.8007602043729,0.141469895321284,"f"
6799,-0.585410027153135,57.8017319763689,0.14146893788725,"f"
6800,-0.585435862008883,57.8027019210006,0.141467979063124,"f"
6801,-0.585461085157792,57.803669985427,0.141467018536845,"f"
6802,-0.585485900859418,57.804636116807,0.141466055996352,"f"
6803,-0.585510513373318,57.8056002622995,0.141465091129583,"f"
6804,-0.585535126959049,57.8065623690637,0.141464123624479,"f"
6805,-0.585559945876168,57.8075223842584,0.141463153168978,"f"
6806,-0.585585174384232,57.8084802550426,0.141462179451019,"f"
6807,-0.585611016742797,57.8094359285754,0.141461202158542,"f"
6808,-0.58563767721142,57.8103893520156,0.141460220979485,"f"
6809,-0.585665360049659,57.8113404725224,0.141459235601789,"f"
6810,-0.58569426951707,57.8122892372546,0.141458245713391,"f"
6811,-0.58572460987321,57.8132355933712,0.141457251002231,"f"
6812,-0.585756585377636,57.8141794880313,0.141456251156248,"f"
6813,-0.585790400289904,57.8151208683938,0.141455245863382,"f"
6814,-0.585826258869573,57.8160596816177,0.141454234811571,"f"
6815,-0.585864365376197,57.8169958748619,0.141453217688755,"f"
6816,-0.585904924069335,57.8179293952855,0.141452194182873,"f"
6817,-0.585948139208544,57.8188601900475,0.141451163981863,"f"
6818,-0.585994215053379,57.8197882063067,0.141450126773666,"f"
6819,-0.586043311564393,57.8207134050324,0.141449082402315,"f"
6820,-0.586095332587177,57.8216358270364,0.141448031614315,"f"
6821,-0.586150090133861,57.8225555417597,0.14144697547976,"f"
6822,-0.586207396098555,57.8234726186798,0.141445915069163,"f"
6823,-0.586267062375371,57.8243871272745,0.141444851453035,"f"
6824,-0.58632890085842,57.8252991370212,0.141443785701886,"f"
6825,-0.586392723441812,57.8262087173976,0.141442718886229,"f"
6826,-0.58645834201966,57.8271159378814,0.141441652076575,"f"
6827,-0.586525568486074,57.8280208679502,0.141440586343436,"f"
6828,-0.586594214735166,57.8289235770815,0.141439522757322,"f"
6829,-0.586664092661047,57.829824134753,0.141438462388746,"f"
6830,-0.586735014157827,57.8307226104423,0.141437406308218,"f"
6831,-0.586806791119619,57.8316190736271,0.14143635558625,"f"
6832,-0.586879235440532,57.8325135937849,0.141435311293353,"f"
6833,-0.586952159014679,57.8334062403934,0.14143427450004,"f"
6834,-0.587025373736171,57.8342970829301,0.141433246276821,"f"
6835,-0.587098691499118,57.8351861908728,0.141432227694207,"f"
6836,-0.587171924197633,57.836073633699,0.141431219822711,"f"
6837,-0.587244883725825,57.8369594808863,0.141430223732843,"f"
6838,-0.587317381977807,57.8378438019124,0.141429240495116,"f"
6839,-0.587389230847689,57.8387266662549,0.141428271180039,"f"
6840,-0.587460242229582,57.8396081433915,0.141427316858126,"f"
6841,-0.587530228017599,57.8404883027996,0.141426378599887,"f"
6842,-0.587599000105849,57.8413672139569,0.141425457475833,"f"
6843,-0.587666370388445,57.8422449463412,0.141424554556477,"f"
6844,-0.587732150759497,57.8431215694299,0.141423670912329,"f"
6845,-0.587796153113116,57.8439971527007,0.141422807613901,"f"
6846,-0.587858189343414,57.8448717656312,0.141421965731705,"f"
6847,-0.587918071344502,57.845745477699,0.141421146336251,"f"
6848,-0.58797561101049,57.8466183583818,0.141420350498052,"f"
6849,-0.588030629186581,57.8474904731474,0.141419579203971,"f"
6850,-0.588083102766525,57.8483618175593,0.141418831982618,"f"
6851,-0.588133141191414,57.849232327804,0.14141810712396,"f"
6852,-0.588180858113894,57.8501019381818,0.141417402878611,"f"
6853,-0.588226367186611,57.8509705829927,0.141416717497181,"f"
6854,-0.58826978206221,57.8518381965369,0.141416049230285,"f"
6855,-0.588311216393337,57.8527047131145,0.141415396328533,"f"
6856,-0.588350783832638,57.8535700670255,0.141414757042538,"f"
6857,-0.588388598032759,57.85443419257,0.141414129622912,"f"
6858,-0.588424772646346,57.8552970240482,0.141413512320267,"f"
6859,-0.588459421326044,57.8561584957602,0.141412903385215,"f"
6860,-0.588492657724499,57.857018542006,0.141412301068369,"f"
6861,-0.588524595494358,57.8578770970858,0.141411703620341,"f"
6862,-0.588555348288265,57.8587340952997,0.141411109291743,"f"
6863,-0.588585029758867,57.8595894709478,0.141410516333187,"f"
6864,-0.58861375355881,57.8604431583301,0.141409922995285,"f"
6865,-0.588641633340739,57.8612950917467,0.14140932752865,"f"
6866,-0.588668782757301,57.8621452054979,0.141408728183894,"f"
6867,-0.588695315461141,57.8629934338837,0.141408123211628,"f"
6868,-0.588721345104904,57.8638397112041,0.141407510862466,"f"
6869,-0.588746985341237,57.8646839717593,0.141406889387018,"f"
6870,-0.588772349822786,57.8655261498494,0.141406257035898,"f"
6871,-0.588797552202196,57.8663661797745,0.141405612059718,"f"
6872,-0.588822706132113,57.8672039958346,0.14140495270909,"f"
6873,-0.588847925265183,57.86803953233,0.141404277234625,"f"
6874,-0.588873323254053,57.8688727235607,0.141403583886937,"f"
6875,-0.588899013751366,57.8697035038267,0.141402870916637,"f"
6876,-0.58892511040977,57.8705318074283,0.141402136574338,"f"
6877,-0.588951726881911,57.8713575686655,0.141401379110651,"f"
6878,-0.588978976820434,57.8721807218383,0.141400596776189,"f"
6879,-0.589006973459643,57.873001201583,0.141399787830206,"f"
6880,-0.589035777744072,57.8738189845293,0.14139895161211,"f"
6881,-0.589065348152626,57.8746341295973,0.14139808957795,"f"
6882,-0.589095631263399,57.8754467052643,0.141397203429612,"f"
6883,-0.589126573654488,57.8762567800079,0.14139629486898,"f"
6884,-0.589158121903988,57.8770644223055,0.141395365597941,"f"
6885,-0.589190222589995,57.8778697006344,0.141394417318379,"f"
6886,-0.589222822290604,57.8786726834723,0.141393451732179,"f"
6887,-0.589255867583912,57.8794734392965,0.141392470541228,"f"
6888,-0.589289305048013,57.8802720365845,0.14139147544741,"f"
6889,-0.589323081261004,57.8810685438138,0.14139046815261,"f"
6890,-0.58935714280098,57.8818630294617,0.141389450358714,"f"
6891,-0.589391436246037,57.8826555620059,0.141388423767608,"f"
6892,-0.58942590817427,57.8834462099236,0.141387390081175,"f"
6893,-0.589460505163775,57.8842350416923,0.141386351001303,"f"
6894,-0.589495173792648,57.8850221257896,0.141385308229876,"f"
6895,-0.589529860638985,57.8858075306928,0.141384263468778,"f"
6896,-0.589564512280881,57.8865913248795,0.141383218419897,"f"
6897,-0.589599075296431,57.887373576827,0.141382174785116,"f"
6898,-0.589633496263732,57.8881543550128,0.141381134266322,"f"
6899,-0.589667721760879,57.8889337279144,0.141380098565399,"f"
6900,-0.589701698365968,57.8897117640093,0.141379069384233,"f"
6901,-0.589735372657095,57.8904885317748,0.141378048424709,"f"
6902,-0.589768691212354,57.8912640996885,0.141377037388713,"f"
6903,-0.589801600609842,57.8920385362277,0.141376037978129,"f"
6904,-0.589834047427655,57.89281190987,0.141375051894843,"f"
6905,-0.589865978243888,57.8935842890927,0.14137408084074,"f"
6906,-0.589897339636636,57.8943557423734,0.141373126517706,"f"
6907,-0.589928078183996,57.8951263381895,0.141372190627626,"f"
6908,-0.589958140464063,57.8958961450185,0.141371274872385,"f"
6909,-0.589987473054933,57.8966652313377,0.141370380953868,"f"
6910,-0.590016027418686,57.897433663481,0.141369510491926,"f"
6911,-0.590043839011867,57.898201470915,0.141368663695571,"f"
6912,-0.590071014031296,57.8989686520566,0.141367839585607,"f"
6913,-0.590097660882411,57.8997352043535,0.141367037145739,"f"
6914,-0.590123887970647,57.9005011252533,0.141366255359674,"f"
6915,-0.590149803701441,57.9012664122036,0.141365493211118,"f"
6916,-0.59017551648023,57.902031062652,0.141364749683775,"f"
6917,-0.59020113471245,57.9027950740461,0.141364023761352,"f"
6918,-0.590226766803537,57.9035584438335,0.141363314427555,"f"
6919,-0.590252521158927,57.9043211694618,0.141362620666089,"f"
6920,-0.590278506184058,57.9050832483787,0.141361941460661,"f"
6921,-0.590304830284366,57.9058446780316,0.141361275794976,"f"
6922,-0.590331601865287,57.9066054558683,0.14136062265274,"f"
6923,-0.590358929332258,57.9073655793363,0.141359981017658,"f"
6924,-0.590386921090715,57.9081250458833,0.141359349873437,"f"
6925,-0.590415685546095,57.9088838529568,0.141358728203783,"f"
6926,-0.590445331103834,57.9096419980045,0.1413581149924,"f"
6927,-0.590475966169368,57.9103994784739,0.141357509222996,"f"
6928,-0.590507699148134,57.9111562918126,0.141356909879275,"f"
6929,-0.590540638445569,57.9119124354684,0.141356315944944,"f"
6930,-0.590574892467109,57.9126679068887,0.141355726403709,"f"
6931,-0.59061056961819,57.9134227035212,0.141355140239275,"f"
6932,-0.590647778304249,57.9141768228135,0.141354556435348,"f"
6933,-0.590686626930723,57.9149302622131,0.141353973975633,"f"
6934,-0.590727223903047,57.9156830191678,0.141353391843838,"f"
6935,-0.590769677626659,57.9164350911251,0.141352809023667,"f"
6936,-0.590814096506994,57.9171864755325,0.141352224498826,"f"
6937,-0.59086058894949,57.9179371698378,0.141351637253022,"f"
6938,-0.590909263359582,57.9186871714885,0.141351046269959,"f"
6939,-0.590960228142708,57.9194364779322,0.141350450533344,"f"
6940,-0.591013590986811,57.9201850864747,0.14134984903025,"f"
6941,-0.591069372763335,57.9209329772557,0.141349241155117,"f"
6942,-0.591127425733161,57.9216800970764,0.141348627093557,"f"
6943,-0.591187582784894,57.9224263889073,0.141348007122084,"f"
6944,-0.591249676807138,57.9231717957192,0.141347381517208,"f"
6945,-0.591313540688498,57.9239162604825,0.141346750555444,"f"
6946,-0.591379007317577,57.924659726168,0.141346114513303,"f"
6947,-0.591445909582979,57.9254021357463,0.141345473667297,"f"
6948,-0.59151408037331,57.926143432188,0.14134482829394,"f"
6949,-0.591583352577174,57.9268835584638,0.141344178669743,"f"
6950,-0.591653559083174,57.9276224575443,0.141343525071219,"f"
6951,-0.591724532779915,57.9283600724,0.14134286777488,"f"
6952,-0.591796106556002,57.9290963460018,0.14134220705724,"f"
6953,-0.591868113300039,57.9298312213201,0.141341543194809,"f"
6954,-0.591940385900629,57.9305646413257,0.141340876464102,"f"
6955,-0.592012757246378,57.9312965489892,0.141340207141629,"f"
6956,-0.59208506022589,57.9320268872811,0.141339535503904,"f"
6957,-0.592157127727768,57.9327555991722,0.141338861827439,"f"
6958,-0.592228792640618,57.933482627633,0.141338186388746,"f"
6959,-0.592299887853043,57.9342079156342,0.141337509464339,"f"
6960,-0.592370246253648,57.9349314061464,0.141336831330728,"f"
6961,-0.592439700731038,57.9356530421404,0.141336152264428,"f"
6962,-0.592508084173816,57.9363727665866,0.141335472541949,"f"
6963,-0.592575229470586,57.9370905224557,0.141334792439805,"f"
6964,-0.592640969509954,57.9378062527184,0.141334112234509,"f"
6965,-0.592705137180523,57.9385199003453,0.141333432202571,"f"
6966,-0.592767565370898,57.9392314083071,0.141332752620506,"f"
6967,-0.592828086969683,57.9399407195743,0.141332073764825,"f"
6968,-0.592886534865482,57.9406477771176,0.141331395912041,"f"
6969,-0.5929427419469,57.9413525239076,0.141330719338666,"f"
6970,-0.592996541102541,57.942054902915,0.141330044321212,"f"
6971,-0.593047805166077,57.942754871472,0.141329371093497,"f"
6972,-0.593096601687172,57.9434524569172,0.141328699681209,"f"
6973,-0.59314305745777,57.9441477078892,0.141328030046717,"f"
6974,-0.593187299283739,57.944840673031,0.141327362152372,"f"
6975,-0.593229453970946,57.9455314009862,0.141326695960527,"f"
6976,-0.59326964832526,57.9462199403979,0.141326031433534,"f"
6977,-0.593308009152547,57.9469063399095,0.141325368533747,"f"
6978,-0.593344663258677,57.9475906481643,0.141324707223518,"f"
6979,-0.593379737449517,57.9482729138057,0.141324047465198,"f"
6980,-0.593413358530934,57.9489531854768,0.141323389221141,"f"
6981,-0.593445653308797,57.9496315118211,0.141322732453699,"f"
6982,-0.593476748588974,57.9503079414818,0.141322077125225,"f"
6983,-0.593506771177331,57.9509825231023,0.14132142319807,"f"
6984,-0.593535847879738,57.9516553053259,0.141320770634589,"f"
6985,-0.593564105502062,57.9523263367958,0.141320119397132,"f"
6986,-0.59359167085017,57.9529956661554,0.141319469448053,"f"
6987,-0.593618670729931,57.953663342048,0.141318820749703,"f"
6988,-0.593645231947213,57.954329413117,0.141318173264437,"f"
6989,-0.593671481307883,57.9549939280055,0.141317526954605,"f"
6990,-0.593697545617809,57.955656935357,0.141316881782561,"f"
6991,-0.593723551682859,57.9563184838147,0.141316237710657,"f"
6992,-0.593749626308901,57.956978622022,0.141315594701246,"f"
6993,-0.593775896301802,57.9576373986222,0.141314952716679,"f"
6994,-0.593802488467431,57.9582948622585,0.14131431171931,"f"
6995,-0.593829529611655,57.9589510615743,0.141313671671491,"f"
6996,-0.593857146540343,57.9596060452129,0.141313032535575,"f"
6997,-0.593885466059361,57.9602598618177,0.141312394273913,"f"
6998,-0.593914614974578,57.9609125600318,0.141311756848859,"f"
6999,-0.593944720091862,57.9615641884987,0.141311120222765,"f"
7000,-0.593975908217081,57.9622147958616,0.141310484357984,"f"
7001,-0.59400830546827,57.9628644306562,0.141309849216334,"f"
7002,-0.594041957356837,57.9635131287954,0.141309214697102,"f"
7003,-0.594076754234414,57.9641609018949,0.14130858057921,"f"
7004,-0.594112568818278,57.9648077588088,0.141307946627897,"f"
7005,-0.594149273825703,57.9654537083914,0.141307312608404,"f"
7006,-0.594186741973967,57.9660987594969,0.14130667828597,"f"
7007,-0.594224845980344,57.9667429209795,0.141306043425837,"f"
7008,-0.594263458562111,57.9673862016934,0.141305407793244,"f"
7009,-0.594302452436544,57.9680286104927,0.141304771153431,"f"
7010,-0.594341700320919,57.9686701562317,0.141304133271639,"f"
7011,-0.594381074932511,57.9693108477646,0.141303493913109,"f"
7012,-0.594420448988597,57.9699506939456,0.14130285284308,"f"
7013,-0.594459695206452,57.9705897036288,0.141302209826793,"f"
7014,-0.594498686303352,57.9712278856685,0.141301564629487,"f"
7015,-0.594537294996573,57.971865248919,0.141300917016404,"f"
7016,-0.594575394003392,57.9725018022342,0.141300266752783,"f"
7017,-0.594612856041084,57.9731375544686,0.141299613603865,"f"
7018,-0.594649553826925,57.9737725144763,0.14129895733489,"f"
7019,-0.59468536007819,57.9744066911114,0.141298297711098,"f"
7020,-0.594720147512157,57.9750400932283,0.141297634497729,"f"
7021,-0.5947537888461,57.975672729681,0.141296967460024,"f"
7022,-0.594786156797296,57.9763046093238,0.141296296363224,"f"
7023,-0.59481712408302,57.9769357410109,0.141295620972567,"f"
7024,-0.594846563420549,57.9775661335964,0.141294941053295,"f"
7025,-0.594874347527158,57.9781957959347,0.141294256370648,"f"
7026,-0.594900349120124,57.9788247368798,0.141293566689866,"f"
7027,-0.594924440916721,57.9794529652861,0.141292871776189,"f"
7028,-0.594946495634227,57.9800804900076,0.141292171394858,"f"
7029,-0.594966385989917,57.9807073198986,0.141291465311112,"f"
7030,-0.594983984701067,57.9813334638133,0.141290753290193,"f"
7031,-0.594999164484953,57.9819589306059,0.14129003509734,"f"
7032,-0.595011837905032,57.9825837148068,0.141289310673212,"f"
7033,-0.595022109860805,57.9832077418055,0.141288580805205,"f"
7034,-0.595030143208779,57.9838309161576,0.141287846535866,"f"
7035,-0.595036100817271,57.984453142414,0.141287108907791,"f"
7036,-0.595040145554595,57.9850743251261,0.14128636896358,"f"
7037,-0.595042440289066,57.9856943688448,0.141285627745829,"f"
7038,-0.595043147889,57.9863131781213,0.141284886297136,"f"
7039,-0.595042431222711,57.9869306575068,0.1412841456601,"f"
7040,-0.595040453158515,57.9875467115523,0.141283406877318,"f"
7041,-0.595037376564726,57.988161244809,0.141282670991387,"f"
7042,-0.595033364309661,57.9887741618281,0.141281939044905,"f"
7043,-0.595028579261633,57.9893853671607,0.141281212080471,"f"
7044,-0.595023184288958,57.9899947653578,0.141280491140682,"f"
7045,-0.595017342259952,57.9906022609706,0.141279777268135,"f"
7046,-0.595011216042929,57.9912077585504,0.141279071505429,"f"
7047,-0.595004968506204,57.991811162648,0.141278374895162,"f"
7048,-0.594998762518092,57.9924123778149,0.14127768847993,"f"
7049,-0.594992760946909,57.9930113086019,0.141277013302332,"f"
7050,-0.594987126660969,57.9936078595603,0.141276350404966,"f"
7051,-0.594982022528588,57.9942019352413,0.141275700830429,"f"
7052,-0.594977611418081,57.9947934401958,0.141275065621319,"f"
7053,-0.594974056197763,57.9953822789751,0.141274445820234,"f"
7054,-0.594971519735949,57.9959683561304,0.141273842469771,"f"
7055,-0.594970164900954,57.9965515762126,0.141273256612529,"f"
7056,-0.594970154561093,57.997131843773,0.141272689291106,"f"
7057,-0.594971651584681,57.9977090633627,0.141272141548098,"f"
7058,-0.594974818840034,57.9982831395328,0.141271614426104,"f"
7059,-0.594979819195466,57.9988539768344,0.141271108967721,"f"
7060,-0.594986815519293,57.9994214798187,0.141270626215548,"f"
7061,-0.594995970679829,57.9999855530369,0.141270167212181,"f"
7062,-0.595007437153634,58.0005461104024,0.141269732888246,"f"
7063,-0.595021224570549,58.0011031945267,0.141269322635161,"f"
7064,-0.595037238725046,58.0016569415717,0.141268934725495,"f"
7065,-0.595055383071798,58.0022074898075,0.141268567406604,"f"
7066,-0.595075561065478,58.0027549775041,0.141268218925848,"f"
7067,-0.595097676160759,58.0032995429313,0.141267887530581,"f"
7068,-0.595121631812316,58.0038413243592,0.141267571468163,"f"
7069,-0.595147331474821,58.0043804600578,0.141267268985949,"f"
7070,-0.595174678602949,58.004917088297,0.141266978331298,"f"
7071,-0.595203576651372,58.0054513473469,0.141266697751566,"f"
7072,-0.595233929074763,58.0059833754774,0.141266425494111,"f"
7073,-0.595265639327797,58.0065133109586,0.141266159806289,"f"
7074,-0.595298610865146,58.0070412920603,0.141265898935458,"f"
7075,-0.595332747141484,58.0075674570526,0.141265641128976,"f"
7076,-0.595367951611485,58.0080919442055,0.141265384634199,"f"
7077,-0.595404127729821,58.008614891789,0.141265127698484,"f"
7078,-0.595441178951167,58.009136438073,0.14126486856919,"f"
7079,-0.595479008730195,58.0096567213275,0.141264605493672,"f"
7080,-0.595517520521579,58.0101758798226,0.141264336719289,"f"
7081,-0.595556617779993,58.0106940518281,0.141264060493397,"f"
7082,-0.595596203960109,58.0112113756142,0.141263775063353,"f"
7083,-0.595636182516602,58.0117279894507,0.141263478676516,"f"
7084,-0.595676456904144,58.0122440316076,0.141263169580241,"f"
7085,-0.59571693057741,58.012759640355,0.141262846021887,"f"
7086,-0.595757506991071,58.0132749539628,0.14126250624881,"f"
7087,-0.595798089599803,58.0137901107011,0.141262148508368,"f"
7088,-0.595838581858278,58.0143052488397,0.141261771047918,"f"
7089,-0.595878887221169,58.0148205066487,0.141261372114817,"f"
7090,-0.595918909143151,58.0153360223981,0.141260949956422,"f"
7091,-0.595958551078896,58.0158519343579,0.14126050282009,"f"
7092,-0.595997716483078,58.016368380798,0.141260028953179,"f"
7093,-0.596036324832551,58.0168854695036,0.141259527084596,"f"
7094,-0.596074372187468,58.0174031625479,0.141258998244968,"f"
7095,-0.596111877463457,58.0179213785178,0.14125844415185,"f"
7096,-0.596148859580147,58.0184400359926,0.141257866522916,"f"
7097,-0.596185337457169,58.0189590535516,0.14125726707584,"f"
7098,-0.596221330014151,58.0194783497741,0.141256647528296,"f"
7099,-0.596256856170725,58.0199978432393,0.141256009597959,"f"
7100,-0.596291934846521,58.0205174525267,0.141255355002503,"f"
7101,-0.596326584961167,58.0210370962155,0.1412546854596,"f"
7102,-0.596360825434294,58.0215566928849,0.141254002686927,"f"
7103,-0.596394675185532,58.0220761611143,0.141253308402157,"f"
7104,-0.596428153134511,58.0225954194831,0.141252604322963,"f"
7105,-0.596461278200861,58.0231143865704,0.141251892167021,"f"
7106,-0.596494069304212,58.0236329809556,0.141251173652004,"f"
7107,-0.596526545364193,58.024151121218,0.141250450495587,"f"
7108,-0.596558725300435,58.0246687259369,0.141249724415443,"f"
7109,-0.596590628032567,58.0251857136915,0.141248997129247,"f"
7110,-0.59662227248022,58.0257020030613,0.141248270354672,"f"
7111,-0.596653677563023,58.0262175126254,0.141247545809394,"f"
7112,-0.596684862200607,58.0267321609632,0.141246825211085,"f"
7113,-0.596715845312601,58.027245866654,0.141246110277421,"f"
7114,-0.596746645818635,58.0277585482771,0.141245402726075,"f"
7115,-0.59677728263834,58.0282701244117,0.141244704274721,"f"
7116,-0.596807774691344,58.0287805136373,0.141244016641034,"f"
7117,-0.596838140897278,58.029289634533,0.141243341542688,"f"
7118,-0.596868400175773,58.0297974056782,0.141242680697357,"f"
7119,-0.596898571446457,58.0303037456522,0.141242035822714,"f"
7120,-0.596928673628961,58.0308085730342,0.141241408636435,"f"
7121,-0.596958725642915,58.0313118064036,0.141240800856193,"f"
7122,-0.596988746407949,58.0318133643397,0.141240214199662,"f"
7123,-0.597018754885934,58.0323131692571,0.141239650283008,"f"
7124,-0.597048770612217,58.0328111956385,0.141239109344318,"f"
7125,-0.597078813535441,58.0333074554912,0.141238590628516,"f"
7126,-0.59710890361337,58.0338019616512,0.141238093358604,"f"
7127,-0.59713906080377,58.0342947269541,0.141237616757583,"f"
7128,-0.597169305064406,58.0347857642357,0.141237160048453,"f"
7129,-0.597199656353045,58.0352750863319,0.141236722454215,"f"
7130,-0.597230134627451,58.0357627060785,0.141236303197869,"f"
7131,-0.597260759845391,58.0362486363112,0.141235901502417,"f"
7132,-0.597291551964629,58.0367328898659,0.141235516590858,"f"
7133,-0.597322530942932,58.0372154795783,0.141235147686194,"f"
7134,-0.597353716738064,58.0376964182842,0.141234794011424,"f"
7135,-0.597385129307792,58.0381757188194,0.14123445478955,"f"
7136,-0.597416788609881,58.0386533940198,0.141234129243573,"f"
7137,-0.597448714602097,58.0391294567211,0.141233816596492,"f"
7138,-0.597480927242205,58.039603919759,0.141233516071309,"f"
7139,-0.597513446487971,58.0400767959695,0.141233226891024,"f"
7140,-0.597546292297159,58.0405480981883,0.141232948278637,"f"
7141,-0.597579484627537,58.0410178392512,0.141232679457151,"f"
7142,-0.597613043436869,58.0414860319939,0.141232419649564,"f"
7143,-0.597646988682921,58.0419526892524,0.141232168078877,"f"
7144,-0.597681340323459,58.0424178238623,0.141231923968093,"f"
7145,-0.597716118316247,58.0428814486595,0.14123168654021,"f"
7146,-0.597751342619053,58.0433435764798,0.141231455018229,"f"
7147,-0.59778703318964,58.0438042201589,0.141231228625152,"f"
7148,-0.597823209985775,58.0442633925326,0.141231006583978,"f"
7149,-0.597859892965224,58.0447211064369,0.141230788117709,"f"
7150,-0.597897102085751,58.0451773747073,0.141230572449345,"f"
7151,-0.597934857305123,58.0456322101798,0.141230358801887,"f"
7152,-0.597973178581104,58.0460856256902,0.141230146398335,"f"
7153,-0.598012085282053,58.0465376341135,0.141229934461971,"f"
7154,-0.598051554408457,58.0469882511562,0.141229722236269,"f"
7155,-0.598091492911797,58.0474374972053,0.14122950899809,"f"
7156,-0.598131801175292,58.0478853930868,0.141229294027424,"f"
7157,-0.598172379582166,58.0483319596268,0.141229076604261,"f"
7158,-0.598213128515638,58.0487772176514,0.141228856008593,"f"
7159,-0.598253948358932,58.0492211879864,0.141228631520409,"f"
7160,-0.598294739495267,58.0496638914581,0.141228402419702,"f"
7161,-0.598335402307867,58.0501053488923,0.14122816798646,"f"
7162,-0.598375837179951,58.0505455811151,0.141227927500676,"f"
7163,-0.598415944494743,58.0509846089526,0.141227680242339,"f"
7164,-0.598455624635462,58.0514224532307,0.14122742549144,"f"
7165,-0.598494777985331,58.0518591347756,0.14122716252797,"f"
7166,-0.598533304927572,58.0522946744131,0.14122689063192,"f"
7167,-0.598571105845405,58.0527290929694,0.14122660908328,"f"
7168,-0.598608081122052,58.0531624112705,0.14122631716204,"f"
7169,-0.598644131140735,58.0535946501424,0.141226014148192,"f"
7170,-0.598679156284675,58.0540258304111,0.141225699321726,"f"
7171,-0.598713056937093,58.0544559729027,0.141225371962633,"f"
7172,-0.598745733481212,58.0548850984431,0.141225031350903,"f"
7173,-0.598777086300252,58.0553132278585,0.141224676766527,"f"
7174,-0.598807015777435,58.0557403819748,0.141224307489496,"f"
7175,-0.598835422295983,58.056166581618,0.1412239227998,"f"
7176,-0.598862206239117,58.0565918476142,0.14122352197743,"f"
7177,-0.598887267990058,58.0570162007895,0.141223104302377,"f"
7178,-0.598910507932029,58.0574396619698,0.141222669054631,"f"
7179,-0.598931826448249,58.0578622519811,0.141222215514183,"f"
7180,-0.598951123921942,58.0582839916496,0.141221742961023,"f"
7181,-0.598968300736328,58.0587049018011,0.141221250675142,"f"
7182,-0.598983257274629,58.0591250032618,0.141220737936532,"f"
7183,-0.598995893920067,58.0595443168577,0.141220204025181,"f"
7184,-0.599006122376493,58.0599628621664,0.141219648312744,"f"
7185,-0.599014006142433,58.0603806420264,0.141219071399933,"f"
7186,-0.599019717176054,58.0607976473157,0.141218474765645,"f"
7187,-0.599023429780967,58.0612138686537,0.141217859907769,"f"
7188,-0.599025318260788,58.0616292966599,0.141217228324192,"f"
7189,-0.599025556919129,58.0620439219536,0.141216581512802,"f"
7190,-0.599024320059605,58.0624577351542,0.141215920971487,"f"
7191,-0.599021781985829,58.0628707268812,0.141215248198134,"f"
7192,-0.599018117001415,58.063282887754,0.141214564690632,"f"
7193,-0.599013499409977,58.0636942083919,0.141213871946869,"f"
7194,-0.599008103515128,58.0641046794144,0.141213171464731,"f"
7195,-0.599002103620482,58.0645142914408,0.141212464742108,"f"
7196,-0.598995674029653,58.0649230350907,0.141211753276886,"f"
7197,-0.598988989046255,58.0653309009833,0.141211038566954,"f"
7198,-0.598982222973901,58.0657378797381,0.141210322110199,"f"
7199,-0.598975550116205,58.0661439619746,0.14120960540451,"f"
7200,-0.59896914477678,58.066549138312,0.141208889947774,"f"
7201,-0.598963181259241,58.0669533993698,0.141208177237879,"f"
7202,-0.598957833867202,58.0673567357675,0.141207468772713,"f"
7203,-0.598953276904275,58.0677591381244,0.141206766050164,"f"
7204,-0.598949684674075,58.0681605970599,0.141206070568119,"f"
7205,-0.598947231480216,58.0685611031934,0.141205383824466,"f"
7206,-0.59894609162631,58.0689606471444,0.141204707317094,"f"
7207,-0.598946439415973,58.0693592195323,0.14120404254389,"f"
7208,-0.598948449152817,58.0697568109763,0.141203391002741,"f"
7209,-0.598952295140457,58.0701534120961,0.141202754191536,"f"
7210,-0.598958151682505,58.0705490135109,0.141202133608163,"f"
7211,-0.598966193082576,58.0709436058402,0.141201530750509,"f"
7212,-0.598976593644284,58.0713371797033,0.141200947116463,"f"
7213,-0.598989527671242,58.0717297257198,0.141200384203911,"f"
7214,-0.599005167716011,58.0721212344686,0.14119984349828,"f"
7215,-0.599023563603327,58.0725116937026,0.141199325611588,"f"
7216,-0.599044564010928,58.0729010865425,0.14119882972436,"f"
7217,-0.599067998971339,58.0732893956796,0.141198354884431,"f"
7218,-0.599093698517085,58.0736766038054,0.141197900139636,"f"
7219,-0.599121492680688,58.0740626936111,0.141197464537811,"f"
7220,-0.599151211494672,58.074447647788,0.14119704712679,"f"
7221,-0.599182684991563,58.0748314490276,0.141196646954408,"f"
7222,-0.599215743203883,58.0752140800212,0.141196263068501,"f"
7223,-0.599250216164156,58.07559552346,0.141195894516904,"f"
7224,-0.599285933904907,58.0759757620354,0.141195540347451,"f"
7225,-0.599322726458659,58.0763547784389,0.141195199607977,"f"
7226,-0.599360423857936,58.0767325553616,0.141194871346318,"f"
7227,-0.599398856135263,58.077109075495,0.141194554610309,"f"
7228,-0.599437853323162,58.0774843215304,0.141194248447785,"f"
7229,-0.599477245454159,58.0778582761591,0.14119395190658,"f"
7230,-0.599516862560776,58.0782309220725,0.14119366403453,"f"
7231,-0.599556534675538,58.078602241962,0.141193383879469,"f"
7232,-0.599596091830968,58.0789722185187,0.141193110489234,"f"
7233,-0.599635364059592,58.0793408344342,0.141192842911658,"f"
7234,-0.599674181393931,58.0797080723997,0.141192580194578,"f"
7235,-0.599712373866512,58.0800739151066,0.141192321385827,"f"
7236,-0.599749771509856,58.0804383452462,0.141192065533241,"f"
7237,-0.599786204356489,58.0808013455098,0.141191811684656,"f"
7238,-0.599821502438934,58.0811628985888,0.141191558887905,"f"
7239,-0.599855495789715,58.0815229871746,0.141191306190825,"f"
7240,-0.599888014441356,58.0818815939584,0.141191052641249,"f"
7241,-0.59991888842638,58.0822387016317,0.141190797287014,"f"
7242,-0.599947947777313,58.0825942928857,0.141190539175954,"f"
7243,-0.599975022526677,58.0829483504118,0.141190277355904,"f"
7244,-0.599999942706998,58.0833008569014,0.141190010874699,"f"
7245,-0.600022578911112,58.0836518063396,0.14118973896754,"f"
7246,-0.600042965562715,58.0840012383298,0.141189461626431,"f"
7247,-0.600061178444504,58.0843492039917,0.141189179034428,"f"
7248,-0.600077293339173,58.0846957544448,0.141188891374592,"f"
7249,-0.600091386029421,58.0850409408089,0.14118859882998,"f"
7250,-0.600103532297943,58.0853848142035,0.141188301583651,"f"
7251,-0.600113807927436,58.0857274257483,0.141187999818663,"f"
7252,-0.600122288700597,58.0860688265629,0.141187693718075,"f"
7253,-0.600129050400123,58.086409067767,0.141187383464944,"f"
7254,-0.600134168808709,58.0867482004802,0.14118706924233,"f"
7255,-0.600137719709053,58.0870862758221,0.14118675123329,"f"
7256,-0.600139778883851,58.0874233449123,0.141186429620883,"f"
7257,-0.600140422115801,58.0877594588705,0.141186104588168,"f"
7258,-0.600139725187597,58.0880946688163,0.141185776318203,"f"
7259,-0.600137763881938,58.0884290258694,0.141185444994046,"f"
7260,-0.600134613981519,58.0887625811494,0.141185110798755,"f"
7261,-0.600130351269037,58.0890953857759,0.141184773915389,"f"
7262,-0.60012505152719,58.0894274908686,0.141184434527007,"f"
7263,-0.600118790538673,58.089758947547,0.141184092816667,"f"
7264,-0.600111644086183,58.0900898069309,0.141183748967426,"f"
7265,-0.600103687952417,58.0904201201398,0.141183403162344,"f"
7266,-0.600094997920071,58.0907499382934,0.141183055584479,"f"
7267,-0.600085649771842,58.0910793125113,0.141182706416889,"f"
7268,-0.600075719290426,58.0914082939132,0.141182355842633,"f"
7269,-0.600065282258521,58.0917369336187,0.141182004044768,"f"
7270,-0.600054414458823,58.0920652827474,0.141181651206355,"f"
7271,-0.600043191674028,58.0923933924189,0.141181297510449,"f"
7272,-0.600031689686832,58.0927213137529,0.141180943140111,"f"
7273,-0.600019984279934,58.0930490978691,0.141180588278399,"f"
7274,-0.600008151236029,58.093376795887,0.141180233108371,"f"
7275,-0.600010435273991,58.0937093095173,0.141179885950372,"f"
7276,-0.600043421098192,58.0940523325334,0.141179556418693,"f"
7277,-0.600076406922392,58.0943953555495,0.141179226887014,"f"
7278,-0.600109392746592,58.0947383785656,0.141178897355335,"f"
7279,-0.600142378570792,58.0950814015817,0.141178567823656,"f"
7280,-0.600175364394993,58.0954244245978,0.141178238291977,"f"
7281,-0.600208350219193,58.0957674476139,0.141177908760298,"f"
7282,-0.600241336043393,58.09611047063,0.141177579228619,"f"
7283,-0.600274321867594,58.096453493646,0.14117724969694,"f"
7284,-0.600307307691794,58.0967965166621,0.141176920165261,"f"
7285,-0.600340293515994,58.0971395396782,0.141176590633582,"f"
7286,-0.600373279340194,58.0974825626943,0.141176261101902,"f"
7287,-0.600406265164395,58.0978255857104,0.141175931570223,"f"
7288,-0.600439250988595,58.0981686087265,0.141175602038544,"f"
7289,-0.600472236812795,58.0985116317426,0.141175272506865,"f"
7290,-0.600505222636996,58.0988546547587,0.141174942975186,"f"
7291,-0.600538208461196,58.0991976777748,0.141174613443507,"f"
7292,-0.600571194285396,58.0995407007908,0.141174283911828,"f"
7293,-0.600604180109596,58.0998837238069,0.141173954380149,"f"
7294,-0.600637165933797,58.100226746823,0.14117362484847,"f"
7295,-0.600670151757997,58.1005697698391,0.141173295316791,"f"
7296,-0.600703137582197,58.1009127928552,0.141172965785112,"f"
7297,-0.600736123406398,58.1012558158713,0.141172636253433,"f"
7298,-0.600769109230598,58.1015988388874,0.141172306721754,"f"
7299,-0.600802095054798,58.1019418619035,0.141171977190074,"f"
7300,-0.600835080878999,58.1022848849196,0.141171647658395,"f"
7301,-0.600868066703199,58.1026279079356,0.141171318126716,"f"
7302,-0.600901052527399,58.1029709309517,0.141170988595037,"f"
7303,-0.600934038351599,58.1033139539678,0.141170659063358,"f"
7304,-0.6009670241758,58.1036569769839,0.141170329531679,"f"
7305,-0.60100001,58.104,0.14117,"f"
