"age_days","L","M","S","sex"
14,0.4177,13.6377,0.09454,"m"
15,0.4059,13.7174,0.09416,"m"
16,0.3946,13.8006,0.0938,"m"
17,0.3839,13.8854,0.09347,"m"
18,0.3735,13.9707,0.09315,"m"
19,0.3636,14.0558,0.09285,"m"
20,0.3541,14.1404,0.09257,"m"
21,0.3449,14.2241,0.0923,"m"
22,0.336,14.3065,0.09204,"m"
23,0.3274,14.3877,0.0918,"m"
24,0.3191,14.4675,0.09156,"m"
25,0.311,14.5457,0.09134,"m"
26,0.3032,14.6225,0.09112,"m"
27,0.2955,14.6977,0.09092,"m"
28,0.2881,14.7714,0.09072,"m"
29,0.2809,14.8436,0.09053,"m"
30,0.2738,14.914,0.09035,"m"
31,0.2669,14.9822,0.09017,"m"
32,0.2602,15.0485,0.09,"m"
33,0.2536,15.1127,0.08984,"m"
34,0.2472,15.175,0.08968,"m"
35,0.2409,15.2355,0.08953,"m"
36,0.2348,15.2942,0.08938,"m"
37,0.2287,15.3511,0.08924,"m"
38,0.2228,15.4062,0.0891,"m"
39,0.217,15.4597,0.08897,"m"
40,0.2113,15.5115,0.08884,"m"
41,0.2058,15.5618,0.08871,"m"
42,0.2003,15.6107,0.08859,"m"
43,0.1949,15.6582,0.08847,"m"
44,0.1896,15.7043,0.08835,"m"
45,0.1844,15.7492,0.08824,"m"
46,0.1793,15.7929,0.08813,"m"
47,0.1743,15.8353,0.08802,"m"
48,0.1693,15.8767,0.08792,"m"
49,0.1645,15.9169,0.08782,"m"
50,0.1597,15.956,0.08772,"m"
51,0.155,15.9941,0.08762,"m"
52,0.1503,16.0311,0.08753,"m"
53,0.1457,16.0672,0.08743,"m"
54,0.1412,16.1023,0.08734,"m"
55,0.1368,16.1365,0.08725,"m"
56,0.1324,16.1698,0.08717,"m"
57,0.128,16.2021,0.08708,"m"
58,0.1238,16.2336,0.087,"m"
59,0.1196,16.2642,0.08692,"m"
60,0.1154,16.2941,0.08684,"m"
61,0.1113,16.3231,0.08676,"m"
62,0.1072,16.3513,0.08669,"m"
63,0.1032,16.3787,0.08661,"m"
64,0.0993,16.4053,0.08654,"m"
65,0.0954,16.4312,0.08646,"m"
66,0.0915,16.4562,0.08639,"m"
67,0.0877,16.4806,0.08632,"m"
68,0.084,16.5042,0.08626,"m"
69,0.0803,16.5271,0.08619,"m"
70,0.0766,16.5494,0.08612,"m"
71,0.0729,16.571,0.08606,"m"
72,0.0693,16.592,0.08599,"m"
73,0.0658,16.6124,0.08593,"m"
74,0.0623,16.6321,0.08587,"m"
75,0.0588,16.6514,0.08581,"m"
76,0.0554,16.67,0.08575,"m"
77,0.052,16.6882,0.08569,"m"
78,0.0486,16.7058,0.08564,"m"
79,0.0452,16.7229,0.08558,"m"
80,0.0419,16.7396,0.08552,"m"
81,0.0387,16.7557,0.08547,"m"
82,0.0354,16.7715,0.08541,"m"
83,0.0322,16.7867,0.08536,"m"
84,0.0291,16.8016,0.08531,"m"
85,0.0259,16.8161,0.08526,"m"
86,0.0228,16.8301,0.08521,"m"
87,0.0197,16.8438,0.08516,"m"
88,0.0167,16.8571,0.08511,"m"
89,0.0137,16.8701,0.08506,"m"
90,0.0107,16.8827,0.08501,"m"
91,0.0077,16.895,0.08496,"m"
92,0.0048,16.9069,0.08492,"m"
93,0.0018,16.9186,0.08487,"m"
94,-0.0011,16.9299,0.08483,"m"
95,-0.0039,16.941,0.08478,"m"
96,-0.0068,16.9518,0.08474,"m"
97,-0.0096,16.9623,0.0847,"m"
98,-0.0124,16.9725,0.08465,"m"
99,-0.0151,16.9825,0.08461,"m"
100,-0.0179,16.9923,0.08457,"m"
101,-0.0206,17.0018,0.08453,"m"
102,-0.0233,17.0111,0.08449,"m"
103,-0.026,17.0201,0.08445,"m"
104,-0.0287,17.029,0.08441,"m"
105,-0.0313,17.0376,0.08437,"m"
106,-0.0339,17.0461,0.08433,"m"
107,-0.0365,17.0544,0.08429,"m"
108,-0.0391,17.0624,0.08426,"m"
109,-0.0416,17.0704,0.08422,"m"
110,-0.0442,17.0781,0.08418,"m"
111,-0.0467,17.0857,0.08415,"m"
112,-0.0492,17.0931,0.08411,"m"
113,-0.0517,17.1003,0.08408,"m"
114,-0.0541,17.1074,0.08404,"m"
115,-0.0566,17.1144,0.08401,"m"
116,-0.059,17.1212,0.08397,"m"
117,-0.0614,17.1279,0.08394,"m"
118,-0.0638,17.1344,0.08391,"m"
119,-0.0662,17.1409,0.08387,"m"
120,-0.0686,17.1472,0.08384,"m"
121,-0.0709,17.1533,0.08381,"m"
122,-0.0732,17.1594,0.08378,"m"
123,-0.0756,17.1653,0.08375,"m"
124,-0.0779,17.1712,0.08371,"m"
125,-0.0801,17.1769,0.08368,"m"
126,-0.0824,17.1825,0.08365,"m"
127,-0.0847,17.188,0.08362,"m"
128,-0.0869,17.1934,0.08359,"m"
129,-0.0891,17.1987,0.08356,"m"
130,-0.0913,17.2038,0.08354,"m"
131,-0.0935,17.2089,0.08351,"m"
132,-0.0957,17.2138,0.08348,"m"
133,-0.0979,17.2187,0.08345,"m"
134,-0.1,17.2234,0.08342,"m"
135,-0.1022,17.2281,0.0834,"m"
136,-0.1043,17.2326,0.08337,"m"
137,-0.1064,17.237,0.08334,"m"
138,-0.1085,17.2414,0.08332,"m"
139,-0.1106,17.2456,0.08329,"m"
140,-0.1127,17.2497,0.08326,"m"
141,-0.1147,17.2537,0.08324,"m"
142,-0.1168,17.2576,0.08321,"m"
143,-0.1188,17.2615,0.08319,"m"
144,-0.1208,17.2652,0.08316,"m"
145,-0.1229,17.2688,0.08314,"m"
146,-0.1249,17.2723,0.08311,"m"
147,-0.1269,17.2757,0.08309,"m"
148,-0.1288,17.2791,0.08306,"m"
149,-0.1308,17.2823,0.08304,"m"
150,-0.1328,17.2854,0.08302,"m"
151,-0.1347,17.2885,0.08299,"m"
152,-0.1366,17.2914,0.08297,"m"
153,-0.1386,17.2943,0.08295,"m"
154,-0.1405,17.297,0.08292,"m"
155,-0.1424,17.2997,0.0829,"m"
156,-0.1443,17.3023,0.08288,"m"
157,-0.1462,17.3048,0.08285,"m"
158,-0.148,17.3072,0.08283,"m"
159,-0.1499,17.3095,0.08281,"m"
160,-0.1518,17.3117,0.08279,"m"
161,-0.1536,17.3139,0.08277,"m"
162,-0.1554,17.316,0.08275,"m"
163,-0.1573,17.318,0.08272,"m"
164,-0.1591,17.3199,0.0827,"m"
165,-0.1609,17.3218,0.08268,"m"
166,-0.1627,17.3235,0.08266,"m"
167,-0.1645,17.3252,0.08264,"m"
168,-0.1663,17.3268,0.08262,"m"
169,-0.168,17.3284,0.0826,"m"
170,-0.1698,17.3299,0.08258,"m"
171,-0.1715,17.3313,0.08256,"m"
172,-0.1733,17.3326,0.08254,"m"
173,-0.175,17.3338,0.08252,"m"
174,-0.1768,17.335,0.0825,"m"
175,-0.1785,17.3361,0.08248,"m"
176,-0.1802,17.3371,0.08246,"m"
177,-0.1819,17.3381,0.08244,"m"
178,-0.1836,17.339,0.08242,"m"
179,-0.1853,17.3398,0.08241,"m"
180,-0.187,17.3406,0.08239,"m"
181,-0.1886,17.3412,0.08237,"m"
182,-0.1903,17.3419,0.08235,"m"
183,-0.1919,17.3424,0.08233,"m"
184,-0.1936,17.3429,0.08231,"m"
185,-0.1952,17.3433,0.0823,"m"
186,-0.1969,17.3437,0.08228,"m"
187,-0.1985,17.3439,0.08226,"m"
188,-0.2001,17.3441,0.08224,"m"
189,-0.2017,17.3443,0.08222,"m"
190,-0.2033,17.3444,0.08221,"m"
191,-0.2049,17.3444,0.08219,"m"
192,-0.2065,17.3443,0.08217,"m"
193,-0.2081,17.3442,0.08216,"m"
194,-0.2097,17.344,0.08214,"m"
195,-0.2112,17.3438,0.08212,"m"
196,-0.2128,17.3434,0.0821,"m"
197,-0.2144,17.3431,0.08209,"m"
198,-0.2159,17.3426,0.08207,"m"
199,-0.2174,17.3421,0.08205,"m"
200,-0.219,17.3416,0.08204,"m"
201,-0.2205,17.3409,0.08202,"m"
202,-0.222,17.3402,0.08201,"m"
203,-0.2235,17.3395,0.08199,"m"
204,-0.2251,17.3387,0.08197,"m"
205,-0.2266,17.3378,0.08196,"m"
206,-0.2281,17.3369,0.08194,"m"
207,-0.2295,17.3359,0.08193,"m"
208,-0.231,17.3349,0.08191,"m"
209,-0.2325,17.3338,0.08189,"m"
210,-0.234,17.3326,0.08188,"m"
211,-0.2354,17.3314,0.08186,"m"
212,-0.2369,17.3302,0.08185,"m"
213,-0.2384,17.3289,0.08183,"m"
214,-0.2398,17.3275,0.08182,"m"
215,-0.2413,17.3261,0.0818,"m"
216,-0.2427,17.3246,0.08179,"m"
217,-0.2441,17.323,0.08177,"m"
218,-0.2456,17.3215,0.08176,"m"
219,-0.247,17.3198,0.08174,"m"
220,-0.2484,17.3181,0.08173,"m"
221,-0.2498,17.3164,0.08171,"m"
222,-0.2512,17.3146,0.0817,"m"
223,-0.2526,17.3127,0.08168,"m"
224,-0.254,17.3108,0.08167,"m"
225,-0.2554,17.3089,0.08165,"m"
226,-0.2568,17.3069,0.08164,"m"
227,-0.2581,17.3048,0.08163,"m"
228,-0.2595,17.3027,0.08161,"m"
229,-0.2609,17.3006,0.0816,"m"
230,-0.2622,17.2984,0.08158,"m"
231,-0.2636,17.2962,0.08157,"m"
232,-0.265,17.2939,0.08155,"m"
233,-0.2663,17.2916,0.08154,"m"
234,-0.2676,17.2892,0.08153,"m"
235,-0.269,17.2868,0.08151,"m"
236,-0.2703,17.2844,0.0815,"m"
237,-0.2716,17.2819,0.08149,"m"
238,-0.273,17.2794,0.08147,"m"
239,-0.2743,17.2768,0.08146,"m"
240,-0.2756,17.2742,0.08145,"m"
241,-0.2769,17.2715,0.08143,"m"
242,-0.2782,17.2688,0.08142,"m"
243,-0.2795,17.2661,0.08141,"m"
244,-0.2808,17.2633,0.08139,"m"
245,-0.2821,17.2605,0.08138,"m"
246,-0.2834,17.2577,0.08137,"m"
247,-0.2847,17.2548,0.08135,"m"
248,-0.2859,17.2519,0.08134,"m"
249,-0.2872,17.249,0.08133,"m"
250,-0.2885,17.246,0.08131,"m"
251,-0.2898,17.243,0.0813,"m"
252,-0.291,17.2399,0.08129,"m"
253,-0.2923,17.2368,0.08128,"m"
254,-0.2935,17.2337,0.08126,"m"
255,-0.2948,17.2306,0.08125,"m"
256,-0.296,17.2274,0.08124,"m"
257,-0.2972,17.2242,0.08122,"m"
258,-0.2985,17.221,0.08121,"m"
259,-0.2997,17.2177,0.0812,"m"
260,-0.3009,17.2144,0.08119,"m"
261,-0.3022,17.2111,0.08117,"m"
262,-0.3034,17.2078,0.08116,"m"
263,-0.3046,17.2044,0.08115,"m"
264,-0.3058,17.2011,0.08114,"m"
265,-0.307,17.1976,0.08113,"m"
266,-0.3082,17.1942,0.08111,"m"
267,-0.3094,17.1908,0.0811,"m"
268,-0.3106,17.1873,0.08109,"m"
269,-0.3118,17.1838,0.08108,"m"
270,-0.313,17.1803,0.08107,"m"
271,-0.3142,17.1767,0.08105,"m"
272,-0.3153,17.1731,0.08104,"m"
273,-0.3165,17.1696,0.08103,"m"
274,-0.3177,17.1659,0.08102,"m"
275,-0.3189,17.1623,0.08101,"m"
276,-0.32,17.1587,0.08099,"m"
277,-0.3212,17.155,0.08098,"m"
278,-0.3223,17.1513,0.08097,"m"
279,-0.3235,17.1476,0.08096,"m"
280,-0.3246,17.1439,0.08095,"m"
281,-0.3258,17.1402,0.08094,"m"
282,-0.3269,17.1364,0.08093,"m"
283,-0.3281,17.1326,0.08091,"m"
284,-0.3292,17.1288,0.0809,"m"
285,-0.3303,17.125,0.08089,"m"
286,-0.3315,17.1212,0.08088,"m"
287,-0.3326,17.1174,0.08087,"m"
288,-0.3337,17.1135,0.08086,"m"
289,-0.3348,17.1097,0.08085,"m"
290,-0.3359,17.1058,0.08084,"m"
291,-0.3371,17.1019,0.08082,"m"
292,-0.3382,17.098,0.08081,"m"
293,-0.3393,17.0941,0.0808,"m"
294,-0.3404,17.0901,0.08079,"m"
295,-0.3415,17.0862,0.08078,"m"
296,-0.3426,17.0823,0.08077,"m"
297,-0.3437,17.0783,0.08076,"m"
298,-0.3448,17.0743,0.08075,"m"
299,-0.3458,17.0703,0.08074,"m"
300,-0.3469,17.0663,0.08073,"m"
301,-0.348,17.0623,0.08071,"m"
302,-0.3491,17.0583,0.0807,"m"
303,-0.3502,17.0543,0.08069,"m"
304,-0.3512,17.0503,0.08068,"m"
305,-0.3523,17.0463,0.08067,"m"
306,-0.3534,17.0422,0.08066,"m"
307,-0.3544,17.0382,0.08065,"m"
308,-0.3555,17.0341,0.08064,"m"
309,-0.3565,17.0301,0.08063,"m"
310,-0.3576,17.026,0.08062,"m"
311,-0.3586,17.0219,0.08061,"m"
312,-0.3597,17.0178,0.0806,"m"
313,-0.3607,17.0138,0.08059,"m"
314,-0.3618,17.0097,0.08058,"m"
315,-0.3628,17.0056,0.08057,"m"
316,-0.3638,17.0015,0.08056,"m"
317,-0.3649,16.9974,0.08055,"m"
318,-0.3659,16.9933,0.08054,"m"
319,-0.3669,16.9892,0.08053,"m"
320,-0.3679,16.985,0.08052,"m"
321,-0.369,16.9809,0.08051,"m"
322,-0.37,16.9768,0.0805,"m"
323,-0.371,16.9727,0.08049,"m"
324,-0.372,16.9686,0.08048,"m"
325,-0.373,16.9644,0.08047,"m"
326,-0.374,16.9603,0.08046,"m"
327,-0.375,16.9562,0.08045,"m"
328,-0.376,16.9521,0.08044,"m"
329,-0.377,16.9479,0.08043,"m"
330,-0.378,16.9438,0.08042,"m"
331,-0.379,16.9397,0.08041,"m"
332,-0.38,16.9355,0.0804,"m"
333,-0.381,16.9314,0.08039,"m"
334,-0.382,16.9273,0.08038,"m"
335,-0.383,16.9231,0.08037,"m"
336,-0.3839,16.919,0.08036,"m"
337,-0.3849,16.9148,0.08035,"m"
338,-0.3859,16.9107,0.08034,"m"
339,-0.3869,16.9066,0.08033,"m"
340,-0.3878,16.9024,0.08032,"m"
341,-0.3888,16.8983,0.08031,"m"
342,-0.3898,16.8942,0.0803,"m"
343,-0.3907,16.89,0.08029,"m"
344,-0.3917,16.8859,0.08028,"m"
345,-0.3926,16.8817,0.08027,"m"
346,-0.3936,16.8776,0.08026,"m"
347,-0.3945,16.8735,0.08025,"m"
348,-0.3955,16.8693,0.08024,"m"
349,-0.3964,16.8652,0.08023,"m"
350,-0.3974,16.861,0.08022,"m"
351,-0.3983,16.8569,0.08022,"m"
352,-0.3993,16.8528,0.08021,"m"
353,-0.4002,16.8486,0.0802,"m"
354,-0.4011,16.8445,0.08019,"m"
355,-0.4021,16.8404,0.08018,"m"
356,-0.403,16.8363,0.08017,"m"
357,-0.4039,16.8321,0.08016,"m"
358,-0.4049,16.828,0.08015,"m"
359,-0.4058,16.8239,0.08014,"m"
360,-0.4067,16.8198,0.08013,"m"
361,-0.4076,16.8156,0.08012,"m"
362,-0.4085,16.8115,0.08011,"m"
363,-0.4095,16.8074,0.08011,"m"
364,-0.4104,16.8033,0.0801,"m"
365,-0.4113,16.7992,0.08009,"m"
366,-0.4122,16.7951,0.08008,"m"
367,-0.4131,16.7909,0.08007,"m"
368,-0.414,16.7868,0.08006,"m"
369,-0.4149,16.7827,0.08005,"m"
370,-0.4158,16.7786,0.08004,"m"
371,-0.4167,16.7745,0.08003,"m"
372,-0.4176,16.7704,0.08003,"m"
373,-0.4185,16.7663,0.08002,"m"
374,-0.4194,16.7622,0.08001,"m"
375,-0.4203,16.7582,0.08,"m"
376,-0.4211,16.7541,0.07999,"m"
377,-0.422,16.75,0.07998,"m"
378,-0.4229,16.7459,0.07997,"m"
379,-0.4238,16.7418,0.07996,"m"
380,-0.4247,16.7377,0.07996,"m"
381,-0.4255,16.7337,0.07995,"m"
382,-0.4264,16.7296,0.07994,"m"
383,-0.4273,16.7255,0.07993,"m"
384,-0.4282,16.7215,0.07992,"m"
385,-0.429,16.7174,0.07991,"m"
386,-0.4299,16.7134,0.0799,"m"
387,-0.4308,16.7093,0.0799,"m"
388,-0.4316,16.7053,0.07989,"m"
389,-0.4325,16.7012,0.07988,"m"
390,-0.4333,16.6972,0.07987,"m"
391,-0.4342,16.6932,0.07986,"m"
392,-0.435,16.6891,0.07985,"m"
393,-0.4359,16.6851,0.07984,"m"
394,-0.4367,16.6811,0.07984,"m"
395,-0.4376,16.6771,0.07983,"m"
396,-0.4384,16.6731,0.07982,"m"
397,-0.4393,16.6691,0.07981,"m"
398,-0.4401,16.6651,0.0798,"m"
399,-0.441,16.6611,0.0798,"m"
400,-0.4418,16.6571,0.07979,"m"
401,-0.4426,16.6531,0.07978,"m"
402,-0.4435,16.6491,0.07977,"m"
403,-0.4443,16.6451,0.07976,"m"
404,-0.4451,16.6412,0.07975,"m"
405,-0.446,16.6372,0.07975,"m"
406,-0.4468,16.6332,0.07974,"m"
407,-0.4476,16.6293,0.07973,"m"
408,-0.4484,16.6253,0.07972,"m"
409,-0.4493,16.6214,0.07971,"m"
410,-0.4501,16.6175,0.07971,"m"
411,-0.4509,16.6135,0.0797,"m"
412,-0.4517,16.6096,0.07969,"m"
413,-0.4525,16.6057,0.07968,"m"
414,-0.4533,16.6018,0.07967,"m"
415,-0.4541,16.5979,0.07966,"m"
416,-0.455,16.594,0.07966,"m"
417,-0.4558,16.5901,0.07965,"m"
418,-0.4566,16.5862,0.07964,"m"
419,-0.4574,16.5823,0.07963,"m"
420,-0.4582,16.5784,0.07963,"m"
421,-0.459,16.5745,0.07962,"m"
422,-0.4598,16.5707,0.07961,"m"
423,-0.4606,16.5668,0.0796,"m"
424,-0.4614,16.5629,0.07959,"m"
425,-0.4621,16.5591,0.07959,"m"
426,-0.4629,16.5553,0.07958,"m"
427,-0.4637,16.5514,0.07957,"m"
428,-0.4645,16.5476,0.07956,"m"
429,-0.4653,16.5438,0.07955,"m"
430,-0.4661,16.5399,0.07955,"m"
431,-0.4669,16.5361,0.07954,"m"
432,-0.4677,16.5323,0.07953,"m"
433,-0.4684,16.5285,0.07952,"m"
434,-0.4692,16.5247,0.07952,"m"
435,-0.47,16.5209,0.07951,"m"
436,-0.4708,16.5172,0.0795,"m"
437,-0.4715,16.5134,0.07949,"m"
438,-0.4723,16.5096,0.07949,"m"
439,-0.4731,16.5059,0.07948,"m"
440,-0.4738,16.5021,0.07947,"m"
441,-0.4746,16.4984,0.07946,"m"
442,-0.4754,16.4946,0.07946,"m"
443,-0.4761,16.4909,0.07945,"m"
444,-0.4769,16.4871,0.07944,"m"
445,-0.4777,16.4834,0.07943,"m"
446,-0.4784,16.4797,0.07943,"m"
447,-0.4792,16.476,0.07942,"m"
448,-0.4799,16.4723,0.07941,"m"
449,-0.4807,16.4686,0.0794,"m"
450,-0.4814,16.4649,0.0794,"m"
451,-0.4822,16.4612,0.07939,"m"
452,-0.4829,16.4576,0.07938,"m"
453,-0.4837,16.4539,0.07937,"m"
454,-0.4844,16.4502,0.07937,"m"
455,-0.4852,16.4466,0.07936,"m"
456,-0.4859,16.4429,0.07935,"m"
457,-0.4867,16.4393,0.07934,"m"
458,-0.4874,16.4357,0.07934,"m"
459,-0.4881,16.432,0.07933,"m"
460,-0.4889,16.4284,0.07932,"m"
461,-0.4896,16.4248,0.07931,"m"
462,-0.4903,16.4212,0.07931,"m"
463,-0.4911,16.4176,0.0793,"m"
464,-0.4918,16.414,0.07929,"m"
465,-0.4925,16.4104,0.07929,"m"
466,-0.4933,16.4069,0.07928,"m"
467,-0.494,16.4033,0.07927,"m"
468,-0.4947,16.3997,0.07926,"m"
469,-0.4954,16.3962,0.07926,"m"
470,-0.4962,16.3926,0.07925,"m"
471,-0.4969,16.3891,0.07924,"m"
472,-0.4976,16.3856,0.07924,"m"
473,-0.4983,16.3821,0.07923,"m"
474,-0.499,16.3785,0.07922,"m"
475,-0.4997,16.375,0.07921,"m"
476,-0.5005,16.3715,0.07921,"m"
477,-0.5012,16.368,0.0792,"m"
478,-0.5019,16.3646,0.07919,"m"
479,-0.5026,16.3611,0.07919,"m"
480,-0.5033,16.3576,0.07918,"m"
481,-0.504,16.3541,0.07917,"m"
482,-0.5047,16.3507,0.07916,"m"
483,-0.5054,16.3472,0.07916,"m"
484,-0.5061,16.3438,0.07915,"m"
485,-0.5068,16.3404,0.07914,"m"
486,-0.5075,16.3369,0.07914,"m"
487,-0.5082,16.3335,0.07913,"m"
488,-0.5089,16.3301,0.07912,"m"
489,-0.5096,16.3267,0.07912,"m"
490,-0.5103,16.3233,0.07911,"m"
491,-0.511,16.3199,0.0791,"m"
492,-0.5117,16.3165,0.07909,"m"
493,-0.5124,16.3131,0.07909,"m"
494,-0.5131,16.3098,0.07908,"m"
495,-0.5138,16.3064,0.07907,"m"
496,-0.5144,16.3031,0.07907,"m"
497,-0.5151,16.2997,0.07906,"m"
498,-0.5158,16.2964,0.07905,"m"
499,-0.5165,16.293,0.07905,"m"
500,-0.5172,16.2897,0.07904,"m"
501,-0.5179,16.2864,0.07903,"m"
502,-0.5185,16.2831,0.07903,"m"
503,-0.5192,16.2798,0.07902,"m"
504,-0.5199,16.2765,0.07901,"m"
505,-0.5206,16.2732,0.07901,"m"
506,-0.5212,16.2699,0.079,"m"
507,-0.5219,16.2666,0.07899,"m"
508,-0.5226,16.2634,0.07899,"m"
509,-0.5233,16.2601,0.07898,"m"
510,-0.5239,16.2568,0.07897,"m"
511,-0.5246,16.2536,0.07897,"m"
512,-0.5253,16.2504,0.07896,"m"
513,-0.5259,16.2471,0.07895,"m"
514,-0.5266,16.2439,0.07895,"m"
515,-0.5273,16.2407,0.07894,"m"
516,-0.5279,16.2375,0.07893,"m"
517,-0.5286,16.2343,0.07893,"m"
518,-0.5292,16.2311,0.07892,"m"
519,-0.5299,16.2279,0.07891,"m"
520,-0.5306,16.2247,0.07891,"m"
521,-0.5312,16.2215,0.0789,"m"
522,-0.5319,16.2184,0.07889,"m"
523,-0.5325,16.2152,0.07889,"m"
524,-0.5332,16.2121,0.07888,"m"
525,-0.5338,16.2089,0.07887,"m"
526,-0.5345,16.2058,0.07887,"m"
527,-0.5351,16.2027,0.07886,"m"
528,-0.5358,16.1996,0.07885,"m"
529,-0.5364,16.1964,0.07885,"m"
530,-0.5371,16.1933,0.07884,"m"
531,-0.5377,16.1902,0.07883,"m"
532,-0.5383,16.1872,0.07883,"m"
533,-0.539,16.1841,0.07882,"m"
534,-0.5396,16.181,0.07881,"m"
535,-0.5403,16.1779,0.07881,"m"
536,-0.5409,16.1749,0.0788,"m"
537,-0.5415,16.1718,0.0788,"m"
538,-0.5422,16.1688,0.07879,"m"
539,-0.5428,16.1658,0.07878,"m"
540,-0.5434,16.1627,0.07878,"m"
541,-0.5441,16.1597,0.07877,"m"
542,-0.5447,16.1567,0.07876,"m"
543,-0.5453,16.1537,0.07876,"m"
544,-0.546,16.1507,0.07875,"m"
545,-0.5466,16.1477,0.07874,"m"
546,-0.5472,16.1447,0.07874,"m"
547,-0.5479,16.1418,0.07873,"m"
548,-0.5485,16.1388,0.07873,"m"
549,-0.5491,16.1359,0.07872,"m"
550,-0.5497,16.1329,0.07871,"m"
551,-0.5503,16.13,0.07871,"m"
552,-0.551,16.127,0.0787,"m"
553,-0.5516,16.1241,0.07869,"m"
554,-0.5522,16.1212,0.07869,"m"
555,-0.5528,16.1183,0.07868,"m"
556,-0.5534,16.1154,0.07867,"m"
557,-0.5541,16.1125,0.07867,"m"
558,-0.5547,16.1096,0.07866,"m"
559,-0.5553,16.1067,0.07866,"m"
560,-0.5559,16.1039,0.07865,"m"
561,-0.5565,16.101,0.07864,"m"
562,-0.5571,16.0981,0.07864,"m"
563,-0.5577,16.0953,0.07863,"m"
564,-0.5583,16.0925,0.07863,"m"
565,-0.5589,16.0896,0.07862,"m"
566,-0.5595,16.0868,0.07861,"m"
567,-0.5602,16.084,0.07861,"m"
568,-0.5608,16.0812,0.0786,"m"
569,-0.5614,16.0784,0.07859,"m"
570,-0.562,16.0756,0.07859,"m"
571,-0.5626,16.0728,0.07858,"m"
572,-0.5632,16.0701,0.07858,"m"
573,-0.5638,16.0673,0.07857,"m"
574,-0.5644,16.0646,0.07856,"m"
575,-0.565,16.0618,0.07856,"m"
576,-0.5656,16.0591,0.07855,"m"
577,-0.5662,16.0564,0.07855,"m"
578,-0.5667,16.0536,0.07854,"m"
579,-0.5673,16.0509,0.07853,"m"
580,-0.5679,16.0482,0.07853,"m"
581,-0.5685,16.0455,0.07852,"m"
582,-0.5691,16.0429,0.07852,"m"
583,-0.5697,16.0402,0.07851,"m"
584,-0.5703,16.0375,0.0785,"m"
585,-0.5709,16.0349,0.0785,"m"
586,-0.5715,16.0322,0.07849,"m"
587,-0.5721,16.0296,0.07849,"m"
588,-0.5726,16.0269,0.07848,"m"
589,-0.5732,16.0243,0.07847,"m"
590,-0.5738,16.0217,0.07847,"m"
591,-0.5744,16.0191,0.07846,"m"
592,-0.575,16.0165,0.07846,"m"
593,-0.5755,16.0139,0.07845,"m"
594,-0.5761,16.0113,0.07844,"m"
595,-0.5767,16.0088,0.07844,"m"
596,-0.5773,16.0062,0.07843,"m"
597,-0.5779,16.0036,0.07843,"m"
598,-0.5784,16.0011,0.07842,"m"
599,-0.579,15.9986,0.07841,"m"
600,-0.5796,15.996,0.07841,"m"
601,-0.5802,15.9935,0.0784,"m"
602,-0.5807,15.991,0.0784,"m"
603,-0.5813,15.9885,0.07839,"m"
604,-0.5819,15.986,0.07838,"m"
605,-0.5824,15.9835,0.07838,"m"
606,-0.583,15.9811,0.07837,"m"
607,-0.5836,15.9786,0.07837,"m"
608,-0.5841,15.9761,0.07836,"m"
609,-0.5847,15.9737,0.07836,"m"
610,-0.5853,15.9713,0.07835,"m"
611,-0.5858,15.9688,0.07834,"m"
612,-0.5864,15.9664,0.07834,"m"
613,-0.587,15.964,0.07833,"m"
614,-0.5875,15.9616,0.07833,"m"
615,-0.5881,15.9592,0.07832,"m"
616,-0.5886,15.9568,0.07832,"m"
617,-0.5892,15.9544,0.07831,"m"
618,-0.5898,15.9521,0.0783,"m"
619,-0.5903,15.9497,0.0783,"m"
620,-0.5909,15.9473,0.07829,"m"
621,-0.5914,15.945,0.07829,"m"
622,-0.592,15.9427,0.07828,"m"
623,-0.5925,15.9403,0.07827,"m"
624,-0.5931,15.938,0.07827,"m"
625,-0.5936,15.9357,0.07826,"m"
626,-0.5942,15.9334,0.07826,"m"
627,-0.5947,15.9311,0.07825,"m"
628,-0.5953,15.9288,0.07825,"m"
629,-0.5958,15.9266,0.07824,"m"
630,-0.5964,15.9243,0.07824,"m"
631,-0.5969,15.922,0.07823,"m"
632,-0.5975,15.9198,0.07822,"m"
633,-0.598,15.9176,0.07822,"m"
634,-0.5986,15.9153,0.07821,"m"
635,-0.5991,15.9131,0.07821,"m"
636,-0.5996,15.9109,0.0782,"m"
637,-0.6002,15.9087,0.0782,"m"
638,-0.6007,15.9065,0.07819,"m"
639,-0.6013,15.9043,0.07818,"m"
640,-0.6018,15.9021,0.07818,"m"
641,-0.6023,15.9,0.07817,"m"
642,-0.6029,15.8978,0.07817,"m"
643,-0.6034,15.8956,0.07816,"m"
644,-0.604,15.8935,0.07816,"m"
645,-0.6045,15.8913,0.07815,"m"
646,-0.605,15.8892,0.07815,"m"
647,-0.6056,15.8871,0.07814,"m"
648,-0.6061,15.885,0.07813,"m"
649,-0.6066,15.8829,0.07813,"m"
650,-0.6072,15.8808,0.07812,"m"
651,-0.6077,15.8787,0.07812,"m"
652,-0.6082,15.8766,0.07811,"m"
653,-0.6087,15.8745,0.07811,"m"
654,-0.6093,15.8725,0.0781,"m"
655,-0.6098,15.8704,0.0781,"m"
656,-0.6103,15.8684,0.07809,"m"
657,-0.6109,15.8663,0.07809,"m"
658,-0.6114,15.8643,0.07808,"m"
659,-0.6119,15.8623,0.07807,"m"
660,-0.6124,15.8602,0.07807,"m"
661,-0.613,15.8582,0.07806,"m"
662,-0.6135,15.8562,0.07806,"m"
663,-0.614,15.8542,0.07805,"m"
664,-0.6145,15.8522,0.07805,"m"
665,-0.615,15.8503,0.07804,"m"
666,-0.6156,15.8483,0.07804,"m"
667,-0.6161,15.8463,0.07803,"m"
668,-0.6166,15.8444,0.07803,"m"
669,-0.6171,15.8424,0.07802,"m"
670,-0.6176,15.8405,0.07802,"m"
671,-0.6181,15.8385,0.07801,"m"
672,-0.6187,15.8366,0.078,"m"
673,-0.6192,15.8347,0.078,"m"
674,-0.6197,15.8328,0.07799,"m"
675,-0.6202,15.8309,0.07799,"m"
676,-0.6207,15.829,0.07798,"m"
677,-0.6212,15.8271,0.07798,"m"
678,-0.6217,15.8252,0.07797,"m"
679,-0.6222,15.8233,0.07797,"m"
680,-0.6227,15.8214,0.07796,"m"
681,-0.6233,15.8196,0.07796,"m"
682,-0.6238,15.8177,0.07795,"m"
683,-0.6243,15.8158,0.07795,"m"
684,-0.6248,15.814,0.07794,"m"
685,-0.6253,15.8122,0.07794,"m"
686,-0.6258,15.8103,0.07793,"m"
687,-0.6263,15.8085,0.07792,"m"
688,-0.6268,15.8067,0.07792,"m"
689,-0.6273,15.8049,0.07791,"m"
690,-0.6278,15.8031,0.07791,"m"
691,-0.6283,15.8013,0.0779,"m"
692,-0.6288,15.7995,0.0779,"m"
693,-0.6293,15.7977,0.07789,"m"
694,-0.6298,15.7959,0.07789,"m"
695,-0.6303,15.7941,0.07788,"m"
696,-0.6308,15.7924,0.07788,"m"
697,-0.6313,15.7906,0.07787,"m"
698,-0.6318,15.7888,0.07787,"m"
699,-0.6323,15.7871,0.07786,"m"
700,-0.6328,15.7853,0.07786,"m"
701,-0.6333,15.7836,0.07785,"m"
702,-0.6338,15.7819,0.07785,"m"
703,-0.6343,15.7802,0.07784,"m"
704,-0.6348,15.7784,0.07784,"m"
705,-0.6352,15.7767,0.07783,"m"
706,-0.6357,15.775,0.07783,"m"
707,-0.6362,15.7733,0.07782,"m"
708,-0.6367,15.7716,0.07782,"m"
709,-0.6372,15.7699,0.07781,"m"
710,-0.6377,15.7682,0.07781,"m"
711,-0.6382,15.7665,0.0778,"m"
712,-0.6387,15.7649,0.0778,"m"
713,-0.6392,15.7632,0.07779,"m"
714,-0.6396,15.7615,0.07779,"m"
715,-0.6401,15.7599,0.07778,"m"
716,-0.6406,15.7582,0.07778,"m"
717,-0.6411,15.7566,0.07777,"m"
718,-0.6416,15.7549,0.07777,"m"
719,-0.6421,15.7533,0.07776,"m"
720,-0.6425,15.7517,0.07776,"m"
721,-0.643,15.75,0.07775,"m"
722,-0.6435,15.7484,0.07775,"m"
723,-0.644,15.7468,0.07774,"m"
724,-0.6445,15.7452,0.07774,"m"
725,-0.6449,15.7436,0.07773,"m"
726,-0.6454,15.742,0.07773,"m"
727,-0.6459,15.7404,0.07772,"m"
728,-0.6464,15.7388,0.07772,"m"
729,-0.6469,15.7372,0.07771,"m"
730,-0.6473,15.7356,0.07771,"m"
731,-0.6187,16.0189,0.07785,"m"
732,-0.6175,16.0176,0.07785,"m"
733,-0.6164,16.0163,0.07785,"m"
734,-0.6152,16.015,0.07785,"m"
735,-0.614,16.0136,0.07786,"m"
736,-0.6129,16.0123,0.07786,"m"
737,-0.6117,16.011,0.07786,"m"
738,-0.6105,16.0097,0.07786,"m"
739,-0.6094,16.0084,0.07787,"m"
740,-0.6082,16.0071,0.07787,"m"
741,-0.607,16.0058,0.07787,"m"
742,-0.6059,16.0045,0.07787,"m"
743,-0.6047,16.0032,0.07787,"m"
744,-0.6036,16.0019,0.07788,"m"
745,-0.6024,16.0006,0.07788,"m"
746,-0.6012,15.9993,0.07788,"m"
747,-0.6001,15.998,0.07788,"m"
748,-0.5989,15.9967,0.07789,"m"
749,-0.5978,15.9954,0.07789,"m"
750,-0.5966,15.9941,0.07789,"m"
751,-0.5955,15.9928,0.07789,"m"
752,-0.5943,15.9915,0.07789,"m"
753,-0.5932,15.9902,0.0779,"m"
754,-0.592,15.9889,0.0779,"m"
755,-0.5909,15.9876,0.0779,"m"
756,-0.5897,15.9863,0.0779,"m"
757,-0.5886,15.985,0.07791,"m"
758,-0.5874,15.9838,0.07791,"m"
759,-0.5863,15.9825,0.07791,"m"
760,-0.5851,15.9812,0.07791,"m"
761,-0.584,15.9799,0.07792,"m"
762,-0.5828,15.9786,0.07792,"m"
763,-0.5817,15.9773,0.07792,"m"
764,-0.5805,15.976,0.07792,"m"
765,-0.5794,15.9748,0.07793,"m"
766,-0.5783,15.9735,0.07793,"m"
767,-0.5771,15.9722,0.07793,"m"
768,-0.576,15.9709,0.07793,"m"
769,-0.5748,15.9697,0.07794,"m"
770,-0.5737,15.9684,0.07794,"m"
771,-0.5726,15.9671,0.07794,"m"
772,-0.5714,15.9658,0.07794,"m"
773,-0.5703,15.9646,0.07795,"m"
774,-0.5692,15.9633,0.07795,"m"
775,-0.568,15.962,0.07795,"m"
776,-0.5669,15.9607,0.07795,"m"
777,-0.5658,15.9595,0.07796,"m"
778,-0.5647,15.9582,0.07796,"m"
779,-0.5635,15.9569,0.07796,"m"
780,-0.5624,15.9557,0.07796,"m"
781,-0.5613,15.9544,0.07797,"m"
782,-0.5602,15.9532,0.07797,"m"
783,-0.559,15.9519,0.07797,"m"
784,-0.5579,15.9506,0.07798,"m"
785,-0.5568,15.9494,0.07798,"m"
786,-0.5557,15.9481,0.07798,"m"
787,-0.5546,15.9468,0.07798,"m"
788,-0.5535,15.9456,0.07799,"m"
789,-0.5523,15.9443,0.07799,"m"
790,-0.5512,15.9431,0.07799,"m"
791,-0.5501,15.9418,0.07799,"m"
792,-0.549,15.9406,0.078,"m"
793,-0.5479,15.9393,0.078,"m"
794,-0.5468,15.9381,0.078,"m"
795,-0.5457,15.9368,0.07801,"m"
796,-0.5446,15.9356,0.07801,"m"
797,-0.5435,15.9343,0.07801,"m"
798,-0.5424,15.9331,0.07801,"m"
799,-0.5413,15.9318,0.07802,"m"
800,-0.5402,15.9306,0.07802,"m"
801,-0.5391,15.9293,0.07802,"m"
802,-0.538,15.9281,0.07803,"m"
803,-0.5369,15.9268,0.07803,"m"
804,-0.5358,15.9256,0.07803,"m"
805,-0.5347,15.9244,0.07803,"m"
806,-0.5336,15.9231,0.07804,"m"
807,-0.5325,15.9219,0.07804,"m"
808,-0.5315,15.9206,0.07804,"m"
809,-0.5304,15.9194,0.07805,"m"
810,-0.5293,15.9182,0.07805,"m"
811,-0.5282,15.9169,0.07805,"m"
812,-0.5271,15.9157,0.07805,"m"
813,-0.526,15.9145,0.07806,"m"
814,-0.525,15.9132,0.07806,"m"
815,-0.5239,15.912,0.07806,"m"
816,-0.5228,15.9108,0.07807,"m"
817,-0.5217,15.9095,0.07807,"m"
818,-0.5207,15.9083,0.07807,"m"
819,-0.5196,15.9071,0.07808,"m"
820,-0.5185,15.9058,0.07808,"m"
821,-0.5175,15.9046,0.07808,"m"
822,-0.5164,15.9034,0.07809,"m"
823,-0.5153,15.9022,0.07809,"m"
824,-0.5143,15.9009,0.07809,"m"
825,-0.5132,15.8997,0.07809,"m"
826,-0.5122,15.8985,0.0781,"m"
827,-0.5111,15.8973,0.0781,"m"
828,-0.5101,15.8961,0.0781,"m"
829,-0.509,15.8948,0.07811,"m"
830,-0.508,15.8936,0.07811,"m"
831,-0.5069,15.8924,0.07811,"m"
832,-0.5059,15.8912,0.07812,"m"
833,-0.5048,15.89,0.07812,"m"
834,-0.5038,15.8888,0.07812,"m"
835,-0.5027,15.8875,0.07813,"m"
836,-0.5017,15.8863,0.07813,"m"
837,-0.5006,15.8851,0.07813,"m"
838,-0.4996,15.8839,0.07814,"m"
839,-0.4986,15.8827,0.07814,"m"
840,-0.4975,15.8815,0.07814,"m"
841,-0.4965,15.8803,0.07815,"m"
842,-0.4955,15.8791,0.07815,"m"
843,-0.4944,15.8779,0.07815,"m"
844,-0.4934,15.8767,0.07816,"m"
845,-0.4924,15.8755,0.07816,"m"
846,-0.4914,15.8742,0.07816,"m"
847,-0.4904,15.873,0.07817,"m"
848,-0.4893,15.8718,0.07817,"m"
849,-0.4883,15.8706,0.07817,"m"
850,-0.4873,15.8694,0.07818,"m"
851,-0.4863,15.8682,0.07818,"m"
852,-0.4853,15.867,0.07818,"m"
853,-0.4843,15.8658,0.07819,"m"
854,-0.4833,15.8646,0.07819,"m"
855,-0.4823,15.8634,0.07819,"m"
856,-0.4813,15.8622,0.0782,"m"
857,-0.4803,15.8611,0.0782,"m"
858,-0.4793,15.8599,0.0782,"m"
859,-0.4783,15.8587,0.07821,"m"
860,-0.4773,15.8575,0.07821,"m"
861,-0.4763,15.8563,0.07821,"m"
862,-0.4753,15.8551,0.07822,"m"
863,-0.4743,15.8539,0.07822,"m"
864,-0.4733,15.8527,0.07822,"m"
865,-0.4723,15.8515,0.07823,"m"
866,-0.4713,15.8503,0.07823,"m"
867,-0.4704,15.8491,0.07824,"m"
868,-0.4694,15.848,0.07824,"m"
869,-0.4684,15.8468,0.07824,"m"
870,-0.4674,15.8456,0.07825,"m"
871,-0.4665,15.8444,0.07825,"m"
872,-0.4655,15.8432,0.07825,"m"
873,-0.4645,15.842,0.07826,"m"
874,-0.4636,15.8409,0.07826,"m"
875,-0.4626,15.8397,0.07826,"m"
876,-0.4616,15.8385,0.07827,"m"
877,-0.4607,15.8373,0.07827,"m"
878,-0.4597,15.8361,0.07828,"m"
879,-0.4587,15.835,0.07828,"m"
880,-0.4578,15.8338,0.07828,"m"
881,-0.4568,15.8326,0.07829,"m"
882,-0.4559,15.8314,0.07829,"m"
883,-0.4549,15.8303,0.07829,"m"
884,-0.454,15.8291,0.0783,"m"
885,-0.4531,15.8279,0.0783,"m"
886,-0.4521,15.8267,0.07831,"m"
887,-0.4512,15.8256,0.07831,"m"
888,-0.4502,15.8244,0.07831,"m"
889,-0.4493,15.8232,0.07832,"m"
890,-0.4484,15.8221,0.07832,"m"
891,-0.4474,15.8209,0.07832,"m"
892,-0.4465,15.8197,0.07833,"m"
893,-0.4456,15.8186,0.07833,"m"
894,-0.4446,15.8174,0.07834,"m"
895,-0.4437,15.8162,0.07834,"m"
896,-0.4428,15.8151,0.07834,"m"
897,-0.4419,15.8139,0.07835,"m"
898,-0.441,15.8127,0.07835,"m"
899,-0.4401,15.8116,0.07835,"m"
900,-0.4391,15.8104,0.07836,"m"
901,-0.4382,15.8093,0.07836,"m"
902,-0.4373,15.8081,0.07837,"m"
903,-0.4364,15.8069,0.07837,"m"
904,-0.4355,15.8058,0.07837,"m"
905,-0.4346,15.8046,0.07838,"m"
906,-0.4337,15.8035,0.07838,"m"
907,-0.4328,15.8023,0.07839,"m"
908,-0.4319,15.8012,0.07839,"m"
909,-0.431,15.8,0.07839,"m"
910,-0.4301,15.7989,0.0784,"m"
911,-0.4293,15.7977,0.0784,"m"
912,-0.4284,15.7966,0.07841,"m"
913,-0.4275,15.7954,0.07841,"m"
914,-0.4266,15.7943,0.07841,"m"
915,-0.4257,15.7931,0.07842,"m"
916,-0.4249,15.792,0.07842,"m"
917,-0.424,15.7908,0.07843,"m"
918,-0.4231,15.7897,0.07843,"m"
919,-0.4222,15.7885,0.07843,"m"
920,-0.4214,15.7874,0.07844,"m"
921,-0.4205,15.7862,0.07844,"m"
922,-0.4196,15.7851,0.07845,"m"
923,-0.4188,15.7839,0.07845,"m"
924,-0.4179,15.7828,0.07845,"m"
925,-0.4171,15.7817,0.07846,"m"
926,-0.4162,15.7805,0.07846,"m"
927,-0.4154,15.7794,0.07847,"m"
928,-0.4145,15.7782,0.07847,"m"
929,-0.4137,15.7771,0.07848,"m"
930,-0.4128,15.776,0.07848,"m"
931,-0.412,15.7748,0.07848,"m"
932,-0.4111,15.7737,0.07849,"m"
933,-0.4103,15.7726,0.07849,"m"
934,-0.4095,15.7714,0.0785,"m"
935,-0.4086,15.7703,0.0785,"m"
936,-0.4078,15.7692,0.0785,"m"
937,-0.407,15.768,0.07851,"m"
938,-0.4062,15.7669,0.07851,"m"
939,-0.4053,15.7658,0.07852,"m"
940,-0.4045,15.7646,0.07852,"m"
941,-0.4037,15.7635,0.07853,"m"
942,-0.4029,15.7624,0.07853,"m"
943,-0.4021,15.7612,0.07853,"m"
944,-0.4013,15.7601,0.07854,"m"
945,-0.4005,15.759,0.07854,"m"
946,-0.3997,15.7579,0.07855,"m"
947,-0.3988,15.7567,0.07855,"m"
948,-0.398,15.7556,0.07856,"m"
949,-0.3973,15.7545,0.07856,"m"
950,-0.3965,15.7534,0.07857,"m"
951,-0.3957,15.7522,0.07857,"m"
952,-0.3949,15.7511,0.07857,"m"
953,-0.3941,15.75,0.07858,"m"
954,-0.3933,15.7489,0.07858,"m"
955,-0.3925,15.7478,0.07859,"m"
956,-0.3917,15.7466,0.07859,"m"
957,-0.391,15.7455,0.0786,"m"
958,-0.3902,15.7444,0.0786,"m"
959,-0.3894,15.7433,0.07861,"m"
960,-0.3886,15.7422,0.07861,"m"
961,-0.3879,15.7411,0.07861,"m"
962,-0.3871,15.74,0.07862,"m"
963,-0.3864,15.7388,0.07862,"m"
964,-0.3856,15.7377,0.07863,"m"
965,-0.3848,15.7366,0.07863,"m"
966,-0.3841,15.7355,0.07864,"m"
967,-0.3833,15.7344,0.07864,"m"
968,-0.3826,15.7333,0.07865,"m"
969,-0.3818,15.7322,0.07865,"m"
970,-0.3811,15.7311,0.07865,"m"
971,-0.3804,15.73,0.07866,"m"
972,-0.3796,15.7289,0.07866,"m"
973,-0.3789,15.7278,0.07867,"m"
974,-0.3782,15.7267,0.07867,"m"
975,-0.3774,15.7256,0.07868,"m"
976,-0.3767,15.7245,0.07868,"m"
977,-0.376,15.7234,0.07869,"m"
978,-0.3753,15.7222,0.07869,"m"
979,-0.3745,15.7211,0.0787,"m"
980,-0.3738,15.72,0.0787,"m"
981,-0.3731,15.719,0.07871,"m"
982,-0.3724,15.7179,0.07871,"m"
983,-0.3717,15.7168,0.07872,"m"
984,-0.371,15.7157,0.07872,"m"
985,-0.3703,15.7146,0.07872,"m"
986,-0.3696,15.7135,0.07873,"m"
987,-0.3689,15.7124,0.07873,"m"
988,-0.3682,15.7113,0.07874,"m"
989,-0.3675,15.7102,0.07874,"m"
990,-0.3668,15.7091,0.07875,"m"
991,-0.3661,15.708,0.07875,"m"
992,-0.3655,15.7069,0.07876,"m"
993,-0.3648,15.7058,0.07876,"m"
994,-0.3641,15.7047,0.07877,"m"
995,-0.3634,15.7037,0.07877,"m"
996,-0.3628,15.7026,0.07878,"m"
997,-0.3621,15.7015,0.07878,"m"
998,-0.3614,15.7004,0.07879,"m"
999,-0.3608,15.6993,0.07879,"m"
1000,-0.3601,15.6982,0.0788,"m"
1001,-0.3594,15.6971,0.0788,"m"
1002,-0.3588,15.6961,0.07881,"m"
1003,-0.3581,15.695,0.07881,"m"
1004,-0.3575,15.6939,0.07882,"m"
1005,-0.3568,15.6928,0.07882,"m"
1006,-0.3562,15.6917,0.07883,"m"
1007,-0.3556,15.6907,0.07883,"m"
1008,-0.3549,15.6896,0.07884,"m"
1009,-0.3543,15.6885,0.07884,"m"
1010,-0.3536,15.6874,0.07885,"m"
1011,-0.353,15.6864,0.07885,"m"
1012,-0.3524,15.6853,0.07886,"m"
1013,-0.3518,15.6842,0.07886,"m"
1014,-0.3511,15.6832,0.07887,"m"
1015,-0.3505,15.6821,0.07887,"m"
1016,-0.3499,15.681,0.07888,"m"
1017,-0.3493,15.6799,0.07888,"m"
1018,-0.3487,15.6789,0.07889,"m"
1019,-0.3481,15.6778,0.07889,"m"
1020,-0.3475,15.6767,0.0789,"m"
1021,-0.3469,15.6757,0.0789,"m"
1022,-0.3463,15.6746,0.07891,"m"
1023,-0.3457,15.6735,0.07891,"m"
1024,-0.3451,15.6725,0.07892,"m"
1025,-0.3445,15.6714,0.07892,"m"
1026,-0.3439,15.6704,0.07893,"m"
1027,-0.3433,15.6693,0.07893,"m"
1028,-0.3427,15.6682,0.07894,"m"
1029,-0.3422,15.6672,0.07894,"m"
1030,-0.3416,15.6661,0.07895,"m"
1031,-0.341,15.6651,0.07895,"m"
1032,-0.3404,15.664,0.07896,"m"
1033,-0.3399,15.663,0.07896,"m"
1034,-0.3393,15.6619,0.07897,"m"
1035,-0.3388,15.6609,0.07897,"m"
1036,-0.3382,15.6598,0.07898,"m"
1037,-0.3376,15.6588,0.07898,"m"
1038,-0.3371,15.6577,0.07899,"m"
1039,-0.3365,15.6567,0.07899,"m"
1040,-0.336,15.6556,0.079,"m"
1041,-0.3354,15.6546,0.079,"m"
1042,-0.3349,15.6535,0.07901,"m"
1043,-0.3344,15.6525,0.07901,"m"
1044,-0.3338,15.6514,0.07902,"m"
1045,-0.3333,15.6504,0.07903,"m"
1046,-0.3328,15.6493,0.07903,"m"
1047,-0.3322,15.6483,0.07904,"m"
1048,-0.3317,15.6473,0.07904,"m"
1049,-0.3312,15.6462,0.07905,"m"
1050,-0.3307,15.6452,0.07905,"m"
1051,-0.3302,15.6441,0.07906,"m"
1052,-0.3296,15.6431,0.07906,"m"
1053,-0.3291,15.6421,0.07907,"m"
1054,-0.3286,15.641,0.07907,"m"
1055,-0.3281,15.64,0.07908,"m"
1056,-0.3276,15.639,0.07908,"m"
1057,-0.3271,15.6379,0.07909,"m"
1058,-0.3266,15.6369,0.0791,"m"
1059,-0.3261,15.6359,0.0791,"m"
1060,-0.3257,15.6349,0.07911,"m"
1061,-0.3252,15.6338,0.07911,"m"
1062,-0.3247,15.6328,0.07912,"m"
1063,-0.3242,15.6318,0.07912,"m"
1064,-0.3237,15.6308,0.07913,"m"
1065,-0.3233,15.6297,0.07913,"m"
1066,-0.3228,15.6287,0.07914,"m"
1067,-0.3223,15.6277,0.07915,"m"
1068,-0.3218,15.6267,0.07915,"m"
1069,-0.3214,15.6256,0.07916,"m"
1070,-0.3209,15.6246,0.07916,"m"
1071,-0.3205,15.6236,0.07917,"m"
1072,-0.32,15.6226,0.07917,"m"
1073,-0.3196,15.6216,0.07918,"m"
1074,-0.3191,15.6206,0.07918,"m"
1075,-0.3187,15.6196,0.07919,"m"
1076,-0.3182,15.6185,0.0792,"m"
1077,-0.3178,15.6175,0.0792,"m"
1078,-0.3174,15.6165,0.07921,"m"
1079,-0.3169,15.6155,0.07921,"m"
1080,-0.3165,15.6145,0.07922,"m"
1081,-0.3161,15.6135,0.07922,"m"
1082,-0.3156,15.6125,0.07923,"m"
1083,-0.3152,15.6115,0.07924,"m"
1084,-0.3148,15.6105,0.07924,"m"
1085,-0.3144,15.6095,0.07925,"m"
1086,-0.314,15.6085,0.07925,"m"
1087,-0.3136,15.6075,0.07926,"m"
1088,-0.3132,15.6065,0.07926,"m"
1089,-0.3128,15.6055,0.07927,"m"
1090,-0.3124,15.6045,0.07928,"m"
1091,-0.312,15.6035,0.07928,"m"
1092,-0.3116,15.6025,0.07929,"m"
1093,-0.3112,15.6015,0.07929,"m"
1094,-0.3108,15.6005,0.0793,"m"
1095,-0.3104,15.5995,0.07931,"m"
1096,-0.31,15.5986,0.07931,"m"
1097,-0.3097,15.5976,0.07932,"m"
1098,-0.3093,15.5966,0.07932,"m"
1099,-0.3089,15.5956,0.07933,"m"
1100,-0.3085,15.5946,0.07934,"m"
1101,-0.3082,15.5936,0.07934,"m"
1102,-0.3078,15.5926,0.07935,"m"
1103,-0.3074,15.5917,0.07935,"m"
1104,-0.3071,15.5907,0.07936,"m"
1105,-0.3067,15.5897,0.07936,"m"
1106,-0.3064,15.5887,0.07937,"m"
1107,-0.306,15.5878,0.07938,"m"
1108,-0.3057,15.5868,0.07938,"m"
1109,-0.3054,15.5858,0.07939,"m"
1110,-0.305,15.5848,0.0794,"m"
1111,-0.3047,15.5839,0.0794,"m"
1112,-0.3043,15.5829,0.07941,"m"
1113,-0.304,15.5819,0.07941,"m"
1114,-0.3037,15.581,0.07942,"m"
1115,-0.3034,15.58,0.07943,"m"
1116,-0.3031,15.579,0.07943,"m"
1117,-0.3027,15.5781,0.07944,"m"
1118,-0.3024,15.5771,0.07944,"m"
1119,-0.3021,15.5761,0.07945,"m"
1120,-0.3018,15.5752,0.07946,"m"
1121,-0.3015,15.5742,0.07946,"m"
1122,-0.3012,15.5733,0.07947,"m"
1123,-0.3009,15.5723,0.07948,"m"
1124,-0.3006,15.5714,0.07948,"m"
1125,-0.3003,15.5704,0.07949,"m"
1126,-0.3,15.5695,0.07949,"m"
1127,-0.2997,15.5685,0.0795,"m"
1128,-0.2995,15.5676,0.07951,"m"
1129,-0.2992,15.5666,0.07951,"m"
1130,-0.2989,15.5657,0.07952,"m"
1131,-0.2986,15.5647,0.07953,"m"
1132,-0.2984,15.5638,0.07953,"m"
1133,-0.2981,15.5628,0.07954,"m"
1134,-0.2978,15.5619,0.07954,"m"
1135,-0.2976,15.5609,0.07955,"m"
1136,-0.2973,15.56,0.07956,"m"
1137,-0.2971,15.5591,0.07956,"m"
1138,-0.2968,15.5581,0.07957,"m"
1139,-0.2966,15.5572,0.07958,"m"
1140,-0.2963,15.5563,0.07958,"m"
1141,-0.2961,15.5553,0.07959,"m"
1142,-0.2959,15.5544,0.0796,"m"
1143,-0.2956,15.5535,0.0796,"m"
1144,-0.2954,15.5525,0.07961,"m"
1145,-0.2952,15.5516,0.07962,"m"
1146,-0.2949,15.5507,0.07962,"m"
1147,-0.2947,15.5498,0.07963,"m"
1148,-0.2945,15.5489,0.07964,"m"
1149,-0.2943,15.5479,0.07964,"m"
1150,-0.2941,15.547,0.07965,"m"
1151,-0.2939,15.5461,0.07966,"m"
1152,-0.2937,15.5452,0.07966,"m"
1153,-0.2934,15.5443,0.07967,"m"
1154,-0.2932,15.5434,0.07967,"m"
1155,-0.2931,15.5424,0.07968,"m"
1156,-0.2929,15.5415,0.07969,"m"
1157,-0.2927,15.5406,0.07969,"m"
1158,-0.2925,15.5397,0.0797,"m"
1159,-0.2923,15.5388,0.07971,"m"
1160,-0.2921,15.5379,0.07972,"m"
1161,-0.2919,15.537,0.07972,"m"
1162,-0.2918,15.5361,0.07973,"m"
1163,-0.2916,15.5352,0.07974,"m"
1164,-0.2914,15.5343,0.07974,"m"
1165,-0.2913,15.5334,0.07975,"m"
1166,-0.2911,15.5325,0.07976,"m"
1167,-0.2909,15.5316,0.07976,"m"
1168,-0.2908,15.5307,0.07977,"m"
1169,-0.2906,15.5298,0.07978,"m"
1170,-0.2905,15.5289,0.07978,"m"
1171,-0.2903,15.5281,0.07979,"m"
1172,-0.2902,15.5272,0.0798,"m"
1173,-0.2901,15.5263,0.0798,"m"
1174,-0.2899,15.5254,0.07981,"m"
1175,-0.2898,15.5245,0.07982,"m"
1176,-0.2897,15.5236,0.07982,"m"
1177,-0.2895,15.5228,0.07983,"m"
1178,-0.2894,15.5219,0.07984,"m"
1179,-0.2893,15.521,0.07985,"m"
1180,-0.2892,15.5201,0.07985,"m"
1181,-0.289,15.5193,0.07986,"m"
1182,-0.2889,15.5184,0.07987,"m"
1183,-0.2888,15.5175,0.07987,"m"
1184,-0.2887,15.5167,0.07988,"m"
1185,-0.2886,15.5158,0.07989,"m"
1186,-0.2885,15.5149,0.07989,"m"
1187,-0.2884,15.5141,0.0799,"m"
1188,-0.2883,15.5132,0.07991,"m"
1189,-0.2882,15.5123,0.07992,"m"
1190,-0.2881,15.5115,0.07992,"m"
1191,-0.2881,15.5106,0.07993,"m"
1192,-0.288,15.5098,0.07994,"m"
1193,-0.2879,15.5089,0.07994,"m"
1194,-0.2878,15.5081,0.07995,"m"
1195,-0.2877,15.5072,0.07996,"m"
1196,-0.2877,15.5064,0.07997,"m"
1197,-0.2876,15.5055,0.07997,"m"
1198,-0.2875,15.5047,0.07998,"m"
1199,-0.2875,15.5038,0.07999,"m"
1200,-0.2874,15.503,0.07999,"m"
1201,-0.2874,15.5021,0.08,"m"
1202,-0.2873,15.5013,0.08001,"m"
1203,-0.2873,15.5005,0.08002,"m"
1204,-0.2872,15.4996,0.08002,"m"
1205,-0.2872,15.4988,0.08003,"m"
1206,-0.2871,15.498,0.08004,"m"
1207,-0.2871,15.4971,0.08005,"m"
1208,-0.2871,15.4963,0.08005,"m"
1209,-0.287,15.4955,0.08006,"m"
1210,-0.287,15.4946,0.08007,"m"
1211,-0.287,15.4938,0.08008,"m"
1212,-0.287,15.493,0.08008,"m"
1213,-0.2869,15.4922,0.08009,"m"
1214,-0.2869,15.4914,0.0801,"m"
1215,-0.2869,15.4905,0.08011,"m"
1216,-0.2869,15.4897,0.08011,"m"
1217,-0.2869,15.4889,0.08012,"m"
1218,-0.2869,15.4881,0.08013,"m"
1219,-0.2869,15.4873,0.08014,"m"
1220,-0.2869,15.4865,0.08014,"m"
1221,-0.2869,15.4857,0.08015,"m"
1222,-0.2869,15.4848,0.08016,"m"
1223,-0.2869,15.484,0.08017,"m"
1224,-0.2869,15.4832,0.08017,"m"
1225,-0.2869,15.4824,0.08018,"m"
1226,-0.287,15.4816,0.08019,"m"
1227,-0.287,15.4808,0.0802,"m"
1228,-0.287,15.48,0.0802,"m"
1229,-0.287,15.4792,0.08021,"m"
1230,-0.2871,15.4785,0.08022,"m"
1231,-0.2871,15.4777,0.08023,"m"
1232,-0.2871,15.4769,0.08023,"m"
1233,-0.2872,15.4761,0.08024,"m"
1234,-0.2872,15.4753,0.08025,"m"
1235,-0.2873,15.4745,0.08026,"m"
1236,-0.2873,15.4737,0.08027,"m"
1237,-0.2874,15.4729,0.08027,"m"
1238,-0.2874,15.4722,0.08028,"m"
1239,-0.2875,15.4714,0.08029,"m"
1240,-0.2875,15.4706,0.0803,"m"
1241,-0.2876,15.4698,0.08031,"m"
1242,-0.2877,15.4691,0.08031,"m"
1243,-0.2877,15.4683,0.08032,"m"
1244,-0.2878,15.4675,0.08033,"m"
1245,-0.2879,15.4667,0.08034,"m"
1246,-0.288,15.466,0.08034,"m"
1247,-0.288,15.4652,0.08035,"m"
1248,-0.2881,15.4645,0.08036,"m"
1249,-0.2882,15.4637,0.08037,"m"
1250,-0.2883,15.4629,0.08038,"m"
1251,-0.2884,15.4622,0.08038,"m"
1252,-0.2885,15.4614,0.08039,"m"
1253,-0.2886,15.4607,0.0804,"m"
1254,-0.2887,15.4599,0.08041,"m"
1255,-0.2888,15.4592,0.08042,"m"
1256,-0.2889,15.4584,0.08042,"m"
1257,-0.289,15.4577,0.08043,"m"
1258,-0.2891,15.4569,0.08044,"m"
1259,-0.2892,15.4562,0.08045,"m"
1260,-0.2893,15.4554,0.08046,"m"
1261,-0.2894,15.4547,0.08046,"m"
1262,-0.2896,15.4539,0.08047,"m"
1263,-0.2897,15.4532,0.08048,"m"
1264,-0.2898,15.4525,0.08049,"m"
1265,-0.2899,15.4517,0.0805,"m"
1266,-0.2901,15.451,0.08051,"m"
1267,-0.2902,15.4503,0.08051,"m"
1268,-0.2903,15.4495,0.08052,"m"
1269,-0.2905,15.4488,0.08053,"m"
1270,-0.2906,15.4481,0.08054,"m"
1271,-0.2908,15.4473,0.08055,"m"
1272,-0.2909,15.4466,0.08056,"m"
1273,-0.2911,15.4459,0.08056,"m"
1274,-0.2912,15.4452,0.08057,"m"
1275,-0.2914,15.4445,0.08058,"m"
1276,-0.2915,15.4437,0.08059,"m"
1277,-0.2917,15.443,0.0806,"m"
1278,-0.2918,15.4423,0.08061,"m"
1279,-0.292,15.4416,0.08061,"m"
1280,-0.2922,15.4409,0.08062,"m"
1281,-0.2924,15.4402,0.08063,"m"
1282,-0.2925,15.4395,0.08064,"m"
1283,-0.2927,15.4388,0.08065,"m"
1284,-0.2929,15.438,0.08066,"m"
1285,-0.2931,15.4373,0.08066,"m"
1286,-0.2933,15.4366,0.08067,"m"
1287,-0.2934,15.4359,0.08068,"m"
1288,-0.2936,15.4352,0.08069,"m"
1289,-0.2938,15.4345,0.0807,"m"
1290,-0.294,15.4338,0.08071,"m"
1291,-0.2942,15.4332,0.08072,"m"
1292,-0.2944,15.4325,0.08072,"m"
1293,-0.2946,15.4318,0.08073,"m"
1294,-0.2948,15.4311,0.08074,"m"
1295,-0.295,15.4304,0.08075,"m"
1296,-0.2952,15.4297,0.08076,"m"
1297,-0.2954,15.429,0.08077,"m"
1298,-0.2957,15.4283,0.08078,"m"
1299,-0.2959,15.4276,0.08078,"m"
1300,-0.2961,15.427,0.08079,"m"
1301,-0.2963,15.4263,0.0808,"m"
1302,-0.2965,15.4256,0.08081,"m"
1303,-0.2968,15.4249,0.08082,"m"
1304,-0.297,15.4243,0.08083,"m"
1305,-0.2972,15.4236,0.08084,"m"
1306,-0.2975,15.4229,0.08085,"m"
1307,-0.2977,15.4222,0.08085,"m"
1308,-0.2979,15.4216,0.08086,"m"
1309,-0.2982,15.4209,0.08087,"m"
1310,-0.2984,15.4202,0.08088,"m"
1311,-0.2987,15.4196,0.08089,"m"
1312,-0.2989,15.4189,0.0809,"m"
1313,-0.2992,15.4182,0.08091,"m"
1314,-0.2994,15.4176,0.08092,"m"
1315,-0.2997,15.4169,0.08093,"m"
1316,-0.3,15.4162,0.08093,"m"
1317,-0.3002,15.4156,0.08094,"m"
1318,-0.3005,15.4149,0.08095,"m"
1319,-0.3008,15.4143,0.08096,"m"
1320,-0.301,15.4136,0.08097,"m"
1321,-0.3013,15.413,0.08098,"m"
1322,-0.3016,15.4123,0.08099,"m"
1323,-0.3018,15.4117,0.081,"m"
1324,-0.3021,15.411,0.08101,"m"
1325,-0.3024,15.4104,0.08102,"m"
1326,-0.3027,15.4097,0.08102,"m"
1327,-0.303,15.4091,0.08103,"m"
1328,-0.3033,15.4084,0.08104,"m"
1329,-0.3036,15.4078,0.08105,"m"
1330,-0.3038,15.4072,0.08106,"m"
1331,-0.3041,15.4065,0.08107,"m"
1332,-0.3044,15.4059,0.08108,"m"
1333,-0.3047,15.4052,0.08109,"m"
1334,-0.305,15.4046,0.0811,"m"
1335,-0.3054,15.404,0.08111,"m"
1336,-0.3057,15.4033,0.08112,"m"
1337,-0.306,15.4027,0.08113,"m"
1338,-0.3063,15.4021,0.08113,"m"
1339,-0.3066,15.4015,0.08114,"m"
1340,-0.3069,15.4008,0.08115,"m"
1341,-0.3072,15.4002,0.08116,"m"
1342,-0.3076,15.3996,0.08117,"m"
1343,-0.3079,15.399,0.08118,"m"
1344,-0.3082,15.3983,0.08119,"m"
1345,-0.3085,15.3977,0.0812,"m"
1346,-0.3089,15.3971,0.08121,"m"
1347,-0.3092,15.3965,0.08122,"m"
1348,-0.3095,15.3958,0.08123,"m"
1349,-0.3099,15.3952,0.08124,"m"
1350,-0.3102,15.3946,0.08125,"m"
1351,-0.3106,15.394,0.08126,"m"
1352,-0.3109,15.3934,0.08127,"m"
1353,-0.3113,15.3928,0.08128,"m"
1354,-0.3116,15.3922,0.08128,"m"
1355,-0.312,15.3916,0.08129,"m"
1356,-0.3123,15.3909,0.0813,"m"
1357,-0.3127,15.3903,0.08131,"m"
1358,-0.313,15.3897,0.08132,"m"
1359,-0.3134,15.3891,0.08133,"m"
1360,-0.3138,15.3885,0.08134,"m"
1361,-0.3141,15.3879,0.08135,"m"
1362,-0.3145,15.3873,0.08136,"m"
1363,-0.3149,15.3867,0.08137,"m"
1364,-0.3152,15.3861,0.08138,"m"
1365,-0.3156,15.3855,0.08139,"m"
1366,-0.316,15.3849,0.0814,"m"
1367,-0.3164,15.3843,0.08141,"m"
1368,-0.3168,15.3837,0.08142,"m"
1369,-0.3171,15.3831,0.08143,"m"
1370,-0.3175,15.3825,0.08144,"m"
1371,-0.3179,15.382,0.08145,"m"
1372,-0.3183,15.3814,0.08146,"m"
1373,-0.3187,15.3808,0.08147,"m"
1374,-0.3191,15.3802,0.08148,"m"
1375,-0.3195,15.3796,0.08149,"m"
1376,-0.3199,15.379,0.0815,"m"
1377,-0.3203,15.3784,0.08151,"m"
1378,-0.3207,15.3778,0.08152,"m"
1379,-0.3211,15.3773,0.08153,"m"
1380,-0.3215,15.3767,0.08154,"m"
1381,-0.322,15.3761,0.08155,"m"
1382,-0.3224,15.3755,0.08156,"m"
1383,-0.3228,15.3749,0.08157,"m"
1384,-0.3232,15.3744,0.08158,"m"
1385,-0.3236,15.3738,0.08159,"m"
1386,-0.3241,15.3732,0.0816,"m"
1387,-0.3245,15.3726,0.08161,"m"
1388,-0.3249,15.3721,0.08162,"m"
1389,-0.3253,15.3715,0.08163,"m"
1390,-0.3258,15.3709,0.08164,"m"
1391,-0.3262,15.3703,0.08165,"m"
1392,-0.3266,15.3698,0.08166,"m"
1393,-0.3271,15.3692,0.08167,"m"
1394,-0.3275,15.3686,0.08168,"m"
1395,-0.328,15.3681,0.08169,"m"
1396,-0.3284,15.3675,0.0817,"m"
1397,-0.3289,15.3669,0.08171,"m"
1398,-0.3293,15.3664,0.08172,"m"
1399,-0.3298,15.3658,0.08173,"m"
1400,-0.3302,15.3652,0.08174,"m"
1401,-0.3307,15.3647,0.08175,"m"
1402,-0.3312,15.3641,0.08176,"m"
1403,-0.3316,15.3636,0.08177,"m"
1404,-0.3321,15.363,0.08178,"m"
1405,-0.3325,15.3624,0.08179,"m"
1406,-0.333,15.3619,0.0818,"m"
1407,-0.3335,15.3613,0.08181,"m"
1408,-0.334,15.3608,0.08182,"m"
1409,-0.3344,15.3602,0.08183,"m"
1410,-0.3349,15.3597,0.08184,"m"
1411,-0.3354,15.3591,0.08185,"m"
1412,-0.3359,15.3586,0.08186,"m"
1413,-0.3364,15.358,0.08187,"m"
1414,-0.3369,15.3575,0.08188,"m"
1415,-0.3373,15.3569,0.08189,"m"
1416,-0.3378,15.3564,0.0819,"m"
1417,-0.3383,15.3558,0.08191,"m"
1418,-0.3388,15.3553,0.08192,"m"
1419,-0.3393,15.3547,0.08193,"m"
1420,-0.3398,15.3542,0.08194,"m"
1421,-0.3403,15.3537,0.08195,"m"
1422,-0.3408,15.3531,0.08196,"m"
1423,-0.3413,15.3526,0.08197,"m"
1424,-0.3418,15.352,0.08198,"m"
1425,-0.3424,15.3515,0.082,"m"
1426,-0.3429,15.351,0.08201,"m"
1427,-0.3434,15.3504,0.08202,"m"
1428,-0.3439,15.3499,0.08203,"m"
1429,-0.3444,15.3493,0.08204,"m"
1430,-0.3449,15.3488,0.08205,"m"
1431,-0.3455,15.3483,0.08206,"m"
1432,-0.346,15.3477,0.08207,"m"
1433,-0.3465,15.3472,0.08208,"m"
1434,-0.3471,15.3467,0.08209,"m"
1435,-0.3476,15.3461,0.0821,"m"
1436,-0.3481,15.3456,0.08211,"m"
1437,-0.3487,15.3451,0.08212,"m"
1438,-0.3492,15.3445,0.08213,"m"
1439,-0.3497,15.344,0.08214,"m"
1440,-0.3503,15.3435,0.08215,"m"
1441,-0.3508,15.343,0.08216,"m"
1442,-0.3514,15.3424,0.08218,"m"
1443,-0.3519,15.3419,0.08219,"m"
1444,-0.3525,15.3414,0.0822,"m"
1445,-0.353,15.3409,0.08221,"m"
1446,-0.3536,15.3403,0.08222,"m"
1447,-0.3541,15.3398,0.08223,"m"
1448,-0.3547,15.3393,0.08224,"m"
1449,-0.3553,15.3388,0.08225,"m"
1450,-0.3558,15.3383,0.08226,"m"
1451,-0.3564,15.3377,0.08227,"m"
1452,-0.357,15.3372,0.08228,"m"
1453,-0.3575,15.3367,0.08229,"m"
1454,-0.3581,15.3362,0.08231,"m"
1455,-0.3587,15.3357,0.08232,"m"
1456,-0.3593,15.3352,0.08233,"m"
1457,-0.3598,15.3346,0.08234,"m"
1458,-0.3604,15.3341,0.08235,"m"
1459,-0.361,15.3336,0.08236,"m"
1460,-0.3616,15.3331,0.08237,"m"
1461,-1.291,15.752,0.076839998,"m"
1462,-1.29159374934239,15.7511753481356,0.0768409877141816,"m"
1463,-1.29218749868478,15.7503506962711,0.0768419774283632,"m"
1464,-1.29278124802717,15.7495260444067,0.0768429671425449,"m"
1465,-1.29337499736957,15.7487013925423,0.0768439568567265,"m"
1466,-1.29396874671196,15.7478767406778,0.0768449465709081,"m"
1467,-1.29456249605435,15.7470520888134,0.0768459362850897,"m"
1468,-1.29515624539674,15.746227436949,0.0768469259992713,"m"
1469,-1.29574999473913,15.7454027850845,0.076847915713453,"m"
1470,-1.29634374408153,15.7445781332201,0.0768489054276346,"m"
1471,-1.29693749342392,15.7437534813557,0.0768498951418162,"m"
1472,-1.29753124276631,15.7429288294912,0.0768508848559978,"m"
1473,-1.2981249921087,15.7421041776268,0.0768518745701794,"m"
1474,-1.29871874145109,15.7412795257624,0.076852864284361,"m"
1475,-1.29931249079348,15.7404548738979,0.0768538539985427,"m"
1476,-1.29990624013588,15.7396302220335,0.0768548437127243,"m"
1477,-1.30049998947827,15.7388055701691,0.0768558334269059,"m"
1478,-1.30109373882066,15.7379809183046,0.0768568231410875,"m"
1479,-1.30168748816305,15.7371562664402,0.0768578128552691,"m"
1480,-1.30228123750544,15.7363316145758,0.0768588025694507,"m"
1481,-1.30287498684783,15.7355069627113,0.0768597922836324,"m"
1482,-1.30346873619023,15.7346823108469,0.076860781997814,"m"
1483,-1.30406248553262,15.7338576589825,0.0768617717119956,"m"
1484,-1.30465623487501,15.733033007118,0.0768627614261772,"m"
1485,-1.3052499842174,15.7322083552536,0.0768637511403588,"m"
1486,-1.30584373355979,15.7313837033892,0.0768647408545405,"m"
1487,-1.30643748290218,15.7305590515247,0.0768657305687221,"m"
1488,-1.30703123224458,15.7297343996603,0.0768667202829037,"m"
1489,-1.30762498158697,15.7289097477959,0.0768677099970853,"m"
1490,-1.30821873092936,15.7280850959314,0.0768686997112669,"m"
1491,-1.30881248027175,15.727260444067,0.0768696894254485,"m"
1492,-1.309350090888,15.726484903015,0.0768709412574483,"m"
1493,-1.30986182884975,15.7257320456564,0.0768723151747701,"m"
1494,-1.31037367208305,15.7249792228582,0.0768736918511392,"m"
1495,-1.31088568309412,15.7242264551413,0.0768750729247728,"m"
1496,-1.31139792438919,15.7234737630265,0.0768764600338881,"m"
1497,-1.3119104584745,15.7227211670344,0.0768778548167019,"m"
1498,-1.31242334785626,15.7219686876857,0.0768792589114314,"m"
1499,-1.31293665504071,15.7212163455013,0.0768806739562938,"m"
1500,-1.31345044253407,15.7204641610018,0.0768821015895059,"m"
1501,-1.31396477284258,15.7197121547079,0.076883543449285,"m"
1502,-1.31447970847245,15.7189603471405,0.076885001173848,"m"
1503,-1.31499531192992,15.7182087588202,0.0768864764014121,"m"
1504,-1.31551164572121,15.7174574102678,0.0768879707701943,"m"
1505,-1.31602877235256,15.716706322004,0.0768894859184117,"m"
1506,-1.31654675433019,15.7159555145495,0.0768910234842814,"m"
1507,-1.31706565416032,15.7152050084251,0.0768925851060204,"m"
1508,-1.31758553434919,15.7144548241515,0.0768941724218457,"m"
1509,-1.31810645740302,15.7137049822494,0.0768957870699746,"m"
1510,-1.31862848582804,15.7129555032396,0.0768974306886239,"m"
1511,-1.31915168213048,15.7122064076428,0.0768991049160109,"m"
1512,-1.31967610881657,15.7114577159797,0.0769008113903525,"m"
1513,-1.32020182839252,15.710709448771,0.0769025517498659,"m"
1514,-1.32072890336458,15.7099616265376,0.0769043276327681,"m"
1515,-1.32125739623897,15.7092142698001,0.0769061406772761,"m"
1516,-1.32178736952191,15.7084673990792,0.0769079925216071,"m"
1517,-1.32231888571964,15.7077210348958,0.0769098848039781,"m"
1518,-1.32285200733838,15.7069751977704,0.0769118191626062,"m"
1519,-1.32338679688436,15.706229908224,0.0769137972357085,"m"
1520,-1.3239233168638,15.7054851867771,0.076915820661502,"m"
1521,-1.32446162978294,15.7047410539505,0.0769178910782037,"m"
1522,-1.325001798148,15.703997530265,0.0769200101240308,"m"
1523,-1.32554386359515,15.7032546415538,0.0769221788682099,"m"
1524,-1.32608778510837,15.7025124346896,0.0769243961265824,"m"
1525,-1.3266335012136,15.7017709617529,0.0769266601572316,"m"
1526,-1.32718095043674,15.7010302748239,0.0769289692182408,"m"
1527,-1.32773007130373,15.700290425983,0.0769313215676934,"m"
1528,-1.32828080234048,15.6995514673106,0.0769337154636728,"m"
1529,-1.32883308207292,15.698813450887,0.0769361491642621,"m"
1530,-1.32938684902697,15.6980764287927,0.0769386209275447,"m"
1531,-1.32994204172854,15.6973404531079,0.076941129011604,"m"
1532,-1.33049859870356,15.6966055759131,0.0769436716745233,"m"
1533,-1.33105645847796,15.6958718492886,0.0769462471743859,"m"
1534,-1.33161555957765,15.6951393253147,0.0769488537692751,"m"
1535,-1.33217584052855,15.6944080560719,0.0769514897172742,"m"
1536,-1.33273723985659,15.6936780936406,0.0769541532764666,"m"
1537,-1.33329969608769,15.6929494901009,0.0769568427049356,"m"
1538,-1.33386314774777,15.6922222975335,0.0769595562607646,"m"
1539,-1.33442753336274,15.6914965680185,0.0769622922020367,"m"
1540,-1.33499279145854,15.6907723536364,0.0769650487868355,"m"
1541,-1.33555886056109,15.6900497064675,0.0769678242732441,"m"
1542,-1.33612567919629,15.6893286785922,0.0769706169193459,"m"
1543,-1.33669318589009,15.6886093220908,0.0769734249832242,"m"
1544,-1.33726131916839,15.6878916890438,0.0769762467229624,"m"
1545,-1.33783001755712,15.6871758315315,0.0769790803966438,"m"
1546,-1.3383992195822,15.6864618016342,0.0769819242623516,"m"
1547,-1.33896886376956,15.6857496514324,0.0769847765781693,"m"
1548,-1.33953888864511,15.6850394330063,0.0769876356021801,"m"
1549,-1.34010923273477,15.6843311984364,0.0769904995924674,"m"
1550,-1.34067983456447,15.683624999803,0.0769933668071144,"m"
1551,-1.34125063266013,15.6829208891865,0.0769962355042046,"m"
1552,-1.34182156554767,15.6822189186672,0.0769991039418212,"m"
1553,-1.34239257117304,15.6815191399794,0.0770019705220349,"m"
1554,-1.34296358122544,15.6808216011234,0.0770048352002704,"m"
1555,-1.34353452357656,15.6801263478213,0.0770076988797157,"m"
1556,-1.34410532604362,15.6794334257625,0.0770105624770815,"m"
1557,-1.34467591644387,15.6787428806366,0.0770134269090783,"m"
1558,-1.34524622259451,15.6780547581332,0.0770162930924167,"m"
1559,-1.34581617231277,15.6773691039418,0.0770191619438072,"m"
1560,-1.34638569341589,15.676685963752,0.0770220343799605,"m"
1561,-1.34695471372109,15.6760053832533,0.077024911317587,"m"
1562,-1.34752316104559,15.6753274081352,0.0770277936733974,"m"
1563,-1.34809096320662,15.6746520840873,0.0770306823641022,"m"
1564,-1.34865804802141,15.6739794567992,0.077033578306412,"m"
1565,-1.34922434330718,15.6733095719603,0.0770364824170374,"m"
1566,-1.34978977688116,15.6726424752603,0.0770393956126889,"m"
1567,-1.35035427656058,15.6719782123887,0.077042318810077,"m"
1568,-1.35091777016266,15.671316829035,0.0770452529259125,"m"
1569,-1.35148018550463,15.6706583708888,0.0770481988769057,"m"
1570,-1.35204145040371,15.6700028836395,0.0770511575797674,"m"
1571,-1.35260149267714,15.6693504129769,0.077054129951208,"m"
1572,-1.35316024014213,15.6687010045903,0.0770571169079382,"m"
1573,-1.35371762061591,15.6680547041694,0.0770601193666684,"m"
1574,-1.35427356191572,15.6674115574037,0.0770631382441093,"m"
1575,-1.35482799185877,15.6667716099828,0.0770661744569715,"m"
1576,-1.35538083826229,15.6661349075961,0.0770692289219655,"m"
1577,-1.35593202894351,15.6655014959333,0.0770723025558018,"m"
1578,-1.35648149171965,15.6648714206838,0.0770753962751911,"m"
1579,-1.35702915440795,15.6642447275373,0.0770785109968439,"m"
1580,-1.35757494482562,15.6636214621833,0.0770816476374708,"m"
1581,-1.3581187907899,15.6630016703113,0.0770848071137823,"m"
1582,-1.358660620118,15.6623853976108,0.0770879903424891,"m"
1583,-1.35920036205033,15.6617726877679,0.0770911982317443,"m"
1584,-1.35973801166897,15.6611634917771,0.0770944312938033,"m"
1585,-1.36027365622255,15.6605576308812,0.0770976894867353,"m"
1586,-1.36080738983527,15.6599549166438,0.0771009727272679,"m"
1587,-1.36133930663133,15.6593551606284,0.0771042809321284,"m"
1588,-1.36186950073491,15.6587581743986,0.0771076140180443,"m"
1589,-1.36239806627022,15.6581637695179,0.077110971901743,"m"
1590,-1.36292509736144,15.6575717575498,0.0771143544999519,"m"
1591,-1.36345068813278,15.656981950058,0.0771177617293985,"m"
1592,-1.36397493270842,15.6563941586058,0.0771211935068101,"m"
1593,-1.36449792521257,15.6558081947569,0.0771246497489142,"m"
1594,-1.36501975976942,15.6552238700748,0.0771281303724383,"m"
1595,-1.36554053050316,15.654640996123,0.0771316352941097,"m"
1596,-1.36606033153798,15.6540593844651,0.0771351644306559,"m"
1597,-1.36657925699809,15.6534788466646,0.0771387176988043,"m"
1598,-1.36709740100767,15.652899194285,0.0771422950152823,"m"
1599,-1.36761485769093,15.65232023889,0.0771458962968173,"m"
1600,-1.36813172117205,15.6517417920429,0.0771495214601369,"m"
1601,-1.36864808557524,15.6511636653074,0.0771531704219683,"m"
1602,-1.36916404502468,15.650585670247,0.0771568430990391,"m"
1603,-1.36967969364457,15.6500076184252,0.0771605394080767,"m"
1604,-1.37019512555911,15.6494293214056,0.0771642592658084,"m"
1605,-1.37071043489249,15.6488505907517,0.0771680025889617,"m"
1606,-1.3712257157689,15.6482712380271,0.0771717692942641,"m"
1607,-1.37174106231255,15.6476910747952,0.0771755592984429,"m"
1608,-1.37225656864762,15.6471099126197,0.0771793725182257,"m"
1609,-1.37277232889831,15.646527563064,0.0771832088703397,"m"
1610,-1.37328843718882,15.6459438376917,0.0771870682715125,"m"
1611,-1.37380498764334,15.6453585480664,0.0771909506384714,"m"
1612,-1.37432207438606,15.6447715057515,0.0771948558879439,"m"
1613,-1.37483979154118,15.6441825223107,0.0771987839366575,"m"
1614,-1.37535822736557,15.6435914304583,0.0772027347051071,"m"
1615,-1.37587740755835,15.6429982884209,0.077206708153958,"m"
1616,-1.37639731998923,15.6424032907949,0.077210704268167,"m"
1617,-1.37691795200193,15.6418066340729,0.0772147230330285,"m"
1618,-1.37743929094015,15.6412085147474,0.0772187644338372,"m"
1619,-1.37796132414763,15.6406091293108,0.0772228284558875,"m"
1620,-1.37848403896808,15.6400086742558,0.0772269150844739,"m"
1621,-1.37900742274523,15.6394073460749,0.0772310243048909,"m"
1622,-1.37953146282278,15.6388053412605,0.077235156102433,"m"
1623,-1.38005614654446,15.6382028563052,0.0772393104623947,"m"
1624,-1.38058146125399,15.6376000877016,0.0772434873700706,"m"
1625,-1.38110739429509,15.6369972319421,0.077247686810755,"m"
1626,-1.38163393301147,15.6363944855193,0.0772519087697426,"m"
1627,-1.38216106474686,15.6357920449257,0.0772561532323278,"m"
1628,-1.38268877684497,15.6351901066538,0.0772604201838051,"m"
1629,-1.38321705664953,15.6345888671962,0.0772647096094691,"m"
1630,-1.38374589150425,15.6339885230453,0.0772690214946142,"m"
1631,-1.38427526875285,15.6333892706938,0.077273355824535,"m"
1632,-1.38480517573905,15.6327913066341,0.0772777125845259,"m"
1633,-1.38533559980658,15.6321948273587,0.0772820917598814,"m"
1634,-1.38586652829914,15.6316000293602,0.0772864933358961,"m"
1635,-1.38639794856046,15.6310071091312,0.0772909172978645,"m"
1636,-1.38692984793426,15.630416263164,0.077295363631081,"m"
1637,-1.38746221376426,15.6298276879513,0.0772998323208402,"m"
1638,-1.38799503339418,15.6292415799856,0.0773043233524365,"m"
1639,-1.38852829416772,15.6286581357594,0.0773088367111645,"m"
1640,-1.38906198342863,15.6280775517652,0.0773133723823187,"m"
1641,-1.38959608852061,15.6275000244955,0.0773179303511936,"m"
1642,-1.39013059678738,15.626925750443,0.0773225106030836,"m"
1643,-1.39066549557266,15.6263549261,0.0773271131232833,"m"
1644,-1.39120077157645,15.6257877451884,0.077331737896255,"m"
1645,-1.39173638234058,15.6252242759248,0.0773363848687633,"m"
1646,-1.39227224494782,15.6246644123787,0.0773410539352649,"m"
1647,-1.39280827350076,15.6241080357916,0.0773457449863633,"m"
1648,-1.393344382102,15.6235550274055,0.0773504579126622,"m"
1649,-1.39388048485411,15.623005268462,0.0773551926047654,"m"
1650,-1.39441649585968,15.6224586402029,0.0773599489532762,"m"
1651,-1.39495232922131,15.6219150238701,0.0773647268487986,"m"
1652,-1.39548789904157,15.6213743007052,0.0773695261819359,"m"
1653,-1.39602311942306,15.62083635195,0.077374346843292,"m"
1654,-1.39655790446837,15.6203010588463,0.0773791887234703,"m"
1655,-1.39709216828008,15.6197683026358,0.0773840517130747,"m"
1656,-1.39762582496078,15.6192379645603,0.0773889357027086,"m"
1657,-1.39815878861306,15.6187099258616,0.0773938405829757,"m"
1658,-1.3986909733395,15.6181840677814,0.0773987662444797,"m"
1659,-1.3992222932427,15.6176602715615,0.0774037125778242,"m"
1660,-1.39975266242524,15.6171384184436,0.0774086794736128,"m"
1661,-1.4002819949897,15.6166183896696,0.0774136668224492,"m"
1662,-1.40081020503868,15.6161000664811,0.077418674514937,"m"
1663,-1.40133720667477,15.61558333012,0.0774237024416798,"m"
1664,-1.40186291400055,15.6150680618279,0.0774287504932812,"m"
1665,-1.4023872411186,15.6145541428467,0.077433818560345,"m"
1666,-1.40291010213153,15.6140414544182,0.0774389065334747,"m"
1667,-1.40343141114191,15.613529877784,0.0774440143032739,"m"
1668,-1.40395108225233,15.613019294186,0.0774491417603463,"m"
1669,-1.40446902956538,15.6125095848659,0.0774542887952956,"m"
1670,-1.40498516718365,15.6120006310654,0.0774594552987253,"m"
1671,-1.40549940920972,15.6114923140264,0.0774646411612392,"m"
1672,-1.40601166974619,15.6109845149906,0.0774698462734408,"m"
1673,-1.40652186289563,15.6104771151997,0.0774750705259337,"m"
1674,-1.40702990276716,15.6099699959031,0.0774803138093252,"m"
1675,-1.40753574079842,15.6094630814496,0.0774855760344963,"m"
1676,-1.4080394535333,15.6089564406357,0.0774908571802757,"m"
1677,-1.40854114369528,15.6084501724848,0.0774961572397111,"m"
1678,-1.40904091400783,15.6079443760206,0.0775014762058497,"m"
1679,-1.4095388671944,15.6074391502665,0.0775068140717391,"m"
1680,-1.41003510597847,15.6069345942459,0.0775121708304266,"m"
1681,-1.4105297330835,15.6064308069823,0.0775175464749599,"m"
1682,-1.41102285123295,15.6059278874993,0.0775229409983862,"m"
1683,-1.4115145631503,15.6054259348203,0.0775283543937531,"m"
1684,-1.41200497155901,15.6049250479687,0.0775337866541079,"m"
1685,-1.41249417918255,15.6044253259682,0.0775392377724982,"m"
1686,-1.41298228874437,15.6039268678421,0.0775447077419714,"m"
1687,-1.41346940296796,15.6034297726139,0.077550196555575,"m"
1688,-1.41395562457677,15.6029341393072,0.0775557042063563,"m"
1689,-1.41444105629427,15.6024400669454,0.0775612306873629,"m"
1690,-1.41492580084392,15.6019476545519,0.0775667759916422,"m"
1691,-1.4154099609492,15.6014570011504,0.0775723401122417,"m"
1692,-1.41589363933357,15.6009682057642,0.0775779230422087,"m"
1693,-1.41637693872049,15.6004813674168,0.0775835247745908,"m"
1694,-1.41685996183344,15.5999965851318,0.0775891453024354,"m"
1695,-1.41734281139587,15.5995139579325,0.0775947846187899,"m"
1696,-1.41782559013125,15.5990335848426,0.0776004427167018,"m"
1697,-1.41830840076306,15.5985555648855,0.0776061195892186,"m"
1698,-1.41879134601475,15.5980799970846,0.0776118152293876,"m"
1699,-1.41927452860979,15.5976069804634,0.0776175296302565,"m"
1700,-1.41975805127165,15.5971366140455,0.0776232627848725,"m"
1701,-1.4202420167238,15.5966689968543,0.0776290146862831,"m"
1702,-1.42072652768969,15.5962042279132,0.0776347853275359,"m"
1703,-1.4212116868928,15.5957424062459,0.0776405747016782,"m"
1704,-1.4216975970566,15.5952836308757,0.0776463828017574,"m"
1705,-1.42218435962452,15.5948279986254,0.0776522096299858,"m"
1706,-1.42267201926147,15.5943755087001,0.0776580555950966,"m"
1707,-1.4231605425369,15.5939260260373,0.077663921664968,"m"
1708,-1.42364989034064,15.5934794058099,0.0776698088481434,"m"
1709,-1.42414002356251,15.5930355031907,0.0776757181531659,"m"
1710,-1.42463090309231,15.5925941733524,0.077681650588579,"m"
1711,-1.42512248981988,15.5921552714678,0.0776876071629258,"m"
1712,-1.42561474463502,15.5917186527098,0.0776935888847496,"m"
1713,-1.42610762842754,15.5912841722511,0.0776995967625937,"m"
1714,-1.42660110208727,15.5908516852645,0.0777056318050014,"m"
1715,-1.42709512650403,15.5904210469227,0.077711695020516,"m"
1716,-1.42758966256762,15.5899921123987,0.0777177874176807,"m"
1717,-1.42808467116786,15.5895647368651,0.0777239100050389,"m"
1718,-1.42858011319458,15.5891387754948,0.0777300637911337,"m"
1719,-1.42907594953758,15.5887140834606,0.0777362497845084,"m"
1720,-1.42957214108668,15.5882905159352,0.0777424689937065,"m"
1721,-1.4300686487317,15.5878679280914,0.077748722427271,"m"
1722,-1.43056543336246,15.5874461751021,0.0777550110937453,"m"
1723,-1.43106245586877,15.5870251121399,0.0777613360016727,"m"
1724,-1.43155967714044,15.5866045943778,0.0777676981595965,"m"
1725,-1.4320570580673,15.5861844769885,0.0777740985760598,"m"
1726,-1.43255455953915,15.5857646151447,0.0777805382596061,"m"
1727,-1.43305214244583,15.5853448640193,0.0777870182187786,"m"
1728,-1.43354976767713,15.5849250787851,0.0777935394621205,"m"
1729,-1.43404739612288,15.5845051146148,0.0778001029981751,"m"
1730,-1.4345449886729,15.5840848266812,0.0778067098354857,"m"
1731,-1.43504250621699,15.5836640701572,0.0778133609825956,"m"
1732,-1.43553990964498,15.5832427002155,0.0778200574480481,"m"
1733,-1.43603715984669,15.5828205720289,0.0778268002403864,"m"
1734,-1.43653421771192,15.5823975407702,0.0778335903681538,"m"
1735,-1.43703104413266,15.5819734616217,0.0778404288397596,"m"
1736,-1.43752761060456,15.5815482365604,0.0778473160056713,"m"
1737,-1.43802392381268,15.5811219228559,0.0778542500329122,"m"
1738,-1.43851999773223,15.5806946099497,0.0778612286361624,"m"
1739,-1.43901584633842,15.5802663872832,0.0778682495301019,"m"
1740,-1.43951148360647,15.5798373442981,0.0778753104294107,"m"
1741,-1.4400069235116,15.5794075704357,0.0778824090487688,"m"
1742,-1.44050218002902,15.5789771551376,0.0778895431028564,"m"
1743,-1.44099726713394,15.5785461878454,0.0778967103063533,"m"
1744,-1.44149219880158,15.5781147580005,0.0779039083739396,"m"
1745,-1.44198698900715,15.5776829550444,0.0779111350202954,"m"
1746,-1.44248165172588,15.5772508684186,0.0779183879601007,"m"
1747,-1.44297620093297,15.5768185875646,0.0779256649080355,"m"
1748,-1.44347065060364,15.576386201924,0.0779329635787798,"m"
1749,-1.44396501471311,15.5759538009383,0.0779402816870137,"m"
1750,-1.44445930723659,15.5755214740488,0.0779476169474172,"m"
1751,-1.4449535421493,15.5750893106973,0.0779549670746703,"m"
1752,-1.44544773342645,15.5746574003251,0.077962329783453,"m"
1753,-1.44594189504325,15.5742258323737,0.0779697027884454,"m"
1754,-1.44643604097493,15.5737946962847,0.0779770838043275,"m"
1755,-1.4469301851967,15.5733640814997,0.0779844705457793,"m"
1756,-1.44742434168377,15.5729340774599,0.0779918607274808,"m"
1757,-1.44791852441135,15.5725047736071,0.0779992520641122,"m"
1758,-1.44841274735467,15.5720762593827,0.0780066422703534,"m"
1759,-1.44890702448894,15.5716486242282,0.0780140290608843,"m"
1760,-1.44940136978937,15.571221957585,0.0780214101503852,"m"
1761,-1.44989579723118,15.5707963488948,0.0780287832535359,"m"
1762,-1.45039032078959,15.570371887599,0.0780361460850165,"m"
1763,-1.4508849544398,15.5699486631391,0.0780434963595071,"m"
1764,-1.45137971215704,15.5695267649567,0.0780508317916876,"m"
1765,-1.45187460791652,15.5691062824931,0.0780581500962382,"m"
1766,-1.45236965096895,15.5686873011071,0.0780654493671801,"m"
1767,-1.45286480898536,15.5682698702239,0.0780727310370696,"m"
1768,-1.4533600280315,15.5678540205975,0.0780799982732034,"m"
1769,-1.45385525398859,15.5674397828223,0.0780872542576917,"m"
1770,-1.45435043273789,15.5670271874929,0.0780945021726447,"m"
1771,-1.45484551016065,15.5666162652038,0.0781017452001725,"m"
1772,-1.45534043213811,15.5662070465495,0.0781089865223853,"m"
1773,-1.45583514455151,15.5657995621245,0.0781162293213934,"m"
1774,-1.45632959328211,15.5653938425233,0.0781234767793068,"m"
1775,-1.45682372421113,15.5649899183404,0.0781307320782358,"m"
1776,-1.45731748321984,15.5645878201704,0.0781379984002906,"m"
1777,-1.45781081618948,15.5641875786077,0.0781452789275812,"m"
1778,-1.45830366900129,15.5637892242468,0.078152576842218,"m"
1779,-1.45879598753652,15.5633927876824,0.0781598953263111,"m"
1780,-1.45928771767641,15.5629982995088,0.0781672375619707,"m"
1781,-1.4597788053022,15.5626057903205,0.0781746067313069,"m"
1782,-1.46026919629516,15.5622152907122,0.07818200601643,"m"
1783,-1.46075883653651,15.5618268312783,0.0781894385994501,"m"
1784,-1.4612476719075,15.5614404426133,0.0781969076624774,"m"
1785,-1.46173564828939,15.5610561553117,0.078204416387622,"m"
1786,-1.46222271156341,15.5606739999681,0.0782119679569943,"m"
1787,-1.46270880761081,15.5602940071769,0.0782195655527043,"m"
1788,-1.46319388231284,15.5599162075326,0.0782272123568622,"m"
1789,-1.46367788155074,15.5595406316298,0.0782349115515782,"m"
1790,-1.46416075120576,15.559167310063,0.0782426663189625,"m"
1791,-1.46464243715914,15.5587962734267,0.0782504798411253,"m"
1792,-1.46512288529213,15.5584275523153,0.0782583553001767,"m"
1793,-1.46560204148597,15.5580611773234,0.078266295878227,"m"
1794,-1.46607985162191,15.5576971790456,0.0782743047573863,"m"
1795,-1.4665562615812,15.5573355880763,0.0782823851197647,"m"
1796,-1.46703121725084,15.5569764350057,0.078290540147179,"m"
1797,-1.46750468898801,15.5566197321986,0.0782987717759943,"m"
1798,-1.46797672756032,15.5562654321301,0.0783070778499454,"m"
1799,-1.46844740022756,15.5559134749915,0.0783154553733684,"m"
1800,-1.46891677424955,15.5555638009744,0.0783239013505995,"m"
1801,-1.46938491688606,15.5552163502705,0.0783324127859748,"m"
1802,-1.4698518953969,15.5548710630711,0.0783409866838305,"m"
1803,-1.47031777704187,15.5545278795678,0.0783496200485028,"m"
1804,-1.47078262908077,15.5541867399523,0.0783583098843277,"m"
1805,-1.47124651877338,15.5538475844159,0.0783670531956415,"m"
1806,-1.47170951337952,15.5535103531502,0.0783758469867803,"m"
1807,-1.47217168015898,15.5531749863469,0.0783846882620801,"m"
1808,-1.47263308637155,15.5528414241973,0.0783935740258773,"m"
1809,-1.47309379927703,15.552509606893,0.0784025012825079,"m"
1810,-1.47355388613523,15.5521794746256,0.0784114670363081,"m"
1811,-1.47401341420593,15.5518509675866,0.078420468291614,"m"
1812,-1.47447245074894,15.5515240259675,0.0784295020527619,"m"
1813,-1.47493106302405,15.5511985899599,0.0784385653240877,"m"
1814,-1.47538931829107,15.5508745997552,0.0784476551099278,"m"
1815,-1.47584728380978,15.5505519955451,0.0784567684146181,"m"
1816,-1.47630502683999,15.550230717521,0.078465902242495,"m"
1817,-1.4767626146415,15.5499107058745,0.0784750535978945,"m"
1818,-1.47722011447409,15.5495919007972,0.0784842194851528,"m"
1819,-1.47767759359758,15.5492742424804,0.0784933969086061,"m"
1820,-1.47813511927175,15.5489576711159,0.0785025828725904,"m"
1821,-1.47859275875641,15.5486421268951,0.078511774381442,"m"
1822,-1.47905057931135,15.5483275500095,0.0785209684394969,"m"
1823,-1.47950864819637,15.5480138806507,0.0785301620510915,"m"
1824,-1.47996703267126,15.5477010590102,0.0785393522205616,"m"
1825,-1.48042579999583,15.5473890252796,0.0785485359522437,"m"
1826,-1.48088501742988,15.5470777196503,0.0785577102504737,"m"
1827,-1.48134474480251,15.5467670883638,0.0785668724543756,"m"
1828,-1.48180497726842,15.5464571303175,0.0785760228169664,"m"
1829,-1.48226567668185,15.5461478715211,0.0785851630916081,"m"
1830,-1.48272680462181,15.5458393382084,0.0785942950440621,"m"
1831,-1.48318832266733,15.5455315566133,0.0786034204400901,"m"
1832,-1.48365019239744,15.5452245529694,0.0786125410454535,"m"
1833,-1.48411237539116,15.5449183535107,0.078621658625914,"m"
1834,-1.48457483322751,15.5446129844708,0.0786307749472329,"m"
1835,-1.48503752748552,15.5443084720837,0.078639891775172,"m"
1836,-1.48550041974422,15.544004842583,0.0786490108754926,"m"
1837,-1.48596347158262,15.5437021222026,0.0786581340139564,"m"
1838,-1.48642664457976,15.5434003371763,0.0786672629563249,"m"
1839,-1.48688990031465,15.5430995137378,0.0786763994683595,"m"
1840,-1.48735320036632,15.5427996781209,0.0786855453158219,"m"
1841,-1.48781650631379,15.5425008565596,0.0786947022644736,"m"
1842,-1.4882797797361,15.5422030752874,0.0787038720800761,"m"
1843,-1.48874298221226,15.5419063605383,0.0787130565283909,"m"
1844,-1.4892060753213,15.541610738546,0.0787222573751795,"m"
1845,-1.48966902064224,15.5413162355443,0.0787314763862036,"m"
1846,-1.49013177975411,15.541022877767,0.0787407153272246,"m"
1847,-1.49059431423592,15.540730691448,0.0787499759640041,"m"
1848,-1.49105658566672,15.5404397028209,0.0787592600623036,"m"
1849,-1.49151855562552,15.5401499381196,0.0787685693878847,"m"
1850,-1.49198018569134,15.5398614235779,0.0787779057065088,"m"
1851,-1.4924414374432,15.5395741854296,0.0787872707839375,"m"
1852,-1.49290227246015,15.5392882499085,0.0787966663859324,"m"
1853,-1.49336265232119,15.5390036432483,0.0788060942782549,"m"
1854,-1.49382253860535,15.5387203916828,0.0788155562266667,"m"
1855,-1.49428189289166,15.5384385214459,0.0788250539969291,"m"
1856,-1.49474067675914,15.5381580587714,0.0788345893548039,"m"
1857,-1.49519885299308,15.5378790291841,0.0788441640339323,"m"
1858,-1.49565642302986,15.5376014354953,0.0788537787387622,"m"
1859,-1.49611343420752,15.5373252535419,0.0788634329514808,"m"
1860,-1.49656993653397,15.5370504575915,0.0788731260831833,"m"
1861,-1.49702598001709,15.5367770219122,0.0788828575449647,"m"
1862,-1.49748161466479,15.5365049207715,0.0788926267479202,"m"
1863,-1.49793689048494,15.5362341284375,0.0789024331031452,"m"
1864,-1.49839185748545,15.5359646191778,0.0789122760217346,"m"
1865,-1.49884656567421,15.5356963672603,0.0789221549147836,"m"
1866,-1.49930106505911,15.5354293469528,0.0789320691933875,"m"
1867,-1.49975540564804,15.5351635325232,0.0789420182686414,"m"
1868,-1.5002096374489,15.5348988982392,0.0789520015516405,"m"
1869,-1.50066381046959,15.5346354183686,0.0789620184534799,"m"
1870,-1.50111797471798,15.5343730671793,0.0789720683852548,"m"
1871,-1.50157218020199,15.5341118189391,0.0789821507580604,"m"
1872,-1.50202647692949,15.5338516479158,0.0789922649829918,"m"
1873,-1.50248091490839,15.5335925283772,0.0790024104711443,"m"
1874,-1.50293554414657,15.5333344345911,0.0790125866336129,"m"
1875,-1.50339041465194,15.5330773408253,0.0790227928814929,"m"
1876,-1.50384557643238,15.5328212213477,0.0790330286258794,"m"
1877,-1.50430107949578,15.5325660504261,0.0790432932778676,"m"
1878,-1.50475697385004,15.5323118023282,0.0790535862485527,"m"
1879,-1.50521330950306,15.532058451322,0.0790639069490297,"m"
1880,-1.50567013646272,15.5318059716751,0.079074254790394,"m"
1881,-1.50612750473692,15.5315543376555,0.0790846291837407,"m"
1882,-1.50658546433355,15.5313035235309,0.0790950295401648,"m"
1883,-1.50704406526051,15.5310535035692,0.0791054552707617,"m"
1884,-1.50750335752569,15.5308042520381,0.0791159057866265,"m"
1885,-1.50796339113697,15.5305557432055,0.0791263804988542,"m"
1886,-1.50842421610226,15.5303079513392,0.0791368788185402,"m"
1887,-1.50888588242945,15.530060850707,0.0791474001567796,"m"
1888,-1.509348429951,15.5298144200646,0.0791579439710406,"m"
1889,-1.50981181091053,15.5295686767979,0.0791685101179657,"m"
1890,-1.51027593286269,15.5293236580029,0.0791790986578608,"m"
1891,-1.51074070300487,15.5290794009329,0.0791897096526602,"m"
1892,-1.51120602853448,15.5288359428414,0.0792003431642983,"m"
1893,-1.5116718166489,15.5285933209818,0.0792109992547092,"m"
1894,-1.51213797454552,15.5283515726075,0.0792216779858273,"m"
1895,-1.51260440942174,15.5281107349719,0.0792323794195868,"m"
1896,-1.51307102847495,15.5278708453283,0.079243103617922,"m"
1897,-1.51353773890254,15.5276319409303,0.0792538506427671,"m"
1898,-1.5140044479019,15.5273940590312,0.0792646205560564,"m"
1899,-1.51447106267043,15.5271572368844,0.0792754134197242,"m"
1900,-1.51493749040552,15.5269215117434,0.0792862292957048,"m"
1901,-1.51540363830456,15.5266869208615,0.0792970682459323,"m"
1902,-1.51586941356494,15.5264535014922,0.0793079303323412,"m"
1903,-1.51633472338406,15.5262212908888,0.0793188156168656,"m"
1904,-1.51679947495931,15.5259903263048,0.0793297241614398,"m"
1905,-1.51726357548808,15.5257606449936,0.0793406560279981,"m"
1906,-1.51772693216777,15.5255322842086,0.0793516112784747,"m"
1907,-1.51818945219576,15.5253052812032,0.079362589974804,"m"
1908,-1.51865104276944,15.5250796732308,0.0793735921789201,"m"
1909,-1.51911161108622,15.5248554975449,0.0793846179527574,"m"
1910,-1.51957106434349,15.5246327913987,0.0793956673582501,"m"
1911,-1.52002930973862,15.5244115920459,0.0794067404573325,"m"
1912,-1.52048625446903,15.5241919367396,0.0794178373119388,"m"
1913,-1.5209418057321,15.5239738627334,0.0794289579840034,"m"
1914,-1.52139587072522,15.5237574072807,0.0794401025354604,"m"
1915,-1.52184835664579,15.5235426076349,0.0794512710282442,"m"
1916,-1.52229917069119,15.5233295010493,0.079462463524289,"m"
1917,-1.52274822005883,15.5231181247775,0.0794736800855291,"m"
1918,-1.52319541421526,15.5229085141379,0.0794849207672594,"m"
1919,-1.52364073404325,15.5227006435566,0.0794961854158175,"m"
1920,-1.52408424450411,15.5224944157704,0.0795074736315351,"m"
1921,-1.524526015382,15.5222897294037,0.0795187850006324,"m"
1922,-1.52496611646109,15.5220864830813,0.0795301191093301,"m"
1923,-1.52540461752552,15.5218845754278,0.0795414755438484,"m"
1924,-1.52584158835944,15.5216839050677,0.0795528538904077,"m"
1925,-1.52627709874702,15.5214843706257,0.0795642537352286,"m"
1926,-1.52671121847241,15.5212858707263,0.0795756746645314,"m"
1927,-1.52714401731975,15.5210883039943,0.0795871162645364,"m"
1928,-1.52757556507322,15.5208915690541,0.0795985781214643,"m"
1929,-1.52800593151696,15.5206955645304,0.0796100598215352,"m"
1930,-1.52843518643512,15.5205001890478,0.0796215609509697,"m"
1931,-1.52886339961187,15.520305341231,0.0796330810959882,"m"
1932,-1.52929064083135,15.5201109197044,0.0796446198428111,"m"
1933,-1.52971697987772,15.5199168230928,0.0796561767776587,"m"
1934,-1.53014248653514,15.5197229500208,0.0796677514867516,"m"
1935,-1.53056723058776,15.5195291991129,0.0796793435563101,"m"
1936,-1.53099128181973,15.5193354689937,0.0796909525725547,"m"
1937,-1.53141471001522,15.519141658288,0.0797025781217057,"m"
1938,-1.53183758495837,15.5189476656202,0.0797142197899835,"m"
1939,-1.53225997643334,15.5187533896149,0.0797258771636086,"m"
1940,-1.53268195422428,15.5185587288969,0.0797375498288015,"m"
1941,-1.53310358811536,15.5183635820907,0.0797492373717824,"m"
1942,-1.53352494789072,15.5181678478209,0.0797609393787718,"m"
1943,-1.53394610333451,15.517971424712,0.0797726554359902,"m"
1944,-1.5343671242309,15.5177742113889,0.079784385129658,"m"
1945,-1.53478808036404,15.5175761064759,0.0797961280459954,"m"
1946,-1.53520904151809,15.5173770085978,0.0798078837712231,"m"
1947,-1.53563007747719,15.5171768163792,0.0798196518915613,"m"
1948,-1.53605125800323,15.5169754285248,0.0798314319935405,"m"
1949,-1.53647263549617,15.5167728062573,0.0798432239052028,"m"
1950,-1.53689421392496,15.5165690851921,0.0798550281282882,"m"
1951,-1.5373159888798,15.5163644311156,0.079866845281089,"m"
1952,-1.53773795595085,15.5161590098142,0.0798786759818974,"m"
1953,-1.53816011072831,15.515952987074,0.0798905208490058,"m"
1954,-1.53858244880235,15.5157465286814,0.0799023805007063,"m"
1955,-1.53900496576316,15.5155398004228,0.0799142555552914,"m"
1956,-1.53942765720093,15.5153329680844,0.0799261466310533,"m"
1957,-1.53985051870583,15.5151261974525,0.0799380543462842,"m"
1958,-1.54027354586805,15.5149196543134,0.0799499793192765,"m"
1959,-1.54069673427778,15.5147135044535,0.0799619221683225,"m"
1960,-1.54112007952519,15.5145079136589,0.0799738835117144,"m"
1961,-1.54154357720046,15.5143030477162,0.0799858639677446,"m"
1962,-1.54196722289379,15.5140990724114,0.0799978641547053,"m"
1963,-1.54239101219535,15.513896153531,0.0800098846908888,"m"
1964,-1.54281494069533,15.5136944568613,0.0800219261945874,"m"
1965,-1.54323900398391,15.5134941481885,0.0800339892840934,"m"
1966,-1.54366319765127,15.513295393299,0.0800460745776991,"m"
1967,-1.5440875172876,15.513098357979,0.0800581826936968,"m"
1968,-1.54451195848308,15.512903208015,0.0800703142503787,"m"
1969,-1.54493651682789,15.512710109193,0.0800824698660372,"m"
1970,-1.54536118791221,15.5125192272996,0.0800946501589645,"m"
1971,-1.54578596732624,15.5123307281209,0.080106855747453,"m"
1972,-1.54621085066014,15.5121447774433,0.0801190872497948,"m"
1973,-1.54663583350411,15.5119615410531,0.0801313452842824,"m"
1974,-1.54706091144833,15.5117811847366,0.080143630469208,"m"
1975,-1.54748608008298,15.5116038742801,0.0801559434228638,"m"
1976,-1.54791133499824,15.5114297754699,0.0801682847635422,"m"
1977,-1.5483366717843,15.5112590540923,0.0801806551095355,"m"
1978,-1.54876208603134,15.5110918759336,0.080193055079136,"m"
1979,-1.54918757360291,15.51092840196,0.0802054852789124,"m"
1980,-1.54961313881425,15.5107686441141,0.0802179459529774,"m"
1981,-1.55003879584466,15.5106124404114,0.080230436922417,"m"
1982,-1.5504645594314,15.5104596190295,0.0802429579843893,"m"
1983,-1.55089044431173,15.5103100081457,0.0802555089360521,"m"
1984,-1.55131646522291,15.5101634359376,0.0802680895745633,"m"
1985,-1.55174263690219,15.5100197305826,0.0802806996970809,"m"
1986,-1.55216897408682,15.5098787202582,0.0802933391007628,"m"
1987,-1.55259549151407,15.5097402331419,0.0803060075827668,"m"
1988,-1.55302220392119,15.5096040974112,0.080318704940251,"m"
1989,-1.55344912604544,15.5094701412435,0.0803314309703732,"m"
1990,-1.55387627262408,15.5093381928163,0.0803441854702914,"m"
1991,-1.55430365839435,15.5092080803071,0.0803569682371635,"m"
1992,-1.55473129809353,15.5090796318933,0.0803697790681473,"m"
1993,-1.55515920645886,15.5089526757525,0.0803826177604008,"m"
1994,-1.5555873982276,15.5088270400621,0.080395484111082,"m"
1995,-1.55601588813702,15.5087025529995,0.0804083779173487,"m"
1996,-1.55644469092435,15.5085790427423,0.0804212989763589,"m"
1997,-1.55687382132687,15.5084563374679,0.0804342470852705,"m"
1998,-1.55730329408183,15.5083342653539,0.0804472220412413,"m"
1999,-1.55773312392649,15.5082126545776,0.0804602236414294,"m"
2000,-1.5581633255981,15.5080913333165,0.0804732516829926,"m"
2001,-1.55859391383392,15.5079701297482,0.0804863059630889,"m"
2002,-1.55902490337121,15.50784887205,0.0804993862788761,"m"
2003,-1.55945630894721,15.5077273883996,0.0805124924275122,"m"
2004,-1.5598881452992,15.5076055069742,0.0805256242061551,"m"
2005,-1.56032042716443,15.5074830559515,0.0805387814119628,"m"
2006,-1.56075316928015,15.5073598635089,0.0805519638420931,"m"
2007,-1.56118638638362,15.5072357578239,0.0805651712937039,"m"
2008,-1.5616200932121,15.5071105670739,0.0805784035639533,"m"
2009,-1.56205430446951,15.5069841195271,0.0805916604498264,"m"
2010,-1.56248901069463,15.5068563091817,0.0806049416231822,"m"
2011,-1.56292413566382,15.5067272116325,0.0806182464101852,"m"
2012,-1.56335959172078,15.5065969335713,0.0806315740778022,"m"
2013,-1.56379529120925,15.5064655816901,0.080644923893,"m"
2014,-1.56423114647295,15.5063332626806,0.0806582951227454,"m"
2015,-1.5646670698556,15.5062000832347,0.0806716870340051,"m"
2016,-1.56510297370094,15.5060661500444,0.0806850988937459,"m"
2017,-1.56553877035268,15.5059315698014,0.0806985299689348,"m"
2018,-1.56597437215456,15.5057964491977,0.0807119795265383,"m"
2019,-1.56640969145029,15.5056608949251,0.0807254468335233,"m"
2020,-1.5668446405836,15.5055250136756,0.0807389311568567,"m"
2021,-1.56727913189822,15.5053889121409,0.0807524317635051,"m"
2022,-1.56771307773787,15.5052526970129,0.0807659479204354,"m"
2023,-1.56814639044629,15.5051164749835,0.0807794788946143,"m"
2024,-1.56857898236718,15.5049803527447,0.0807930239530087,"m"
2025,-1.56901076584428,15.5048444369881,0.0808065823625853,"m"
2026,-1.56944165322132,15.5047088344058,0.080820153390311,"m"
2027,-1.56987155684202,15.5045736516896,0.0808337363031524,"m"
2028,-1.5703003890501,15.5044389955314,0.0808473303680765,"m"
2029,-1.57072806218929,15.5043049726229,0.0808609348520499,"m"
2030,-1.57115448860332,15.5041716896562,0.0808745490220395,"m"
2031,-1.5715795806359,15.5040392533231,0.0808881721450121,"m"
2032,-1.57200325063078,15.5039077703154,0.0809018034879344,"m"
2033,-1.57242541093166,15.503777347325,0.0809154423177732,"m"
2034,-1.57284597388228,15.5036480910438,0.0809290879014954,"m"
2035,-1.57326485182636,15.5035201081637,0.0809427395060676,"m"
2036,-1.57368195710763,15.5033935053765,0.0809563963984568,"m"
2037,-1.57409720206981,15.5032683893741,0.0809700578456296,"m"
2038,-1.57451049905663,15.5031448668483,0.0809837231145529,"m"
2039,-1.57492176041181,15.5030230444911,0.0809973914721935,"m"
2040,-1.57533091418079,15.5029030166342,0.081011062425446,"m"
2041,-1.57573800109515,15.5027847889053,0.0810247372030898,"m"
2042,-1.57614311110746,15.5026683281861,0.0810384177860193,"m"
2043,-1.57654633437626,15.5025536011964,0.0810521061582754,"m"
2044,-1.57694776106005,15.5024405746558,0.0810658043038993,"m"
2045,-1.57734748131735,15.5023292152841,0.0810795142069318,"m"
2046,-1.57774558530669,15.502219489801,0.0810932378514141,"m"
2047,-1.57814216318657,15.5021113649262,0.0811069772213872,"m"
2048,-1.57853730511552,15.5020048073793,0.081120734300892,"m"
2049,-1.57893110125206,15.5018997838802,0.0811345110739695,"m"
2050,-1.57932364175469,15.5017962611485,0.0811483095246609,"m"
2051,-1.57971501678194,15.5016942059039,0.081162131637007,"m"
2052,-1.58010531649232,15.5015935848662,0.0811759793950489,"m"
2053,-1.58049463104436,15.501494364755,0.0811898547828277,"m"
2054,-1.58088305059657,15.50139651229,0.0812037597843842,"m"
2055,-1.58127066530746,15.501299994191,0.0812176963837597,"m"
2056,-1.58165756533556,15.5012047771777,0.0812316665649949,"m"
2057,-1.58204384083938,15.5011108279698,0.0812456723121311,"m"
2058,-1.58242958197744,15.501018113287,0.0812597156092091,"m"
2059,-1.58281487890825,15.5009265998489,0.08127379844027,"m"
2060,-1.58319982179034,15.5008362543754,0.0812879227893548,"m"
2061,-1.58358450078222,15.5007470435861,0.0813020906405045,"m"
2062,-1.5839690060424,15.5006589342007,0.0813163039777602,"m"
2063,-1.58435342772941,15.500571892939,0.0813305647851628,"m"
2064,-1.58473785600177,15.5004858865206,0.0813448750467534,"m"
2065,-1.58512238101798,15.5004008816652,0.0813592367465729,"m"
2066,-1.58550709293657,15.5003168450926,0.0813736518686624,"m"
2067,-1.58589208191606,15.5002337435225,0.0813881223970629,"m"
2068,-1.58627743811495,15.5001515436746,0.0814026503158154,"m"
2069,-1.58666325169178,15.5000702122686,0.0814172376089609,"m"
2070,-1.58704961277275,15.4999897160405,0.0814318862587965,"m"
2071,-1.58743658965031,15.4999100327567,0.0814465970690452,"m"
2072,-1.58782419087296,15.4998311703662,0.0814613676184822,"m"
2073,-1.5882124148627,15.4997531419338,0.0814761949392618,"m"
2074,-1.58860126004158,15.4996759605243,0.0814910760635386,"m"
2075,-1.5889907248316,15.4995996392026,0.0815060080234669,"m"
2076,-1.58938080765479,15.4995241910334,0.0815209878512011,"m"
2077,-1.58977150693318,15.4994496290816,0.0815360125788956,"m"
2078,-1.59016282108878,15.499375966412,0.081551079238705,"m"
2079,-1.59055474854363,15.4993032160894,0.0815661848627835,"m"
2080,-1.59094728771974,15.4992313911787,0.0815813264832856,"m"
2081,-1.59134043703913,15.4991605047446,0.0815965011323657,"m"
2082,-1.59173419492383,15.499090569852,0.0816117058421783,"m"
2083,-1.59212855979587,15.4990215995657,0.0816269376448777,"m"
2084,-1.59252353007726,15.4989536069505,0.0816421935726184,"m"
2085,-1.59291910419002,15.4988866050713,0.0816574706575548,"m"
2086,-1.59331528055619,15.4988206069929,0.0816727659318413,"m"
2087,-1.59371205759778,15.49875562578,0.0816880764276323,"m"
2088,-1.59410943373682,15.4986916744976,0.0817033991770823,"m"
2089,-1.59450740739532,15.4986287662103,0.0817187312123456,"m"
2090,-1.59490597699532,15.4985669139831,0.0817340695655767,"m"
2091,-1.59530514095883,15.4985061308808,0.0817494112689299,"m"
2092,-1.59570489770788,15.4984464299682,0.0817647533545598,"m"
2093,-1.59610524566449,15.4983878243101,0.0817800928546207,"m"
2094,-1.59650618325068,15.4983303269713,0.081795426801267,"m"
2095,-1.59690770888848,15.4982739510167,0.0818107522266532,"m"
2096,-1.59730982099991,15.498218709511,0.0818260661629337,"m"
2097,-1.59771251800699,15.4981646155191,0.0818413656422628,"m"
2098,-1.59811579833174,15.4981116821059,0.0818566476967951,"m"
2099,-1.5985196603962,15.498059922336,0.0818719093586849,"m"
2100,-1.59892410262237,15.4980093492745,0.0818871476600866,"m"
2101,-1.59932911319873,15.4979599739665,0.0819023601088267,"m"
2102,-1.59973460764479,15.4979117931168,0.0819175475905012,"m"
2103,-1.60014047003413,15.4978647972245,0.0819327124523638,"m"
2104,-1.60054658431454,15.497818976764,0.0819478570475139,"m"
2105,-1.60095283443384,15.4977743222095,0.0819629837290509,"m"
2106,-1.60135910433983,15.4977308240354,0.0819780948500744,"m"
2107,-1.60176527798032,15.4976884727161,0.0819931927636838,"m"
2108,-1.60217123930311,15.4976472587257,0.0820082798229784,"m"
2109,-1.60257687225602,15.4976071725387,0.0820233583810579,"m"
2110,-1.60298206078684,15.4975682046293,0.0820384307910216,"m"
2111,-1.60338668884339,15.497530345472,0.0820534994059689,"m"
2112,-1.60379064037347,15.4974935855409,0.0820685665789994,"m"
2113,-1.60419379932489,15.4974579153104,0.0820836346632125,"m"
2114,-1.60459604964545,15.4974233252548,0.0820987060117076,"m"
2115,-1.60499727528297,15.4973898058485,0.0821137829775842,"m"
2116,-1.60539736018524,15.4973573475658,0.0821288679139418,"m"
2117,-1.60579618830007,15.497325940881,0.0821439631738797,"m"
2118,-1.60619364357528,15.4972955762683,0.0821590711104975,"m"
2119,-1.60658960995866,15.4972662442022,0.0821741940768946,"m"
2120,-1.60698397139803,15.4972379351569,0.0821893344261704,"m"
2121,-1.60737661184119,15.4972106396068,0.0822044945114245,"m"
2122,-1.60776741523594,15.4971843480261,0.0822196766857562,"m"
2123,-1.6081562655301,15.4971590508892,0.082234883302265,"m"
2124,-1.60854304667147,15.4971347386705,0.0822501167140503,"m"
2125,-1.60892764260785,15.4971114018442,0.0822653792742117,"m"
2126,-1.60930993728706,15.4970890308846,0.0822806733358485,"m"
2127,-1.6096898146569,15.4970676162661,0.0822960012520602,"m"
2128,-1.61006715866517,15.497047148463,0.0823113653759463,"m"
2129,-1.61044185325969,15.4970276179495,0.0823267680606062,"m"
2130,-1.61081378238826,15.4970090152001,0.0823422116591394,"m"
2131,-1.6111828368709,15.4969913313611,0.0823576984508366,"m"
2132,-1.61154906808269,15.496974573279,0.0823732289906053,"m"
2133,-1.61191268935162,15.4969587636376,0.0823888020939556,"m"
2134,-1.61227392115748,15.4969439258198,0.0824044164995865,"m"
2135,-1.61263298398006,15.4969300832087,0.082420070946197,"m"
2136,-1.61299009829915,15.4969172591871,0.0824357641724858,"m"
2137,-1.61334548459455,15.4969054771382,0.0824514949171521,"m"
2138,-1.61369936334606,15.4968947604449,0.0824672619188946,"m"
2139,-1.61405195503345,15.4968851324903,0.0824830639164124,"m"
2140,-1.61440348013654,15.4968766166572,0.0824988996484043,"m"
2141,-1.6147541591351,15.4968692363288,0.0825147678535693,"m"
2142,-1.61510421250894,15.4968630148879,0.0825306672706063,"m"
2143,-1.61545386073784,15.4968579757177,0.0825465966382142,"m"
2144,-1.6158033243016,15.496854142201,0.0825625546950919,"m"
2145,-1.61615282368002,15.496851537721,0.0825785401799384,"m"
2146,-1.61650257935288,15.4968501856606,0.0825945518314526,"m"
2147,-1.61685281179997,15.4968501094027,0.0826105883883335,"m"
2148,-1.6172037415011,15.4968513323304,0.0826266485892799,"m"
2149,-1.61755558893605,15.4968538778267,0.0826427311729907,"m"
2150,-1.61790857458462,15.4968577692746,0.082658834878165,"m"
2151,-1.61826291892659,15.4968630300571,0.0826749584435016,"m"
2152,-1.61861884244177,15.4968696835572,0.0826911006076994,"m"
2153,-1.61897656560995,15.4968777531578,0.0827072601094574,"m"
2154,-1.61933630891091,15.496887262242,0.0827234356874746,"m"
2155,-1.61969829282446,15.4968982341927,0.0827396260804497,"m"
2156,-1.62006273783038,15.496910692393,0.0827558300270818,"m"
2157,-1.62042986440847,15.4969246602259,0.0827720462660698,"m"
2158,-1.62079989303851,15.4969401610743,0.0827882735361126,"m"
2159,-1.62117304420031,15.4969572183213,0.0828045105759091,"m"
2160,-1.62154953837366,15.4969758553499,0.0828207561241583,"m"
2161,-1.62192959603835,15.4969960955429,0.082837008919559,"m"
2162,-1.62231339127857,15.4970179524374,0.0828532679027188,"m"
2163,-1.62270077218579,15.4970413703872,0.0828695334329296,"m"
2164,-1.62309144710102,15.4970662640881,0.082885806477662,"m"
2165,-1.62348512383149,15.4970925481227,0.0829020880067094,"m"
2166,-1.62388151018439,15.4971201370736,0.0829183789898656,"m"
2167,-1.62428031396693,15.4971489455232,0.0829346803969242,"m"
2168,-1.62468124298633,15.4971788880542,0.0829509931976788,"m"
2169,-1.62508400504978,15.497209879249,0.0829673183619229,"m"
2170,-1.62548830796451,15.4972418336902,0.0829836568594502,"m"
2171,-1.6258938595377,15.4972746659603,0.0830000096600544,"m"
2172,-1.62630036757658,15.4973082906419,0.083016377733529,"m"
2173,-1.62670753988835,15.4973426223174,0.0830327620496676,"m"
2174,-1.62711508428021,15.4973775755696,0.0830491635782639,"m"
2175,-1.62752270855939,15.4974130649808,0.0830655832891115,"m"
2176,-1.62793012053307,15.4974490051336,0.0830820221520039,"m"
2177,-1.62833702800848,15.4974853106106,0.0830984811367348,"m"
2178,-1.62874313879281,15.4975218959943,0.0831149612130979,"m"
2179,-1.62914816069328,15.4975586758673,0.0831314633508866,"m"
2180,-1.62955180151709,15.497595564812,0.0831479885198947,"m"
2181,-1.62995376907145,15.497632477411,0.0831645376899158,"m"
2182,-1.63035377116358,15.4976693282469,0.0831811118307434,"m"
2183,-1.63075151560067,15.4977060319022,0.0831977119121713,"m"
2184,-1.63114671018993,15.4977425029594,0.0832143389039929,"m"
2185,-1.63153906273858,15.497778656001,0.0832309937760019,"m"
2186,-1.63192828105381,15.4978144056097,0.0832476774979919,"m"
2187,-1.63231407294285,15.497849666368,0.0832643910397566,"m"
2188,-1.63269614621289,15.4978843528583,0.0832811353710895,"m"
2189,-1.63307420867114,15.4979183796632,0.0832979114617843,"m"
2190,-1.63344796812481,15.4979516613653,0.0833147202816346,"m"
2191,-1.63381713238111,15.4979841125472,0.0833315628004339,"m"
2192,-1.63418142103008,15.498015651744,0.0833484399328066,"m"
2193,-1.63454082466698,15.4980462884043,0.0833653513244803,"m"
2194,-1.63489560489225,15.4980761228897,0.0833822953522865,"m"
2195,-1.63524603508919,15.4981052595148,0.0833992703378873,"m"
2196,-1.6355923886411,15.498133802594,0.0834162746029444,"m"
2197,-1.63593493893126,15.4981618564417,0.0834333064691201,"m"
2198,-1.63627395934298,15.4981895253723,0.0834503642580762,"m"
2199,-1.63660972325953,15.4982169137004,0.0834674462914747,"m"
2200,-1.63694250406422,15.4982441257403,0.0834845508909776,"m"
2201,-1.63727257514034,15.4982712658065,0.083501676378247,"m"
2202,-1.63760020987118,15.4982984382135,0.0835188210749447,"m"
2203,-1.63792568164004,15.4983257472757,0.0835359833027328,"m"
2204,-1.6382492638302,15.4983532973075,0.0835531613832733,"m"
2205,-1.63857122982495,15.4983811926234,0.0835703536382281,"m"
2206,-1.6388918530076,15.4984095375378,0.0835875583892593,"m"
2207,-1.63921140676144,15.4984384363652,0.0836047739580288,"m"
2208,-1.63953016446975,15.4984679934201,0.0836219986661987,"m"
2209,-1.63984839951583,15.4984983130168,0.0836392308354308,"m"
2210,-1.64016638528297,15.4985294994698,0.0836564687873873,"m"
2211,-1.64048439515447,15.4985616570936,0.08367371084373,"m"
2212,-1.64080270251362,15.4985948902027,0.0836909553261209,"m"
2213,-1.6411215807437,15.4986293031113,0.0837082005562222,"m"
2214,-1.64144130322802,15.4986650001341,0.0837254448556957,"m"
2215,-1.64176214334987,15.4987020855854,0.0837426865462034,"m"
2216,-1.64208437449254,15.4987406637798,0.0837599239494073,"m"
2217,-1.64240827003931,15.4987808390315,0.0837771553869695,"m"
2218,-1.64273410337349,15.4988227156552,0.0837943791805518,"m"
2219,-1.64306214787837,15.4988663979652,0.0838115936518163,"m"
2220,-1.64339267693724,15.4989119902759,0.083828797122425,"m"
2221,-1.64372596393339,15.4989595969019,0.0838459879140399,"m"
2222,-1.64406228177485,15.4990093219227,0.0838631643523548,"m"
2223,-1.64440177894999,15.4990612079163,0.0838803258185891,"m"
2224,-1.64474431371615,15.4991151539981,0.0838974741561631,"m"
2225,-1.64508970302472,15.4991710388654,0.0839146115589197,"m"
2226,-1.64543776382708,15.4992287412157,0.0839317402207022,"m"
2227,-1.64578831307461,15.4992881397464,0.0839488623353535,"m"
2228,-1.64614116771872,15.499349113155,0.0839659800967166,"m"
2229,-1.64649614471077,15.4994115401389,0.0839830956986346,"m"
2230,-1.64685306100216,15.4994752993955,0.0840002113349505,"m"
2231,-1.64721173354428,15.4995402696224,0.0840173291995075,"m"
2232,-1.64757197928851,15.4996063295169,0.0840344514861485,"m"
2233,-1.64793361518625,15.4996733577764,0.0840515803887165,"m"
2234,-1.64829645818886,15.4997412330985,0.0840687181010547,"m"
2235,-1.64866032524775,15.4998098341805,0.0840858668170061,"m"
2236,-1.6490250333143,15.4998790397199,0.0841030287304136,"m"
2237,-1.6493903993399,15.4999487284142,0.0841202060351204,"m"
2238,-1.64975624027593,15.5000187789607,0.0841374009249695,"m"
2239,-1.65012237307378,15.500089070057,0.084154615593804,"m"
2240,-1.65048861468484,15.5001594804004,0.0841718522354669,"m"
2241,-1.65085478206049,15.5002298886884,0.0841891130438012,"m"
2242,-1.65122069215212,15.5003001736185,0.0842064002126499,"m"
2243,-1.65158616191112,15.500370213888,0.0842237159358562,"m"
2244,-1.65195100828887,15.5004398881945,0.0842410624072631,"m"
2245,-1.65231504823676,15.5005090752353,0.0842584418207136,"m"
2246,-1.65267809870619,15.5005776537079,0.0842758563700507,"m"
2247,-1.65303997664852,15.5006455023098,0.0842933082491176,"m"
2248,-1.65340049901516,15.5007124997383,0.0843107996517572,"m"
2249,-1.65375948275748,15.500778524691,0.0843283327718125,"m"
2250,-1.65411674482688,15.5008434558652,0.0843459098031268,"m"
2251,-1.65447210217475,15.5009071719585,0.0843635329395429,"m"
2252,-1.65482537175246,15.5009695516681,0.0843812043749039,"m"
2253,-1.65517637643337,15.5010304801611,0.0843989262063214,"m"
2254,-1.65552507319408,15.5010899891025,0.0844166983404158,"m"
2255,-1.65587155195694,15.501148255392,0.0844345185122237,"m"
2256,-1.65621590833475,15.5012054621452,0.0844523843638316,"m"
2257,-1.65655823794031,15.501261792478,0.0844702935373259,"m"
2258,-1.65689863638643,15.5013174295062,0.0844882436747933,"m"
2259,-1.65723719928592,15.5013725563457,0.0845062324183201,"m"
2260,-1.65757402225159,15.5014273561122,0.0845242574099929,"m"
2261,-1.65790920089623,15.5014820119217,0.084542316291898,"m"
2262,-1.65824283083266,15.5015367068899,0.0845604067061222,"m"
2263,-1.65857500767368,15.5015916241327,0.0845785262947517,"m"
2264,-1.6589058270321,15.5016469467659,0.0845966726998731,"m"
2265,-1.65923538452072,15.5017028579053,0.0846148435635729,"m"
2266,-1.65956377575234,15.5017595406668,0.0846330365279375,"m"
2267,-1.65989109633979,15.5018171781661,0.0846512492350535,"m"
2268,-1.66021744189585,15.5018759535191,0.0846694793270073,"m"
2269,-1.66054290803335,15.5019360498417,0.0846877244458855,"m"
2270,-1.66086759036507,15.5019976502496,0.0847059822337745,"m"
2271,-1.66119158450384,15.5020609378588,0.0847242503327608,"m"
2272,-1.66151498606245,15.5021260957849,0.0847425263849308,"m"
2273,-1.66183789065371,15.5021933071439,0.0847608080323712,"m"
2274,-1.66216039389042,15.5022627550515,0.0847790929171683,"m"
2275,-1.6624825913854,15.5023346226236,0.0847973786814086,"m"
2276,-1.66280457875145,15.5024090929761,0.0848156629671787,"m"
2277,-1.66312645160138,15.5024863492247,0.084833943416565,"m"
2278,-1.66344830554798,15.5025665744853,0.084852217671654,"m"
2279,-1.66377023620407,15.5026499518738,0.0848704833745322,"m"
2280,-1.66409233918246,15.5027366645058,0.0848887381672861,"m"
2281,-1.66441471009594,15.5028268954973,0.0849069796920021,"m"
2282,-1.66473744455733,15.5029208279641,0.0849252055907668,"m"
2283,-1.6650606380627,15.5030186446182,0.0849434135099938,"m"
2284,-1.66538435692118,15.5031204271998,0.0849616021780498,"m"
2285,-1.6657085999933,15.5032260241119,0.0849797728236051,"m"
2286,-1.6660333566412,15.5033352508977,0.0849979270274333,"m"
2287,-1.66635861622701,15.5034479231006,0.0850160663703082,"m"
2288,-1.66668436811285,15.5035638562638,0.0850341924330037,"m"
2289,-1.66701060166085,15.5036828659308,0.0850523067962933,"m"
2290,-1.66733730623315,15.5038047676449,0.0850704110409509,"m"
2291,-1.66766447119187,15.5039293769493,0.0850885067477503,"m"
2292,-1.66799208589915,15.5040565093874,0.085106595497465,"m"
2293,-1.66832013971711,15.5041859805025,0.0851246788708691,"m"
2294,-1.66864862200789,15.5043176058379,0.085142758448736,"m"
2295,-1.66897752213361,15.5044512009371,0.0851608358118397,"m"
2296,-1.66930682945641,15.5045865813432,0.0851789125409538,"m"
2297,-1.66963653333841,15.5047235625996,0.0851969902168521,"m"
2298,-1.66996662314174,15.5048619602497,0.0852150704203083,"m"
2299,-1.67029708822854,15.5050015898367,0.0852331547320963,"m"
2300,-1.67062791796093,15.505142266904,0.0852512447329896,"m"
2301,-1.67095910170105,15.5052838069949,0.0852693420037622,"m"
2302,-1.67129062881102,15.5054260256528,0.0852874481251877,"m"
2303,-1.67162248865297,15.5055687384209,0.0853055646780398,"m"
2304,-1.67195467058904,15.5057117608425,0.0853236932430924,"m"
2305,-1.67228716398135,15.5058549084611,0.0853418354011192,"m"
2306,-1.67261995819204,15.5059979968199,0.0853599927328938,"m"
2307,-1.67295304258323,15.5061408414623,0.0853781668191902,"m"
2308,-1.67328640651705,15.5062832579316,0.0853963592407819,"m"
2309,-1.67362003935564,15.506425061771,0.0854145715784428,"m"
2310,-1.67395393046112,15.506566068524,0.0854328054129466,"m"
2311,-1.67428806919563,15.5067060937338,0.085451062325067,"m"
2312,-1.67462244492128,15.5068449529438,0.0854693438955779,"m"
2313,-1.67495704700022,15.5069824616972,0.0854876517052529,"m"
2314,-1.67529185745896,15.5071184683601,0.0855059870361183,"m"
2315,-1.67562681504543,15.5072530149448,0.0855243494076535,"m"
2316,-1.67596184269116,15.5073862142328,0.0855427376952056,"m"
2317,-1.67629686330429,15.5075181791103,0.0855611507731685,"m"
2318,-1.67663179979296,15.5076490224636,0.0855795875159365,"m"
2319,-1.67696657506531,15.5077788571787,0.0855980467979036,"m"
2320,-1.67730111202946,15.5079077961421,0.0856165274934637,"m"
2321,-1.67763533359357,15.5080359522397,0.085635028477011,"m"
2322,-1.67796916266575,15.508163438358,0.0856535486229394,"m"
2323,-1.67830252215416,15.508290367383,0.0856720868056432,"m"
2324,-1.67863533496693,15.5084168522011,0.0856906418995162,"m"
2325,-1.67896752401219,15.5085430056983,0.0857092127789526,"m"
2326,-1.67929901219807,15.508668940761,0.0857277983183464,"m"
2327,-1.67962972243273,15.5087947702753,0.0857463973920916,"m"
2328,-1.67995957762428,15.5089206071275,0.0857650088745823,"m"
2329,-1.68028850068088,15.5090465642037,0.0857836316402126,"m"
2330,-1.68061641451065,15.5091727543902,0.0858022645633765,"m"
2331,-1.68094324202173,15.5092992905732,0.0858209065184681,"m"
2332,-1.68126890612226,15.5094262856389,0.0858395563798814,"m"
2333,-1.68159332972037,15.5095538524735,0.0858582130220104,"m"
2334,-1.68191643572421,15.5096821039633,0.0858768753192493,"m"
2335,-1.6822381470419,15.5098111529943,0.085895542145992,"m"
2336,-1.68255838658159,15.509941112453,0.0859142123766326,"m"
2337,-1.6828770772514,15.5100720952254,0.0859328848855652,"m"
2338,-1.68319414195949,15.5102042141977,0.0859515585471839,"m"
2339,-1.68350950361397,15.5103375822563,0.0859702322358826,"m"
2340,-1.683823085123,15.5104723122873,0.0859889048260554,"m"
2341,-1.6841348093947,15.5106085171768,0.0860075751920964,"m"
2342,-1.68444459933721,15.5107463098112,0.0860262422083996,"m"
2343,-1.68475237785868,15.5108858030767,0.0860449047493591,"m"
2344,-1.68505806814135,15.5110271096846,0.0860635616925304,"m"
2345,-1.68536165889072,15.5111703005644,0.0860822126711387,"m"
2346,-1.6856632888204,15.5113153509902,0.0861008590484312,"m"
2347,-1.68596311754624,15.5114622229077,0.0861195024287174,"m"
2348,-1.68626130468405,15.5116108782624,0.0861381444163063,"m"
2349,-1.68655800984965,15.5117612789999,0.0861567866155072,"m"
2350,-1.68685339265886,15.5119133870657,0.0861754306306293,"m"
2351,-1.68714761272751,15.5120671644054,0.0861940780659818,"m"
2352,-1.68744082967142,15.5122225729646,0.086212730525874,"m"
2353,-1.6877332031064,15.5123795746888,0.0862313896146151,"m"
2354,-1.6880248926483,15.5125381315236,0.0862500569365143,"m"
2355,-1.68831605791291,15.5126982054145,0.0862687340958808,"m"
2356,-1.68860685851607,15.5128597583072,0.0862874226970238,"m"
2357,-1.6888974540736,15.5130227521472,0.0863061243442525,"m"
2358,-1.68918800420132,15.51318714888,0.0863248406418762,"m"
2359,-1.68947866851506,15.5133529104512,0.0863435731942042,"m"
2360,-1.68976960663062,15.5135199988064,0.0863623236055455,"m"
2361,-1.69006097816385,15.5136883758912,0.0863810934802094,"m"
2362,-1.69035294273055,15.5138580036511,0.0863998844225052,"m"
2363,-1.69064565994656,15.5140288440316,0.0864186980367421,"m"
2364,-1.69093928942768,15.5142008589784,0.0864375359272292,"m"
2365,-1.69123399078975,15.514374010437,0.0864563996982759,"m"
2366,-1.69152992364859,15.5145482603529,0.0864752909541912,"m"
2367,-1.69182724762002,15.5147235706718,0.0864942112992845,"m"
2368,-1.69212612231986,15.5148999033392,0.086513162337865,"m"
2369,-1.69242670736393,15.5150772203007,0.0865321456742419,"m"
2370,-1.69272916236805,15.5152554835018,0.0865511629127243,"m"
2371,-1.69303364694806,15.5154346548881,0.0865702156576216,"m"
2372,-1.69334032071976,15.5156146964051,0.0865893055132429,"m"
2373,-1.69364934329898,15.5157955699985,0.0866084340838974,"m"
2374,-1.69396087430155,15.5159772376137,0.0866276029738945,"m"
2375,-1.69427503798591,15.5161596686406,0.0866468133374731,"m"
2376,-1.6945917521359,15.5163428759404,0.0866660637006205,"m"
2377,-1.69491085980035,15.5165268881092,0.0866853516380097,"m"
2378,-1.69523220392507,15.5167117337647,0.0867046747230011,"m"
2379,-1.69555562745582,15.5168974415247,0.0867240305289556,"m"
2380,-1.69588097333838,15.517084040007,0.0867434166292338,"m"
2381,-1.69620808451853,15.5172715578294,0.0867628305971965,"m"
2382,-1.69653680394205,15.5174600236095,0.0867822700062044,"m"
2383,-1.69686697455472,15.5176494659653,0.086801732429618,"m"
2384,-1.69719843930232,15.5178399135144,0.0868212154407982,"m"
2385,-1.69753104113061,15.5180313948747,0.0868407166131057,"m"
2386,-1.69786462298539,15.5182239386639,0.0868602335199011,"m"
2387,-1.69819902781244,15.5184175734997,0.0868797637345451,"m"
2388,-1.69853409855752,15.518612328,0.0868993048303984,"m"
2389,-1.69886967816641,15.5188082307826,0.0869188543808218,"m"
2390,-1.69920560958491,15.5190053104651,0.0869384099591758,"m"
2391,-1.69954173575877,15.5192035956654,0.0869579691388213,"m"
2392,-1.69987789963379,15.5194031150012,0.0869775294931189,"m"
2393,-1.70021394415574,15.5196038970903,0.0869970885954294,"m"
2394,-1.7005497122704,15.5198059705505,0.0870166440191133,"m"
2395,-1.70088504692355,15.5200093639996,0.0870361933375314,"m"
2396,-1.70121979106096,15.5202141060552,0.0870557341240445,"m"
2397,-1.70155378762842,15.5204202253353,0.0870752639520131,"m"
2398,-1.7018868795717,15.5206277504575,0.0870947803947981,"m"
2399,-1.70221890983658,15.5208367100396,0.08711428102576,"m"
2400,-1.70254972136884,15.5210471326995,0.0871337634182597,"m"
2401,-1.70287915711426,15.5212590470548,0.0871532251456577,"m"
2402,-1.70320706001861,15.5214724817234,0.0871726637813148,"m"
2403,-1.70353327302767,15.5216874653229,0.0871920768985918,"m"
2404,-1.70385763908723,15.5219040264713,0.0872114620708492,"m"
2405,-1.70418000621351,15.522122190213,0.0872308170082712,"m"
2406,-1.70450031206299,15.5223419184215,0.0872501418399391,"m"
2407,-1.70481857109743,15.5225631188444,0.0872694387674862,"m"
2408,-1.70513480026286,15.5227856974784,0.0872887100595817,"m"
2409,-1.70544901650527,15.5230095603203,0.0873079579848947,"m"
2410,-1.70576123677068,15.5232346133671,0.0873271848120944,"m"
2411,-1.70607147800509,15.5234607626154,0.0873463928098499,"m"
2412,-1.70637975715451,15.5236879140621,0.0873655842468304,"m"
2413,-1.70668609116495,15.523915973704,0.0873847613917049,"m"
2414,-1.7069904969824,15.5241448475379,0.0874039265131427,"m"
2415,-1.70729299155289,15.5243744415607,0.0874230818798128,"m"
2416,-1.70759359182241,15.5246046617691,0.0874422297603843,"m"
2417,-1.70789231473698,15.52483541416,0.0874613724235265,"m"
2418,-1.7081891772426,15.5250666047301,0.0874805121379085,"m"
2419,-1.70848419628528,15.5252981394764,0.0874996511721993,"m"
2420,-1.70877738881102,15.5255299243955,0.0875187917950681,"m"
2421,-1.70906877176583,15.5257618654844,0.0875379362751841,"m"
2422,-1.70935836209573,15.5259938687398,0.0875570868812164,"m"
2423,-1.70964617674671,15.5262258401585,0.0875762458818341,"m"
2424,-1.70993223266478,15.5264576857374,0.0875954155457064,"m"
2425,-1.71021654679595,15.5266893114733,0.0876145981415024,"m"
2426,-1.71049913608623,15.526920623363,0.0876337959378912,"m"
2427,-1.71078001748162,15.5271515274032,0.087653011203542,"m"
2428,-1.71105920792814,15.5273819295909,0.0876722462071239,"m"
2429,-1.71133672437178,15.5276117359228,0.087691503217306,"m"
2430,-1.71161258375856,15.5278408523957,0.0877107845027574,"m"
2431,-1.71188680303448,15.5280691850064,0.0877300923321474,"m"
2432,-1.71215939914555,15.5282966397519,0.0877494289741451,"m"
2433,-1.71243038903778,15.5285231226288,0.0877687966974195,"m"
2434,-1.71269978965717,15.528748539634,0.0877881977706398,"m"
2435,-1.71296761794973,15.5289727967643,0.0878076344624752,"m"
2436,-1.71323390411457,15.5291958302359,0.0878271086034002,"m"
2437,-1.71349875495647,15.5294177509389,0.0878466194910345,"m"
2438,-1.7137623047424,15.5296387323822,0.087866165515001,"m"
2439,-1.71402468777454,15.5298589481547,0.0878857450637576,"m"
2440,-1.7142860383551,15.5300785718456,0.0879053565257622,"m"
2441,-1.71454649078625,15.5302977770438,0.0879249982894726,"m"
2442,-1.7148061793702,15.5305167373383,0.0879446687433467,"m"
2443,-1.71506523840914,15.5307356263183,0.0879643662758424,"m"
2444,-1.71532380220526,15.5309546175728,0.0879840892754176,"m"
2445,-1.71558200506076,15.5311738846909,0.08800383613053,"m"
2446,-1.71583998127783,15.5313936012615,0.0880236052296377,"m"
2447,-1.71609786515866,15.5316139408737,0.0880433949611985,"m"
2448,-1.71635579100545,15.5318350771167,0.0880632037136702,"m"
2449,-1.71661389312039,15.5320571835793,0.0880830298755108,"m"
2450,-1.71687230580568,15.5322804338507,0.0881028718351781,"m"
2451,-1.7171311633635,15.53250500152,0.08812272798113,"m"
2452,-1.71739060009606,15.5327310601761,0.0881425967018243,"m"
2453,-1.71765075030553,15.5329587834081,0.088162476385719,"m"
2454,-1.71791174829413,15.5331883448051,0.0881823654212718,"m"
2455,-1.71817372836404,15.5334199179561,0.0882022621969408,"m"
2456,-1.71843682481746,15.5336536764502,0.0882221651011838,"m"
2457,-1.71870117195657,15.5338897938763,0.0882420725224586,"m"
2458,-1.71896690408358,15.5341284438236,0.0882619828492231,"m"
2459,-1.71923415550067,15.5343697998811,0.0882818944699351,"m"
2460,-1.71950306051004,15.5346140356378,0.0883018057730527,"m"
2461,-1.71977375341389,15.5348613246829,0.0883217151470336,"m"
2462,-1.7200463685144,15.5351118406052,0.0883416209803357,"m"
2463,-1.72032104011377,15.535365756994,0.0883615216614169,"m"
2464,-1.7205979025142,15.5356232474382,0.0883814155787351,"m"
2465,-1.72087709001787,15.5358844855269,0.0884013011207482,"m"
2466,-1.72115872853188,15.5361496341582,0.0884211767387224,"m"
2467,-1.72144279760756,15.5364186698519,0.0884410419788934,"m"
2468,-1.72172915248194,15.536691410818,0.0884608973175615,"m"
2469,-1.7220176444421,15.5369676702363,0.088480743260579,"m"
2470,-1.72230812477509,15.5372472612869,0.0885005803137982,"m"
2471,-1.722600444768,15.5375299971497,0.0885204089830712,"m"
2472,-1.7228944557079,15.5378156910045,0.0885402297742503,"m"
2473,-1.72319000888185,15.5381041560314,0.0885600431931877,"m"
2474,-1.72348695557694,15.5383952054103,0.0885798497457357,"m"
2475,-1.72378514708022,15.538688652321,0.0885996499377464,"m"
2476,-1.72408443467878,15.5389843099435,0.0886194442750722,"m"
2477,-1.72438466965968,15.5392819914578,0.0886392332635652,"m"
2478,-1.72468570330999,15.5395815100438,0.0886590174090777,"m"
2479,-1.72498738691679,15.5398826788814,0.088678797217462,"m"
2480,-1.72528957176715,15.5401853111505,0.0886985731945702,"m"
2481,-1.72559210914815,15.5404892200311,0.0887183458462545,"m"
2482,-1.72589485034684,15.540794218703,0.0887381156783673,"m"
2483,-1.7261976466503,15.5411001203463,0.0887578831967608,"m"
2484,-1.72650034934562,15.5414067381409,0.0887776489072871,"m"
2485,-1.72680280971984,15.5417138852666,0.0887974133157986,"m"
2486,-1.72710487906006,15.5420213749035,0.0888171769281474,"m"
2487,-1.72740640865333,15.5423290202314,0.0888369402501857,"m"
2488,-1.72770724978674,15.5426366344303,0.0888567037877659,"m"
2489,-1.72800725374735,15.5429440306801,0.0888764680467402,"m"
2490,-1.72830627182223,15.5432510221607,0.0888962335329607,"m"
2491,-1.72860415529846,15.5435574220521,0.0889160007522798,"m"
2492,-1.7289007554631,15.5438630435342,0.0889357702105496,"m"
2493,-1.72919592360324,15.5441676997869,0.0889555424136224,"m"
2494,-1.72948951100593,15.5444712039902,0.0889753178673504,"m"
2495,-1.72978136895826,15.544773369324,0.0889950970775858,"m"
2496,-1.73007134914791,15.5450740097333,0.0890148805493353,"m"
2497,-1.73035935337435,15.5453730348731,0.089034668681825,"m"
2498,-1.73064538165442,15.545670541986,0.0890544616669555,"m"
2499,-1.73092944541515,15.5459666501073,0.0890742596725414,"m"
2500,-1.73121155608356,15.5462614782725,0.0890940628663977,"m"
2501,-1.73149172508667,15.5465551455167,0.0891138714163391,"m"
2502,-1.73176996385152,15.5468477708754,0.0891336854901804,"m"
2503,-1.73204628380513,15.5471394733839,0.0891535052557366,"m"
2504,-1.73232069637451,15.5474303720774,0.0891733308808223,"m"
2505,-1.7325932129867,15.5477205859913,0.0891931625332524,"m"
2506,-1.73286384506872,15.548010234161,0.0892130003808417,"m"
2507,-1.73313260404759,15.5482994356217,0.0892328445914051,"m"
2508,-1.73339950135033,15.5485883094088,0.0892526953327573,"m"
2509,-1.73366454840398,15.5488769745576,0.0892725527727131,"m"
2510,-1.73392775663555,15.5491655501034,0.0892924170790874,"m"
2511,-1.73418913747207,15.5494541550815,0.0893122884196951,"m"
2512,-1.73444870234057,15.5497429085273,0.0893321669623508,"m"
2513,-1.73470646266806,15.5500319294761,0.0893520528748695,"m"
2514,-1.73496242988157,15.5503213369632,0.0893719463250659,"m"
2515,-1.73521661540813,15.5506112500239,0.0893918474807548,"m"
2516,-1.73546903067476,15.5509017876936,0.0894117565097511,"m"
2517,-1.73571968710848,15.5511930690076,0.0894316735798696,"m"
2518,-1.73596859613633,15.5514852130011,0.0894515988589251,"m"
2519,-1.73621576918531,15.5517783387096,0.0894715325147325,"m"
2520,-1.73646121768247,15.5520725651683,0.0894914747151064,"m"
2521,-1.73670495305481,15.5523680114126,0.0895114256278618,"m"
2522,-1.73694698672937,15.5526647964778,0.0895313854208135,"m"
2523,-1.73718733013317,15.5529630393991,0.0895513542617762,"m"
2524,-1.73742599469324,15.5532628592121,0.0895713323185649,"m"
2525,-1.73766299183659,15.5535643749518,0.0895913197589942,"m"
2526,-1.73789833299025,15.5538677056538,0.0896113167508791,"m"
2527,-1.73813203356304,15.5541729657015,0.0896313234504731,"m"
2528,-1.73836417742147,15.5544801895027,0.0896513398152626,"m"
2529,-1.73859490607619,15.5547893441219,0.0896713656353638,"m"
2530,-1.73882436283688,15.5551003945222,0.0896914006956692,"m"
2531,-1.73905269101324,15.5554133056666,0.0897114447810714,"m"
2532,-1.73928003391494,15.5557280425179,0.0897314976764632,"m"
2533,-1.73950653485167,15.5560445700392,0.0897515591667372,"m"
2534,-1.73973233713312,15.5563628531934,0.0897716290367859,"m"
2535,-1.73995758406896,15.5566828569435,0.0897917070715021,"m"
2536,-1.74018241896889,15.5570045462525,0.0898117930557784,"m"
2537,-1.74040698514258,15.5573278860833,0.0898318867745074,"m"
2538,-1.74063142589971,15.5576528413988,0.0898519880125817,"m"
2539,-1.74085588454999,15.5579793771622,0.0898720965548941,"m"
2540,-1.74108050440308,15.5583074583362,0.0898922121863371,"m"
2541,-1.74130542876867,15.558637049884,0.0899123346918033,"m"
2542,-1.74153080095645,15.5589681167683,0.0899324638561856,"m"
2543,-1.7417567642761,15.5593006239523,0.0899525994643763,"m"
2544,-1.7419834620373,15.5596345363989,0.0899727413012683,"m"
2545,-1.74221103754973,15.559969819071,0.0899928891517541,"m"
2546,-1.74243963412309,15.5603064369317,0.0900130428007264,"m"
2547,-1.74266939506706,15.5606443549438,0.0900332020330778,"m"
2548,-1.74290046369131,15.5609835380703,0.090053366633701,"m"
2549,-1.74313298330554,15.5613239512743,0.0900735363874886,"m"
2550,-1.74336709721943,15.5616655595186,0.0900937110793332,"m"
2551,-1.74360294874265,15.5620083277663,0.0901138904941275,"m"
2552,-1.7438406811849,15.5623522209802,0.0901340744167641,"m"
2553,-1.74408043785586,15.5626972041235,0.0901542626321357,"m"
2554,-1.74432236206522,15.5630432421589,0.0901744549251349,"m"
2555,-1.74456659712265,15.5633903000496,0.0901946510806543,"m"
2556,-1.74481328633784,15.5637383427584,0.0902148508835866,"m"
2557,-1.74506257218713,15.5640873353332,0.0902350541171346,"m"
2558,-1.74531449631199,15.5644372530855,0.0902552603600341,"m"
2559,-1.74556890451755,15.5647880912607,0.0902754687939154,"m"
2560,-1.74582562010861,15.5651398473943,0.090295678554784,"m"
2561,-1.74608446638996,15.5654925190221,0.0903158887786452,"m"
2562,-1.74634526666641,15.5658461036795,0.0903360986015046,"m"
2563,-1.74660784424275,15.5662005989023,0.0903563071593676,"m"
2564,-1.74687202242377,15.5665560022259,0.0903765135882396,"m"
2565,-1.74713762451427,15.5669123111861,0.0903967170241261,"m"
2566,-1.74740447381904,15.5672695233185,0.0904169166030325,"m"
2567,-1.74767239364289,15.5676276361586,0.0904371114609642,"m"
2568,-1.74794120729061,15.5679866472421,0.0904573007339267,"m"
2569,-1.748210738067,15.5683465541046,0.0904774835579255,"m"
2570,-1.74848080927684,15.5687073542817,0.090497659068966,"m"
2571,-1.74875124422495,15.569069045309,0.0905178264030536,"m"
2572,-1.74902186621611,15.569431624722,0.0905379846961938,"m"
2573,-1.74929249855512,15.5697950900566,0.090558133084392,"m"
2574,-1.74956296454677,15.5701594388481,0.0905782707036537,"m"
2575,-1.74983308749587,15.5705246686323,0.0905983966899842,"m"
2576,-1.7501026907072,15.5708907769448,0.0906185101793892,"m"
2577,-1.75037159748558,15.5712577613212,0.0906386103078739,"m"
2578,-1.75063963113578,15.571625619297,0.0906586962114439,"m"
2579,-1.75090661496261,15.571994348408,0.0906787670261045,"m"
2580,-1.75117237227086,15.5723639461896,0.0906988218878613,"m"
2581,-1.75143672636534,15.5727344101776,0.0907188599327197,"m"
2582,-1.75169950055083,15.5731057379075,0.090738880296685,"m"
2583,-1.75196051813213,15.5734779269149,0.0907588821157628,"m"
2584,-1.75221960241404,15.5738509747355,0.0907788645259586,"m"
2585,-1.75247657670135,15.5742248789049,0.0907988266632776,"m"
2586,-1.75273126429887,15.5745996369586,0.0908187676637255,"m"
2587,-1.75298348851138,15.5749752464324,0.0908386866633076,"m"
2588,-1.7532331123055,15.5753517069393,0.0908585831991166,"m"
2589,-1.75348019202574,15.5757290282228,0.0908784587638147,"m"
2590,-1.75372484286456,15.5761072231085,0.0908983154451742,"m"
2591,-1.75396718002825,15.5764863044232,0.0909181553311075,"m"
2592,-1.75420731872313,15.5768662849934,0.0909379805095273,"m"
2593,-1.75444537415552,15.5772471776457,0.0909577930683462,"m"
2594,-1.75468146153171,15.5776289952069,0.0909775950954768,"m"
2595,-1.75491569605803,15.5780117505033,0.0909973886788317,"m"
2596,-1.75514819294078,15.5783954563618,0.0910171759063235,"m"
2597,-1.75537906738628,15.5787801256088,0.0910369588658646,"m"
2598,-1.75560843460083,15.579165771071,0.0910567396453679,"m"
2599,-1.75583640979075,15.579552405575,0.0910765203327457,"m"
2600,-1.75606310816235,15.5799400419474,0.0910963030159107,"m"
2601,-1.75628864492194,15.5803286930149,0.0911160897827756,"m"
2602,-1.75651313527583,15.5807183716039,0.0911358827212529,"m"
2603,-1.75673669443033,15.5811090905412,0.0911556839192551,"m"
2604,-1.75695943759176,15.5815008626533,0.0911754954646949,"m"
2605,-1.75718147996642,15.5818937007669,0.0911953194454849,"m"
2606,-1.75740293676062,15.5822876177086,0.0912151579495376,"m"
2607,-1.75762392318068,15.5826826263049,0.0912350130647656,"m"
2608,-1.75784455443291,15.5830787393824,0.0912548868790816,"m"
2609,-1.75806494572361,15.5834759697679,0.0912747814803981,"m"
2610,-1.75828521225911,15.5838743302879,0.0912946989566277,"m"
2611,-1.7585054692457,15.5842738337689,0.091314641395683,"m"
2612,-1.75872583188971,15.5846744930377,0.0913346108854766,"m"
2613,-1.75894641539744,15.5850763209208,0.091354609513921,"m"
2614,-1.75916733497521,15.5854793302449,0.0913746393689289,"m"
2615,-1.75938870582932,15.5858835338364,0.0913947025384129,"m"
2616,-1.75961064316608,15.5862889445221,0.0914148011102855,"m"
2617,-1.75983326219182,15.5866955751286,0.0914349371724593,"m"
2618,-1.76005667769268,15.5871034384799,0.0914551128008606,"m"
2619,-1.76028095525336,15.5875125470982,0.0914753286677504,"m"
2620,-1.7605060657695,15.5879229129251,0.0914955827440143,"m"
2621,-1.76073196937772,15.5883345478363,0.0915158726935937,"m"
2622,-1.76095862621462,15.5887474637073,0.0915361961804302,"m"
2623,-1.7611859964168,15.5891616724136,0.0915565508684653,"m"
2624,-1.76141404012089,15.5895771858308,0.0915769344216404,"m"
2625,-1.76164271746348,15.5899940158346,0.0915973445038971,"m"
2626,-1.76187198858119,15.5904121743004,0.0916177787791769,"m"
2627,-1.76210181361061,15.5908316731039,0.0916382349114213,"m"
2628,-1.76233215268836,15.5912525241207,0.0916587105645718,"m"
2629,-1.76256296595105,15.5916747392262,0.0916792034025698,"m"
2630,-1.76279421353528,15.5920983302962,0.0916997110893569,"m"
2631,-1.76302585557766,15.5925233092061,0.0917202312888746,"m"
2632,-1.7632578522148,15.5929496878315,0.0917407616650645,"m"
2633,-1.76349016358331,15.5933774780481,0.0917612998818679,"m"
2634,-1.76372274981979,15.5938066917314,0.0917818436032264,"m"
2635,-1.76395557106085,15.594237340757,0.0918023904930815,"m"
2636,-1.7641885874431,15.5946694370004,0.0918229382153747,"m"
2637,-1.76442175910315,15.5951029923372,0.0918434844340475,"m"
2638,-1.7646550461776,15.595538018643,0.0918640268130415,"m"
2639,-1.76488840880306,15.5959745277934,0.091884563016298,"m"
2640,-1.76512180711614,15.596412531664,0.0919050907077587,"m"
2641,-1.76535520125345,15.5968520421303,0.091925607551365,"m"
2642,-1.76558855135159,15.5972930710678,0.0919461112110584,"m"
2643,-1.76582181754717,15.5977356303523,0.0919665993507804,"m"
2644,-1.76605495997681,15.5981797318592,0.0919870696344726,"m"
2645,-1.7662879387771,15.5986253874642,0.0920075197260764,"m"
2646,-1.76652071408466,15.5990726090428,0.0920279472895333,"m"
2647,-1.76675324603609,15.5995214084705,0.0920483499887849,"m"
2648,-1.766985494768,15.5999717976231,0.0920687254877726,"m"
2649,-1.767217429266,15.6004237743984,0.0920890719615164,"m"
2650,-1.76744906122957,15.6008772692261,0.092109390051993,"m"
2651,-1.7676804152292,15.601332192205,0.0921296811445523,"m"
2652,-1.76791151583803,15.6017884534298,0.0921499466246953,"m"
2653,-1.7681423876292,15.6022459629954,0.0921701878779235,"m"
2654,-1.76837305517582,15.6027046309965,0.0921904062897379,"m"
2655,-1.76860354305103,15.6031643675279,0.0922106032456399,"m"
2656,-1.76883387582797,15.6036250826844,0.0922307801311307,"m"
2657,-1.76906407807976,15.6040866865607,0.0922509383317114,"m"
2658,-1.76929417437954,15.6045490892517,0.0922710792328833,"m"
2659,-1.76952418930043,15.6050122008521,0.0922912042201477,"m"
2660,-1.76975414741557,15.6054759314567,0.0923113146790057,"m"
2661,-1.76998407329809,15.6059401911603,0.0923314119949586,"m"
2662,-1.77021399152112,15.6064048900576,0.0923514975535077,"m"
2663,-1.77044392665779,15.6068699382435,0.0923715727401541,"m"
2664,-1.77067390328123,15.6073352458126,0.092391638940399,"m"
2665,-1.77090394596458,15.6078007228598,0.0924116975397438,"m"
2666,-1.77113407928096,15.6082662794799,0.0924317499236896,"m"
2667,-1.77136432780351,15.6087318257677,0.0924517974777377,"m"
2668,-1.77159471610535,15.6091972718178,0.0924718415873893,"m"
2669,-1.77182526875962,15.6096625277251,0.0924918836381455,"m"
2670,-1.77205601033945,15.6101275035845,0.0925119250155078,"m"
2671,-1.77228696541797,15.6105921094905,0.0925319671049772,"m"
2672,-1.77251815856831,15.6110562555381,0.092552011292055,"m"
2673,-1.77274961436361,15.611519851822,0.0925720589622424,"m"
2674,-1.77298135737699,15.611982808437,0.0925921115010406,"m"
2675,-1.77321341218158,15.6124450354778,0.092612170293951,"m"
2676,-1.77344580335052,15.6129064430392,0.0926322367264747,"m"
2677,-1.77367855545693,15.6133669412161,0.0926523121841129,"m"
2678,-1.77391169307395,15.6138264401032,0.0926723980523668,"m"
2679,-1.77414523678553,15.6142848572217,0.0926924956415885,"m"
2680,-1.77437915232413,15.6147422122065,0.0927126052288264,"m"
2681,-1.77461336554302,15.6151985989336,0.0927327263398747,"m"
2682,-1.77484780139637,15.6156541129523,0.0927528584835916,"m"
2683,-1.7750823848384,15.6161088498121,0.0927730011688351,"m"
2684,-1.7753170408233,15.6165629050626,0.0927931539044634,"m"
2685,-1.77555169430527,15.6170163742533,0.0928133161993345,"m"
2686,-1.77578627023851,15.6174693529337,0.0928334875623065,"m"
2687,-1.77602069357721,15.6179219366532,0.0928536675022374,"m"
2688,-1.77625488927558,15.6183742209613,0.0928738555279854,"m"
2689,-1.77648878228782,15.6188263014076,0.0928940511484085,"m"
2690,-1.77672229756812,15.6192782735416,0.0929142538723648,"m"
2691,-1.77695536007068,15.6197302329127,0.0929344632087123,"m"
2692,-1.7771878947497,15.6201822750704,0.0929546786663092,"m"
2693,-1.77741982655938,15.6206344955643,0.0929748997540134,"m"
2694,-1.77765108045392,15.6210869899438,0.0929951259806832,"m"
2695,-1.77788158138752,15.6215398537585,0.0930153568551765,"m"
2696,-1.77811125431437,15.6219931825578,0.0930355918863515,"m"
2697,-1.77834002418867,15.6224470718912,0.0930558305830661,"m"
2698,-1.77856781596463,15.6229016173083,0.0930760724541786,"m"
2699,-1.77879455459644,15.6233569143585,0.0930963170085469,"m"
2700,-1.7790201650383,15.6238130585913,0.0931165637550292,"m"
2701,-1.77924457224441,15.6242701455562,0.0931368122024835,"m"
2702,-1.77946770116897,15.6247282708028,0.0931570618597678,"m"
2703,-1.77968947676617,15.6251875298804,0.0931773122357404,"m"
2704,-1.77990982399022,15.6256480183387,0.0931975628392591,"m"
2705,-1.78012866779531,15.6261098317271,0.0932178131791822,"m"
2706,-1.78034593313564,15.6265730655952,0.0932380627643677,"m"
2707,-1.78056154496542,15.6270378154923,0.0932583111036736,"m"
2708,-1.78077542823883,15.627504176968,0.0932785577059581,"m"
2709,-1.78098750791008,15.6279722455718,0.0932988020800792,"m"
2710,-1.78119773331741,15.628442102069,0.0933190437308121,"m"
2711,-1.78140617032492,15.6289137565738,0.0933392821434207,"m"
2712,-1.78161291956509,15.6293871981204,0.093359516797347,"m"
2713,-1.78181808167644,15.6298624157391,0.0933797471720324,"m"
2714,-1.78202175729753,15.6303393984601,0.0933999727469179,"m"
2715,-1.78222404706688,15.6308181353138,0.0934201930014447,"m"
2716,-1.78242505162305,15.6312986153306,0.093440407415054,"m"
2717,-1.78262487160456,15.6317808275406,0.0934606154671869,"m"
2718,-1.78282360764997,15.6322647609744,0.0934808166372847,"m"
2719,-1.7830213603978,15.6327504046621,0.0935010104047884,"m"
2720,-1.78321823048659,15.6332377476341,0.0935211962491392,"m"
2721,-1.7834143185549,15.6337267789208,0.0935413736497784,"m"
2722,-1.78360972524125,15.6342174875524,0.093561542086147,"m"
2723,-1.78380455118418,15.6347098625593,0.0935817010376862,"m"
2724,-1.78399889702224,15.6352038929718,0.0936018499838373,"m"
2725,-1.78419286339397,15.6356995678202,0.0936219884040413,"m"
2726,-1.7843865509379,15.6361968761349,0.0936421157777394,"m"
2727,-1.78458006029256,15.6366958069461,0.0936622315843728,"m"
2728,-1.78477349209652,15.6371963492842,0.0936823353033826,"m"
2729,-1.78496694698829,15.6376984921796,0.0937024264142101,"m"
2730,-1.78516052560642,15.6382022246624,0.0937225043962963,"m"
2731,-1.78535432858945,15.6387075357632,0.0937425687290825,"m"
2732,-1.78554845657593,15.6392144145121,0.0937626188920097,"m"
2733,-1.78574301020438,15.6397228499395,0.0937826543645193,"m"
2734,-1.78593809011335,15.6402328310758,0.0938026746260523,"m"
2735,-1.78613379694137,15.6407443469512,0.0938226791560498,"m"
2736,-1.78633023132699,15.641257386596,0.0938426674339531,"m"
2737,-1.78652749390875,15.6417719390407,0.0938626389392034,"m"
2738,-1.78672568532519,15.6422879933155,0.0938825931512417,"m"
2739,-1.78692490621484,15.6428055384508,0.0939025295495093,"m"
2740,-1.787125247813,15.6433245603546,0.0939224476749918,"m"
2741,-1.78732667369668,15.6438450025479,0.0939423479042025,"m"
2742,-1.78752905544162,15.6443667780041,0.0939622312158061,"m"
2743,-1.78773226259247,15.6448897990221,0.0939820986017607,"m"
2744,-1.78793616469386,15.6454139779007,0.0940019510540244,"m"
2745,-1.78814063129046,15.6459392269389,0.0940217895645553,"m"
2746,-1.7883455319269,15.6464654584355,0.0940416151253116,"m"
2747,-1.78855073614784,15.6469925846896,0.0940614287282515,"m"
2748,-1.78875611349792,15.6475205179999,0.094081231365333,"m"
2749,-1.78896153352178,15.6480491706654,0.0941010240285143,"m"
2750,-1.78916686576409,15.6485784549849,0.0941208077097536,"m"
2751,-1.78937197976948,15.6491082832575,0.094140583401009,"m"
2752,-1.78957674508259,15.649638567782,0.0941603520942386,"m"
2753,-1.78978103124809,15.6501692208572,0.0941801147814005,"m"
2754,-1.78998470781061,15.6507001547822,0.094199872454453,"m"
2755,-1.79018764431481,15.6512312818557,0.0942196261053541,"m"
2756,-1.79038971030532,15.6517625143768,0.0942393767260621,"m"
2757,-1.7905907753268,15.6522937646443,0.0942591253085349,"m"
2758,-1.7907907089239,15.6528249449571,0.0942788728447308,"m"
2759,-1.79098938064125,15.6533559676141,0.094298620326608,"m"
2760,-1.79118666002352,15.6538867449142,0.0943183687461245,"m"
2761,-1.79138241661534,15.6544171891564,0.0943381190952384,"m"
2762,-1.79157651996137,15.6549472126395,0.094357872365908,"m"
2763,-1.79176883960624,15.6554767276624,0.0943776295500914,"m"
2764,-1.79195924509462,15.6560056465241,0.0943973916397467,"m"
2765,-1.79214760597114,15.6565338815234,0.0944171596268321,"m"
2766,-1.79233379178045,15.6570613449592,0.0944369345033056,"m"
2767,-1.7925176720672,15.6575879491305,0.0944567172611255,"m"
2768,-1.79269911637604,15.6581136063362,0.0944765088922498,"m"
2769,-1.79287799425161,15.6586382288751,0.0944963103886368,"m"
2770,-1.7930541768251,15.659161729992,0.0945161227339238,"m"
2771,-1.79322764933617,15.6596840909569,0.0945359463132997,"m"
2772,-1.7933985857231,15.660205405532,0.0945557805223125,"m"
2773,-1.79356717762233,15.6607257780301,0.094575624663691,"m"
2774,-1.79373361667033,15.661245312764,0.0945954780401638,"m"
2775,-1.79389809450356,15.6617641140465,0.0946153399544599,"m"
2776,-1.79406080275847,15.6622822861904,0.0946352097093078,"m"
2777,-1.79422193307152,15.6627999335087,0.0946550866074365,"m"
2778,-1.79438167707918,15.6633171603139,0.0946749699515746,"m"
2779,-1.79454022641789,15.6638340709191,0.094694859044451,"m"
2780,-1.79469777272412,15.6643507696371,0.0947147531887944,"m"
2781,-1.79485450763433,15.6648673607805,0.0947346516873336,"m"
2782,-1.79501062278497,15.6653839486624,0.0947545538427973,"m"
2783,-1.7951663098125,15.6659006375954,0.0947744589579143,"m"
2784,-1.79532176035339,15.6664175318924,0.0947943663354133,"m"
2785,-1.79547716604408,15.6669347358662,0.0948142752780232,"m"
2786,-1.79563271852104,15.6674523538297,0.0948341850884727,"m"
2787,-1.79578860942073,15.6679704900957,0.0948540950694906,"m"
2788,-1.7959450303796,15.6684892489769,0.0948740045238056,"m"
2789,-1.79610217303411,15.6690087347862,0.0948939127541465,"m"
2790,-1.79626022902072,15.6695290518365,0.0949138190632421,"m"
2791,-1.79641938997589,15.6700503044405,0.0949337227538211,"m"
2792,-1.79657984753608,15.6705725969111,0.0949536231286123,"m"
2793,-1.79674179333774,15.671096033561,0.0949735194903445,"m"
2794,-1.79690541901734,15.6716207187032,0.0949934111417464,"m"
2795,-1.79707091621133,15.6721467566504,0.0950132973855469,"m"
2796,-1.79723847655617,15.6726742517155,0.0950331775244746,"m"
2797,-1.79740829168832,15.6732033082112,0.0950530508612583,"m"
2798,-1.79758055324424,15.6737340304504,0.0950729166986268,"m"
2799,-1.79775545286038,15.6742665227459,0.0950927743393089,"m"
2800,-1.79793318217321,15.6748008894105,0.0951126230860333,"m"
2801,-1.79811391698699,15.6753372288525,0.0951324622975084,"m"
2802,-1.79829762087651,15.67587556033,0.0951522920828461,"m"
2803,-1.79848410580453,15.6764158465576,0.0951721130872295,"m"
2804,-1.79867318045677,15.6769580490281,0.095191925967429,"m"
2805,-1.79886465351892,15.6775021292342,0.0952117313802149,"m"
2806,-1.7990583336767,15.6780480486685,0.0952315299823576,"m"
2807,-1.79925402961578,15.6785957688237,0.0952513224306273,"m"
2808,-1.79945155002189,15.6791452511924,0.0952711093817945,"m"
2809,-1.79965070358072,15.6796964572673,0.0952908914926295,"m"
2810,-1.79985129897797,15.680249348541,0.0953106694199027,"m"
2811,-1.80005314489934,15.6808038865063,0.0953304438203842,"m"
2812,-1.80025605003054,15.6813600326557,0.0953502153508446,"m"
2813,-1.80045982305725,15.681917748482,0.0953699846680541,"m"
2814,-1.8006642726652,15.6824769954777,0.0953897524287832,"m"
2815,-1.80086920754007,15.6830377351356,0.095409519289802,"m"
2816,-1.80107443636757,15.6835999289483,0.095429285907881,"m"
2817,-1.80127976783339,15.6841635384085,0.0954490529397905,"m"
2818,-1.80148501062325,15.6847285250088,0.0954688210423009,"m"
2819,-1.80168997342283,15.6852948502419,0.0954885908721824,"m"
2820,-1.80189446491785,15.6858624756005,0.0955083630862055,"m"
2821,-1.802098293794,15.6864313625771,0.0955281383411404,"m"
2822,-1.80230126873698,15.6870014726646,0.0955479172937576,"m"
2823,-1.8025031984325,15.6875727673554,0.0955677006008273,"m"
2824,-1.80270389156626,15.6881452081424,0.0955874889191199,"m"
2825,-1.80290315682395,15.6887187565181,0.0956072829054057,"m"
2826,-1.80310080289128,15.6892933739752,0.0956270832164551,"m"
2827,-1.80329663845394,15.6898690220064,0.0956468905090384,"m"
2828,-1.80349047219765,15.6904456621044,0.095666705439926,"m"
2829,-1.8036821128081,15.6910232557617,0.0956865286658882,"m"
2830,-1.80387136897099,15.6916017644711,0.0957063608436953,"m"
2831,-1.80405805100201,15.6921811499648,0.0957262026199895,"m"
2832,-1.80424208345926,15.6927613907677,0.0957460539315482,"m"
2833,-1.80442357814051,15.6933424929275,0.0957659135517033,"m"
2834,-1.80460266419961,15.6939244650429,0.0957857801459417,"m"
2835,-1.80477947079043,15.6945073157127,0.0958056523797502,"m"
2836,-1.80495412706683,15.6950910535357,0.0958255289186155,"m"
2837,-1.80512676218266,15.6956756871107,0.0958454084280247,"m"
2838,-1.80529750529177,15.6962612250365,0.0958652895734646,"m"
2839,-1.80546648554803,15.6968476759119,0.095885171020422,"m"
2840,-1.8056338321053,15.6974350483357,0.0959050514343837,"m"
2841,-1.80579967411743,15.6980233509067,0.0959249294808366,"m"
2842,-1.80596414073828,15.6986125922237,0.0959448038252677,"m"
2843,-1.8061273611217,15.6992027808854,0.0959646731331636,"m"
2844,-1.80628946442156,15.6997939254907,0.0959845360700114,"m"
2845,-1.80645057979171,15.7003860346383,0.0960043913012977,"m"
2846,-1.80661083638602,15.7009791169271,0.0960242374925096,"m"
2847,-1.80677036335833,15.7015731809558,0.0960440733091339,"m"
2848,-1.8069292898625,15.7021682353232,0.0960638974166573,"m"
2849,-1.8070877450524,15.7027642886281,0.0960837084805668,"m"
2850,-1.80724585808188,15.7033613494694,0.0961035051663492,"m"
2851,-1.8074037581048,15.7039594264458,0.0961232861394913,"m"
2852,-1.80756157427501,15.7045585281561,0.0961430500654801,"m"
2853,-1.80771943574638,15.7051586631991,0.0961627956098024,"m"
2854,-1.80787747167275,15.7057598401736,0.096182521437945,"m"
2855,-1.808035811208,15.7063620676783,0.0962022262153948,"m"
2856,-1.80819458350597,15.7069653543121,0.0962219086076386,"m"
2857,-1.80835391772053,15.7075697086738,0.0962415672801633,"m"
2858,-1.80851394300553,15.7081751393622,0.0962612008984558,"m"
2859,-1.80867478851482,15.708781654976,0.0962808081280029,"m"
2860,-1.80883658340228,15.7093892641141,0.0963003876342914,"m"
2861,-1.80899945682175,15.7099979753752,0.0963199380828083,"m"
2862,-1.8091634966054,15.7106077885456,0.0963394585286514,"m"
2863,-1.80932862364265,15.7112186678086,0.0963589496009771,"m"
2864,-1.80949471666907,15.7118305683574,0.096378412326399,"m"
2865,-1.80966165442023,15.7124434453853,0.0963978477315305,"m"
2866,-1.80982931563171,15.7130572540854,0.0964172568429853,"m"
2867,-1.80999757903907,15.7136719496511,0.096436640687377,"m"
2868,-1.81016632337789,15.7142874872756,0.0964560002913191,"m"
2869,-1.81033542738374,15.7149038221521,0.0964753366814251,"m"
2870,-1.8105047697922,15.7155209094739,0.0964946508843086,"m"
2871,-1.81067422933883,15.7161387044342,0.0965139439265831,"m"
2872,-1.81084368475922,15.7167571622263,0.0965332168348624,"m"
2873,-1.81101301478892,15.7173762380434,0.0965524706357598,"m"
2874,-1.81118209816351,15.7179958870788,0.0965717063558889,"m"
2875,-1.81135081361858,15.7186160645257,0.0965909250218634,"m"
2876,-1.81151903988968,15.7192367255774,0.0966101276602967,"m"
2877,-1.81168665571239,15.7198578254271,0.0966293152978025,"m"
2878,-1.81185353982228,15.7204793192681,0.0966484889609943,"m"
2879,-1.81201957095493,15.7211011622935,0.0966676496764856,"m"
2880,-1.8121846278459,15.7217233096968,0.09668679847089,"m"
2881,-1.81234858923078,15.722345716671,0.0967059363708211,"m"
2882,-1.81251133384513,15.7229683384095,0.0967250644028925,"m"
2883,-1.81267274042452,15.7235911301055,0.0967441835937176,"m"
2884,-1.81283268770453,15.7242140469522,0.0967632949699101,"m"
2885,-1.81299105442074,15.7248370441429,0.0967823995580836,"m"
2886,-1.8131477193087,15.7254600768709,0.0968014983848514,"m"
2887,-1.813302561104,15.7260831003293,0.0968205924768274,"m"
2888,-1.8134554585422,15.7267060697115,0.0968396828606249,"m"
2889,-1.81360629035888,15.7273289402107,0.0968587705628576,"m"
2890,-1.81375493528962,15.7279516670201,0.096877856610139,"m"
2891,-1.81390127206998,15.728574205333,0.0968969420290827,"m"
2892,-1.8140451809831,15.7291965108684,0.0969160278419135,"m"
2893,-1.81418664804199,15.7298185752698,0.0969351147710226,"m"
2894,-1.81432583100784,15.7304404485365,0.0969542030517492,"m"
2895,-1.81446290337515,15.7310621860133,0.0969732928748153,"m"
2896,-1.81459803863844,15.7316838430454,0.0969923844309429,"m"
2897,-1.81473141029222,15.7323054749777,0.0970114779108539,"m"
2898,-1.81486319183101,15.7329271371553,0.0970305735052703,"m"
2899,-1.81499355674932,15.7335488849231,0.0970496714049141,"m"
2900,-1.81512267854167,15.7341707736261,0.0970687718005072,"m"
2901,-1.81525073070256,15.7347928586094,0.0970878748827716,"m"
2902,-1.81537788672651,15.7354151952179,0.0971069808424293,"m"
2903,-1.81550432010804,15.7360378387967,0.0971260898702022,"m"
2904,-1.81563020434166,15.7366608446907,0.0971452021568124,"m"
2905,-1.81575571292188,15.7372842682451,0.0971643178929817,"m"
2906,-1.81588101934322,15.7379081648047,0.0971834372694322,"m"
2907,-1.8160062971002,15.7385325897146,0.0972025604768857,"m"
2908,-1.81613171968731,15.7391575983197,0.0972216877060644,"m"
2909,-1.81625746059909,15.7397832459652,0.09724081914769,"m"
2910,-1.81638369333004,15.7404095879959,0.0972599549924847,"m"
2911,-1.81651059137467,15.741036679757,0.0972790954311704,"m"
2912,-1.81663832822751,15.7416645765934,0.097298240654469,"m"
2913,-1.81676707738306,15.74229333385,0.0973173908531026,"m"
2914,-1.81689701233585,15.742923006872,0.097336546217793,"m"
2915,-1.81702830658037,15.7435536510043,0.0973557069392622,"m"
2916,-1.81716113361115,15.744185321592,0.0973748732082323,"m"
2917,-1.8172956669227,15.7448180739799,0.0973940452154251,"m"
2918,-1.81743208000954,15.7454519635133,0.0974132231515628,"m"
2919,-1.81757054636617,15.7460870455369,0.0974324072073671,"m"
2920,-1.81771123948712,15.7467233753959,0.0974515975735601,"m"
2921,-1.81785433286689,15.7473610084353,0.0974707944408637,"m"
2922,-1.818,15.748,0.097489998,"m"
2923,-1.81814835965157,15.7486403946886,0.0975092082149136,"m"
2924,-1.81829931166912,15.7492821941135,0.0975284241424405,"m"
2925,-1.81845270117078,15.7499253891406,0.0975476446126393,"m"
2926,-1.81860837327467,15.750569970636,0.0975668684555686,"m"
2927,-1.81876617309893,15.7512159294656,0.0975860945012872,"m"
2928,-1.81892594576168,15.7518632564953,0.0976053215798536,"m"
2929,-1.81908753638104,15.7525119425911,0.0976245485213266,"m"
2930,-1.81925079007515,15.753161978619,0.0976437741557648,"m"
2931,-1.81941555196214,15.7538133554448,0.0976629973132268,"m"
2932,-1.81958166716013,15.7544660639347,0.0976822168237713,"m"
2933,-1.81974898078724,15.7551200949544,0.097701431517457,"m"
2934,-1.81991733796161,15.75577543937,0.0977206402243426,"m"
2935,-1.82008658380136,15.7564320880474,0.0977398417744866,"m"
2936,-1.82025656342462,15.7570900318526,0.0977590349979477,"m"
2937,-1.82042712194952,15.7577492616515,0.0977782187247847,"m"
2938,-1.82059810449418,15.7584097683101,0.0977973917850561,"m"
2939,-1.82076935617674,15.7590715426943,0.0978165530088206,"m"
2940,-1.82094072211531,15.7597345756701,0.097835701226137,"m"
2941,-1.82111204742804,15.7603988581035,0.0978548352670637,"m"
2942,-1.82128317723303,15.7610643808603,0.0978739539616595,"m"
2943,-1.82145395664843,15.7617311348067,0.0978930561399831,"m"
2944,-1.82162423079236,15.7623991108084,0.0979121406320931,"m"
2945,-1.82179384478294,15.7630682997315,0.0979312062680482,"m"
2946,-1.82196264373831,15.7637386924419,0.097950251877907,"m"
2947,-1.82213047277659,15.7644102798056,0.0979692762917282,"m"
2948,-1.82229717701591,15.7650830526885,0.0979882783395704,"m"
2949,-1.82246260157439,15.7657570019566,0.0980072568514923,"m"
2950,-1.82262659157017,15.7664321184759,0.0980262106575526,"m"
2951,-1.82278899212137,15.7671083931122,0.0980451385878099,"m"
2952,-1.82294964834611,15.7677858167316,0.0980640394723229,"m"
2953,-1.82310841401569,15.7684643768327,0.0980829122508341,"m"
2954,-1.82326523736088,15.7691440241561,0.0981017570604149,"m"
2955,-1.82342012476268,15.769824686814,0.0981205747752248,"m"
2956,-1.82357308345321,15.770506292587,0.0981393662802119,"m"
2957,-1.82372412066462,15.7711887692562,0.0981581324603243,"m"
2958,-1.82387324362904,15.7718720446022,0.0981768742005102,"m"
2959,-1.82402045957861,15.7725560464059,0.0981955923857176,"m"
2960,-1.82416577574545,15.7732407024482,0.0982142879008946,"m"
2961,-1.82430919936171,15.7739259405098,0.0982329616309894,"m"
2962,-1.82445073765953,15.7746116883716,0.09825161446095,"m"
2963,-1.82459039787102,15.7752978738145,0.0982702472757246,"m"
2964,-1.82472818722834,15.7759844246193,0.0982888609602613,"m"
2965,-1.82486411296361,15.7766712685667,0.0983074563995082,"m"
2966,-1.82499818230897,15.7773583334376,0.0983260344784134,"m"
2967,-1.82513040249655,15.7780455470129,0.098344596081925,"m"
2968,-1.8252607807585,15.7787328370734,0.0983631420949911,"m"
2969,-1.82538932432694,15.7794201313999,0.0983816734025598,"m"
2970,-1.82551604043401,15.7801073577732,0.0984001908895793,"m"
2971,-1.82564093631184,15.7807944439742,0.0984186954409975,"m"
2972,-1.82576401919258,15.7814813177837,0.0984371879417628,"m"
2973,-1.82588529630834,15.7821679069826,0.0984556692768231,"m"
2974,-1.82600477489128,15.7828541393515,0.0984741403311265,"m"
2975,-1.82612246217353,15.7835399426715,0.0984926019896213,"m"
2976,-1.82623836538721,15.7842252447233,0.0985110551372554,"m"
2977,-1.82635249176447,15.7849099732877,0.098529500658977,"m"
2978,-1.82646484853743,15.7855940561456,0.0985479394397343,"m"
2979,-1.82657544293824,15.7862774210778,0.0985663723644752,"m"
2980,-1.82668428219903,15.7869599958652,0.0985848003181479,"m"
2981,-1.82679137355194,15.7876417082885,0.0986032241857006,"m"
2982,-1.82689672422909,15.7883224861286,0.0986216448520813,"m"
2983,-1.82700034146263,15.7890022571663,0.0986400632022382,"m"
2984,-1.82710225584637,15.7896809941022,0.0986584800562045,"m"
2985,-1.82720259049393,15.7903588475339,0.0986768959769297,"m"
2986,-1.8273014914194,15.7910360120916,0.0986953114637301,"m"
2987,-1.8273991046369,15.791712682406,0.098713727015922,"m"
2988,-1.82749557616054,15.7923890531074,0.0987321431328214,"m"
2989,-1.82759105200444,15.7930653188263,0.0987505603137447,"m"
2990,-1.8276856781827,15.7937416741932,0.0987689790580079,"m"
2991,-1.82777960070943,15.7944183138386,0.0987873998649274,"m"
2992,-1.82787296559874,15.7950954323929,0.0988058232338193,"m"
2993,-1.82796591886475,15.7957732244865,0.0988242496639998,"m"
2994,-1.82805860652156,15.79645188475,0.0988426796547851,"m"
2995,-1.82815117458328,15.7971316078138,0.0988611137054915,"m"
2996,-1.82824376906404,15.7978125883083,0.0988795523154351,"m"
2997,-1.82833653597793,15.7984950208641,0.0988979959839322,"m"
2998,-1.82842962133906,15.7991791001116,0.0989164452102989,"m"
2999,-1.82852317116155,15.7998650206812,0.0989349004938514,"m"
3000,-1.82861733145951,15.8005529772034,0.098953362333906,"m"
3001,-1.82871224824705,15.8012431643087,0.0989718312297789,"m"
3002,-1.82880806753828,15.8019357766276,0.0989903076807862,"m"
3003,-1.82890493534731,15.8026310087904,0.0990087921862443,"m"
3004,-1.82900299768825,15.8033290554277,0.0990272852454691,"m"
3005,-1.82910240057521,15.80403011117,0.0990457873577771,"m"
3006,-1.8292032900223,15.8047343706476,0.0990642990224844,"m"
3007,-1.82930581204363,15.8054420284911,0.0990828207389071,"m"
3008,-1.82941011265332,15.8061532793309,0.0991013530063616,"m"
3009,-1.82951633786546,15.8068683177975,0.0991198963241639,"m"
3010,-1.82962463369419,15.8075873385213,0.0991384511916303,"m"
3011,-1.82973514615359,15.8083105361329,0.0991570181080771,"m"
3012,-1.82984802125779,15.8090381052626,0.0991755975728204,"m"
3013,-1.8299634050209,15.8097702405409,0.0991941900851764,"m"
3014,-1.83008142617584,15.8105071082423,0.0992127959975694,"m"
3015,-1.83020202702394,15.8112485687317,0.0992314140777353,"m"
3016,-1.83032503611715,15.8119942957269,0.0992500421265278,"m"
3017,-1.83045028038447,15.8127439602825,0.0992686779310058,"m"
3018,-1.83057758675488,15.813497233453,0.0992873192782277,"m"
3019,-1.83070678215739,15.814253786293,0.0993059639552524,"m"
3020,-1.83083769352099,15.8150132898572,0.0993246097491384,"m"
3021,-1.83097014777468,15.8157754152001,0.0993432544469444,"m"
3022,-1.83110397184746,15.8165398333763,0.0993618958357291,"m"
3023,-1.83123899266832,15.8173062154405,0.099380531702551,"m"
3024,-1.83137503716626,15.8180742324471,0.099399159834469,"m"
3025,-1.83151193227027,15.818843555451,0.0994177780185416,"m"
3026,-1.83164950490936,15.8196138555065,0.0994363840418274,"m"
3027,-1.83178758201251,15.8203848036683,0.0994549756913852,"m"
3028,-1.83192599050873,15.8211560709911,0.0994735507542736,"m"
3029,-1.83206455732701,15.8219273285294,0.0994921070175512,"m"
3030,-1.83220310939635,15.8226982473377,0.0995106422682767,"m"
3031,-1.83234147364574,15.8234684984708,0.0995291542935088,"m"
3032,-1.83247947700418,15.8242377529832,0.0995476408803061,"m"
3033,-1.83261694640067,15.8250056819295,0.0995660998157273,"m"
3034,-1.8327537087642,15.8257719563643,0.0995845288868309,"m"
3035,-1.83288959102378,15.8265362473421,0.0996029258806758,"m"
3036,-1.83302442010839,15.8272982259177,0.0996212885843206,"m"
3037,-1.83315802294703,15.8280575631455,0.0996396147848238,"m"
3038,-1.8332902264687,15.8288139300803,0.0996579022692441,"m"
3039,-1.83342085760239,15.8295669977765,0.0996761488246403,"m"
3040,-1.83354974327711,15.8303164372888,0.099694352238071,"m"
3041,-1.83367671042185,15.8310619196717,0.0997125102965947,"m"
3042,-1.8338015859656,15.83180311598,0.0997306207872703,"m"
3043,-1.83392419683737,15.8325396972681,0.0997486814971562,"m"
3044,-1.83404437237393,15.8332713409554,0.0997666902550167,"m"
3045,-1.83416205330646,15.833998018923,0.0997846468190856,"m"
3046,-1.83427733629827,15.8347201152452,0.0998025536485078,"m"
3047,-1.83439032964511,15.8354380447456,0.0998204134039142,"m"
3048,-1.83450114164272,15.836152222248,0.0998382287459359,"m"
3049,-1.83460988058684,15.8368630625761,0.0998560023352038,"m"
3050,-1.83471665477322,15.8375709805534,0.099873736832349,"m"
3051,-1.83482157249759,15.8382763910038,0.0998914348980025,"m"
3052,-1.8349247420557,15.8389797087509,0.0999090991927952,"m"
3053,-1.83502627174331,15.8396813486183,0.0999267323773582,"m"
3054,-1.83512626985614,15.8403817254299,0.0999443371123226,"m"
3055,-1.83522484468994,15.8410812540092,0.0999619160583192,"m"
3056,-1.83532210454045,15.8417803491799,0.099979471875979,"m"
3057,-1.83541815770343,15.8424794257658,0.0999970072259332,"m"
3058,-1.83551311247461,15.8431788985905,0.100014524768813,"m"
3059,-1.83560707714973,15.8438791824778,0.100032027165248,"m"
3060,-1.83570016002454,15.8445806922512,0.100049517075872,"m"
3061,-1.83579246939478,15.8452838427345,0.100066997161313,"m"
3062,-1.8358841135562,15.8459890487514,0.100084470082204,"m"
3063,-1.83597520080453,15.8466967251256,0.100101938499175,"m"
3064,-1.83606583943553,15.8474072866807,0.100119405072857,"m"
3065,-1.83615613774493,15.8481211482405,0.100136872463882,"m"
3066,-1.83624620402848,15.8488387246285,0.10015434333288,"m"
3067,-1.83633614658193,15.8495604306686,0.100171820340482,"m"
3068,-1.836426073701,15.8502866811844,0.10018930614732,"m"
3069,-1.83651609368146,15.8510178909996,0.100206803414024,"m"
3070,-1.83660631481904,15.8517544749378,0.100224314801225,"m"
3071,-1.83669684540948,15.8524968478228,0.100241842969555,"m"
3072,-1.83678779374853,15.8532454244783,0.100259390579644,"m"
3073,-1.83687926813193,15.8540006197279,0.100276960292123,"m"
3074,-1.83697137685543,15.8547628483953,0.100294554767624,"m"
3075,-1.83706422029014,15.8555324815617,0.100312176437349,"m"
3076,-1.83715781431468,15.8563094239244,0.100329825286331,"m"
3077,-1.83725212371393,15.857093298152,0.100347499820372,"m"
3078,-1.83734711256239,15.8578837229923,0.100365198524709,"m"
3079,-1.83744274493454,15.8586803171928,0.100382919884576,"m"
3080,-1.8375389849049,15.859482699501,0.100400662385209,"m"
3081,-1.83763579654794,15.8602904886646,0.100418424511844,"m"
3082,-1.83773314393817,15.861103303431,0.100436204749716,"m"
3083,-1.83783099115007,15.861920762548,0.100454001584061,"m"
3084,-1.83792930225815,15.862742484763,0.100471813500114,"m"
3085,-1.83802804133689,15.8635680888236,0.100489638983111,"m"
3086,-1.8381271724608,15.8643971934774,0.100507476518287,"m"
3087,-1.83822665970436,15.865229417472,0.100525324590879,"m"
3088,-1.83832646714207,15.866064379555,0.10054318168612,"m"
3089,-1.83842655884842,15.8669016984738,0.100561046289248,"m"
3090,-1.83852689889791,15.8677409929761,0.100578916885498,"m"
3091,-1.83862745136504,15.8685818818095,0.100596791960104,"m"
3092,-1.83872818032429,15.8694239837216,0.100614669998303,"m"
3093,-1.83882904985016,15.8702669174598,0.10063254948533,"m"
3094,-1.83893002401714,15.8711103017718,0.100650428906422,"m"
3095,-1.83903106689974,15.8719537554052,0.100668306746812,"m"
3096,-1.83913214257243,15.8727968971074,0.100686181491737,"m"
3097,-1.83923321510973,15.8736393456262,0.100704051626433,"m"
3098,-1.83933424858612,15.8744807197091,0.100721915636134,"m"
3099,-1.83943520707609,15.8753206381036,0.100739772006077,"m"
3100,-1.83953605465415,15.8761587195573,0.100757619221497,"m"
3101,-1.83963675539478,15.8769945828178,0.10077545576763,"m"
3102,-1.83973727337248,15.8778278466326,0.100793280129711,"m"
3103,-1.83983757266174,15.8786581297494,0.100811090792975,"m"
3104,-1.83993761733706,15.8794850509157,0.100828886242659,"m"
3105,-1.84003737201757,15.8803082339122,0.100846664975815,"m"
3106,-1.84013682599261,15.8811275304992,0.10086442602484,"m"
3107,-1.84023600278315,15.8819431087754,0.100882169164947,"m"
3108,-1.84033492843166,15.8827551601408,0.100899894226069,"m"
3109,-1.84043362898063,15.8835638759952,0.100917601038137,"m"
3110,-1.84053213047251,15.8843694477386,0.100935289431084,"m"
3111,-1.84063045894977,15.885172066771,0.100952959234841,"m"
3112,-1.8407286404549,15.8859719244921,0.100970610279339,"m"
3113,-1.84082670103034,15.8867692123021,0.100988242394511,"m"
3114,-1.84092466671859,15.8875641216007,0.101005855410287,"m"
3115,-1.8410225635621,15.888356843788,0.101023449156601,"m"
3116,-1.84112041760335,15.8891475702639,0.101041023463383,"m"
3117,-1.8412182548848,15.8899364924282,0.101058578160566,"m"
3118,-1.84131610144893,15.8907238016809,0.10107611307808,"m"
3119,-1.8414139833382,15.8915096894219,0.101093628045858,"m"
3120,-1.84151192659509,15.8922943470512,0.101111122893832,"m"
3121,-1.84160995726207,15.8930779659687,0.101128597451933,"m"
3122,-1.8417081013816,15.8938607375743,0.101146051550092,"m"
3123,-1.84180638499615,15.894642853268,0.101163485018243,"m"
3124,-1.8419048341482,15.8954245044496,0.101180897686315,"m"
3125,-1.84200347488022,15.8962058825191,0.101198289384242,"m"
3126,-1.84210233323467,15.8969871788764,0.101215659941954,"m"
3127,-1.84220143525402,15.8977685849215,0.101233009189384,"m"
3128,-1.84230080698075,15.8985502920543,0.101250336956463,"m"
3129,-1.84240047445732,15.8993324916746,0.101267643073122,"m"
3130,-1.84250046372621,15.9001153751825,0.101284927369295,"m"
3131,-1.84260080082988,15.9008991339778,0.101302189674912,"m"
3132,-1.84270151181081,15.9016839594605,0.101319429819905,"m"
3133,-1.84280262271146,15.9024700430306,0.101336647634205,"m"
3134,-1.8429041595743,15.9032575760878,0.101353842947745,"m"
3135,-1.84300614843833,15.904046750025,0.101371015590493,"m"
3136,-1.84310859539505,15.9048377145163,0.101388165598023,"m"
3137,-1.84321143968225,15.9056304794175,0.10140529369501,"m"
3138,-1.84331460654795,15.9064250253261,0.101422400750323,"m"
3139,-1.84341802124019,15.9072213328395,0.101439487632834,"m"
3140,-1.84352160900701,15.9080193825552,0.101456555211416,"m"
3141,-1.84362529509646,15.9088191550706,0.101473604354938,"m"
3142,-1.84372900475656,15.9096206309832,0.101490635932273,"m"
3143,-1.84383266323537,15.9104237908904,0.101507650812291,"m"
3144,-1.84393619578091,15.9112286153898,0.101524649863865,"m"
3145,-1.84403952764123,15.9120350850786,0.101541633955865,"m"
3146,-1.84414258406437,15.9128431805546,0.101558603957164,"m"
3147,-1.84424529029836,15.9136528824149,0.101575560736631,"m"
3148,-1.84434757159125,15.9144641712572,0.101592505163139,"m"
3149,-1.84444935319107,15.9152770276789,0.101609438105559,"m"
3150,-1.84455056034586,15.9160914322775,0.101626360432763,"m"
3151,-1.84465111830367,15.9169073656503,0.101643273013621,"m"
3152,-1.84475095231252,15.9177248083949,0.101660176717006,"m"
3153,-1.84484998762046,15.9185437411087,0.101677072411788,"m"
3154,-1.84494814947553,15.9193641443892,0.101693960966839,"m"
3155,-1.84504536312577,15.9201859988338,0.10171084325103,"m"
3156,-1.84514155381921,15.9210092850401,0.101727720133232,"m"
3157,-1.8452366468039,15.9218339836053,0.101744592482318,"m"
3158,-1.84533056732787,15.9226600751271,0.101761461167158,"m"
3159,-1.84542324063916,15.9234875402028,0.101778327056624,"m"
3160,-1.84551459198582,15.9243163594299,0.101795191019586,"m"
3161,-1.84560454661587,15.925146513406,0.101812053924918,"m"
3162,-1.84569302977737,15.9259779827283,0.101828916641489,"m"
3163,-1.84577996671834,15.9268107479945,0.101845780038171,"m"
3164,-1.84586528268684,15.9276447898018,0.101862644983836,"m"
3165,-1.84594890293089,15.9284800887479,0.101879512347355,"m"
3166,-1.84603075407315,15.9293166257451,0.101896382983501,"m"
3167,-1.84611082371132,15.9301543956733,0.101913257121719,"m"
3168,-1.84618918331045,15.9309934126242,0.101930134131349,"m"
3169,-1.84626591043505,15.9318336920869,0.101947013319177,"m"
3170,-1.84634108264959,15.93267524955,0.101963893991991,"m"
3171,-1.8464147775186,15.9335181005026,0.101980775456578,"m"
3172,-1.84648707260657,15.9343622604336,0.101997657019725,"m"
3173,-1.84655804547798,15.9352077448318,0.10201453798822,"m"
3174,-1.84662777369736,15.9360545691861,0.10203141766885,"m"
3175,-1.84669633482918,15.9369027489855,0.102048295368402,"m"
3176,-1.84676380643796,15.9377522997188,0.102065170393663,"m"
3177,-1.84683026608819,15.9386032368749,0.102082042051421,"m"
3178,-1.84689579134437,15.9394555759427,0.102098909648462,"m"
3179,-1.846960459771,15.9403093324112,0.102115772491574,"m"
3180,-1.84702434893257,15.9411645217692,0.102132629887544,"m"
3181,-1.84708753639359,15.9420211595056,0.10214948114316,"m"
3182,-1.84715009971856,15.9428792611094,0.102166325565209,"m"
3183,-1.84721211647197,15.9437388420693,0.102183162460477,"m"
3184,-1.84727366421832,15.9445999178744,0.102199991135752,"m"
3185,-1.84733482052212,15.9454625040135,0.102216810897821,"m"
3186,-1.84739566294786,15.9463266159755,0.102233621053472,"m"
3187,-1.84745626906003,15.9471922692493,0.102250420909492,"m"
3188,-1.84751671642315,15.9480594793238,0.102267209772668,"m"
3189,-1.8475770826017,15.9489282616879,0.102283986949787,"m"
3190,-1.84763744516018,15.9497986318304,0.102300751747636,"m"
3191,-1.84769788166311,15.9506706052404,0.102317503473003,"m"
3192,-1.84775846967496,15.9515441974067,0.102334241432674,"m"
3193,-1.84781928676025,15.9524194238182,0.102350964933438,"m"
3194,-1.84788041048347,15.9532962999637,0.102367673282081,"m"
3195,-1.84794191840912,15.9541748413323,0.102384365785391,"m"
3196,-1.8480038880974,15.9550550634078,0.102401041750205,"m"
3197,-1.84806637597856,15.9559369576716,0.102417700732723,"m"
3198,-1.8481293683611,15.9568204359494,0.102434343116675,"m"
3199,-1.84819283702641,15.957705393565,0.102450969457231,"m"
3200,-1.84825675375589,15.9585917258417,0.10246758030956,"m"
3201,-1.84832109033094,15.9594793281034,0.102484176228831,"m"
3202,-1.84838581853293,15.9603680956736,0.102500757770214,"m"
3203,-1.84845091014328,15.9612579238758,0.102517325488878,"m"
3204,-1.84851633694337,15.9621487080338,0.102533879939993,"m"
3205,-1.84858207071459,15.9630403434711,0.102550421678728,"m"
3206,-1.84864808323835,15.9639327255113,0.102566951260251,"m"
3207,-1.84871434629604,15.964825749478,0.102583469239734,"m"
3208,-1.84878083166904,15.9657193106949,0.102599976172344,"m"
3209,-1.84884751113876,15.9666133044855,0.102616472613252,"m"
3210,-1.84891435648659,15.9675076261735,0.102632959117626,"m"
3211,-1.84898133949393,15.9684021710824,0.102649436240637,"m"
3212,-1.84904843194216,15.9692968345359,0.102665904537453,"m"
3213,-1.84911560561268,15.9701915118576,0.102682364563244,"m"
3214,-1.84918283228689,15.9710860983711,0.10269881687318,"m"
3215,-1.84925008374618,15.9719804894,0.102715262022429,"m"
3216,-1.84931733177194,15.9728745802679,0.102731700566161,"m"
3217,-1.84938454814557,15.9737682662984,0.102748133059545,"m"
3218,-1.84945170464846,15.9746614428151,0.102764560057751,"m"
3219,-1.84951877306201,15.9755540051416,0.102780982115949,"m"
3220,-1.84958572516762,15.9764458486016,0.102797399789307,"m"
3221,-1.84965253274666,15.9773368685187,0.102813813632995,"m"
3222,-1.84971916758055,15.9782269602164,0.102830224202182,"m"
3223,-1.84978560145067,15.9791160190183,0.102846632052038,"m"
3224,-1.84985180613842,15.9800039402482,0.102863037737731,"m"
3225,-1.84991775342519,15.9808906192295,0.102879441814433,"m"
3226,-1.84998341509238,15.9817759512859,0.102895844837311,"m"
3227,-1.85004876694995,15.9826598471775,0.102912247278672,"m"
3228,-1.85011382026282,15.9835423535191,0.102928648881549,"m"
3229,-1.85017860471872,15.9844235875171,0.10294504901004,"m"
3230,-1.85024315016268,15.9853036669808,0.102961447025004,"m"
3231,-1.85030748643973,15.9861827097195,0.102977842287303,"m"
3232,-1.85037164339492,15.9870608335423,0.102994234157796,"m"
3233,-1.85043565087327,15.9879381562586,0.103010621997345,"m"
3234,-1.85049953871982,15.9888147956775,0.103027005166809,"m"
3235,-1.85056333677961,15.9896908696084,0.10304338302705,"m"
3236,-1.85062707489767,15.9905664958604,0.103059754938928,"m"
3237,-1.85069078291905,15.9914417922428,0.103076120263302,"m"
3238,-1.85075449068876,15.9923168765648,0.103092478361035,"m"
3239,-1.85081822805186,15.9931918666357,0.103108828592986,"m"
3240,-1.85088202485337,15.9940668802648,0.103125170320016,"m"
3241,-1.85094591093834,15.9949420352612,0.103141502902986,"m"
3242,-1.85100991615179,15.9958174494342,0.103157825702755,"m"
3243,-1.85107407033877,15.9966932405931,0.103174138080185,"m"
3244,-1.85113840334431,15.9975695265471,0.103190439396135,"m"
3245,-1.85120294501344,15.9984464251055,0.103206729011468,"m"
3246,-1.8512677251912,15.9993240540775,0.103223006287042,"m"
3247,-1.85133277372263,16.0002025312723,0.103239270583719,"m"
3248,-1.85139812045276,16.0010819744992,0.103255521262358,"m"
3249,-1.85146379522663,16.0019625015674,0.103271757683822,"m"
3250,-1.85152982788927,16.0028442302862,0.103287979208969,"m"
3251,-1.85159624828572,16.0037272784647,0.103304185198661,"m"
3252,-1.85166308626101,16.0046117639124,0.103320375013758,"m"
3253,-1.85173037166019,16.0054978044384,0.103336548015121,"m"
3254,-1.85179813432828,16.0063855178519,0.10335270356361,"m"
3255,-1.85186640411033,16.0072750219622,0.103368841020085,"m"
3256,-1.85193521085136,16.0081664345785,0.103384959745408,"m"
3257,-1.85200458439107,16.0090598735036,0.103401059100483,"m"
3258,-1.852074531877,16.0099554286787,0.103417138634566,"m"
3259,-1.85214498588895,16.0108530984912,0.103433198515845,"m"
3260,-1.85221586371287,16.0117528625507,0.103449239039453,"m"
3261,-1.85228708263469,16.0126547004666,0.103465260500521,"m"
3262,-1.85235855994035,16.0135585918487,0.10348126319418,"m"
3263,-1.85243021291581,16.0144645163065,0.103497247415564,"m"
3264,-1.85250195884699,16.0153724534496,0.103513213459802,"m"
3265,-1.85257371501986,16.0162823828875,0.103529161622028,"m"
3266,-1.85264539872033,16.0171942842297,0.103545092197372,"m"
3267,-1.85271692723437,16.018108137086,0.103561005480967,"m"
3268,-1.85278821784791,16.0190239210659,0.103576901767944,"m"
3269,-1.85285918784689,16.0199416157789,0.103592781353436,"m"
3270,-1.85292975451726,16.0208612008346,0.103608644532573,"m"
3271,-1.85299983514496,16.0217826558427,0.103624491600488,"m"
3272,-1.85306934701593,16.0227059604126,0.103640322852313,"m"
3273,-1.85313820741612,16.0236310941539,0.103656138583178,"m"
3274,-1.85320633363146,16.0245580366763,0.103671939088216,"m"
3275,-1.8532736429479,16.0254867675893,0.103687724662559,"m"
3276,-1.85334005265139,16.0264172665025,0.103703495601339,"m"
3277,-1.85340548002786,16.0273495130255,0.103719252199686,"m"
3278,-1.85346984236326,16.0282834867678,0.103734994752733,"m"
3279,-1.85353305694352,16.029219167339,0.103750723555612,"m"
3280,-1.8535950410546,16.0301565343486,0.103766438903455,"m"
3281,-1.85365571198244,16.0310955674064,0.103782141091392,"m"
3282,-1.85371498701297,16.0320362461218,0.103797830414557,"m"
3283,-1.85377278343214,16.0329785501044,0.10381350716808,"m"
3284,-1.85382901852589,16.0339224589639,0.103829171647094,"m"
3285,-1.85388360958017,16.0348679523097,0.103844824146729,"m"
3286,-1.85393647388092,16.0358150097514,0.103860464962119,"m"
3287,-1.85398752871408,16.0367636108987,0.103876094388395,"m"
3288,-1.85403670284321,16.0377137293602,0.103891712722627,"m"
3289,-1.85408402492974,16.0386652865142,0.103907320278771,"m"
3290,-1.85412957507185,16.0396181768464,0.103922917379474,"m"
3291,-1.85417343379283,16.0405722946197,0.103938504347454,"m"
3292,-1.85421568161594,16.0415275340974,0.103954081505431,"m"
3293,-1.85425639906448,16.0424837895426,0.103969649176124,"m"
3294,-1.85429566666173,16.0434409552184,0.103985207682252,"m"
3295,-1.85433356493096,16.0443989253882,0.104000757346533,"m"
3296,-1.85437017439546,16.0453575943149,0.104016298491687,"m"
3297,-1.85440557557851,16.0463168562618,0.104031831440433,"m"
3298,-1.85443984900338,16.0472766054921,0.10404735651549,"m"
3299,-1.85447307519337,16.0482367362688,0.104062874039577,"m"
3300,-1.85450533467175,16.0491971428552,0.104078384335413,"m"
3301,-1.85453670796181,16.0501577195145,0.104093887725716,"m"
3302,-1.85456727558682,16.0511183605097,0.104109384533207,"m"
3303,-1.85459711807007,16.052078960104,0.104124875080603,"m"
3304,-1.85462631593483,16.0530394125607,0.104140359690625,"m"
3305,-1.85465494970439,16.0539996121429,0.10415583868599,"m"
3306,-1.85468309990203,16.0549594531137,0.104171312389419,"m"
3307,-1.85471084705104,16.0559188297362,0.10418678112363,"m"
3308,-1.85473827167468,16.0568776362738,0.104202245211342,"m"
3309,-1.85476545429625,16.0578357669894,0.104217704975273,"m"
3310,-1.85479247543902,16.0587931161464,0.104233160738144,"m"
3311,-1.85481941562628,16.0597495780078,0.104248612822674,"m"
3312,-1.85484635538131,16.0607050468368,0.10426406155158,"m"
3313,-1.85487337522738,16.0616594168966,0.104279507247583,"m"
3314,-1.85490055568778,16.0626125824503,0.104294950233401,"m"
3315,-1.85492797728579,16.0635644377612,0.104310390831753,"m"
3316,-1.8549557205447,16.0645148770922,0.104325829365358,"m"
3317,-1.85498386598778,16.0654637947068,0.104341266156936,"m"
3318,-1.85501249267705,16.0664110883868,0.104356701516342,"m"
3319,-1.85504163285308,16.0673567686667,0.104372135341283,"m"
3320,-1.85507126315166,16.0683009799847,0.104387567039999,"m"
3321,-1.85510135697438,16.0692438745673,0.104402995992261,"m"
3322,-1.85513188772281,16.0701856046412,0.104418421577839,"m"
3323,-1.85516282879856,16.0711263224329,0.104433843176505,"m"
3324,-1.85519415360319,16.0720661801689,0.104449260168029,"m"
3325,-1.8552258355383,16.0730053300758,0.104464671932183,"m"
3326,-1.85525784800547,16.0739439243803,0.104480077848737,"m"
3327,-1.85529016440629,16.0748821153088,0.104495477297463,"m"
3328,-1.85532275814234,16.0758200550879,0.10451086965813,"m"
3329,-1.85535560261521,16.0767578959442,0.104526254310511,"m"
3330,-1.85538867122648,16.0776957901043,0.104541630634375,"m"
3331,-1.85542193737775,16.0786338897947,0.104556998009494,"m"
3332,-1.85545537447058,16.079572347242,0.104572355815639,"m"
3333,-1.85548895590658,16.0805113146728,0.104587703432581,"m"
3334,-1.85552265508732,16.0814509443136,0.10460304024009,"m"
3335,-1.8555564454144,16.0823913883911,0.104618365617937,"m"
3336,-1.85559030028938,16.0833327991317,0.104633678945894,"m"
3337,-1.85562419311387,16.0842753287621,0.104648979603731,"m"
3338,-1.85565809728945,16.0852191295087,0.104664266971219,"m"
3339,-1.8556919862177,16.0861643535983,0.104679540428129,"m"
3340,-1.85572583330021,16.0871111532573,0.104694799354232,"m"
3341,-1.85575961193856,16.0880596807123,0.104710043129298,"m"
3342,-1.85579329553434,16.0890100881899,0.1047252711331,"m"
3343,-1.85582685748913,16.0899625279166,0.104740482745406,"m"
3344,-1.85586027120452,16.0909171521191,0.10475567734599,"m"
3345,-1.8558935100821,16.0918741130239,0.104770854314621,"m"
3346,-1.85592654752345,16.0928335628575,0.10478601303107,"m"
3347,-1.85595935693015,16.0937956538465,0.104801152875108,"m"
3348,-1.8559919117038,16.0947605382176,0.104816273226506,"m"
3349,-1.85602418946849,16.0957283468073,0.104831373530394,"m"
3350,-1.85605620419528,16.0966990263313,0.104846453794501,"m"
3351,-1.85608798839989,16.0976724295638,0.104861514313603,"m"
3352,-1.85611957474631,16.0986484085283,0.10487655538477,"m"
3353,-1.85615099589853,16.0996268152483,0.104891577305071,"m"
3354,-1.85618228452052,16.1006075017471,0.104906580371578,"m"
3355,-1.85621347327627,16.1015903200482,0.104921564881359,"m"
3356,-1.85624459482977,16.1025751221749,0.104936531131485,"m"
3357,-1.85627568184498,16.1035617601508,0.104951479419026,"m"
3358,-1.85630676698591,16.1045500859991,0.104966410041053,"m"
3359,-1.85633788291653,16.1055399517435,0.104981323294635,"m"
3360,-1.85636906230083,16.1065312094071,0.104996219476843,"m"
3361,-1.85640033780279,16.1075237110135,0.105011098884746,"m"
3362,-1.85643174208639,16.1085173085862,0.105025961815414,"m"
3363,-1.85646330781562,16.1095118541484,0.105040808565919,"m"
3364,-1.85649506765445,16.1105071997236,0.105055639433329,"m"
3365,-1.85652705426688,16.1115031973353,0.105070454714715,"m"
3366,-1.85655930031689,16.1124996990069,0.105085254707147,"m"
3367,-1.85659183846845,16.1134965567617,0.105100039707695,"m"
3368,-1.85662470138556,16.1144936226232,0.105114810013429,"m"
3369,-1.8566579217322,16.1154907486148,0.10512956592142,"m"
3370,-1.85669153217234,16.11648778676,0.105144307728737,"m"
3371,-1.85672556536998,16.1174845890821,0.105159035732451,"m"
3372,-1.8567600539891,16.1184810076045,0.105173750229631,"m"
3373,-1.85679503069367,16.1194768943508,0.105188451517347,"m"
3374,-1.85683052814769,16.1204721013442,0.105203139892671,"m"
3375,-1.85686657901514,16.1214664806083,0.105217815652671,"m"
3376,-1.85690321596,16.1224598841663,0.105232479094418,"m"
3377,-1.85694047164625,16.1234521640419,0.105247130514983,"m"
3378,-1.85697837873787,16.1244431722583,0.105261770211434,"m"
3379,-1.85701696795823,16.1254327649903,0.10527639848189,"m"
3380,-1.85705620895453,16.1264209290645,0.105291015657427,"m"
3381,-1.85709599946877,16.1274078051244,0.105305622107926,"m"
3382,-1.8571362331184,16.1283935426366,0.105320218205493,"m"
3383,-1.85717680352089,16.1293782910677,0.105334804322233,"m"
3384,-1.85721760429369,16.1303621998845,0.105349380830254,"m"
3385,-1.85725852905424,16.1313454185533,0.10536394810166,"m"
3386,-1.85729947142002,16.132328096541,0.105378506508559,"m"
3387,-1.85734032500846,16.133310383314,0.105393056423056,"m"
3388,-1.85738098343703,16.134292428339,0.105407598217257,"m"
3389,-1.85742134032318,16.1352743810827,0.105422132263269,"m"
3390,-1.85746128928437,16.1362563910115,0.105436658933197,"m"
3391,-1.85750072393805,16.1372386075922,0.105451178599148,"m"
3392,-1.85753953790167,16.1382211802913,0.105465691633227,"m"
3393,-1.8575776247927,16.1392042585755,0.105480198407541,"m"
3394,-1.85761487822858,16.1401879919114,0.105494699294197,"m"
3395,-1.85765119182677,16.1411725297655,0.105509194665299,"m"
3396,-1.85768645920472,16.1421580216046,0.105523684892954,"m"
3397,-1.8577205739799,16.1431446168951,0.105538170349268,"m"
3398,-1.85775342976974,16.1441324651038,0.105552651406348,"m"
3399,-1.85778492019172,16.1451217156972,0.105567128436299,"m"
3400,-1.85781493886328,16.146112518142,0.105581601811228,"m"
3401,-1.85784337940188,16.1471050219047,0.10559607190324,"m"
3402,-1.85787013542497,16.1480993764519,0.105610539084442,"m"
3403,-1.85789510055002,16.1490957312504,0.105625003726939,"m"
3404,-1.85791816839446,16.1500942357666,0.105639466202839,"m"
3405,-1.85793923257576,16.1510950394673,0.105653926884246,"m"
3406,-1.85795818671138,16.152098291819,0.105668386143268,"m"
3407,-1.85797492441876,16.1531041422883,0.105682844352009,"m"
3408,-1.85798933931537,16.1541127403418,0.105697301882577,"m"
3409,-1.85800132510351,16.1551242353705,0.105711759106743,"m"
3410,-1.85801084162912,16.1561387177498,0.105726216135707,"m"
3411,-1.85801803324549,16.157156113232,0.105740672353806,"m"
3412,-1.85802307622648,16.1581763190889,0.105755127019627,"m"
3413,-1.85802614684597,16.1591992325921,0.105769579391757,"m"
3414,-1.8580274213778,16.1602247510134,0.105784028728781,"m"
3415,-1.85802707609586,16.1612527716246,0.105798474289286,"m"
3416,-1.85802528727398,16.1622831916973,0.105812915331859,"m"
3417,-1.85802223118605,16.1633159085033,0.105827351115086,"m"
3418,-1.85801808410592,16.1643508193143,0.105841780897553,"m"
3419,-1.85801302230746,16.1653878214021,0.105856203937848,"m"
3420,-1.85800722206452,16.1664268120384,0.105870619494556,"m"
3421,-1.85800085965097,16.1674676884949,0.105885026826265,"m"
3422,-1.85799411134068,16.1685103480434,0.10589942519156,"m"
3423,-1.8579871534075,16.1695546879555,0.105913813849028,"m"
3424,-1.8579801621253,16.1706006055031,0.105928192057255,"m"
3425,-1.85797331376794,16.1716479979579,0.105942559074829,"m"
3426,-1.85796678460928,16.1726967625915,0.105956914160335,"m"
3427,-1.85796075092319,16.1737467966758,0.10597125657236,"m"
3428,-1.85795538898353,16.1747979974825,0.105985585569491,"m"
3429,-1.85795087506416,16.1758502622832,0.105999900410313,"m"
3430,-1.85794738543894,16.1769034883498,0.106014200353414,"m"
3431,-1.85794509638173,16.1779575729539,0.10602848465738,"m"
3432,-1.85794418416641,16.1790124133673,0.106042752580798,"m"
3433,-1.85794482506683,16.1800679068617,0.106057003382253,"m"
3434,-1.85794719535685,16.1811239507089,0.106071236320333,"m"
3435,-1.85795147131034,16.1821804421806,0.106085450653623,"m"
3436,-1.85795782920115,16.1832372785486,0.106099645640711,"m"
3437,-1.85796644530316,16.1842943570844,0.106113820540183,"m"
3438,-1.85797749589022,16.18535157506,0.106127974610625,"m"
3439,-1.8579911572362,16.186408829747,0.106142107110624,"m"
3440,-1.85800760054762,16.1874660199062,0.106156217317718,"m"
3441,-1.85802684036316,16.188523090335,0.10617030509538,"m"
3442,-1.85804870837286,16.1895800395609,0.106184370990933,"m"
3443,-1.85807302592406,16.1906368691504,0.106198415590382,"m"
3444,-1.85809961436408,16.1916935806701,0.106212439479733,"m"
3445,-1.85812829504025,16.1927501756865,0.106226443244989,"m"
3446,-1.85815888929988,16.1938066557663,0.106240427472156,"m"
3447,-1.85819121849031,16.194863022476,0.106254392747238,"m"
3448,-1.85822510395887,16.1959192773821,0.106268339656241,"m"
3449,-1.85826036705287,16.1969754220513,0.106282268785169,"m"
3450,-1.85829682911964,16.1980314580501,0.106296180720027,"m"
3451,-1.85833431150652,16.1990873869451,0.10631007604682,"m"
3452,-1.85837263556081,16.2001432103029,0.106323955351552,"m"
3453,-1.85841162262986,16.20119892969,0.10633781922023,"m"
3454,-1.85845109406098,16.2022545466731,0.106351668238857,"m"
3455,-1.8584908712015,16.2033100628186,0.106365502993438,"m"
3456,-1.85853077539875,16.2043654796932,0.106379324069978,"m"
3457,-1.85857062800005,16.2054207988634,0.106393132054483,"m"
3458,-1.85861025035273,16.2064760218959,0.106406927532956,"m"
3459,-1.85864946380411,16.2075311503571,0.106420711091404,"m"
3460,-1.85868808970151,16.2085861858137,0.10643448331583,"m"
3461,-1.85872594939227,16.2096411298322,0.106448244792239,"m"
3462,-1.85876286422371,16.2106959839793,0.106461996106637,"m"
3463,-1.85879865554316,16.2117507498214,0.106475737845028,"m"
3464,-1.85883314469793,16.2128054289251,0.106489470593417,"m"
3465,-1.85886615303536,16.2138600228571,0.106503194937809,"m"
3466,-1.85889750190278,16.2149145331839,0.106516911464208,"m"
3467,-1.85892701264749,16.2159689614721,0.10653062075862,"m"
3468,-1.85895450661684,16.2170233092882,0.10654432340705,"m"
3469,-1.85897980515815,16.2180775781988,0.106558019995502,"m"
3470,-1.85900272971166,16.2191317697754,0.1065717111096,"m"
3471,-1.8590231690867,16.2201858890868,0.10658539705847,"m"
3472,-1.85904119821702,16.2212399508649,0.106599077387344,"m"
3473,-1.85905692390896,16.2222939714964,0.106612751510643,"m"
3474,-1.85907045296882,16.2233479673678,0.106626418842785,"m"
3475,-1.8590818922029,16.2244019548656,0.106640078798192,"m"
3476,-1.85909134841754,16.2254559503764,0.106653730791284,"m"
3477,-1.85909892841903,16.2265099702868,0.10666737423648,"m"
3478,-1.8591047390137,16.2275640309834,0.106681008548201,"m"
3479,-1.85910888700785,16.2286181488528,0.106694633140867,"m"
3480,-1.85911147920779,16.2296723402814,0.106708247428898,"m"
3481,-1.85911262241985,16.2307266216559,0.106721850826714,"m"
3482,-1.85911242345033,16.2317810093629,0.106735442748735,"m"
3483,-1.85911098910554,16.2328355197889,0.106749022609382,"m"
3484,-1.8591084261918,16.2338901693205,0.106762589823074,"m"
3485,-1.85910484151542,16.2349449743443,0.106776143804232,"m"
3486,-1.85910034188272,16.2359999512468,0.106789683967275,"m"
3487,-1.8590950341,16.2370551164147,0.106803209726625,"m"
3488,-1.85908902497359,16.2381104862344,0.1068167204967,"m"
3489,-1.85908242130978,16.2391660770926,0.106830215691922,"m"
3490,-1.8590753299149,16.2402219053758,0.106843694726709,"m"
3491,-1.85906785759526,16.2412779874706,0.106857157015483,"m"
3492,-1.85906011115716,16.2423343397635,0.106870601972664,"m"
3493,-1.85905219740694,16.2433909786412,0.106884029012671,"m"
3494,-1.85904422315088,16.2444479204903,0.106897437549924,"m"
3495,-1.85903629519532,16.2455051816972,0.106910826998845,"m"
3496,-1.85902852034655,16.2465627786485,0.106924196773852,"m"
3497,-1.8590210054109,16.2476207277309,0.106937546289367,"m"
3498,-1.85901385719468,16.2486790453309,0.106950874959808,"m"
3499,-1.8590071825042,16.2497377478351,0.106964182199597,"m"
3500,-1.85900108814577,16.25079685163,0.106977467423154,"m"
3501,-1.85899566855726,16.2518563771581,0.106990730162002,"m"
3502,-1.85899092941225,16.2529163739695,0.107003970788088,"m"
3503,-1.85898683761227,16.2539769043286,0.107017190040452,"m"
3504,-1.85898335989665,16.2550380305529,0.107030388659668,"m"
3505,-1.85898046300472,16.2560998149599,0.107043567386313,"m"
3506,-1.85897811367582,16.2571623198671,0.107056726960961,"m"
3507,-1.85897627864926,16.258225607592,0.107069868124189,"m"
3508,-1.85897492466439,16.2592897404521,0.107082991616571,"m"
3509,-1.85897401846052,16.260354780765,0.107096098178684,"m"
3510,-1.85897352677699,16.2614207908481,0.107109188551102,"m"
3511,-1.85897341635313,16.262487833019,0.107122263474401,"m"
3512,-1.85897365392827,16.2635559695953,0.107135323689156,"m"
3513,-1.85897420624173,16.2646252628943,0.107148369935943,"m"
3514,-1.85897504003285,16.2656957752337,0.107161402955337,"m"
3515,-1.85897612204096,16.2667675689309,0.107174423487915,"m"
3516,-1.85897741900537,16.2678407063034,0.10718743227425,"m"
3517,-1.85897889766544,16.2689152496689,0.107200430054919,"m"
3518,-1.85898052476047,16.2699912613447,0.107213417570497,"m"
3519,-1.85898226702981,16.2710688036484,0.107226395561559,"m"
3520,-1.85898409121278,16.2721479388975,0.107239364768682,"m"
3521,-1.85898596404871,16.2732287294096,0.10725232593244,"m"
3522,-1.85898785227693,16.2743112375021,0.107265279793409,"m"
3523,-1.85898972263677,16.2753955254925,0.107278227092164,"m"
3524,-1.85899154186756,16.2764816556985,0.107291168569281,"m"
3525,-1.85899327670863,16.2775696904374,0.107304104965335,"m"
3526,-1.8589948938993,16.2786596920268,0.107317037020901,"m"
3527,-1.85899636017892,16.2797517227843,0.107329965476556,"m"
3528,-1.85899764228679,16.2808458450273,0.107342891072874,"m"
3529,-1.85899870696227,16.2819421210733,0.107355814550431,"m"
3530,-1.85899952094467,16.2830406132399,0.107368736649803,"m"
3531,-1.85900005099499,16.2841413837871,0.107381658111173,"m"
3532,-1.85900027851254,16.2852444561664,0.107394579409999,"m"
3533,-1.85900022495174,16.2863497476363,0.107407500297369,"m"
3534,-1.85899991855623,16.2874571574559,0.107420420401591,"m"
3535,-1.85899938756964,16.2885665848843,0.107433339350973,"m"
3536,-1.85899866023562,16.2896779291808,0.107446256773824,"m"
3537,-1.85899776479779,16.2907910896044,0.10745917229845,"m"
3538,-1.85899672949982,16.2919059654143,0.107472085553161,"m"
3539,-1.85899558258533,16.2930224558696,0.107484996166265,"m"
3540,-1.85899435229796,16.2941404602295,0.107497903766069,"m"
3541,-1.85899306688136,16.2952598777531,0.107510807980881,"m"
3542,-1.85899175457916,16.2963806076996,0.10752370843901,"m"
3543,-1.858990443635,16.297502549328,0.107536604768765,"m"
3544,-1.85898916229253,16.2986256018976,0.107549496598452,"m"
3545,-1.85898793879539,16.2997496646674,0.10756238355638,"m"
3546,-1.85898680138721,16.3008746368967,0.107575265270857,"m"
3547,-1.85898577831163,16.3020004178445,0.107588141370192,"m"
3548,-1.8589848978123,16.30312690677,0.107601011482692,"m"
3549,-1.85898418813285,16.3042540029324,0.107613875236665,"m"
3550,-1.85898367751693,16.3053816055907,0.10762673226042,"m"
3551,-1.85898339420817,16.3065096140041,0.107639582182264,"m"
3552,-1.85898336645021,16.3076379274318,0.107652424630507,"m"
3553,-1.8589836224867,16.3087664451329,0.107665259233455,"m"
3554,-1.85898419056127,16.3098950663665,0.107678085619417,"m"
3555,-1.85898509891757,16.3110236903917,0.107690903416701,"m"
3556,-1.85898637579923,16.3121522164679,0.107703712253615,"m"
3557,-1.8589880494499,16.3132805438539,0.107716511758467,"m"
3558,-1.85899014811321,16.3144085718091,0.107729301559566,"m"
3559,-1.8589927000328,16.3155361995925,0.107742081285219,"m"
3560,-1.85899573345232,16.3166633264632,0.107754850563735,"m"
3561,-1.8589992766154,16.3177898516805,0.107767609023422,"m"
3562,-1.8590033481534,16.3189156872074,0.107780356299299,"m"
3563,-1.85900789844036,16.3200408352177,0.107793092074057,"m"
3564,-1.85901284831343,16.3211653369223,0.10780581605101,"m"
3565,-1.85901811849163,16.3222892336881,0.107818527933557,"m"
3566,-1.85902362969399,16.323412566882,0.107831227425096,"m"
3567,-1.85902930263953,16.3245353778709,0.107843914229024,"m"
3568,-1.85903505804726,16.3256577080217,0.10785658804874,"m"
3569,-1.85904081663621,16.3267795987014,0.107869248587641,"m"
3570,-1.8590464991254,16.3279010912768,0.107881895549127,"m"
3571,-1.85905202623385,16.3290222271148,0.107894528636594,"m"
3572,-1.85905731868058,16.3301430475825,0.107907147553442,"m"
3573,-1.85906229718461,16.3312635940466,0.107919752003067,"m"
3574,-1.85906688246497,16.3323839078741,0.107932341688869,"m"
3575,-1.85907099524067,16.3335040304319,0.107944916314245,"m"
3576,-1.85907455623074,16.3346240030869,0.107957475582593,"m"
3577,-1.85907748615419,16.3357438672061,0.107970019197311,"m"
3578,-1.85907970573005,16.3368636641563,0.107982546861797,"m"
3579,-1.85908113567734,16.3379834353045,0.107995058279451,"m"
3580,-1.85908169671508,16.3391032220175,0.108007553153668,"m"
3581,-1.85908130956229,16.3402230656623,0.108020031187848,"m"
3582,-1.85907989493799,16.3413430076058,0.108032492085389,"m"
3583,-1.85907737356121,16.3424630892149,0.108044935549688,"m"
3584,-1.85907366615096,16.3435833518565,0.108057361284145,"m"
3585,-1.85906869342626,16.3447038368976,0.108069768992155,"m"
3586,-1.85906237610614,16.3458245857049,0.108082158377119,"m"
3587,-1.85905463490962,16.3469456396456,0.108094529142434,"m"
3588,-1.85904539055572,16.3480670400863,0.108106880991498,"m"
3589,-1.85903456376346,16.3491888283942,0.108119213627709,"m"
3590,-1.85902207525186,16.350311045936,0.108131526754464,"m"
3591,-1.85900784573994,16.3514337340788,0.108143820075163,"m"
3592,-1.85899179912702,16.3525569345686,0.108156093311906,"m"
3593,-1.85897393361318,16.3536806980109,0.108168346623724,"m"
3594,-1.85895432234622,16.354805083948,0.108180580610386,"m"
3595,-1.8589330417836,16.3559301523165,0.108192795891124,"m"
3596,-1.85891016838277,16.3570559630534,0.108204993085171,"m"
3597,-1.8588857786012,16.3581825760954,0.108217172811757,"m"
3598,-1.85885994889635,16.3593100513792,0.108229335690114,"m"
3599,-1.85883275572568,16.3604384488416,0.108241482339474,"m"
3600,-1.85880427554665,16.3615678284194,0.108253613379069,"m"
3601,-1.85877458481671,16.3626982500495,0.10826572942813,"m"
3602,-1.85874375999333,16.3638297736685,0.10827783110589,"m"
3603,-1.85871187753396,16.3649624592132,0.108289919031579,"m"
3604,-1.85867901389608,16.3660963666206,0.10830199382443,"m"
3605,-1.85864524553713,16.3672315558272,0.108314056103674,"m"
3606,-1.85861064891458,16.3683680867699,0.108326106488543,"m"
3607,-1.85857530048589,16.3695060193855,0.108338145598268,"m"
3608,-1.85853927670852,16.3706454136108,0.108350174052082,"m"
3609,-1.85850265403992,16.3717863293825,0.108362192469216,"m"
3610,-1.85846550893756,16.3729288266375,0.108374201468902,"m"
3611,-1.8584279178589,16.3740729653124,0.108386201670371,"m"
3612,-1.8583899572614,16.3752188053442,0.108398193692855,"m"
3613,-1.85835170360251,16.3763664066695,0.108410178155587,"m"
3614,-1.85831323333971,16.3775158292251,0.108422155677796,"m"
3615,-1.85827462293044,16.3786671329479,0.108434126878717,"m"
3616,-1.85823594883217,16.3798203777746,0.108446092377579,"m"
3617,-1.85819728750236,16.380975623642,0.108458052793615,"m"
3618,-1.85815871539846,16.3821329304869,0.108470008746056,"m"
3619,-1.85812030897795,16.383292358246,0.108481960854134,"m"
3620,-1.85808214469827,16.3844539668562,0.108493909737081,"m"
3621,-1.85804429901689,16.3856178162541,0.108505856014129,"m"
3622,-1.85800684839127,16.3867839663767,0.108517800304509,"m"
3623,-1.85796986046481,16.3879524621804,0.108529743142301,"m"
3624,-1.85793334094998,16.3891232433646,0.108541684463274,"m"
3625,-1.85789726901,16.390296204506,0.108553623946706,"m"
3626,-1.85786162370667,16.3914712400088,0.108565561270898,"m"
3627,-1.85782638410178,16.3926482442773,0.108577496114147,"m"
3628,-1.85779152925714,16.3938271117157,0.108589428154753,"m"
3629,-1.85775703823453,16.3950077367283,0.108601357071015,"m"
3630,-1.85772289009576,16.3961900137193,0.10861328254123,"m"
3631,-1.85768906390263,16.397373837093,0.108625204243699,"m"
3632,-1.85765553871692,16.3985591012536,0.108637121856721,"m"
3633,-1.85762229360045,16.3997457006055,0.108649035058593,"m"
3634,-1.85758930761501,16.4009335295527,0.108660943527615,"m"
3635,-1.85755655982238,16.4021224824997,0.108672846942087,"m"
3636,-1.85752402928439,16.4033124538507,0.108684744980306,"m"
3637,-1.8574916950628,16.4045033380098,0.108696637320571,"m"
3638,-1.85745953621944,16.4056950293815,0.108708523641183,"m"
3639,-1.85742753181609,16.4068874223698,0.108720403620439,"m"
3640,-1.85739566091456,16.4080804113791,0.108732276936638,"m"
3641,-1.85736390257663,16.4092738908137,0.108744143268079,"m"
3642,-1.85733223586411,16.4104677550777,0.108756002293062,"m"
3643,-1.85730063983879,16.4116618985754,0.108767853689885,"m"
3644,-1.85726909356247,16.4128562157112,0.108779697136847,"m"
3645,-1.85723757609696,16.4140506008892,0.108791532312247,"m"
3646,-1.85720606650404,16.4152449485137,0.108803358894384,"m"
3647,-1.85717454384551,16.4164391529889,0.108815176561556,"m"
3648,-1.85714298718318,16.4176331087192,0.108826984992063,"m"
3649,-1.85711137557884,16.4188267101087,0.108838783864204,"m"
3650,-1.85707968809428,16.4200198515617,0.108850572856277,"m"
3651,-1.85704790379131,16.4212124274825,0.108862351646581,"m"
3652,-1.85701600173172,16.4224043322753,0.108874119913415,"m"
3653,-1.85698396159189,16.4235954637606,0.108885877335599,"m"
3654,-1.85695177718359,16.4247857983323,0.10889762360391,"m"
3655,-1.85691945645398,16.425975390958,0.108909358421086,"m"
3656,-1.85688700796481,16.4271643000211,0.108921081490385,"m"
3657,-1.85685444027782,16.4283525839054,0.108932792515064,"m"
3658,-1.85682176195474,16.4295403009944,0.108944491198381,"m"
3659,-1.85678898155733,16.4307275096718,0.108956177243594,"m"
3660,-1.85675610764733,16.4319142683213,0.10896785035396,"m"
3661,-1.85672314878648,16.4331006353265,0.108979510232737,"m"
3662,-1.85669011353652,16.4342866690709,0.108991156583182,"m"
3663,-1.85665701045919,16.4354724279384,0.109002789108553,"m"
3664,-1.85662384811624,16.4366579703124,0.109014407512108,"m"
3665,-1.85659063506941,16.4378433545766,0.109026011497105,"m"
3666,-1.85655737988045,16.4390286391147,0.1090376007668,"m"
3667,-1.85652409111109,16.4402138823103,0.109049175024452,"m"
3668,-1.85649077732308,16.4413991425471,0.109060733973319,"m"
3669,-1.85645744707817,16.4425844782086,0.109072277316657,"m"
3670,-1.85642410893808,16.4437699476786,0.109083804757725,"m"
3671,-1.85639077146458,16.4449556093406,0.10909531599978,"m"
3672,-1.8563574432194,16.4461415215782,0.109106810746081,"m"
3673,-1.85632413276428,16.4473277427752,0.109118288699883,"m"
3674,-1.85629084866096,16.4485143313152,0.109129749564446,"m"
3675,-1.8562575994712,16.4497013455818,0.109141193043026,"m"
3676,-1.85622439375673,16.4508888439586,0.109152618838882,"m"
3677,-1.85619124007929,16.4520768848293,0.10916402665527,"m"
3678,-1.85615814700063,16.4532655265774,0.10917541619545,"m"
3679,-1.85612512308249,16.4544548275868,0.109186787162678,"m"
3680,-1.85609217688662,16.4556448462409,0.109198139260211,"m"
3681,-1.85605931697475,16.4568356409234,0.109209472191308,"m"
3682,-1.85602655190863,16.458027270018,0.109220785659227,"m"
3683,-1.85599389023007,16.459219791839,0.109232079368206,"m"
3684,-1.8559613352687,16.4604132465551,0.10924335327925,"m"
3685,-1.85592887819828,16.4616076320166,0.109254607952189,"m"
3686,-1.85589650846295,16.4628029400526,0.109265844032059,"m"
3687,-1.85586421550685,16.4639991624918,0.109277062163898,"m"
3688,-1.8558319887741,16.465196291163,0.10928826299274,"m"
3689,-1.85579981770886,16.4663943178952,0.109299447163622,"m"
3690,-1.85576769175526,16.4675932345173,0.10931061532158,"m"
3691,-1.85573560035742,16.468793032858,0.109321768111651,"m"
3692,-1.8557035329595,16.4699937047463,0.10933290617887,"m"
3693,-1.85567147900562,16.471195242011,0.109344030168274,"m"
3694,-1.85563942793993,16.4723976364811,0.109355140724898,"m"
3695,-1.85560736920655,16.4736008799853,0.10936623849378,"m"
3696,-1.85557529224963,16.4748049643525,0.109377324119954,"m"
3697,-1.8555431865133,16.4760098814117,0.109388398248458,"m"
3698,-1.85551104144171,16.4772156229916,0.109399461524328,"m"
3699,-1.85547884647898,16.4784221809212,0.109410514592599,"m"
3700,-1.85544659106925,16.4796295470292,0.109421558098308,"m"
3701,-1.85541426465666,16.4808377131447,0.10943259268649,"m"
3702,-1.85538185668535,16.4820466710964,0.109443619002183,"m"
3703,-1.85534935659945,16.4832564127132,0.109454637690423,"m"
3704,-1.8553167538431,16.484466929824,0.109465649396245,"m"
3705,-1.85528403786044,16.4856782142577,0.109476654764685,"m"
3706,-1.8552511980956,16.4868902578431,0.10948765444078,"m"
3707,-1.85521822399272,16.4881030524091,0.109498649069566,"m"
3708,-1.85518510499593,16.4893165897845,0.10950963929608,"m"
3709,-1.85515183054938,16.4905308617983,0.109520625765356,"m"
3710,-1.8551183900972,16.4917458602792,0.109531609122432,"m"
3711,-1.85508477308352,16.4929615770562,0.109542590012344,"m"
3712,-1.85505096895249,16.4941780039582,0.109553569080128,"m"
3713,-1.85501696714824,16.495395132814,0.109564546970819,"m"
3714,-1.85498275795745,16.4966129545505,0.109575524303453,"m"
3715,-1.85494835075268,16.4978314396652,0.109586501108044,"m"
3716,-1.85491377383128,16.499050538398,0.109597476830561,"m"
3717,-1.85487905630089,16.5002702001216,0.109608450891967,"m"
3718,-1.85484422726915,16.5014903742086,0.109619422713223,"m"
3719,-1.85480931584373,16.5027110100319,0.10963039171529,"m"
3720,-1.85477435113226,16.5039320569639,0.10964135731913,"m"
3721,-1.85473936224239,16.5051534643775,0.109652318945706,"m"
3722,-1.85470437828177,16.5063751816452,0.109663276015979,"m"
3723,-1.85466942835805,16.5075971581398,0.109674227950909,"m"
3724,-1.85463454157887,16.5088193432339,0.109685174171461,"m"
3725,-1.85459974705189,16.5100416863002,0.109696114098593,"m"
3726,-1.85456507388475,16.5112641367114,0.10970704715327,"m"
3727,-1.8545305511851,16.5124866438401,0.109717972756452,"m"
3728,-1.85449620806058,16.5137091570591,0.109728890329101,"m"
3729,-1.85446207361885,16.5149316257409,0.109739799292178,"m"
3730,-1.85442817696756,16.5161539992583,0.109750699066646,"m"
3731,-1.85439454721434,16.517376226984,0.109761589073466,"m"
3732,-1.85436121346686,16.5185982582906,0.1097724687336,"m"
3733,-1.85432820483274,16.5198200425507,0.109783337468009,"m"
3734,-1.85429555041966,16.5210415291372,0.109794194697656,"m"
3735,-1.85426327933524,16.5222626674225,0.109805039843502,"m"
3736,-1.85423142068715,16.5234834067795,0.109815872326508,"m"
3737,-1.85420000358302,16.5247036965808,0.109826691567636,"m"
3738,-1.85416905713051,16.525923486199,0.109837496987849,"m"
3739,-1.85413861043727,16.5271427250069,0.109848288008107,"m"
3740,-1.85410869261093,16.5283613623771,0.109859064049373,"m"
3741,-1.85407933275915,16.5295793476822,0.109869824532608,"m"
3742,-1.85405055998958,16.5307966302951,0.109880568878774,"m"
3743,-1.85402240340987,16.5320131595882,0.109891296508832,"m"
3744,-1.8539948919822,16.5332288851176,0.109902006845242,"m"
3745,-1.85396801829973,16.534443802266,0.109912699684769,"m"
3746,-1.85394169090978,16.5356580123178,0.109923375689171,"m"
3747,-1.85391580652398,16.5368716314708,0.109934035642019,"m"
3748,-1.85389026185393,16.5380847759231,0.109944680326884,"m"
3749,-1.85386495361128,16.5392975618726,0.109955310527335,"m"
3750,-1.85383977850763,16.5405101055173,0.109965927026943,"m"
3751,-1.85381463325461,16.541722523055,0.109976530609279,"m"
3752,-1.85378941456385,16.5429349306837,0.109987122057912,"m"
3753,-1.85376401914697,16.5441474446013,0.109997702156414,"m"
3754,-1.85373834371559,16.5453601810059,0.110008271688355,"m"
3755,-1.85371228498133,16.5465732560954,0.110018831437305,"m"
3756,-1.85368573965581,16.5477867860676,0.110029382186834,"m"
3757,-1.85365860445066,16.5490008871205,0.110039924720513,"m"
3758,-1.85363077607751,16.5502156754521,0.110050459821912,"m"
3759,-1.85360215124797,16.5514312672604,0.110060988274602,"m"
3760,-1.85357262667366,16.5526477787432,0.110071510862153,"m"
3761,-1.85354209906621,16.5538653260985,0.110082028368136,"m"
3762,-1.85351046513725,16.5550840255242,0.11009254157612,"m"
3763,-1.85347762159839,16.5563039932184,0.110103051269677,"m"
3764,-1.85344346516125,16.5575253453789,0.110113558232376,"m"
3765,-1.85340789253747,16.5587481982036,0.110124063247788,"m"
3766,-1.85337080043865,16.5599726678906,0.110134567099484,"m"
3767,-1.85333208557644,16.5611988706377,0.110145070571033,"m"
3768,-1.85329164466244,16.5624269226429,0.110155574446007,"m"
3769,-1.85324937440828,16.5636569401042,0.110166079507975,"m"
3770,-1.85320517152558,16.5648890392195,0.110176586540509,"m"
3771,-1.85315893272597,16.5661233361867,0.110187096327178,"m"
3772,-1.85311055472107,16.5673599472037,0.110197609651552,"m"
3773,-1.8530599342225,16.5685989884686,0.110208127297203,"m"
3774,-1.85300696794189,16.5698405761793,0.110218650047701,"m"
3775,-1.85295158305004,16.5710848044106,0.110229178467583,"m"
3776,-1.85289388638012,16.5723316367459,0.110239711829432,"m"
3777,-1.85283405040997,16.5735809890893,0.11025024893378,"m"
3778,-1.8527722477144,16.574832777275,0.11026078858046,"m"
3779,-1.85270865086825,16.5760869171367,0.110271329569305,"m"
3780,-1.85264343244632,16.5773433245085,0.11028187070015,"m"
3781,-1.85257676502344,16.5786019152243,0.110292410772828,"m"
3782,-1.85250882117443,16.579862605118,0.110302948587172,"m"
3783,-1.85243977347412,16.5811253100235,0.110313482943017,"m"
3784,-1.85236979449732,16.5823899457748,0.110324012640195,"m"
3785,-1.85229905681886,16.5836564282058,0.110334536478541,"m"
3786,-1.85222773301356,16.5849246731504,0.110345053257887,"m"
3787,-1.85215599565624,16.5861945964425,0.110355561778068,"m"
3788,-1.85208401732172,16.5874661139162,0.110366060838918,"m"
3789,-1.85201197058483,16.5887391414053,0.110376549240269,"m"
3790,-1.85194002802037,16.5900135947437,0.110387025781956,"m"
3791,-1.85186836220319,16.5912893897654,0.110397489263811,"m"
3792,-1.85179714570809,16.5925664423043,0.110407938485669,"m"
3793,-1.85172655110991,16.5938446681944,0.110418372247364,"m"
3794,-1.85165675098345,16.5951239832695,0.110428789348728,"m"
3795,-1.85158791790355,16.5964043033636,0.110439188589596,"m"
3796,-1.85152022444502,16.5976855443107,0.110449568769801,"m"
3797,-1.85145384318269,16.5989676219447,0.110459928689177,"m"
3798,-1.85138894669137,16.6002504520994,0.110470267147557,"m"
3799,-1.8513257075459,16.6015339506089,0.110480582944775,"m"
3800,-1.85126429832108,16.602818033307,0.110490874880664,"m"
3801,-1.85120489159175,16.6041026160277,0.110501141755059,"m"
3802,-1.85114765993272,16.6053876146049,0.110511382367792,"m"
3803,-1.85109277591882,16.6066729448726,0.110521595518698,"m"
3804,-1.85104041212486,16.6079585226647,0.110531780007609,"m"
3805,-1.85099074072132,16.6092442639072,0.110541934637395,"m"
3806,-1.8509438371329,16.6105301065629,0.110552058937011,"m"
3807,-1.85089955525004,16.6118160390557,0.110562154098053,"m"
3808,-1.85085771808732,16.6131020568425,0.110572221543841,"m"
3809,-1.85081814865932,16.6143881553801,0.110582262697699,"m"
3810,-1.85078066998062,16.6156743301253,0.110592278982946,"m"
3811,-1.85074510506582,16.6169605765349,0.110602271822906,"m"
3812,-1.85071127692948,16.6182468900657,0.1106122426409,"m"
3813,-1.8506790085862,16.6195332661746,0.110622192860249,"m"
3814,-1.85064812305056,16.6208197003184,0.110632123904276,"m"
3815,-1.85061844333713,16.6221061879539,0.110642037196301,"m"
3816,-1.8505897924605,16.6233927245379,0.110651934159647,"m"
3817,-1.85056199343526,16.6246793055273,0.110661816217636,"m"
3818,-1.85053486927599,16.6259659263788,0.110671684793589,"m"
3819,-1.85050824299727,16.6272525825494,0.110681541310828,"m"
3820,-1.85048193761367,16.6285392694958,0.110691387192675,"m"
3821,-1.8504557761398,16.6298259826748,0.110701223862451,"m"
3822,-1.85042958159022,16.6311127175433,0.110711052743478,"m"
3823,-1.85040317697952,16.632399469558,0.110720875259077,"m"
3824,-1.85037638532228,16.6336862341759,0.110730692832572,"m"
3825,-1.85034902963309,16.6349730068537,0.110740506887282,"m"
3826,-1.85032093292653,16.6362597830482,0.110750318846531,"m"
3827,-1.85029191821718,16.6375465582164,0.110760130133639,"m"
3828,-1.85026180851963,16.6388333278149,0.110769942171928,"m"
3829,-1.85023042684845,16.6401200873006,0.110779756384721,"m"
3830,-1.85019759621823,16.6414068321304,0.110789574195338,"m"
3831,-1.85016313964355,16.6426935577611,0.110799397027102,"m"
3832,-1.85012688013899,16.6439802596494,0.110809226303334,"m"
3833,-1.85008864071915,16.6452669332522,0.110819063447356,"m"
3834,-1.85004824439859,16.6465535740264,0.11082890988249,"m"
3835,-1.85000551419191,16.6478401774287,0.110838767032057,"m"
3836,-1.84996030504348,16.6491267397826,0.110848636047226,"m"
3837,-1.84991265835651,16.6504132624727,0.110858516489884,"m"
3838,-1.84986268302433,16.6516997487152,0.110868407346666,"m"
3839,-1.84981048803334,16.652986201729,0.110878307603414,"m"
3840,-1.84975618236992,16.6542726247329,0.110888216245971,"m"
3841,-1.8496998750205,16.6555590209458,0.110898132260179,"m"
3842,-1.84964167497146,16.6568453935867,0.11090805463188,"m"
3843,-1.84958169120921,16.6581317458742,0.110917982346915,"m"
3844,-1.84952003272015,16.6594180810274,0.110927914391128,"m"
3845,-1.84945680849069,16.660704402265,0.110937849750359,"m"
3846,-1.84939212750722,16.661990712806,0.110947787410452,"m"
3847,-1.84932609875615,16.6632770158691,0.110957726357249,"m"
3848,-1.84925883122388,16.6645633146732,0.110967665576591,"m"
3849,-1.8491904338968,16.6658496124373,0.11097760405432,"m"
3850,-1.84912101576133,16.6671359123801,0.11098754077628,"m"
3851,-1.84905068580386,16.6684222177205,0.110997474728311,"m"
3852,-1.8489795530108,16.6697085316773,0.111007404896257,"m"
3853,-1.84890772636854,16.6709948574696,0.111017330265958,"m"
3854,-1.84883531486349,16.672281198316,0.111027249823258,"m"
3855,-1.84876242748206,16.6735675574354,0.111037162553998,"m"
3856,-1.84868917321063,16.6748539380468,0.111047067444021,"m"
3857,-1.84861566103562,16.6761403433689,0.111056963479168,"m"
3858,-1.84854199994342,16.6774267766207,0.111066849645283,"m"
3859,-1.84846829892044,16.678713241021,0.111076724928206,"m"
3860,-1.84839466695307,16.6799997397886,0.11108658831378,"m"
3861,-1.84832121302773,16.6812862761425,0.111096438787847,"m"
3862,-1.84824804613081,16.6825728533014,0.11110627533625,"m"
3863,-1.84817527524871,16.6838594744842,0.11111609694483,"m"
3864,-1.84810300936784,16.6851461429098,0.111125902599429,"m"
3865,-1.84803135747459,16.6864328617971,0.11113569128589,"m"
3866,-1.84796042425678,16.6877196372611,0.11114546201274,"m"
3867,-1.84789023843088,16.6890065266026,0.111155214189439,"m"
3868,-1.8478207636323,16.690293630971,0.111164947568904,"m"
3869,-1.84775196139224,16.6915810529332,0.11117466191516,"m"
3870,-1.8476837932419,16.6928688950564,0.111184356992228,"m"
3871,-1.8476162207125,16.6941572599076,0.111194032564134,"m"
3872,-1.84754920533523,16.6954462500537,0.111203688394898,"m"
3873,-1.8474827086413,16.6967359680618,0.111213324248546,"m"
3874,-1.84741669216192,16.698026516499,0.111222939889099,"m"
3875,-1.84735111742828,16.6993179979322,0.111232535080582,"m"
3876,-1.8472859459716,16.7006105149285,0.111242109587018,"m"
3877,-1.84722113932308,16.701904170055,0.111251663172428,"m"
3878,-1.84715665901393,16.7031990658786,0.111261195600838,"m"
3879,-1.84709246657534,16.7044953049664,0.11127070663627,"m"
3880,-1.84702852353853,16.7057929898853,0.111280196042747,"m"
3881,-1.8469647914347,16.7070922232026,0.111289663584292,"m"
3882,-1.84690123179504,16.7083931074851,0.111299109024929,"m"
3883,-1.84683780615078,16.7096957452999,0.111308532128681,"m"
3884,-1.84677447603311,16.711000239214,0.111317932659571,"m"
3885,-1.84671120297324,16.7123066917945,0.111327310381622,"m"
3886,-1.84664794850237,16.7136152056083,0.111336665058857,"m"
3887,-1.84658467415171,16.7149258832226,0.1113459964553,"m"
3888,-1.84652134145246,16.7162388272044,0.111355304334974,"m"
3889,-1.84645791193583,16.7175541401205,0.111364588461902,"m"
3890,-1.84639434713302,16.7188719245382,0.111373848600107,"m"
3891,-1.84633060857524,16.7201922830245,0.111383084513612,"m"
3892,-1.84626665779369,16.7215153181463,0.111392295966441,"m"
3893,-1.84620245631957,16.7228411324706,0.111401482722617,"m"
3894,-1.8461379656841,16.7241698285646,0.111410644546162,"m"
3895,-1.84607314741847,16.7255015089953,0.111419781201101,"m"
3896,-1.84600796305389,16.7268362763296,0.111428892451457,"m"
3897,-1.84594238263732,16.7281741973754,0.111437978235317,"m"
3898,-1.84587642544957,16.729515132199,0.111447039497128,"m"
3899,-1.84581012842492,16.7308588667365,0.111456077542178,"m"
3900,-1.84574352852033,16.7322051868287,0.111465093676223,"m"
3901,-1.84567666269277,16.7335538783166,0.111474089205013,"m"
3902,-1.84560956789921,16.734904727041,0.111483065434303,"m"
3903,-1.8455422810966,16.7362575188429,0.111492023669846,"m"
3904,-1.84547483924192,16.737612039563,0.111500965217394,"m"
3905,-1.84540727929213,16.7389680750423,0.111509891382701,"m"
3906,-1.84533963820419,16.7403254111216,0.11151880347152,"m"
3907,-1.84527195293507,16.7416838336419,0.111527702789604,"m"
3908,-1.84520426044174,16.7430431284441,0.111536590642706,"m"
3909,-1.84513659768115,16.7444030813689,0.111545468336579,"m"
3910,-1.84506900161028,16.7457634782574,0.111554337176977,"m"
3911,-1.84500150918609,16.7471241049503,0.111563198469652,"m"
3912,-1.84493415736554,16.7484847472886,0.111572053520357,"m"
3913,-1.8448669831056,16.7498451911131,0.111580903634846,"m"
3914,-1.84480002336323,16.7512052222647,0.111589750118871,"m"
3915,-1.8447333150954,16.7525646265844,0.111598594278187,"m"
3916,-1.84466689525908,16.753923189913,0.111607437418545,"m"
3917,-1.84460080081122,16.7552806980913,0.111616280845699,"m"
3918,-1.8445350687088,16.7566369369603,0.111625125865403,"m"
3919,-1.84446973590877,16.7579916923608,0.111633973783408,"m"
3920,-1.84440483936811,16.7593447501338,0.111642825905469,"m"
3921,-1.84434041604378,16.7606958961201,0.111651683537338,"m"
3922,-1.84427650289274,16.7620449161606,0.111660547984769,"m"
3923,-1.84421313687196,16.7633915960961,0.111669420553514,"m"
3924,-1.84415035493841,16.7647357217676,0.111678302549327,"m"
3925,-1.84408819404904,16.766077079016,0.111687195277961,"m"
3926,-1.84402669116082,16.7674154536821,0.111696100045168,"m"
3927,-1.84396587905582,16.7687506445364,0.111705018075007,"m"
3928,-1.84390571773307,16.7700826757575,0.111713949167288,"m"
3929,-1.84384610536982,16.771411762985,0.111722891912072,"m"
3930,-1.84378693817902,16.772738127942,0.11173184486098,"m"
3931,-1.84372811237359,16.7740619923518,0.111740806565633,"m"
3932,-1.84366952416649,16.7753835779374,0.111749775577654,"m"
3933,-1.84361106977064,16.7767031064221,0.111758750448664,"m"
3934,-1.84355264539899,16.778020799529,0.111767729730284,"m"
3935,-1.84349414726447,16.7793368789811,0.111776711974136,"m"
3936,-1.84343547158002,16.7806515665018,0.111785695731841,"m"
3937,-1.84337651455857,16.7819650838141,0.111794679555021,"m"
3938,-1.84331717241308,16.7832776526412,0.111803661995298,"m"
3939,-1.84325734135646,16.7845894947061,0.111812641604293,"m"
3940,-1.84319691760167,16.7859008317322,0.111821616933627,"m"
3941,-1.84313579736163,16.7872118854425,0.111830586534922,"m"
3942,-1.8430738768493,16.7885228775602,0.1118395489598,"m"
3943,-1.84301105227759,16.7898340298085,0.111848502759883,"m"
3944,-1.84294721985946,16.7911455639104,0.111857446486791,"m"
3945,-1.84288227580784,16.7924577015891,0.111866378692146,"m"
3946,-1.84281611633567,16.7937706645679,0.11187529792757,"m"
3947,-1.84274863765588,16.7950846745697,0.111884202744685,"m"
3948,-1.84267973598141,16.7963999533179,0.111893091695111,"m"
3949,-1.84260930752521,16.7977167225355,0.111901963330471,"m"
3950,-1.8425372485002,16.7990352039457,0.111910816202386,"m"
3951,-1.84246345511934,16.8003556192716,0.111919648862477,"m"
3952,-1.84238782359554,16.8016781902365,0.111928459862367,"m"
3953,-1.84231025014176,16.8030031385634,0.111937247753676,"m"
3954,-1.84223063097092,16.8043306859754,0.111946011088026,"m"
3955,-1.84214886229598,16.8056610541959,0.111954748417039,"m"
3956,-1.84206484032986,16.8069944649478,0.111963458292336,"m"
3957,-1.84197846196936,16.8083311390597,0.11197213927333,"m"
3958,-1.84188970958959,16.809671185531,0.111980790893252,"m"
3959,-1.84179873306655,16.8110144942245,0.111989414593602,"m"
3960,-1.8417057017306,16.812360929551,0.111998012037515,"m"
3961,-1.84161078491205,16.8137103559217,0.112006584888126,"m"
3962,-1.84151415194124,16.8150626377474,0.112015134808569,"m"
3963,-1.8414159721485,16.8164176394394,0.11202366346198,"m"
3964,-1.84131641486416,16.8177752254085,0.112032172511494,"m"
3965,-1.84121564941854,16.8191352600658,0.112040663620246,"m"
3966,-1.84111384514199,16.8204976078224,0.112049138451369,"m"
3967,-1.84101117136482,16.8218621330893,0.112057598668,"m"
3968,-1.84090779741737,16.8232287002774,0.112066045933273,"m"
3969,-1.84080389262997,16.8245971737979,0.112074481910323,"m"
3970,-1.84069962633295,16.8259674180617,0.112082908262285,"m"
3971,-1.84059516785663,16.8273392974799,0.112091326652293,"m"
3972,-1.84049068653136,16.8287126764635,0.112099738743483,"m"
3973,-1.84038635168746,16.8300874194235,0.11210814619899,"m"
3974,-1.84028233265525,16.8314633907709,0.112116550681948,"m"
3975,-1.84017879876507,16.8328404549168,0.112124953855492,"m"
3976,-1.84007591934726,16.8342184762723,0.112133357382758,"m"
3977,-1.83997386373213,16.8355973192482,0.11214176292688,"m"
3978,-1.83987280125003,16.8369768482557,0.112150172150992,"m"
3979,-1.83977290123127,16.8383569277058,0.112158586718231,"m"
3980,-1.83967433300619,16.8397374220095,0.11216700829173,"m"
3981,-1.83957726590513,16.8411181955778,0.112175438534625,"m"
3982,-1.8394818692584,16.8424991128218,0.11218387911005,"m"
3983,-1.83938831239635,16.8438800381525,0.112192331681141,"m"
3984,-1.83929676464929,16.8452608359809,0.112200797911032,"m"
3985,-1.83920739534757,16.846641370718,0.112209279462858,"m"
3986,-1.83912037382151,16.8480215067749,0.112217777999754,"m"
3987,-1.83903586940143,16.8494011085625,0.112226295184855,"m"
3988,-1.83895404122369,16.850780048028,0.112234832576236,"m"
3989,-1.83887487310902,16.8521583267218,0.112243389925152,"m"
3990,-1.83879820122705,16.8535360553466,0.112251965461151,"m"
3991,-1.83872385713755,16.8549133480132,0.112260557366274,"m"
3992,-1.83865167240027,16.8562903188321,0.112269163822559,"m"
3993,-1.83858147857497,16.8576670819141,0.112277783012045,"m"
3994,-1.83851310722141,16.8590437513697,0.112286413116771,"m"
3995,-1.83844638989935,16.8604204413097,0.112295052318777,"m"
3996,-1.83838115816855,16.8617972658447,0.112303698800101,"m"
3997,-1.83831724358876,16.8631743390853,0.112312350742783,"m"
3998,-1.83825447771974,16.8645517751423,0.112321006328863,"m"
3999,-1.83819269212125,16.8659296881262,0.112329663740378,"m"
4000,-1.83813171835305,16.8673081921477,0.112338321159368,"m"
4001,-1.83807138797489,16.8686874013176,0.112346976767872,"m"
4002,-1.83801153254653,16.8700674297463,0.11235562874793,"m"
4003,-1.83795198362774,16.8714483915447,0.11236427528158,"m"
4004,-1.83789257277826,16.8728304008233,0.112372914550862,"m"
4005,-1.83783313155786,16.8742135716928,0.112381544737814,"m"
4006,-1.8377734915263,16.8755980182638,0.112390164024477,"m"
4007,-1.83771348424332,16.8769838546471,0.112398770592888,"m"
4008,-1.8376529412687,16.8783711949533,0.112407362625087,"m"
4009,-1.83759169416219,16.879760153293,0.112415938303114,"m"
4010,-1.83752957448354,16.8811508437768,0.112424495809006,"m"
4011,-1.83746641379252,16.8825433805155,0.112433033324805,"m"
4012,-1.83740204364888,16.8839378776198,0.112441549032547,"m"
4013,-1.83733629561238,16.8853344492001,0.112450041114274,"m"
4014,-1.83726900124277,16.8867332093673,0.112458507752023,"m"
4015,-1.83719999209983,16.8881342722319,0.112466947127834,"m"
4016,-1.83712909974329,16.8895377519047,0.112475357423746,"m"
4017,-1.83705615573293,16.8909437624962,0.112483736821798,"m"
4018,-1.83698099227706,16.89235241727,0.112492083510379,"m"
4019,-1.83690352005953,16.8937637269866,0.112500396446052,"m"
4020,-1.83682380217541,16.8951775033301,0.112508676077301,"m"
4021,-1.83674191923082,16.8965935351121,0.11251692302402,"m"
4022,-1.83665795183187,16.8980116111443,0.112525137906101,"m"
4023,-1.8365719805847,16.8994315202381,0.112533321343438,"m"
4024,-1.83648408609542,16.9008530512053,0.112541473955925,"m"
4025,-1.83639434897016,16.9022759928574,0.112549596363455,"m"
4026,-1.83630284981504,16.903700134006,0.112557689185921,"m"
4027,-1.83620966923619,16.9051252634627,0.112565753043218,"m"
4028,-1.83611488783973,16.9065511700391,0.112573788555239,"m"
4029,-1.83601858623178,16.9079776425468,0.112581796341878,"m"
4030,-1.83592084501846,16.9094044697975,0.112589777023027,"m"
4031,-1.83582174480591,16.9108314406026,0.112597731218581,"m"
4032,-1.83572136620023,16.9122583437739,0.112605659548433,"m"
4033,-1.83561978980757,16.9136849681228,0.112613562632477,"m"
4034,-1.83551709623403,16.915111102461,0.112621441090605,"m"
4035,-1.83541336608575,16.9165365356002,0.112629295542712,"m"
4036,-1.83530867996884,16.9179610563518,0.112637126608692,"m"
4037,-1.83520311848943,16.9193844535275,0.112644934908437,"m"
4038,-1.83509676225364,16.9208065159389,0.112652721061842,"m"
4039,-1.8349896918676,16.9222270323976,0.112660485688799,"m"
4040,-1.83488198793743,16.9236457917152,0.112668229409203,"m"
4041,-1.83477373106926,16.9250625827033,0.112675952842947,"m"
4042,-1.83466500186919,16.9264771941735,0.112683656609924,"m"
4043,-1.83455588094337,16.9278894149373,0.112691341330028,"m"
4044,-1.83444644889791,16.9292990338064,0.112699007623153,"m"
4045,-1.83433678633894,16.9307058395924,0.112706656109192,"m"
4046,-1.83422697387258,16.9321096211069,0.112714287408039,"m"
4047,-1.83411709210495,16.9335101671615,0.112721902139587,"m"
4048,-1.83400722164218,16.9349072665677,0.112729500923729,"m"
4049,-1.83389744128336,16.9363007629886,0.112737084418249,"m"
4050,-1.83378782101906,16.9376907674655,0.112744653465624,"m"
4051,-1.83367842815987,16.9390774723896,0.112752208964523,"m"
4052,-1.83356933001574,16.9404610701711,0.112759751813631,"m"
4053,-1.83346059389663,16.9418417532203,0.11276728291163,"m"
4054,-1.83335228711248,16.9432197139475,0.112774803157205,"m"
4055,-1.83324447697324,16.9445951447628,0.112782313449038,"m"
4056,-1.83313723078887,16.9459682380765,0.112789814685814,"m"
4057,-1.83303061586933,16.9473391862989,0.112797307766216,"m"
4058,-1.83292469952455,16.9487081818402,0.112804793588927,"m"
4059,-1.83281954906451,16.9500754171108,0.112812273052631,"m"
4060,-1.83271523179914,16.9514410845208,0.112819747056011,"m"
4061,-1.83261181503839,16.9528053764805,0.112827216497751,"m"
4062,-1.83250936609224,16.9541684854001,0.112834682276534,"m"
4063,-1.83240795227061,16.9555306036899,0.112842145291044,"m"
4064,-1.83230764088347,16.9568919237602,0.112849606439964,"m"
4065,-1.83220849924077,16.9582526380212,0.112857066621978,"m"
4066,-1.83211059465246,16.9596129388832,0.112864526735769,"m"
4067,-1.83201399442849,16.9609730187564,0.112871987680021,"m"
4068,-1.83191876587882,16.962333070051,0.112879450353417,"m"
4069,-1.8318249763134,16.9636932851774,0.112886915654641,"m"
4070,-1.83173269304217,16.9650538565457,0.112894384482376,"m"
4071,-1.8316419833751,16.9664149765663,0.112901857735306,"m"
4072,-1.83155291462213,16.9677768376494,0.112909336312114,"m"
4073,-1.83146555409322,16.9691396322051,0.112916821111484,"m"
4074,-1.83137996909831,16.9705035526439,0.112924313032099,"m"
4075,-1.83129622694737,16.9718687913759,0.112931812972643,"m"
4076,-1.83121439495034,16.9732355408115,0.112939321831799,"m"
4077,-1.83113454041717,16.9746039933607,0.11294684050825,"m"
4078,-1.83105673065782,16.975974341434,0.112954369900681,"m"
4079,-1.8309810323833,16.9773467771263,0.112961910902808,"m"
4080,-1.83090744211502,16.9787214555968,0.112969463826287,"m"
4081,-1.83083582126641,16.9800984609067,0.112977027862371,"m"
4082,-1.83076601589544,16.9814778690364,0.112984602074971,"m"
4083,-1.83069787206011,16.9828597559666,0.112992185528,"m"
4084,-1.83063123581843,16.9842441976779,0.112999777285372,"m"
4085,-1.83056595322837,16.9856312701508,0.113007376411,"m"
4086,-1.83050187034793,16.9870210493661,0.113014981968796,"m"
4087,-1.83043883323511,16.9884136113042,0.113022593022674,"m"
4088,-1.8303766879479,16.9898090319458,0.113030208636546,"m"
4089,-1.83031528054429,16.9912073872715,0.113037827874327,"m"
4090,-1.83025445708227,16.9926087532619,0.113045449799927,"m"
4091,-1.83019406361985,16.9940132058975,0.113053073477262,"m"
4092,-1.830133946215,16.995420821159,0.113060697970243,"m"
4093,-1.83007395092573,16.9968316750269,0.113068322342783,"m"
4094,-1.83001392381003,16.998245843482,0.113075945658796,"m"
4095,-1.8299537109259,16.9996634025046,0.113083566982195,"m"
4096,-1.82989315833131,17.0010844280756,0.113091185376893,"m"
4097,-1.82983211208428,17.0025089961753,0.113098799906802,"m"
4098,-1.82977041824279,17.0039371827846,0.113106409635836,"m"
4099,-1.82970792286483,17.0053690638839,0.113114013627908,"m"
4100,-1.8296444720084,17.0068047154538,0.11312161094693,"m"
4101,-1.82957991173149,17.0082442134749,0.113129200656817,"m"
4102,-1.8295140880921,17.009687633928,0.113136781821479,"m"
4103,-1.82944684714821,17.0111350527934,0.113144353504832,"m"
4104,-1.82937803495783,17.0125865460519,0.113151914770787,"m"
4105,-1.82930749757894,17.014042189684,0.113159464683258,"m"
4106,-1.82923508106954,17.0155020596703,0.113167002306158,"m"
4107,-1.82916063148762,17.0169662319915,0.113174526703399,"m"
4108,-1.82908399489117,17.0184347826281,0.113182036938895,"m"
4109,-1.82900501733819,17.0199077875607,0.113189532076559,"m"
4110,-1.82892358338499,17.021385258657,0.113197011321953,"m"
4111,-1.82883976341781,17.0228668983131,0.113204474564373,"m"
4112,-1.82875368381941,17.0243523156718,0.113211921899145,"m"
4113,-1.82866547098395,17.0258411198569,0.11321935342164,"m"
4114,-1.82857525130562,17.0273329199921,0.113226769227226,"m"
4115,-1.82848315117856,17.0288273252011,0.113234169411273,"m"
4116,-1.82838929699695,17.0303239446077,0.113241554069149,"m"
4117,-1.82829381515495,17.0318223873355,0.113248923296224,"m"
4118,-1.82819683204673,17.0333222625084,0.113256277187867,"m"
4119,-1.82809847406645,17.0348231792499,0.113263615839447,"m"
4120,-1.82799886760828,17.0363247466839,0.113270939346334,"m"
4121,-1.82789813906639,17.0378265739341,0.113278247803895,"m"
4122,-1.82779641483494,17.0393282701243,0.113285541307501,"m"
4123,-1.8276938213081,17.040829444378,0.113292819952521,"m"
4124,-1.82759048488004,17.0423297058192,0.113300083834324,"m"
4125,-1.82748653194491,17.0438286635714,0.113307333048278,"m"
4126,-1.82738208889689,17.0453259267585,0.113314567689754,"m"
4127,-1.82727728213015,17.0468211045041,0.11332178785412,"m"
4128,-1.82717223803884,17.048313805932,0.113328993636745,"m"
4129,-1.82706708301713,17.0498036401659,0.113336185132998,"m"
4130,-1.8269619434592,17.0512902163296,0.11334336243825,"m"
4131,-1.8268569457592,17.0527731435468,0.113350525647868,"m"
4132,-1.8267522163113,17.0542520309411,0.113357674857222,"m"
4133,-1.82664788150968,17.0557264876364,0.113364810161681,"m"
4134,-1.82654406774848,17.0571961227563,0.113371931656615,"m"
4135,-1.82644090142189,17.0586605454246,0.113379039437392,"m"
4136,-1.82633850892407,17.060119364765,0.113386133599381,"m"
4137,-1.82623701664917,17.0615721899013,0.113393214237952,"m"
4138,-1.82613655099138,17.0630186299571,0.113400281448474,"m"
4139,-1.82603723834485,17.0644582940562,0.113407335326316,"m"
4140,-1.82593919494935,17.0658908274811,0.113414375964277,"m"
4141,-1.82584239746064,17.0673163725582,0.113421403419831,"m"
4142,-1.82574672107079,17.0687354329156,0.113428417724772,"m"
4143,-1.82565203868551,17.0701485203226,0.113435418910318,"m"
4144,-1.8255582232105,17.0715561465488,0.113442407007684,"m"
4145,-1.82546514755147,17.0729588233637,0.113449382048086,"m"
4146,-1.82537268461413,17.0743570625367,0.113456344062742,"m"
4147,-1.8252807073042,17.0757513758372,0.113463293082867,"m"
4148,-1.82518908852737,17.0771422750349,0.113470229139677,"m"
4149,-1.82509770118936,17.078530271899,0.11347715226439,"m"
4150,-1.82500641819588,17.0799158781992,0.113484062488222,"m"
4151,-1.82491511245263,17.0812996057049,0.113490959842388,"m"
4152,-1.82482365686533,17.0826819661856,0.113497844358106,"m"
4153,-1.82473192433968,17.0840634714106,0.113504716066591,"m"
4154,-1.82463978778139,17.0854446331496,0.11351157499906,"m"
4155,-1.82454712009617,17.086825963172,0.11351842118673,"m"
4156,-1.82445379418973,17.0882079732473,0.113525254660816,"m"
4157,-1.82435968296777,17.0895911751449,0.113532075452536,"m"
4158,-1.82426465933601,17.0909760806343,0.113538883593105,"m"
4159,-1.82416859620016,17.092363201485,0.113545679113739,"m"
4160,-1.82407136646592,17.0937530494664,0.113552462045656,"m"
4161,-1.823972843039,17.0951461363481,0.113559232420071,"m"
4162,-1.82387289882511,17.0965429738995,0.113565990268201,"m"
4163,-1.82377140672997,17.0979440738901,0.113572735621263,"m"
4164,-1.82366823965927,17.0993499480893,0.113579468510472,"m"
4165,-1.82356327051872,17.1007611082666,0.113586188967045,"m"
4166,-1.82345637221404,17.1021780661916,0.113592897022198,"m"
4167,-1.82334741765094,17.1036013336337,0.113599592707148,"m"
4168,-1.82323627973512,17.1050314223623,0.113606276053111,"m"
4169,-1.82312283137229,17.1064688441469,0.113612947091304,"m"
4170,-1.82300694546816,17.107914110757,0.113619605852942,"m"
4171,-1.8228885346171,17.1093676089071,0.113626252483502,"m"
4172,-1.82276770111857,17.1108291275699,0.113632887674599,"m"
4173,-1.82264460388747,17.1122982773284,0.113639512280838,"m"
4174,-1.82251940184865,17.1137746687345,0.113646127156854,"m"
4175,-1.82239225392693,17.1152579123399,0.11365273315728,"m"
4176,-1.82226331904714,17.1167476186965,0.11365933113675,"m"
4177,-1.82213275613412,17.118243398356,0.113665921949898,"m"
4178,-1.8220007241127,17.1197448618703,0.113672506451358,"m"
4179,-1.82186738190771,17.1212516197912,0.113679085495764,"m"
4180,-1.82173288844397,17.1227632826705,0.113685659937749,"m"
4181,-1.82159740264633,17.1242794610599,0.113692230631949,"m"
4182,-1.82146108343962,17.1257997655113,0.113698798432996,"m"
4183,-1.82132408974866,17.1273238065766,0.113705364195524,"m"
4184,-1.82118658049828,17.1288511948074,0.113711928774167,"m"
4185,-1.82104871461333,17.1303815407557,0.11371849302356,"m"
4186,-1.82091065101863,17.1319144549732,0.113725057798336,"m"
4187,-1.82077254863901,17.1334495480117,0.113731623953129,"m"
4188,-1.8206345663993,17.134986430423,0.113738192342573,"m"
4189,-1.82049686322434,17.136524712759,0.113744763821302,"m"
4190,-1.82035959803896,17.1380640055714,0.113751339243949,"m"
4191,-1.82022292976798,17.1396039194121,0.113757919465149,"m"
4192,-1.82008701733625,17.1411440648328,0.113764505339536,"m"
4193,-1.81995201966859,17.1426840523854,0.113771097721743,"m"
4194,-1.81981809568984,17.1442234926216,0.113777697466404,"m"
4195,-1.81968540432482,17.1457619960933,0.113784305428154,"m"
4196,-1.81955410449837,17.1472991733524,0.113790922461625,"m"
4197,-1.81942435513532,17.1488346349504,0.113797549421453,"m"
4198,-1.81929631516049,17.1503679914394,0.113804187162271,"m"
4199,-1.81917014349874,17.1518988533711,0.113810836538712,"m"
4200,-1.81904599907487,17.1534268312973,0.113817498405411,"m"
4201,-1.81892403149069,17.1549515545541,0.113824173506951,"m"
4202,-1.81880426377834,17.1564729074919,0.113830861093864,"m"
4203,-1.81868662775332,17.1579909582461,0.113837559339946,"m"
4204,-1.81857105321735,17.1595057790095,0.11384426639522,"m"
4205,-1.81845746997214,17.1610174419748,0.11385098040971,"m"
4206,-1.8183458078194,17.1625260193348,0.113857699533442,"m"
4207,-1.81823599656086,17.1640315832821,0.113864421916437,"m"
4208,-1.81812796599823,17.1655342060095,0.113871145708722,"m"
4209,-1.81802164593323,17.1670339597097,0.113877869060319,"m"
4210,-1.81791696616758,17.1685309165755,0.113884590121253,"m"
4211,-1.81781385650299,17.1700251487995,0.113891307041548,"m"
4212,-1.81771224674118,17.1715167285746,0.113898017971227,"m"
4213,-1.81761206668386,17.1730057280935,0.113904721060316,"m"
4214,-1.81751324613276,17.1744922195488,0.113911414458837,"m"
4215,-1.81741571488959,17.1759762751334,0.113918096316816,"m"
4216,-1.81731940275606,17.17745796704,0.113924764784276,"m"
4217,-1.8172242395339,17.1789373674612,0.113931418011241,"m"
4218,-1.81713015502481,17.1804145485898,0.113938054147735,"m"
4219,-1.81703707903053,17.1818895826186,0.113944671343782,"m"
4220,-1.81694494135275,17.1833625417403,0.113951267749407,"m"
4221,-1.81685367179321,17.1848334981476,0.113957841514633,"m"
4222,-1.81676320015362,17.1863025240333,0.113964390789484,"m"
4223,-1.81667345623569,17.1877696915901,0.113970913723985,"m"
4224,-1.81658436984114,17.1892350730107,0.11397740846816,"m"
4225,-1.81649587077169,17.1906987404878,0.113983873172032,"m"
4226,-1.81640788882905,17.1921607662142,0.113990305985625,"m"
4227,-1.81632035381495,17.1936212223826,0.113996705058965,"m"
4228,-1.81623319553109,17.1950801811858,0.114003068542074,"m"
4229,-1.8161463437792,17.1965377148165,0.114009394584977,"m"
4230,-1.81605972836099,17.1979938954674,0.114015681337698,"m"
4231,-1.81597327901065,17.1994487959471,0.114021926968173,"m"
4232,-1.81588692060835,17.2009025333339,0.114028130931979,"m"
4233,-1.81580057000884,17.2023552978997,0.114034294813607,"m"
4234,-1.81571414331435,17.2038072867794,0.114040420397171,"m"
4235,-1.81562755662713,17.2052586971078,0.114046509466786,"m"
4236,-1.81554072604941,17.2067097260199,0.114052563806566,"m"
4237,-1.81545356768343,17.2081605706506,0.114058585200624,"m"
4238,-1.81536599763143,17.2096114281347,0.114064575433075,"m"
4239,-1.81527793199563,17.2110624956072,0.114070536288032,"m"
4240,-1.81518928687829,17.2125139702029,0.11407646954961,"m"
4241,-1.81509997838164,17.2139660490569,0.114082377001923,"m"
4242,-1.81500992260792,17.2154189293039,0.114088260429085,"m"
4243,-1.81491903565936,17.2168728080789,0.114094121615211,"m"
4244,-1.81482723363819,17.2183278825168,0.114099962344413,"m"
4245,-1.81473443264667,17.2197843497525,0.114105784400806,"m"
4246,-1.81464054878702,17.2212424069208,0.114111589568504,"m"
4247,-1.81454549816149,17.2227022511568,0.114117379631622,"m"
4248,-1.81444919687231,17.2241640795953,0.114123156374273,"m"
4249,-1.81435156102171,17.2256280893711,0.114128921580571,"m"
4250,-1.81425250671194,17.2270944776193,0.114134677034631,"m"
4251,-1.81415195004524,17.2285634414747,0.114140424520566,"m"
4252,-1.81404980712383,17.2300351780722,0.11414616582249,"m"
4253,-1.81394599404996,17.2315098845467,0.114151902724519,"m"
4254,-1.81384042692587,17.2329877580331,0.114157637010765,"m"
4255,-1.81373302185379,17.2344689956663,0.114163370465343,"m"
4256,-1.81362369493596,17.2359537945813,0.114169104872366,"m"
4257,-1.81351236227461,17.2374423519129,0.11417484201595,"m"
4258,-1.81339893997199,17.238934864796,0.114180583680207,"m"
4259,-1.81328334413034,17.2404315303656,0.114186331649252,"m"
4260,-1.81316549085188,17.2419325457565,0.1141920877072,"m"
4261,-1.81304529623886,17.2434381081036,0.114197853638163,"m"
4262,-1.812922687305,17.2449483976749,0.114203631145734,"m"
4263,-1.81279773737259,17.2464633685752,0.114209420853793,"m"
4264,-1.81267062430363,17.2479828133122,0.114215222614753,"m"
4265,-1.81254152822083,17.2495065208989,0.114221036264345,"m"
4266,-1.81241062924688,17.2510342803484,0.114226861638297,"m"
4267,-1.81227810750448,17.2525658806738,0.11423269857234,"m"
4268,-1.81214414311631,17.2541011108883,0.114238546902203,"m"
4269,-1.81200891620508,17.255639760005,0.114244406463616,"m"
4270,-1.81187260689347,17.2571816170369,0.114250277092309,"m"
4271,-1.81173539530419,17.2587264709971,0.11425615862401,"m"
4272,-1.81159746155994,17.2602741108988,0.11426205089445,"m"
4273,-1.81145898578339,17.2618243257551,0.114267953739359,"m"
4274,-1.81132014809726,17.263376904579,0.114273866994466,"m"
4275,-1.81118112862423,17.2649316363837,0.114279790495501,"m"
4276,-1.81104210748699,17.2664883101823,0.114285724078194,"m"
4277,-1.81090326480826,17.2680467149878,0.114291667578273,"m"
4278,-1.81076478071071,17.2696066398134,0.11429762083147,"m"
4279,-1.81062683531705,17.2711678736722,0.114303583673513,"m"
4280,-1.81048960874997,17.2727302055773,0.114309555940133,"m"
4281,-1.81035328113216,17.2742934245418,0.114315537467058,"m"
4282,-1.81021803258632,17.2758573195788,0.114321528090019,"m"
4283,-1.81008404323514,17.2774216797013,0.114327527644745,"m"
4284,-1.80995149320133,17.2789862939226,0.114333535966966,"m"
4285,-1.80982056260757,17.2805509512557,0.114339552892412,"m"
4286,-1.80969143157655,17.2821154407136,0.114345578256812,"m"
4287,-1.80956428023099,17.2836795513096,0.114351611895896,"m"
4288,-1.80943928869356,17.2852430720567,0.114357653645394,"m"
4289,-1.80931663708696,17.2868057919681,0.114363703341035,"m"
4290,-1.8091965055339,17.2883675000567,0.114369760818549,"m"
4291,-1.80907907415706,17.2899279853358,0.114375825913666,"m"
4292,-1.80896452115034,17.2914870384055,0.114381898454726,"m"
4293,-1.80885288952167,17.2930445611079,0.114387977752171,"m"
4294,-1.80874400071354,17.2946006376062,0.114394062267622,"m"
4295,-1.80863765563054,17.2961553689639,0.114400150384021,"m"
4296,-1.80853365517724,17.2977088562446,0.114406240484308,"m"
4297,-1.80843180025822,17.2992612005118,0.114412330951424,"m"
4298,-1.80833189177808,17.3008125028291,0.114418420168311,"m"
4299,-1.80823373064138,17.3023628642599,0.11442450651791,"m"
4300,-1.80813711775273,17.3039123858679,0.114430588383161,"m"
4301,-1.80804185401669,17.3054611687165,0.114436664147005,"m"
4302,-1.80794774033786,17.3070093138692,0.114442732192384,"m"
4303,-1.80785457762081,17.3085569223897,0.114448790902238,"m"
4304,-1.80776216677013,17.3101040953413,0.114454838659508,"m"
4305,-1.80767030869041,17.3116509337878,0.114460873847135,"m"
4306,-1.80757880428622,17.3131975387925,0.114466894848061,"m"
4307,-1.80748745446214,17.3147440114191,0.114472900045226,"m"
4308,-1.80739606012277,17.316290452731,0.114478887821571,"m"
4309,-1.80730442217269,17.3178369637918,0.114484856560037,"m"
4310,-1.80721234151647,17.319383645665,0.114490804643565,"m"
4311,-1.8071196190587,17.3209305994141,0.114496730455097,"m"
4312,-1.80702605570397,17.3224779261028,0.114502632377572,"m"
4313,-1.80693145235685,17.3240257267944,0.114508508793933,"m"
4314,-1.80683560992194,17.3255741025526,0.114514358087119,"m"
4315,-1.80673832930381,17.3271231544408,0.114520178640073,"m"
4316,-1.80663941140704,17.3286729835226,0.114525968835734,"m"
4317,-1.80653865713623,17.3302236908616,0.114531727057045,"m"
4318,-1.80643586739595,17.3317753775212,0.114537451686945,"m"
4319,-1.80633084309078,17.3333281445651,0.114543141108376,"m"
4320,-1.80622338512531,17.3348820930566,0.114548793704279,"m"
4321,-1.80611329440413,17.3364373240594,0.114554407857595,"m"
4322,-1.80600037183181,17.337993938637,0.114559981951264,"m"
4323,-1.8058844833088,17.3395520047547,0.11456551495176,"m"
4324,-1.80576575726623,17.3411114566882,0.11457100818255,"m"
4325,-1.80564438841093,17.3426721949632,0.114576463562123,"m"
4326,-1.80552057144975,17.3442341201053,0.114581883008969,"m"
4327,-1.80539450108952,17.3457971326403,0.114587268441577,"m"
4328,-1.8052663720371,17.3473611330939,0.114592621778437,"m"
4329,-1.80513637899932,17.3489260219917,0.114597944938038,"m"
4330,-1.80500471668302,17.3504916998595,0.11460323983887,"m"
4331,-1.80487157979505,17.3520580672229,0.114608508399423,"m"
4332,-1.80473716304225,17.3536250246078,0.114613752538185,"m"
4333,-1.80460166113146,17.3551924725396,0.114618974173647,"m"
4334,-1.80446526876951,17.3567603115443,0.114624175224298,"m"
4335,-1.80432818066327,17.3583284421474,0.114629357608628,"m"
4336,-1.80419059151955,17.3598967648747,0.114634523245125,"m"
4337,-1.80405269604522,17.3614651802519,0.114639674052281,"m"
4338,-1.8039146889471,17.3630335888046,0.114644811948583,"m"
4339,-1.80377676493204,17.3646018910586,0.114649938852522,"m"
4340,-1.80363911870689,17.3661699875395,0.114655056682587,"m"
4341,-1.80350194497848,17.3677377787732,0.114660167357267,"m"
4342,-1.80336543845366,17.3693051652852,0.114665272795053,"m"
4343,-1.80322979383926,17.3708720476012,0.114670374914434,"m"
4344,-1.80309520584213,17.3724383262471,0.114675475633898,"m"
4345,-1.80296186916912,17.3740039017484,0.114680576871937,"m"
4346,-1.80282997852706,17.3755686746309,0.114685680547039,"m"
4347,-1.80269972862279,17.3771325454202,0.114690788577693,"m"
4348,-1.80257131416316,17.3786954146422,0.11469590288239,"m"
4349,-1.80244492985501,17.3802571828224,0.114701025379619,"m"
4350,-1.80232077040518,17.3818177504865,0.114706157987869,"m"
4351,-1.80219903052051,17.3833770181604,0.11471130262563,"m"
4352,-1.80207990490785,17.3849348863696,0.114716461211392,"m"
4353,-1.80196358630128,17.38649125678,0.114721635648093,"m"
4354,-1.80185013258054,17.3880461089933,0.114726826775689,"m"
4355,-1.80173938252433,17.3895995492353,0.114732033707081,"m"
4356,-1.80163115483492,17.3911516953349,0.114737255396916,"m"
4357,-1.80152526821459,17.3927026651205,0.114742490799844,"m"
4358,-1.80142154136563,17.3942525764209,0.114747738870512,"m"
4359,-1.80131979299031,17.3958015470647,0.11475299856357,"m"
4360,-1.80121984179091,17.3973496948805,0.114758268833666,"m"
4361,-1.8011215064697,17.398897137697,0.114763548635449,"m"
4362,-1.80102460572898,17.4004439933428,0.114768836923566,"m"
4363,-1.80092895827101,17.4019903796466,0.114774132652667,"m"
4364,-1.80083438279808,17.4035364144369,0.1147794347774,"m"
4365,-1.80074069801246,17.4050822155425,0.114784742252414,"m"
4366,-1.80064772261644,17.4066279007919,0.114790054032357,"m"
4367,-1.80055527531228,17.4081735880139,0.114795369071878,"m"
4368,-1.80046317480228,17.4097193950371,0.114800686325625,"m"
4369,-1.80037123978871,17.41126543969,0.114806004748247,"m"
4370,-1.80027928897385,17.4128118398014,0.114811323294392,"m"
4371,-1.80018714105997,17.4143587131999,0.11481664091871,"m"
4372,-1.80009461474936,17.4159061777141,0.114821956575847,"m"
4373,-1.8000015287443,17.4174543511727,0.114827269220454,"m"
4374,-1.79990770174706,17.4190033514043,0.114832577807179,"m"
4375,-1.79981295245992,17.4205532962375,0.114837881290669,"m"
4376,-1.79971709958517,17.422104303501,0.114843178625575,"m"
4377,-1.79961996182507,17.4236564910235,0.114848468766543,"m"
4378,-1.79952135788192,17.4252099766336,0.114853750668223,"m"
4379,-1.79942110645798,17.4267648781599,0.114859023285264,"m"
4380,-1.79931902625554,17.428321313431,0.114864285572313,"m"
4381,-1.79921493597688,17.4298794002756,0.11486953648402,"m"
4382,-1.79910865432427,17.4314392565224,0.114874774975033,"m"
4383,-1.799,17.433001,0.11488,"m"
4384,-1.79888884006018,17.4345647182537,0.114885210633328,"m"
4385,-1.79877523497632,17.4361303776956,0.114890406428451,"m"
4386,-1.79865929357374,17.4376979144546,0.114895587058562,"m"
4387,-1.79854112467779,17.4392672646594,0.114900752196854,"m"
4388,-1.79842083711382,17.4408383644388,0.114905901516519,"m"
4389,-1.79829853970715,17.4424111499217,0.11491103469075,"m"
4390,-1.79817434128313,17.4439855572368,0.114916151392739,"m"
4391,-1.7980483506671,17.4455615225129,0.11492125129568,"m"
4392,-1.79792067668439,17.4471389818789,0.114926334072763,"m"
4393,-1.79779142816035,17.4487178714636,0.114931399397182,"m"
4394,-1.79766071392031,17.4502981273956,0.11493644694213,"m"
4395,-1.79752864278962,17.4518796858039,0.114941476380799,"m"
4396,-1.7973953235936,17.4534624828173,0.114946487386381,"m"
4397,-1.79726086515761,17.4550464545645,0.11495147963207,"m"
4398,-1.79712537630698,17.4566315371743,0.114956452791057,"m"
4399,-1.79698896586705,17.4582176667756,0.114961406536535,"m"
4400,-1.79685174266316,17.4598047794972,0.114966340541697,"m"
4401,-1.79671381552065,17.4613928114678,0.114971254479736,"m"
4402,-1.79657529326485,17.4629816988163,0.114976148023843,"m"
4403,-1.79643628472112,17.4645713776714,0.114981020847211,"m"
4404,-1.79629689871477,17.4661617841619,0.114985872623034,"m"
4405,-1.79615724407117,17.4677528544168,0.114990703024502,"m"
4406,-1.79601742961563,17.4693445245646,0.11499551172481,"m"
4407,-1.79587756417351,17.4709367307344,0.115000298397149,"m"
4408,-1.79573775657014,17.4725294090548,0.115005062714713,"m"
4409,-1.79559811563087,17.4741224956547,0.115009804350692,"m"
4410,-1.79545875018102,17.4757159266628,0.115014522978281,"m"
4411,-1.79531976904595,17.477309638208,0.115019218270672,"m"
4412,-1.79518128105098,17.4789035664191,0.115023889901057,"m"
4413,-1.79504339502146,17.4804976474248,0.115028537542629,"m"
4414,-1.79490621244538,17.4820918213987,0.115033160991478,"m"
4415,-1.79476975473567,17.4836860726552,0.115037761384919,"m"
4416,-1.79463399401989,17.4852804126773,0.115042340685781,"m"
4417,-1.79449890170465,17.4868748533451,0.115046900868964,"m"
4418,-1.79436444919652,17.488469406539,0.115051443909373,"m"
4419,-1.79423060790211,17.4900640841394,0.115055971781908,"m"
4420,-1.794097349228,17.4916588980263,0.115060486461474,"m"
4421,-1.79396464458078,17.4932538600802,0.115064989922971,"m"
4422,-1.79383246536705,17.4948489821813,0.115069484141304,"m"
4423,-1.79370078299339,17.49644427621,0.115073971091375,"m"
4424,-1.7935695688664,17.4980397540464,0.115078452748085,"m"
4425,-1.79343879439266,17.499635427571,0.115082931086339,"m"
4426,-1.79330843097878,17.5012313086639,0.115087408081038,"m"
4427,-1.79317845003133,17.5028274092054,0.115091885707084,"m"
4428,-1.79304882295691,17.5044237410759,0.115096365939382,"m"
4429,-1.79291952116211,17.5060203161557,0.115100850752832,"m"
4430,-1.79279051605353,17.5076171463249,0.115105342122338,"m"
4431,-1.79266177903775,17.509214243464,0.115109842022803,"m"
4432,-1.79253328152136,17.5108116194531,0.115114352429128,"m"
4433,-1.79240499491095,17.5124092861726,0.115118875316217,"m"
4434,-1.79227689061312,17.5140072555028,0.115123412658971,"m"
4435,-1.79214894003446,17.515605539324,0.115127966432295,"m"
4436,-1.79202111458155,17.5172041495163,0.115132538611089,"m"
4437,-1.79189338566099,17.5188030979602,0.115137131170257,"m"
4438,-1.79176572467937,17.5204023965359,0.115141746084702,"m"
4439,-1.79163810304328,17.5220020571237,0.115146385329326,"m"
4440,-1.79151049215931,17.5236020916039,0.115151050879031,"m"
4441,-1.79138286343405,17.5252025118568,0.11515574470872,"m"
4442,-1.7912551882741,17.5268033297626,0.115160468793296,"m"
4443,-1.79112743808603,17.5284045572016,0.115165225107661,"m"
4444,-1.79099958427646,17.5300062060541,0.115170015626718,"m"
4445,-1.79087160083316,17.5316082948363,0.115174841544116,"m"
4446,-1.7907434719686,17.5332108683494,0.115179700958812,"m"
4447,-1.7906151844266,17.5348139779027,0.115184591203596,"m"
4448,-1.79048672495097,17.5364176748052,0.115189509611258,"m"
4449,-1.79035808028552,17.5380220103659,0.115194453514589,"m"
4450,-1.79022923717407,17.5396270358941,0.115199420246378,"m"
4451,-1.79010018236045,17.5412328026987,0.115204407139416,"m"
4452,-1.78997090258845,17.5428393620888,0.115209411526493,"m"
4453,-1.78984138460191,17.5444467653735,0.1152144307404,"m"
4454,-1.78971161514464,17.546055063862,0.115219462113926,"m"
4455,-1.78958158096045,17.5476643088632,0.115224502979862,"m"
4456,-1.78945126879316,17.5492745516863,0.115229550670997,"m"
4457,-1.78932066538658,17.5508858436403,0.115234602520123,"m"
4458,-1.78918975748454,17.5524982360344,0.11523965586003,"m"
4459,-1.78905853183085,17.5541117801776,0.115244708023507,"m"
4460,-1.78892697516932,17.555726527379,0.115249756343345,"m"
4461,-1.78879507424377,17.5573425289477,0.115254798152333,"m"
4462,-1.78866281579802,17.5589598361927,0.115259830783264,"m"
4463,-1.78853018657588,17.5605785004232,0.115264851568925,"m"
4464,-1.78839717332117,17.5621985729482,0.115269857842109,"m"
4465,-1.78826376277771,17.5638201050768,0.115274846935604,"m"
4466,-1.78812994168931,17.5654431481181,0.115279816182201,"m"
4467,-1.78799569679979,17.5670677533812,0.115284762914691,"m"
4468,-1.78786101485297,17.5686939721751,0.115289684465863,"m"
4469,-1.78772588259265,17.570321855809,0.115294578168509,"m"
4470,-1.78759028676266,17.571951455592,0.115299441355417,"m"
4471,-1.78745421410681,17.573582822833,0.115304271359378,"m"
4472,-1.78731765136893,17.5752160088412,0.115309065513183,"m"
4473,-1.78718058529282,17.5768510649257,0.115313821149622,"m"
4474,-1.7870430026223,17.5784880423956,0.115318535601484,"m"
4475,-1.78690489582734,17.5801269829176,0.115323206447276,"m"
4476,-1.7867663191523,17.5817678241373,0.115327833916308,"m"
4477,-1.78662736453257,17.5834104402321,0.115332419855257,"m"
4478,-1.78648812444134,17.5850547044743,0.115336966133873,"m"
4479,-1.78634869135177,17.5867004901358,0.115341474621906,"m"
4480,-1.78620915773703,17.5883476704889,0.115345947189109,"m"
4481,-1.78606961607028,17.5899961188057,0.115350385705232,"m"
4482,-1.78593015882469,17.5916457083581,0.115354792040027,"m"
4483,-1.78579087847343,17.5932963124184,0.115359168063243,"m"
4484,-1.78565186748967,17.5949478042587,0.115363515644633,"m"
4485,-1.78551321834658,17.5966000571509,0.115367836653947,"m"
4486,-1.78537502351732,17.5982529443674,0.115372132960937,"m"
4487,-1.78523737547506,17.5999063391801,0.115376406435354,"m"
4488,-1.78510036669298,17.6015601148612,0.115380658946947,"m"
4489,-1.78496408964423,17.6032141446827,0.11538489236547,"m"
4490,-1.784828636802,17.6048683019169,0.115389108560672,"m"
4491,-1.78469410063943,17.6065224598357,0.115393309402305,"m"
4492,-1.78456057362971,17.6081764917113,0.11539749676012,"m"
4493,-1.78442814824601,17.6098302708158,0.115401672503867,"m"
4494,-1.78429691696148,17.6114836704213,0.115405838503299,"m"
4495,-1.7841669722493,17.6131365637999,0.115409996628165,"m"
4496,-1.78403840658263,17.6147888242237,0.115414148748218,"m"
4497,-1.78391131243465,17.6164403249648,0.115418296733208,"m"
4498,-1.78378578227852,17.6180909392954,0.115422442452885,"m"
4499,-1.78366190858742,17.6197405404874,0.115426587777002,"m"
4500,-1.78353978383449,17.6213890018132,0.115430734575309,"m"
4501,-1.78341950049293,17.6230361965446,0.115434884717558,"m"
4502,-1.78330115103589,17.6246819979539,0.115439040073499,"m"
4503,-1.78318482793654,17.6263262793131,0.115443202512883,"m"
4504,-1.78307062366806,17.6279689138944,0.115447373905462,"m"
4505,-1.7829586287718,17.6296097770103,0.115451556097851,"m"
4506,-1.78284884445787,17.6312488383278,0.115455749866823,"m"
4507,-1.78274114691277,17.6328861995675,0.115459954491852,"m"
4508,-1.78263540299894,17.6345219722986,0.115464169140746,"m"
4509,-1.7825314795788,17.6361562680901,0.115468392981314,"m"
4510,-1.78242924351478,17.6377891985112,0.115472625181363,"m"
4511,-1.78232856166932,17.639420875131,0.115476864908701,"m"
4512,-1.78222930090484,17.6410514095185,0.115481111331138,"m"
4513,-1.78213132808377,17.6426809132429,0.115485363616479,"m"
4514,-1.78203451006854,17.6443094978733,0.115489620932534,"m"
4515,-1.78193871372158,17.6459372749787,0.115493882447111,"m"
4516,-1.78184380590533,17.6475643561283,0.115498147328017,"m"
4517,-1.7817496534822,17.6491908528911,0.115502414743061,"m"
4518,-1.78165612331464,17.6508168768363,0.11550668386005,"m"
4519,-1.78156308226506,17.6524425395329,0.115510953846793,"m"
4520,-1.78147039719591,17.6540679525501,0.115515223871098,"m"
4521,-1.7813779349696,17.6556932274569,0.115519493100772,"m"
4522,-1.78128556244857,17.6573184758224,0.115523760703625,"m"
4523,-1.78119314649525,17.6589438092159,0.115528025847463,"m"
4524,-1.78110055397207,17.6605693392062,0.115532287700094,"m"
4525,-1.78100765174145,17.6621951773626,0.115536545429328,"m"
4526,-1.78091430666583,17.6638214352541,0.115540798202972,"m"
4527,-1.78082038560764,17.6654482244499,0.115545045188833,"m"
4528,-1.7807257554293,17.667075656519,0.115549285554721,"m"
4529,-1.78063028299325,17.6687038430305,0.115553518468442,"m"
4530,-1.78053383516192,17.6703328955536,0.115557743097806,"m"
4531,-1.78043627879773,17.6719629256573,0.115561958610619,"m"
4532,-1.78033748076311,17.6735940449107,0.115566164174691,"m"
4533,-1.7802373079205,17.675226364883,0.115570358957828,"m"
4534,-1.78013562713232,17.6768599971431,0.11557454212784,"m"
4535,-1.78003230526101,17.6784950532603,0.115578712852534,"m"
4536,-1.77992721659513,17.6801316347994,0.115582870346657,"m"
4537,-1.77982031462143,17.6817697366326,0.115587014325547,"m"
4538,-1.77971160072823,17.6834092891007,0.115591144807317,"m"
4539,-1.77960107697022,17.6850502216472,0.115595261814291,"m"
4540,-1.77948874540212,17.6866924637151,0.115599365368793,"m"
4541,-1.77937460807862,17.6883359447478,0.115603455493148,"m"
4542,-1.77925866705444,17.6899805941884,0.11560753220968,"m"
4543,-1.77914092438428,17.6916263414803,0.115611595540713,"m"
4544,-1.77902138212284,17.6932731160666,0.115615645508572,"m"
4545,-1.77890004232483,17.6949208473906,0.11561968213558,"m"
4546,-1.77877690704496,17.6965694648956,0.115623705444063,"m"
4547,-1.77865197833793,17.6982188980247,0.115627715456344,"m"
4548,-1.77852525825844,17.6998690762212,0.115631712194748,"m"
4549,-1.77839674886121,17.7015199289284,0.1156356956816,"m"
4550,-1.77826645220093,17.7031713855895,0.115639665939222,"m"
4551,-1.77813437033232,17.7048233756477,0.115643622989941,"m"
4552,-1.77800050531007,17.7064758285463,0.11564756685608,"m"
4553,-1.7778648591889,17.7081286737285,0.115651497559963,"m"
4554,-1.7777274340235,17.7097818406376,0.115655415123915,"m"
4555,-1.77758823186859,17.7114352587167,0.11565931957026,"m"
4556,-1.77744725477887,17.7130888574092,0.115663210921322,"m"
4557,-1.77730450480904,17.7147425661583,0.115667089199426,"m"
4558,-1.77715998401381,17.7163963144071,0.115670954426896,"m"
4559,-1.77701369444789,17.718050031599,0.115674806626057,"m"
4560,-1.77686563816597,17.7197036471772,0.115678645819232,"m"
4561,-1.77671581722278,17.7213570905849,0.115682472028746,"m"
4562,-1.776564233673,17.7230102912654,0.115686285276923,"m"
4563,-1.77641088957135,17.7246631786618,0.115690085586088,"m"
4564,-1.77625578697254,17.7263156822176,0.115693872978565,"m"
4565,-1.77609892793126,17.7279677313758,0.115697647476679,"m"
4566,-1.77594031565902,17.7296192565696,0.115701409106192,"m"
4567,-1.7757800057661,17.7312702330694,0.115705158048661,"m"
4568,-1.7756181265698,17.732920698361,0.115708894701811,"m"
4569,-1.77545481174299,17.7345706945125,0.115712619479295,"m"
4570,-1.77529019495854,17.7362202635924,0.115716332794761,"m"
4571,-1.77512440988931,17.7378694476688,0.11572003506186,"m"
4572,-1.77495759020816,17.7395182888102,0.115723726694243,"m"
4573,-1.77478986958796,17.7411668290848,0.115727408105559,"m"
4574,-1.77462138170159,17.7428151105609,0.115731079709459,"m"
4575,-1.77445226022189,17.7444631753069,0.115734741919593,"m"
4576,-1.77428263882174,17.7461110653911,0.115738395149611,"m"
4577,-1.77411265117401,17.7477588228817,0.115742039813164,"m"
4578,-1.77394243095155,17.7494064898471,0.115745676323902,"m"
4579,-1.77377211182724,17.7510541083556,0.115749305095474,"m"
4580,-1.77360182747394,17.7527017204755,0.115752926541532,"m"
4581,-1.77343171156452,17.7543493682752,0.115756541075725,"m"
4582,-1.77326189777183,17.7559970938228,0.115760149111704,"m"
4583,-1.77309251976876,17.7576449391868,0.115763751063118,"m"
4584,-1.77292371122815,17.7592929464355,0.115767347343619,"m"
4585,-1.77275560582289,17.7609411576371,0.115770938366856,"m"
4586,-1.77258833722583,17.76258961486,0.11577452454648,"m"
4587,-1.77242203910984,17.7642383601725,0.115778106296141,"m"
4588,-1.77225684514778,17.7658874356429,0.115781684029489,"m"
4589,-1.77209288901252,17.7675368833394,0.115785258160174,"m"
4590,-1.77193030437693,17.7691867453306,0.115788829101847,"m"
4591,-1.77176922491387,17.7708370636845,0.115792397268157,"m"
4592,-1.77160978429621,17.7724878804696,0.115795963072756,"m"
4593,-1.77145211619681,17.7741392377541,0.115799526929293,"m"
4594,-1.77129635428853,17.7757911776064,0.115803089251418,"m"
4595,-1.77114263224426,17.7774437420947,0.115806650452782,"m"
4596,-1.77099108372887,17.7790969732856,0.115810210947028,"m"
4597,-1.77084179690569,17.7807509023037,0.115813771103594,"m"
4598,-1.77069470747299,17.7824055236112,0.115817331143809,"m"
4599,-1.77054971923146,17.7840608239999,0.115820891258011,"m"
4600,-1.77040673598178,17.7857167902617,0.115824451636541,"m"
4601,-1.77026566152463,17.7873734091883,0.115828012469739,"m"
4602,-1.7701263996607,17.7890306675716,0.115831573947944,"m"
4603,-1.76998885419068,17.7906885522035,0.115835136261497,"m"
4604,-1.76985292891524,17.7923470498757,0.115838699600737,"m"
4605,-1.76971852763507,17.7940061473801,0.115842264156004,"m"
4606,-1.76958555415085,17.7956658315085,0.115845830117638,"m"
4607,-1.76945391226327,17.7973260890527,0.115849397675979,"m"
4608,-1.76932350577302,17.7989869068045,0.115852967021367,"m"
4609,-1.76919423848077,17.8006482715559,0.115856538344142,"m"
4610,-1.76906601418721,17.8023101700985,0.115860111834643,"m"
4611,-1.76893873669303,17.8039725892243,0.115863687683211,"m"
4612,-1.7688123097989,17.8056355157251,0.115867266080186,"m"
4613,-1.76868663730552,17.8072989363926,0.115870847215906,"m"
4614,-1.76856162301357,17.8089628380188,0.115874431280713,"m"
4615,-1.76843717072372,17.8106272073953,0.115878018464946,"m"
4616,-1.76831318423667,17.8122920313142,0.115881608958945,"m"
4617,-1.7681895673531,17.8139572965671,0.11588520295305,"m"
4618,-1.76806622387369,17.815622989946,0.1158888006376,"m"
4619,-1.76794305759912,17.8172890982426,0.115892402202936,"m"
4620,-1.76781997233009,17.8189556082488,0.115896007839398,"m"
4621,-1.76769687186728,17.8206225067564,0.115899617737325,"m"
4622,-1.76757366001136,17.8222897805572,0.115903232087057,"m"
4623,-1.76745024056302,17.8239574164431,0.115906851078934,"m"
4624,-1.76732651732295,17.8256254012058,0.115910474903297,"m"
4625,-1.76720239409184,17.8272937216372,0.115914103750484,"m"
4626,-1.76707777467035,17.8289623645292,0.115917737810836,"m"
4627,-1.76695256391694,17.8306313173093,0.115921377267362,"m"
4628,-1.76682671363063,17.8323005956207,0.115925021977718,"m"
4629,-1.76670024018687,17.8339702539225,0.115928671351976,"m"
4630,-1.76657316465885,17.8356403494977,0.115932324767646,"m"
4631,-1.76644550811977,17.8373109396293,0.115935981602238,"m"
4632,-1.76631729164286,17.8389820816003,0.115939641233262,"m"
4633,-1.7661885363013,17.8406538326937,0.115943303038229,"m"
4634,-1.76605926316831,17.8423262501924,0.115946966394647,"m"
4635,-1.76592949331709,17.8439993913794,0.115950630680028,"m"
4636,-1.76579924782085,17.8456733135377,0.115954295271881,"m"
4637,-1.76566854775278,17.8473480739503,0.115957959547716,"m"
4638,-1.76553741418611,17.8490237299001,0.115961622885044,"m"
4639,-1.76540586819402,17.8507003386702,0.115965284661375,"m"
4640,-1.76527393084973,17.8523779575435,0.115968944254218,"m"
4641,-1.76514162322645,17.854056643803,0.115972601041084,"m"
4642,-1.76500896639737,17.8557364547317,0.115976254399483,"m"
4643,-1.7648759814357,17.8574174476125,0.115979903706925,"m"
4644,-1.76474268941465,17.8590996797285,0.11598354834092,"m"
4645,-1.76460911140742,17.8607832083626,0.115987187678977,"m"
4646,-1.76447526848722,17.8624680907978,0.115990821098608,"m"
4647,-1.76434118172726,17.864154384317,0.115994447977323,"m"
4648,-1.76420687220073,17.8658421462033,0.11599806769263,"m"
4649,-1.76407236098085,17.8675314337396,0.116001679622041,"m"
4650,-1.76393766914081,17.869222304209,0.116005283143066,"m"
4651,-1.76380281775383,17.8709148148943,0.116008877633214,"m"
4652,-1.76366782789311,17.8726090230786,0.116012462469995,"m"
4653,-1.76353272063185,17.8743049860449,0.116016037030921,"m"
4654,-1.76339751704326,17.8760027610761,0.1160196006935,"m"
4655,-1.76326223820054,17.8777024054552,0.116023152835243,"m"
4656,-1.76312690517691,17.8794039764652,0.11602669283366,"m"
4657,-1.76299153904567,17.8811075313814,0.116030220066281,"m"
4658,-1.76285616140366,17.8828130898979,0.116033734008225,"m"
4659,-1.76272079558513,17.8845205469918,0.116037234458475,"m"
4660,-1.76258546528425,17.8862297718027,0.116040721283104,"m"
4661,-1.7624501941952,17.8879406334699,0.116044194348188,"m"
4662,-1.76231500601214,17.8896530011331,0.116047653519803,"m"
4663,-1.76217992442927,17.8913667439317,0.116051098664024,"m"
4664,-1.76204497314074,17.8930817310052,0.116054529646926,"m"
4665,-1.76191017584073,17.8947978314933,0.116057946334584,"m"
4666,-1.76177555622342,17.8965149145353,0.116061348593073,"m"
4667,-1.76164113798299,17.8982328492708,0.11606473628847,"m"
4668,-1.76150694481361,17.8999515048392,0.116068109286848,"m"
4669,-1.76137300040945,17.9016707503802,0.116071467454284,"m"
4670,-1.76123932846468,17.9033904550333,0.116074810656853,"m"
4671,-1.76110595267349,17.9051104879378,0.116078138760629,"m"
4672,-1.76097289673005,17.9068307182334,0.116081451631688,"m"
4673,-1.76084018432853,17.9085510150596,0.116084749136106,"m"
4674,-1.76070783916311,17.9102712475558,0.116088031139958,"m"
4675,-1.76057588492796,17.9119912848616,0.116091297509318,"m"
4676,-1.76044434531726,17.9137109961165,0.116094548110263,"m"
4677,-1.76031324402517,17.91543025046,0.116097782808867,"m"
4678,-1.76018260474589,17.9171489170316,0.116101001471206,"m"
4679,-1.76005245117357,17.9188668649709,0.116104203963355,"m"
4680,-1.7599228070024,17.9205839634173,0.116107390151389,"m"
4681,-1.75979369592656,17.9223000815103,0.116110559901384,"m"
4682,-1.7596651416402,17.9240150883895,0.116113713079415,"m"
4683,-1.75953716783752,17.9257288531944,0.116116849551556,"m"
4684,-1.75940979821268,17.9274412450644,0.116119969183884,"m"
4685,-1.75928305645986,17.9291521331392,0.116123071842473,"m"
4686,-1.75915696627324,17.9308613865581,0.1161261573934,"m"
4687,-1.75903155134698,17.9325688744608,0.116129225702738,"m"
4688,-1.75890682652315,17.9342744832007,0.116132276710109,"m"
4689,-1.75878272875639,17.9359782505926,0.11613531100224,"m"
4690,-1.7586591545383,17.9376802931364,0.11613832950203,"m"
4691,-1.7585360000152,17.9393807280034,0.116141333135252,"m"
4692,-1.7584131613334,17.9410796723651,0.116144322827676,"m"
4693,-1.75829053463923,17.9427772433928,0.116147299505073,"m"
4694,-1.75816801607899,17.9444735582579,0.116150264093213,"m"
4695,-1.75804550179901,17.9461687341317,0.116153217517866,"m"
4696,-1.7579228879456,17.9478628881857,0.116156160704804,"m"
4697,-1.75780007066508,17.9495561375911,0.116159094579797,"m"
4698,-1.75767694610376,17.9512485995194,0.116162020068616,"m"
4699,-1.75755341040796,17.9529403911419,0.11616493809703,"m"
4700,-1.757429359724,17.95463162963,0.116167849590812,"m"
4701,-1.7573046901982,17.956322432155,0.11617075547573,"m"
4702,-1.75717929797686,17.9580129158884,0.116173656677557,"m"
4703,-1.75705307920632,17.9597031980014,0.116176554122063,"m"
4704,-1.75692593003287,17.9613933956656,0.116179448735017,"m"
4705,-1.75679774660285,17.9630836260522,0.116182341442192,"m"
4706,-1.75666842506256,17.9647740063325,0.116185233169356,"m"
4707,-1.75653786155832,17.9664646536781,0.116188124842282,"m"
4708,-1.75640595223645,17.9681556852602,0.11619101738674,"m"
4709,-1.75627259324327,17.9698472182502,0.116193911728499,"m"
4710,-1.7561376807251,17.9715393698194,0.116196808793332,"m"
4711,-1.75600111082824,17.9732322571394,0.116199709507007,"m"
4712,-1.75586277969902,17.9749259973813,0.116202614795297,"m"
4713,-1.75572258348375,17.9766207077166,0.116205525583972,"m"
4714,-1.75558041832874,17.9783165053167,0.116208442798801,"m"
4715,-1.75543618038033,17.9800135073529,0.116211367365557,"m"
4716,-1.75528976578481,17.9817118309966,0.116214300210009,"m"
4717,-1.75514107068851,17.9834115934191,0.116217242257928,"m"
4718,-1.75498999125035,17.9851129117827,0.116220194434993,"m"
4719,-1.75483647722859,17.9868158638547,0.116223157276689,"m"
4720,-1.75468065455049,17.9885203979219,0.116226130036022,"m"
4721,-1.75452268528354,17.9902264357084,0.116229111702903,"m"
4722,-1.75436273149523,17.9919338989383,0.116232101267245,"m"
4723,-1.75420095525306,17.9936427093358,0.116235097718957,"m"
4724,-1.75403751862451,17.9953527886252,0.116238100047953,"m"
4725,-1.75387258367708,17.9970640585305,0.116241107244143,"m"
4726,-1.75370631247825,17.998776440776,0.116244118297439,"m"
4727,-1.75353886709552,18.0004898570858,0.116247132197752,"m"
4728,-1.75337040959638,18.0022042291841,0.116250147934994,"m"
4729,-1.75320110204831,18.003919478795,0.116253164499077,"m"
4730,-1.75303110651882,18.0056355276428,0.116256180879911,"m"
4731,-1.7528605850754,18.0073522974516,0.116259196067409,"m"
4732,-1.75268969978552,18.0090697099456,0.116262209051481,"m"
4733,-1.75251861271669,18.0107876868489,0.116265218822039,"m"
4734,-1.7523474859364,18.0125061498857,0.116268224368995,"m"
4735,-1.75217648151213,18.0142250207802,0.116271224682261,"m"
4736,-1.75200576151138,18.0159442212566,0.116274218751747,"m"
4737,-1.75183548800164,18.017663673039,0.116277205567365,"m"
4738,-1.7516658230504,18.0193832978516,0.116280184119027,"m"
4739,-1.75149692872515,18.0211030174186,0.116283153396643,"m"
4740,-1.75132896709338,18.0228227534642,0.116286112390127,"m"
4741,-1.75116210022259,18.0245424277125,0.116289060089388,"m"
4742,-1.75099649018026,18.0262619618876,0.116291995484339,"m"
4743,-1.75083229903389,18.0279812777138,0.116294917564891,"m"
4744,-1.75066968885096,18.0297002969153,0.116297825320956,"m"
4745,-1.75050882169897,18.0314189412162,0.116300717742445,"m"
4746,-1.75034985964542,18.0331371323406,0.116303593819269,"m"
4747,-1.75019296475778,18.0348547920128,0.11630645254134,"m"
4748,-1.75003829910355,18.0365718419569,0.116309292898569,"m"
4749,-1.74988600605233,18.0382882137438,0.116312114002586,"m"
4750,-1.74973606623275,18.040003924646,0.116314916024416,"m"
4751,-1.74958837647916,18.0417190360638,0.11631769968056,"m"
4752,-1.74944283293339,18.043433609762,0.116320465692028,"m"
4753,-1.7492993317373,18.0451477075054,0.116323214779829,"m"
4754,-1.7491577690327,18.0468613910589,0.116325947664972,"m"
4755,-1.74901804096145,18.0485747221871,0.116328665068467,"m"
4756,-1.74888004366537,18.050287762655,0.116331367711323,"m"
4757,-1.7487436732863,18.0520005742274,0.11633405631455,"m"
4758,-1.74860882596609,18.053713218669,0.116336731599157,"m"
4759,-1.74847539784656,18.0554257577448,0.116339394286154,"m"
4760,-1.74834328506956,18.0571382532194,0.116342045096549,"m"
4761,-1.74821238377692,18.0588507668578,0.116344684751352,"m"
4762,-1.74808259011049,18.0605633604247,0.116347313971573,"m"
4763,-1.74795380021209,18.062276095685,0.116349933478221,"m"
4764,-1.74782591022356,18.0639890344035,0.116352543992306,"m"
4765,-1.74769881628675,18.065702238345,0.116355146234836,"m"
4766,-1.74757241454349,18.0674157692743,0.116357740926822,"m"
4767,-1.74744660113561,18.0691296889562,0.116360328789272,"m"
4768,-1.74732127220495,18.0708440591556,0.116362910543196,"m"
4769,-1.74719632389336,18.0725589416372,0.116365486909604,"m"
4770,-1.74707165234267,18.0742743981659,0.116368058609505,"m"
4771,-1.74694715369471,18.0759904905065,0.116370626363907,"m"
4772,-1.74682272409132,18.0777072804238,0.116373190893822,"m"
4773,-1.74669825967434,18.0794248296827,0.116375752920257,"m"
4774,-1.74657365658561,18.0811432000478,0.116378313164223,"m"
4775,-1.74644881096696,18.0828624532842,0.116380872346729,"m"
4776,-1.74632361896023,18.0845826511565,0.116383431188783,"m"
4777,-1.74619797670727,18.0863038554297,0.116385990411397,"m"
4778,-1.74607178034989,18.0880261278684,0.116388550735579,"m"
4779,-1.74594492810112,18.0897495281832,0.116391112873454,"m"
4780,-1.74581738451191,18.0914740502856,0.116393677252616,"m"
4781,-1.74568919290051,18.0931996099596,0.116396243962812,"m"
4782,-1.74556040116521,18.0949261184465,0.116398813074146,"m"
4783,-1.74543105720431,18.0966534869875,0.11640138465672,"m"
4784,-1.74530120891612,18.0983816268238,0.116403958780638,"m"
4785,-1.74517090419892,18.1001104491968,0.116406535516004,"m"
4786,-1.74504019095101,18.1018398653476,0.116409114932921,"m"
4787,-1.74490911707069,18.1035697865175,0.116411697101491,"m"
4788,-1.74477773045627,18.1053001239478,0.116414282091819,"m"
4789,-1.74464607900602,18.1070307888796,0.116416869974007,"m"
4790,-1.74451421061825,18.1087616925543,0.11641946081816,"m"
4791,-1.74438217319127,18.1104927462131,0.11642205469438,"m"
4792,-1.74425001462335,18.1122238610972,0.11642465167277,"m"
4793,-1.74411778281281,18.1139549484478,0.116427251823434,"m"
4794,-1.74398552565793,18.1156859195063,0.116429855216475,"m"
4795,-1.74385329105702,18.1174166855138,0.116432461921997,"m"
4796,-1.74372112690837,18.1191471577116,0.116435072010102,"m"
4797,-1.74358908111027,18.120877247341,0.116437685550895,"m"
4798,-1.74345720156103,18.1226068656431,0.116440302614478,"m"
4799,-1.74332553615894,18.1243359238593,0.116442923270954,"m"
4800,-1.7431941328023,18.1260643332308,0.116445547590428,"m"
4801,-1.7430630393894,18.1277920049988,0.116448175643002,"m"
4802,-1.74293230381855,18.1295188504046,0.11645080749878,"m"
4803,-1.74280197398803,18.1312447806894,0.116453443227864,"m"
4804,-1.74267209779615,18.1329697070944,0.116456082900359,"m"
4805,-1.7425427231412,18.134693540861,0.116458726586367,"m"
4806,-1.74241389792148,18.1364161932303,0.116461374355992,"m"
4807,-1.74228567003528,18.1381375754436,0.116464026279338,"m"
4808,-1.7421580873809,18.1398575987421,0.116466682426506,"m"
4809,-1.74203119785665,18.1415761743672,0.116469342867602,"m"
4810,-1.7419050380372,18.1432932298621,0.116472007625319,"m"
4811,-1.74177954700135,18.1450088331316,0.116474676314164,"m"
4812,-1.74165461407424,18.1467231237089,0.116477348340339,"m"
4813,-1.74153012818293,18.1484362417003,0.116480023108382,"m"
4814,-1.74140597825453,18.1501483272119,0.116482700022827,"m"
4815,-1.74128205321612,18.15185952035,0.11648537848821,"m"
4816,-1.74115824199478,18.1535699612209,0.116488057909068,"m"
4817,-1.74103443351759,18.1552797899308,0.116490737689936,"m"
4818,-1.74091051671164,18.1569891465859,0.11649341723535,"m"
4819,-1.74078638050401,18.1586981712925,0.116496095949846,"m"
4820,-1.7406619138218,18.1604070041569,0.116498773237961,"m"
4821,-1.74053700559208,18.1621157852852,0.116501448504229,"m"
4822,-1.74041154474194,18.1638246547838,0.116504121153188,"m"
4823,-1.74028542019846,18.1655337527588,0.116506790589372,"m"
4824,-1.74015852088874,18.1672432193166,0.116509456217318,"m"
4825,-1.74003073573984,18.1689531945633,0.116512117441562,"m"
4826,-1.73990195367887,18.1706638186052,0.116514773666639,"m"
4827,-1.73977206363289,18.1723752315486,0.116517424297086,"m"
4828,-1.73964095452901,18.1740875734997,0.116520068737439,"m"
4829,-1.73950851529429,18.1758009845647,0.116522706392232,"m"
4830,-1.73937463485584,18.1775156048499,0.116525336666004,"m"
4831,-1.73923920214073,18.1792315744615,0.116527958963288,"m"
4832,-1.73910210607604,18.1809490335058,0.116530572688622,"m"
4833,-1.73896323558887,18.182668122089,0.116533177246541,"m"
4834,-1.73882247960629,18.1843889803174,0.11653577204158,"m"
4835,-1.73867972705539,18.1861117482971,0.116538356478277,"m"
4836,-1.73853486686326,18.1878365661346,0.116540929961167,"m"
4837,-1.73838778795698,18.1895635739359,0.116543491894786,"m"
4838,-1.73823837926363,18.1912929118074,0.116546041683669,"m"
4839,-1.73808652971031,18.1930247198552,0.116548578732353,"m"
4840,-1.73793213244021,18.1947591337633,0.116551102453079,"m"
4841,-1.73777521328752,18.196496150032,0.116553612500617,"m"
4842,-1.7376159543041,18.1982356013008,0.116556108815262,"m"
4843,-1.73745454650259,18.1999773108095,0.116558591353689,"m"
4844,-1.73729118089563,18.2017211017984,0.116561060072573,"m"
4845,-1.73712604849588,18.2034667975073,0.116563514928586,"m"
4846,-1.73695934031596,18.2052142211765,0.116565955878404,"m"
4847,-1.73679124736854,18.2069631960459,0.116568382878702,"m"
4848,-1.73662196066624,18.2087135453556,0.116570795886153,"m"
4849,-1.73645167122172,18.2104650923457,0.116573194857431,"m"
4850,-1.73628057004763,18.2122176602561,0.116575579749212,"m"
4851,-1.73610884815659,18.2139710723271,0.116577950518169,"m"
4852,-1.73593669656127,18.2157251517985,0.116580307120977,"m"
4853,-1.7357643062743,18.2174797219105,0.11658264951431,"m"
4854,-1.73559186830832,18.2192346059032,0.116584977654843,"m"
4855,-1.73541957367599,18.2209896270165,0.116587291499249,"m"
4856,-1.73524761338994,18.2227446084906,0.116589591004204,"m"
4857,-1.73507617846283,18.2244993735655,0.116591876126381,"m"
4858,-1.73490545990729,18.2262537454812,0.116594146822455,"m"
4859,-1.73473564873596,18.2280075474778,0.1165964030491,"m"
4860,-1.7345669359615,18.2297606027954,0.11659864476299,"m"
4861,-1.73439951259655,18.2315127346739,0.116600871920801,"m"
4862,-1.73423356965375,18.2332637663536,0.116603084479205,"m"
4863,-1.73406929814574,18.2350135210744,0.116605282394878,"m"
4864,-1.73390688908517,18.2367618220763,0.116607465624494,"m"
4865,-1.73374653348469,18.2385084925995,0.116609634124727,"m"
4866,-1.73358842235694,18.2402533558839,0.116611787852252,"m"
4867,-1.73343274671455,18.2419962351697,0.116613926763742,"m"
4868,-1.73327969757019,18.2437369536969,0.116616050815873,"m"
4869,-1.73312946593649,18.2454753347056,0.116618159965318,"m"
4870,-1.73298224270526,18.2472112015531,0.116620254168951,"m"
4871,-1.73283812474697,18.2489444689379,0.11662233353839,"m"
4872,-1.7326969467153,18.2506753062998,0.11662439861682,"m"
4873,-1.73255849790951,18.2524039271399,0.116626450022075,"m"
4874,-1.73242256762888,18.2541305449594,0.116628488371987,"m"
4875,-1.73228894517269,18.2558553732595,0.116630514284389,"m"
4876,-1.73215741984019,18.2575786255415,0.116632528377113,"m"
4877,-1.73202778093067,18.2593005153065,0.116634531267992,"m"
4878,-1.73189981774339,18.2610212560556,0.116636523574859,"m"
4879,-1.73177331957762,18.2627410612902,0.116638505915546,"m"
4880,-1.73164807573264,18.2644601445113,0.116640478907886,"m"
4881,-1.73152387550771,18.2661787192202,0.116642443169711,"m"
4882,-1.7314005082021,18.2678969989181,0.116644399318855,"m"
4883,-1.7312777631151,18.2696151971061,0.11664634797315,"m"
4884,-1.73115542954596,18.2713335272855,0.116648289750427,"m"
4885,-1.73103329679396,18.2730522029574,0.116650225268521,"m"
4886,-1.73091115415837,18.2747714376231,0.116652155145264,"m"
4887,-1.73078879093845,18.2764914447836,0.116654079998488,"m"
4888,-1.73066599643349,18.2782124379403,0.116656000446026,"m"
4889,-1.73054255994276,18.2799346305944,0.116657917105711,"m"
4890,-1.73041827076551,18.2816582362469,0.116659830595374,"m"
4891,-1.73029291820103,18.2833834683991,0.11666174153285,"m"
4892,-1.73016629154858,18.2851105405522,0.11666365053597,"m"
4893,-1.73003818010744,18.2868396662074,0.116665558222567,"m"
4894,-1.72990837317687,18.2885710588659,0.116667465210474,"m"
4895,-1.72977666005615,18.2903049320288,0.116669372117524,"m"
4896,-1.72964283004455,18.2920414991974,0.116671279561548,"m"
4897,-1.72950667244134,18.2937809738728,0.11667318816038,"m"
4898,-1.72936797654578,18.2955235695563,0.116675098531852,"m"
4899,-1.72922653165716,18.297269499749,0.116677011293797,"m"
4900,-1.72908212707474,18.2990189779521,0.116678927064048,"m"
4901,-1.72893455814834,18.300772211732,0.116680846451561,"m"
4902,-1.72878380736669,18.302529225095,0.116682769790768,"m"
4903,-1.72863007567194,18.3042898277715,0.116684697095639,"m"
4904,-1.72847357636678,18.3060538173679,0.116686628362012,"m"
4905,-1.72831452275387,18.3078209914906,0.116688563585723,"m"
4906,-1.72815312813587,18.3095911477461,0.116690502762612,"m"
4907,-1.72798960581547,18.3113640837406,0.116692445888514,"m"
4908,-1.72782416909533,18.3131395970805,0.116694392959268,"m"
4909,-1.72765703127812,18.3149174853723,0.116696343970712,"m"
4910,-1.72748840566651,18.3166975462222,0.116698298918682,"m"
4911,-1.72731850556316,18.3184795772368,0.116700257799017,"m"
4912,-1.72714754427076,18.3202633760223,0.116702220607553,"m"
4913,-1.72697573509197,18.3220487401851,0.116704187340129,"m"
4914,-1.72680329132945,18.3238354673317,0.116706157992582,"m"
4915,-1.72663042628589,18.3256233550684,0.11670813256075,"m"
4916,-1.72645735326394,18.3274122010015,0.11671011104047,"m"
4917,-1.72628428556628,18.3292018027375,0.116712093427579,"m"
4918,-1.72611143649558,18.3309919578827,0.116714079717915,"m"
4919,-1.72593901935451,18.3327824640436,0.116716069907316,"m"
4920,-1.72576724744574,18.3345731188264,0.11671806399162,"m"
4921,-1.72559633407193,18.3363637198376,0.116720061966663,"m"
4922,-1.72542649253576,18.3381540646835,0.116722063828284,"m"
4923,-1.72525793613991,18.3399439509706,0.116724069572319,"m"
4924,-1.72509087818702,18.3417331763052,0.116726079194607,"m"
4925,-1.72492553197979,18.3435215382937,0.116728092690985,"m"
4926,-1.72476211082087,18.3453088345424,0.11673011005729,"m"
4927,-1.72460082801294,18.3470948626578,0.116732131289361,"m"
4928,-1.72444189685867,18.3488794202462,0.116734156383034,"m"
4929,-1.72428553066072,18.350662304914,0.116736185334147,"m"
4930,-1.72413194272177,18.3524433142676,0.116738218138538,"m"
4931,-1.72398134620983,18.3542222459884,0.116740254791797,"m"
4932,-1.72383385666591,18.3559989522032,0.116742295109895,"m"
4933,-1.72368931991119,18.3577734354575,0.116744338412563,"m"
4934,-1.72354753557918,18.3595457240553,0.116746383934556,"m"
4935,-1.72340830330339,18.3613158463004,0.116748430910626,"m"
4936,-1.72327142271732,18.3630838304965,0.116750478575526,"m"
4937,-1.7231366934545,18.3648497049477,0.11675252616401,"m"
4938,-1.72300391514842,18.3666134979576,0.116754572910832,"m"
4939,-1.72287288743259,18.3683752378303,0.116756618050744,"m"
4940,-1.72274340994053,18.3701349528695,0.116758660818501,"m"
4941,-1.72261528230575,18.371892671379,0.116760700448854,"m"
4942,-1.72248830416174,18.3736484216628,0.116762736176558,"m"
4943,-1.72236227514203,18.3754022320247,0.116764767236366,"m"
4944,-1.72223699488013,18.3771541307684,0.116766792863032,"m"
4945,-1.72211226300953,18.378904146198,0.116768812291308,"m"
4946,-1.72198787916375,18.3806523066172,0.116770824755947,"m"
4947,-1.7218636429763,18.3823986403299,0.116772829491705,"m"
4948,-1.72173935408069,18.3841431756399,0.116774825733333,"m"
4949,-1.72161481211043,18.3858859408511,0.116776812715584,"m"
4950,-1.72148981669903,18.3876269642673,0.116778789673214,"m"
4951,-1.72136416747999,18.3893662741924,0.116780755840973,"m"
4952,-1.72123766408683,18.3911038989303,0.116782710453617,"m"
4953,-1.72111010615305,18.3928398667847,0.116784652745898,"m"
4954,-1.72098129331216,18.3945742060596,0.11678658195257,"m"
4955,-1.72085102519768,18.3963069450588,0.116788497308385,"m"
4956,-1.72071910144311,18.398038112086,0.116790398048098,"m"
4957,-1.72058532168196,18.3997677354453,0.116792283406462,"m"
4958,-1.72044948554775,18.4014958434404,0.116794152618229,"m"
4959,-1.72031139267397,18.4032224643752,0.116796004918154,"m"
4960,-1.72017084269414,18.4049476265536,0.11679783954099,"m"
4961,-1.72002763524177,18.4066713582793,0.116799655721489,"m"
4962,-1.71988160263054,18.4083937000443,0.116801452831551,"m"
4963,-1.71973281165446,18.4101147797889,0.116803231227094,"m"
4964,-1.71958143150691,18.4118347636433,0.116804991693765,"m"
4965,-1.71942763180928,18.413553817897,0.116806735019006,"m"
4966,-1.71927158218294,18.4152721088397,0.116808461990261,"m"
4967,-1.71911345224928,18.416989802761,0.116810173394973,"m"
4968,-1.71895341162966,18.4187070659506,0.116811870020584,"m"
4969,-1.71879162994547,18.4204240646981,0.116813552654537,"m"
4970,-1.71862827681809,18.4221409652931,0.116815222084276,"m"
4971,-1.71846352186889,18.4238579340252,0.116816879097243,"m"
4972,-1.71829753471925,18.4255751371842,0.116818524480882,"m"
4973,-1.71813048499055,18.4272927410595,0.116820159022635,"m"
4974,-1.71796254230417,18.429010911941,0.116821783509945,"m"
4975,-1.71779387628148,18.4307298161181,0.116823398730255,"m"
4976,-1.71762465654387,18.4324496198805,0.116825005471008,"m"
4977,-1.71745505271271,18.4341704895179,0.116826604519648,"m"
4978,-1.71728523440937,18.4358925913199,0.116828196663616,"m"
4979,-1.71711537125525,18.4376160915761,0.116829782690357,"m"
4980,-1.71694563287171,18.4393411565762,0.116831363387312,"m"
4981,-1.71677618888013,18.4410679526098,0.116832939541926,"m"
4982,-1.7166072089019,18.4427966459665,0.11683451194164,"m"
4983,-1.71643886255838,18.4445274029359,0.116836081373898,"m"
4984,-1.71627131947096,18.4462603898078,0.116837648626143,"m"
4985,-1.71610474926102,18.4479957728717,0.116839214485817,"m"
4986,-1.71593932154993,18.4497337184172,0.116840779740365,"m"
4987,-1.71577520595907,18.4514743927341,0.116842345177228,"m"
4988,-1.71561257210981,18.4532179621118,0.116843911583849,"m"
4989,-1.71545158962355,18.4549645928402,0.116845479747672,"m"
4990,-1.71529242812165,18.4567144512087,0.11684705045614,"m"
4991,-1.7151352572255,18.4584677035071,0.116848624496695,"m"
4992,-1.71498024646754,18.4602245158906,0.116850202656496,"m"
4993,-1.71482750519545,18.4619849636016,0.116851785530038,"m"
4994,-1.71467697803766,18.4637488730635,0.116853373184518,"m"
4995,-1.71452858169678,18.4655160285162,0.116854965597737,"m"
4996,-1.71438223287545,18.4672862141992,0.116856562747496,"m"
4997,-1.71423784827628,18.4690592143524,0.116858164611597,"m"
4998,-1.7140953446019,18.4708348132155,0.11685977116784,"m"
4999,-1.71395463855493,18.4726127950283,0.116861382394027,"m"
5000,-1.71381564683801,18.4743929440304,0.11686299826796,"m"
5001,-1.71367828615374,18.4761750444616,0.116864618767438,"m"
5002,-1.71354247320477,18.4779588805617,0.116866243870263,"m"
5003,-1.7134081246937,18.4797442365704,0.116867873554237,"m"
5004,-1.71327515732318,18.4815308967275,0.116869507797161,"m"
5005,-1.71314348779581,18.4833186452726,0.116871146576835,"m"
5006,-1.71301303281422,18.4851072664455,0.116872789871062,"m"
5007,-1.71288370908105,18.486896544486,0.116874437657641,"m"
5008,-1.7127554332989,18.4886862636338,0.116876089914375,"m"
5009,-1.71262812217042,18.4904762081286,0.116877746619064,"m"
5010,-1.71250169239821,18.4922661622102,0.11687940774951,"m"
5011,-1.71237606068491,18.4940559101183,0.116881073283513,"m"
5012,-1.71225114373315,18.4958452360926,0.116882743198875,"m"
5013,-1.71212685824553,18.497633924373,0.116884417473398,"m"
5014,-1.71200312092469,18.4994217591991,0.116886096084881,"m"
5015,-1.71187984847326,18.5012085248106,0.116887779011127,"m"
5016,-1.71175695759385,18.5029940054474,0.116889466229937,"m"
5017,-1.7116343649891,18.5047779853491,0.116891157719111,"m"
5018,-1.71151198736162,18.5065602487555,0.116892853456451,"m"
5019,-1.71138974141403,18.5083405799064,0.116894553419759,"m"
5020,-1.71126754384898,18.5101187630414,0.116896257586834,"m"
5021,-1.71114531136907,18.5118945824003,0.116897965935479,"m"
5022,-1.71102296067693,18.5136678222229,0.116899678443494,"m"
5023,-1.71090041231684,18.5154382976319,0.116901395015556,"m"
5024,-1.71077761411277,18.5172060430512,0.116903115037073,"m"
5025,-1.71065452569341,18.518971187803,0.116904837668752,"m"
5026,-1.71053110673466,18.5207338615889,0.116906562070403,"m"
5027,-1.71040731691244,18.5224941941103,0.116908287401834,"m"
5028,-1.71028311590263,18.5242523150689,0.116910012822853,"m"
5029,-1.71015846338115,18.5260083541663,0.116911737493269,"m"
5030,-1.71003331902389,18.5277624411041,0.116913460572891,"m"
5031,-1.70990764250676,18.5295147055838,0.116915181221528,"m"
5032,-1.70978139350567,18.531265277307,0.116916898598988,"m"
5033,-1.70965453169651,18.5330142859752,0.11691861186508,"m"
5034,-1.70952701675518,18.5347618612902,0.116920320179612,"m"
5035,-1.7093988083576,18.5365081329534,0.116922022702393,"m"
5036,-1.70926986617966,18.5382532306664,0.116923718593232,"m"
5037,-1.70914014989727,18.5399972841308,0.116925407011938,"m"
5038,-1.70900961918632,18.5417404230481,0.116927087118318,"m"
5039,-1.70887823372272,18.5434827771201,0.116928758072182,"m"
5040,-1.70874595318238,18.5452244760482,0.116930419033339,"m"
5041,-1.7086127372412,18.546965649534,0.116932069161596,"m"
5042,-1.70847854557507,18.548706427279,0.116933707616763,"m"
5043,-1.70834333785991,18.550446938985,0.116935333558649,"m"
5044,-1.70820707377161,18.5521873143534,0.116936946147061,"m"
5045,-1.70806971298608,18.5539276830859,0.116938544541809,"m"
5046,-1.70793121517921,18.5556681748839,0.116940127902702,"m"
5047,-1.70779154002693,18.5574089194492,0.116941695389547,"m"
5048,-1.70765064720511,18.5591500464832,0.116943246162154,"m"
5049,-1.70750849638968,18.5608916856876,0.116944779380331,"m"
5050,-1.70736504725653,18.5626339667638,0.116946294203887,"m"
5051,-1.70722025948156,18.5643770194136,0.11694778979263,"m"
5052,-1.70707409274068,18.5661209733385,0.11694926530637,"m"
5053,-1.7069265084068,18.5678659553662,0.116950719945064,"m"
5054,-1.7067775074863,18.5696120252071,0.116952153846366,"m"
5055,-1.70662713095648,18.5713591748825,0.116953568093603,"m"
5056,-1.70647542155913,18.5731073934258,0.116954963811854,"m"
5057,-1.70632242203606,18.5748566698702,0.116956342126194,"m"
5058,-1.70616817512905,18.5766069932489,0.116957704161699,"m"
5059,-1.70601272357992,18.5783583525953,0.116959051043446,"m"
5060,-1.70585611013045,18.5801107369427,0.116960383896511,"m"
5061,-1.70569837752245,18.5818641353243,0.116961703845971,"m"
5062,-1.70553956849772,18.5836185367734,0.116963012016901,"m"
5063,-1.70537972579806,18.5853739303233,0.116964309534379,"m"
5064,-1.70521889216525,18.5871303050072,0.11696559752348,"m"
5065,-1.70505711034111,18.5888876498586,0.116966877109281,"m"
5066,-1.70489442306744,18.5906459539105,0.116968149416858,"m"
5067,-1.70473087308602,18.5924052061964,0.116969415571288,"m"
5068,-1.70456650313866,18.5941653957495,0.116970676697646,"m"
5069,-1.70440135596716,18.595926511603,0.11697193392101,"m"
5070,-1.70423547431332,18.5976885427903,0.116973188366455,"m"
5071,-1.70406890091893,18.5994514783446,0.116974441159058,"m"
5072,-1.70390167852579,18.6012153072993,0.116975693423895,"m"
5073,-1.70373384987571,18.6029800186876,0.116976946286042,"m"
5074,-1.70356545771048,18.6047456015427,0.116978200870576,"m"
5075,-1.7033965447719,18.606512044898,0.116979458302573,"m"
5076,-1.70322715380177,18.6082793377867,0.11698071970711,"m"
5077,-1.70305732754189,18.6100474692422,0.116981986209262,"m"
5078,-1.70288710873405,18.6118164282977,0.116983258934106,"m"
5079,-1.70271654012007,18.6135862039864,0.116984539006719,"m"
5080,-1.70254566444172,18.6153567853417,0.116985827552177,"m"
5081,-1.70237452444082,18.6171281613969,0.116987125695555,"m"
5082,-1.70220316285916,18.6189003211852,0.116988434561931,"m"
5083,-1.70203162243854,18.6206732537399,0.116989755276381,"m"
5084,-1.70185994716457,18.6224469468698,0.116991088738293,"m"
5085,-1.70168818976434,18.6242213797789,0.116992434260921,"m"
5086,-1.70151640671314,18.6259965279813,0.116993790477415,"m"
5087,-1.70134465450056,18.6277723669769,0.116995156018326,"m"
5088,-1.70117298961622,18.6295488722659,0.116996529514204,"m"
5089,-1.70100146854972,18.6313260193482,0.116997909595598,"m"
5090,-1.70083014779068,18.6331037837239,0.116999294893059,"m"
5091,-1.70065908382869,18.6348821408931,0.117000684037136,"m"
5092,-1.70048833315337,18.6366610663556,0.11700207565838,"m"
5093,-1.70031795225433,18.6384405356117,0.11700346838734,"m"
5094,-1.70014799762117,18.6402205241613,0.117004860854567,"m"
5095,-1.69997852574349,18.6420010075045,0.117006251690611,"m"
5096,-1.69980959311092,18.6437819611412,0.117007639526021,"m"
5097,-1.69964125621305,18.6455633605716,0.117009022991348,"m"
5098,-1.69947357153949,18.6473451812956,0.117010400717141,"m"
5099,-1.69930659557985,18.6491273988133,0.117011771333951,"m"
5100,-1.69914038482374,18.6509099886247,0.117013133472328,"m"
5101,-1.69897499576077,18.6526929262299,0.117014485762821,"m"
5102,-1.69881048488053,18.6544761871288,0.117015826835981,"m"
5103,-1.69864690867265,18.6562597468216,0.117017155322357,"m"
5104,-1.69848432362673,18.6580435808083,0.1170184698525,"m"
5105,-1.69832278623237,18.6598276645888,0.11701976905696,"m"
5106,-1.69816235297919,18.6616119736633,0.117021051566286,"m"
5107,-1.69800308035679,18.6633964835317,0.117022316011029,"m"
5108,-1.69784502485478,18.6651811696941,0.117023561021739,"m"
5109,-1.69768824296276,18.6669660076505,0.117024785228966,"m"
5110,-1.69753279117035,18.6687509729009,0.117025987263259,"m"
5111,-1.69737872596715,18.6705360409455,0.117027165755168,"m"
5112,-1.69722610384277,18.6723211872842,0.117028319335245,"m"
5113,-1.69707498128681,18.674106387417,0.117029446634038,"m"
5114,-1.69692541274286,18.6758916167827,0.117030546354068,"m"
5115,-1.6967774055957,18.67767684941,0.117031618853164,"m"
5116,-1.69663092017132,18.6794620579177,0.117032666144467,"m"
5117,-1.69648591474971,18.681247214863,0.117033690313085,"m"
5118,-1.69634234761082,18.6830322928034,0.117034693444129,"m"
5119,-1.69620017703463,18.6848172642963,0.117035677622709,"m"
5120,-1.6960593613011,18.6866021018991,0.117036644933934,"m"
5121,-1.69591985869021,18.6883867781692,0.117037597462913,"m"
5122,-1.69578162748192,18.690171265664,0.117038537294757,"m"
5123,-1.6956446259562,18.6919555369409,0.117039466514575,"m"
5124,-1.69550881239301,18.6937395645572,0.117040387207477,"m"
5125,-1.69537414507233,18.6955233210705,0.117041301458573,"m"
5126,-1.69524058227413,18.697306779038,0.117042211352972,"m"
5127,-1.69510808227837,18.6990899110172,0.117043118975784,"m"
5128,-1.69497660336501,18.7008726895655,0.117044026412119,"m"
5129,-1.69484610381404,18.7026550872403,0.117044935747086,"m"
5130,-1.69471654190542,18.7044370765989,0.117045849065795,"m"
5131,-1.69458787591911,18.7062186301989,0.117046768453356,"m"
5132,-1.69446006413509,18.7079997205975,0.117047695994879,"m"
5133,-1.69433306483332,18.7097803203521,0.117048633775473,"m"
5134,-1.69420683629377,18.7115604020203,0.117049583880248,"m"
5135,-1.69408133679641,18.7133399381593,0.117050548394313,"m"
5136,-1.69395652462121,18.7151189013266,0.117051529402779,"m"
5137,-1.69383235804814,18.7168972640795,0.117052528990755,"m"
5138,-1.69370879535716,18.7186749989755,0.117053549243351,"m"
5139,-1.69358579482824,18.720452078572,0.117054592245676,"m"
5140,-1.69346331474135,18.7222284754263,0.117055660082841,"m"
5141,-1.69334131337647,18.7240041620959,0.117056754839954,"m"
5142,-1.69321974901355,18.7257791111381,0.117057878602126,"m"
5143,-1.69309857993257,18.7275532951104,0.117059033454466,"m"
5144,-1.6929777643602,18.7293266865951,0.117060221477053,"m"
5145,-1.692857246587,18.7310992646898,0.117061443434006,"m"
5146,-1.69273693840171,18.7328710236873,0.117062697020375,"m"
5147,-1.69261674696846,18.7346419600426,0.117063979494516,"m"
5148,-1.69249657945137,18.7364120702105,0.117065288114788,"m"
5149,-1.69237634301458,18.738181350646,0.117066620139546,"m"
5150,-1.69225594482221,18.7399497978038,0.117067972827149,"m"
5151,-1.69213529203839,18.7417174081389,0.117069343435953,"m"
5152,-1.69201429182725,18.7434841781063,0.117070729224315,"m"
5153,-1.69189285135293,18.7452501041606,0.117072127450593,"m"
5154,-1.69177087777954,18.747015182757,0.117073535373143,"m"
5155,-1.69164827827123,18.7487794103502,0.117074950250323,"m"
5156,-1.6915249599921,18.7505427833951,0.11707636934049,"m"
5157,-1.69140083010631,18.7523052983466,0.117077789902001,"m"
5158,-1.69127579577797,18.7540669516596,0.117079209193213,"m"
5159,-1.69114976417121,18.7558277397891,0.117080624472483,"m"
5160,-1.69102264245016,18.7575876591898,0.117082032998168,"m"
5161,-1.69089433777896,18.7593467063167,0.117083432028625,"m"
5162,-1.69076475732172,18.7611048776247,0.117084818822212,"m"
5163,-1.69063380824259,18.7628621695686,0.117086190637286,"m"
5164,-1.69050139770568,18.7646185786033,0.117087544732204,"m"
5165,-1.69036743287513,18.7663741011838,0.117088878365322,"m"
5166,-1.69023182091506,18.7681287337649,0.117090188794998,"m"
5167,-1.6900944689896,18.7698824728015,0.117091473279589,"m"
5168,-1.68995528426289,18.7716353147485,0.117092729077452,"m"
5169,-1.68981417389905,18.7733872560607,0.117093953446945,"m"
5170,-1.68967104506221,18.7751382931931,0.117095143646424,"m"
5171,-1.6895258049165,18.7768884226006,0.117096296934247,"m"
5172,-1.68937836062605,18.778637640738,0.11709741056877,"m"
5173,-1.68922861935499,18.7803859440603,0.117098481808351,"m"
5174,-1.68907648826744,18.7821333290223,0.117099507911347,"m"
5175,-1.68892188038285,18.7838797943408,0.117100486253653,"m"
5176,-1.68876484135978,18.7856253899731,0.117101416873732,"m"
5177,-1.68860554837609,18.7873702166841,0.117102302450135,"m"
5178,-1.688444184241,18.789114377414,0.117103145774456,"m"
5179,-1.68828093176373,18.7908579751031,0.117103949638289,"m"
5180,-1.68811597375349,18.7926011126918,0.117104716833227,"m"
5181,-1.68794949301951,18.7943438931204,0.117105450150865,"m"
5182,-1.687781672371,18.7960864193293,0.117106152382795,"m"
5183,-1.68761269461718,18.7978287942587,0.117106826320612,"m"
5184,-1.68744274256726,18.799571120849,0.11710747475591,"m"
5185,-1.68727199903047,18.8013135020406,0.117108100480282,"m"
5186,-1.68710064681603,18.8030560407736,0.117108706285322,"m"
5187,-1.68692886873314,18.8047988399885,0.117109294962624,"m"
5188,-1.68675684759103,18.8065420026256,0.117109869303781,"m"
5189,-1.68658476619892,18.8082856316251,0.117110432100388,"m"
5190,-1.68641280736602,18.8100298299275,0.117110986144037,"m"
5191,-1.68624115390156,18.8117747004731,0.117111534226324,"m"
5192,-1.68606998861474,18.8135203462021,0.117112079138841,"m"
5193,-1.68589949431479,18.8152668700549,0.117112623673183,"m"
5194,-1.68572985381093,18.8170143749719,0.117113170620942,"m"
5195,-1.68556124991237,18.8187629638932,0.117113722773714,"m"
5196,-1.68539386542833,18.8205127397594,0.117114282923091,"m"
5197,-1.68522788316803,18.8222638055106,0.117114853860667,"m"
5198,-1.68506348594069,18.8240162640873,0.117115438378037,"m"
5199,-1.68490085655552,18.8257702184297,0.117116039266793,"m"
5200,-1.68474017782175,18.8275257714782,0.11711665931853,"m"
5201,-1.68458163254858,18.829283026173,0.117117301324842,"m"
5202,-1.68442540354524,18.8310420854546,0.117117968077322,"m"
5203,-1.68427167362095,18.8328030522632,0.117118662367564,"m"
5204,-1.68412062558492,18.8345660295391,0.117119386987161,"m"
5205,-1.68397244182775,18.8363311199816,0.117120144722379,"m"
5206,-1.68382720006876,18.8380983659984,0.117120937027028,"m"
5207,-1.68368473614064,18.8398676706687,0.117121762275728,"m"
5208,-1.68354485181257,18.8416389174506,0.117122618409474,"m"
5209,-1.68340734885373,18.8434119898026,0.117123503369262,"m"
5210,-1.68327202903331,18.845186771183,0.117124415096087,"m"
5211,-1.68313869412048,18.84696314505,0.117125351530943,"m"
5212,-1.68300714588443,18.848740994862,0.117126310614826,"m"
5213,-1.68287718609433,18.8505202040772,0.117127290288731,"m"
5214,-1.68274861651936,18.852300656154,0.117128288493654,"m"
5215,-1.68262123892871,18.8540822345506,0.117129303170588,"m"
5216,-1.68249485509155,18.8558648227255,0.11713033226053,"m"
5217,-1.68236926677707,18.8576483041368,0.117131373704475,"m"
5218,-1.68224427575445,18.8594325622429,0.117132425443418,"m"
5219,-1.68211968379285,18.8612174805021,0.117133485418353,"m"
5220,-1.68199529266148,18.8630029423727,0.117134551570277,"m"
5221,-1.6818709041295,18.864788831313,0.117135621840184,"m"
5222,-1.6817463199661,18.8665750307813,0.117136694169069,"m"
5223,-1.68162134194045,18.8683614242359,0.117137766497928,"m"
5224,-1.68149577182175,18.8701478951351,0.117138836767755,"m"
5225,-1.68136941137916,18.8719343269373,0.117139902919547,"m"
5226,-1.68124206238186,18.8737206031007,0.117140962894297,"m"
5227,-1.68111352659905,18.8755066070836,0.117142014633002,"m"
5228,-1.68098360579989,18.8772922223443,0.117143056076655,"m"
5229,-1.68085210175357,18.8790773323412,0.117144085166254,"m"
5230,-1.68071881622927,18.8808618205325,0.117145099842792,"m"
5231,-1.68058355099617,18.8826455703765,0.117146098047264,"m"
5232,-1.68044610782344,18.8844284653317,0.117147077720667,"m"
5233,-1.68030628848028,18.8862103888561,0.117148036803994,"m"
5234,-1.68016389473585,18.8879912244083,0.117148973238242,"m"
5235,-1.68001872835935,18.8897708554464,0.117149884964405,"m"
5236,-1.67987063412215,18.8915491795317,0.117150770271383,"m"
5237,-1.67971971044248,18.8933261774109,0.117151629500172,"m"
5238,-1.67956614841551,18.8951018602252,0.117152463741563,"m"
5239,-1.67941013927336,18.8968762391602,0.117153274087451,"m"
5240,-1.67925187424815,18.8986493254019,0.117154061629733,"m"
5241,-1.679091544572,18.9004211301361,0.117154827460307,"m"
5242,-1.67892934147701,18.9021916645487,0.117155572671068,"m"
5243,-1.6787654561953,18.9039609398255,0.117156298353913,"m"
5244,-1.67860007995899,18.9057289671525,0.11715700560074,"m"
5245,-1.6784334040002,18.9074957577155,0.117157695503445,"m"
5246,-1.67826561955103,18.9092613227003,0.117158369153925,"m"
5247,-1.6780969178436,18.9110256732928,0.117159027644076,"m"
5248,-1.67792749011002,18.9127888206789,0.117159672065795,"m"
5249,-1.67775752758242,18.9145507760444,0.11716030351098,"m"
5250,-1.67758722149291,18.9163115505752,0.117160923071526,"m"
5251,-1.67741676307359,18.9180711554572,0.11716153183933,"m"
5252,-1.67724634355659,18.9198296018761,0.11716213090629,"m"
5253,-1.67707615417402,18.921586901018,0.117162721364301,"m"
5254,-1.67690638615799,18.9233430640686,0.117163304305261,"m"
5255,-1.67673723074063,18.9250981022139,0.117163880821066,"m"
5256,-1.67656887915403,18.9268520266396,0.117164452003614,"m"
5257,-1.67640152263033,18.9286048485316,0.1171650189448,"m"
5258,-1.67623535240163,18.9303565790759,0.117165582736522,"m"
5259,-1.67607055970005,18.9321072294582,0.117166144470676,"m"
5260,-1.67590733575771,18.9338568108645,0.117166705239159,"m"
5261,-1.67574587180671,18.9356053344805,0.117167266133868,"m"
5262,-1.67558635907917,18.9373528114922,0.1171678282467,"m"
5263,-1.67542898880721,18.9390992530854,0.11716839266955,"m"
5264,-1.67527395222295,18.940844670446,0.117168960494317,"m"
5265,-1.67512144055849,18.9425890747598,0.117169532812897,"m"
5266,-1.67497164462434,18.9443324773525,0.117170110715785,"m"
5267,-1.67482465435678,18.9460749229896,0.117170694958496,"m"
5268,-1.67468032870416,18.9478165330097,0.117171285529474,"m"
5269,-1.6745384944214,18.9495574394233,0.117171882310258,"m"
5270,-1.67439897826342,18.9512977742411,0.117172485182384,"m"
5271,-1.67426160698516,18.9530376694736,0.117173094027391,"m"
5272,-1.67412620734154,18.9547772571315,0.117173708726815,"m"
5273,-1.67399260608748,18.9565166692255,0.117174329162194,"m"
5274,-1.6738606299779,18.9582560377661,0.117174955215066,"m"
5275,-1.67373010576774,18.9599954947639,0.117175586766968,"m"
5276,-1.67360086021192,18.9617351722296,0.117176223699438,"m"
5277,-1.67347272006536,18.9634752021738,0.117176865894014,"m"
5278,-1.67334551208299,18.9652157166071,0.117177513232232,"m"
5279,-1.67321906301973,18.9669568475401,0.11717816559563,"m"
5280,-1.6730931996305,18.9686987269835,0.117178822865746,"m"
5281,-1.67296774867024,18.9704414869479,0.117179484924118,"m"
5282,-1.67284253689387,18.9721852594438,0.117180151652282,"m"
5283,-1.67271739105631,18.973930176482,0.117180822931776,"m"
5284,-1.67259213791248,18.975676370073,0.117181498644139,"m"
5285,-1.67246660421732,18.9774239722275,0.117182178670906,"m"
5286,-1.67234061672575,18.979173114956,0.117182862893617,"m"
5287,-1.67221400219268,18.9809239302693,0.117183551193808,"m"
5288,-1.67208658737306,18.9826765501778,0.117184243453016,"m"
5289,-1.67195819902179,18.9844311066923,0.11718493955278,"m"
5290,-1.67182866389382,18.9861877318233,0.117185639374637,"m"
5291,-1.67169780874405,18.9879465575816,0.117186342800124,"m"
5292,-1.67156546032742,18.9897077159776,0.117187049710779,"m"
5293,-1.67143144539886,18.991471339022,0.11718775998814,"m"
5294,-1.67129559071328,18.9932375587255,0.117188473513743,"m"
5295,-1.67115772302561,18.9950065070986,0.117189190169127,"m"
5296,-1.67101766909077,18.996778316152,0.117189909835829,"m"
5297,-1.67087528423797,18.9985530754675,0.117190632331787,"m"
5298,-1.67073059066006,19.0003306268572,0.117191357103539,"m"
5299,-1.67058367094744,19.0021107224516,0.117192083463196,"m"
5300,-1.67043460777379,19.0038931142572,0.117192810722678,"m"
5301,-1.67028348381278,19.0056775542806,0.117193538193911,"m"
5302,-1.6701303817381,19.0074637945285,0.117194265188817,"m"
5303,-1.66997538422344,19.0092515870074,0.11719499101932,"m"
5304,-1.66981857394247,19.011040683724,0.117195714997341,"m"
5305,-1.66966003356888,19.0128308366847,0.117196436434806,"m"
5306,-1.66949984577634,19.0146217978964,0.117197154643636,"m"
5307,-1.66933809323856,19.0164133193655,0.117197868935755,"m"
5308,-1.66917485862919,19.0182051530987,0.117198578623086,"m"
5309,-1.66901022462194,19.0199970511026,0.117199283017553,"m"
5310,-1.66884427389048,19.0217887653838,0.117199981431078,"m"
5311,-1.66867708910849,19.0235800479488,0.117200673175585,"m"
5312,-1.66850875294966,19.0253706508044,0.117201357562997,"m"
5313,-1.66833934808766,19.027160325957,0.117202033905236,"m"
5314,-1.66816895719619,19.0289488254134,0.117202701514227,"m"
5315,-1.66799766294892,19.0307359011801,0.117203359701893,"m"
5316,-1.66782554801954,19.0325213052637,0.117204007780156,"m"
5317,-1.66765269508173,19.0343047896709,0.117204645060939,"m"
5318,-1.66747918680917,19.0360861064082,0.117205270856167,"m"
5319,-1.66730510587555,19.0378650074822,0.117205884477762,"m"
5320,-1.66713053495454,19.0396412448996,0.117206485237647,"m"
5321,-1.66695555671984,19.041414570667,0.117207072447745,"m"
5322,-1.66678025384512,19.0431847367909,0.11720764541998,"m"
5323,-1.66660470900406,19.044951495278,0.117208203466275,"m"
5324,-1.66642900487035,19.0467145981349,0.117208745898553,"m"
5325,-1.66625322411767,19.0484737973681,0.117209272028737,"m"
5326,-1.66607744941971,19.0502288449844,0.11720978116875,"m"
5327,-1.66590176304861,19.0519795087047,0.11721027267087,"m"
5328,-1.66572624018015,19.0537258339804,0.117210746600569,"m"
5329,-1.66555094991094,19.0554681041811,0.117211203634281,"m"
5330,-1.66537596114105,19.0572066103689,0.117211644468196,"m"
5331,-1.66520134277055,19.0589416436058,0.117212069798499,"m"
5332,-1.66502716369951,19.060673494954,0.11721248032138,"m"
5333,-1.66485349282799,19.0624024554755,0.117212876733027,"m"
5334,-1.66468039905606,19.0641288162323,0.117213259729626,"m"
5335,-1.66450795128379,19.0658528682866,0.117213630007366,"m"
5336,-1.66433621841125,19.0675749027003,0.117213988262436,"m"
5337,-1.6641652693385,19.0692952105356,0.117214335191022,"m"
5338,-1.66399517296562,19.0710140828545,0.117214671489313,"m"
5339,-1.66382599819267,19.072731810719,0.117214997853497,"m"
5340,-1.66365781391972,19.0744486851913,0.117215314979762,"m"
5341,-1.66349068904683,19.0761649973334,0.117215623564294,"m"
5342,-1.66332469247408,19.0778810382073,0.117215924303284,"m"
5343,-1.66315989310153,19.0795970988752,0.117216217892917,"m"
5344,-1.66299635982926,19.081313470399,0.117216505029383,"m"
5345,-1.66283416155732,19.0830304438409,0.117216786408869,"m"
5346,-1.66267336718578,19.0847483102629,0.117217062727563,"m"
5347,-1.66251404561473,19.0864673607271,0.117217334681653,"m"
5348,-1.66235626574421,19.0881878862956,0.117217602967326,"m"
5349,-1.6622000964743,19.0899101780303,0.117217868280772,"m"
5350,-1.66204560670507,19.0916345269934,0.117218131318177,"m"
5351,-1.66189286533659,19.093361224247,0.117218392775729,"m"
5352,-1.66174194126892,19.095090560853,0.117218653349617,"m"
5353,-1.66159290340213,19.0968228278736,0.117218913736028,"m"
5354,-1.66144582063629,19.0985583163709,0.117219174631151,"m"
5355,-1.66130076187147,19.1002973174068,0.117219436731173,"m"
5356,-1.66115779600773,19.1020401220435,0.117219700732281,"m"
5357,-1.66101699194514,19.1037870213429,0.117219967330665,"m"
5358,-1.66087839130176,19.1055382474793,0.117220237151369,"m"
5359,-1.66074187796451,19.1072936921652,0.117220510408131,"m"
5360,-1.66060727926368,19.1090531250363,0.117220787167204,"m"
5361,-1.66047442245691,19.1108163155715,0.117221067494656,"m"
5362,-1.6603431348018,19.1125830332495,0.117221351456553,"m"
5363,-1.66021324355598,19.1143530475491,0.117221639118962,"m"
5364,-1.66008457597706,19.1161261279492,0.117221930547947,"m"
5365,-1.65995695932268,19.1179020439285,0.117222225809575,"m"
5366,-1.65983022085044,19.1196805649658,0.117222524969913,"m"
5367,-1.65970418781797,19.1214614605399,0.117222828095026,"m"
5368,-1.65957868748289,19.1232445001296,0.117223135250981,"m"
5369,-1.65945354710281,19.1250294532138,0.117223446503844,"m"
5370,-1.65932859393536,19.1268160892712,0.117223761919681,"m"
5371,-1.65920365523816,19.1286041777805,0.117224081564559,"m"
5372,-1.65907855826882,19.1303934882207,0.117224405504542,"m"
5373,-1.65895313028497,19.1321837900705,0.117224733805698,"m"
5374,-1.65882719854423,19.1339748528087,0.117225066534093,"m"
5375,-1.65870059030421,19.1357664459141,0.117225403755792,"m"
5376,-1.65857313282254,19.1375583388655,0.117225745536863,"m"
5377,-1.65844465335684,19.1393503011417,0.11722609194337,"m"
5378,-1.65831497916472,19.1411421022215,0.117226443041381,"m"
5379,-1.65818393750381,19.1429335115837,0.117226798896961,"m"
5380,-1.65805135563172,19.144724298707,0.117227159576177,"m"
5381,-1.65791706080608,19.1465142330704,0.117227525145094,"m"
5382,-1.6577808802845,19.1483030841525,0.117227895669779,"m"
5383,-1.65764264132461,19.1500906214322,0.117228271216299,"m"
5384,-1.65750217118403,19.1518766143884,0.117228651850718,"m"
5385,-1.65735929712037,19.1536608324996,0.117229037639104,"m"
5386,-1.65721384639125,19.1554430452449,0.117229428647522,"m"
5387,-1.6570656462543,19.1572230221029,0.117229824942039,"m"
5388,-1.65691453517957,19.1590005412237,0.11723022655713,"m"
5389,-1.65676054710877,19.1607755319265,0.117230632976522,"m"
5390,-1.65660388201687,19.1625480519333,0.117231043216142,"m"
5391,-1.65644474515436,19.1643181630459,0.11723145627705,"m"
5392,-1.65628334177174,19.1660859270663,0.11723187116031,"m"
5393,-1.65611987711951,19.1678514057963,0.117232286866981,"m"
5394,-1.65595455644817,19.1696146610378,0.117232702398127,"m"
5395,-1.65578758500821,19.1713757545927,0.117233116754807,"m"
5396,-1.65561916805014,19.1731347482629,0.117233528938085,"m"
5397,-1.65544951082444,19.1748917038503,0.117233937949021,"m"
5398,-1.65527881858162,19.1766466831567,0.117234342788677,"m"
5399,-1.65510729657217,19.178399747984,0.117234742458115,"m"
5400,-1.6549351500466,19.1801509601341,0.117235135958396,"m"
5401,-1.6547625842554,19.1819003814089,0.117235522290582,"m"
5402,-1.65458980444907,19.1836480736103,0.117235900455735,"m"
5403,-1.6544170158781,19.1853940985401,0.117236269454915,"m"
5404,-1.654244423793,19.1871385180002,0.117236628289185,"m"
5405,-1.65407223344425,19.1888813937926,0.117236975959606,"m"
5406,-1.65390065008237,19.190622787719,0.11723731146724,"m"
5407,-1.65372987895784,19.1923627615814,0.117237633813148,"m"
5408,-1.65356012532116,19.1941013771817,0.117237941998392,"m"
5409,-1.65339159442284,19.1958386963217,0.117238235024034,"m"
5410,-1.65322449151337,19.1975747808033,0.117238511891135,"m"
5411,-1.65305902184324,19.1993096924284,0.117238771600756,"m"
5412,-1.65289539066296,19.2010434929989,0.11723901315396,"m"
5413,-1.65273380322302,19.2027762443167,0.117239235551807,"m"
5414,-1.65257446477392,19.2045080081836,0.11723943779536,"m"
5415,-1.65241758056616,19.2062388464016,0.117239618885679,"m"
5416,-1.65226335585023,19.2079688207724,0.117239777823828,"m"
5417,-1.65211199587664,19.2096979930981,0.117239913610866,"m"
5418,-1.65196370486561,19.2114264251827,0.117240025254772,"m"
5419,-1.65181855826031,19.2131541791244,0.117240112627976,"m"
5420,-1.65167637915589,19.2148813175968,0.117240177296863,"m"
5421,-1.6515369613387,19.2166079033404,0.117240221024563,"m"
5422,-1.65140009859505,19.2183339990958,0.117240245574208,"m"
5423,-1.6512655847113,19.2200596676035,0.117240252708926,"m"
5424,-1.65113321347377,19.221784971604,0.117240244191847,"m"
5425,-1.6510027786688,19.2235099738379,0.117240221786103,"m"
5426,-1.65087407408273,19.2252347370457,0.117240187254822,"m"
5427,-1.6507468935019,19.2269593239679,0.117240142361134,"m"
5428,-1.65062103071263,19.2286837973451,0.11724008886817,"m"
5429,-1.65049627950126,19.2304082199177,0.117240028539059,"m"
5430,-1.65037243365414,19.2321326544264,0.117239963136933,"m"
5431,-1.65024928695759,19.2338571636117,0.117239894424919,"m"
5432,-1.65012663319796,19.2355818102141,0.117239824166149,"m"
5433,-1.65000426616157,19.237306656974,0.117239754123753,"m"
5434,-1.64988197963476,19.2390317666322,0.11723968606086,"m"
5435,-1.64975956740388,19.240757201929,0.117239621740601,"m"
5436,-1.64963682325525,19.2424830256051,0.117239562926105,"m"
5437,-1.64951354097521,19.2442093004009,0.117239511380503,"m"
5438,-1.64938951435009,19.2459360890571,0.117239468866924,"m"
5439,-1.64926453716624,19.247663454314,0.117239437148498,"m"
5440,-1.64913840320999,19.2493914589123,0.117239417988356,"m"
5441,-1.64901090626767,19.2511201655925,0.117239413149628,"m"
5442,-1.64888184012563,19.2528496370951,0.117239424395442,"m"
5443,-1.64875099857018,19.2545799361607,0.11723945348893,"m"
5444,-1.64861817538768,19.2563111255298,0.117239502193222,"m"
5445,-1.64848316436446,19.2580432679429,0.117239572271447,"m"
5446,-1.64834575928685,19.2597764261406,0.117239665486735,"m"
5447,-1.64820575394118,19.2615106628633,0.117239783602217,"m"
5448,-1.64806294211381,19.2632460408517,0.117239928381022,"m"
5449,-1.64791712927323,19.2649826195876,0.117240101477144,"m"
5450,-1.64776832179745,19.2667204025116,0.117240302667649,"m"
5451,-1.64761669527072,19.2684593458659,0.117240530148856,"m"
5452,-1.64746243056017,19.2701994044192,0.117240782067729,"m"
5453,-1.64730570853296,19.2719405329403,0.117241056571231,"m"
5454,-1.6471467100562,19.2736826861979,0.117241351806326,"m"
5455,-1.64698561599703,19.2754258189606,0.117241665919979,"m"
5456,-1.6468226072226,19.2771698859972,0.117241997059153,"m"
5457,-1.64665786460003,19.2789148420764,0.117242343370812,"m"
5458,-1.64649156899646,19.2806606419669,0.117242703001921,"m"
5459,-1.64632390127903,19.2824072404374,0.117243074099443,"m"
5460,-1.64615504231487,19.2841545922566,0.117243454810343,"m"
5461,-1.64598517297112,19.2859026521933,0.117243843281584,"m"
5462,-1.64581447411491,19.287651375016,0.11724423766013,"m"
5463,-1.64564312661337,19.2894007154936,0.117244636092946,"m"
5464,-1.64547131133365,19.2911506283948,0.117245036726995,"m"
5465,-1.64529920914288,19.2929010684882,0.117245437709242,"m"
5466,-1.64512700090819,19.2946519905426,0.117245837186649,"m"
5467,-1.64495486749671,19.2964033493266,0.117246233306183,"m"
5468,-1.64478298977559,19.2981550996091,0.117246624214805,"m"
5469,-1.64461154861196,19.2999071961586,0.117247008059481,"m"
5470,-1.64444072487295,19.3016595937439,0.117247382987174,"m"
5471,-1.64427069942571,19.3034122471337,0.117247747144849,"m"
5472,-1.64410165313735,19.3051651110967,0.117248098679469,"m"
5473,-1.64393376687503,19.3069181404017,0.117248435737998,"m"
5474,-1.64376722150587,19.3086712898173,0.1172487564674,"m"
5475,-1.64360219789702,19.3104245141122,0.11724905901464,"m"
5476,-1.6434388769156,19.3121777680552,0.117249341526681,"m"
5477,-1.64327743942875,19.3139310064149,0.117249602150488,"m"
5478,-1.6431180663036,19.3156841839601,0.117249839033024,"m"
5479,-1.64296093774104,19.3174372555333,0.117250050329553,"m"
5480,-1.64280615332441,19.3191901849097,0.117250235199607,"m"
5481,-1.64265365606583,19.3209429532131,0.117250394753157,"m"
5482,-1.6425033709884,19.3226955435606,0.117250530324267,"m"
5483,-1.64235522311519,19.3244479390692,0.117250643247001,"m"
5484,-1.64220913746931,19.326200122856,0.117250734855422,"m"
5485,-1.64206503907384,19.327952078038,0.117250806483594,"m"
5486,-1.64192285295187,19.3297037877323,0.117250859465582,"m"
5487,-1.64178250412648,19.331455235056,0.117250895135448,"m"
5488,-1.64164391762078,19.333206403126,0.117250914827256,"m"
5489,-1.64150701845783,19.3349572750595,0.117250919875071,"m"
5490,-1.64137173166075,19.3367078339735,0.117250911612957,"m"
5491,-1.6412379822526,19.3384580629851,0.117250891374976,"m"
5492,-1.64110569525649,19.3402079452112,0.117250860495193,"m"
5493,-1.6409747956955,19.341957463769,0.117250820307671,"m"
5494,-1.64084520859272,19.3437066017755,0.117250772146475,"m"
5495,-1.64071685897124,19.3454553423478,0.117250717345667,"m"
5496,-1.64058967185415,19.3472036686029,0.117250657239313,"m"
5497,-1.64046357226454,19.3489515636578,0.117250593161475,"m"
5498,-1.64033848522549,19.3506990106297,0.117250526446218,"m"
5499,-1.6402143357601,19.3524459926356,0.117250458427605,"m"
5500,-1.64009104889145,19.3541924927925,0.1172503904397,"m"
5501,-1.63996854964263,19.3559384942174,0.117250323816567,"m"
5502,-1.63984676303674,19.3576839800275,0.11725025989227,"m"
5503,-1.63972561409686,19.3594289333398,0.117250200000871,"m"
5504,-1.63960502784607,19.3611733372714,0.117250145476437,"m"
5505,-1.63948492930748,19.3629171749392,0.117250097653029,"m"
5506,-1.63936524350416,19.3646604294604,0.117250057864711,"m"
5507,-1.63924589545921,19.366403083952,0.117250027445549,"m"
5508,-1.63912681019572,19.368145121531,0.117250007729605,"m"
5509,-1.63900791273677,19.3698865253145,0.117250000050942,"m"
5510,-1.63888912685102,19.3716272775793,0.117250005383751,"m"
5511,-1.63877037019226,19.3733673565056,0.117250022947977,"m"
5512,-1.63865155855386,19.3751067390276,0.117250051429838,"m"
5513,-1.63853260772872,19.376845402079,0.117250089515425,"m"
5514,-1.63841343350976,19.3785833225936,0.117250135890831,"m"
5515,-1.6382939516899,19.3803204775051,0.117250189242148,"m"
5516,-1.63817407806205,19.3820568437474,0.117250248255468,"m"
5517,-1.63805372841914,19.3837923982541,0.117250311616884,"m"
5518,-1.63793281855407,19.3855271179591,0.117250378012488,"m"
5519,-1.63781126425976,19.3872609797961,0.117250446128372,"m"
5520,-1.63768898132914,19.3889939606989,0.117250514650628,"m"
5521,-1.6375658855551,19.3907260376012,0.117250582265349,"m"
5522,-1.63744189273058,19.3924571874369,0.117250647658626,"m"
5523,-1.63731691864848,19.3941873871396,0.117250709516552,"m"
5524,-1.63719087910173,19.3959166136433,0.117250766525219,"m"
5525,-1.63706368988324,19.3976448438815,0.11725081737072,"m"
5526,-1.63693526678592,19.3993720547881,0.117250860739146,"m"
5527,-1.6368055256027,19.4010982232969,0.117250895316589,"m"
5528,-1.63667438212648,19.4028233263416,0.117250919789143,"m"
5529,-1.63654175215018,19.404547340856,0.117250932842899,"m"
5530,-1.63640755146673,19.4062702437739,0.11725093316395,"m"
5531,-1.63627169586903,19.407992012029,0.117250919438387,"m"
5532,-1.63613410115001,19.409712622555,0.117250890352302,"m"
5533,-1.63599468310257,19.4114320522859,0.117250844591789,"m"
5534,-1.63585335751964,19.4131502781553,0.11725078084294,"m"
5535,-1.63571004019412,19.414867277097,0.117250697791845,"m"
5536,-1.63556464691895,19.4165830260447,0.117250594124599,"m"
5537,-1.63541709348703,19.4182975019323,0.117250468527292,"m"
5538,-1.63526729569127,19.4200106816935,0.117250319686017,"m"
5539,-1.6351151693246,19.421722542262,0.117250146286867,"m"
5540,-1.63496063089812,19.4234330610884,0.117249947024492,"m"
5541,-1.63480368108658,19.4251422761726,0.117249721596429,"m"
5542,-1.63464448257143,19.4268503420666,0.117249471630679,"m"
5543,-1.63448321644666,19.4285574265688,0.117249198974643,"m"
5544,-1.63432006380624,19.4302636974776,0.117248905475725,"m"
5545,-1.63415520574416,19.4319693225914,0.117248592981325,"m"
5546,-1.63398882335441,19.4336744697086,0.117248263338846,"m"
5547,-1.63382109773095,19.4353793066276,0.11724791839569,"m"
5548,-1.63365220996778,19.4370840011468,0.117247559999259,"m"
5549,-1.63348234115887,19.4387887210647,0.117247189996956,"m"
5550,-1.6333116723982,19.4404936341797,0.117246810236181,"m"
5551,-1.63314038477977,19.44219890829,0.117246422564338,"m"
5552,-1.63296865939754,19.4439047111943,0.117246028828828,"m"
5553,-1.6327966773455,19.4456112106908,0.117245630877054,"m"
5554,-1.63262461971763,19.447318574578,0.117245230556418,"m"
5555,-1.63245266760792,19.4490269706543,0.117244829714321,"m"
5556,-1.63228100211034,19.4507365667181,0.117244430198165,"m"
5557,-1.63210980431888,19.4524475305677,0.117244033855354,"m"
5558,-1.63193925532752,19.4541600300017,0.117243642533288,"m"
5559,-1.63176953623023,19.4558742328184,0.11724325807937,"m"
5560,-1.63160082812101,19.4575903068163,0.117242882341003,"m"
5561,-1.63143331209383,19.4593084197936,0.117242517165587,"m"
5562,-1.63126716924267,19.4610287395489,0.117242164400526,"m"
5563,-1.63110258066152,19.4627514338806,0.117241825893221,"m"
5564,-1.63093972744435,19.464476670587,0.117241503491074,"m"
5565,-1.63077879068515,19.4662046174666,0.117241199041487,"m"
5566,-1.63061995147791,19.4679354423177,0.117240914391864,"m"
5567,-1.63046339091659,19.4696693129388,0.117240651389604,"m"
5568,-1.63030929009519,19.4714063971283,0.117240411882112,"m"
5569,-1.63015783010768,19.4731468626847,0.117240197716788,"m"
5570,-1.63000919204804,19.4748908774062,0.117240010741035,"m"
5571,-1.62986350465516,19.476638537354,0.117239852305638,"m"
5572,-1.62972064395176,19.4783895923161,0.117239721364231,"m"
5573,-1.62958040980907,19.4801436877372,0.117239616148111,"m"
5574,-1.62944260208286,19.4819004690408,0.117239534888426,"m"
5575,-1.62930702062885,19.4836595816503,0.117239475816324,"m"
5576,-1.62917346530279,19.4854206709892,0.117239437162955,"m"
5577,-1.62904173596042,19.4871833824811,0.117239417159467,"m"
5578,-1.62891163245747,19.4889473615492,0.11723941403701,"m"
5579,-1.62878295464968,19.4907122536172,0.117239426026731,"m"
5580,-1.6286555023928,19.4924777041085,0.117239451359779,"m"
5581,-1.62852907554257,19.4942433584466,0.117239488267304,"m"
5582,-1.62840347395472,19.496008862055,0.117239534980454,"m"
5583,-1.62827849748499,19.4977738603571,0.117239589730378,"m"
5584,-1.62815394598913,19.4995379987763,0.117239650748225,"m"
5585,-1.62802961932287,19.5013009227363,0.117239716265143,"m"
5586,-1.62790531734195,19.5030622776604,0.117239784512281,"m"
5587,-1.62778083990212,19.5048217089721,0.117239853720787,"m"
5588,-1.62765598685911,19.5065788620949,0.117239922121812,"m"
5589,-1.62753055806866,19.5083333824523,0.117239987946503,"m"
5590,-1.62740435338652,19.5100849154677,0.117240049426009,"m"
5591,-1.62727717266841,19.5118331065647,0.117240104791479,"m"
5592,-1.62714881577009,19.5135776011666,0.117240152274061,"m"
5593,-1.62701908254729,19.515318044697,0.117240190104905,"m"
5594,-1.62688777285575,19.5170540825793,0.117240216515159,"m"
5595,-1.62675468655122,19.5187853602371,0.117240229735973,"m"
5596,-1.62661962348942,19.5205115230937,0.117240227998493,"m"
5597,-1.6264823835261,19.5222322165727,0.117240209533871,"m"
5598,-1.626342766517,19.5239470860975,0.117240172573253,"m"
5599,-1.62620057231787,19.5256557770916,0.11724011534779,"m"
5600,-1.62605560078443,19.5273579349785,0.117240036088629,"m"
5601,-1.62590766781783,19.5290532382399,0.117239933135942,"m"
5602,-1.62575680988178,19.5307418197808,0.117239806328531,"m"
5603,-1.62560322376705,19.5324241428269,0.117239656594557,"m"
5604,-1.62544710987721,19.5341006780474,0.117239484886728,"m"
5605,-1.6252886686158,19.5357718961113,0.11723929215775,"m"
5606,-1.62512810038637,19.5374382676878,0.117239079360331,"m"
5607,-1.62496560559246,19.5391002634458,0.117238847447179,"m"
5608,-1.62480138463764,19.5407583540544,0.117238597371001,"m"
5609,-1.62463563792545,19.5424130101829,0.117238330084505,"m"
5610,-1.62446856585945,19.5440647025001,0.117238046540397,"m"
5611,-1.62430036884317,19.5457139016753,0.117237747691386,"m"
5612,-1.62413124728017,19.5473610783775,0.117237434490179,"m"
5613,-1.62396140157401,19.5490067032757,0.117237107889483,"m"
5614,-1.62379103212822,19.5506512470391,0.117236768842006,"m"
5615,-1.62362033934637,19.5522951803367,0.117236418300455,"m"
5616,-1.623449523632,19.5539389738377,0.117236057217537,"m"
5617,-1.62327878538866,19.555583098211,0.117235686545961,"m"
5618,-1.6231083250199,19.5572280241258,0.117235307238433,"m"
5619,-1.62293834292927,19.5588742222512,0.117234920247662,"m"
5620,-1.62276903952033,19.5605221632562,0.117234526526353,"m"
5621,-1.62260061519662,19.56217231781,0.117234127027216,"m"
5622,-1.62243327036169,19.5638251565815,0.117233722702957,"m"
5623,-1.62226720541909,19.5654811502399,0.117233314506283,"m"
5624,-1.62210262077238,19.5671407694543,0.117232903389903,"m"
5625,-1.6219397168251,19.5688044848938,0.117232490306524,"m"
5626,-1.6217786939808,19.5704727672273,0.117232076208853,"m"
5627,-1.62161975264303,19.5721460871241,0.117231662049597,"m"
5628,-1.62146309321534,19.5738249152532,0.117231248781464,"m"
5629,-1.62130891610129,19.5755097222836,0.117230837357162,"m"
5630,-1.62115742170442,19.5772009788845,0.117230428729398,"m"
5631,-1.62100881042829,19.578899155725,0.117230023850879,"m"
5632,-1.62086322592617,19.5806045979926,0.117229623542491,"m"
5633,-1.6207205405947,19.5823170510951,0.117229227995033,"m"
5634,-1.62058054587687,19.5840360814423,0.117228837211264,"m"
5635,-1.62044303320146,19.5857612554127,0.117228451193906,"m"
5636,-1.62030779399728,19.5874921393846,0.117228069945685,"m"
5637,-1.62017461969312,19.5892282997364,0.117227693469323,"m"
5638,-1.62004330171777,19.5909693028467,0.117227321767547,"m"
5639,-1.61991363150005,19.5927147150939,0.11722695484308,"m"
5640,-1.61978540046873,19.5944641028563,0.117226592698645,"m"
5641,-1.61965840005262,19.5962170325124,0.117226235336968,"m"
5642,-1.61953242168052,19.5979730704407,0.117225882760772,"m"
5643,-1.61940725678121,19.5997317830195,0.117225534972783,"m"
5644,-1.61928269678351,19.6014927366273,0.117225191975723,"m"
5645,-1.6191585331162,19.6032554976425,0.117224853772317,"m"
5646,-1.61903455720809,19.6050196324436,0.11722452036529,"m"
5647,-1.61891056048796,19.606784707409,0.117224191757365,"m"
5648,-1.61878633438462,19.6085502889171,0.117223867951267,"m"
5649,-1.61866167032686,19.6103159433463,0.11722354894972,"m"
5650,-1.61853635974348,19.6120812370751,0.117223234755449,"m"
5651,-1.61841019406328,19.6138457364819,0.117222925371177,"m"
5652,-1.61828296471505,19.6156090079451,0.117222620799629,"m"
5653,-1.61815446312759,19.6173706178432,0.117222321043529,"m"
5654,-1.6180244807297,19.6191301325546,0.1172220261056,"m"
5655,-1.61789280895017,19.6208871184577,0.117221735988569,"m"
5656,-1.61775923921779,19.6226411419309,0.117221450695158,"m"
5657,-1.61762356296138,19.6243917693527,0.117221170228091,"m"
5658,-1.61748557160972,19.6261385671016,0.117220894590094,"m"
5659,-1.61734505659161,19.6278811015558,0.11722062378389,"m"
5660,-1.61720180933584,19.629618939094,0.117220357812204,"m"
5661,-1.61705562127122,19.6313516460944,0.117220096677759,"m"
5662,-1.61690630105743,19.6330788175382,0.117219840344295,"m"
5663,-1.61675389128073,19.6348004367157,0.117219588246279,"m"
5664,-1.61659860311439,19.6365167667652,0.117219339436743,"m"
5665,-1.61644065145357,19.6382280770032,0.117219092960298,"m"
5666,-1.61628025119343,19.6399346367464,0.117218847861555,"m"
5667,-1.61611761722913,19.6416367153113,0.117218603185125,"m"
5668,-1.61595296445581,19.6433345820145,0.117218357975618,"m"
5669,-1.61578650776863,19.6450285061724,0.117218111277646,"m"
5670,-1.61561846206275,19.6467187571017,0.117217862135819,"m"
5671,-1.61544904223333,19.6484056041189,0.117217609594749,"m"
5672,-1.61527846317551,19.6500893165405,0.117217352699045,"m"
5673,-1.61510693978446,19.6517701636831,0.117217090493319,"m"
5674,-1.61493468695532,19.6534484148633,0.117216822022182,"m"
5675,-1.61476191958326,19.6551243393976,0.117216546330245,"m"
5676,-1.61458885256343,19.6567982066025,0.117216262462118,"m"
5677,-1.61441570079099,19.6584702857946,0.117215969462413,"m"
5678,-1.61424267916108,19.6601408462905,0.117215666375739,"m"
5679,-1.61407000256887,19.6618101574067,0.117215352246709,"m"
5680,-1.61389788590951,19.6634784884598,0.117215026119933,"m"
5681,-1.61372654407816,19.6651461087662,0.117214687040021,"m"
5682,-1.61355619196997,19.6668132876427,0.117214334051585,"m"
5683,-1.6133870444801,19.6684802944056,0.117213966199236,"m"
5684,-1.61321931650369,19.6701473983716,0.117213582527584,"m"
5685,-1.61305322293591,19.6718148688572,0.11721318208124,"m"
5686,-1.61288897867192,19.673482975179,0.117212763904815,"m"
5687,-1.61272679860686,19.6751519866535,0.11721232704292,"m"
5688,-1.6125668976359,19.6768221725973,0.117211870540166,"m"
5689,-1.61240949065418,19.6784938023269,0.117211393441164,"m"
5690,-1.61225479255687,19.6801671451588,0.117210894790524,"m"
5691,-1.61210301823911,19.6818424704097,0.117210373632857,"m"
5692,-1.61195438050695,19.6835200454225,0.117209829025884,"m"
5693,-1.61180894199624,19.6851999956764,0.117209260969621,"m"
5694,-1.61166651705863,19.6868822120995,0.117208671022036,"m"
5695,-1.61152689676501,19.688566563627,0.117208060887179,"m"
5696,-1.61138987218628,19.6902529191942,0.117207432269102,"m"
5697,-1.61125523439332,19.6919411477361,0.117206786871854,"m"
5698,-1.61112277445703,19.693631118188,0.117206126399488,"m"
5699,-1.61099228344828,19.6953226994851,0.117205452556054,"m"
5700,-1.61086355243798,19.6970157605625,0.117204767045602,"m"
5701,-1.61073637249701,19.6987101703554,0.117204071572183,"m"
5702,-1.61061053469626,19.7004057977989,0.117203367839848,"m"
5703,-1.61048583010663,19.7021025118283,0.117202657552649,"m"
5704,-1.61036204979899,19.7038001813787,0.117201942414635,"m"
5705,-1.61023898484425,19.7054986753853,0.117201224129858,"m"
5706,-1.61011642631328,19.7071978627833,0.117200504402369,"m"
5707,-1.60999416527698,19.7088976125078,0.117199784936217,"m"
5708,-1.60987199280625,19.7105977934941,0.117199067435455,"m"
5709,-1.60974969997196,19.7122982746772,0.117198353604132,"m"
5710,-1.60962707784501,19.7139989249925,0.1171976451463,"m"
5711,-1.60950391749628,19.7156996133749,0.11719694376601,"m"
5712,-1.60938000999668,19.7174002087599,0.117196251167312,"m"
5713,-1.60925514641708,19.7191005800824,0.117195569054257,"m"
5714,-1.60912911782838,19.7208005962777,0.117194899130896,"m"
5715,-1.60900171530147,19.7225001262809,0.117194243101279,"m"
5716,-1.60887272990723,19.7241990390273,0.117193602669458,"m"
5717,-1.60874195271655,19.725897203452,0.117192979539483,"m"
5718,-1.60860917480034,19.7275944884902,0.117192375415406,"m"
5719,-1.60847418722946,19.7292907630771,0.117191792001276,"m"
5720,-1.60833678107483,19.7309858961478,0.117191231001146,"m"
5721,-1.60819674740731,19.7326797566374,0.117190694119064,"m"
5722,-1.60805387729781,19.7343722134813,0.117190183059083,"m"
5723,-1.60790797798297,19.7360631451048,0.117189699382122,"m"
5724,-1.60775907346084,19.737752557184,0.11718924272989,"m"
5725,-1.60760734260885,19.739440546318,0.117188811372792,"m"
5726,-1.6074529676537,19.7411272110718,0.117188403551581,"m"
5727,-1.60729613082208,19.7428126500108,0.117188017507007,"m"
5728,-1.60713701434071,19.7444969616999,0.11718765147982,"m"
5729,-1.60697580043629,19.7461802447045,0.117187303710773,"m"
5730,-1.60681267133551,19.7478625975896,0.117186972440616,"m"
5731,-1.60664780926508,19.7495441189205,0.117186655910101,"m"
5732,-1.60648139645171,19.7512249072622,0.117186352359977,"m"
5733,-1.60631361512209,19.7529050611799,0.117186060030997,"m"
5734,-1.60614464750293,19.7545846792389,0.117185777163911,"m"
5735,-1.60597467582093,19.7562638600042,0.117185501999471,"m"
5736,-1.6058038823028,19.7579427020411,0.117185232778426,"m"
5737,-1.60563244917523,19.7596213039146,0.11718496774153,"m"
5738,-1.60546055866493,19.76129976419,0.117184705129532,"m"
5739,-1.6052883929986,19.7629781814324,0.117184443183183,"m"
5740,-1.60511613440294,19.7646566542071,0.117184180143235,"m"
5741,-1.60494396510467,19.766335281079,0.117183914250438,"m"
5742,-1.60477206733047,19.7680141606134,0.117183643745544,"m"
5743,-1.60460062330705,19.7696933913756,0.117183366869304,"m"
5744,-1.60442981526112,19.7713730719305,0.117183081862469,"m"
5745,-1.60425982541937,19.7730533008435,0.117182786965789,"m"
5746,-1.60409083600851,19.7747341766795,0.117182480420016,"m"
5747,-1.60392302925525,19.776415798004,0.117182160465901,"m"
5748,-1.60375658738628,19.7780982633819,0.117181825344195,"m"
5749,-1.60359169262831,19.7797816713784,0.117181473295649,"m"
5750,-1.60342852720803,19.7814661205587,0.117181102561013,"m"
5751,-1.60326727335216,19.783151709488,0.11718071138104,"m"
5752,-1.6031081132874,19.7848385367315,0.11718029799648,"m"
5753,-1.60295122791848,19.7865266994435,0.117179860662471,"m"
5754,-1.60279670549698,19.7882161959048,0.117179398642552,"m"
5755,-1.60264448241884,19.7899068623453,0.117178912852992,"m"
5756,-1.60249448100381,19.7915985199736,0.117178404363262,"m"
5757,-1.60234662357165,19.7932909899983,0.117177874242832,"m"
5758,-1.60220083244214,19.7949840936281,0.117177323561171,"m"
5759,-1.60205702993502,19.7966776520714,0.117176753387751,"m"
5760,-1.60191513837007,19.7983714865371,0.117176164792039,"m"
5761,-1.60177508006705,19.8000654182336,0.117175558843507,"m"
5762,-1.60163677734571,19.8017592683697,0.117174936611625,"m"
5763,-1.60150015252582,19.803452858154,0.117174299165862,"m"
5764,-1.60136512792714,19.805146008795,0.117173647575689,"m"
5765,-1.60123162586943,19.8068385415014,0.117172982910575,"m"
5766,-1.60109956867246,19.8085302774818,0.117172306239991,"m"
5767,-1.60096887865599,19.8102210379448,0.117171618633406,"m"
5768,-1.60083947813977,19.8119106440992,0.11717092116029,"m"
5769,-1.60071128944358,19.8135989171534,0.117170214890114,"m"
5770,-1.60058423488717,19.8152856783161,0.117169500892347,"m"
5771,-1.6004582367903,19.816970748796,0.117168780236459,"m"
5772,-1.60033321747274,19.8186539498016,0.117168053991921,"m"
5773,-1.60020909925425,19.8203351025416,0.117167323228201,"m"
5774,-1.60008580445459,19.8220140282246,0.117166589014771,"m"
5775,-1.59996325539352,19.8236905480592,0.1171658524211,"m"
5776,-1.59984137439081,19.8253644832541,0.117165114516658,"m"
5777,-1.59972008376621,19.8270356550179,0.117164376370915,"m"
5778,-1.5995993058395,19.8287038845592,0.117163639053341,"m"
5779,-1.59947896293042,19.8303689930866,0.117162903633406,"m"
5780,-1.59935897735875,19.8320308018087,0.11716217118058,"m"
5781,-1.59923927144424,19.8336891319342,0.117161442764333,"m"
5782,-1.59911976750665,19.8353438046717,0.117160719454135,"m"
5783,-1.59900038786576,19.8369946412299,0.117160002319456,"m"
5784,-1.59888105530965,19.8386415369264,0.117159292201286,"m"
5785,-1.59876169451813,19.8402846864203,0.117158589017745,"m"
5786,-1.59864223064857,19.8419243599389,0.117157892453973,"m"
5787,-1.59852258885832,19.8435608277096,0.117157202195111,"m"
5788,-1.59840269430475,19.8451943599599,0.117156517926299,"m"
5789,-1.59828247214521,19.8468252269171,0.117155839332679,"m"
5790,-1.59816184753707,19.8484536988086,0.117155166099391,"m"
5791,-1.5980407456377,19.8500800458618,0.117154497911575,"m"
5792,-1.59791909160445,19.8517045383042,0.117153834454372,"m"
5793,-1.59779681059469,19.853327446363,0.117153175412924,"m"
5794,-1.59767382776577,19.8549490402658,0.11715252047237,"m"
5795,-1.59755006827506,19.8565695902399,0.117151869317851,"m"
5796,-1.59742545727993,19.8581893665128,0.117151221634508,"m"
5797,-1.59729991993773,19.8598086393117,0.117150577107482,"m"
5798,-1.59717338140582,19.8614276788642,0.117149935421913,"m"
5799,-1.59704576684158,19.8630467553976,0.117149296262942,"m"
5800,-1.59691700140235,19.8646661391393,0.11714865931571,"m"
5801,-1.5967870102455,19.8662861003167,0.117148024265357,"m"
5802,-1.5966557185284,19.8679069091572,0.117147390797023,"m"
5803,-1.5965230514084,19.8695288358883,0.117146758595851,"m"
5804,-1.59638893404287,19.8711521507372,0.117146127346979,"m"
5805,-1.59625329158917,19.8727771239315,0.11714549673555,"m"
5806,-1.59611604920466,19.8744040256984,0.117144866446703,"m"
5807,-1.59597713204671,19.8760331262655,0.117144236165579,"m"
5808,-1.59583646527267,19.8776646958601,0.11714360557732,"m"
5809,-1.5956939740399,19.8792990047096,0.117142974367065,"m"
5810,-1.59554958350578,19.8809363230414,0.117142342219955,"m"
5811,-1.59540321882766,19.8825769210829,0.117141708821131,"m"
5812,-1.5952548051629,19.8842210690615,0.117141073855734,"m"
5813,-1.59510426766886,19.8858690372046,0.117140437008904,"m"
5814,-1.59495153266007,19.8875210931124,0.117139797967993,"m"
5815,-1.59479660555241,19.8891773247958,0.117139156571447,"m"
5816,-1.59463962027962,19.8908375284825,0.117138512903205,"m"
5817,-1.59448072255167,19.8925014736638,0.117137867069701,"m"
5818,-1.5943200580785,19.8941689298311,0.117137219177365,"m"
5819,-1.59415777257005,19.8958396664758,0.117136569332631,"m"
5820,-1.59399401173628,19.8975134530893,0.117135917641931,"m"
5821,-1.59382892128715,19.8991900591629,0.117135264211698,"m"
5822,-1.59366264693259,19.9008692541879,0.117134609148364,"m"
5823,-1.59349533438256,19.9025508076559,0.117133952558362,"m"
5824,-1.59332712934702,19.904234489058,0.117133294548124,"m"
5825,-1.5931581775359,19.9059200678858,0.117132635224083,"m"
5826,-1.59298862465916,19.9076073136305,0.117131974692672,"m"
5827,-1.59281861642675,19.9092959957836,0.117131313060323,"m"
5828,-1.59264829854863,19.9109858838364,0.117130650433468,"m"
5829,-1.59247781673473,19.9126767472802,0.11712998691854,"m"
5830,-1.59230731669501,19.9143683556066,0.117129322621972,"m"
5831,-1.59213694413943,19.9160604783067,0.117128657650196,"m"
5832,-1.59196684477792,19.917752884872,0.117127992109645,"m"
5833,-1.59179716432045,19.9194453447939,0.117127326106751,"m"
5834,-1.59162804847695,19.9211376275638,0.117126659747947,"m"
5835,-1.59145964295739,19.9228295026729,0.117125993139665,"m"
5836,-1.59129209347171,19.9245207396127,0.117125326388338,"m"
5837,-1.59112554572986,19.9262111078746,0.117124659600398,"m"
5838,-1.59096014544179,19.9279003769499,0.117123992882278,"m"
5839,-1.59079603831746,19.9295883163299,0.117123326340411,"m"
5840,-1.5906333700668,19.9312746955062,0.117122660081229,"m"
5841,-1.59047228639978,19.9329592839699,0.117121994211164,"m"
5842,-1.59031293302634,19.9346418512125,0.117121328836649,"m"
5843,-1.59015545565643,19.9363221667255,0.117120664064117,"m"
5844,-1.59,19.938,0.11712,"m"
5845,-1.58984667616383,19.9396751741189,0.117119336723852,"m"
5846,-1.58969545184196,19.9413477265299,0.117118674207712,"m"
5847,-1.58954625912528,19.9430177482724,0.117118012396741,"m"
5848,-1.58939903010466,19.9446853303855,0.117117351236098,"m"
5849,-1.58925369687098,19.9463505639085,0.117116690670945,"m"
5850,-1.58911019151512,19.9480135398805,0.117116030646441,"m"
5851,-1.58896844612794,19.9496743493407,0.117115371107748,"m"
5852,-1.58882839280033,19.9513330833283,0.117114712000024,"m"
5853,-1.58868996362316,19.9529898328827,0.117114053268432,"m"
5854,-1.58855309068732,19.9546446890429,0.117113394858131,"m"
5855,-1.58841770608367,19.9562977428481,0.117112736714281,"m"
5856,-1.58828374190309,19.9579490853376,0.117112078782043,"m"
5857,-1.58815113023646,19.9595988075506,0.117111421006578,"m"
5858,-1.58801980317466,19.9612470005263,0.117110763333046,"m"
5859,-1.58788969280855,19.9628937553039,0.117110105706606,"m"
5860,-1.58776073122903,19.9645391629226,0.117109448072421,"m"
5861,-1.58763285052696,19.9661833144215,0.117108790375649,"m"
5862,-1.58750598279322,19.96782630084,0.117108132561451,"m"
5863,-1.58738006011869,19.9694682132172,0.117107474574988,"m"
5864,-1.58725501459424,19.9711091425923,0.117106816361421,"m"
5865,-1.58713077831075,19.9727491800046,0.117106157865908,"m"
5866,-1.58700728335909,19.9743884164932,0.117105499033612,"m"
5867,-1.58688446183015,19.9760269430973,0.117104839809692,"m"
5868,-1.5867622458148,19.9776648508561,0.117104180139308,"m"
5869,-1.58664056740391,19.9793022308089,0.117103519967622,"m"
5870,-1.58651935868837,19.9809391739949,0.117102859239793,"m"
5871,-1.58639855175904,19.9825757714532,0.117102197900982,"m"
5872,-1.5862780787068,19.9842121142231,0.117101535896349,"m"
5873,-1.58615787162254,19.9858482933437,0.117100873171055,"m"
5874,-1.58603786259712,19.9874843998544,0.11710020967026,"m"
5875,-1.58591798321349,19.9891205174848,0.117099545350664,"m"
5876,-1.58579815951127,19.9907566501955,0.117098880294917,"m"
5877,-1.58567831411822,19.9923927528493,0.117098214663183,"m"
5878,-1.5855583696122,19.994028779591,0.117097548616763,"m"
5879,-1.58543824857107,19.9956646845655,0.117096882316958,"m"
5880,-1.58531787357269,19.9973004219175,0.117096215925068,"m"
5881,-1.58519716719491,19.9989359457919,0.117095549602393,"m"
5882,-1.5850760520156,20.0005712103333,0.117094883510234,"m"
5883,-1.58495445061261,20.0022061696866,0.117094217809891,"m"
5884,-1.5848322855638,20.0038407779966,0.117093552662664,"m"
5885,-1.58470947944703,20.0054749894081,0.117092888229853,"m"
5886,-1.58458595484015,20.0071087580658,0.11709222467276,"m"
5887,-1.58446163432102,20.0087420381145,0.117091562152684,"m"
5888,-1.5843364404675,20.0103747836991,0.117090900830926,"m"
5889,-1.58421029585745,20.0120069489642,0.117090240868785,"m"
5890,-1.58408312306873,20.0136384880548,0.117089582427563,"m"
5891,-1.58395484467919,20.0152693551155,0.11708892566856,"m"
5892,-1.58382538326669,20.0168995042912,0.117088270753076,"m"
5893,-1.58369466140909,20.0185288897267,0.117087617842411,"m"
5894,-1.58356260168424,20.0201574655667,0.117086967097867,"m"
5895,-1.58342912667002,20.021785185956,0.117086318680742,"m"
5896,-1.58329415894426,20.0234120050394,0.117085672752337,"m"
5897,-1.58315762108483,20.0250378769617,0.117085029473954,"m"
5898,-1.58301943566959,20.0266627558677,0.117084389006891,"m"
5899,-1.5828795252764,20.0282865959021,0.11708375151245,"m"
5900,-1.58273781248311,20.0299093512099,0.117083117151931,"m"
5901,-1.58259421986758,20.0315309759356,0.117082486086634,"m"
5902,-1.58244867000767,20.0331514242242,0.117081858477859,"m"
5903,-1.58230108548124,20.0347706502204,0.117081234486908,"m"
5904,-1.58215138886614,20.036388608069,0.117080614275079,"m"
5905,-1.58199950274023,20.0380052519148,0.117079998003674,"m"
5906,-1.58184538735209,20.0396205666446,0.117079385688593,"m"
5907,-1.58168915217107,20.0412346589209,0.117078776769778,"m"
5908,-1.5815309436098,20.0428476655544,0.117078170544579,"m"
5909,-1.5813709080809,20.0444597233558,0.117077566310345,"m"
5910,-1.58120919199699,20.046070969136,0.117076963364428,"m"
5911,-1.58104594177069,20.0476815397057,0.117076361004177,"m"
5912,-1.58088130381461,20.0492915718756,0.117075758526941,"m"
5913,-1.58071542454138,20.0509012024566,0.117075155230071,"m"
5914,-1.58054845036361,20.0525105682595,0.117074550410918,"m"
5915,-1.58038052769392,20.0541198060949,0.11707394336683,"m"
5916,-1.58021180294493,20.0557290527737,0.117073333395157,"m"
5917,-1.58004242252926,20.0573384451067,0.117072719793251,"m"
5918,-1.57987253285952,20.0589481199046,0.11707210185846,"m"
5919,-1.57970228034835,20.0605582139783,0.117071478888135,"m"
5920,-1.57953181140834,20.0621688641384,0.117070850179626,"m"
5921,-1.57936127245214,20.0637802071957,0.117070215030282,"m"
5922,-1.57919080989234,20.0653923799611,0.117069572737454,"m"
5923,-1.57902057014158,20.0670055192453,0.117068922598492,"m"
5924,-1.57885069961246,20.068619761859,0.117068263910745,"m"
5925,-1.57868134471762,20.0702352446131,0.117067595971563,"m"
5926,-1.57851265186966,20.0718521043183,0.117066918078297,"m"
5927,-1.5783447674812,20.0734704777855,0.117066229528297,"m"
5928,-1.57817783796488,20.0750905018253,0.117065529618912,"m"
5929,-1.57801200973329,20.0767123132485,0.117064817647493,"m"
5930,-1.57784742919907,20.078336048866,0.117064092911389,"m"
5931,-1.57768424277483,20.0799618454884,0.11706335470795,"m"
5932,-1.57752259687318,20.0815898399267,0.117062602334526,"m"
5933,-1.57736263790676,20.0832201689914,0.117061835088468,"m"
5934,-1.57720451228817,20.0848529694935,0.117061052267126,"m"
5935,-1.57704836643004,20.0864883782437,0.117060253167848,"m"
5936,-1.57689433512742,20.088126513822,0.117059437155722,"m"
5937,-1.57674242784352,20.0897672981315,0.117058604326576,"m"
5938,-1.57659257757162,20.0914105330755,0.117057755222095,"m"
5939,-1.57644471621393,20.0930560188448,0.117056890390325,"m"
5940,-1.57629877567265,20.0947035556302,0.117056010379313,"m"
5941,-1.57615468784999,20.0963529436228,0.117055115737106,"m"
5942,-1.57601238464817,20.0980039830134,0.117054207011748,"m"
5943,-1.57587179796939,20.0996564739929,0.117053284751286,"m"
5944,-1.57573285971586,20.1013102167522,0.117052349503768,"m"
5945,-1.57559550178978,20.1029650114823,0.117051401817238,"m"
5946,-1.57545965609338,20.104620658374,0.117050442239744,"m"
5947,-1.57532525452886,20.1062769576182,0.117049471319331,"m"
5948,-1.57519222899842,20.1079337094059,0.117048489604045,"m"
5949,-1.57506051140428,20.109590713928,0.117047497641934,"m"
5950,-1.57493003364865,20.1112477713753,0.117046495981043,"m"
5951,-1.57480072763373,20.1129046819388,0.117045485169418,"m"
5952,-1.57467252526173,20.1145612458093,0.117044465755106,"m"
5953,-1.57454535843487,20.1162172631779,0.117043438286153,"m"
5954,-1.57441915905536,20.1178725342353,0.117042403310605,"m"
5955,-1.57429385902539,20.1195268591725,0.117041361376508,"m"
5956,-1.57416939024718,20.1211800381804,0.11704031303191,"m"
5957,-1.57404568462295,20.12283187145,0.117039258824855,"m"
5958,-1.57392267405489,20.124482159172,0.11703819930339,"m"
5959,-1.57380029044522,20.1261307015374,0.117037135015562,"m"
5960,-1.57367846569615,20.1277772987372,0.117036066509417,"m"
5961,-1.57355713170989,20.1294217509622,0.117034994333001,"m"
5962,-1.57343622038864,20.1310638584034,0.11703391903436,"m"
5963,-1.57331566363462,20.1327034212515,0.11703284116154,"m"
5964,-1.57319539335003,20.1343402396977,0.117031761262588,"m"
5965,-1.57307534143709,20.1359741139326,0.11703067988555,"m"
5966,-1.5729554397186,20.137604846785,0.11702959757998,"m"
5967,-1.57283561634605,20.1392323630538,0.117028514965111,"m"
5968,-1.57271579433267,20.1408567582418,0.117027432757699,"m"
5969,-1.57259589630852,20.1424781405826,0.117026351681776,"m"
5970,-1.57247584490362,20.14409661831,0.117025272461371,"m"
5971,-1.57235556274803,20.1457122996576,0.117024195820513,"m"
5972,-1.57223497247179,20.147325292859,0.117023122483233,"m"
5973,-1.57211399670494,20.148935706148,0.117022053173559,"m"
5974,-1.57199255807752,20.1505436477581,0.117020988615523,"m"
5975,-1.57187057921958,20.152149225923,0.117019929533153,"m"
5976,-1.57174798276115,20.1537525488764,0.117018876650479,"m"
5977,-1.57162469133229,20.1553537248519,0.117017830691532,"m"
5978,-1.57150062756303,20.1569528620833,0.117016792380341,"m"
5979,-1.57137571408342,20.158550068804,0.117015762440936,"m"
5980,-1.57124987352349,20.1601454532479,0.117014741597346,"m"
5981,-1.5711230285133,20.1617391236486,0.117013730573602,"m"
5982,-1.57099510168289,20.1633311882397,0.117012730093733,"m"
5983,-1.57086601566229,20.1649217552549,0.117011740881768,"m"
5984,-1.57073569308155,20.1665109329278,0.117010763661739,"m"
5985,-1.57060405657071,20.1680988294921,0.117009799157674,"m"
5986,-1.57047102875982,20.1696855531815,0.117008848093604,"m"
5987,-1.57033653227892,20.1712712122296,0.117007911193557,"m"
5988,-1.57020048975805,20.1728559148701,0.117006989181564,"m"
5989,-1.57006282382725,20.1744397693366,0.117006082781656,"m"
5990,-1.56992345711657,20.1760228838628,0.11700519271786,"m"
5991,-1.56978231225605,20.1776053666824,0.117004319714208,"m"
5992,-1.56963931187573,20.1791873260289,0.117003464494729,"m"
5993,-1.56949437860566,20.1807688701361,0.117002627783452,"m"
5994,-1.56934743507587,20.1823501072377,0.117001810304409,"m"
5995,-1.56919840391641,20.1839311455672,0.117001012781627,"m"
5996,-1.56904720775733,20.1855120933583,0.117000235939138,"m"
5997,-1.56889378151981,20.1870930534534,0.116999480379453,"m"
5998,-1.56873819120749,20.1886740711967,0.116998745409115,"m"
5999,-1.56858058210679,20.190255157156,0.116998029550829,"m"
6000,-1.56842110060711,20.1918363214152,0.116997331316393,"m"
6001,-1.56825989309784,20.1934175740582,0.116996649217605,"m"
6002,-1.56809710596839,20.1949989251691,0.116995981766263,"m"
6003,-1.56793288560814,20.1965803848317,0.116995327474166,"m"
6004,-1.56776737840649,20.19816196313,0.116994684853112,"m"
6005,-1.56760073075283,20.1997436701479,0.116994052414899,"m"
6006,-1.56743308903657,20.2013255159694,0.116993428671327,"m"
6007,-1.56726459964709,20.2029075106784,0.116992812134193,"m"
6008,-1.56709540897379,20.2044896643588,0.116992201315295,"m"
6009,-1.56692566340606,20.2060719870947,0.116991594726433,"m"
6010,-1.56675550933331,20.2076544889699,0.116990990879404,"m"
6011,-1.56658509314492,20.2092371800683,0.116990388286007,"m"
6012,-1.56641456123028,20.2108200704739,0.116989785458039,"m"
6013,-1.56624405997881,20.2124031702708,0.116989180907301,"m"
6014,-1.56607373577988,20.2139864895427,0.116988573145589,"m"
6015,-1.56590373502289,20.2155700383736,0.116987960684703,"m"
6016,-1.56573420409724,20.2171538268475,0.11698734203644,"m"
6017,-1.56556528939233,20.2187378650484,0.1169867157126,"m"
6018,-1.56539713729754,20.2203221630601,0.11698608022498,"m"
6019,-1.56522989420228,20.2219067309666,0.116985434085378,"m"
6020,-1.56506370649594,20.2234915788519,0.116984775805594,"m"
6021,-1.56489872056791,20.2250767167998,0.116984103897426,"m"
6022,-1.56473508280758,20.2266621548944,0.116983416872671,"m"
6023,-1.56457293960437,20.2282479032196,0.116982713243129,"m"
6024,-1.56441243734764,20.2298339718592,0.116981991520597,"m"
6025,-1.56425372242681,20.2314203708973,0.116981250216874,"m"
6026,-1.56409694123127,20.2330071104178,0.116980487843759,"m"
6027,-1.56394223826543,20.2345941998896,0.11697970293498,"m"
6028,-1.56378967265111,20.2361816209198,0.116978895017597,"m"
6029,-1.56363918503563,20.2377693164558,0.116978064996993,"m"
6030,-1.56349070733958,20.2393572265972,0.116977213880078,"m"
6031,-1.56334417148354,20.2409452914436,0.116976342673758,"m"
6032,-1.56319950938808,20.2425334510946,0.116975452384944,"m"
6033,-1.56305665297379,20.2441216456499,0.116974544020544,"m"
6034,-1.56291553416124,20.245709815209,0.116973618587467,"m"
6035,-1.56277608487101,20.2472978998716,0.11697267709262,"m"
6036,-1.56263823702368,20.2488858397374,0.116971720542914,"m"
6037,-1.56250192253983,20.2504735749058,0.116970749945256,"m"
6038,-1.56236707334004,20.2520610454766,0.116969766306555,"m"
6039,-1.56223362134488,20.2536481915493,0.116968770633719,"m"
6040,-1.56210149847494,20.2552349532237,0.116967763933659,"m"
6041,-1.56197063665079,20.2568212705992,0.116966747213281,"m"
6042,-1.561840967793,20.2584070837755,0.116965721479496,"m"
6043,-1.56171242382217,20.2599923328523,0.11696468773921,"m"
6044,-1.56158493665887,20.2615769579291,0.116963646999334,"m"
6045,-1.56145843822367,20.2631608991056,0.116962600266776,"m"
6046,-1.56133286043716,20.2647440964814,0.116961548548444,"m"
6047,-1.56120813521992,20.2663264901561,0.116960492851247,"m"
6048,-1.56108419449251,20.2679080202293,0.116959434182094,"m"
6049,-1.56096097017553,20.2694886268007,0.116958373547893,"m"
6050,-1.56083839418954,20.2710682499698,0.116957311955553,"m"
6051,-1.56071639845514,20.2726468298363,0.116956250411984,"m"
6052,-1.56059491489289,20.2742243064998,0.116955189924092,"m"
6053,-1.56047387542338,20.2758006200599,0.116954131498788,"m"
6054,-1.56035321196718,20.2773757106163,0.116953076142979,"m"
6055,-1.56023285644487,20.2789495182685,0.116952024863575,"m"
6056,-1.56011274077703,20.2805219831162,0.116950978667483,"m"
6057,-1.55999279688392,20.2820930452647,0.116949938561568,"m"
6058,-1.55987295484947,20.2836626774202,0.11694890529204,"m"
6059,-1.55975313860451,20.2852309615265,0.116947878731729,"m"
6060,-1.55963327079257,20.2867980023814,0.116946858570741,"m"
6061,-1.55951327405717,20.2883639047827,0.116945844499183,"m"
6062,-1.55939307104184,20.2899287735281,0.116944836207162,"m"
6063,-1.55927258439012,20.2914927134155,0.116943833384785,"m"
6064,-1.55915173674552,20.2930558292425,0.116942835722157,"m"
6065,-1.55903045075157,20.2946182258069,0.116941842909387,"m"
6066,-1.5589086490518,20.2961800079066,0.11694085463658,"m"
6067,-1.55878625428975,20.2977412803392,0.116939870593843,"m"
6068,-1.55866318910893,20.2993021479025,0.116938890471284,"m"
6069,-1.55853937615287,20.3008627153943,0.116937913959009,"m"
6070,-1.5584147380651,20.3024230876125,0.116936940747124,"m"
6071,-1.55828919748915,20.3039833693546,0.116935970525736,"m"
6072,-1.55816267706854,20.3055436654185,0.116935002984953,"m"
6073,-1.55803509944681,20.307104080602,0.11693403781488,"m"
6074,-1.55790638726747,20.3086647197028,0.116933074705625,"m"
6075,-1.55777646317407,20.3102256875187,0.116932113347294,"m"
6076,-1.55764524981011,20.3117870888475,0.116931153429994,"m"
6077,-1.55751266981914,20.3133490284869,0.116930194643831,"m"
6078,-1.55737864584468,20.3149116112347,0.116929236678913,"m"
6079,-1.55724310053025,20.3164749418886,0.116928279225346,"m"
6080,-1.55710595651938,20.3180391252464,0.116927321973237,"m"
6081,-1.55696713645561,20.319604266106,0.116926364612693,"m"
6082,-1.55682656298245,20.3211704692649,0.11692540683382,"m"
6083,-1.55668415874344,20.3227378395211,0.116924448326725,"m"
6084,-1.5565398463821,20.3243064816723,0.116923488781515,"m"
6085,-1.55639354854196,20.3258765005163,0.116922527888296,"m"
6086,-1.55624518786655,20.3274480008507,0.116921565337175,"m"
6087,-1.55609468699939,20.3290210874734,0.11692060081826,"m"
6088,-1.55594197060087,20.330595863161,0.116919634025331,"m"
6089,-1.55578705283508,20.3321723409952,0.11691866481526,"m"
6090,-1.55563007099676,20.3337504106639,0.116917693269281,"m"
6091,-1.55547117133808,20.3353299528787,0.116916719484949,"m"
6092,-1.55531050011122,20.3369108483509,0.11691574355982,"m"
6093,-1.55514820356837,20.338492977792,0.116914765591451,"m"
6094,-1.5549844279617,20.3400762219134,0.116913785677396,"m"
6095,-1.55481931954339,20.3416604614265,0.116912803915212,"m"
6096,-1.55465302456563,20.3432455770428,0.116911820402454,"m"
6097,-1.5544856892806,20.3448314494737,0.116910835236678,"m"
6098,-1.55431745994047,20.3464179594307,0.11690984851544,"m"
6099,-1.55414848279743,20.3480049876251,0.116908860336295,"m"
6100,-1.55397890410365,20.3495924147685,0.116907870796799,"m"
6101,-1.55380887011133,20.3511801215721,0.116906879994509,"m"
6102,-1.55363852707263,20.3527679887475,0.116905888026979,"m"
6103,-1.55346802123973,20.3543558970062,0.116904894991765,"m"
6104,-1.55329749886483,20.3559437270594,0.116903900986424,"m"
6105,-1.5531271062001,20.3575313596187,0.116902906108511,"m"
6106,-1.55295698949772,20.3591186753955,0.116901910455582,"m"
6107,-1.55278729500986,20.3607055551012,0.116900914125192,"m"
6108,-1.55261816898872,20.3622918794473,0.116899917214897,"m"
6109,-1.55244975768647,20.3638775291451,0.116898919822253,"m"
6110,-1.55228220735529,20.3654623849062,0.116897922044816,"m"
6111,-1.55211566424736,20.3670463274419,0.116896923980141,"m"
6112,-1.55195027461487,20.3686292374637,0.116895925725785,"m"
6113,-1.55178618470998,20.370210995683,0.116894927379303,"m"
6114,-1.55162354078489,20.3717914828112,0.11689392903825,"m"
6115,-1.55146248909178,20.3733705795598,0.116892930800183,"m"
6116,-1.55130317588282,20.3749481666402,0.116891932762657,"m"
6117,-1.55114574741019,20.3765241247639,0.116890935023228,"m"
6118,-1.55099034991739,20.3780983346484,0.116889937679447,"m"
6119,-1.55083708695551,20.379670707488,0.11688894080961,"m"
6120,-1.55068592039688,20.3812412556159,0.116887944428105,"m"
6121,-1.55053678276222,20.3828100123186,0.116886948536078,"m"
6122,-1.5503896065723,20.3843770108824,0.116885953134679,"m"
6123,-1.55024432434786,20.3859422845937,0.116884958225056,"m"
6124,-1.55010086860965,20.3875058667389,0.116883963808357,"m"
6125,-1.54995917187843,20.3890677906043,0.11688296988573,"m"
6126,-1.54981916667494,20.3906280894763,0.116881976458324,"m"
6127,-1.54968078551994,20.3921867966412,0.116880983527286,"m"
6128,-1.54954396093418,20.3937439453854,0.116879991093764,"m"
6129,-1.5494086254384,20.3952995689953,0.116878999158908,"m"
6130,-1.54927471155336,20.3968537007572,0.116878007723865,"m"
6131,-1.54914215179981,20.3984063739576,0.116877016789783,"m"
6132,-1.5490108786985,20.3999576218827,0.11687602635781,"m"
6133,-1.54888082477018,20.4015074778189,0.116875036429095,"m"
6134,-1.54875192253559,20.4030559750526,0.116874047004786,"m"
6135,-1.5486241045155,20.4046031468702,0.116873058086032,"m"
6136,-1.54849730323065,20.4061490265581,0.116872069673979,"m"
6137,-1.54837145120179,20.4076936474024,0.116871081769777,"m"
6138,-1.54824648094967,20.4092370426898,0.116870094374574,"m"
6139,-1.54812232499504,20.4107792457065,0.116869107489517,"m"
6140,-1.54799891585865,20.4123202897388,0.116868121115756,"m"
6141,-1.54787618606126,20.4138602080732,0.116867135254438,"m"
6142,-1.54775406812362,20.415399033996,0.116866149906711,"m"
6143,-1.54763249456647,20.4169368007936,0.116865165073724,"m"
6144,-1.54751139791056,20.4184735417523,0.116864180756625,"m"
6145,-1.54739071067665,20.4200092901585,0.116863196956561,"m"
6146,-1.54727036538548,20.4215440792986,0.116862213674682,"m"
6147,-1.54715029455781,20.4230779424589,0.116861230912136,"m"
6148,-1.54703043071439,20.4246109129258,0.11686024867007,"m"
6149,-1.54691070552719,20.4261430272764,0.116859266947801,"m"
6150,-1.54679104319997,20.4276743510421,0.116858285728526,"m"
6151,-1.54667136405671,20.4292049647962,0.116857304987069,"m"
6152,-1.54655158838831,20.4307349492406,0.116856324698183,"m"
6153,-1.54643163648562,20.4322643850768,0.116855344836619,"m"
6154,-1.54631142863954,20.4337933530066,0.11685436537713,"m"
6155,-1.54619088514094,20.4353219337318,0.116853386294467,"m"
6156,-1.54606992628069,20.4368502079541,0.116852407563384,"m"
6157,-1.54594847234968,20.4383782563751,0.116851429158632,"m"
6158,-1.54582644363878,20.4399061596966,0.116850451054963,"m"
6159,-1.54570376043887,20.4414339986203,0.116849473227131,"m"
6160,-1.54558034304082,20.4429618538479,0.116848495649886,"m"
6161,-1.54545611173552,20.4444898060813,0.116847518297981,"m"
6162,-1.54533098681384,20.4460179360219,0.116846541146169,"m"
6163,-1.54520488856667,20.4475463243717,0.116845564169202,"m"
6164,-1.54507773728487,20.4490750518323,0.116844587341831,"m"
6165,-1.54494945325932,20.4506041991054,0.116843610638809,"m"
6166,-1.54481995678091,20.4521338468928,0.116842634034889,"m"
6167,-1.5446891681405,20.4536640758961,0.116841657504822,"m"
6168,-1.54455700762899,20.4551949668172,0.116840681023361,"m"
6169,-1.54442339553724,20.4567266003576,0.116839704565258,"m"
6170,-1.54428825215613,20.4582590572192,0.116838728105265,"m"
6171,-1.54415149777654,20.4597924181036,0.116837751618134,"m"
6172,-1.54401305268936,20.4613267637126,0.116836775078618,"m"
6173,-1.54387283718544,20.4628621747479,0.116835798461468,"m"
6174,-1.54373077155569,20.4643987319112,0.116834821741438,"m"
6175,-1.54358677609096,20.4659365159042,0.116833844893279,"m"
6176,-1.54344077108214,20.4674756074287,0.116832867891743,"m"
6177,-1.5432926768201,20.4690160871863,0.116831890711583,"m"
6178,-1.54314241359574,20.4705580358788,0.11683091332755,"m"
6179,-1.54298990171104,20.4721015341984,0.116829935714397,"m"
6180,-1.54283510884335,20.4736466222152,0.116828957841389,"m"
6181,-1.54267815838195,20.4751932064843,0.116827979659771,"m"
6182,-1.5425192056597,20.4767411661704,0.116827001117087,"m"
6183,-1.54235840600946,20.4782903804386,0.116826022160884,"m"
6184,-1.54219591476408,20.4798407284537,0.116825042738706,"m"
6185,-1.54203188725643,20.4813920893806,0.1168240627981,"m"
6186,-1.54186647881937,20.4829443423843,0.116823082286612,"m"
6187,-1.54169984478575,20.4844973666296,0.116822101151786,"m"
6188,-1.54153214048844,20.4860510412816,0.116821119341168,"m"
6189,-1.5413635212603,20.487605245505,0.116820136802305,"m"
6190,-1.54119414243418,20.4891598584649,0.116819153482741,"m"
6191,-1.54102415934294,20.490714759326,0.116818169330023,"m"
6192,-1.54085372731945,20.4922698272534,0.116817184291696,"m"
6193,-1.54068300169656,20.493824941412,0.116816198315305,"m"
6194,-1.54051213780713,20.4953799809666,0.116815211348396,"m"
6195,-1.54034129098403,20.4969348250821,0.116814223338516,"m"
6196,-1.54017061656011,20.4984893529236,0.116813234233208,"m"
6197,-1.54000026986822,20.5000434436558,0.11681224398002,"m"
6198,-1.53983040624125,20.5015969764438,0.116811252526496,"m"
6199,-1.53966118101203,20.5031498304524,0.116810259820183,"m"
6200,-1.53949274951343,20.5047018848465,0.116809265808626,"m"
6201,-1.53932526707831,20.5062530187911,0.11680827043937,"m"
6202,-1.53915888903953,20.507803111451,0.116807273659962,"m"
6203,-1.53899377072995,20.5093520419912,0.116806275417946,"m"
6204,-1.53883006748243,20.5108996895766,0.116805275660869,"m"
6205,-1.53866793462982,20.5124459333721,0.116804274336275,"m"
6206,-1.53850752750499,20.5139906525425,0.116803271391712,"m"
6207,-1.5383490014408,20.515533726253,0.116802266774724,"m"
6208,-1.53819251177011,20.5170750336682,0.116801260432856,"m"
6209,-1.53803821382577,20.5186144539532,0.116800252313656,"m"
6210,-1.53788624488034,20.5201518795398,0.116799242390313,"m"
6211,-1.53773658501474,20.5216873183306,0.116798230859234,"m"
6212,-1.53758913337294,20.5232208376838,0.116797218031756,"m"
6213,-1.53744378843004,20.5247525054488,0.116796204220165,"m"
6214,-1.53730044866108,20.526282389475,0.11679518973675,"m"
6215,-1.53715901254116,20.5278105576117,0.116794174893796,"m"
6216,-1.53701937854534,20.5293370777084,0.116793160003592,"m"
6217,-1.5368814451487,20.5308620176146,0.116792145378423,"m"
6218,-1.53674511082631,20.5323854451796,0.116791131330577,"m"
6219,-1.53661027405325,20.5339074282528,0.116790118172341,"m"
6220,-1.53647683330458,20.5354280346836,0.116789106216001,"m"
6221,-1.53634468705539,20.5369473323215,0.116788095773846,"m"
6222,-1.53621373378074,20.5384653890158,0.116787087158162,"m"
6223,-1.5360838719557,20.5399822726161,0.116786080681235,"m"
6224,-1.53595500005537,20.5414980509716,0.116785076655353,"m"
6225,-1.53582701655479,20.5430127919318,0.116784075392803,"m"
6226,-1.53569981992906,20.5445265633461,0.116783077205872,"m"
6227,-1.53557330865324,20.5460394330639,0.116782082406847,"m"
6228,-1.53544738120241,20.5475514689346,0.116781091308015,"m"
6229,-1.53532193605164,20.5490627388077,0.116780104221663,"m"
6230,-1.535196871676,20.5505733105325,0.116779121460077,"m"
6231,-1.53507208655057,20.5520832519584,0.116778143335546,"m"
6232,-1.53494747915042,20.553592630935,0.116777170160355,"m"
6233,-1.53482294795063,20.5551015153115,0.116776202246793,"m"
6234,-1.53469839142626,20.5566099729373,0.116775239907145,"m"
6235,-1.5345737080524,20.558118071662,0.116774283453699,"m"
6236,-1.53444879630411,20.5596258793349,0.116773333198742,"m"
6237,-1.53432355465648,20.5611334638054,0.116772389454561,"m"
6238,-1.53419788158456,20.5626408929229,0.116771452533443,"m"
6239,-1.53407167556345,20.5641482345369,0.116770522747675,"m"
6240,-1.53394483707336,20.5656555548451,0.11676960039024,"m"
6241,-1.53381733081848,20.5671628671458,0.116768685135819,"m"
6242,-1.53368919776013,20.5686701219261,0.116767775924945,"m"
6243,-1.53356048329374,20.570177266021,0.116766871655464,"m"
6244,-1.53343123281473,20.5716842462654,0.116765971225221,"m"
6245,-1.53330149171854,20.5731910094943,0.11676507353206,"m"
6246,-1.5331713054006,20.5746975025426,0.116764177473827,"m"
6247,-1.53304071925631,20.5762036722452,0.116763281948366,"m"
6248,-1.53290977868113,20.577709465437,0.116762385853523,"m"
6249,-1.53277852907046,20.5792148289531,0.116761488087143,"m"
6250,-1.53264701581974,20.5807197096282,0.11676058754707,"m"
6251,-1.5325152843244,20.5822240542974,0.116759683131151,"m"
6252,-1.53238337997985,20.5837278097956,0.116758773737229,"m"
6253,-1.53225134818153,20.5852309229577,0.11675785826315,"m"
6254,-1.53211923432487,20.5867333406186,0.116756935606758,"m"
6255,-1.53198708380529,20.5882350096133,0.1167560046659,"m"
6256,-1.53185494201822,20.5897358767768,0.116755064338419,"m"
6257,-1.53172285435908,20.5912358889439,0.116754113522161,"m"
6258,-1.5315908662233,20.5927349929495,0.116753151114971,"m"
6259,-1.5314590230063,20.5942331356287,0.116752176014695,"m"
6260,-1.53132737010353,20.5957302638164,0.116751187119176,"m"
6261,-1.53119595291039,20.5972263243474,0.11675018332626,"m"
6262,-1.53106481682232,20.5987212640567,0.116749163533792,"m"
6263,-1.53093400723474,20.6002150297793,0.116748126639617,"m"
6264,-1.53080356954309,20.60170756835,0.11674707154158,"m"
6265,-1.53067354914278,20.6031988266039,0.116745997137526,"m"
6266,-1.53054399142925,20.6046887513758,0.1167449023253,"m"
6267,-1.53041494179792,20.6061772895007,0.116743786002747,"m"
6268,-1.53028644564422,20.6076643878135,0.116742647067713,"m"
6269,-1.53015854836357,20.6091499931492,0.116741484418041,"m"
6270,-1.5300312953514,20.6106340523426,0.116740296951578,"m"
6271,-1.52990472141094,20.6121165280813,0.116739083776848,"m"
6272,-1.52977877014691,20.6135975195423,0.116737845816319,"m"
6273,-1.529653338624,20.6150771955556,0.116736584918146,"m"
6274,-1.52952832353461,20.6165557255083,0.116735302937886,"m"
6275,-1.52940362157111,20.6180332787876,0.116734001731099,"m"
6276,-1.52927912942586,20.6195100247806,0.116732683153342,"m"
6277,-1.52915474379125,20.6209861328744,0.116731349060176,"m"
6278,-1.52903036135965,20.6224617724564,0.116730001307159,"m"
6279,-1.52890587882343,20.6239371129135,0.116728641749849,"m"
6280,-1.52878119287497,20.625412323633,0.116727272243806,"m"
6281,-1.52865620020664,20.626887574002,0.116725894644587,"m"
6282,-1.52853079751083,20.6283630334077,0.116724510807753,"m"
6283,-1.5284048814799,20.6298388712372,0.116723122588861,"m"
6284,-1.52827834880622,20.6313152568777,0.116721731843471,"m"
6285,-1.52815109618218,20.6327923597163,0.116720340427141,"m"
6286,-1.52802302030015,20.6342703491402,0.11671895019543,"m"
6287,-1.5278940178525,20.6357493945365,0.116717563003896,"m"
6288,-1.52776398553161,20.6372296652925,0.1167161807081,"m"
6289,-1.52763282002985,20.6387113307952,0.116714805163599,"m"
6290,-1.5275004180396,20.6401945604319,0.116713438225951,"m"
6291,-1.52736667625323,20.6416795235896,0.116712081750717,"m"
6292,-1.52723149136312,20.6431663896555,0.116710737593455,"m"
6293,-1.52709476006164,20.6446553280168,0.116709407609722,"m"
6294,-1.52695637904116,20.6461465080607,0.11670809365508,"m"
6295,-1.52681624499407,20.6476400991743,0.116706797585085,"m"
6296,-1.52667425461274,20.6491362707447,0.116705521255297,"m"
6297,-1.52653030458953,20.6506351921591,0.116704266521274,"m"
6298,-1.52638429161683,20.6521370328047,0.116703035238576,"m"
6299,-1.52623611238701,20.6536419620687,0.116701829262761,"m"
6300,-1.52608566359245,20.6551501493381,0.116700650449388,"m"
6301,-1.52593284563496,20.6566617572751,0.116699500601033,"m"
6302,-1.52577767566099,20.6581767368913,0.116698379852783,"m"
6303,-1.52562030826097,20.6596947900211,0.11669728637658,"m"
6304,-1.52546090590921,20.6612156042056,0.116696218231763,"m"
6305,-1.52529963108005,20.6627388669861,0.116695173477666,"m"
6306,-1.52513664624782,20.6642642659039,0.116694150173626,"m"
6307,-1.52497211388685,20.6657914885004,0.116693146378979,"m"
6308,-1.52480619647146,20.6673202223167,0.116692160153062,"m"
6309,-1.52463905647599,20.6688501548941,0.116691189555211,"m"
6310,-1.52447085637477,20.6703809737739,0.116690232644762,"m"
6311,-1.52430175864213,20.6719123664975,0.116689287481051,"m"
6312,-1.52413192575239,20.673444020606,0.116688352123415,"m"
6313,-1.52396152017989,20.6749756236407,0.116687424631189,"m"
6314,-1.52379070439895,20.6765068631429,0.11668650306371,"m"
6315,-1.5236196408839,20.6780374266539,0.116685585480315,"m"
6316,-1.52344849210908,20.6795670017149,0.116684669940339,"m"
6317,-1.52327742054882,20.6810952758673,0.116683754503119,"m"
6318,-1.52310658867743,20.6826219366523,0.11668283722799,"m"
6319,-1.52293615896926,20.6841466716111,0.11668191617429,"m"
6320,-1.52276629389863,20.6856691682851,0.116680989401354,"m"
6321,-1.52259715593987,20.6871891142156,0.116680054968519,"m"
6322,-1.52242890756732,20.6887061969437,0.116679110935121,"m"
6323,-1.52226171125529,20.6902201040108,0.116678155360495,"m"
6324,-1.52209572947813,20.6917305229581,0.11667718630398,"m"
6325,-1.52193112471015,20.693237141327,0.116676201824909,"m"
6326,-1.52176805942569,20.6947396466586,0.116675199982621,"m"
6327,-1.52160669609908,20.6962377264943,0.116674178836451,"m"
6328,-1.52144719720465,20.6977310683754,0.116673136445735,"m"
6329,-1.52128972521673,20.699219359843,0.116672070869809,"m"
6330,-1.52113444260964,20.7007022884386,0.116670980168011,"m"
6331,-1.52098151177696,20.7021795418938,0.116669862400769,"m"
6332,-1.52083103226691,20.7036509561803,0.116668716479637,"m"
6333,-1.52068292835792,20.7051167806969,0.11666754368987,"m"
6334,-1.52053709401283,20.7065773363509,0.116666345727291,"m"
6335,-1.5203934231945,20.7080329440494,0.116665124287725,"m"
6336,-1.52025180986575,20.7094839247,0.116663881066994,"m"
6337,-1.52011214798944,20.7109305992098,0.116662617760922,"m"
6338,-1.51997433152841,20.7123732884861,0.116661336065332,"m"
6339,-1.51983825444549,20.7138123134363,0.116660037676048,"m"
6340,-1.51970381070353,20.7152479949677,0.116658724288893,"m"
6341,-1.51957089426537,20.7166806539875,0.11665739759969,"m"
6342,-1.51943939909385,20.7181106114031,0.116656059304264,"m"
6343,-1.51930921915182,20.7195381881217,0.116654711098438,"m"
6344,-1.51918024840211,20.7209637050507,0.116653354678035,"m"
6345,-1.51905238080757,20.7223874830974,0.116651991738878,"m"
6346,-1.51892551033105,20.723809843169,0.116650623976791,"m"
6347,-1.51879953093538,20.7252311061729,0.116649253087597,"m"
6348,-1.5186743365834,20.7266515930163,0.116647880767121,"m"
6349,-1.51854982123796,20.7280716246066,0.116646508711184,"m"
6350,-1.5184258788619,20.7294915218511,0.116645138615612,"m"
6351,-1.51830240341806,20.7309116056571,0.116643772176227,"m"
6352,-1.51817928886928,20.7323321969318,0.116642411088852,"m"
6353,-1.51805642917841,20.7337536165826,0.116641057049312,"m"
6354,-1.51793371830828,20.7351761855167,0.116639711753429,"m"
6355,-1.51781105022174,20.7366002246415,0.116638376897027,"m"
6356,-1.51768831888164,20.7380260548643,0.11663705417593,"m"
6357,-1.51756541825081,20.7394539970924,0.116635745285961,"m"
6358,-1.51744224229209,20.740884372233,0.116634451922943,"m"
6359,-1.51731868496833,20.7423175011936,0.1166331757827,"m"
6360,-1.51719464024237,20.7437537048813,0.116631918561056,"m"
6361,-1.51707000207705,20.7451933042034,0.116630681953833,"m"
6362,-1.51694466640811,20.7466366137914,0.116629467620625,"m"
6363,-1.51681859019147,20.7480837541663,0.116628276100433,"m"
6364,-1.51669180161393,20.7495346192579,0.116627106624156,"m"
6365,-1.51656433289267,20.750989090175,0.116625958348678,"m"
6366,-1.51643621624488,20.7524470480263,0.116624830430883,"m"
6367,-1.51630748388772,20.7539083739207,0.116623722027655,"m"
6368,-1.51617816803837,20.755372948967,0.116622632295877,"m"
6369,-1.51604830091402,20.7568406542739,0.116621560392435,"m"
6370,-1.51591791473185,20.7583113709502,0.116620505474211,"m"
6371,-1.51578704170902,20.7597849801048,0.11661946669809,"m"
6372,-1.51565571406273,20.7612613628464,0.116618443220955,"m"
6373,-1.51552396401014,20.7627404002838,0.116617434199691,"m"
6374,-1.51539182376844,20.7642219735258,0.116616438791181,"m"
6375,-1.51525932555481,20.7657059636812,0.11661545615231,"m"
6376,-1.51512650158642,20.7671922518589,0.116614485439961,"m"
6377,-1.51499338408045,20.7686807191675,0.116613525811019,"m"
6378,-1.51486000525409,20.7701712467159,0.116612576422367,"m"
6379,-1.5147263973245,20.7716637156129,0.116611636430889,"m"
6380,-1.51459259250887,20.7731580069673,0.116610704993468,"m"
6381,-1.51445862302437,20.7746540018878,0.116609781266991,"m"
6382,-1.51432452108819,20.7761515814833,0.116608864408339,"m"
6383,-1.51419031891751,20.7776506268626,0.116607953574397,"m"
6384,-1.51405604872949,20.7791510191344,0.116607047922048,"m"
6385,-1.51392174274133,20.7806526394075,0.116606146608178,"m"
6386,-1.51378743317019,20.7821553687908,0.11660524878967,"m"
6387,-1.51365315223326,20.783659088393,0.116604353623407,"m"
6388,-1.51351893214772,20.7851636793229,0.116603460266273,"m"
6389,-1.51338480513074,20.7866690226894,0.116602567875154,"m"
6390,-1.5132508033995,20.7881749996011,0.116601675606932,"m"
6391,-1.51311695917118,20.789681491167,0.116600782618491,"m"
6392,-1.51298330464892,20.7911883784769,0.116599888066864,"m"
6393,-1.51284986185241,20.7926955289944,0.116598991216563,"m"
6394,-1.51271662466702,20.7942027725362,0.116598091629041,"m"
6395,-1.51258358216028,20.795709932472,0.116597188916602,"m"
6396,-1.51245072339974,20.7972168321717,0.116596282691549,"m"
6397,-1.51231803745293,20.7987232950053,0.116595372566183,"m"
6398,-1.51218551338739,20.8002291443426,0.116594458152809,"m"
6399,-1.51205314027068,20.8017342035535,0.116593539063729,"m"
6400,-1.51192090717032,20.8032382960079,0.116592614911246,"m"
6401,-1.51178880315386,20.8047412450756,0.116591685307662,"m"
6402,-1.51165681728883,20.8062428741265,0.116590749865281,"m"
6403,-1.51152493864279,20.8077430065306,0.116589808196406,"m"
6404,-1.51139315628326,20.8092414656576,0.116588859913339,"m"
6405,-1.5112614592778,20.8107380748774,0.116587904628384,"m"
6406,-1.51112983669394,20.81223265756,0.116586941953842,"m"
6407,-1.51099827759921,20.8137250370752,0.116585971502018,"m"
6408,-1.51086677106117,20.8152150367929,0.116584992885214,"m"
6409,-1.51073530614736,20.816702480083,0.116584005715733,"m"
6410,-1.5106038719253,20.8181871903153,0.116583009605878,"m"
6411,-1.51047245746255,20.8196689908597,0.116582004167951,"m"
6412,-1.51034105182665,20.8211477050861,0.116580989014256,"m"
6413,-1.51020964408513,20.8226231563644,0.116579963757095,"m"
6414,-1.51007822330553,20.8240951680645,0.116578928008771,"m"
6415,-1.5099467785554,20.8255635635562,0.116577881381588,"m"
6416,-1.50981529890228,20.8270281662094,0.116576823487848,"m"
6417,-1.50968377341371,20.8284887993939,0.116575753939854,"m"
6418,-1.50955219115722,20.8299452864798,0.116574672349908,"m"
6419,-1.50942054120037,20.8313974508368,0.116573578330315,"m"
6420,-1.50928881261068,20.8328451158348,0.116572471493376,"m"
6421,-1.5091569944557,20.8342881048436,0.116571351451394,"m"
6422,-1.50902507580297,20.8357262412333,0.116570217816673,"m"
6423,-1.50889304858006,20.8371593890275,0.116569070266779,"m"
6424,-1.5087609252352,20.8385877039417,0.11656790894755,"m"
6425,-1.50862872717817,20.8400114690755,0.116566734209319,"m"
6426,-1.50849647585619,20.8414309680608,0.116565546403274,"m"
6427,-1.5083641927165,20.8428464845296,0.116564345880606,"m"
6428,-1.50823189920634,20.8442583021138,0.116563132992501,"m"
6429,-1.50809961677292,20.8456667044454,0.11656190809015,"m"
6430,-1.50796736686348,20.8470719751563,0.11656067152474,"m"
6431,-1.50783517092525,20.8484743978785,0.11655942364746,"m"
6432,-1.50770305040547,20.849874256244,0.1165581648095,"m"
6433,-1.50757102675135,20.8512718338846,0.116556895362047,"m"
6434,-1.50743912141014,20.8526674144324,0.116555615656291,"m"
6435,-1.50730735582907,20.8540612815192,0.11655432604342,"m"
6436,-1.50717575145536,20.8554537187772,0.116553026874623,"m"
6437,-1.50704432973624,20.8568450098381,0.116551718501088,"m"
6438,-1.50691311211896,20.8582354383339,0.116550401274005,"m"
6439,-1.50678212005072,20.8596252878967,0.116549075544561,"m"
6440,-1.50665137497878,20.8610148421584,0.116547741663946,"m"
6441,-1.50652089835036,20.8624043847508,0.116546399983349,"m"
6442,-1.50639071161268,20.863794199306,0.116545050853957,"m"
6443,-1.50626083621298,20.865184569456,0.11654369462696,"m"
6444,-1.5061312935985,20.8665757788326,0.116542331653546,"m"
6445,-1.50600210521646,20.8679681110678,0.116540962284905,"m"
6446,-1.50587329251408,20.8693618497936,0.116539586872224,"m"
6447,-1.50574487693862,20.870757278642,0.116538205766692,"m"
6448,-1.50561687993728,20.8721546812448,0.116536819319499,"m"
6449,-1.50548932295731,20.873554341234,0.116535427881833,"m"
6450,-1.50536222744593,20.8749565422417,0.116534031804882,"m"
6451,-1.50523561485038,20.8763615678997,0.116532631439835,"m"
6452,-1.50510950661789,20.87776970184,0.116531227137882,"m"
6453,-1.50498392415414,20.8791812275567,0.116529819250406,"m"
6454,-1.50485886074437,20.8805963352329,0.116528408261804,"m"
6455,-1.50473423271123,20.8820149596702,0.116526995020505,"m"
6456,-1.50460994332947,20.8834369923737,0.116525580436656,"m"
6457,-1.50448589587381,20.8848623248483,0.116524165420403,"m"
6458,-1.504361993619,20.8862908485993,0.116522750881893,"m"
6459,-1.50423813983978,20.8877224551317,0.116521337731273,"m"
6460,-1.50411423781088,20.8891570359506,0.116519926878689,"m"
6461,-1.50399019080704,20.8905944825611,0.116518519234287,"m"
6462,-1.503865902103,20.8920346864684,0.116517115708214,"m"
6463,-1.5037412749735,20.8934775391774,0.116515717210618,"m"
6464,-1.50361621269327,20.8949229321934,0.116514324651643,"m"
6465,-1.50349061853705,20.8963707570213,0.116512938941438,"m"
6466,-1.50336439577959,20.8978209051664,0.116511560990147,"m"
6467,-1.50323744769561,20.8992732681337,0.116510191707919,"m"
6468,-1.50310967755985,20.9007277374282,0.1165088320049,"m"
6469,-1.50298098864707,20.9021842045552,0.116507482791235,"m"
6470,-1.50285128423198,20.9036425610197,0.116506144977073,"m"
6471,-1.50272046758933,20.9051026983267,0.116504819472558,"m"
6472,-1.50258844199386,20.9065645079814,0.116503507187839,"m"
6473,-1.50245511072031,20.908027881489,0.116502209033061,"m"
6474,-1.5023203770434,20.9094927103544,0.116500925918371,"m"
6475,-1.50218414423789,20.9109588860827,0.116499658753915,"m"
6476,-1.50204631557851,20.9124263001792,0.116498408449841,"m"
6477,-1.50190679433999,20.9138948441489,0.116497175916294,"m"
6478,-1.50176548379708,20.9153644094968,0.116495962063421,"m"
6479,-1.50162228722451,20.9168348877281,0.11649476780137,"m"
6480,-1.50147710789703,20.9183061703478,0.116493594040285,"m"
6481,-1.50132984908936,20.9197781488611,0.116492441690315,"m"
6482,-1.50118041407624,20.9212507147731,0.116491311661605,"m"
6483,-1.50102870613242,20.9227237595889,0.116490204864303,"m"
6484,-1.50087465153027,20.9241971686005,0.116489121970913,"m"
6485,-1.50071833984942,20.9256707829815,0.116488061966442,"m"
6486,-1.50055993133725,20.927144424814,0.116487023105667,"m"
6487,-1.50039958652377,20.9286179161037,0.116486003640445,"m"
6488,-1.50023746593899,20.9300910788564,0.116485001822632,"m"
6489,-1.50007373011291,20.9315637350778,0.116484015904085,"m"
6490,-1.49990853957554,20.9330357067737,0.116483044136661,"m"
6491,-1.49974205485689,20.9345068159499,0.116482084772215,"m"
6492,-1.49957443648697,20.935976884612,0.116481136062605,"m"
6493,-1.49940584499577,20.9374457347658,0.116480196259687,"m"
6494,-1.49923644091331,20.9389131884171,0.116479263615318,"m"
6495,-1.4990663847696,20.9403790675716,0.116478336381354,"m"
6496,-1.49889583709464,20.941843194235,0.116477412809652,"m"
6497,-1.49872495841844,20.9433053904132,0.116476491152068,"m"
6498,-1.498553909271,20.9447654781118,0.116475569660459,"m"
6499,-1.49838285018233,20.9462232793367,0.116474646586681,"m"
6500,-1.49821194168245,20.9476786160935,0.116473720182591,"m"
6501,-1.49804134430135,20.949131310388,0.116472788700046,"m"
6502,-1.49787121856904,20.9505811842259,0.116471850390903,"m"
6503,-1.49770172501553,20.952028059613,0.116470903507016,"m"
6504,-1.49753302417083,20.9534717585551,0.116469946300244,"m"
6505,-1.49736527656495,20.9549121030579,0.116468977022443,"m"
6506,-1.49719864272788,20.9563489151272,0.11646799392547,"m"
6507,-1.49703328318964,20.9577820167686,0.11646699526118,"m"
6508,-1.49686935848024,20.9592112299879,0.116465979281431,"m"
6509,-1.49670702912968,20.960636376791,0.116464944238078,"m"
6510,-1.49654645566796,20.9620572791835,0.11646388838298,"m"
6511,-1.49638779862511,20.9634737591711,0.116462809967991,"m"
6512,-1.49623121853111,20.9648856387597,0.11646170724497,"m"
6513,-1.49607687591598,20.966292739955,0.116460578465771,"m"
6514,-1.49592492588676,20.9676948941629,0.116459421956107,"m"
6515,-1.49577539689797,20.9690921523288,0.116458237766546,"m"
6516,-1.49562818967326,20.9704847868072,0.116457027687199,"m"
6517,-1.49548319929762,20.9718730797264,0.116455793584971,"m"
6518,-1.49534032085605,20.9732573132147,0.116454537326764,"m"
6519,-1.49519944943356,20.9746377694005,0.116453260779483,"m"
6520,-1.49506048011514,20.9760147304121,0.11645196581003,"m"
6521,-1.49492330798578,20.9773884783778,0.11645065428531,"m"
6522,-1.4947878281305,20.9787592954261,0.116449328072226,"m"
6523,-1.49465393563429,20.9801274636852,0.116447989037682,"m"
6524,-1.49452152558214,20.9814932652836,0.116446639048581,"m"
6525,-1.49439049305906,20.9828569823494,0.116445279971827,"m"
6526,-1.49426073315005,20.9842188970113,0.116443913674324,"m"
6527,-1.49413214094011,20.9855792913973,0.116442542022974,"m"
6528,-1.49400461151423,20.986938447636,0.116441166884682,"m"
6529,-1.49387803995741,20.9882966478556,0.116439790126351,"m"
6530,-1.49375232135466,20.9896541741845,0.116438413614884,"m"
6531,-1.49362735079097,20.9910113087511,0.116437039217186,"m"
6532,-1.49350302335135,20.9923683336836,0.11643566880016,"m"
6533,-1.49337923412078,20.9937255311105,0.11643430423071,"m"
6534,-1.49325587818428,20.9950831831601,0.116432947375738,"m"
6535,-1.49313285062683,20.9964415719608,0.116431600102149,"m"
6536,-1.49301004653345,20.9978009796408,0.116430264276846,"m"
6537,-1.49288736098912,20.9991616883286,0.116428941766733,"m"
6538,-1.49276468907885,21.0005239801524,0.116427634438714,"m"
6539,-1.49264192588764,21.0018881372407,0.116426344159691,"m"
6540,-1.49251896650048,21.0032544417218,0.116425072796569,"m"
6541,-1.49239570600238,21.004623175724,0.116423822216251,"m"
6542,-1.49227203947834,21.0059946213757,0.11642259428564,"m"
6543,-1.49214786201334,21.0073690608052,0.116421390871641,"m"
6544,-1.4920230686924,21.0087467761409,0.116420213841157,"m"
6545,-1.49189756677678,21.010128014266,0.116419064735641,"m"
6546,-1.49177134910258,21.0115127743618,0.116417942809289,"m"
6547,-1.49164444519869,21.0129009493996,0.116416846335562,"m"
6548,-1.49151688473432,21.0142924319444,0.116415773584173,"m"
6549,-1.49138869737867,21.0156871145616,0.116414722824834,"m"
6550,-1.49125991280094,21.0170848898162,0.116413692327257,"m"
6551,-1.49113056067034,21.0184856502736,0.116412680361154,"m"
6552,-1.49100067065607,21.0198892884989,0.116411685196238,"m"
6553,-1.49087027242732,21.0212956970573,0.116410705102221,"m"
6554,-1.4907393956533,21.022704768514,0.116409738348816,"m"
6555,-1.49060807000322,21.0241163954341,0.116408783205734,"m"
6556,-1.49047632514627,21.025530470383,0.116407837942687,"m"
6557,-1.49034419075165,21.0269468859257,0.116406900829389,"m"
6558,-1.49021169648858,21.0283655346275,0.116405970135551,"m"
6559,-1.49007887202624,21.0297863090536,0.116405044130886,"m"
6560,-1.48994574703385,21.0312091017692,0.116404121085105,"m"
6561,-1.4898123511806,21.0326338053394,0.116403199267921,"m"
6562,-1.4896787141357,21.0340603123295,0.116402276949047,"m"
6563,-1.48954486556834,21.0354885153046,0.116401352398195,"m"
6564,-1.48941083514774,21.03691830683,0.116400423885076,"m"
6565,-1.48927665254308,21.0383495794708,0.116399489679403,"m"
6566,-1.48914234742358,21.0397822257923,0.116398548050889,"m"
6567,-1.48900794945843,21.0412161383596,0.116397597269245,"m"
6568,-1.48887348831685,21.042651209738,0.116396635604184,"m"
6569,-1.48873899366802,21.0440873324926,0.116395661325419,"m"
6570,-1.48860449518115,21.0455243991886,0.11639467270266,"m"
6571,-1.48847002252545,21.0469623023912,0.116393668005622,"m"
6572,-1.48833560537011,21.0484009346656,0.116392645504015,"m"
6573,-1.48820127338434,21.0498401885771,0.116391603467553,"m"
6574,-1.48806705623734,21.0512799566907,0.116390540165947,"m"
6575,-1.48793298294129,21.0527201301161,0.116389453922428,"m"
6576,-1.48779906739712,21.054160566481,0.116388344291162,"m"
6577,-1.48766530839442,21.0556010899319,0.116387212057246,"m"
6578,-1.48753170406583,21.0570415231593,0.116386058059297,"m"
6579,-1.48739825254394,21.0584816888539,0.116384883135931,"m"
6580,-1.48726495196138,21.0599214097063,0.116383688125766,"m"
6581,-1.48713180045073,21.0613605084072,0.116382473867419,"m"
6582,-1.48699879614463,21.0627988076472,0.116381241199506,"m"
6583,-1.48686593717568,21.0642361301168,0.116379990960645,"m"
6584,-1.48673322167648,21.0656722985067,0.116378723989451,"m"
6585,-1.48660064777965,21.0671071355076,0.116377441124543,"m"
6586,-1.48646821361781,21.0685404638101,0.116376143204536,"m"
6587,-1.48633591732355,21.0699721061047,0.116374831068048,"m"
6588,-1.48620375702949,21.0714018850822,0.116373505553695,"m"
6589,-1.48607173086823,21.0728296234331,0.116372167500095,"m"
6590,-1.4859398369724,21.0742551438481,0.116370817745864,"m"
6591,-1.4858080734746,21.0756782690178,0.116369457129619,"m"
6592,-1.48567643850744,21.0770988216328,0.116368086489976,"m"
6593,-1.48554493020352,21.0785166243837,0.116366706665554,"m"
6594,-1.48541354669547,21.0799314999612,0.116365318494968,"m"
6595,-1.48528228611589,21.0813432710559,0.116363922816835,"m"
6596,-1.48515114659738,21.0827517603584,0.116362520469773,"m"
6597,-1.48502012627257,21.0841567905594,0.116361112292398,"m"
6598,-1.48488922327406,21.0855581843494,0.116359699123327,"m"
6599,-1.48475843573446,21.0869557644192,0.116358281801177,"m"
6600,-1.48462776178638,21.0883493534592,0.116356861164564,"m"
6601,-1.48449719956243,21.0897387741602,0.116355438052106,"m"
6602,-1.48436674719522,21.0911238492128,0.11635401330242,"m"
6603,-1.48423640281737,21.0925044013076,0.116352587754121,"m"
6604,-1.48410616456147,21.0938802531352,0.116351162245828,"m"
6605,-1.48397603054981,21.0952512278635,0.116349737615924,"m"
6606,-1.48384599620164,21.0966172734701,0.116348314641853,"m"
6607,-1.48371605063221,21.0979786290138,0.11634689395894,"m"
6608,-1.4835861820598,21.0993355749707,0.116345476182285,"m"
6609,-1.48345637870268,21.1006883918167,0.11634406192699,"m"
6610,-1.48332662877914,21.1020373600279,0.116342651808155,"m"
6611,-1.48319692050744,21.1033827600804,0.116341246440882,"m"
6612,-1.48306724210588,21.1047248724502,0.116339846440272,"m"
6613,-1.48293758179271,21.1060639776133,0.116338452421427,"m"
6614,-1.48280792778622,21.1074003560458,0.116337064999446,"m"
6615,-1.48267826830469,21.1087342882238,0.116335684789432,"m"
6616,-1.48254859156639,21.1100660546232,0.116334312406485,"m"
6617,-1.48241888578961,21.1113959357202,0.116332948465708,"m"
6618,-1.4822891391926,21.1127242119907,0.1163315935822,"m"
6619,-1.48215933999366,21.1140511639108,0.116330248371063,"m"
6620,-1.48202947641106,21.1153770719566,0.116328913447399,"m"
6621,-1.48189953666307,21.1167022166041,0.116327589426308,"m"
6622,-1.48176950896798,21.1180268783293,0.116326276922891,"m"
6623,-1.48163938154406,21.1193513376083,0.11632497655225,"m"
6624,-1.48150914260958,21.1206758749172,0.116323688929486,"m"
6625,-1.48137878038282,21.1220007707319,0.1163224146697,"m"
6626,-1.48124828308207,21.1233263055285,0.116321154387993,"m"
6627,-1.48111763892558,21.1246527597831,0.116319908699467,"m"
6628,-1.48098683613166,21.1259804139717,0.116318678219222,"m"
6629,-1.48085586291856,21.1273095485703,0.11631746356236,"m"
6630,-1.48072470750456,21.128640444055,0.116316265343981,"m"
6631,-1.48059335810795,21.1299733809019,0.116315084179188,"m"
6632,-1.480461802947,21.131308639587,0.11631392068308,"m"
6633,-1.48033003023998,21.1326465005862,0.11631277547076,"m"
6634,-1.48019802820518,21.1339872443758,0.116311649157328,"m"
6635,-1.48006578506086,21.1353311514316,0.116310542357886,"m"
6636,-1.47993328989577,21.1366784940178,0.116309455644989,"m"
6637,-1.479800551517,21.1380293583739,0.11630838862743,"m"
6638,-1.47966759828353,21.1393836462851,0.116307339958372,"m"
6639,-1.47953445939151,21.140741251639,0.116306308250062,"m"
6640,-1.47940116403707,21.1421020683231,0.116305292114744,"m"
6641,-1.47926774141637,21.1434659902248,0.116304290164666,"m"
6642,-1.47913422072555,21.1448329112317,0.116303301012074,"m"
6643,-1.47900063116074,21.1462027252312,0.116302323269213,"m"
6644,-1.47886700191811,21.1475753261109,0.11630135554833,"m"
6645,-1.47873336219379,21.1489506077581,0.116300396461671,"m"
6646,-1.47859974118393,21.1503284640605,0.116299444621482,"m"
6647,-1.47846616808467,21.1517087889054,0.116298498640009,"m"
6648,-1.47833267209215,21.1530914761805,0.116297557129498,"m"
6649,-1.47819928240253,21.154476419773,0.116296618702195,"m"
6650,-1.47806602821195,21.1558635135707,0.116295681970347,"m"
6651,-1.47793293871654,21.1572526514609,0.116294745546199,"m"
6652,-1.47780004311246,21.1586437273311,0.116293808041997,"m"
6653,-1.47766737059586,21.1600366350688,0.116292868069988,"m"
6654,-1.47753495036287,21.1614312685616,0.116291924242418,"m"
6655,-1.47740281160964,21.1628275216968,0.116290975171533,"m"
6656,-1.47727098353231,21.164225288362,0.116290019469578,"m"
6657,-1.47713949532704,21.1656244624447,0.116289055748801,"m"
6658,-1.47700837618996,21.1670249378323,0.116288082621446,"m"
6659,-1.47687765531722,21.1684266084124,0.116287098699761,"m"
6660,-1.47674736190496,21.1698293680724,0.116286102595991,"m"
6661,-1.47661752514933,21.1712331106998,0.116285092922382,"m"
6662,-1.47648817424648,21.1726377301821,0.116284068291181,"m"
6663,-1.47635933839255,21.1740431204069,0.116283027314633,"m"
6664,-1.47623104678368,21.1754491752615,0.116281968604985,"m"
6665,-1.47610332861601,21.1768557886335,0.116280890774483,"m"
6666,-1.47597621294951,21.1782628543309,0.116279792437711,"m"
6667,-1.4758496947905,21.1796702463124,0.116278672793994,"m"
6668,-1.4757236904502,21.1810777926654,0.116277532393938,"m"
6669,-1.47559810515769,21.182485315018,0.116276371978444,"m"
6670,-1.475472844142,21.1838926349982,0.116275192288414,"m"
6671,-1.4753478126322,21.1852995742338,0.116273994064749,"m"
6672,-1.47522291585734,21.1867059543529,0.116272778048349,"m"
6673,-1.47509805904647,21.1881115969833,0.116271544980115,"m"
6674,-1.47497314742866,21.1895163237531,0.116270295600948,"m"
6675,-1.47484808623294,21.1909199562901,0.116269030651749,"m"
6676,-1.47472278068838,21.1923223162224,0.11626775087342,"m"
6677,-1.47459713602404,21.1937232251778,0.11626645700686,"m"
6678,-1.47447105746895,21.1951225047843,0.116265149792972,"m"
6679,-1.47434445025219,21.1965199766699,0.116263829972655,"m"
6680,-1.4742172196028,21.1979154624625,0.116262498286811,"m"
6681,-1.47408927074984,21.19930878379,0.11626115547634,"m"
6682,-1.47396050892236,21.2006997622805,0.116259802282144,"m"
6683,-1.47383083934942,21.2020882195618,0.116258439445124,"m"
6684,-1.47370016726007,21.2034739772619,0.11625706770618,"m"
6685,-1.47356839788336,21.2048568570087,0.116255687806214,"m"
6686,-1.47343543644835,21.2062366804303,0.116254300486125,"m"
6687,-1.4733011881841,21.2076132691545,0.116252906486817,"m"
6688,-1.47316555831965,21.2089864448093,0.116251506549188,"m"
6689,-1.47302845208407,21.2103560290227,0.11625010141414,"m"
6690,-1.4728897747064,21.2117218434225,0.116248691822574,"m"
6691,-1.4727494314157,21.2130837096368,0.116247278515392,"m"
6692,-1.47260732744103,21.2144414492934,0.116245862233493,"m"
6693,-1.47246336801144,21.2157948840204,0.116244443717779,"m"
6694,-1.47231745835597,21.2171438354457,0.11624302370915,"m"
6695,-1.4721695037037,21.2184881251972,0.116241602948508,"m"
6696,-1.47201940928367,21.2198275749029,0.116240182176754,"m"
6697,-1.47186710696279,21.2211620574021,0.116238762126203,"m"
6698,-1.47171268573031,21.2224917476025,0.116237343478532,"m"
6699,-1.47155629198452,21.2238169307809,0.116235926896913,"m"
6700,-1.47139807220854,21.2251378923772,0.116234513044493,"m"
6701,-1.47123817288549,21.2264549178312,0.116233102584418,"m"
6702,-1.47107674049848,21.2277682925828,0.116231696179835,"m"
6703,-1.47091392153063,21.2290783020719,0.116230294493889,"m"
6704,-1.47074986246506,21.2303852317383,0.116228898189726,"m"
6705,-1.47058470978487,21.231689367022,0.116227507930493,"m"
6706,-1.4704186099732,21.2329909933628,0.116226124379335,"m"
6707,-1.47025170951314,21.2342903962005,0.1162247481994,"m"
6708,-1.47008415488783,21.2355878609751,0.116223380053832,"m"
6709,-1.46991609258037,21.2368836731265,0.116222020605779,"m"
6710,-1.46974766907388,21.2381781180944,0.116220670518386,"m"
6711,-1.46957903085147,21.2394714813187,0.116219330454799,"m"
6712,-1.46941032439627,21.2407640482395,0.116218001078165,"m"
6713,-1.46924169619139,21.2420561042964,0.116216683051629,"m"
6714,-1.46907329271995,21.2433479349294,0.116215377038338,"m"
6715,-1.46890526046505,21.2446398255784,0.116214083701438,"m"
6716,-1.46873774590982,21.2459320616832,0.116212803704075,"m"
6717,-1.46857089553738,21.2472249286837,0.116211537709395,"m"
6718,-1.46840485583083,21.2485187120197,0.116210286380545,"m"
6719,-1.4682397732733,21.2498136971313,0.11620905038067,"m"
6720,-1.4680757943479,21.2511101694581,0.116207830372917,"m"
6721,-1.46791306553775,21.2524084144401,0.116206627020431,"m"
6722,-1.46775173332596,21.2537087175172,0.116205440986359,"m"
6723,-1.46759194419565,21.2550113641292,0.116204272933847,"m"
6724,-1.46743384462993,21.2563166397161,0.116203123526041,"m"
6725,-1.46727758111193,21.2576248297176,0.116201993426088,"m"
6726,-1.46712330012475,21.2589362195737,0.116200883297132,"m"
6727,-1.46697114787227,21.260251094244,0.116199793799837,"m"
6728,-1.46682120374632,21.2615696237961,0.116198725000298,"m"
6729,-1.46667339414846,21.2628917152111,0.11619767560315,"m"
6730,-1.46652762415759,21.2642172388025,0.116196644123273,"m"
6731,-1.4663837988526,21.2655460648842,0.116195629075547,"m"
6732,-1.46624182331239,21.2668780637699,0.116194628974854,"m"
6733,-1.46610160261583,21.2682131057734,0.116193642336074,"m"
6734,-1.46596304184183,21.2695510612085,0.116192667674088,"m"
6735,-1.46582604606928,21.2708918003888,0.116191703503778,"m"
6736,-1.46569052037707,21.2722351936282,0.116190748340023,"m"
6737,-1.46555636984409,21.2735811112405,0.116189800697706,"m"
6738,-1.46542349954924,21.2749294235393,0.116188859091706,"m"
6739,-1.4652918145714,21.2762800008384,0.116187922036904,"m"
6740,-1.46516121998947,21.2776327134517,0.116186988048183,"m"
6741,-1.46503162088235,21.2789874316928,0.116186055640421,"m"
6742,-1.46490292232891,21.2803440258755,0.116185123328501,"m"
6743,-1.46477502940806,21.2817023663136,0.116184189627303,"m"
6744,-1.46464784719868,21.2830623233208,0.116183253051708,"m"
6745,-1.46452128077968,21.2844237672109,0.116182312116596,"m"
6746,-1.46439523522993,21.2857865682977,0.11618136533685,"m"
6747,-1.46426961562834,21.2871505968948,0.116180411227349,"m"
6748,-1.46414432705379,21.2885157233161,0.116179448302974,"m"
6749,-1.46401927458518,21.2898818178754,0.116178475078607,"m"
6750,-1.4638943633014,21.2912487508863,0.116177490069128,"m"
6751,-1.46376949828134,21.2926163926627,0.116176491789418,"m"
6752,-1.46364458460389,21.2939846135182,0.116175478754358,"m"
6753,-1.46351952734794,21.2953532837668,0.116174449478829,"m"
6754,-1.4633942315924,21.296722273722,0.116173402477712,"m"
6755,-1.46326860241614,21.2980914536977,0.116172336265887,"m"
6756,-1.46314254489807,21.2994606940076,0.116171249358235,"m"
6757,-1.46301596411707,21.3008298649656,0.116170140269638,"m"
6758,-1.46288877907014,21.3021988415697,0.116169007801608,"m"
6759,-1.46276099003118,21.303567526174,0.116167852429485,"m"
6760,-1.46263262669283,21.3049358310338,0.116166675234463,"m"
6761,-1.46250371878831,21.3063036684184,0.116165477298572,"m"
6762,-1.46237429605082,21.3076709505968,0.116164259703842,"m"
6763,-1.46224438821359,21.3090375898383,0.116163023532303,"m"
6764,-1.46211402500984,21.3104034984118,0.116161769865984,"m"
6765,-1.46198323617278,21.3117685885866,0.116160499786916,"m"
6766,-1.46185205143562,21.3131327726318,0.116159214377129,"m"
6767,-1.46172050053159,21.3144959628165,0.116157914718651,"m"
6768,-1.46158861319389,21.3158580714099,0.116156601893514,"m"
6769,-1.46145641915575,21.3172190106811,0.116155276983747,"m"
6770,-1.46132394815038,21.3185786928991,0.116153941071379,"m"
6771,-1.46119122991101,21.3199370303333,0.116152595238441,"m"
6772,-1.46105829417083,21.3212939352526,0.116151240566962,"m"
6773,-1.46092517066308,21.3226493199262,0.116149878138973,"m"
6774,-1.46079188912097,21.3240030966233,0.116148509036503,"m"
6775,-1.46065847927771,21.3253551776129,0.116147134341582,"m"
6776,-1.46052497086652,21.3267054751643,0.11614575513624,"m"
6777,-1.46039139362062,21.3280539015465,0.116144372502507,"m"
6778,-1.46025777727323,21.3294003690287,0.116142987522412,"m"
6779,-1.46012415155755,21.3307447898801,0.116141601277986,"m"
6780,-1.45999054620681,21.3320870763696,0.116140214851258,"m"
6781,-1.45985699095423,21.3334271407666,0.116138829324258,"m"
6782,-1.45972351553301,21.33476489534,0.116137445779016,"m"
6783,-1.45959014967638,21.3361002523591,0.116136065297561,"m"
6784,-1.45945692311755,21.337433124093,0.116134688961925,"m"
6785,-1.45932386558974,21.3387634228108,0.116133317854136,"m"
6786,-1.45919100682617,21.3400910607816,0.116131953056224,"m"
6787,-1.45905837656005,21.3414159502746,0.11613059565022,"m"
6788,-1.4589260032589,21.3427380108817,0.1161292466696,"m"
6789,-1.45879389302091,21.3440572916155,0.116127906289748,"m"
6790,-1.45866203278151,21.3453739523569,0.116126573950958,"m"
6791,-1.45853040885657,21.3466881565714,0.116125249069757,"m"
6792,-1.45839900756194,21.3480000677247,0.116123931062672,"m"
6793,-1.45826781521349,21.3493098492823,0.11612261934623,"m"
6794,-1.45813681812708,21.3506176647098,0.116121313336958,"m"
6795,-1.45800600261857,21.3519236774726,0.116120012451385,"m"
6796,-1.45787535500382,21.3532280510365,0.116118716106036,"m"
6797,-1.4577448615987,21.3545309488669,0.11611742371744,"m"
6798,-1.45761450871907,21.3558325344294,0.116116134702123,"m"
6799,-1.45748428268078,21.3571329711896,0.116114848476612,"m"
6800,-1.45735416979971,21.358432422613,0.116113564457435,"m"
6801,-1.45722415639172,21.3597310521652,0.116112282061119,"m"
6802,-1.45709422877266,21.3610290233118,0.116111000704191,"m"
6803,-1.4569643732584,21.3623264995183,0.116109719803179,"m"
6804,-1.4568345761648,21.3636236442503,0.116108438774609,"m"
6805,-1.45670482380772,21.3649206209734,0.116107157035008,"m"
6806,-1.45657510250302,21.366217593153,0.116105874000905,"m"
6807,-1.45644539856657,21.3675147242549,0.116104589088825,"m"
6808,-1.45631569831423,21.3688121777444,0.116103301715297,"m"
6809,-1.45618598806187,21.3701101170873,0.116102011296847,"m"
6810,-1.45605625412533,21.3714087057491,0.116100717250003,"m"
6811,-1.45592648282049,21.3727081071953,0.116099418991292,"m"
6812,-1.4557966604632,21.3740084848914,0.116098115937241,"m"
6813,-1.45566677336934,21.3753100023032,0.116096807504377,"m"
6814,-1.45553680785475,21.376612822896,0.116095493109227,"m"
6815,-1.45540675023531,21.3779171101356,0.116094172168319,"m"
6816,-1.45527658682687,21.3792230274874,0.11609284409818,"m"
6817,-1.4551463039453,21.380530738417,0.116091508315337,"m"
6818,-1.45501588790646,21.3818404063899,0.116090164236317,"m"
6819,-1.4548853271694,21.3831521587812,0.116088811465683,"m"
6820,-1.45475462258404,21.3844659143073,0.116087450695129,"m"
6821,-1.45462377944322,21.3857815168679,0.116086083006152,"m"
6822,-1.45449280304547,21.387098810266,0.116084709480751,"m"
6823,-1.45436169868933,21.3884176383049,0.116083331200927,"m"
6824,-1.45423047167335,21.3897378447879,0.116081949248677,"m"
6825,-1.45409912729606,21.3910592735183,0.116080564706001,"m"
6826,-1.45396767085602,21.3923817682993,0.116079178654898,"m"
6827,-1.45383610765176,21.3937051729341,0.116077792177367,"m"
6828,-1.45370444298181,21.3950293312261,0.116076406355408,"m"
6829,-1.45357268214473,21.3963540869784,0.116075022271019,"m"
6830,-1.45344083043905,21.3976792839944,0.116073641006199,"m"
6831,-1.45330889316332,21.3990047660772,0.116072263642948,"m"
6832,-1.45317687561608,21.4003303770302,0.116070891263265,"m"
6833,-1.45304478309586,21.4016559606565,0.116069524949149,"m"
6834,-1.45291262090121,21.4029813607595,0.116068165782599,"m"
6835,-1.45278039433067,21.4043064211424,0.116066814845614,"m"
6836,-1.45264810868278,21.4056309856085,0.116065473220193,"m"
6837,-1.45251576925608,21.406954897961,0.116064141988336,"m"
6838,-1.45238338134912,21.4082780020031,0.116062822232041,"m"
6839,-1.45225095026043,21.4096001415381,0.116061515033308,"m"
6840,-1.45211848128856,21.4109211603693,0.116060221474136,"m"
6841,-1.45198597973204,21.4122409023,0.116058942636523,"m"
6842,-1.45185345088943,21.4135592111333,0.11605767960247,"m"
6843,-1.45172090005925,21.4148759306726,0.116056433453974,"m"
6844,-1.45158833254006,21.4161909047211,0.116055205273036,"m"
6845,-1.45145575363039,21.417503977082,0.116053996141655,"m"
6846,-1.45132316862878,21.4188149915586,0.116052807141828,"m"
6847,-1.45119058283377,21.4201237919541,0.116051639355557,"m"
6848,-1.45105800154391,21.4214302220719,0.116050493864839,"m"
6849,-1.45092542998658,21.4227341345481,0.116049371675529,"m"
6850,-1.45079287214849,21.4240355360077,0.11604827246601,"m"
6851,-1.45066033096256,21.4253345638736,0.116047194787111,"m"
6852,-1.45052780932823,21.4266313597245,0.116046137153838,"m"
6853,-1.45039531014492,21.4279260651391,0.116045098081194,"m"
6854,-1.45026283631207,21.4292188216964,0.116044076084183,"m"
6855,-1.45013039072911,21.430509770975,0.116043069677809,"m"
6856,-1.44999797629547,21.4317990545538,0.116042077377076,"m"
6857,-1.44986559591058,21.4330868140116,0.116041097696988,"m"
6858,-1.44973325247389,21.434373190927,0.11604012915255,"m"
6859,-1.44960094888481,21.435658326879,0.116039170258764,"m"
6860,-1.44946868804277,21.4369423634462,0.116038219530635,"m"
6861,-1.44933647284723,21.4382254422075,0.116037275483166,"m"
6862,-1.44920430619759,21.4395077047416,0.116036336631363,"m"
6863,-1.4490721909933,21.4407892926274,0.116035401490229,"m"
6864,-1.44894013013379,21.4420703474436,0.116034468574767,"m"
6865,-1.44880812651849,21.443351010769,0.116033536399982,"m"
6866,-1.44867618304684,21.4446314241823,0.116032603480878,"m"
6867,-1.44854430261825,21.4459117292624,0.116031668332458,"m"
6868,-1.44841248813218,21.4471920675881,0.116030729469727,"m"
6869,-1.44828074248804,21.4484725807381,0.116029785407689,"m"
6870,-1.44814906858527,21.4497534102912,0.116028834661347,"m"
6871,-1.44801746932331,21.4510346978262,0.116027875745706,"m"
6872,-1.44788594760158,21.4523165849219,0.11602690717577,"m"
6873,-1.44775450631951,21.453599213157,0.116025927466541,"m"
6874,-1.44762314837655,21.4548827241104,0.116024935133026,"m"
6875,-1.44749187667211,21.4561672593608,0.116023928690227,"m"
6876,-1.44736069410564,21.457452960487,0.116022906653148,"m"
6877,-1.44722960357656,21.4587399690678,0.116021867536794,"m"
6878,-1.44709860798431,21.4600284266819,0.116020809856168,"m"
6879,-1.44696771020453,21.4613184743495,0.116019732131652,"m"
6880,-1.44683691013958,21.4626101832486,0.116018633555795,"m"
6881,-1.44670620186545,21.463903487697,0.116017514638308,"m"
6882,-1.44657557878142,21.4651983061172,0.116016376041884,"m"
6883,-1.44644503428678,21.4664945569314,0.116015218429214,"m"
6884,-1.44631456178081,21.467792158562,0.11601404246299,"m"
6885,-1.44618415466281,21.4690910294312,0.116012848805904,"m"
6886,-1.44605380633205,21.4703910879614,0.116011638120648,"m"
6887,-1.44592351018783,21.4716922525749,0.116010411069914,"m"
6888,-1.44579325962943,21.4729944416939,0.116009168316394,"m"
6889,-1.44566304805614,21.4742975737409,0.11600791052278,"m"
6890,-1.44553286886724,21.4756015671382,0.116006638351764,"m"
6891,-1.44540271546202,21.476906340308,0.116005352466038,"m"
6892,-1.44527258123977,21.4782118116727,0.116004053528294,"m"
6893,-1.44514245959977,21.4795178996545,0.116002742201223,"m"
6894,-1.44501234394131,21.4808245226759,0.116001419147518,"m"
6895,-1.44488222766368,21.4821315991591,0.116000085029871,"m"
6896,-1.44475210416616,21.4834390475264,0.115998740510974,"m"
6897,-1.44462196684803,21.4847467862002,0.115997386253518,"m"
6898,-1.44449180910859,21.4860547336027,0.115996022920195,"m"
6899,-1.44436162434713,21.4873628081564,0.115994651173699,"m"
6900,-1.44423140596292,21.4886709282834,0.115993271676719,"m"
6901,-1.44410114735525,21.4899790124062,0.115991885091949,"m"
6902,-1.44397084192342,21.4912869789469,0.115990492082081,"m"
6903,-1.4438404830667,21.4925947463281,0.115989093309806,"m"
6904,-1.44371006418438,21.4939022329719,0.115987689437816,"m"
6905,-1.44357957867576,21.4952093573007,0.115986281128804,"m"
6906,-1.4434490199401,21.4965160377367,0.11598486904546,"m"
6907,-1.44331838137672,21.4978221927024,0.115983453850478,"m"
6908,-1.44318765638488,21.4991277406201,0.115982036206549,"m"
6909,-1.44305683836387,21.5004325999119,0.115980616776366,"m"
6910,-1.44292592101459,21.5017366903968,0.115979196225031,"m"
6911,-1.44279490322471,21.5030399559101,0.115977775259137,"m"
6912,-1.44266378825028,21.5043423605137,0.115976354620215,"m"
6913,-1.44253257948372,21.5056438689012,0.115974935050885,"m"
6914,-1.44240128031746,21.5069444457661,0.115973517293771,"m"
6915,-1.44226989414391,21.508244055802,0.115972102091494,"m"
6916,-1.4421384243555,21.5095426637024,0.115970690186676,"m"
6917,-1.44200687434465,21.5108402341608,0.11596928232194,"m"
6918,-1.44187524750379,21.5121367318708,0.115967879239906,"m"
6919,-1.44174354722534,21.5134321215259,0.115966481683197,"m"
6920,-1.44161177690172,21.5147263678197,0.115965090394436,"m"
6921,-1.44147993992535,21.5160194354456,0.115963706116243,"m"
6922,-1.44134803968865,21.5173112890973,0.115962329591241,"m"
6923,-1.44121607958406,21.5186018934682,0.115960961562051,"m"
6924,-1.44108406300399,21.5198912132519,0.115959602771296,"m"
6925,-1.44095199334087,21.521179213142,0.115958253961598,"m"
6926,-1.44081987398711,21.5224658578319,0.115956915875579,"m"
6927,-1.44068770833515,21.5237511120152,0.11595558925586,"m"
6928,-1.4405554997774,21.5250349403855,0.115954274845063,"m"
6929,-1.44042325170628,21.5263173076362,0.115952973385811,"m"
6930,-1.44029096751423,21.5275981784609,0.115951685620726,"m"
6931,-1.44015865059366,21.5288775175532,0.115950412292428,"m"
6932,-1.44002630433699,21.5301552896066,0.115949154143541,"m"
6933,-1.43989393213666,21.5314314593145,0.115947911916686,"m"
6934,-1.43976153738507,21.5327059913707,0.115946686354485,"m"
6935,-1.43962912347466,21.5339788504685,0.11594547819956,"m"
6936,-1.43949669379785,21.5352500013016,0.115944288194533,"m"
6937,-1.43936425174706,21.5365194085634,0.115943117082026,"m"
6938,-1.43923180071471,21.5377870369475,0.115941965604661,"m"
6939,-1.43909934409323,21.5390528511474,0.11594083450506,"m"
6940,-1.4389668852748,21.5403168162606,0.11593972452028,"m"
6941,-1.43883442762315,21.5415789462489,0.115938635714061,"m"
6942,-1.43870197444671,21.5428393499763,0.115937566842463,"m"
6943,-1.43856952904759,21.5440981472107,0.115936516511298,"m"
6944,-1.43843709472787,21.5453554577198,0.115935483326381,"m"
6945,-1.43830467478964,21.5466114012712,0.115934465893527,"m"
6946,-1.43817227253499,21.5478660976328,0.115933462818549,"m"
6947,-1.43803989126602,21.5491196665723,0.115932472707261,"m"
6948,-1.43790753428481,21.5503722278573,0.115931494165478,"m"
6949,-1.43777520489345,21.5516239012557,0.115930525799014,"m"
6950,-1.43764290639404,21.5528748065351,0.115929566213683,"m"
6951,-1.43751064208867,21.5541250634634,0.115928614015298,"m"
6952,-1.43737841527942,21.5553747918082,0.115927667809675,"m"
6953,-1.43724622926838,21.5566241113372,0.115926726202627,"m"
6954,-1.43711408735766,21.5578731418183,0.115925787799968,"m"
6955,-1.43698199284933,21.5591220030191,0.115924851207512,"m"
6956,-1.4368499490455,21.5603708147073,0.115923915031074,"m"
6957,-1.43671795924824,21.5616196966508,0.115922977876468,"m"
6958,-1.43658602675965,21.5628687686172,0.115922038349508,"m"
6959,-1.43645415488183,21.5641181503743,0.115921095056007,"m"
6960,-1.43632234691686,21.5653679616898,0.11592014660178,"m"
6961,-1.43619060616682,21.5666183223315,0.115919191592642,"m"
6962,-1.43605893593383,21.567869352067,0.115918228634406,"m"
6963,-1.43592733951995,21.5691211706642,0.115917256332886,"m"
6964,-1.43579582022729,21.5703738978907,0.115916273293896,"m"
6965,-1.43566438135794,21.5716276535143,0.115915278123252,"m"
6966,-1.43553302621398,21.5728825573027,0.115914269426766,"m"
6967,-1.43540175809751,21.5741387290236,0.115913245810253,"m"
6968,-1.43527058031062,21.5753962884448,0.115912205879526,"m"
6969,-1.43513949615539,21.5766553553341,0.115911148240401,"m"
6970,-1.43500850893392,21.5779160494591,0.115910071498691,"m"
6971,-1.43487762065013,21.5791784592606,0.115908974536494,"m"
6972,-1.43474682697988,21.5804425204729,0.115907857582678,"m"
6973,-1.43461612167373,21.5817081223695,0.115906721275866,"m"
6974,-1.43448549848176,21.5829751542128,0.115905566254776,"m"
6975,-1.43435495115407,21.5842435052654,0.115904393158127,"m"
6976,-1.43422447344078,21.5855130647898,0.115903202624639,"m"
6977,-1.43409405909197,21.5867837220485,0.11590199529303,"m"
6978,-1.43396370185775,21.588055366304,0.115900771802019,"m"
6979,-1.43383339548821,21.5893278868189,0.115899532790324,"m"
6980,-1.43370313373345,21.5906011728556,0.115898278896666,"m"
6981,-1.43357291034357,21.5918751136767,0.115897010759762,"m"
6982,-1.43344271906868,21.5931495985448,0.115895729018331,"m"
6983,-1.43331255365886,21.5944245167222,0.115894434311093,"m"
6984,-1.43318240786422,21.5956997574716,0.115893127276766,"m"
6985,-1.43305227543486,21.5969752100554,0.11589180855407,"m"
6986,-1.43292215012087,21.5982507637362,0.115890478781722,"m"
6987,-1.43279202567236,21.5995263077765,0.115889138598442,"m"
6988,-1.43266189583943,21.6008017314388,0.11588778864295,"m"
6989,-1.43253175437216,21.6020769239857,0.115886429553962,"m"
6990,-1.43240159502066,21.6033517746795,0.1158850619702,"m"
6991,-1.43227141153504,21.604626172783,0.115883686530381,"m"
6992,-1.43214119766538,21.6059000075585,0.115882303873224,"m"
6993,-1.4320109471618,21.6071731682686,0.115880914637448,"m"
6994,-1.43188065377437,21.6084455441758,0.115879519461772,"m"
6995,-1.43175031125322,21.6097170245427,0.115878118984916,"m"
6996,-1.43161991334842,21.6109874986316,0.115876713845597,"m"
6997,-1.4314894538101,21.6122568557053,0.115875304682535,"m"
6998,-1.43135892638833,21.6135249850262,0.115873892134448,"m"
6999,-1.43122832483322,21.6147917758567,0.115872476840056,"m"
7000,-1.43109764289488,21.6160571174595,0.115871059438078,"m"
7001,-1.43096687434437,21.6173208996616,0.11586964056753,"m"
7002,-1.43083601541175,21.6185830784637,0.115868220902465,"m"
7003,-1.43070506706029,21.6198437372435,0.115866801184371,"m"
7004,-1.43057403079125,21.6211029738553,0.115865382162397,"m"
7005,-1.43044290810585,21.6223608861536,0.115863964585698,"m"
7006,-1.43031170050533,21.6236175719929,0.115862549203423,"m"
7007,-1.43018040949094,21.6248731292276,0.115861136764726,"m"
7008,-1.43004903656391,21.6261276557122,0.115859728018757,"m"
7009,-1.42991758322547,21.6273812493012,0.115858323714669,"m"
7010,-1.42978605097687,21.6286340078489,0.115856924601613,"m"
7011,-1.42965444131934,21.6298860292099,0.115855531428741,"m"
7012,-1.42952275575413,21.6311374112386,0.115854144945205,"m"
7013,-1.42939099578245,21.6323882517894,0.115852765900157,"m"
7014,-1.42925916290557,21.6336386487169,0.115851395042747,"m"
7015,-1.42912725862471,21.6348886998754,0.115850033122129,"m"
7016,-1.42899528444111,21.6361385031194,0.115848680887453,"m"
7017,-1.428863241856,21.6373881563034,0.115847339087872,"m"
7018,-1.42873113237064,21.6386377572818,0.115846008472537,"m"
7019,-1.42859895748625,21.6398874039091,0.115844689790601,"m"
7020,-1.42846671870407,21.6411371940398,0.115843383791214,"m"
7021,-1.42833441752534,21.6423872255282,0.115842091223528,"m"
7022,-1.42820205545129,21.6436375962288,0.115840812836696,"m"
7023,-1.42806963398318,21.6448884039962,0.115839549379868,"m"
7024,-1.42793715462222,21.6461397466847,0.115838301602198,"m"
7025,-1.42780461886966,21.6473917221488,0.115837070252836,"m"
7026,-1.42767202822675,21.6486444282429,0.115835856080934,"m"
7027,-1.4275393841947,21.6498979628216,0.115834659835644,"m"
7028,-1.42740668827477,21.6511524237392,0.115833482266118,"m"
7029,-1.4272739419682,21.6524079088502,0.115832324121508,"m"
7030,-1.42714114677621,21.6536645160091,0.115831186150965,"m"
7031,-1.42700830420004,21.6549223430704,0.115830069103641,"m"
7032,-1.42687541698548,21.6561814519058,0.115828973434104,"m"
7033,-1.42674249388563,21.6574417307011,0.115827898174982,"m"
7034,-1.42660954546379,21.6587030153045,0.115826841930425,"m"
7035,-1.42647658228364,21.6599651415537,0.115825803304495,"m"
7036,-1.42634361490887,21.6612279452863,0.115824780901256,"m"
7037,-1.42621065390314,21.6624912623399,0.115823773324771,"m"
7038,-1.42607770983014,21.6637549285522,0.115822779179103,"m"
7039,-1.42594479325354,21.6650187797609,0.115821797068314,"m"
7040,-1.42581191473702,21.6662826518035,0.115820825596468,"m"
7041,-1.42567908484425,21.6675463805178,0.115819863367628,"m"
7042,-1.42554631413892,21.6688098017413,0.115818908985856,"m"
7043,-1.4254136131847,21.6700727513118,0.115817961055216,"m"
7044,-1.42528099254527,21.6713350650668,0.11581701817977,"m"
7045,-1.42514846278431,21.6725965788441,0.115816078963582,"m"
7046,-1.42501603446549,21.6738571284812,0.115815142010714,"m"
7047,-1.42488371815249,21.6751165498157,0.11581420592523,"m"
7048,-1.42475152440898,21.6763746786855,0.115813269311193,"m"
7049,-1.42461946379865,21.677631350928,0.115812330772665,"m"
7050,-1.42448754688517,21.6788864023809,0.115811388913709,"m"
7051,-1.42435578423222,21.680139668882,0.115810442338389,"m"
7052,-1.42422418640348,21.6813909862687,0.115809489650767,"m"
7053,-1.42409276396262,21.6826401903788,0.115808529454906,"m"
7054,-1.42396152747332,21.6838871170499,0.11580756035487,"m"
7055,-1.42383048749926,21.6851316021197,0.115806580954722,"m"
7056,-1.42369965460412,21.6863734814257,0.115805589858523,"m"
7057,-1.42356903935157,21.6876125908057,0.115804585670338,"m"
7058,-1.42343865230528,21.6888487660973,0.115803566994229,"m"
7059,-1.42330850402895,21.6900818431382,0.115802532434259,"m"
7060,-1.42317860508624,21.6913116577659,0.115801480594492,"m"
7061,-1.42304896604083,21.6925380458181,0.11580041007899,"m"
7062,-1.42291959571018,21.693760859593,0.115799319573341,"m"
7063,-1.42279047890806,21.6949801776576,0.115798208883782,"m"
7064,-1.42266158299989,21.6961962430539,0.115797078631154,"m"
7065,-1.42253287495796,21.69740930253,0.115795929454651,"m"
7066,-1.42240432175451,21.6986196028344,0.11579476199347,"m"
7067,-1.42227589036183,21.699827390715,0.115793576886806,"m"
7068,-1.42214754775217,21.7010329129203,0.115792374773854,"m"
7069,-1.42201926089779,21.7022364161984,0.115791156293809,"m"
7070,-1.42189099677097,21.7034381472974,0.115789922085868,"m"
7071,-1.42176272234397,21.7046383529658,0.115788672789225,"m"
7072,-1.42163440458906,21.7058372799516,0.115787409043077,"m"
7073,-1.42150601047849,21.7070351750031,0.115786131486618,"m"
7074,-1.42137750698455,21.7082322848685,0.115784840759045,"m"
7075,-1.42124886107948,21.709428856296,0.115783537499552,"m"
7076,-1.42112003973556,21.7106251360339,0.115782222347335,"m"
7077,-1.42099100992506,21.7118213708304,0.11578089594159,"m"
7078,-1.42086173862023,21.7130178074337,0.115779558921512,"m"
7079,-1.42073219279335,21.7142146925921,0.115778211926296,"m"
7080,-1.42060233941668,21.7154122730537,0.115776855595139,"m"
7081,-1.42047214546248,21.7166107955667,0.115775490567235,"m"
7082,-1.42034157790302,21.7178105068795,0.11577411748178,"m"
7083,-1.42021060371057,21.7190116537402,0.115772736977969,"m"
7084,-1.42007918985739,21.7202144828971,0.115771349694999,"m"
7085,-1.41994730331575,21.7214192410983,0.115769956272064,"m"
7086,-1.41981491105791,21.7226261750921,0.11576855734836,"m"
7087,-1.41968198005614,21.7238355316268,0.115767153563082,"m"
7088,-1.4195484772827,21.7250475574504,0.115765745555426,"m"
7089,-1.41941436970986,21.7262624993114,0.115764333964588,"m"
7090,-1.41927962430989,21.7274806039578,0.115762919429763,"m"
7091,-1.41914420805504,21.7287021181379,0.115761502590146,"m"
7092,-1.41900808791759,21.7299272886,0.115760084084933,"m"
7093,-1.41887124974978,21.7311562977568,0.115758664568551,"m"
7094,-1.41873376964688,21.7323890205081,0.115757244768236,"m"
7095,-1.41859575063628,21.7336252399802,0.115755825432952,"m"
7096,-1.41845729575005,21.734864739283,0.115754407311667,"m"
7097,-1.41831850802028,21.7361073015266,0.115752991153347,"m"
7098,-1.41817949047907,21.7373527098208,0.115751577706962,"m"
7099,-1.41804034615848,21.7386007472757,0.115750167721478,"m"
7100,-1.41790117809063,21.7398511970013,0.115748761945863,"m"
7101,-1.41776208930758,21.7411038421077,0.115747361129085,"m"
7102,-1.41762318284142,21.7423584657047,0.115745966020112,"m"
7103,-1.41748456172425,21.7436148509024,0.11574457736791,"m"
7104,-1.41734632898814,21.7448727808108,0.115743195921449,"m"
7105,-1.41720858766519,21.7461320385399,0.115741822429696,"m"
7106,-1.41707144078748,21.7473924071996,0.115740457641618,"m"
7107,-1.4169349913871,21.7486536699,0.115739102306182,"m"
7108,-1.41679934249613,21.7499156097512,0.115737757172358,"m"
7109,-1.41666459714667,21.7511780098629,0.115736422989112,"m"
7110,-1.41653085837079,21.7524406533454,0.115735100505412,"m"
7111,-1.41639822920058,21.7537033233085,0.115733790470226,"m"
7112,-1.41626681266814,21.7549658028623,0.115732493632522,"m"
7113,-1.41613671180554,21.7562278751167,0.115731210741266,"m"
7114,-1.41600802964487,21.7574893231818,0.115729942545428,"m"
7115,-1.41588086921822,21.7587499301675,0.115728689793974,"m"
7116,-1.41575533355768,21.7600094791839,0.115727453235872,"m"
7117,-1.41563152569533,21.761267753341,0.115726233620091,"m"
7118,-1.41550954866326,21.7625245357486,0.115725031695597,"m"
7119,-1.41538950549356,21.763779609517,0.115723848211358,"m"
7120,-1.41527149921831,21.7650327577559,0.115722683916343,"m"
7121,-1.41515563286959,21.7662837635755,0.115721539559518,"m"
7122,-1.4150420094795,21.7675324100857,0.115720415889851,"m"
7123,-1.41493072163786,21.7687784930357,0.115719313569045,"m"
7124,-1.41482172017036,21.7700219797639,0.115718232074075,"m"
7125,-1.41471485373558,21.7712629612704,0.115717170028106,"m"
7126,-1.4146099687366,21.7725015312852,0.115716126035453,"m"
7127,-1.41450691157649,21.7737377835384,0.115715098700431,"m"
7128,-1.41440552865831,21.7749718117601,0.115714086627356,"m"
7129,-1.41430566638514,21.7762037096803,0.115713088420542,"m"
7130,-1.41420717116004,21.7774335710291,0.115712102684304,"m"
7131,-1.41410988938608,21.7786614895366,0.115711128022958,"m"
7132,-1.41401366746632,21.7798875589328,0.115710163040818,"m"
7133,-1.41391835180385,21.7811118729479,0.1157092063422,"m"
7134,-1.41382378880172,21.7823345253119,0.115708256531419,"m"
7135,-1.413729824863,21.7835556097549,0.115707312212789,"m"
7136,-1.41363630639077,21.7847752200069,0.115706371990627,"m"
7137,-1.41354307978808,21.785993449798,0.115705434469246,"m"
7138,-1.41344999145801,21.7872103928584,0.115704498252962,"m"
7139,-1.41335688780364,21.788426142918,0.115703561946091,"m"
7140,-1.41326361522801,21.789640793707,0.115702624152947,"m"
7141,-1.41317002013421,21.7908544389554,0.115701683477845,"m"
7142,-1.4130759489253,21.7920671723932,0.1157007385251,"m"
7143,-1.41298124800436,21.7932790877507,0.115699787899028,"m"
7144,-1.41288576377444,21.7944902787578,0.115698830203943,"m"
7145,-1.41278934263862,21.7957008391446,0.115697864044161,"m"
7146,-1.41269183099997,21.7969108626412,0.115696888023997,"m"
7147,-1.41259307526155,21.7981204429776,0.115695900747765,"m"
7148,-1.41249292182643,21.799329673884,0.115694900819782,"m"
7149,-1.41239121709768,21.8005386490904,0.115693886844361,"m"
7150,-1.41228780747837,21.8017474623269,0.115692857425818,"m"
7151,-1.41218253937157,21.8029562073236,0.115691811168468,"m"
7152,-1.41207525918035,21.8041649778104,0.115690746676627,"m"
7153,-1.41196581451573,21.8053738668728,0.115689662564635,"m"
7154,-1.41185413981943,21.8065829212509,0.115688558167549,"m"
7155,-1.41174031309485,21.8077921110594,0.115687434012022,"m"
7156,-1.4116244258067,21.8090013992286,0.115686290736437,"m"
7157,-1.41150656941968,21.8102107486885,0.11568512897918,"m"
7158,-1.41138683539849,21.8114201223691,0.115683949378634,"m"
7159,-1.41126531520783,21.8126294832005,0.115682752573184,"m"
7160,-1.4111421003124,21.8138387941127,0.115681539201215,"m"
7161,-1.41101728217691,21.8150480180359,0.11568030990111,"m"
7162,-1.41089095226606,21.8162571179001,0.115679065311253,"m"
7163,-1.41076320204455,21.8174660566354,0.11567780607003,"m"
7164,-1.41063412297708,21.8186747971719,0.115676532815824,"m"
7165,-1.41050380652836,21.8198833024395,0.11567524618702,"m"
7166,-1.41037234416307,21.8210915353684,0.115673946822002,"m"
7167,-1.41023982734594,21.8222994588887,0.115672635359154,"m"
7168,-1.41010634754166,21.8235070359303,0.115671312436862,"m"
7169,-1.40997199621492,21.8247142294235,0.115669978693508,"m"
7170,-1.40983686483044,21.8259210022981,0.115668634767477,"m"
7171,-1.40970104485292,21.8271273174844,0.115667281297155,"m"
7172,-1.40956462774705,21.8283331379124,0.115665918920924,"m"
7173,-1.40942770497754,21.8295384265121,0.11566454827717,"m"
7174,-1.40929036800909,21.8307431462136,0.115663170004276,"m"
7175,-1.4091527083064,21.8319472599469,0.115661784740627,"m"
7176,-1.40901481733417,21.8331507306422,0.115660393124608,"m"
7177,-1.40887678655712,21.8343535212296,0.115658995794602,"m"
7178,-1.40873870743993,21.8355555946389,0.115657593388994,"m"
7179,-1.40860067144731,21.8367569138005,0.115656186546168,"m"
7180,-1.40846277004396,21.8379574416442,0.115654775904509,"m"
7181,-1.40832509469458,21.8391571411002,0.115653362102401,"m"
7182,-1.40818773686388,21.8403559750986,0.115651945778228,"m"
7183,-1.40805078801656,21.8415539065693,0.115650527570375,"m"
7184,-1.40791433488637,21.8427509012885,0.115649108121921,"m"
7185,-1.40777840077127,21.8439469631924,0.115647688138913,"m"
7186,-1.4076429636434,21.8451421234836,0.115646268372388,"m"
7187,-1.40750800049469,21.846336413954,0.115644849574354,"m"
7188,-1.4073734883171,21.8475298663959,0.115643432496821,"m"
7189,-1.40723940410257,21.8487225126014,0.115642017891798,"m"
7190,-1.40710572484306,21.8499143843625,0.115640606511294,"m"
7191,-1.4069724275305,21.8511055134713,0.115639199107318,"m"
7192,-1.40683948915685,21.85229593172,0.11563779643188,"m"
7193,-1.40670688671406,21.8534856709006,0.115636399236989,"m"
7194,-1.40657459719407,21.8546747628053,0.115635008274654,"m"
7195,-1.40644259758883,21.8558632392262,0.115633624296884,"m"
7196,-1.40631086489028,21.8570511319553,0.115632248055689,"m"
7197,-1.40617937609039,21.8582384727849,0.115630880303078,"m"
7198,-1.40604810818108,21.8594252935069,0.115629521791059,"m"
7199,-1.40591703815432,21.8606116259135,0.115628173271643,"m"
7200,-1.40578614300204,21.8617975017968,0.115626835496839,"m"
7201,-1.40565539971621,21.8629829529489,0.115625509218655,"m"
7202,-1.40552478528875,21.8641680111619,0.115624195189101,"m"
7203,-1.40539427671163,21.865352708228,0.115622894160186,"m"
7204,-1.40526385097679,21.8665370759391,0.11562160688392,"m"
7205,-1.40513348507617,21.8677211460875,0.115620334112311,"m"
7206,-1.40500315600173,21.8689049504652,0.115619076597369,"m"
7207,-1.40487284074541,21.8700885208643,0.115617835091104,"m"
7208,-1.40474251629916,21.871271889077,0.115616610345523,"m"
7209,-1.40461215965493,21.8724550868953,0.115615403112637,"m"
7210,-1.40448174780467,21.8736381461114,0.115614214144455,"m"
7211,-1.40435125774032,21.8748210985173,0.115613044192986,"m"
7212,-1.40422066645383,21.8760039759052,0.115611894010239,"m"
7213,-1.40408995093715,21.8771868100672,0.115610764348224,"m"
7214,-1.40395908834636,21.8783696327837,0.115609655947968,"m"
7215,-1.40382806734194,21.8795524750232,0.115608568780827,"m"
7216,-1.40369689543964,21.8807353664228,0.115607501556688,"m"
7217,-1.40356558190301,21.8819183364964,0.115606452868508,"m"
7218,-1.40343413599559,21.8831014147577,0.115605421309244,"m"
7219,-1.40330256698093,21.8842846307206,0.115604405471853,"m"
7220,-1.40317088412258,21.8854680138989,0.11560340394929,"m"
7221,-1.40303909668407,21.8866515938064,0.115602415334512,"m"
7222,-1.40290721392896,21.887835399957,0.115601438220477,"m"
7223,-1.40277524512078,21.8890194618644,0.11560047120014,"m"
7224,-1.40264319952309,21.8902038090425,0.115599512866458,"m"
7225,-1.40251108639943,21.8913884710051,0.115598561812388,"m"
7226,-1.40237891501334,21.8925734772661,0.115597616630886,"m"
7227,-1.40224669462837,21.8937588573391,0.115596675914908,"m"
7228,-1.40211443450807,21.8949446407381,0.115595738257413,"m"
7229,-1.40198214391597,21.8961308569768,0.115594802251355,"m"
7230,-1.40184983211563,21.8973175355692,0.115593866489691,"m"
7231,-1.40171750837058,21.8985047060289,0.115592929565379,"m"
7232,-1.40158518194438,21.8996923978699,0.115591990071374,"m"
7233,-1.40145286210057,21.9008806406059,0.115591046600634,"m"
7234,-1.40132055810269,21.9020694637507,0.115590097746114,"m"
7235,-1.4011882792143,21.9032588968183,0.115589142100772,"m"
7236,-1.40105603469892,21.9044489693223,0.115588178257564,"m"
7237,-1.40092383382012,21.9056397107766,0.115587204809446,"m"
7238,-1.40079168584143,21.9068311506951,0.115586220349375,"m"
7239,-1.40065960002639,21.9080233185915,0.115585223470308,"m"
7240,-1.40052758563857,21.9092162439797,0.115584212765201,"m"
7241,-1.40039565194149,21.9104099563734,0.115583186827011,"m"
7242,-1.40026380819871,21.9116044852866,0.115582144248694,"m"
7243,-1.40013206367376,21.912799860233,0.115581083623207,"m"
7244,-1.4000004276302,21.9139961107264,0.115580003543507,"m"
7245,-1.39986890716909,21.9151932565402,0.115578902947024,"m"
7246,-1.39973750065679,21.9163912781046,0.115577782162591,"m"
7247,-1.39960620425461,21.9175901459171,0.115576641870297,"m"
7248,-1.39947501412385,21.9187898304758,0.115575482750232,"m"
7249,-1.39934392642582,21.9199903022784,0.115574305482485,"m"
7250,-1.39921293732182,21.9211915318226,0.115573110747147,"m"
7251,-1.39908204297316,21.9223934896064,0.115571899224305,"m"
7252,-1.39895123954113,21.9235961461274,0.115570671594052,"m"
7253,-1.39882052318705,21.9247994718836,0.115569428536475,"m"
7254,-1.39868989007222,21.9260034373727,0.115568170731664,"m"
7255,-1.39855933635793,21.9272080130925,0.11556689885971,"m"
7256,-1.3984288582055,21.9284131695409,0.115565613600701,"m"
7257,-1.39829845177623,21.9296188772156,0.115564315634728,"m"
7258,-1.39816811323142,21.9308251066144,0.11556300564188,"m"
7259,-1.39803783873237,21.9320318282352,0.115561684302246,"m"
7260,-1.3979076244404,21.9332390125758,0.115560352295917,"m"
7261,-1.3977774665168,21.934446630134,0.115559010302981,"m"
7262,-1.39764736112287,21.9356546514075,0.115557659003529,"m"
7263,-1.39751730441993,21.9368630468942,0.115556299077651,"m"
7264,-1.39738729256928,21.938071787092,0.115554931205435,"m"
7265,-1.39725732173221,21.9392808424985,0.115553556066971,"m"
7266,-1.39712738807003,21.9404901836116,0.11555217434235,"m"
7267,-1.39699748774405,21.9416997809292,0.11555078671166,"m"
7268,-1.39686761691558,21.9429096049489,0.115549393854991,"m"
7269,-1.39673777174591,21.9441196261687,0.115547996452433,"m"
7270,-1.39660794839634,21.9453298150864,0.115546595184076,"m"
7271,-1.39647814302819,21.9465401421997,0.115545190730009,"m"
7272,-1.39634835180275,21.9477505780064,0.115543783770322,"m"
7273,-1.39621857088134,21.9489610930044,0.115542374985104,"m"
7274,-1.39608879642525,21.9501716576915,0.115540965054446,"m"
7275,-1.39595833848742,21.9513645382351,0.115539687538656,"m"
7276,-1.39582639387117,21.9525190536272,0.115538697954034,"m"
7277,-1.39569444925493,21.9536735690194,0.115537708369412,"m"
7278,-1.39556250463868,21.9548280844116,0.11553671878479,"m"
7279,-1.39543056002243,21.9559825998037,0.115535729200168,"m"
7280,-1.39529861540618,21.9571371151959,0.115534739615546,"m"
7281,-1.39516667078994,21.9582916305881,0.115533750030925,"m"
7282,-1.39503472617369,21.9594461459802,0.115532760446303,"m"
7283,-1.39490278155744,21.9606006613724,0.115531770861681,"m"
7284,-1.39477083694119,21.9617551767646,0.115530781277059,"m"
7285,-1.39463889232495,21.9629096921567,0.115529791692437,"m"
7286,-1.3945069477087,21.9640642075489,0.115528802107815,"m"
7287,-1.39437500309245,21.965218722941,0.115527812523193,"m"
7288,-1.3942430584762,21.9663732383332,0.115526822938572,"m"
7289,-1.39411111385996,21.9675277537254,0.11552583335395,"m"
7290,-1.39397916924371,21.9686822691175,0.115524843769328,"m"
7291,-1.39384722462746,21.9698367845097,0.115523854184706,"m"
7292,-1.39371528001122,21.9709912999019,0.115522864600084,"m"
7293,-1.39358333539497,21.972145815294,0.115521875015462,"m"
7294,-1.39345139077872,21.9733003306862,0.11552088543084,"m"
7295,-1.39331944616247,21.9744548460784,0.115519895846219,"m"
7296,-1.39318750154623,21.9756093614705,0.115518906261597,"m"
7297,-1.39305555692998,21.9767638768627,0.115517916676975,"m"
7298,-1.39292361231373,21.9779183922549,0.115516927092353,"m"
7299,-1.39279166769748,21.979072907647,0.115515937507731,"m"
7300,-1.39265972308124,21.9802274230392,0.115514947923109,"m"
7301,-1.39252777846499,21.9813819384313,0.115513958338487,"m"
7302,-1.39239583384874,21.9825364538235,0.115512968753866,"m"
7303,-1.39226388923249,21.9836909692157,0.115511979169244,"m"
7304,-1.39213194461625,21.9848454846078,0.115510989584622,"m"
7305,-1.392,21.986,0.11551,"m"
14,0.5082,13.4501,0.09741,"f"
15,0.4947,13.5169,0.09726,"f"
16,0.482,13.5873,0.09711,"f"
17,0.4699,13.6595,0.09697,"f"
18,0.4583,13.7325,0.09684,"f"
19,0.4472,13.8056,0.09671,"f"
20,0.4365,13.8784,0.09659,"f"
21,0.4263,13.9505,0.09647,"f"
22,0.4164,14.0216,0.09636,"f"
23,0.4069,14.0916,0.09625,"f"
24,0.3977,14.1603,0.09615,"f"
25,0.3888,14.2276,0.09605,"f"
26,0.3802,14.2935,0.09595,"f"
27,0.3718,14.3579,0.09586,"f"
28,0.3637,14.4208,0.09577,"f"
29,0.3558,14.4824,0.09568,"f"
30,0.3481,14.5422,0.09559,"f"
31,0.3406,14.6003,0.09551,"f"
32,0.3333,14.6566,0.09543,"f"
33,0.3262,14.7112,0.09535,"f"
34,0.3192,14.7642,0.09527,"f"
35,0.3124,14.8157,0.0952,"f"
36,0.3058,14.8657,0.09513,"f"
37,0.2993,14.9142,0.09506,"f"
38,0.2929,14.9614,0.09499,"f"
39,0.2867,15.0073,0.09492,"f"
40,0.2806,15.052,0.09485,"f"
41,0.2747,15.0955,0.09479,"f"
42,0.2688,15.138,0.09472,"f"
43,0.263,15.1794,0.09466,"f"
44,0.2574,15.2198,0.0946,"f"
45,0.2519,15.2591,0.09454,"f"
46,0.2464,15.2974,0.09448,"f"
47,0.2411,15.3347,0.09442,"f"
48,0.2358,15.3709,0.09436,"f"
49,0.2306,15.4063,0.09431,"f"
50,0.2255,15.4408,0.09425,"f"
51,0.2205,15.4744,0.0942,"f"
52,0.2156,15.5072,0.09415,"f"
53,0.2107,15.5393,0.0941,"f"
54,0.2059,15.5706,0.09404,"f"
55,0.2012,15.6012,0.09399,"f"
56,0.1966,15.6311,0.09394,"f"
57,0.192,15.6604,0.09389,"f"
58,0.1875,15.689,0.09385,"f"
59,0.183,15.717,0.0938,"f"
60,0.1787,15.7444,0.09375,"f"
61,0.1743,15.7713,0.09371,"f"
62,0.17,15.7975,0.09366,"f"
63,0.1658,15.8232,0.09361,"f"
64,0.1617,15.8483,0.09357,"f"
65,0.1575,15.8729,0.09353,"f"
66,0.1535,15.8968,0.09348,"f"
67,0.1495,15.9202,0.09344,"f"
68,0.1455,15.9431,0.0934,"f"
69,0.1416,15.9655,0.09336,"f"
70,0.1377,15.9874,0.09332,"f"
71,0.1339,16.0087,0.09328,"f"
72,0.1301,16.0297,0.09324,"f"
73,0.1263,16.0501,0.0932,"f"
74,0.1226,16.0702,0.09316,"f"
75,0.119,16.0897,0.09312,"f"
76,0.1154,16.1089,0.09308,"f"
77,0.1118,16.1277,0.09304,"f"
78,0.1082,16.1461,0.093,"f"
79,0.1047,16.164,0.09297,"f"
80,0.1013,16.1817,0.09293,"f"
81,0.0978,16.1989,0.09289,"f"
82,0.0944,16.2158,0.09286,"f"
83,0.0911,16.2323,0.09282,"f"
84,0.0877,16.2485,0.09279,"f"
85,0.0844,16.2644,0.09275,"f"
86,0.0811,16.28,0.09272,"f"
87,0.0779,16.2952,0.09268,"f"
88,0.0747,16.3101,0.09265,"f"
89,0.0715,16.3247,0.09262,"f"
90,0.0684,16.339,0.09258,"f"
91,0.0652,16.3531,0.09255,"f"
92,0.0621,16.3668,0.09252,"f"
93,0.0591,16.3803,0.09249,"f"
94,0.056,16.3935,0.09245,"f"
95,0.053,16.4065,0.09242,"f"
96,0.05,16.4192,0.09239,"f"
97,0.0471,16.4316,0.09236,"f"
98,0.0442,16.4438,0.09233,"f"
99,0.0412,16.4557,0.0923,"f"
100,0.0384,16.4673,0.09227,"f"
101,0.0355,16.4788,0.09224,"f"
102,0.0327,16.49,0.09221,"f"
103,0.0298,16.5009,0.09218,"f"
104,0.027,16.5117,0.09215,"f"
105,0.0243,16.5222,0.09212,"f"
106,0.0215,16.5325,0.09209,"f"
107,0.0188,16.5426,0.09206,"f"
108,0.0161,16.5525,0.09203,"f"
109,0.0134,16.5622,0.09201,"f"
110,0.0107,16.5717,0.09198,"f"
111,0.0081,16.581,0.09195,"f"
112,0.0055,16.5901,0.09192,"f"
113,0.0029,16.5991,0.09189,"f"
114,3e-04,16.6078,0.09187,"f"
115,-0.0023,16.6164,0.09184,"f"
116,-0.0048,16.6249,0.09181,"f"
117,-0.0074,16.6331,0.09179,"f"
118,-0.0099,16.6412,0.09176,"f"
119,-0.0124,16.6492,0.09173,"f"
120,-0.0148,16.657,0.09171,"f"
121,-0.0173,16.6647,0.09168,"f"
122,-0.0197,16.6722,0.09166,"f"
123,-0.0222,16.6795,0.09163,"f"
124,-0.0246,16.6868,0.09161,"f"
125,-0.027,16.6939,0.09158,"f"
126,-0.0293,16.7009,0.09156,"f"
127,-0.0317,16.7077,0.09153,"f"
128,-0.034,16.7144,0.09151,"f"
129,-0.0364,16.721,0.09148,"f"
130,-0.0387,16.7274,0.09146,"f"
131,-0.041,16.7337,0.09143,"f"
132,-0.0433,16.7399,0.09141,"f"
133,-0.0455,16.746,0.09139,"f"
134,-0.0478,16.7519,0.09136,"f"
135,-0.05,16.7577,0.09134,"f"
136,-0.0522,16.7634,0.09131,"f"
137,-0.0545,16.7689,0.09129,"f"
138,-0.0566,16.7743,0.09127,"f"
139,-0.0588,16.7797,0.09125,"f"
140,-0.061,16.7848,0.09122,"f"
141,-0.0632,16.7899,0.0912,"f"
142,-0.0653,16.7948,0.09118,"f"
143,-0.0674,16.7997,0.09116,"f"
144,-0.0696,16.8044,0.09113,"f"
145,-0.0717,16.809,0.09111,"f"
146,-0.0737,16.8134,0.09109,"f"
147,-0.0758,16.8178,0.09107,"f"
148,-0.0779,16.822,0.09104,"f"
149,-0.08,16.8262,0.09102,"f"
150,-0.082,16.8302,0.091,"f"
151,-0.084,16.8341,0.09098,"f"
152,-0.086,16.8379,0.09096,"f"
153,-0.0881,16.8416,0.09094,"f"
154,-0.0901,16.8452,0.09092,"f"
155,-0.092,16.8487,0.0909,"f"
156,-0.094,16.8521,0.09088,"f"
157,-0.096,16.8554,0.09085,"f"
158,-0.0979,16.8586,0.09083,"f"
159,-0.0999,16.8617,0.09081,"f"
160,-0.1018,16.8648,0.09079,"f"
161,-0.1037,16.8677,0.09077,"f"
162,-0.1056,16.8705,0.09075,"f"
163,-0.1075,16.8732,0.09073,"f"
164,-0.1094,16.8759,0.09071,"f"
165,-0.1113,16.8784,0.09069,"f"
166,-0.1132,16.8808,0.09067,"f"
167,-0.115,16.8832,0.09065,"f"
168,-0.1169,16.8854,0.09063,"f"
169,-0.1187,16.8876,0.09061,"f"
170,-0.1206,16.8897,0.09059,"f"
171,-0.1224,16.8917,0.09058,"f"
172,-0.1242,16.8936,0.09056,"f"
173,-0.126,16.8954,0.09054,"f"
174,-0.1278,16.8971,0.09052,"f"
175,-0.1296,16.8987,0.0905,"f"
176,-0.1314,16.9002,0.09048,"f"
177,-0.1331,16.9017,0.09046,"f"
178,-0.1349,16.9031,0.09044,"f"
179,-0.1366,16.9043,0.09043,"f"
180,-0.1384,16.9055,0.09041,"f"
181,-0.1401,16.9066,0.09039,"f"
182,-0.1418,16.9077,0.09037,"f"
183,-0.1436,16.9086,0.09035,"f"
184,-0.1453,16.9095,0.09033,"f"
185,-0.147,16.9102,0.09032,"f"
186,-0.1487,16.9109,0.0903,"f"
187,-0.1503,16.9116,0.09028,"f"
188,-0.152,16.9121,0.09026,"f"
189,-0.1537,16.9125,0.09024,"f"
190,-0.1554,16.9129,0.09023,"f"
191,-0.157,16.9132,0.09021,"f"
192,-0.1587,16.9135,0.09019,"f"
193,-0.1603,16.9136,0.09017,"f"
194,-0.1619,16.9137,0.09016,"f"
195,-0.1635,16.9137,0.09014,"f"
196,-0.1652,16.9136,0.09012,"f"
197,-0.1668,16.9135,0.09011,"f"
198,-0.1684,16.9133,0.09009,"f"
199,-0.17,16.913,0.09007,"f"
200,-0.1715,16.9127,0.09006,"f"
201,-0.1731,16.9122,0.09004,"f"
202,-0.1747,16.9118,0.09002,"f"
203,-0.1763,16.9112,0.09001,"f"
204,-0.1778,16.9106,0.08999,"f"
205,-0.1794,16.9099,0.08997,"f"
206,-0.1809,16.9091,0.08996,"f"
207,-0.1824,16.9083,0.08994,"f"
208,-0.184,16.9074,0.08992,"f"
209,-0.1855,16.9065,0.08991,"f"
210,-0.187,16.9055,0.08989,"f"
211,-0.1885,16.9044,0.08988,"f"
212,-0.19,16.9033,0.08986,"f"
213,-0.1915,16.9021,0.08984,"f"
214,-0.193,16.9008,0.08983,"f"
215,-0.1945,16.8995,0.08981,"f"
216,-0.196,16.8981,0.0898,"f"
217,-0.1975,16.8967,0.08978,"f"
218,-0.1989,16.8952,0.08976,"f"
219,-0.2004,16.8937,0.08975,"f"
220,-0.2018,16.8921,0.08973,"f"
221,-0.2033,16.8905,0.08972,"f"
222,-0.2047,16.8888,0.0897,"f"
223,-0.2062,16.887,0.08969,"f"
224,-0.2076,16.8852,0.08967,"f"
225,-0.209,16.8834,0.08966,"f"
226,-0.2104,16.8814,0.08964,"f"
227,-0.2119,16.8795,0.08963,"f"
228,-0.2133,16.8775,0.08961,"f"
229,-0.2147,16.8754,0.0896,"f"
230,-0.2161,16.8733,0.08958,"f"
231,-0.2175,16.8712,0.08957,"f"
232,-0.2188,16.869,0.08955,"f"
233,-0.2202,16.8667,0.08954,"f"
234,-0.2216,16.8644,0.08952,"f"
235,-0.223,16.8621,0.08951,"f"
236,-0.2243,16.8597,0.08949,"f"
237,-0.2257,16.8572,0.08948,"f"
238,-0.227,16.8548,0.08947,"f"
239,-0.2284,16.8522,0.08945,"f"
240,-0.2297,16.8497,0.08944,"f"
241,-0.2311,16.8471,0.08942,"f"
242,-0.2324,16.8444,0.08941,"f"
243,-0.2337,16.8417,0.08939,"f"
244,-0.2351,16.839,0.08938,"f"
245,-0.2364,16.8362,0.08937,"f"
246,-0.2377,16.8334,0.08935,"f"
247,-0.239,16.8305,0.08934,"f"
248,-0.2403,16.8276,0.08932,"f"
249,-0.2416,16.8247,0.08931,"f"
250,-0.2429,16.8217,0.0893,"f"
251,-0.2442,16.8187,0.08928,"f"
252,-0.2455,16.8157,0.08927,"f"
253,-0.2467,16.8126,0.08926,"f"
254,-0.248,16.8095,0.08924,"f"
255,-0.2493,16.8063,0.08923,"f"
256,-0.2505,16.8031,0.08921,"f"
257,-0.2518,16.7999,0.0892,"f"
258,-0.2531,16.7967,0.08919,"f"
259,-0.2543,16.7934,0.08917,"f"
260,-0.2556,16.79,0.08916,"f"
261,-0.2568,16.7867,0.08915,"f"
262,-0.258,16.7833,0.08913,"f"
263,-0.2593,16.7799,0.08912,"f"
264,-0.2605,16.7764,0.08911,"f"
265,-0.2617,16.773,0.08909,"f"
266,-0.263,16.7695,0.08908,"f"
267,-0.2642,16.7659,0.08907,"f"
268,-0.2654,16.7624,0.08906,"f"
269,-0.2666,16.7588,0.08904,"f"
270,-0.2678,16.7551,0.08903,"f"
271,-0.269,16.7515,0.08902,"f"
272,-0.2702,16.7478,0.089,"f"
273,-0.2714,16.7441,0.08899,"f"
274,-0.2726,16.7404,0.08898,"f"
275,-0.2737,16.7367,0.08897,"f"
276,-0.2749,16.7329,0.08895,"f"
277,-0.2761,16.7291,0.08894,"f"
278,-0.2773,16.7253,0.08893,"f"
279,-0.2784,16.7214,0.08892,"f"
280,-0.2796,16.7176,0.0889,"f"
281,-0.2808,16.7137,0.08889,"f"
282,-0.2819,16.7098,0.08888,"f"
283,-0.2831,16.7059,0.08887,"f"
284,-0.2842,16.7019,0.08885,"f"
285,-0.2854,16.698,0.08884,"f"
286,-0.2865,16.694,0.08883,"f"
287,-0.2876,16.69,0.08882,"f"
288,-0.2888,16.686,0.08881,"f"
289,-0.2899,16.682,0.08879,"f"
290,-0.291,16.6779,0.08878,"f"
291,-0.2922,16.6739,0.08877,"f"
292,-0.2933,16.6698,0.08876,"f"
293,-0.2944,16.6657,0.08874,"f"
294,-0.2955,16.6616,0.08873,"f"
295,-0.2966,16.6575,0.08872,"f"
296,-0.2977,16.6534,0.08871,"f"
297,-0.2988,16.6492,0.0887,"f"
298,-0.2999,16.6451,0.08869,"f"
299,-0.301,16.6409,0.08867,"f"
300,-0.3021,16.6367,0.08866,"f"
301,-0.3032,16.6326,0.08865,"f"
302,-0.3043,16.6284,0.08864,"f"
303,-0.3053,16.6242,0.08863,"f"
304,-0.3064,16.62,0.08862,"f"
305,-0.3075,16.6157,0.0886,"f"
306,-0.3086,16.6115,0.08859,"f"
307,-0.3096,16.6073,0.08858,"f"
308,-0.3107,16.603,0.08857,"f"
309,-0.3118,16.5988,0.08856,"f"
310,-0.3128,16.5945,0.08855,"f"
311,-0.3139,16.5903,0.08854,"f"
312,-0.3149,16.586,0.08852,"f"
313,-0.316,16.5817,0.08851,"f"
314,-0.317,16.5774,0.0885,"f"
315,-0.3181,16.5731,0.08849,"f"
316,-0.3191,16.5688,0.08848,"f"
317,-0.3201,16.5645,0.08847,"f"
318,-0.3212,16.5602,0.08846,"f"
319,-0.3222,16.5559,0.08845,"f"
320,-0.3232,16.5516,0.08843,"f"
321,-0.3242,16.5473,0.08842,"f"
322,-0.3253,16.543,0.08841,"f"
323,-0.3263,16.5387,0.0884,"f"
324,-0.3273,16.5343,0.08839,"f"
325,-0.3283,16.53,0.08838,"f"
326,-0.3293,16.5257,0.08837,"f"
327,-0.3303,16.5213,0.08836,"f"
328,-0.3313,16.517,0.08835,"f"
329,-0.3323,16.5127,0.08834,"f"
330,-0.3333,16.5083,0.08833,"f"
331,-0.3343,16.504,0.08832,"f"
332,-0.3353,16.4997,0.0883,"f"
333,-0.3363,16.4953,0.08829,"f"
334,-0.3373,16.491,0.08828,"f"
335,-0.3382,16.4867,0.08827,"f"
336,-0.3392,16.4823,0.08826,"f"
337,-0.3402,16.478,0.08825,"f"
338,-0.3412,16.4737,0.08824,"f"
339,-0.3421,16.4693,0.08823,"f"
340,-0.3431,16.465,0.08822,"f"
341,-0.3441,16.4607,0.08821,"f"
342,-0.345,16.4563,0.0882,"f"
343,-0.346,16.452,0.08819,"f"
344,-0.347,16.4477,0.08818,"f"
345,-0.3479,16.4434,0.08817,"f"
346,-0.3489,16.4391,0.08816,"f"
347,-0.3498,16.4347,0.08815,"f"
348,-0.3508,16.4304,0.08814,"f"
349,-0.3517,16.4261,0.08813,"f"
350,-0.3526,16.4218,0.08812,"f"
351,-0.3536,16.4175,0.08811,"f"
352,-0.3545,16.4132,0.0881,"f"
353,-0.3555,16.4089,0.08809,"f"
354,-0.3564,16.4046,0.08808,"f"
355,-0.3573,16.4004,0.08807,"f"
356,-0.3582,16.3961,0.08806,"f"
357,-0.3592,16.3918,0.08805,"f"
358,-0.3601,16.3875,0.08804,"f"
359,-0.361,16.3833,0.08803,"f"
360,-0.3619,16.379,0.08802,"f"
361,-0.3628,16.3748,0.08801,"f"
362,-0.3638,16.3705,0.088,"f"
363,-0.3647,16.3663,0.08799,"f"
364,-0.3656,16.3621,0.08798,"f"
365,-0.3665,16.3578,0.08797,"f"
366,-0.3674,16.3536,0.08796,"f"
367,-0.3683,16.3494,0.08795,"f"
368,-0.3692,16.3452,0.08794,"f"
369,-0.3701,16.341,0.08793,"f"
370,-0.371,16.3368,0.08792,"f"
371,-0.3719,16.3326,0.08791,"f"
372,-0.3727,16.3284,0.0879,"f"
373,-0.3736,16.3242,0.08789,"f"
374,-0.3745,16.32,0.08788,"f"
375,-0.3754,16.3158,0.08787,"f"
376,-0.3763,16.3117,0.08786,"f"
377,-0.3772,16.3075,0.08785,"f"
378,-0.378,16.3034,0.08784,"f"
379,-0.3789,16.2992,0.08783,"f"
380,-0.3798,16.2951,0.08782,"f"
381,-0.3806,16.291,0.08782,"f"
382,-0.3815,16.2868,0.08781,"f"
383,-0.3824,16.2827,0.0878,"f"
384,-0.3832,16.2786,0.08779,"f"
385,-0.3841,16.2745,0.08778,"f"
386,-0.385,16.2704,0.08777,"f"
387,-0.3858,16.2663,0.08776,"f"
388,-0.3867,16.2622,0.08775,"f"
389,-0.3875,16.2582,0.08774,"f"
390,-0.3884,16.2541,0.08773,"f"
391,-0.3892,16.25,0.08772,"f"
392,-0.3901,16.246,0.08771,"f"
393,-0.3909,16.2419,0.0877,"f"
394,-0.3917,16.2379,0.08769,"f"
395,-0.3926,16.2339,0.08769,"f"
396,-0.3934,16.2298,0.08768,"f"
397,-0.3943,16.2258,0.08767,"f"
398,-0.3951,16.2218,0.08766,"f"
399,-0.3959,16.2178,0.08765,"f"
400,-0.3968,16.2138,0.08764,"f"
401,-0.3976,16.2099,0.08763,"f"
402,-0.3984,16.2059,0.08762,"f"
403,-0.3992,16.2019,0.08761,"f"
404,-0.4001,16.198,0.08761,"f"
405,-0.4009,16.194,0.0876,"f"
406,-0.4017,16.1901,0.08759,"f"
407,-0.4025,16.1862,0.08758,"f"
408,-0.4033,16.1822,0.08757,"f"
409,-0.4041,16.1783,0.08756,"f"
410,-0.4049,16.1744,0.08755,"f"
411,-0.4057,16.1705,0.08754,"f"
412,-0.4066,16.1667,0.08753,"f"
413,-0.4074,16.1628,0.08753,"f"
414,-0.4082,16.1589,0.08752,"f"
415,-0.409,16.1551,0.08751,"f"
416,-0.4098,16.1512,0.0875,"f"
417,-0.4106,16.1474,0.08749,"f"
418,-0.4114,16.1435,0.08748,"f"
419,-0.4121,16.1397,0.08747,"f"
420,-0.4129,16.1359,0.08747,"f"
421,-0.4137,16.1321,0.08746,"f"
422,-0.4145,16.1283,0.08745,"f"
423,-0.4153,16.1245,0.08744,"f"
424,-0.4161,16.1207,0.08743,"f"
425,-0.4169,16.117,0.08742,"f"
426,-0.4176,16.1132,0.08741,"f"
427,-0.4184,16.1095,0.08741,"f"
428,-0.4192,16.1057,0.0874,"f"
429,-0.42,16.102,0.08739,"f"
430,-0.4208,16.0983,0.08738,"f"
431,-0.4215,16.0946,0.08737,"f"
432,-0.4223,16.0909,0.08736,"f"
433,-0.4231,16.0872,0.08736,"f"
434,-0.4238,16.0835,0.08735,"f"
435,-0.4246,16.0798,0.08734,"f"
436,-0.4254,16.0762,0.08733,"f"
437,-0.4261,16.0725,0.08732,"f"
438,-0.4269,16.0689,0.08731,"f"
439,-0.4276,16.0652,0.08731,"f"
440,-0.4284,16.0616,0.0873,"f"
441,-0.4292,16.058,0.08729,"f"
442,-0.4299,16.0544,0.08728,"f"
443,-0.4307,16.0508,0.08727,"f"
444,-0.4314,16.0472,0.08727,"f"
445,-0.4322,16.0436,0.08726,"f"
446,-0.4329,16.04,0.08725,"f"
447,-0.4337,16.0365,0.08724,"f"
448,-0.4344,16.0329,0.08723,"f"
449,-0.4351,16.0294,0.08722,"f"
450,-0.4359,16.0258,0.08722,"f"
451,-0.4366,16.0223,0.08721,"f"
452,-0.4374,16.0188,0.0872,"f"
453,-0.4381,16.0153,0.08719,"f"
454,-0.4388,16.0118,0.08718,"f"
455,-0.4396,16.0083,0.08718,"f"
456,-0.4403,16.0048,0.08717,"f"
457,-0.441,16.0013,0.08716,"f"
458,-0.4418,15.9979,0.08715,"f"
459,-0.4425,15.9944,0.08714,"f"
460,-0.4432,15.991,0.08714,"f"
461,-0.4439,15.9875,0.08713,"f"
462,-0.4447,15.9841,0.08712,"f"
463,-0.4454,15.9807,0.08711,"f"
464,-0.4461,15.9773,0.08711,"f"
465,-0.4468,15.9739,0.0871,"f"
466,-0.4475,15.9705,0.08709,"f"
467,-0.4482,15.9671,0.08708,"f"
468,-0.449,15.9638,0.08707,"f"
469,-0.4497,15.9604,0.08707,"f"
470,-0.4504,15.9571,0.08706,"f"
471,-0.4511,15.9537,0.08705,"f"
472,-0.4518,15.9504,0.08704,"f"
473,-0.4525,15.9471,0.08704,"f"
474,-0.4532,15.9438,0.08703,"f"
475,-0.4539,15.9405,0.08702,"f"
476,-0.4546,15.9372,0.08701,"f"
477,-0.4553,15.9339,0.08701,"f"
478,-0.456,15.9307,0.087,"f"
479,-0.4567,15.9274,0.08699,"f"
480,-0.4574,15.9241,0.08698,"f"
481,-0.4581,15.9209,0.08698,"f"
482,-0.4588,15.9177,0.08697,"f"
483,-0.4595,15.9145,0.08696,"f"
484,-0.4602,15.9112,0.08695,"f"
485,-0.4609,15.908,0.08695,"f"
486,-0.4616,15.9049,0.08694,"f"
487,-0.4623,15.9017,0.08693,"f"
488,-0.4629,15.8985,0.08692,"f"
489,-0.4636,15.8953,0.08692,"f"
490,-0.4643,15.8922,0.08691,"f"
491,-0.465,15.8891,0.0869,"f"
492,-0.4657,15.8859,0.08689,"f"
493,-0.4663,15.8828,0.08689,"f"
494,-0.467,15.8797,0.08688,"f"
495,-0.4677,15.8766,0.08687,"f"
496,-0.4684,15.8735,0.08686,"f"
497,-0.469,15.8704,0.08686,"f"
498,-0.4697,15.8673,0.08685,"f"
499,-0.4704,15.8643,0.08684,"f"
500,-0.4711,15.8612,0.08683,"f"
501,-0.4717,15.8582,0.08683,"f"
502,-0.4724,15.8552,0.08682,"f"
503,-0.4731,15.8521,0.08681,"f"
504,-0.4737,15.8491,0.08681,"f"
505,-0.4744,15.8461,0.0868,"f"
506,-0.4751,15.8431,0.08679,"f"
507,-0.4757,15.8401,0.08678,"f"
508,-0.4764,15.8372,0.08678,"f"
509,-0.477,15.8342,0.08677,"f"
510,-0.4777,15.8313,0.08676,"f"
511,-0.4783,15.8283,0.08676,"f"
512,-0.479,15.8254,0.08675,"f"
513,-0.4797,15.8224,0.08674,"f"
514,-0.4803,15.8195,0.08673,"f"
515,-0.481,15.8166,0.08673,"f"
516,-0.4816,15.8137,0.08672,"f"
517,-0.4823,15.8108,0.08671,"f"
518,-0.4829,15.808,0.08671,"f"
519,-0.4836,15.8051,0.0867,"f"
520,-0.4842,15.8022,0.08669,"f"
521,-0.4848,15.7994,0.08668,"f"
522,-0.4855,15.7965,0.08668,"f"
523,-0.4861,15.7937,0.08667,"f"
524,-0.4868,15.7909,0.08666,"f"
525,-0.4874,15.7881,0.08666,"f"
526,-0.488,15.7853,0.08665,"f"
527,-0.4887,15.7825,0.08664,"f"
528,-0.4893,15.7797,0.08664,"f"
529,-0.49,15.7769,0.08663,"f"
530,-0.4906,15.7742,0.08662,"f"
531,-0.4912,15.7714,0.08662,"f"
532,-0.4919,15.7687,0.08661,"f"
533,-0.4925,15.7659,0.0866,"f"
534,-0.4931,15.7632,0.0866,"f"
535,-0.4937,15.7605,0.08659,"f"
536,-0.4944,15.7578,0.08658,"f"
537,-0.495,15.7551,0.08657,"f"
538,-0.4956,15.7524,0.08657,"f"
539,-0.4962,15.7497,0.08656,"f"
540,-0.4969,15.747,0.08655,"f"
541,-0.4975,15.7444,0.08655,"f"
542,-0.4981,15.7417,0.08654,"f"
543,-0.4987,15.7391,0.08653,"f"
544,-0.4993,15.7364,0.08653,"f"
545,-0.5,15.7338,0.08652,"f"
546,-0.5006,15.7312,0.08651,"f"
547,-0.5012,15.7286,0.08651,"f"
548,-0.5018,15.726,0.0865,"f"
549,-0.5024,15.7234,0.08649,"f"
550,-0.503,15.7208,0.08649,"f"
551,-0.5036,15.7183,0.08648,"f"
552,-0.5043,15.7157,0.08647,"f"
553,-0.5049,15.7132,0.08647,"f"
554,-0.5055,15.7106,0.08646,"f"
555,-0.5061,15.7081,0.08645,"f"
556,-0.5067,15.7056,0.08645,"f"
557,-0.5073,15.703,0.08644,"f"
558,-0.5079,15.7005,0.08643,"f"
559,-0.5085,15.698,0.08643,"f"
560,-0.5091,15.6956,0.08642,"f"
561,-0.5097,15.6931,0.08642,"f"
562,-0.5103,15.6906,0.08641,"f"
563,-0.5109,15.6882,0.0864,"f"
564,-0.5115,15.6857,0.0864,"f"
565,-0.5121,15.6833,0.08639,"f"
566,-0.5127,15.6808,0.08638,"f"
567,-0.5133,15.6784,0.08638,"f"
568,-0.5139,15.676,0.08637,"f"
569,-0.5145,15.6736,0.08636,"f"
570,-0.5151,15.6712,0.08636,"f"
571,-0.5156,15.6688,0.08635,"f"
572,-0.5162,15.6665,0.08634,"f"
573,-0.5168,15.6641,0.08634,"f"
574,-0.5174,15.6617,0.08633,"f"
575,-0.518,15.6594,0.08632,"f"
576,-0.5186,15.6571,0.08632,"f"
577,-0.5192,15.6547,0.08631,"f"
578,-0.5197,15.6524,0.08631,"f"
579,-0.5203,15.6501,0.0863,"f"
580,-0.5209,15.6478,0.08629,"f"
581,-0.5215,15.6455,0.08629,"f"
582,-0.5221,15.6432,0.08628,"f"
583,-0.5226,15.6409,0.08627,"f"
584,-0.5232,15.6387,0.08627,"f"
585,-0.5238,15.6364,0.08626,"f"
586,-0.5244,15.6342,0.08626,"f"
587,-0.525,15.6319,0.08625,"f"
588,-0.5255,15.6297,0.08624,"f"
589,-0.5261,15.6275,0.08624,"f"
590,-0.5267,15.6253,0.08623,"f"
591,-0.5272,15.6231,0.08622,"f"
592,-0.5278,15.6209,0.08622,"f"
593,-0.5284,15.6187,0.08621,"f"
594,-0.529,15.6165,0.08621,"f"
595,-0.5295,15.6144,0.0862,"f"
596,-0.5301,15.6122,0.08619,"f"
597,-0.5307,15.61,0.08619,"f"
598,-0.5312,15.6079,0.08618,"f"
599,-0.5318,15.6058,0.08618,"f"
600,-0.5323,15.6037,0.08617,"f"
601,-0.5329,15.6015,0.08616,"f"
602,-0.5335,15.5994,0.08616,"f"
603,-0.534,15.5973,0.08615,"f"
604,-0.5346,15.5953,0.08614,"f"
605,-0.5351,15.5932,0.08614,"f"
606,-0.5357,15.5911,0.08613,"f"
607,-0.5363,15.589,0.08613,"f"
608,-0.5368,15.587,0.08612,"f"
609,-0.5374,15.585,0.08611,"f"
610,-0.5379,15.5829,0.08611,"f"
611,-0.5385,15.5809,0.0861,"f"
612,-0.539,15.5789,0.0861,"f"
613,-0.5396,15.5769,0.08609,"f"
614,-0.5401,15.5749,0.08608,"f"
615,-0.5407,15.5729,0.08608,"f"
616,-0.5412,15.5709,0.08607,"f"
617,-0.5418,15.569,0.08607,"f"
618,-0.5423,15.567,0.08606,"f"
619,-0.5429,15.5651,0.08605,"f"
620,-0.5434,15.5631,0.08605,"f"
621,-0.544,15.5612,0.08604,"f"
622,-0.5445,15.5593,0.08604,"f"
623,-0.5451,15.5574,0.08603,"f"
624,-0.5456,15.5555,0.08603,"f"
625,-0.5461,15.5536,0.08602,"f"
626,-0.5467,15.5517,0.08601,"f"
627,-0.5472,15.5498,0.08601,"f"
628,-0.5478,15.548,0.086,"f"
629,-0.5483,15.5461,0.086,"f"
630,-0.5488,15.5443,0.08599,"f"
631,-0.5494,15.5424,0.08598,"f"
632,-0.5499,15.5406,0.08598,"f"
633,-0.5504,15.5388,0.08597,"f"
634,-0.551,15.537,0.08597,"f"
635,-0.5515,15.5352,0.08596,"f"
636,-0.552,15.5334,0.08596,"f"
637,-0.5526,15.5316,0.08595,"f"
638,-0.5531,15.5299,0.08594,"f"
639,-0.5536,15.5281,0.08594,"f"
640,-0.5542,15.5263,0.08593,"f"
641,-0.5547,15.5246,0.08593,"f"
642,-0.5552,15.5229,0.08592,"f"
643,-0.5557,15.5212,0.08591,"f"
644,-0.5563,15.5194,0.08591,"f"
645,-0.5568,15.5177,0.0859,"f"
646,-0.5573,15.5161,0.0859,"f"
647,-0.5578,15.5144,0.08589,"f"
648,-0.5584,15.5127,0.08589,"f"
649,-0.5589,15.511,0.08588,"f"
650,-0.5594,15.5094,0.08587,"f"
651,-0.5599,15.5077,0.08587,"f"
652,-0.5605,15.5061,0.08586,"f"
653,-0.561,15.5045,0.08586,"f"
654,-0.5615,15.5028,0.08585,"f"
655,-0.562,15.5012,0.08585,"f"
656,-0.5625,15.4996,0.08584,"f"
657,-0.563,15.498,0.08584,"f"
658,-0.5636,15.4965,0.08583,"f"
659,-0.5641,15.4949,0.08582,"f"
660,-0.5646,15.4933,0.08582,"f"
661,-0.5651,15.4918,0.08581,"f"
662,-0.5656,15.4902,0.08581,"f"
663,-0.5661,15.4887,0.0858,"f"
664,-0.5666,15.4872,0.0858,"f"
665,-0.5672,15.4856,0.08579,"f"
666,-0.5677,15.4841,0.08579,"f"
667,-0.5682,15.4826,0.08578,"f"
668,-0.5687,15.4811,0.08577,"f"
669,-0.5692,15.4797,0.08577,"f"
670,-0.5697,15.4782,0.08576,"f"
671,-0.5702,15.4767,0.08576,"f"
672,-0.5707,15.4753,0.08575,"f"
673,-0.5712,15.4738,0.08575,"f"
674,-0.5717,15.4724,0.08574,"f"
675,-0.5722,15.471,0.08574,"f"
676,-0.5727,15.4695,0.08573,"f"
677,-0.5732,15.4681,0.08573,"f"
678,-0.5737,15.4667,0.08572,"f"
679,-0.5742,15.4653,0.08571,"f"
680,-0.5747,15.4639,0.08571,"f"
681,-0.5752,15.4626,0.0857,"f"
682,-0.5757,15.4612,0.0857,"f"
683,-0.5762,15.4598,0.08569,"f"
684,-0.5767,15.4585,0.08569,"f"
685,-0.5772,15.4572,0.08568,"f"
686,-0.5777,15.4558,0.08568,"f"
687,-0.5782,15.4545,0.08567,"f"
688,-0.5787,15.4532,0.08567,"f"
689,-0.5792,15.4519,0.08566,"f"
690,-0.5797,15.4506,0.08565,"f"
691,-0.5802,15.4493,0.08565,"f"
692,-0.5807,15.448,0.08564,"f"
693,-0.5812,15.4467,0.08564,"f"
694,-0.5817,15.4455,0.08563,"f"
695,-0.5821,15.4442,0.08563,"f"
696,-0.5826,15.443,0.08562,"f"
697,-0.5831,15.4417,0.08562,"f"
698,-0.5836,15.4405,0.08561,"f"
699,-0.5841,15.4393,0.08561,"f"
700,-0.5846,15.4381,0.0856,"f"
701,-0.5851,15.4368,0.0856,"f"
702,-0.5855,15.4356,0.08559,"f"
703,-0.586,15.4345,0.08559,"f"
704,-0.5865,15.4333,0.08558,"f"
705,-0.587,15.4321,0.08558,"f"
706,-0.5875,15.4309,0.08557,"f"
707,-0.588,15.4298,0.08556,"f"
708,-0.5884,15.4286,0.08556,"f"
709,-0.5889,15.4275,0.08555,"f"
710,-0.5894,15.4263,0.08555,"f"
711,-0.5899,15.4252,0.08554,"f"
712,-0.5904,15.4241,0.08554,"f"
713,-0.5908,15.423,0.08553,"f"
714,-0.5913,15.4219,0.08553,"f"
715,-0.5918,15.4208,0.08552,"f"
716,-0.5923,15.4197,0.08552,"f"
717,-0.5927,15.4186,0.08551,"f"
718,-0.5932,15.4175,0.08551,"f"
719,-0.5937,15.4164,0.0855,"f"
720,-0.5942,15.4154,0.0855,"f"
721,-0.5946,15.4143,0.08549,"f"
722,-0.5951,15.4133,0.08549,"f"
723,-0.5956,15.4122,0.08548,"f"
724,-0.5961,15.4112,0.08548,"f"
725,-0.5965,15.4102,0.08547,"f"
726,-0.597,15.4092,0.08547,"f"
727,-0.5975,15.4082,0.08546,"f"
728,-0.5979,15.4072,0.08546,"f"
729,-0.5984,15.4062,0.08545,"f"
730,-0.5989,15.4052,0.08545,"f"
731,-0.5684,15.6881,0.08454,"f"
732,-0.5684,15.6871,0.08454,"f"
733,-0.5684,15.6861,0.08454,"f"
734,-0.5684,15.6851,0.08454,"f"
735,-0.5684,15.6841,0.08454,"f"
736,-0.5684,15.6831,0.08454,"f"
737,-0.5684,15.6822,0.08454,"f"
738,-0.5684,15.6812,0.08454,"f"
739,-0.5684,15.6802,0.08454,"f"
740,-0.5684,15.6792,0.08454,"f"
741,-0.5684,15.6782,0.08454,"f"
742,-0.5684,15.6772,0.08454,"f"
743,-0.5684,15.6763,0.08454,"f"
744,-0.5684,15.6753,0.08454,"f"
745,-0.5684,15.6743,0.08453,"f"
746,-0.5684,15.6733,0.08453,"f"
747,-0.5684,15.6724,0.08453,"f"
748,-0.5684,15.6714,0.08453,"f"
749,-0.5684,15.6704,0.08453,"f"
750,-0.5684,15.6695,0.08453,"f"
751,-0.5684,15.6685,0.08453,"f"
752,-0.5684,15.6675,0.08453,"f"
753,-0.5684,15.6666,0.08453,"f"
754,-0.5684,15.6656,0.08453,"f"
755,-0.5684,15.6646,0.08453,"f"
756,-0.5684,15.6637,0.08453,"f"
757,-0.5684,15.6627,0.08452,"f"
758,-0.5684,15.6618,0.08452,"f"
759,-0.5684,15.6608,0.08452,"f"
760,-0.5684,15.6599,0.08452,"f"
761,-0.5684,15.6589,0.08452,"f"
762,-0.5684,15.658,0.08452,"f"
763,-0.5684,15.657,0.08452,"f"
764,-0.5684,15.6561,0.08452,"f"
765,-0.5684,15.6551,0.08452,"f"
766,-0.5684,15.6542,0.08452,"f"
767,-0.5684,15.6532,0.08451,"f"
768,-0.5684,15.6523,0.08451,"f"
769,-0.5684,15.6514,0.08451,"f"
770,-0.5684,15.6504,0.08451,"f"
771,-0.5684,15.6495,0.08451,"f"
772,-0.5684,15.6486,0.08451,"f"
773,-0.5684,15.6476,0.08451,"f"
774,-0.5684,15.6467,0.08451,"f"
775,-0.5684,15.6458,0.08451,"f"
776,-0.5684,15.6448,0.08451,"f"
777,-0.5684,15.6439,0.08451,"f"
778,-0.5684,15.643,0.0845,"f"
779,-0.5684,15.6421,0.0845,"f"
780,-0.5684,15.6411,0.0845,"f"
781,-0.5684,15.6402,0.0845,"f"
782,-0.5684,15.6393,0.0845,"f"
783,-0.5684,15.6384,0.0845,"f"
784,-0.5684,15.6375,0.0845,"f"
785,-0.5684,15.6366,0.0845,"f"
786,-0.5684,15.6356,0.0845,"f"
787,-0.5684,15.6347,0.0845,"f"
788,-0.5684,15.6338,0.08449,"f"
789,-0.5684,15.6329,0.08449,"f"
790,-0.5684,15.632,0.08449,"f"
791,-0.5684,15.6311,0.08449,"f"
792,-0.5684,15.6302,0.08449,"f"
793,-0.5684,15.6293,0.08449,"f"
794,-0.5684,15.6284,0.08449,"f"
795,-0.5684,15.6275,0.08449,"f"
796,-0.5684,15.6266,0.08449,"f"
797,-0.5684,15.6257,0.08449,"f"
798,-0.5684,15.6248,0.08448,"f"
799,-0.5684,15.6239,0.08448,"f"
800,-0.5684,15.623,0.08448,"f"
801,-0.5684,15.6221,0.08448,"f"
802,-0.5684,15.6212,0.08448,"f"
803,-0.5684,15.6203,0.08448,"f"
804,-0.5684,15.6194,0.08448,"f"
805,-0.5684,15.6185,0.08448,"f"
806,-0.5684,15.6176,0.08448,"f"
807,-0.5684,15.6168,0.08448,"f"
808,-0.5684,15.6159,0.08447,"f"
809,-0.5684,15.615,0.08447,"f"
810,-0.5684,15.6141,0.08447,"f"
811,-0.5684,15.6132,0.08447,"f"
812,-0.5684,15.6123,0.08447,"f"
813,-0.5684,15.6115,0.08447,"f"
814,-0.5684,15.6106,0.08447,"f"
815,-0.5684,15.6097,0.08447,"f"
816,-0.5684,15.6088,0.08447,"f"
817,-0.5684,15.6079,0.08447,"f"
818,-0.5684,15.6071,0.08447,"f"
819,-0.5684,15.6062,0.08447,"f"
820,-0.5684,15.6053,0.08446,"f"
821,-0.5684,15.6044,0.08446,"f"
822,-0.5684,15.6036,0.08446,"f"
823,-0.5684,15.6027,0.08446,"f"
824,-0.5684,15.6018,0.08446,"f"
825,-0.5684,15.601,0.08446,"f"
826,-0.5684,15.6001,0.08446,"f"
827,-0.5684,15.5992,0.08446,"f"
828,-0.5684,15.5984,0.08446,"f"
829,-0.5684,15.5975,0.08446,"f"
830,-0.5684,15.5966,0.08446,"f"
831,-0.5684,15.5958,0.08446,"f"
832,-0.5684,15.5949,0.08445,"f"
833,-0.5684,15.5941,0.08445,"f"
834,-0.5684,15.5932,0.08445,"f"
835,-0.5684,15.5923,0.08445,"f"
836,-0.5684,15.5915,0.08445,"f"
837,-0.5684,15.5906,0.08445,"f"
838,-0.5684,15.5898,0.08445,"f"
839,-0.5684,15.5889,0.08445,"f"
840,-0.5684,15.5881,0.08445,"f"
841,-0.5684,15.5872,0.08445,"f"
842,-0.5684,15.5863,0.08445,"f"
843,-0.5684,15.5855,0.08445,"f"
844,-0.5684,15.5846,0.08445,"f"
845,-0.5684,15.5838,0.08445,"f"
846,-0.5684,15.5829,0.08444,"f"
847,-0.5684,15.5821,0.08444,"f"
848,-0.5684,15.5812,0.08444,"f"
849,-0.5684,15.5804,0.08444,"f"
850,-0.5684,15.5796,0.08444,"f"
851,-0.5684,15.5787,0.08444,"f"
852,-0.5684,15.5779,0.08444,"f"
853,-0.5684,15.577,0.08444,"f"
854,-0.5684,15.5762,0.08444,"f"
855,-0.5684,15.5753,0.08444,"f"
856,-0.5684,15.5745,0.08444,"f"
857,-0.5684,15.5737,0.08444,"f"
858,-0.5684,15.5728,0.08444,"f"
859,-0.5684,15.572,0.08444,"f"
860,-0.5684,15.5711,0.08444,"f"
861,-0.5684,15.5703,0.08444,"f"
862,-0.5684,15.5695,0.08444,"f"
863,-0.5684,15.5686,0.08444,"f"
864,-0.5684,15.5678,0.08443,"f"
865,-0.5684,15.567,0.08443,"f"
866,-0.5684,15.5661,0.08443,"f"
867,-0.5684,15.5653,0.08443,"f"
868,-0.5684,15.5645,0.08443,"f"
869,-0.5684,15.5636,0.08443,"f"
870,-0.5684,15.5628,0.08443,"f"
871,-0.5684,15.562,0.08443,"f"
872,-0.5684,15.5611,0.08443,"f"
873,-0.5684,15.5603,0.08443,"f"
874,-0.5684,15.5595,0.08443,"f"
875,-0.5684,15.5587,0.08443,"f"
876,-0.5684,15.5578,0.08443,"f"
877,-0.5684,15.557,0.08443,"f"
878,-0.5684,15.5562,0.08443,"f"
879,-0.5684,15.5554,0.08443,"f"
880,-0.5684,15.5545,0.08443,"f"
881,-0.5684,15.5537,0.08443,"f"
882,-0.5684,15.5529,0.08443,"f"
883,-0.5684,15.5521,0.08443,"f"
884,-0.5684,15.5513,0.08443,"f"
885,-0.5684,15.5504,0.08443,"f"
886,-0.5684,15.5496,0.08443,"f"
887,-0.5684,15.5488,0.08443,"f"
888,-0.5684,15.548,0.08443,"f"
889,-0.5684,15.5472,0.08443,"f"
890,-0.5684,15.5463,0.08443,"f"
891,-0.5684,15.5455,0.08443,"f"
892,-0.5684,15.5447,0.08443,"f"
893,-0.5684,15.5439,0.08443,"f"
894,-0.5684,15.5431,0.08443,"f"
895,-0.5684,15.5423,0.08443,"f"
896,-0.5684,15.5414,0.08443,"f"
897,-0.5684,15.5406,0.08443,"f"
898,-0.5684,15.5398,0.08443,"f"
899,-0.5684,15.539,0.08443,"f"
900,-0.5684,15.5382,0.08443,"f"
901,-0.5684,15.5374,0.08443,"f"
902,-0.5684,15.5366,0.08443,"f"
903,-0.5684,15.5358,0.08443,"f"
904,-0.5684,15.535,0.08443,"f"
905,-0.5684,15.5341,0.08443,"f"
906,-0.5684,15.5333,0.08443,"f"
907,-0.5684,15.5325,0.08443,"f"
908,-0.5684,15.5317,0.08444,"f"
909,-0.5684,15.5309,0.08444,"f"
910,-0.5684,15.5301,0.08444,"f"
911,-0.5684,15.5293,0.08444,"f"
912,-0.5684,15.5285,0.08444,"f"
913,-0.5684,15.5277,0.08444,"f"
914,-0.5684,15.5269,0.08444,"f"
915,-0.5684,15.5261,0.08444,"f"
916,-0.5684,15.5253,0.08444,"f"
917,-0.5684,15.5245,0.08444,"f"
918,-0.5684,15.5237,0.08444,"f"
919,-0.5684,15.5229,0.08444,"f"
920,-0.5684,15.5221,0.08444,"f"
921,-0.5684,15.5213,0.08445,"f"
922,-0.5684,15.5205,0.08445,"f"
923,-0.5684,15.5197,0.08445,"f"
924,-0.5684,15.5189,0.08445,"f"
925,-0.5684,15.5181,0.08445,"f"
926,-0.5684,15.5173,0.08445,"f"
927,-0.5684,15.5165,0.08445,"f"
928,-0.5684,15.5157,0.08445,"f"
929,-0.5684,15.5149,0.08445,"f"
930,-0.5684,15.5141,0.08446,"f"
931,-0.5684,15.5133,0.08446,"f"
932,-0.5684,15.5125,0.08446,"f"
933,-0.5684,15.5117,0.08446,"f"
934,-0.5684,15.5109,0.08446,"f"
935,-0.5684,15.5101,0.08446,"f"
936,-0.5684,15.5093,0.08446,"f"
937,-0.5684,15.5086,0.08447,"f"
938,-0.5684,15.5078,0.08447,"f"
939,-0.5684,15.507,0.08447,"f"
940,-0.5684,15.5062,0.08447,"f"
941,-0.5684,15.5054,0.08447,"f"
942,-0.5684,15.5046,0.08447,"f"
943,-0.5684,15.5038,0.08448,"f"
944,-0.5684,15.503,0.08448,"f"
945,-0.5684,15.5023,0.08448,"f"
946,-0.5684,15.5015,0.08448,"f"
947,-0.5684,15.5007,0.08448,"f"
948,-0.5684,15.4999,0.08448,"f"
949,-0.5684,15.4991,0.08449,"f"
950,-0.5684,15.4983,0.08449,"f"
951,-0.5684,15.4976,0.08449,"f"
952,-0.5684,15.4968,0.08449,"f"
953,-0.5684,15.496,0.0845,"f"
954,-0.5684,15.4952,0.0845,"f"
955,-0.5684,15.4944,0.0845,"f"
956,-0.5684,15.4937,0.0845,"f"
957,-0.5684,15.4929,0.0845,"f"
958,-0.5684,15.4921,0.08451,"f"
959,-0.5684,15.4913,0.08451,"f"
960,-0.5684,15.4906,0.08451,"f"
961,-0.5684,15.4898,0.08451,"f"
962,-0.5684,15.489,0.08452,"f"
963,-0.5684,15.4883,0.08452,"f"
964,-0.5684,15.4875,0.08452,"f"
965,-0.5684,15.4867,0.08452,"f"
966,-0.5684,15.4859,0.08453,"f"
967,-0.5684,15.4852,0.08453,"f"
968,-0.5684,15.4844,0.08453,"f"
969,-0.5684,15.4836,0.08454,"f"
970,-0.5684,15.4829,0.08454,"f"
971,-0.5684,15.4821,0.08454,"f"
972,-0.5684,15.4814,0.08455,"f"
973,-0.5684,15.4806,0.08455,"f"
974,-0.5684,15.4798,0.08455,"f"
975,-0.5684,15.4791,0.08455,"f"
976,-0.5684,15.4783,0.08456,"f"
977,-0.5684,15.4776,0.08456,"f"
978,-0.5684,15.4768,0.08456,"f"
979,-0.5684,15.476,0.08457,"f"
980,-0.5684,15.4753,0.08457,"f"
981,-0.5684,15.4745,0.08457,"f"
982,-0.5684,15.4738,0.08458,"f"
983,-0.5684,15.473,0.08458,"f"
984,-0.5684,15.4723,0.08459,"f"
985,-0.5684,15.4715,0.08459,"f"
986,-0.5684,15.4708,0.08459,"f"
987,-0.5684,15.47,0.0846,"f"
988,-0.5684,15.4693,0.0846,"f"
989,-0.5684,15.4685,0.0846,"f"
990,-0.5684,15.4678,0.08461,"f"
991,-0.5684,15.467,0.08461,"f"
992,-0.5684,15.4663,0.08462,"f"
993,-0.5684,15.4656,0.08462,"f"
994,-0.5684,15.4648,0.08462,"f"
995,-0.5684,15.4641,0.08463,"f"
996,-0.5684,15.4633,0.08463,"f"
997,-0.5684,15.4626,0.08464,"f"
998,-0.5684,15.4619,0.08464,"f"
999,-0.5684,15.4611,0.08465,"f"
1000,-0.5684,15.4604,0.08465,"f"
1001,-0.5684,15.4597,0.08465,"f"
1002,-0.5684,15.4589,0.08466,"f"
1003,-0.5684,15.4582,0.08466,"f"
1004,-0.5684,15.4575,0.08467,"f"
1005,-0.5684,15.4568,0.08467,"f"
1006,-0.5684,15.456,0.08468,"f"
1007,-0.5684,15.4553,0.08468,"f"
1008,-0.5684,15.4546,0.08469,"f"
1009,-0.5684,15.4539,0.08469,"f"
1010,-0.5684,15.4531,0.0847,"f"
1011,-0.5684,15.4524,0.0847,"f"
1012,-0.5684,15.4517,0.08471,"f"
1013,-0.5684,15.451,0.08471,"f"
1014,-0.5684,15.4503,0.08472,"f"
1015,-0.5684,15.4495,0.08472,"f"
1016,-0.5684,15.4488,0.08473,"f"
1017,-0.5684,15.4481,0.08473,"f"
1018,-0.5684,15.4474,0.08474,"f"
1019,-0.5684,15.4467,0.08474,"f"
1020,-0.5684,15.446,0.08475,"f"
1021,-0.5684,15.4453,0.08476,"f"
1022,-0.5684,15.4446,0.08476,"f"
1023,-0.5684,15.4439,0.08477,"f"
1024,-0.5684,15.4432,0.08477,"f"
1025,-0.5684,15.4425,0.08478,"f"
1026,-0.5684,15.4418,0.08478,"f"
1027,-0.5684,15.4411,0.08479,"f"
1028,-0.5684,15.4404,0.0848,"f"
1029,-0.5684,15.4397,0.0848,"f"
1030,-0.5684,15.439,0.08481,"f"
1031,-0.5684,15.4383,0.08482,"f"
1032,-0.5684,15.4376,0.08482,"f"
1033,-0.5684,15.4369,0.08483,"f"
1034,-0.5684,15.4362,0.08483,"f"
1035,-0.5684,15.4355,0.08484,"f"
1036,-0.5684,15.4349,0.08485,"f"
1037,-0.5684,15.4342,0.08485,"f"
1038,-0.5684,15.4335,0.08486,"f"
1039,-0.5684,15.4328,0.08487,"f"
1040,-0.5684,15.4321,0.08487,"f"
1041,-0.5684,15.4315,0.08488,"f"
1042,-0.5684,15.4308,0.08489,"f"
1043,-0.5684,15.4301,0.08489,"f"
1044,-0.5684,15.4294,0.0849,"f"
1045,-0.5684,15.4288,0.08491,"f"
1046,-0.5684,15.4281,0.08492,"f"
1047,-0.5684,15.4274,0.08492,"f"
1048,-0.5684,15.4268,0.08493,"f"
1049,-0.5684,15.4261,0.08494,"f"
1050,-0.5684,15.4254,0.08494,"f"
1051,-0.5684,15.4248,0.08495,"f"
1052,-0.5684,15.4241,0.08496,"f"
1053,-0.5684,15.4234,0.08497,"f"
1054,-0.5684,15.4228,0.08497,"f"
1055,-0.5684,15.4221,0.08498,"f"
1056,-0.5684,15.4215,0.08499,"f"
1057,-0.5684,15.4208,0.085,"f"
1058,-0.5684,15.4202,0.08501,"f"
1059,-0.5684,15.4195,0.08501,"f"
1060,-0.5684,15.4189,0.08502,"f"
1061,-0.5684,15.4182,0.08503,"f"
1062,-0.5684,15.4176,0.08504,"f"
1063,-0.5684,15.4169,0.08505,"f"
1064,-0.5684,15.4163,0.08505,"f"
1065,-0.5684,15.4157,0.08506,"f"
1066,-0.5684,15.415,0.08507,"f"
1067,-0.5684,15.4144,0.08508,"f"
1068,-0.5684,15.4137,0.08509,"f"
1069,-0.5684,15.4131,0.0851,"f"
1070,-0.5684,15.4125,0.0851,"f"
1071,-0.5684,15.4119,0.08511,"f"
1072,-0.5684,15.4112,0.08512,"f"
1073,-0.5684,15.4106,0.08513,"f"
1074,-0.5684,15.41,0.08514,"f"
1075,-0.5684,15.4093,0.08515,"f"
1076,-0.5684,15.4087,0.08516,"f"
1077,-0.5684,15.4081,0.08517,"f"
1078,-0.5684,15.4075,0.08517,"f"
1079,-0.5684,15.4069,0.08518,"f"
1080,-0.5684,15.4063,0.08519,"f"
1081,-0.5684,15.4056,0.0852,"f"
1082,-0.5684,15.405,0.08521,"f"
1083,-0.5684,15.4044,0.08522,"f"
1084,-0.5684,15.4038,0.08523,"f"
1085,-0.5684,15.4032,0.08524,"f"
1086,-0.5684,15.4026,0.08525,"f"
1087,-0.5684,15.402,0.08526,"f"
1088,-0.5684,15.4014,0.08527,"f"
1089,-0.5684,15.4008,0.08528,"f"
1090,-0.5684,15.4002,0.08529,"f"
1091,-0.5684,15.3996,0.0853,"f"
1092,-0.5684,15.399,0.08531,"f"
1093,-0.5684,15.3984,0.08532,"f"
1094,-0.5684,15.3978,0.08533,"f"
1095,-0.5684,15.3972,0.08534,"f"
1096,-0.5684,15.3966,0.08535,"f"
1097,-0.5684,15.396,0.08536,"f"
1098,-0.5684,15.3954,0.08537,"f"
1099,-0.5684,15.3949,0.08538,"f"
1100,-0.5684,15.3943,0.08539,"f"
1101,-0.5684,15.3937,0.0854,"f"
1102,-0.5684,15.3931,0.08541,"f"
1103,-0.5684,15.3925,0.08542,"f"
1104,-0.5684,15.392,0.08543,"f"
1105,-0.5684,15.3914,0.08544,"f"
1106,-0.5684,15.3908,0.08545,"f"
1107,-0.5684,15.3902,0.08547,"f"
1108,-0.5684,15.3897,0.08548,"f"
1109,-0.5684,15.3891,0.08549,"f"
1110,-0.5684,15.3885,0.0855,"f"
1111,-0.5684,15.388,0.08551,"f"
1112,-0.5684,15.3874,0.08552,"f"
1113,-0.5684,15.3868,0.08553,"f"
1114,-0.5684,15.3863,0.08554,"f"
1115,-0.5684,15.3857,0.08556,"f"
1116,-0.5684,15.3852,0.08557,"f"
1117,-0.5684,15.3846,0.08558,"f"
1118,-0.5684,15.384,0.08559,"f"
1119,-0.5684,15.3835,0.0856,"f"
1120,-0.5684,15.3829,0.08561,"f"
1121,-0.5684,15.3824,0.08563,"f"
1122,-0.5684,15.3818,0.08564,"f"
1123,-0.5684,15.3813,0.08565,"f"
1124,-0.5684,15.3808,0.08566,"f"
1125,-0.5684,15.3802,0.08567,"f"
1126,-0.5684,15.3797,0.08569,"f"
1127,-0.5684,15.3791,0.0857,"f"
1128,-0.5684,15.3786,0.08571,"f"
1129,-0.5684,15.378,0.08572,"f"
1130,-0.5684,15.3775,0.08574,"f"
1131,-0.5684,15.377,0.08575,"f"
1132,-0.5684,15.3764,0.08576,"f"
1133,-0.5684,15.3759,0.08577,"f"
1134,-0.5684,15.3754,0.08579,"f"
1135,-0.5684,15.3748,0.0858,"f"
1136,-0.5684,15.3743,0.08581,"f"
1137,-0.5684,15.3738,0.08582,"f"
1138,-0.5684,15.3733,0.08584,"f"
1139,-0.5684,15.3727,0.08585,"f"
1140,-0.5684,15.3722,0.08586,"f"
1141,-0.5684,15.3717,0.08588,"f"
1142,-0.5684,15.3712,0.08589,"f"
1143,-0.5684,15.3707,0.0859,"f"
1144,-0.5684,15.3702,0.08592,"f"
1145,-0.5684,15.3696,0.08593,"f"
1146,-0.5684,15.3691,0.08594,"f"
1147,-0.5684,15.3686,0.08596,"f"
1148,-0.5684,15.3681,0.08597,"f"
1149,-0.5684,15.3676,0.08598,"f"
1150,-0.5684,15.3671,0.086,"f"
1151,-0.5684,15.3666,0.08601,"f"
1152,-0.5684,15.3661,0.08602,"f"
1153,-0.5684,15.3656,0.08604,"f"
1154,-0.5684,15.3651,0.08605,"f"
1155,-0.5684,15.3646,0.08606,"f"
1156,-0.5684,15.3641,0.08608,"f"
1157,-0.5684,15.3636,0.08609,"f"
1158,-0.5684,15.3631,0.08611,"f"
1159,-0.5684,15.3626,0.08612,"f"
1160,-0.5684,15.3621,0.08614,"f"
1161,-0.5684,15.3616,0.08615,"f"
1162,-0.5684,15.3611,0.08616,"f"
1163,-0.5684,15.3606,0.08618,"f"
1164,-0.5684,15.3601,0.08619,"f"
1165,-0.5684,15.3597,0.08621,"f"
1166,-0.5684,15.3592,0.08622,"f"
1167,-0.5684,15.3587,0.08624,"f"
1168,-0.5684,15.3582,0.08625,"f"
1169,-0.5684,15.3577,0.08627,"f"
1170,-0.5684,15.3572,0.08628,"f"
1171,-0.5684,15.3568,0.08629,"f"
1172,-0.5684,15.3563,0.08631,"f"
1173,-0.5684,15.3558,0.08632,"f"
1174,-0.5684,15.3553,0.08634,"f"
1175,-0.5684,15.3549,0.08635,"f"
1176,-0.5684,15.3544,0.08637,"f"
1177,-0.5684,15.3539,0.08638,"f"
1178,-0.5684,15.3535,0.0864,"f"
1179,-0.5684,15.353,0.08641,"f"
1180,-0.5684,15.3525,0.08643,"f"
1181,-0.5684,15.3521,0.08645,"f"
1182,-0.5684,15.3516,0.08646,"f"
1183,-0.5684,15.3511,0.08648,"f"
1184,-0.5684,15.3507,0.08649,"f"
1185,-0.5684,15.3502,0.08651,"f"
1186,-0.5684,15.3497,0.08652,"f"
1187,-0.5684,15.3493,0.08654,"f"
1188,-0.5684,15.3488,0.08655,"f"
1189,-0.5684,15.3484,0.08657,"f"
1190,-0.5684,15.3479,0.08659,"f"
1191,-0.5684,15.3475,0.0866,"f"
1192,-0.5684,15.347,0.08662,"f"
1193,-0.5684,15.3465,0.08663,"f"
1194,-0.5684,15.3461,0.08665,"f"
1195,-0.5684,15.3456,0.08666,"f"
1196,-0.5684,15.3452,0.08668,"f"
1197,-0.5684,15.3448,0.0867,"f"
1198,-0.5684,15.3443,0.08671,"f"
1199,-0.5684,15.3439,0.08673,"f"
1200,-0.5684,15.3434,0.08675,"f"
1201,-0.5684,15.343,0.08676,"f"
1202,-0.5684,15.3425,0.08678,"f"
1203,-0.5684,15.3421,0.08679,"f"
1204,-0.5684,15.3416,0.08681,"f"
1205,-0.5684,15.3412,0.08683,"f"
1206,-0.5684,15.3408,0.08684,"f"
1207,-0.5684,15.3403,0.08686,"f"
1208,-0.5684,15.3399,0.08688,"f"
1209,-0.5684,15.3395,0.08689,"f"
1210,-0.5684,15.339,0.08691,"f"
1211,-0.5684,15.3386,0.08693,"f"
1212,-0.5684,15.3382,0.08694,"f"
1213,-0.5684,15.3377,0.08696,"f"
1214,-0.5684,15.3373,0.08698,"f"
1215,-0.5684,15.3369,0.08699,"f"
1216,-0.5684,15.3364,0.08701,"f"
1217,-0.5684,15.336,0.08703,"f"
1218,-0.5684,15.3356,0.08704,"f"
1219,-0.5684,15.3352,0.08706,"f"
1220,-0.5684,15.3347,0.08708,"f"
1221,-0.5684,15.3343,0.0871,"f"
1222,-0.5684,15.3339,0.08711,"f"
1223,-0.5684,15.3335,0.08713,"f"
1224,-0.5684,15.3331,0.08715,"f"
1225,-0.5684,15.3326,0.08716,"f"
1226,-0.5684,15.3322,0.08718,"f"
1227,-0.5684,15.3318,0.0872,"f"
1228,-0.5684,15.3314,0.08722,"f"
1229,-0.5684,15.331,0.08723,"f"
1230,-0.5684,15.3306,0.08725,"f"
1231,-0.5684,15.3301,0.08727,"f"
1232,-0.5684,15.3297,0.08729,"f"
1233,-0.5684,15.3293,0.0873,"f"
1234,-0.5684,15.3289,0.08732,"f"
1235,-0.5684,15.3285,0.08734,"f"
1236,-0.5684,15.3281,0.08736,"f"
1237,-0.5684,15.3277,0.08737,"f"
1238,-0.5684,15.3273,0.08739,"f"
1239,-0.5684,15.3269,0.08741,"f"
1240,-0.5684,15.3265,0.08743,"f"
1241,-0.5684,15.3261,0.08745,"f"
1242,-0.5684,15.3257,0.08746,"f"
1243,-0.5684,15.3252,0.08748,"f"
1244,-0.5684,15.3248,0.0875,"f"
1245,-0.5684,15.3244,0.08752,"f"
1246,-0.5684,15.324,0.08753,"f"
1247,-0.5684,15.3236,0.08755,"f"
1248,-0.5684,15.3233,0.08757,"f"
1249,-0.5684,15.3229,0.08759,"f"
1250,-0.5684,15.3225,0.08761,"f"
1251,-0.5684,15.3221,0.08763,"f"
1252,-0.5684,15.3217,0.08764,"f"
1253,-0.5684,15.3213,0.08766,"f"
1254,-0.5684,15.3209,0.08768,"f"
1255,-0.5684,15.3205,0.0877,"f"
1256,-0.5684,15.3201,0.08772,"f"
1257,-0.5684,15.3197,0.08773,"f"
1258,-0.5684,15.3193,0.08775,"f"
1259,-0.5684,15.3189,0.08777,"f"
1260,-0.5684,15.3185,0.08779,"f"
1261,-0.5684,15.3182,0.08781,"f"
1262,-0.5684,15.3178,0.08783,"f"
1263,-0.5684,15.3174,0.08785,"f"
1264,-0.5684,15.317,0.08786,"f"
1265,-0.5684,15.3166,0.08788,"f"
1266,-0.5684,15.3162,0.0879,"f"
1267,-0.5684,15.3159,0.08792,"f"
1268,-0.5684,15.3155,0.08794,"f"
1269,-0.5684,15.3151,0.08796,"f"
1270,-0.5684,15.3147,0.08798,"f"
1271,-0.5684,15.3143,0.08799,"f"
1272,-0.5684,15.314,0.08801,"f"
1273,-0.5684,15.3136,0.08803,"f"
1274,-0.5684,15.3132,0.08805,"f"
1275,-0.5684,15.3128,0.08807,"f"
1276,-0.5684,15.3125,0.08809,"f"
1277,-0.5684,15.3121,0.08811,"f"
1278,-0.5684,15.3117,0.08813,"f"
1279,-0.5684,15.3114,0.08814,"f"
1280,-0.5684,15.311,0.08816,"f"
1281,-0.5684,15.3106,0.08818,"f"
1282,-0.5684,15.3102,0.0882,"f"
1283,-0.5684,15.3099,0.08822,"f"
1284,-0.5684,15.3095,0.08824,"f"
1285,-0.5684,15.3091,0.08826,"f"
1286,-0.5684,15.3088,0.08828,"f"
1287,-0.5684,15.3084,0.0883,"f"
1288,-0.5684,15.308,0.08832,"f"
1289,-0.5684,15.3077,0.08833,"f"
1290,-0.5684,15.3073,0.08835,"f"
1291,-0.5684,15.307,0.08837,"f"
1292,-0.5684,15.3066,0.08839,"f"
1293,-0.5684,15.3062,0.08841,"f"
1294,-0.5684,15.3059,0.08843,"f"
1295,-0.5684,15.3055,0.08845,"f"
1296,-0.5684,15.3052,0.08847,"f"
1297,-0.5684,15.3048,0.08849,"f"
1298,-0.5684,15.3044,0.08851,"f"
1299,-0.5684,15.3041,0.08853,"f"
1300,-0.5684,15.3037,0.08855,"f"
1301,-0.5684,15.3034,0.08857,"f"
1302,-0.5684,15.303,0.08859,"f"
1303,-0.5684,15.3027,0.0886,"f"
1304,-0.5684,15.3023,0.08862,"f"
1305,-0.5684,15.302,0.08864,"f"
1306,-0.5684,15.3016,0.08866,"f"
1307,-0.5684,15.3013,0.08868,"f"
1308,-0.5684,15.3009,0.0887,"f"
1309,-0.5684,15.3006,0.08872,"f"
1310,-0.5684,15.3002,0.08874,"f"
1311,-0.5684,15.2999,0.08876,"f"
1312,-0.5684,15.2996,0.08878,"f"
1313,-0.5684,15.2992,0.0888,"f"
1314,-0.5684,15.2989,0.08882,"f"
1315,-0.5684,15.2985,0.08884,"f"
1316,-0.5684,15.2982,0.08886,"f"
1317,-0.5684,15.2978,0.08888,"f"
1318,-0.5684,15.2975,0.0889,"f"
1319,-0.5684,15.2972,0.08892,"f"
1320,-0.5684,15.2968,0.08894,"f"
1321,-0.5684,15.2965,0.08896,"f"
1322,-0.5684,15.2962,0.08898,"f"
1323,-0.5684,15.2958,0.089,"f"
1324,-0.5684,15.2955,0.08901,"f"
1325,-0.5684,15.2952,0.08903,"f"
1326,-0.5684,15.2948,0.08905,"f"
1327,-0.5684,15.2945,0.08907,"f"
1328,-0.5684,15.2942,0.08909,"f"
1329,-0.5684,15.2938,0.08911,"f"
1330,-0.5684,15.2935,0.08913,"f"
1331,-0.5684,15.2932,0.08915,"f"
1332,-0.5684,15.2929,0.08917,"f"
1333,-0.5684,15.2925,0.08919,"f"
1334,-0.5684,15.2922,0.08921,"f"
1335,-0.5684,15.2919,0.08923,"f"
1336,-0.5684,15.2916,0.08925,"f"
1337,-0.5684,15.2913,0.08927,"f"
1338,-0.5684,15.2909,0.08929,"f"
1339,-0.5684,15.2906,0.08931,"f"
1340,-0.5684,15.2903,0.08933,"f"
1341,-0.5684,15.29,0.08935,"f"
1342,-0.5684,15.2897,0.08937,"f"
1343,-0.5684,15.2894,0.08939,"f"
1344,-0.5684,15.289,0.08941,"f"
1345,-0.5684,15.2887,0.08943,"f"
1346,-0.5684,15.2884,0.08945,"f"
1347,-0.5684,15.2881,0.08947,"f"
1348,-0.5684,15.2878,0.08949,"f"
1349,-0.5684,15.2875,0.08951,"f"
1350,-0.5684,15.2872,0.08953,"f"
1351,-0.5684,15.2869,0.08955,"f"
1352,-0.5684,15.2866,0.08957,"f"
1353,-0.5684,15.2863,0.08959,"f"
1354,-0.5684,15.286,0.08961,"f"
1355,-0.5684,15.2857,0.08963,"f"
1356,-0.5684,15.2854,0.08964,"f"
1357,-0.5684,15.2851,0.08966,"f"
1358,-0.5684,15.2848,0.08968,"f"
1359,-0.5684,15.2845,0.0897,"f"
1360,-0.5684,15.2842,0.08972,"f"
1361,-0.5684,15.2839,0.08974,"f"
1362,-0.5684,15.2836,0.08976,"f"
1363,-0.5684,15.2833,0.08978,"f"
1364,-0.5684,15.283,0.0898,"f"
1365,-0.5684,15.2827,0.08982,"f"
1366,-0.5684,15.2824,0.08984,"f"
1367,-0.5684,15.2821,0.08986,"f"
1368,-0.5684,15.2818,0.08988,"f"
1369,-0.5684,15.2816,0.0899,"f"
1370,-0.5684,15.2813,0.08992,"f"
1371,-0.5684,15.281,0.08994,"f"
1372,-0.5684,15.2807,0.08996,"f"
1373,-0.5684,15.2804,0.08998,"f"
1374,-0.5684,15.2801,0.09,"f"
1375,-0.5684,15.2799,0.09002,"f"
1376,-0.5684,15.2796,0.09004,"f"
1377,-0.5684,15.2793,0.09006,"f"
1378,-0.5684,15.279,0.09008,"f"
1379,-0.5684,15.2788,0.0901,"f"
1380,-0.5684,15.2785,0.09012,"f"
1381,-0.5684,15.2782,0.09013,"f"
1382,-0.5684,15.2779,0.09015,"f"
1383,-0.5684,15.2777,0.09017,"f"
1384,-0.5684,15.2774,0.09019,"f"
1385,-0.5684,15.2771,0.09021,"f"
1386,-0.5684,15.2769,0.09023,"f"
1387,-0.5684,15.2766,0.09025,"f"
1388,-0.5684,15.2763,0.09027,"f"
1389,-0.5684,15.2761,0.09029,"f"
1390,-0.5684,15.2758,0.09031,"f"
1391,-0.5684,15.2755,0.09033,"f"
1392,-0.5684,15.2753,0.09035,"f"
1393,-0.5684,15.275,0.09037,"f"
1394,-0.5684,15.2748,0.09039,"f"
1395,-0.5684,15.2745,0.09041,"f"
1396,-0.5684,15.2742,0.09043,"f"
1397,-0.5684,15.274,0.09045,"f"
1398,-0.5684,15.2737,0.09047,"f"
1399,-0.5684,15.2735,0.09049,"f"
1400,-0.5684,15.2732,0.0905,"f"
1401,-0.5684,15.273,0.09052,"f"
1402,-0.5684,15.2727,0.09054,"f"
1403,-0.5684,15.2725,0.09056,"f"
1404,-0.5684,15.2722,0.09058,"f"
1405,-0.5684,15.272,0.0906,"f"
1406,-0.5684,15.2717,0.09062,"f"
1407,-0.5684,15.2715,0.09064,"f"
1408,-0.5684,15.2713,0.09066,"f"
1409,-0.5684,15.271,0.09068,"f"
1410,-0.5684,15.2708,0.0907,"f"
1411,-0.5684,15.2705,0.09072,"f"
1412,-0.5684,15.2703,0.09074,"f"
1413,-0.5684,15.2701,0.09076,"f"
1414,-0.5684,15.2698,0.09078,"f"
1415,-0.5684,15.2696,0.0908,"f"
1416,-0.5684,15.2694,0.09081,"f"
1417,-0.5684,15.2691,0.09083,"f"
1418,-0.5684,15.2689,0.09085,"f"
1419,-0.5684,15.2687,0.09087,"f"
1420,-0.5684,15.2685,0.09089,"f"
1421,-0.5684,15.2682,0.09091,"f"
1422,-0.5684,15.268,0.09093,"f"
1423,-0.5684,15.2678,0.09095,"f"
1424,-0.5684,15.2676,0.09097,"f"
1425,-0.5684,15.2673,0.09099,"f"
1426,-0.5684,15.2671,0.09101,"f"
1427,-0.5684,15.2669,0.09103,"f"
1428,-0.5684,15.2667,0.09105,"f"
1429,-0.5684,15.2665,0.09107,"f"
1430,-0.5684,15.2662,0.09109,"f"
1431,-0.5684,15.266,0.0911,"f"
1432,-0.5684,15.2658,0.09112,"f"
1433,-0.5684,15.2656,0.09114,"f"
1434,-0.5684,15.2654,0.09116,"f"
1435,-0.5684,15.2652,0.09118,"f"
1436,-0.5684,15.265,0.0912,"f"
1437,-0.5684,15.2648,0.09122,"f"
1438,-0.5684,15.2646,0.09124,"f"
1439,-0.5684,15.2644,0.09126,"f"
1440,-0.5684,15.2642,0.09128,"f"
1441,-0.5684,15.264,0.0913,"f"
1442,-0.5684,15.2638,0.09132,"f"
1443,-0.5684,15.2636,0.09134,"f"
1444,-0.5684,15.2634,0.09136,"f"
1445,-0.5684,15.2632,0.09138,"f"
1446,-0.5684,15.263,0.09139,"f"
1447,-0.5684,15.2628,0.09141,"f"
1448,-0.5684,15.2626,0.09143,"f"
1449,-0.5684,15.2624,0.09145,"f"
1450,-0.5684,15.2622,0.09147,"f"
1451,-0.5684,15.262,0.09149,"f"
1452,-0.5684,15.2619,0.09151,"f"
1453,-0.5684,15.2617,0.09153,"f"
1454,-0.5684,15.2615,0.09155,"f"
1455,-0.5684,15.2613,0.09157,"f"
1456,-0.5684,15.2611,0.09159,"f"
1457,-0.5684,15.2609,0.09161,"f"
1458,-0.5684,15.2608,0.09163,"f"
1459,-0.5684,15.2606,0.09165,"f"
1460,-0.5684,15.2604,0.09167,"f"
1461,-1.151,15.656,0.087279998,"f"
1462,-1.15119791314886,15.6554392367322,0.0872938522832668,"f"
1463,-1.15139582629771,15.6548784734644,0.0873077065665335,"f"
1464,-1.15159373944657,15.6543177101966,0.0873215608498003,"f"
1465,-1.15179165259543,15.6537569469287,0.0873354151330671,"f"
1466,-1.15198956574428,15.6531961836609,0.0873492694163338,"f"
1467,-1.15218747889314,15.6526354203931,0.0873631236996006,"f"
1468,-1.152385392042,15.6520746571253,0.0873769779828674,"f"
1469,-1.15258330519085,15.6515138938575,0.0873908322661342,"f"
1470,-1.15278121833971,15.6509531305897,0.0874046865494009,"f"
1471,-1.15297913148856,15.6503923673219,0.0874185408326677,"f"
1472,-1.15317704463742,15.649831604054,0.0874323951159345,"f"
1473,-1.15337495778628,15.6492708407862,0.0874462493992012,"f"
1474,-1.15357287093513,15.6487100775184,0.087460103682468,"f"
1475,-1.15377078408399,15.6481493142506,0.0874739579657348,"f"
1476,-1.15396869723285,15.6475885509828,0.0874878122490016,"f"
1477,-1.1541666103817,15.647027787715,0.0875016665322683,"f"
1478,-1.15436452353056,15.6464670244472,0.0875155208155351,"f"
1479,-1.15456243667942,15.6459062611793,0.0875293750988019,"f"
1480,-1.15476034982827,15.6453454979115,0.0875432293820686,"f"
1481,-1.15495826297713,15.6447847346437,0.0875570836653354,"f"
1482,-1.15515617612599,15.6442239713759,0.0875709379486022,"f"
1483,-1.15535408927484,15.6436632081081,0.087584792231869,"f"
1484,-1.1555520024237,15.6431024448403,0.0875986465151357,"f"
1485,-1.15574991557255,15.6425416815725,0.0876125007984025,"f"
1486,-1.15594782872141,15.6419809183046,0.0876263550816693,"f"
1487,-1.15614574187027,15.6414201550368,0.087640209364936,"f"
1488,-1.15634365501912,15.640859391769,0.0876540636482028,"f"
1489,-1.15654156816798,15.6402986285012,0.0876679179314696,"f"
1490,-1.15673948131684,15.6397378652334,0.0876817722147364,"f"
1491,-1.15693739446569,15.6391771019656,0.0876956264980031,"f"
1492,-1.1571332950945,15.6386236326751,0.0877096574416934,"f"
1493,-1.15732826923898,15.6380735134469,0.0877237709033465,"f"
1494,-1.15752324975608,15.6375233513733,0.087737886821672,"f"
1495,-1.15771824042962,15.6369731210146,0.0877520066553483,"f"
1496,-1.15791324504341,15.6364227969308,0.0877661318630536,"f"
1497,-1.15810826738127,15.6358723536821,0.0877802639034663,"f"
1498,-1.15830331122703,15.6353217658286,0.0877944042352647,"f"
1499,-1.15849838036449,15.6347710079304,0.0878085543171272,"f"
1500,-1.15869347857747,15.6342200545477,0.087822715607732,"f"
1501,-1.1588886096498,15.6336688802404,0.0878368895657575,"f"
1502,-1.15908377736529,15.6331174595688,0.087851077649882,"f"
1503,-1.15927898550775,15.6325657670929,0.0878652813187838,"f"
1504,-1.15947423786102,15.6320137773729,0.0878795020311413,"f"
1505,-1.15966953820889,15.6314614649689,0.0878937412456328,"f"
1506,-1.1598648903352,15.630908804441,0.0879080004209366,"f"
1507,-1.16006029802376,15.6303557703493,0.087922281015731,"f"
1508,-1.16025576505838,15.6298023372539,0.0879365844886944,"f"
1509,-1.16045129522289,15.629248479715,0.0879509122985051,"f"
1510,-1.1606468923011,15.6286941722926,0.0879652659038413,"f"
1511,-1.16084256007684,15.6281393895468,0.0879796467633816,"f"
1512,-1.16103830233391,15.6275841060379,0.087994056335804,"f"
1513,-1.16123412285613,15.6270282963258,0.0880084960797871,"f"
1514,-1.16143002542733,15.6264719349708,0.0880229674540091,"f"
1515,-1.16162601383132,15.6259149965329,0.0880374719171483,"f"
1516,-1.16182209185192,15.6253574555722,0.088052010927883,"f"
1517,-1.16201826327294,15.6247992866488,0.0880665859448917,"f"
1518,-1.16221453187821,15.624240464323,0.0880811984268525,"f"
1519,-1.16241090145155,15.6236809631547,0.0880958498324439,"f"
1520,-1.16260737577676,15.623120757704,0.0881105416203442,"f"
1521,-1.16280395863767,15.6225598225312,0.0881252752492316,"f"
1522,-1.16300065381809,15.6219981321963,0.0881400521777845,"f"
1523,-1.16319746381051,15.621435679984,0.0881548732853546,"f"
1524,-1.16339438599331,15.6208725333337,0.0881697371569732,"f"
1525,-1.16359141647903,15.6203087780399,0.0881846418097818,"f"
1526,-1.16378855138019,15.6197444998971,0.0881995852609213,"f"
1527,-1.16398578680934,15.6191797846996,0.0882145655275332,"f"
1528,-1.16418311887902,15.618614718242,0.0882295806267584,"f"
1529,-1.16438054370176,15.6180493863185,0.0882446285757383,"f"
1530,-1.16457805739009,15.6174838747237,0.0882597073916141,"f"
1531,-1.16477565605655,15.6169182692519,0.088274815091527,"f"
1532,-1.16497333581369,15.6163526556976,0.0882899496926181,"f"
1533,-1.16517109277403,15.6157871198553,0.0883051092120287,"f"
1534,-1.16536892305011,15.6152217475192,0.0883202916669,"f"
1535,-1.16556682275448,15.6146566244839,0.0883354950743731,"f"
1536,-1.16576478799966,15.6140918365438,0.0883507174515894,"f"
1537,-1.16596281489819,15.6135274694933,0.0883659568156899,"f"
1538,-1.16616089956261,15.6129636091268,0.088381211183816,"f"
1539,-1.16635903810546,15.6124003412388,0.0883964785731087,"f"
1540,-1.16655722663926,15.6118377516237,0.0884117570007093,"f"
1541,-1.16675546127657,15.6112759260758,0.0884270444837591,"f"
1542,-1.16695373812991,15.6107149503897,0.0884423390393991,"f"
1543,-1.16715205331183,15.6101549103597,0.0884576386847707,"f"
1544,-1.16735040293485,15.6095958917803,0.088472941437015,"f"
1545,-1.16754878311151,15.6090379804458,0.0884882453132732,"f"
1546,-1.16774718995436,15.6084812621508,0.0885035483306866,"f"
1547,-1.16794561957592,15.6079258226896,0.0885188485063963,"f"
1548,-1.16814406808874,15.6073717478567,0.0885341438575435,"f"
1549,-1.16834253160535,15.6068191234465,0.0885494324012694,"f"
1550,-1.16854100623829,15.6062680352534,0.0885647121547153,"f"
1551,-1.16873948810009,15.6057185690719,0.0885799811350224,"f"
1552,-1.16893797330329,15.6051708106963,0.0885952373593318,"f"
1553,-1.1691364579793,15.6046248380713,0.0886104790094104,"f"
1554,-1.16933493846316,15.6040806444576,0.0886257060430281,"f"
1555,-1.16953341121413,15.6035381714466,0.088640919501565,"f"
1556,-1.16973187269328,15.6029973598925,0.0886561204418621,"f"
1557,-1.16993031936164,15.6024581506498,0.0886713099207603,"f"
1558,-1.17012874768026,15.6019204845725,0.0886864889951005,"f"
1559,-1.17032715411019,15.6013843025151,0.0887016587217236,"f"
1560,-1.17052553511248,15.6008495453316,0.0887168201574707,"f"
1561,-1.17072388714816,15.6003161538765,0.0887319743591825,"f"
1562,-1.17092220667829,15.599784069004,0.0887471223837001,"f"
1563,-1.17112049016392,15.5992532315684,0.0887622652878643,"f"
1564,-1.17131873406609,15.5987235824238,0.0887774041285161,"f"
1565,-1.17151693484584,15.5981950624247,0.0887925399624964,"f"
1566,-1.17171508896424,15.5976676124251,0.0888076738466462,"f"
1567,-1.17191319288231,15.5971411732796,0.0888228068378063,"f"
1568,-1.17211124306111,15.5966156858422,0.0888379399928177,"f"
1569,-1.17230923596168,15.5960910909672,0.0888530743685213,"f"
1570,-1.17250716804508,15.595567329509,0.0888682110217581,"f"
1571,-1.17270503577235,15.5950443423217,0.0888833510093689,"f"
1572,-1.17290283560453,15.5945220702597,0.0888984953881947,"f"
1573,-1.17310056400267,15.5940004541772,0.0889136452150764,"f"
1574,-1.17329821742782,15.5934794349286,0.088928801546855,"f"
1575,-1.17349579234103,15.5929589533679,0.0889439654403713,"f"
1576,-1.17369328520334,15.5924389503496,0.0889591379524663,"f"
1577,-1.17389069247579,15.5919193667279,0.0889743201399809,"f"
1578,-1.17408801061945,15.591400143357,0.0889895130597561,"f"
1579,-1.17428523609534,15.5908812210912,0.0890047177686328,"f"
1580,-1.17448236536452,15.5903625407849,0.0890199353234518,"f"
1581,-1.17467939488804,15.5898440432922,0.0890351667810542,"f"
1582,-1.17487632112694,15.5893256694674,0.0890504131982809,"f"
1583,-1.17507314059596,15.5888073604737,0.0890656756297142,"f"
1584,-1.17526985229332,15.5882890717687,0.0890809550254502,"f"
1585,-1.17546645869373,15.587770778819,0.0890962521893224,"f"
1586,-1.17566296253125,15.587252458584,0.0891115679142534,"f"
1587,-1.17585936653991,15.5867340880233,0.0891269029931657,"f"
1588,-1.17605567345378,15.5862156440962,0.0891422582189818,"f"
1589,-1.17625188600689,15.5856971037622,0.0891576343846243,"f"
1590,-1.1764480069333,15.5851784439806,0.0891730322830157,"f"
1591,-1.17664403896705,15.584659641711,0.0891884527070785,"f"
1592,-1.1768399848422,15.5841406739127,0.0892038964497352,"f"
1593,-1.17703584729278,15.5836215175451,0.0892193643039084,"f"
1594,-1.17723162905285,15.5831021495678,0.0892348570625206,"f"
1595,-1.17742733285646,15.5825825469402,0.0892503755184943,"f"
1596,-1.17762296143766,15.5820626866216,0.0892659204647521,"f"
1597,-1.17781851753049,15.5815425455714,0.0892814926942164,"f"
1598,-1.178014003869,15.5810221007493,0.0892970929998099,"f"
1599,-1.17820942318724,15.5805013291144,0.089312722174455,"f"
1600,-1.17840477821926,15.5799802076264,0.0893283810110742,"f"
1601,-1.1786000716991,15.5794587132445,0.0893440703025902,"f"
1602,-1.17879530636082,15.5789368229283,0.0893597908419254,"f"
1603,-1.17899048493846,15.5784145136372,0.0893755434220023,"f"
1604,-1.17918561016607,15.5778917623306,0.0893913288357435,"f"
1605,-1.17938068477771,15.5773685459679,0.0894071478760715,"f"
1606,-1.17957571150741,15.5768448415086,0.0894230013359088,"f"
1607,-1.17977069308922,15.5763206259121,0.089438890008178,"f"
1608,-1.17996563225721,15.5757958761377,0.0894548146858016,"f"
1609,-1.1801605317454,15.5752705691451,0.0894707761617021,"f"
1610,-1.18035539428785,15.5747446818935,0.0894867752288021,"f"
1611,-1.18055022261862,15.5742181913424,0.089502812680024,"f"
1612,-1.18074501947174,15.5736910744513,0.0895188893082904,"f"
1613,-1.18093978758126,15.5731633081795,0.0895350059065239,"f"
1614,-1.1811345308049,15.5726348746379,0.0895511631243469,"f"
1615,-1.1813292649808,15.572105810861,0.089567360083514,"f"
1616,-1.18152401319184,15.5715761870967,0.0895835949818578,"f"
1617,-1.18171879862165,15.5710460740545,0.0895998660043653,"f"
1618,-1.18191364445382,15.570515542444,0.0896161713360232,"f"
1619,-1.18210857387199,15.5699846629748,0.0896325091618184,"f"
1620,-1.18230361005975,15.5694535063564,0.0896488776667376,"f"
1621,-1.18249877620073,15.5689221432983,0.0896652750357678,"f"
1622,-1.18269409547854,15.5683906445102,0.0896816994538957,"f"
1623,-1.18288959107678,15.5678590807016,0.0896981491061081,"f"
1624,-1.18308528617908,15.5673275225821,0.0897146221773918,"f"
1625,-1.18328120396904,15.5667960408612,0.0897311168527338,"f"
1626,-1.18347736763029,15.5662647062486,0.0897476313171207,"f"
1627,-1.18367380034643,15.5657335894538,0.0897641637555394,"f"
1628,-1.18387052530108,15.5652027611863,0.0897807123529768,"f"
1629,-1.18406756567784,15.5646722921557,0.0897972752944196,"f"
1630,-1.18426494466034,15.5641422530716,0.0898138507648547,"f"
1631,-1.18446268543219,15.5636127146435,0.0898304369492689,"f"
1632,-1.184660811177,15.5630837475811,0.089847032032649,"f"
1633,-1.18485934507838,15.5625554225938,0.0898636341999818,"f"
1634,-1.18505831031995,15.5620278103913,0.0898802416362542,"f"
1635,-1.18525773008533,15.5615009816832,0.0898968525264529,"f"
1636,-1.18545762755811,15.5609750071789,0.0899134650555648,"f"
1637,-1.18565802592192,15.560449957588,0.0899300774085768,"f"
1638,-1.18585894836038,15.5599259036202,0.0899466877704755,"f"
1639,-1.18606041805709,15.5594029159849,0.0899632943262479,"f"
1640,-1.18626245819566,15.5588810653918,0.0899798952608807,"f"
1641,-1.18646509195972,15.5583604225505,0.0899964887593608,"f"
1642,-1.18666834253287,15.5578410581704,0.090013073006675,"f"
1643,-1.18687223309873,15.5573230429611,0.0900296461878102,"f"
1644,-1.18707678566211,15.5568064469783,0.0900462065121331,"f"
1645,-1.18728196883254,15.5562913106518,0.0900627532933388,"f"
1646,-1.18748767712979,15.555777633304,0.0900792873774561,"f"
1647,-1.18769379961619,15.5552654112293,0.0900958097233848,"f"
1648,-1.18790022535411,15.5547546407221,0.0901123212900245,"f"
1649,-1.18810684340589,15.5542453180769,0.0901288230362751,"f"
1650,-1.18831354283388,15.5537374395881,0.0901453159210362,"f"
1651,-1.18852021270044,15.55323100155,0.0901618009032076,"f"
1652,-1.18872674206791,15.5527260002571,0.0901782789416891,"f"
1653,-1.18893301999864,15.5522224320038,0.0901947509953803,"f"
1654,-1.18913893555499,15.5517202930845,0.0902112180231809,"f"
1655,-1.1893443777993,15.5512195797937,0.0902276809839908,"f"
1656,-1.18954923579393,15.5507202884256,0.0902441408367096,"f"
1657,-1.18975339860122,15.5502224152748,0.0902605985402371,"f"
1658,-1.18995675528353,15.5497259566356,0.090277055053473,"f"
1659,-1.1901591949032,15.5492309088025,0.0902935113353171,"f"
1660,-1.19036060652259,15.5487372680698,0.090309968344669,"f"
1661,-1.19056087920404,15.548245030732,0.0903264270404285,"f"
1662,-1.19075990200992,15.5477541930836,0.0903428883814954,"f"
1663,-1.19095756400256,15.5472647514188,0.0903593533267693,"f"
1664,-1.19115375424431,15.5467767020321,0.09037582283515,"f"
1665,-1.19134836179754,15.546290041218,0.0903922978655372,"f"
1666,-1.19154127572458,15.5458047652708,0.0904087793768307,"f"
1667,-1.19173238508779,15.5453208704849,0.0904252683279302,"f"
1668,-1.19192157894952,15.5448383531548,0.0904417656777354,"f"
1669,-1.19210874637212,15.5443572095749,0.0904582723851461,"f"
1670,-1.19229377641794,15.5438774360395,0.0904747894090619,"f"
1671,-1.19247655814933,15.5433990288432,0.0904913177083827,"f"
1672,-1.19265698062863,15.5429219842802,0.0905078582420081,"f"
1673,-1.19283493291821,15.5424462986451,0.0905244119688379,"f"
1674,-1.19301030409084,15.5419719682316,0.0905409798477702,"f"
1675,-1.19318304296957,15.5414989858879,0.090557562828734,"f"
1676,-1.19335329862997,15.5410273329144,0.0905741618315974,"f"
1677,-1.19352126205216,15.540556988195,0.0905907777699382,"f"
1678,-1.19368712421626,15.5400879306135,0.0906074115573345,"f"
1679,-1.1938510761024,15.5396201390539,0.0906240641073638,"f"
1680,-1.1940133086907,15.5391535923998,0.0906407363336042,"f"
1681,-1.19417401296129,15.5386882695354,0.0906574291496334,"f"
1682,-1.19433337989428,15.5382241493443,0.0906741434690292,"f"
1683,-1.19449160046981,15.5377612107105,0.0906908802053696,"f"
1684,-1.19464886566798,15.5372994325178,0.0907076402722322,"f"
1685,-1.19480536646894,15.5368387936501,0.090724424583195,"f"
1686,-1.1949612938528,15.5363792729913,0.0907412340518358,"f"
1687,-1.19511683879968,15.5359208494252,0.0907580695917324,"f"
1688,-1.19527219228971,15.5354635018357,0.0907749321164626,"f"
1689,-1.19542754530301,15.5350072091067,0.0907918225396043,"f"
1690,-1.1955830888197,15.534551950122,0.0908087417747353,"f"
1691,-1.19573901381991,15.5340977037655,0.0908256907354335,"f"
1692,-1.19589551128377,15.5336444489211,0.0908426703352766,"f"
1693,-1.19605277219138,15.5331921644726,0.0908596814878426,"f"
1694,-1.19621098752289,15.5327408293039,0.0908767251067091,"f"
1695,-1.1963703482584,15.5322904222989,0.0908938021054542,"f"
1696,-1.19653104537805,15.5318409223414,0.0909109133976555,"f"
1697,-1.19669326986196,15.5313923083153,0.090928059896891,"f"
1698,-1.19685721269025,15.5309445591045,0.0909452425167384,"f"
1699,-1.19702306484304,15.5304976535928,0.0909624621707757,"f"
1700,-1.19719101730047,15.5300515706641,0.0909797197725805,"f"
1701,-1.19736126104264,15.5296062892022,0.0909970162357308,"f"
1702,-1.19753398704969,15.5291617880911,0.0910143524738044,"f"
1703,-1.19770938630173,15.5287180462146,0.0910317294003792,"f"
1704,-1.1978876497789,15.5282750424566,0.0910491479290328,"f"
1705,-1.19806896485889,15.5278327560512,0.0910666089470271,"f"
1706,-1.19825335912501,15.5273911817732,0.091084112174298,"f"
1707,-1.19844064037319,15.5269503357721,0.0911016557251975,"f"
1708,-1.19863060041484,15.5265102357522,0.0911192375973079,"f"
1709,-1.19882303106137,15.5260708994175,0.0911368557882116,"f"
1710,-1.19901772412419,15.5256323444722,0.0911545082954908,"f"
1711,-1.19921447141472,15.5251945886205,0.0911721931167279,"f"
1712,-1.19941306474437,15.5247576495665,0.0911899082495052,"f"
1713,-1.19961329592455,15.5243215450144,0.0912076516914049,"f"
1714,-1.19981495676667,15.5238862926683,0.0912254214400095,"f"
1715,-1.20001783908215,15.5234519102324,0.0912432154929012,"f"
1716,-1.2002217346824,15.5230184154109,0.0912610318476623,"f"
1717,-1.20042643537883,15.5225858259078,0.0912788685018752,"f"
1718,-1.20063173298285,15.5221541594273,0.0912967234531221,"f"
1719,-1.20083741930588,15.5217234336736,0.0913145946989854,"f"
1720,-1.20104328615933,15.5212936663509,0.0913324802370474,"f"
1721,-1.20124912535462,15.5208648751633,0.0913503780648904,"f"
1722,-1.20145472870314,15.5204370778149,0.0913682861800967,"f"
1723,-1.20165988801633,15.5200102920099,0.0913862025802487,"f"
1724,-1.20186439510558,15.5195845354525,0.0914041252629286,"f"
1725,-1.20206804178232,15.5191598258467,0.0914220522257187,"f"
1726,-1.20227061985795,15.5187361808969,0.0914399814662014,"f"
1727,-1.20247192114388,15.518313618307,0.091457910981959,"f"
1728,-1.20267173745154,15.5178921557813,0.0914758387705738,"f"
1729,-1.20286986059233,15.5174718110239,0.0914937628296281,"f"
1730,-1.20306608237766,15.517052601739,0.0915116811567042,"f"
1731,-1.20326019461895,15.5166345456307,0.0915295917493844,"f"
1732,-1.20345198912761,15.5162176604031,0.0915474926052511,"f"
1733,-1.20364125771506,15.5158019637605,0.0915653817218866,"f"
1734,-1.20382779219269,15.515387473407,0.0915832570968731,"f"
1735,-1.20401138438844,15.5149742070454,0.0916011167279348,"f"
1736,-1.20419190714965,15.5145621763496,0.0916189593091254,"f"
1737,-1.20436950219464,15.5141513729846,0.091636785845336,"f"
1738,-1.20454436694361,15.5137417844703,0.091654597820193,"f"
1739,-1.20471669881678,15.5133333983269,0.0916723967173232,"f"
1740,-1.20488669523435,15.5129262020742,0.091690184020353,"f"
1741,-1.20505455361652,15.5125201832321,0.0917079612129089,"f"
1742,-1.20522047138351,15.5121153293207,0.0917257297786174,"f"
1743,-1.20538464595553,15.5117116278599,0.0917434912011052,"f"
1744,-1.20554727475278,15.5113090663697,0.0917612469639987,"f"
1745,-1.20570855519547,15.5109076323701,0.0917789985509245,"f"
1746,-1.2058686847038,15.5105073133809,0.0917967474455091,"f"
1747,-1.20602786069799,15.5101080969222,0.0918144951313791,"f"
1748,-1.20618628059824,15.509709970514,0.0918322430921609,"f"
1749,-1.20634414182477,15.5093129216761,0.0918499928114811,"f"
1750,-1.20650164179777,15.5089169379286,0.0918677457729663,"f"
1751,-1.20665897793746,15.5085220067914,0.091885503460243,"f"
1752,-1.20681634766404,15.5081281157845,0.0919032673569377,"f"
1753,-1.20697394839772,15.5077352524279,0.0919210389466769,"f"
1754,-1.20713197755872,15.5073434042414,0.0919388197130872,"f"
1755,-1.20729063256723,15.5069525587452,0.0919566111397952,"f"
1756,-1.20745011084347,15.506562703459,0.0919744147104273,"f"
1757,-1.20761060980764,15.506173825903,0.0919922319086101,"f"
1758,-1.20777232687995,15.5057859135971,0.0920100642179701,"f"
1759,-1.2079354594806,15.5053989540612,0.0920279131221338,"f"
1760,-1.20810020502982,15.5050129348152,0.0920457801047279,"f"
1761,-1.2082667609478,15.5046278433793,0.0920636666493788,"f"
1762,-1.20843532465475,15.5042436672732,0.092081574239713,"f"
1763,-1.20860609357088,15.5038603940171,0.0920995043593572,"f"
1764,-1.2087792651164,15.5034780111308,0.0921174584919377,"f"
1765,-1.20895503671151,15.5030965061343,0.0921354381210813,"f"
1766,-1.20913358059289,15.5027158714354,0.0921534445536303,"f"
1767,-1.20931484736006,15.502336142459,0.0921714775405741,"f"
1768,-1.20949867244741,15.501957376982,0.0921895360244631,"f"
1769,-1.20968489030589,15.5015796329725,0.092207618940944,"f"
1770,-1.20987333538643,15.5012029683982,0.0922257252256636,"f"
1771,-1.21006384213999,15.5008274412271,0.0922438538142687,"f"
1772,-1.21025624501751,15.5004531094271,0.0922620036424062,"f"
1773,-1.21045037846995,15.5000800309661,0.0922801736457229,"f"
1774,-1.21064607694824,15.499708263812,0.0922983627598656,"f"
1775,-1.21084317490333,15.4993378659327,0.092316569920481,"f"
1776,-1.21104150678617,15.498968895296,0.092334794063216,"f"
1777,-1.2112409070477,15.49860140987,0.0923530341237174,"f"
1778,-1.21144121013888,15.4982354676224,0.0923712890376321,"f"
1779,-1.21164225051065,15.4978711265212,0.0923895577406067,"f"
1780,-1.21184386261395,15.4975084445343,0.0924078391682882,"f"
1781,-1.21204588089974,15.4971474796295,0.0924261322563233,"f"
1782,-1.21224813981896,15.4967882897749,0.0924444359403589,"f"
1783,-1.21245047382255,15.4964309329382,0.0924627491560418,"f"
1784,-1.21265271736146,15.4960754670875,0.0924810708390187,"f"
1785,-1.21285470488664,15.4957219501905,0.0924993999249365,"f"
1786,-1.21305627084904,15.4953704402151,0.092517735349442,"f"
1787,-1.2132572496996,15.4950209951294,0.092536076048182,"f"
1788,-1.21345747588926,15.4946736729011,0.0925544209568032,"f"
1789,-1.21365678386898,15.4943285314983,0.0925727690109527,"f"
1790,-1.21385500808971,15.4939856288887,0.092591119146277,"f"
1791,-1.21405198300238,15.4936450230402,0.0926094702984231,"f"
1792,-1.21424754305795,15.4933067719209,0.0926278214030378,"f"
1793,-1.21444152270736,15.4929709334985,0.0926461713957678,"f"
1794,-1.21463375640155,15.492637565741,0.09266451921226,"f"
1795,-1.21482407859148,15.4923067266163,0.0926828637881611,"f"
1796,-1.21501232373952,15.4919784740865,0.0927012040592352,"f"
1797,-1.21519837476577,15.4916528415432,0.0927195394580652,"f"
1798,-1.21538227382549,15.4913297816381,0.0927378710498127,"f"
1799,-1.21556409573307,15.491009230463,0.0927562002344811,"f"
1800,-1.2157439153029,15.4906911241097,0.0927745284120737,"f"
1801,-1.21592180734937,15.4903753986702,0.0927928569825941,"f"
1802,-1.21609784668686,15.4900619902363,0.0928111873460456,"f"
1803,-1.21627210812977,15.4897508348998,0.0928295209024315,"f"
1804,-1.21644466649248,15.4894418687525,0.0928478590517555,"f"
1805,-1.21661559658938,15.4891350278863,0.0928662031940207,"f"
1806,-1.21678497323487,15.4888302483932,0.0928845547292307,"f"
1807,-1.21695287124332,15.4885274663648,0.0929029150573888,"f"
1808,-1.21711936542913,15.4882266178931,0.0929212855784985,"f"
1809,-1.21728453060668,15.4879276390699,0.0929396676925631,"f"
1810,-1.21744844159037,15.487630465987,0.0929580627995861,"f"
1811,-1.21761117319458,15.4873350347364,0.0929764722995709,"f"
1812,-1.21777280023371,15.4870412814098,0.0929948975925209,"f"
1813,-1.21793339752213,15.4867491420991,0.0930133400784395,"f"
1814,-1.21809303987425,15.4864585528962,0.0930318011573301,"f"
1815,-1.21825180210444,15.4861694498929,0.0930502822291961,"f"
1816,-1.2184097590271,15.485881769181,0.0930687846940409,"f"
1817,-1.21856698545661,15.4855954468525,0.0930873099518679,"f"
1818,-1.21872355620737,15.4853104189991,0.0931058594026806,"f"
1819,-1.21887954609376,15.4850266217127,0.0931244344464823,"f"
1820,-1.21903502993017,15.4847439910851,0.0931430364832765,"f"
1821,-1.21919008253099,15.4844624632082,0.0931616669130665,"f"
1822,-1.21934477871061,15.4841819741739,0.0931803271358558,"f"
1823,-1.21949919328341,15.483902460074,0.0931990185516477,"f"
1824,-1.21965340106379,15.4836238570003,0.0932177425604458,"f"
1825,-1.21980747686614,15.4833461010447,0.0932365005622533,"f"
1826,-1.21996149550483,15.4830691282991,0.0932552939570737,"f"
1827,-1.22011553128837,15.4827928802095,0.0932741239309235,"f"
1828,-1.22026965412195,15.4825173448241,0.0932929898073404,"f"
1829,-1.22042393164359,15.482242534186,0.0933118899508835,"f"
1830,-1.22057843147255,15.4819684605366,0.0933308227181867,"f"
1831,-1.2207332212281,15.4816951361175,0.0933497864658837,"f"
1832,-1.2208883685295,15.4814225731701,0.0933687795506084,"f"
1833,-1.22104394099604,15.4811507839359,0.0933878003289944,"f"
1834,-1.22120000624696,15.4808797806562,0.0934068471576757,"f"
1835,-1.22135663190154,15.4806095755727,0.0934259183932858,"f"
1836,-1.22151388557905,15.4803401809267,0.0934450123924588,"f"
1837,-1.22167183489875,15.4800716089597,0.0934641275118282,"f"
1838,-1.22183054747991,15.4798038719131,0.093483262108028,"f"
1839,-1.2219900909418,15.4795369820285,0.0935024145376919,"f"
1840,-1.22215053290368,15.4792709515472,0.0935215831574536,"f"
1841,-1.22231194098482,15.4790057927108,0.093540766323947,"f"
1842,-1.2224743828045,15.4787415177608,0.0935599623938058,"f"
1843,-1.22263792598196,15.4784781389384,0.0935791697236638,"f"
1844,-1.22280263813649,15.4782156684854,0.0935983866701548,"f"
1845,-1.22296858688735,15.477954118643,0.0936176115899126,"f"
1846,-1.22313583985381,15.4776935016527,0.0936368428395709,"f"
1847,-1.22330446465513,15.4774338297561,0.0936560787757636,"f"
1848,-1.22347452891058,15.4771751151945,0.0936753177551244,"f"
1849,-1.22364610023943,15.4769173702095,0.0936945581342871,"f"
1850,-1.22381924626095,15.4766606070425,0.0937137982698855,"f"
1851,-1.22399403459439,15.476404837935,0.0937330365185534,"f"
1852,-1.22417053285904,15.4761500751283,0.0937522712369245,"f"
1853,-1.22434880867415,15.4758963308641,0.0937715007816326,"f"
1854,-1.224528929659,15.4756436173837,0.0937907235093115,"f"
1855,-1.22471096343285,15.4753919469286,0.093809937776595,"f"
1856,-1.22489497761497,15.4751413317402,0.0938291419401169,"f"
1857,-1.22508103693346,15.474891784314,0.0938483343991833,"f"
1858,-1.22526911347803,15.4746433252785,0.0938675149204038,"f"
1859,-1.22545906932185,15.4743959849218,0.0938866848941859,"f"
1860,-1.22565076013904,15.4741497940935,0.0939058458053837,"f"
1861,-1.22584404160374,15.4739047836435,0.0939249991388517,"f"
1862,-1.22603876939009,15.4736609844215,0.0939441463794442,"f"
1863,-1.22623479917222,15.4734184272772,0.0939632890120154,"f"
1864,-1.22643198662425,15.4731771430604,0.0939824285214197,"f"
1865,-1.22663018742033,15.4729371626208,0.0940015663925114,"f"
1866,-1.22682925723459,15.4726985168082,0.0940207041101448,"f"
1867,-1.22702905174115,15.4724612364724,0.0940398431591743,"f"
1868,-1.22722942661416,15.4722253524631,0.0940589850244541,"f"
1869,-1.22743023752775,15.47199089563,0.0940781311908386,"f"
1870,-1.22763134015605,15.4717578968229,0.0940972831431821,"f"
1871,-1.22783259017319,15.4715263868915,0.0941164423663389,"f"
1872,-1.2280338432533,15.4712963966857,0.0941356103451634,"f"
1873,-1.22823495507053,15.4710679570551,0.0941547885645098,"f"
1874,-1.228435781299,15.4708410988495,0.0941739785092324,"f"
1875,-1.22863617761285,15.4706158529187,0.0941931816641856,"f"
1876,-1.22883599968621,15.4703922501124,0.0942123995142237,"f"
1877,-1.22903510319321,15.4701703212803,0.0942316335442011,"f"
1878,-1.22923334380798,15.4699500972723,0.094250885238972,"f"
1879,-1.22943057720467,15.469731608938,0.0942701560833907,"f"
1880,-1.2296266590574,15.4695148871272,0.0942894475623116,"f"
1881,-1.22982144504031,15.4692999626897,0.0943087611605889,"f"
1882,-1.23001479082752,15.4690868664752,0.0943280983630771,"f"
1883,-1.23020655209318,15.4688756293335,0.0943474606546304,"f"
1884,-1.23039658451142,15.4686662821143,0.0943668495201031,"f"
1885,-1.23058474375637,15.4684588556674,0.0943862664443496,"f"
1886,-1.23077088550215,15.4682533808425,0.0944057129122242,"f"
1887,-1.23095486542292,15.4680498884893,0.0944251904085811,"f"
1888,-1.23113655791835,15.4678484102505,0.0944447002156085,"f"
1889,-1.23131599857547,15.4676489845931,0.0944642418709668,"f"
1890,-1.23149330522114,15.4674516534659,0.0944838140222368,"f"
1891,-1.23166859633969,15.4672564588457,0.0945034153098831,"f"
1892,-1.23184199041544,15.4670634427092,0.0945230443743707,"f"
1893,-1.23201360593272,15.4668726470332,0.0945426998561642,"f"
1894,-1.23218356137586,15.4666841137945,0.0945623803957284,"f"
1895,-1.23235197522918,15.4664978849698,0.0945820846335282,"f"
1896,-1.23251896597702,15.4663140025358,0.0946018112100282,"f"
1897,-1.23268465210371,15.4661325084693,0.0946215587656934,"f"
1898,-1.23284915209356,15.4659534447471,0.0946413259409884,"f"
1899,-1.23301258443092,15.4657768533458,0.0946611113763781,"f"
1900,-1.2331750676001,15.4656027762423,0.0946809137123272,"f"
1901,-1.23333672008543,15.4654312554133,0.0947007315893006,"f"
1902,-1.23349766037125,15.4652623328355,0.094720563647763,"f"
1903,-1.23365800694187,15.4650960504857,0.0947404085281791,"f"
1904,-1.23381787828163,15.4649324503406,0.0947602648710139,"f"
1905,-1.23397739287486,15.464771574377,0.094780131316732,"f"
1906,-1.23413666920588,15.4646134645716,0.0948000065057982,"f"
1907,-1.23429582575902,15.4644581629013,0.0948198890786774,"f"
1908,-1.23445498101861,15.4643057113426,0.0948397776758343,"f"
1909,-1.23461425346898,15.4641561518724,0.0948596709377336,"f"
1910,-1.23477376159445,15.4640095264675,0.0948795675048403,"f"
1911,-1.23493362387935,15.4638658771045,0.094899466017619,"f"
1912,-1.23509395880802,15.4637252457603,0.0949193651165346,"f"
1913,-1.23525488486477,15.4635876744115,0.0949392634420518,"f"
1914,-1.23541652053393,15.463453205035,0.0949591596346353,"f"
1915,-1.23557898429984,15.4633218796074,0.0949790523347501,"f"
1916,-1.23574239464682,15.4631937401056,0.0949989401828609,"f"
1917,-1.2359068700592,15.4630688285062,0.0950188218194324,"f"
1918,-1.23607252556854,15.4629471836997,0.0950386959079372,"f"
1919,-1.23623936753975,15.4628287474417,0.0950585618359517,"f"
1920,-1.23640727440405,15.4627133471309,0.0950784198435436,"f"
1921,-1.23657611725424,15.4626008036063,0.0950982702196799,"f"
1922,-1.23674576718316,15.4624909377068,0.0951181132533279,"f"
1923,-1.23691609528361,15.4623835702715,0.0951379492334549,"f"
1924,-1.23708697264842,15.4622785221392,0.0951577784490279,"f"
1925,-1.23725827037039,15.462175614149,0.0951776011890141,"f"
1926,-1.23742985954236,15.4620746671399,0.0951974177423808,"f"
1927,-1.23760161125712,15.4619755019508,0.0952172283980951,"f"
1928,-1.23777339660751,15.4618779394207,0.0952370334451242,"f"
1929,-1.23794508668633,15.4617818003886,0.0952568331724353,"f"
1930,-1.23811655258641,15.4616869056936,0.0952766278689956,"f"
1931,-1.23828766540056,15.4615930761744,0.0952964178237723,"f"
1932,-1.23845829622159,15.4615001326703,0.0953162033257326,"f"
1933,-1.23862831614234,15.46140789602,0.0953359846638436,"f"
1934,-1.2387975962556,15.4613161870627,0.0953557621270725,"f"
1935,-1.2389660076542,15.4612248266372,0.0953755360043866,"f"
1936,-1.23913342143096,15.4611336355826,0.0953953065847529,"f"
1937,-1.23929970867868,15.4610424347379,0.0954150741571388,"f"
1938,-1.2394647404902,15.4609510449419,0.0954348390105114,"f"
1939,-1.23962838795832,15.4608592870338,0.0954546014338378,"f"
1940,-1.23979052217587,15.4607669818525,0.0954743617160853,"f"
1941,-1.23995101423565,15.460673950237,0.095494120146221,"f"
1942,-1.2401097352305,15.4605800130262,0.0955138770132122,"f"
1943,-1.24026655625321,15.4604849910591,0.095533632606026,"f"
1944,-1.24042134839662,15.4603887051748,0.0955533872136296,"f"
1945,-1.24057398275353,15.4602909762121,0.0955731411249901,"f"
1946,-1.24072433041676,15.4601916250101,0.0955928946290749,"f"
1947,-1.24087226247914,15.4600904724078,0.0956126480148511,"f"
1948,-1.24101765012336,15.4599873393724,0.0956324015714324,"f"
1949,-1.2411604345899,15.4598821468745,0.0956521557021997,"f"
1950,-1.24130075254517,15.459775094843,0.0956719111292819,"f"
1951,-1.24143877446513,15.459666431468,0.0956916686299523,"f"
1952,-1.24157467082571,15.4595564049396,0.0957114289814843,"f"
1953,-1.24170861210286,15.4594452634479,0.0957311929611514,"f"
1954,-1.24184076877251,15.4593332551829,0.0957509613462271,"f"
1955,-1.24197131131062,15.4592206283348,0.0957707349139846,"f"
1956,-1.24210041019311,15.4591076310935,0.0957905144416975,"f"
1957,-1.24222823589594,15.4589945116492,0.0958103007066392,"f"
1958,-1.24235495889503,15.4588815181919,0.0958300944860832,"f"
1959,-1.24248074966634,15.4587688989116,0.0958498965573027,"f"
1960,-1.24260577868581,15.4586569019986,0.0958697076975714,"f"
1961,-1.24273021642938,15.4585457756427,0.0958895286841626,"f"
1962,-1.24285423337298,15.4584357680342,0.0959093602943497,"f"
1963,-1.24297799999256,15.458327127363,0.0959292033054062,"f"
1964,-1.24310168676407,15.4582201018192,0.0959490584946056,"f"
1965,-1.24322546416344,15.4581149395929,0.0959689266392211,"f"
1966,-1.24334950266661,15.4580118888742,0.0959888085165263,"f"
1967,-1.24347397274953,15.4579111978532,0.0960087049037946,"f"
1968,-1.24359904488813,15.4578131147198,0.0960286165782994,"f"
1969,-1.24372488955837,15.4577178876643,0.0960485443173142,"f"
1970,-1.24385167723617,15.4576257648765,0.0960684888981123,"f"
1971,-1.24397957839749,15.4575369945467,0.0960884510979673,"f"
1972,-1.24410876351825,15.4574518248649,0.0961084316941525,"f"
1973,-1.24423940307442,15.4573705040211,0.0961284314639413,"f"
1974,-1.24437166754192,15.4572932802055,0.0961484511846073,"f"
1975,-1.24450572739669,15.457220401608,0.0961684916334238,"f"
1976,-1.24464175311469,15.4571521164188,0.0961885535876642,"f"
1977,-1.24477991517184,15.457088672828,0.0962086378246021,"f"
1978,-1.2449203840441,15.4570303190255,0.0962287451215107,"f"
1979,-1.2450633261744,15.4569772968326,0.0962488762399916,"f"
1980,-1.2452087833166,15.4569296511607,0.0962690314571106,"f"
1981,-1.24535665169872,15.4568871971064,0.0962892104844275,"f"
1982,-1.24550681931716,15.4568497367668,0.0963094130015146,"f"
1983,-1.24565917416833,15.4568170722388,0.096329638687944,"f"
1984,-1.24581360424865,15.4567890056196,0.0963498872232881,"f"
1985,-1.24596999755454,15.4567653390063,0.096370158287119,"f"
1986,-1.24612824208239,15.4567458744958,0.096390451559009,"f"
1987,-1.24628822582863,15.4567304141854,0.0964107667185302,"f"
1988,-1.24644983678966,15.4567187601721,0.096431103445255,"f"
1989,-1.24661296296191,15.456710714553,0.0964514614187556,"f"
1990,-1.24677749234178,15.4567060794251,0.0964718403186041,"f"
1991,-1.24694331292568,15.4567046568855,0.0964922398243729,"f"
1992,-1.24711031271004,15.4567062490313,0.0965126596156341,"f"
1993,-1.24727837969125,15.4567106579596,0.09653309937196,"f"
1994,-1.24744740186573,15.4567176857675,0.0965535587729228,"f"
1995,-1.24761726722991,15.4567271345519,0.0965740374980948,"f"
1996,-1.24778786378018,15.4567388064101,0.0965945352270481,"f"
1997,-1.24795907951296,15.4567525034391,0.096615051639355,"f"
1998,-1.24813080242466,15.456768027736,0.0966355864145878,"f"
1999,-1.2483029205117,15.4567851813978,0.0966561392323186,"f"
2000,-1.24847532177049,15.4568037665216,0.0966767097721197,"f"
2001,-1.24864789419743,15.4568235852045,0.0966972977135634,"f"
2002,-1.24882052578896,15.4568444395436,0.0967179027362218,"f"
2003,-1.24899310454147,15.4568661316359,0.0967385245196672,"f"
2004,-1.24916551845137,15.4568884635786,0.0967591627434718,"f"
2005,-1.24933765551509,15.4569112374687,0.0967798170872078,"f"
2006,-1.24950940372903,15.4569342554033,0.0968004872304475,"f"
2007,-1.24968065108961,15.4569573194795,0.0968211728527632,"f"
2008,-1.24985128559324,15.4569802317943,0.0968418736337269,"f"
2009,-1.25002119528934,15.4570027945486,0.0968625892526741,"f"
2010,-1.25019030666232,15.4570248851869,0.0968833192171392,"f"
2011,-1.25035865238312,15.4570465890341,0.096904062560013,"f"
2012,-1.25052628330641,15.4570680270127,0.0969248182329067,"f"
2013,-1.25069325028687,15.4570893200456,0.0969455851874314,"f"
2014,-1.25085960417915,15.4571105890556,0.0969663623751984,"f"
2015,-1.25102539583794,15.4571319549653,0.0969871487478188,"f"
2016,-1.25119067611789,15.4571535386975,0.0970079432569038,"f"
2017,-1.25135549587367,15.4571754611749,0.0970287448540647,"f"
2018,-1.25151990595996,15.4571978433204,0.0970495524909126,"f"
2019,-1.25168395723141,15.4572208060567,0.0970703651190587,"f"
2020,-1.25184770054271,15.4572444703065,0.0970911816901143,"f"
2021,-1.25201118674852,15.4572689569926,0.0971120011556904,"f"
2022,-1.2521744667035,15.4572943870377,0.0971328224673984,"f"
2023,-1.25233759126233,15.4573208813645,0.0971536445768493,"f"
2024,-1.25250061127967,15.4573485608959,0.0971744664356545,"f"
2025,-1.25266357761019,15.4573775465546,0.097195286995425,"f"
2026,-1.25282654110856,15.4574079592633,0.0972161052077722,"f"
2027,-1.25298955262945,15.4574399199448,0.0972369200243071,"f"
2028,-1.25315266302752,15.4574735495218,0.097257730396641,"f"
2029,-1.25331592315745,15.4575089689171,0.097278535276385,"f"
2030,-1.25347938387391,15.4575462990534,0.0972993336151504,"f"
2031,-1.25364309603155,15.4575856608535,0.0973201243645484,"f"
2032,-1.25380711048506,15.4576271752402,0.0973409064761901,"f"
2033,-1.25397147808909,15.4576709631361,0.0973616789016868,"f"
2034,-1.25413624969832,15.4577171454641,0.0973824405926497,"f"
2035,-1.25430147616742,15.4577658431469,0.0974031905006898,"f"
2036,-1.25446720835105,15.4578171771072,0.0974239275774185,"f"
2037,-1.25463349710388,15.4578712682678,0.097444650774447,"f"
2038,-1.25480039328058,15.4579282375515,0.0974653590433863,"f"
2039,-1.25496794773582,15.4579882058809,0.0974860513358478,"f"
2040,-1.25513619777392,15.4580512764425,0.0975067267621345,"f"
2041,-1.25530508345281,15.4581174251341,0.0975273855714295,"f"
2042,-1.2554745023534,15.4581865722546,0.0975480285103762,"f"
2043,-1.25564435187889,15.4582586378698,0.0975686563276991,"f"
2044,-1.25581452943251,15.4583335420459,0.0975892697721227,"f"
2045,-1.25598493241745,15.4584112048489,0.0976098695923715,"f"
2046,-1.25615545823694,15.4584915463449,0.0976304565371699,"f"
2047,-1.25632600429417,15.4585744866,0.0976510313552425,"f"
2048,-1.25649646799236,15.4586599456802,0.0976715947953138,"f"
2049,-1.25666674673471,15.4587478436515,0.0976921476061083,"f"
2050,-1.25683673792444,15.4588381005801,0.0977126905363505,"f"
2051,-1.25700633896475,15.4589306365319,0.0977332243347649,"f"
2052,-1.25717544725886,15.4590253715731,0.0977537497500759,"f"
2053,-1.25734396020997,15.4591222257697,0.0977742675310082,"f"
2054,-1.2575117752213,15.4592211191878,0.0977947784262861,"f"
2055,-1.25767878969605,15.4593219718934,0.0978152831846342,"f"
2056,-1.25784490103743,15.4594247039526,0.0978357825547771,"f"
2057,-1.25801000664865,15.4595292354314,0.0978562772854391,"f"
2058,-1.25817400393292,15.4596354863959,0.0978767681253448,"f"
2059,-1.25833679029345,15.4597433769122,0.0978972558232187,"f"
2060,-1.25849826313345,15.4598528270463,0.0979177411277853,"f"
2061,-1.25865831985612,15.4599637568643,0.0979382247877692,"f"
2062,-1.25881685786469,15.4600760864323,0.0979587075518947,"f"
2063,-1.25897377456235,15.4601897358162,0.0979791901688865,"f"
2064,-1.25912896735232,15.4603046250822,0.0979996733874689,"f"
2065,-1.2592823336378,15.4604206742963,0.0980201579563666,"f"
2066,-1.25943377082201,15.4605378035246,0.098040644624304,"f"
2067,-1.25958317630815,15.4606559328332,0.0980611341400055,"f"
2068,-1.25973044749943,15.460774982288,0.0980816272521958,"f"
2069,-1.25987548179907,15.4608948719552,0.0981021247095994,"f"
2070,-1.2600181767084,15.4610155219302,0.0981226272611132,"f"
2071,-1.26015849604049,15.4611368722046,0.0981431357722661,"f"
2072,-1.26029658505817,15.4612589172114,0.0981636514277277,"f"
2073,-1.26043261977955,15.4613816606113,0.0981841754662613,"f"
2074,-1.26056677622273,15.4615051060651,0.0982047091266301,"f"
2075,-1.26069923040581,15.4616292572336,0.0982252536475973,"f"
2076,-1.2608301583469,15.4617541177776,0.0982458102679263,"f"
2077,-1.2609597360641,15.4618796913579,0.0982663802263801,"f"
2078,-1.26108813957552,15.4620059816352,0.0982869647617221,"f"
2079,-1.26121554489927,15.4621329922703,0.0983075651127156,"f"
2080,-1.26134212805344,15.4622607269239,0.0983281825181236,"f"
2081,-1.26146806505614,15.4623891892569,0.0983488182167096,"f"
2082,-1.26159353192549,15.46251838293,0.0983694734472367,"f"
2083,-1.26171870467958,15.462648311604,0.0983901494484681,"f"
2084,-1.26184375933651,15.4627789789396,0.0984108474591672,"f"
2085,-1.2619688719144,15.4629103885977,0.0984315687180971,"f"
2086,-1.26209421843134,15.4630425442391,0.098452314464021,"f"
2087,-1.26221997490545,15.4631754495244,0.0984730859357023,"f"
2088,-1.26234631735483,15.4633091081144,0.0984938843719042,"f"
2089,-1.26247342179757,15.46344352367,0.0985147110113899,"f"
2090,-1.2626014642518,15.4635786998519,0.0985355670929226,"f"
2091,-1.2627306207356,15.4637146403209,0.0985564538552656,"f"
2092,-1.26286106726709,15.4638513487377,0.0985773725371821,"f"
2093,-1.26299297986437,15.4639888287632,0.0985983243774354,"f"
2094,-1.26312653454555,15.4641270840581,0.0986193106147887,"f"
2095,-1.26326190732873,15.4642661182831,0.0986403324880052,"f"
2096,-1.26339927423202,15.4644059350991,0.0986613912358482,"f"
2097,-1.26353881127351,15.4645465381668,0.098682488097081,"f"
2098,-1.26368069447132,15.4646879311471,0.0987036243104667,"f"
2099,-1.26382509984356,15.4648301177006,0.0987248011147686,"f"
2100,-1.26397220340831,15.4649731014881,0.0987460197487499,"f"
2101,-1.26412214899591,15.4651168912395,0.0987672810698718,"f"
2102,-1.26427485186966,15.46526153168,0.0987885832279502,"f"
2103,-1.26443012838539,15.4654070831111,0.0988099232011257,"f"
2104,-1.26458779450333,15.4655536058967,0.0988312979628529,"f"
2105,-1.26474766618375,15.4657011604006,0.0988527044865862,"f"
2106,-1.26490955938687,15.4658498069865,0.0988741397457803,"f"
2107,-1.26507329007296,15.4659996060183,0.0988956007138896,"f"
2108,-1.26523867420226,15.4661506178599,0.0989170843643686,"f"
2109,-1.26540552773501,15.4663029028749,0.098938587670672,"f"
2110,-1.26557366663146,15.4664565214274,0.0989601076062541,"f"
2111,-1.26574290685187,15.466611533881,0.0989816411445696,"f"
2112,-1.26591306435647,15.4667680005995,0.099003185259073,"f"
2113,-1.26608395510552,15.4669259819469,0.0990247369232188,"f"
2114,-1.26625539505926,15.4670855382869,0.0990462931104615,"f"
2115,-1.26642720017793,15.4672467299833,0.0990678507942556,"f"
2116,-1.2665991864218,15.4674096173999,0.0990894069480557,"f"
2117,-1.26677116975109,15.4675742609006,0.0991109585453164,"f"
2118,-1.26694296612607,15.4677407208492,0.099132502559492,"f"
2119,-1.26711439150697,15.4679090576095,0.0991540359640373,"f"
2120,-1.26728526185405,15.4680793315453,0.0991755557324066,"f"
2121,-1.26745539312755,15.4682516030204,0.0991970588380546,"f"
2122,-1.26762460128772,15.4684259323987,0.0992185422544356,"f"
2123,-1.26779270229481,15.4686023800439,0.0992400029550044,"f"
2124,-1.26795951210906,15.46878100632,0.0992614379132154,"f"
2125,-1.26812484669072,15.4689618715906,0.0992828441025231,"f"
2126,-1.26828852200004,15.4691450362196,0.099304218496382,"f"
2127,-1.26845035399726,15.4693305605708,0.0993255580682468,"f"
2128,-1.26861015864263,15.4695185050081,0.0993468597915718,"f"
2129,-1.26876775189641,15.4697089298953,0.0993681206398117,"f"
2130,-1.26892294971883,15.4699018955961,0.099389337586421,"f"
2131,-1.2690755742683,15.4700974602281,0.0994105077230489,"f"
2132,-1.26922559251022,15.4702956294299,0.0994316309027174,"f"
2133,-1.26937311747777,15.470496355904,0.0994527097638629,"f"
2134,-1.2695182686544,15.4706995900153,0.0994737470679253,"f"
2135,-1.26966116552362,15.4709052821286,0.0994947455763445,"f"
2136,-1.26980192756889,15.4711133826089,0.0995157080505601,"f"
2137,-1.26994067427371,15.4713238418211,0.099536637252012,"f"
2138,-1.27007752512154,15.47153661013,0.0995575359421399,"f"
2139,-1.27021259959588,15.4717516379006,0.0995784068823837,"f"
2140,-1.2703460171802,15.4719688754978,0.0995992528341833,"f"
2141,-1.27047789735798,15.4721882732864,0.0996200765589782,"f"
2142,-1.2706083596127,15.4724097816314,0.0996408808182085,"f"
2143,-1.27073752342785,15.4726333508976,0.0996616683733138,"f"
2144,-1.27086550828691,15.47285893145,0.0996824419857339,"f"
2145,-1.27099243367336,15.4730864736534,0.0997032044169088,"f"
2146,-1.27111841907067,15.4733159278728,0.0997239584282781,"f"
2147,-1.27124358396233,15.473547244473,0.0997447067812816,"f"
2148,-1.27136804783182,15.4737803738189,0.0997654522373592,"f"
2149,-1.27149193016263,15.4740152662755,0.0997861975579506,"f"
2150,-1.27161535043822,15.4742518722076,0.0998069455044957,"f"
2151,-1.27173842814209,15.4744901419802,0.0998276988384342,"f"
2152,-1.27186128275771,15.4747300259581,0.0998484603212059,"f"
2153,-1.27198403376857,15.4749714745062,0.0998692327142507,"f"
2154,-1.27210680065815,15.4752144379894,0.0998900187790084,"f"
2155,-1.27222970290992,15.4754588667727,0.0999108212769186,"f"
2156,-1.27235286000736,15.4757047112208,0.0999316429694213,"f"
2157,-1.27247639143397,15.4759519216988,0.0999524866179562,"f"
2158,-1.27260041667322,15.4762004485715,0.0999733549839631,"f"
2159,-1.27272505520859,15.4764502422038,0.0999942508288819,"f"
2160,-1.27285042652356,15.4767012529607,0.100015176914152,"f"
2161,-1.27297665010161,15.4769534312069,0.100036136001214,"f"
2162,-1.27310382871138,15.4772067283326,0.10005713054725,"f"
2163,-1.27323194767677,15.4774611029311,0.100078160871616,"f"
2164,-1.27336094197408,15.4777165166836,0.100099226377202,"f"
2165,-1.27349074638729,15.4779729312832,0.100120326463395,"f"
2166,-1.27362129570038,15.478230308423,0.100141460529584,"f"
2167,-1.27375252469735,15.4784886097961,0.100162627975156,"f"
2168,-1.27388436816216,15.4787477970955,0.100183828199499,"f"
2169,-1.27401676087881,15.4790078320143,0.100205060602,"f"
2170,-1.27414963763128,15.4792686762455,0.100226324582049,"f"
2171,-1.27428293320354,15.4795302914823,0.100247619539033,"f"
2172,-1.27441658237959,15.4797926394176,0.100268944872339,"f"
2173,-1.27455051994341,15.4800556817446,0.100290299981355,"f"
2174,-1.27468468067897,15.4803193801563,0.10031168426547,"f"
2175,-1.27481899937026,15.4805836963458,0.100333097124072,"f"
2176,-1.27495341080127,15.4808485920062,0.100354537956547,"f"
2177,-1.27508784975597,15.4811140288305,0.100376006162285,"f"
2178,-1.27522225101835,15.4813799685118,0.100397501140673,"f"
2179,-1.2753565493724,15.4816463727431,0.100419022291099,"f"
2180,-1.27549067960209,15.4819132032176,0.100440569012951,"f"
2181,-1.27562457649141,15.4821804216282,0.100462140705616,"f"
2182,-1.27575817482434,15.4824479896681,0.100483736768483,"f"
2183,-1.27589140938486,15.4827158690304,0.10050535660094,"f"
2184,-1.27602421495696,15.482984021408,0.100526999602374,"f"
2185,-1.27615652632462,15.4832524084941,0.100548665172173,"f"
2186,-1.27628827827183,15.4835209919817,0.100570352709725,"f"
2187,-1.27641940558256,15.483789733564,0.100592061614419,"f"
2188,-1.27654984304079,15.4840585949339,0.100613791285642,"f"
2189,-1.27667952543052,15.4843275377845,0.100635541122781,"f"
2190,-1.27680838753572,15.4845965238089,0.100657310525226,"f"
2191,-1.27693636414038,15.4848655147002,0.100679098892363,"f"
2192,-1.27706339408298,15.4851344768547,0.100700905593963,"f"
2193,-1.27718950945556,15.4854034848447,0.100722729318602,"f"
2194,-1.2773148356037,15.4856727214181,0.100744568073657,"f"
2195,-1.27743950192749,15.4859423740264,0.10076641983689,"f"
2196,-1.27756363782702,15.4862126301208,0.100788282586062,"f"
2197,-1.27768737270238,15.4864836771527,0.100810154298934,"f"
2198,-1.27781083595366,15.4867557025735,0.100832032953268,"f"
2199,-1.27793415698094,15.4870288938344,0.100853916526825,"f"
2200,-1.27805746518432,15.4873034383869,0.100875802997367,"f"
2201,-1.27818088996387,15.4875795236823,0.100897690342654,"f"
2202,-1.2783045607197,15.4878573371718,0.100919576540448,"f"
2203,-1.27842860685188,15.4881370663069,0.10094145956851,"f"
2204,-1.27855315776051,15.4884188985389,0.100963337404601,"f"
2205,-1.27867834284567,15.4887030213192,0.100985208026484,"f"
2206,-1.27880429150746,15.488989622099,0.101007069411918,"f"
2207,-1.27893113314596,15.4892788883298,0.101028919538666,"f"
2208,-1.27905899716125,15.4895710074628,0.101050756384489,"f"
2209,-1.27918801295343,15.4898661669494,0.101072577927147,"f"
2210,-1.27931830992259,15.4901645542409,0.101094382144403,"f"
2211,-1.27945001746881,15.4904663567888,0.101116167014018,"f"
2212,-1.27958326499218,15.4907717620442,0.101137930513752,"f"
2213,-1.2797181818928,15.4910809574587,0.101159670621368,"f"
2214,-1.27985489757074,15.4913941304834,0.101181385314626,"f"
2215,-1.27999354142609,15.4917114685698,0.101203072571288,"f"
2216,-1.28013424285896,15.4920331591692,0.101224730369114,"f"
2217,-1.28027713126941,15.4923593897329,0.101246356685868,"f"
2218,-1.28042233605755,15.4926903477123,0.101267949499309,"f"
2219,-1.28056998662346,15.4930262205587,0.101289506787199,"f"
2220,-1.28072021236722,15.4933671957235,0.101311026527299,"f"
2221,-1.28087314268893,15.493713460658,0.101332506697371,"f"
2222,-1.28102890659638,15.4940652022948,0.101353945280096,"f"
2223,-1.28118753039669,15.4944224717671,0.101375341546277,"f"
2224,-1.28134880082944,15.4947850034324,0.101396697771492,"f"
2225,-1.28151247053871,15.4951524865637,0.101418016658957,"f"
2226,-1.28167829216857,15.4955246104346,0.101439300911891,"f"
2227,-1.28184601836312,15.4959010643184,0.101460553233512,"f"
2228,-1.28201540176643,15.4962815374883,0.101481776327038,"f"
2229,-1.28218619502259,15.4966657192177,0.101502972895688,"f"
2230,-1.28235815077569,15.49705329878,0.10152414564268,"f"
2231,-1.28253102166979,15.4974439654486,0.101545297271232,"f"
2232,-1.282704560349,15.4978374084966,0.101566430484561,"f"
2233,-1.28287851945738,15.4982333171976,0.101587547985887,"f"
2234,-1.28305265163903,15.4986313808248,0.101608652478428,"f"
2235,-1.28322670953802,15.4990312886516,0.101629746665401,"f"
2236,-1.28340044579845,15.4994327299513,0.101650833250025,"f"
2237,-1.28357361306438,15.4998353939973,0.101671914935518,"f"
2238,-1.28374596397991,15.5002389700628,0.101692994425098,"f"
2239,-1.28391725118912,15.5006431474214,0.101714074421983,"f"
2240,-1.28408722733609,15.5010476153462,0.101735157629392,"f"
2241,-1.28425564506491,15.5014520631106,0.101756246750543,"f"
2242,-1.28442225701965,15.501856179988,0.101777344488654,"f"
2243,-1.2845868158444,15.5022596552517,0.101798453546943,"f"
2244,-1.28474907418325,15.502662178175,0.101819576628628,"f"
2245,-1.28490878468027,15.5030634380314,0.101840716436928,"f"
2246,-1.28506569997955,15.5034631240941,0.10186187567506,"f"
2247,-1.28521957272517,15.5038609256364,0.101883057046244,"f"
2248,-1.28537015556121,15.5042565319318,0.101904263253696,"f"
2249,-1.28551720113177,15.5046496322536,0.101925497000636,"f"
2250,-1.28566046208091,15.505039915875,0.101946760990281,"f"
2251,-1.28579969105273,15.5054270720695,0.101968057925849,"f"
2252,-1.28593464069131,15.5058107901103,0.10198939051056,"f"
2253,-1.28606507430645,15.5061907717037,0.102010761362216,"f"
2254,-1.28619099673378,15.5065670000955,0.102032171164416,"f"
2255,-1.28631265225005,15.5069397376418,0.102053618683246,"f"
2256,-1.28643029538079,15.5073092586452,0.102075102602718,"f"
2257,-1.2865441806515,15.5076758374084,0.102096621606841,"f"
2258,-1.28665456258772,15.5080397482339,0.102118174379629,"f"
2259,-1.28676169571497,15.5084012654245,0.102139759605092,"f"
2260,-1.28686583455876,15.5087606632827,0.102161375967241,"f"
2261,-1.28696723364462,15.5091182161114,0.102183022150088,"f"
2262,-1.28706614749807,15.5094741982129,0.102204696837644,"f"
2263,-1.28716283064463,15.5098288838902,0.10222639871392,"f"
2264,-1.28725753760981,15.5101825474457,0.102248126462928,"f"
2265,-1.28735052291916,15.5105354631821,0.102269878768678,"f"
2266,-1.28744204109817,15.5108879054021,0.102291654315183,"f"
2267,-1.28753234667238,15.5112401484083,0.102313451786453,"f"
2268,-1.28762169416731,15.5115924665034,0.102335269866499,"f"
2269,-1.28771033810847,15.5119451339901,0.102357107239334,"f"
2270,-1.28779853302139,15.5122984251709,0.102378962588968,"f"
2271,-1.28788653343159,15.5126526143485,0.102400834599412,"f"
2272,-1.28797459386459,15.5130079758255,0.102422721954678,"f"
2273,-1.28806296884592,15.5133647839047,0.102444623338778,"f"
2274,-1.28815191290108,15.5137233128887,0.102466537435721,"f"
2275,-1.28824168055561,15.51408383708,0.102488462929521,"f"
2276,-1.28833252633503,15.5144466307814,0.102510398504187,"f"
2277,-1.28842470476485,15.5148119682956,0.102532342843732,"f"
2278,-1.28851847037061,15.515180123925,0.102554294632166,"f"
2279,-1.28861407767781,15.5155513719725,0.102576252553501,"f"
2280,-1.28871178121198,15.5159259867406,0.102598215291748,"f"
2281,-1.28881183549864,15.516304242532,0.102620181530918,"f"
2282,-1.28891449506332,15.5166864136493,0.102642149955023,"f"
2283,-1.28902001400133,15.517072773909,0.102664119248117,"f"
2284,-1.28912853884069,15.5174634755435,0.102686088105146,"f"
2285,-1.28923996753039,15.5178583898149,0.102708055246217,"f"
2286,-1.28935416301342,15.5182573484181,0.102730019394984,"f"
2287,-1.28947098823278,15.5186601830477,0.1027519792751,"f"
2288,-1.28959030613147,15.5190667253984,0.102773933610218,"f"
2289,-1.2897119796525,15.5194768071649,0.102795881123991,"f"
2290,-1.28983587173886,15.5198902600421,0.102817820540071,"f"
2291,-1.28996184533355,15.5203069157245,0.102839750582112,"f"
2292,-1.29008976337957,15.520726605907,0.102861669973766,"f"
2293,-1.29021948881993,15.5211491622843,0.102883577438687,"f"
2294,-1.29035088459761,15.521574416551,0.102905471700527,"f"
2295,-1.29048381365563,15.5220022004019,0.10292735148294,"f"
2296,-1.29061813893698,15.5224323455317,0.102949215509577,"f"
2297,-1.29075372338466,15.5228646836352,0.102971062504093,"f"
2298,-1.29089042994168,15.523299046407,0.102992891190141,"f"
2299,-1.29102812155102,15.5237352655419,0.103014700291372,"f"
2300,-1.2911666611557,15.5241731727346,0.10303648853144,"f"
2301,-1.29130591169871,15.5246125996799,0.103058254633999,"f"
2302,-1.29144573612305,15.5250533780724,0.1030799973227,"f"
2303,-1.29158599737172,15.5254953396068,0.103101715321197,"f"
2304,-1.29172655838772,15.525938315978,0.103123407353143,"f"
2305,-1.29186728211405,15.5263821388806,0.103145072142191,"f"
2306,-1.29200803149372,15.5268266400093,0.103166708411993,"f"
2307,-1.29214866946971,15.5272716510589,0.103188314886203,"f"
2308,-1.29228905898504,15.527717003724,0.103209890288473,"f"
2309,-1.2924290629827,15.5281625296995,0.103231433342457,"f"
2310,-1.29256854440568,15.5286080606799,0.103252942771807,"f"
2311,-1.292707366197,15.5290534283602,0.103274417300177,"f"
2312,-1.29284539129965,15.5294984644349,0.103295855651219,"f"
2313,-1.29298248265663,15.5299430005988,0.103317256548586,"f"
2314,-1.29311852582224,15.5303869031321,0.103338619142301,"f"
2315,-1.29325353975265,15.5308302423624,0.103359945097878,"f"
2316,-1.29338759215649,15.5312731631873,0.103381237000132,"f"
2317,-1.2935207508145,15.5317158106148,0.103402497435235,"f"
2318,-1.29365308350743,15.532158329653,0.103423728989363,"f"
2319,-1.29378465801603,15.5326008653098,0.103444934248689,"f"
2320,-1.29391554212103,15.5330435625934,0.103466115799389,"f"
2321,-1.2940458036032,15.5334865665116,0.103487276227635,"f"
2322,-1.29417551024328,15.5339300220725,0.103508418119602,"f"
2323,-1.29430472982202,15.5343740742841,0.103529544061465,"f"
2324,-1.29443353012016,15.5348188681545,0.103550656639397,"f"
2325,-1.29456197891846,15.5352645486916,0.103571758439573,"f"
2326,-1.29469014399765,15.5357112609034,0.103592852048167,"f"
2327,-1.2948180931385,15.5361591497981,0.103613940051353,"f"
2328,-1.29494589412175,15.5366083603835,0.103635025035305,"f"
2329,-1.29507361472814,15.5370590376677,0.103656109586198,"f"
2330,-1.29520132273842,15.5375113266587,0.103677196290205,"f"
2331,-1.29532908593335,15.5379653723645,0.103698287733501,"f"
2332,-1.29545697209367,15.5384213197932,0.103719386502261,"f"
2333,-1.29558504900012,15.5388793139527,0.103740495182657,"f"
2334,-1.29571338443346,15.539339499851,0.103761616360865,"f"
2335,-1.29584204617443,15.5398020224963,0.103782752623058,"f"
2336,-1.29597110200379,15.5402670268964,0.103803906555412,"f"
2337,-1.29610061970227,15.5407346580594,0.103825080744099,"f"
2338,-1.29623066705063,15.5412050609934,0.103846277775294,"f"
2339,-1.29636131182962,15.5416783807063,0.103867500235172,"f"
2340,-1.29649262181998,15.5421547622061,0.103888750709906,"f"
2341,-1.29662466480246,15.5426343505008,0.103910031785671,"f"
2342,-1.29675750855782,15.5431172905985,0.103931346048641,"f"
2343,-1.29689122086679,15.5436037275072,0.10395269608499,"f"
2344,-1.29702586929529,15.5440938059125,0.10397408447606,"f"
2345,-1.29716147005973,15.5445875934369,0.103995512648113,"f"
2346,-1.29729792181742,15.5450849812753,0.104016979382983,"f"
2347,-1.29743510684497,15.5455858360392,0.104038483094029,"f"
2348,-1.29757290741898,15.5460900243403,0.104060022194612,"f"
2349,-1.29771120581606,15.5465974127899,0.104081595098089,"f"
2350,-1.29784988431281,15.5471078679996,0.104103200217821,"f"
2351,-1.29798882518585,15.5476212565809,0.104124835967166,"f"
2352,-1.29812791071177,15.5481374451454,0.104146500759484,"f"
2353,-1.29826702316719,15.5486563003044,0.104168193008133,"f"
2354,-1.2984060448287,15.5491776886696,0.104189911126474,"f"
2355,-1.29854485797291,15.5497014768525,0.104211653527865,"f"
2356,-1.29868334487643,15.5502275314645,0.104233418625665,"f"
2357,-1.29882138781587,15.5507557191172,0.104255204833234,"f"
2358,-1.29895886906782,15.5512859064221,0.10427701056393,"f"
2359,-1.2990956709089,15.5518179599907,0.104298834231114,"f"
2360,-1.29923167561571,15.5523517464345,0.104320674248144,"f"
2361,-1.29936676546486,15.552887132365,0.104342529028379,"f"
2362,-1.29950082273295,15.5534239843938,0.10436439698518,"f"
2363,-1.29963372969658,15.5539621691323,0.104386276531903,"f"
2364,-1.29976536863236,15.5545015531921,0.10440816608191,"f"
2365,-1.29989562181691,15.5550420031846,0.10443006404856,"f"
2366,-1.30002437152682,15.5555833857214,0.10445196884521,"f"
2367,-1.30015150003869,15.5561255674141,0.104473878885222,"f"
2368,-1.30027688962914,15.556668414874,0.104495792581953,"f"
2369,-1.30040042257477,15.5572117947127,0.104517708348764,"f"
2370,-1.30052198115219,15.5577555735418,0.104539624599012,"f"
2371,-1.300641447638,15.5582996179727,0.104561539746058,"f"
2372,-1.3007587043088,15.558843794617,0.104583452203261,"f"
2373,-1.30087363344121,15.5593879700862,0.10460536038398,"f"
2374,-1.30098611731182,15.5599320109917,0.104627262701574,"f"
2375,-1.3010960711174,15.5604758142793,0.10464915773841,"f"
2376,-1.3012036022969,15.5610194540359,0.104671045063807,"f"
2377,-1.30130888787266,15.5615630684657,0.104692924604313,"f"
2378,-1.30141210496305,15.5621067958615,0.104714796286972,"f"
2379,-1.30151343068638,15.5626507745161,0.104736660038829,"f"
2380,-1.30161304216101,15.5631951427223,0.104758515786924,"f"
2381,-1.30171111650526,15.5637400387727,0.104780363458302,"f"
2382,-1.30180783083749,15.5642856009603,0.104802202980007,"f"
2383,-1.30190336227602,15.5648319675776,0.10482403427908,"f"
2384,-1.3019978879392,15.5653792769176,0.104845857282565,"f"
2385,-1.30209158494537,15.5659276672729,0.104867671917506,"f"
2386,-1.30218463041287,15.5664772769364,0.104889478110945,"f"
2387,-1.30227720146002,15.5670282442007,0.104911275789926,"f"
2388,-1.30236947520519,15.5675807073587,0.104933064881492,"f"
2389,-1.30246162876669,15.5681348047031,0.104954845312686,"f"
2390,-1.30255383926287,15.5686906745267,0.104976617010551,"f"
2391,-1.30264628381208,15.5692484551222,0.10499837990213,"f"
2392,-1.30273913953264,15.5698082847823,0.105020133914466,"f"
2393,-1.30283258354291,15.5703703018,0.105041878974603,"f"
2394,-1.30292679296121,15.5709346444679,0.105063615009584,"f"
2395,-1.30302194490588,15.5715014510787,0.105085341946452,"f"
2396,-1.30311821649527,15.5720708599253,0.105107059712249,"f"
2397,-1.30321578484772,15.5726430093004,0.10512876823402,"f"
2398,-1.30331482708156,15.5732180374968,0.105150467438807,"f"
2399,-1.30341552031513,15.5737960828072,0.105172157253654,"f"
2400,-1.30351804166677,15.5743772835244,0.105193837605603,"f"
2401,-1.30362256825482,15.5749617779412,0.105215508421698,"f"
2402,-1.30372927719762,15.5755497043503,0.105237169628982,"f"
2403,-1.30383834561351,15.5761412010445,0.105258821154499,"f"
2404,-1.30394995062083,15.5767364063165,0.10528046292529,"f"
2405,-1.3040642592361,15.5773354470953,0.105302094876193,"f"
2406,-1.30418125988629,15.5779382494098,0.105323717079822,"f"
2407,-1.3043007879798,15.5785445671541,0.105345329726843,"f"
2408,-1.30442267397569,15.5791541486546,0.105366933011737,"f"
2409,-1.30454674833303,15.579766742238,0.105388527128988,"f"
2410,-1.30467284151091,15.5803820962308,0.105410112273079,"f"
2411,-1.3048007839684,15.5809999589596,0.105431688638494,"f"
2412,-1.30493040616456,15.5816200787507,0.105453256419715,"f"
2413,-1.30506153855848,15.5822422039309,0.105474815811226,"f"
2414,-1.30519401160923,15.5828660828265,0.105496367007509,"f"
2415,-1.30532765577589,15.5834914637642,0.105517910203048,"f"
2416,-1.30546230151752,15.5841180950706,0.105539445592326,"f"
2417,-1.30559777929321,15.584745725072,0.105560973369825,"f"
2418,-1.30573391956202,15.5853741020951,0.10558249373003,"f"
2419,-1.30587055278303,15.5860029744663,0.105604006867423,"f"
2420,-1.30600750941532,15.5866320905123,0.105625512976487,"f"
2421,-1.30614461991796,15.5872611985596,0.105647012251705,"f"
2422,-1.30628171475003,15.5878900469346,0.10566850488756,"f"
2423,-1.30641862437059,15.588518383964,0.105689991078536,"f"
2424,-1.30655517923873,15.5891459579742,0.105711471019116,"f"
2425,-1.30669120981351,15.5897725172918,0.105732944903782,"f"
2426,-1.30682654655401,15.5903978102434,0.105754412927018,"f"
2427,-1.30696101991932,15.5910215851554,0.105775875283307,"f"
2428,-1.30709446036849,15.5916435903544,0.105797332167132,"f"
2429,-1.3072266983606,15.592263574167,0.105818783772976,"f"
2430,-1.30735756435474,15.5928812849196,0.105840230295322,"f"
2431,-1.30748688880997,15.5934964709388,0.105861671928653,"f"
2432,-1.30761450218537,15.5941088805511,0.105883108867452,"f"
2433,-1.30774023494,15.5947182620831,0.105904541306204,"f"
2434,-1.30786391753296,15.5953243638614,0.105925969439389,"f"
2435,-1.30798538042331,15.5959269342123,0.105947393461492,"f"
2436,-1.30810448463105,15.5965257877051,0.105968813602836,"f"
2437,-1.3082212678247,15.5971211218042,0.1059902303009,"f"
2438,-1.30833583099905,15.5977132712375,0.106011644067429,"f"
2439,-1.30844827523012,15.5983025709088,0.106033055414263,"f"
2440,-1.30855870159397,15.5988893557223,0.106054464853242,"f"
2441,-1.30866721116661,15.5994739605816,0.106075872896205,"f"
2442,-1.3087739050241,15.6000567203909,0.106097280054992,"f"
2443,-1.30887888424247,15.6006379700539,0.106118686841442,"f"
2444,-1.30898224989775,15.6012180444747,0.106140093767396,"f"
2445,-1.30908410306599,15.6017972785572,0.106161501344693,"f"
2446,-1.30918454482322,15.6023760072052,0.106182910085173,"f"
2447,-1.30928367624547,15.6029545653227,0.106204320500675,"f"
2448,-1.30938159840879,15.6035332878137,0.10622573310304,"f"
2449,-1.30947841238921,15.6041125095821,0.106247148404106,"f"
2450,-1.30957421926277,15.6046925655317,0.106268566915714,"f"
2451,-1.30966912010551,15.6052737905665,0.106289989149704,"f"
2452,-1.30976321599346,15.6058565195905,0.106311415617914,"f"
2453,-1.30985660800266,15.6064410875076,0.106332846832185,"f"
2454,-1.30994939720915,15.6070278292217,0.106354283304357,"f"
2455,-1.31004168468896,15.6076170796366,0.106375725546269,"f"
2456,-1.31013357151814,15.6082091736564,0.10639717406976,"f"
2457,-1.31022515877272,15.608804446185,0.106418629386671,"f"
2458,-1.31031654752873,15.6094032321263,0.106440092008842,"f"
2459,-1.31040783886222,15.6100058663843,0.106461562448111,"f"
2460,-1.31049913384921,15.6106126838627,0.106483041216319,"f"
2461,-1.31059053356576,15.6112240194657,0.106504528825305,"f"
2462,-1.31068213908789,15.6118402080971,0.106526025786909,"f"
2463,-1.31077405149164,15.6124615846607,0.106547532612971,"f"
2464,-1.31086637185306,15.6130884840607,0.106569049815331,"f"
2465,-1.31095920124817,15.6137212412008,0.106590577905827,"f"
2466,-1.31105263691156,15.6143601729328,0.106612117328059,"f"
2467,-1.31114670910798,15.6150052813942,0.106633667335933,"f"
2468,-1.31124139121814,15.6156563014053,0.106655226172834,"f"
2469,-1.3113366548153,15.6163129592924,0.106676792050041,"f"
2470,-1.31143247147273,15.6169749813821,0.10669836317883,"f"
2471,-1.3115288127637,15.6176420940007,0.106719937770478,"f"
2472,-1.31162565026149,15.6183140234747,0.106741514036264,"f"
2473,-1.31172295553935,15.6189904961306,0.106763090187464,"f"
2474,-1.31182070017056,15.6196712382947,0.106784664435356,"f"
2475,-1.31191885572838,15.6203559762936,0.106806234991218,"f"
2476,-1.31201739378609,15.6210444364536,0.106827800066326,"f"
2477,-1.31211628591696,15.6217363451013,0.106849357871958,"f"
2478,-1.31221550369425,15.6224314285629,0.106870906619391,"f"
2479,-1.31231501869123,15.6231294131651,0.106892444519903,"f"
2480,-1.31241480248118,15.6238300252342,0.106913969784772,"f"
2481,-1.31251482663736,15.6245329910966,0.106935480625274,"f"
2482,-1.31261506273303,15.6252380370789,0.106956975252687,"f"
2483,-1.31271548234148,15.6259448895074,0.106978451878288,"f"
2484,-1.31281605703597,15.6266532747086,0.106999908713355,"f"
2485,-1.31291675838976,15.6273629190089,0.107021343969164,"f"
2486,-1.31301755797613,15.6280735487347,0.107042755856995,"f"
2487,-1.31311842736835,15.6287848902126,0.107064142588123,"f"
2488,-1.31321933813968,15.629496669769,0.107085502373826,"f"
2489,-1.3133202618634,15.6302086137302,0.107106833425382,"f"
2490,-1.31342117011277,15.6309204484227,0.107128133954067,"f"
2491,-1.31352203446106,15.631631900173,0.10714940217116,"f"
2492,-1.31362282648154,15.6323426953075,0.107170636287938,"f"
2493,-1.31372351774748,15.6330525601527,0.107191834515677,"f"
2494,-1.31382407983216,15.6337612210349,0.107212995065656,"f"
2495,-1.31392448430883,15.6344684042807,0.107234116149152,"f"
2496,-1.31402470283456,15.6351738370532,0.107255195989002,"f"
2497,-1.31412471754801,15.6358773511797,0.10727623425396,"f"
2498,-1.31422453113138,15.636578983626,0.107297233446735,"f"
2499,-1.31432414865348,15.6372787951892,0.10731819639926,"f"
2500,-1.31442357518313,15.6379768466664,0.107339125943472,"f"
2501,-1.31452281578911,15.6386731988547,0.107360024911304,"f"
2502,-1.31462187554026,15.6393679125513,0.107380896134691,"f"
2503,-1.31472075950536,15.6400610485533,0.10740174244557,"f"
2504,-1.31481947275324,15.6407526676578,0.107422566675873,"f"
2505,-1.3149180203527,15.641442830662,0.107443371657537,"f"
2506,-1.31501640737255,15.6421315983629,0.107464160222496,"f"
2507,-1.31511463888159,15.6428190315577,0.107484935202684,"f"
2508,-1.31521271994864,15.6435051910436,0.107505699430038,"f"
2509,-1.3153106556425,15.6441901376177,0.107526455736491,"f"
2510,-1.31540845103198,15.644873932077,0.107547206953979,"f"
2511,-1.31550611118589,15.6455566352188,0.107567955914436,"f"
2512,-1.31560364117304,15.6462383078402,0.107588705449797,"f"
2513,-1.31570104606224,15.6469190107382,0.107609458391998,"f"
2514,-1.31579833092229,15.64759880471,0.107630217572973,"f"
2515,-1.315895500822,15.6482777505528,0.107650985824656,"f"
2516,-1.31599256083018,15.6489559090637,0.107671765978984,"f"
2517,-1.31608951601564,15.6496333410397,0.10769256086789,"f"
2518,-1.31618637144719,15.6503101072781,0.107713373323309,"f"
2519,-1.31628313219363,15.650986268576,0.107734206177177,"f"
2520,-1.31637980332378,15.6516618857304,0.107755062261428,"f"
2521,-1.31647638990644,15.6523370195386,0.107775944407998,"f"
2522,-1.31657289701042,15.6530117307976,0.10779685544882,"f"
2523,-1.31666932970452,15.6536860803046,0.10781779821583,"f"
2524,-1.31676569305757,15.6543601288567,0.107838775540963,"f"
2525,-1.31686199213835,15.6550339372511,0.107859790256153,"f"
2526,-1.31695823201569,15.6557075662848,0.107880845193336,"f"
2527,-1.31705441830702,15.656381078978,0.107901943034836,"f"
2528,-1.3171505660621,15.6570545765704,0.107923083890769,"f"
2529,-1.31724669827312,15.657728192484,0.107944265705349,"f"
2530,-1.31734283818014,15.6584020611453,0.107965486355193,"f"
2531,-1.31743900902322,15.6590763169806,0.107986743716919,"f"
2532,-1.31753523404241,15.6597510944166,0.108008035667143,"f"
2533,-1.31763153647777,15.6604265278795,0.108029360082484,"f"
2534,-1.31772793956936,15.6611027517958,0.108050714839558,"f"
2535,-1.31782446655724,15.6617799005919,0.108072097814983,"f"
2536,-1.31792114068146,15.6624581086944,0.108093506885377,"f"
2537,-1.31801798518209,15.6631375105296,0.108114939927356,"f"
2538,-1.31811502329919,15.663818240524,0.108136394817539,"f"
2539,-1.3182122782728,15.664500433104,0.108157869432541,"f"
2540,-1.31830977334299,15.665184222696,0.108179361648982,"f"
2541,-1.31840753174982,15.6658697437266,0.108200869343478,"f"
2542,-1.31850557673334,15.6665571306221,0.108222390392647,"f"
2543,-1.31860393153361,15.6672465178089,0.108243922673106,"f"
2544,-1.3187026193907,15.6679380397135,0.108265464061472,"f"
2545,-1.31880166354466,15.6686318307624,0.108287012434362,"f"
2546,-1.31890108723554,15.669328025382,0.108308565668395,"f"
2547,-1.31900091370341,15.6700267579987,0.108330121640188,"f"
2548,-1.31910116618832,15.6707281630389,0.108351678226357,"f"
2549,-1.31920186793033,15.6714323749292,0.108373233303521,"f"
2550,-1.3193030421695,15.6721395280959,0.108394784748296,"f"
2551,-1.31940471214589,15.6728497569655,0.1084163304373,"f"
2552,-1.31950690109956,15.6735631959644,0.10843786824715,"f"
2553,-1.31960963227056,15.674279979519,0.108459396054465,"f"
2554,-1.31971292889895,15.6750002420559,0.10848091173586,"f"
2555,-1.3198168142248,15.6757241180014,0.108502413167954,"f"
2556,-1.31992131148815,15.6764517417819,0.108523898227364,"f"
2557,-1.3200264435926,15.6771832468927,0.108545364795453,"f"
2558,-1.32013219272874,15.6779186541416,0.108566811327821,"f"
2559,-1.3202384620165,15.6786577654811,0.108588237395325,"f"
2560,-1.3203451454911,15.6794003577186,0.108609642696954,"f"
2561,-1.32045213718773,15.6801462076617,0.108631026931701,"f"
2562,-1.3205593311416,15.6808950921176,0.108652389798555,"f"
2563,-1.32066662138794,15.6816467878939,0.108673730996508,"f"
2564,-1.32077390196193,15.682401071798,0.108695050224551,"f"
2565,-1.3208810668988,15.6831577206372,0.108716347181675,"f"
2566,-1.32098801023374,15.6839165112191,0.108737621566871,"f"
2567,-1.32109462600198,15.684677220351,0.108758873079129,"f"
2568,-1.32120080823871,15.6854396248404,0.108780101417441,"f"
2569,-1.32130645097915,15.6862035014947,0.108801306280798,"f"
2570,-1.3214114482585,15.6869686271213,0.10882248736819,"f"
2571,-1.32151569411198,15.6877347785277,0.108843644378609,"f"
2572,-1.32161908257479,15.6885017325213,0.108864777011045,"f"
2573,-1.32172150768213,15.6892692659095,0.10888588496449,"f"
2574,-1.32182286346923,15.6900371554997,0.108906967937935,"f"
2575,-1.32192304397128,15.6908051780995,0.10892802563037,"f"
2576,-1.3220219432235,15.6915731105161,0.108949057740786,"f"
2577,-1.32211945526109,15.692340729557,0.108970063968175,"f"
2578,-1.32221547411926,15.6931078120297,0.108991044011527,"f"
2579,-1.32230989383323,15.6938741347416,0.109011997569833,"f"
2580,-1.32240260843819,15.6946394745001,0.109032924342085,"f"
2581,-1.32249351196937,15.6954036081126,0.109053824027273,"f"
2582,-1.32258249846195,15.6961663123867,0.109074696324388,"f"
2583,-1.32266946195117,15.6969273641296,0.109095540932421,"f"
2584,-1.32275429647222,15.6976865401488,0.109116357550364,"f"
2585,-1.3228368960603,15.6984436172518,0.109137145877206,"f"
2586,-1.32291715475064,15.6991983722459,0.10915790561194,"f"
2587,-1.32299496657844,15.6999505819387,0.109178636453555,"f"
2588,-1.32307026428809,15.7007000895514,0.109199338373843,"f"
2589,-1.32314316935717,15.7014470621174,0.109220012674666,"f"
2590,-1.32321386069773,15.7021917652111,0.109240661062653,"f"
2591,-1.32328251723535,15.7029344644304,0.109261285244527,"f"
2592,-1.32334931789562,15.7036754253728,0.10928188692701,"f"
2593,-1.32341444160411,15.7044149136362,0.109302467816825,"f"
2594,-1.32347806728641,15.7051531948182,0.109323029620695,"f"
2595,-1.32354037386809,15.7058905345165,0.109343574045344,"f"
2596,-1.32360154027475,15.7066271983288,0.109364102797493,"f"
2597,-1.32366174543196,15.7073634518529,0.109384617583866,"f"
2598,-1.3237211682653,15.7080995606864,0.109405120111186,"f"
2599,-1.32377998770037,15.7088357904271,0.109425612086175,"f"
2600,-1.32383838266273,15.7095724066726,0.109446095215556,"f"
2601,-1.32389653207797,15.7103096750207,0.109466571206052,"f"
2602,-1.32395461487168,15.7110478610691,0.109487041764387,"f"
2603,-1.32401280996944,15.7117872304154,0.109507508597282,"f"
2604,-1.32407129629682,15.7125280486575,0.109527973411461,"f"
2605,-1.32413025277941,15.713270581393,0.109548437913646,"f"
2606,-1.3241898583428,15.7140150942195,0.109568903810561,"f"
2607,-1.32425029191256,15.7147618527349,0.109589372808929,"f"
2608,-1.32431173241427,15.7155111225368,0.109609846615471,"f"
2609,-1.32437435877353,15.7162631692229,0.109630326936911,"f"
2610,-1.32443834991591,15.717018258391,0.109650815479973,"f"
2611,-1.32450388476699,15.7177766556388,0.109671313951378,"f"
2612,-1.32457114225235,15.7185386265638,0.10969182405785,"f"
2613,-1.32464030129758,15.719304436764,0.109712347506111,"f"
2614,-1.32471154082827,15.7200743518369,0.109732886002884,"f"
2615,-1.32478503976998,15.7208486373803,0.109753441254893,"f"
2616,-1.3248609770483,15.7216275589919,0.10977401496886,"f"
2617,-1.32493953158883,15.7224113822693,0.109794608851507,"f"
2618,-1.32502088134565,15.7232003712599,0.109815224601555,"f"
2619,-1.32510509050755,15.7239946084382,0.109835862980524,"f"
2620,-1.32519200432018,15.7247938268397,0.109856522946278,"f"
2621,-1.32528144315174,15.7255977197949,0.109877203251739,"f"
2622,-1.32537322737045,15.7264059806341,0.109897902649832,"f"
2623,-1.32546717734451,15.7272183026877,0.109918619893479,"f"
2624,-1.32556311344214,15.7280343792862,0.109939353735605,"f"
2625,-1.32566085603155,15.72885390376,0.109960102929132,"f"
2626,-1.32576022548095,15.7296765694394,0.109980866226984,"f"
2627,-1.32586104215854,15.7305020696549,0.110001642382085,"f"
2628,-1.32596312643255,15.7313300977369,0.110022430147357,"f"
2629,-1.32606629867118,15.7321603470157,0.110043228275725,"f"
2630,-1.32617037924264,15.7329925108219,0.110064035520112,"f"
2631,-1.32627518851515,15.7338262824857,0.11008485063344,"f"
2632,-1.32638054685691,15.7346613553377,0.110105672368634,"f"
2633,-1.32648627463613,15.7354974227082,0.110126499478617,"f"
2634,-1.32659219222103,15.7363341779276,0.110147330716312,"f"
2635,-1.32669811997982,15.7371713143264,0.110168164834643,"f"
2636,-1.3268038782807,15.7380085252349,0.110189000586533,"f"
2637,-1.32690928749189,15.7388455039835,0.110209836724905,"f"
2638,-1.3270141679816,15.7396819439027,0.110230672002684,"f"
2639,-1.32711834011804,15.7405175383229,0.110251505172792,"f"
2640,-1.32722162426943,15.7413519805745,0.110272334988152,"f"
2641,-1.32732384080396,15.7421849639878,0.110293160201689,"f"
2642,-1.32742481008985,15.7430161818933,0.110313979566325,"f"
2643,-1.32752435249532,15.7438453276214,0.110334791834985,"f"
2644,-1.32762228838858,15.7446720945026,0.11035559576059,"f"
2645,-1.32771843813783,15.7454961758671,0.110376390096066,"f"
2646,-1.32781262211128,15.7463172650455,0.110397173594335,"f"
2647,-1.32790466067715,15.747135055368,0.11041794500832,"f"
2648,-1.32799437420365,15.7479492401653,0.110438703090946,"f"
2649,-1.32808162187252,15.748759590047,0.110459446697754,"f"
2650,-1.32816645021702,15.7495662486484,0.110480175179623,"f"
2651,-1.32824896222539,15.7503694720089,0.110500888036693,"f"
2652,-1.32832926089739,15.751169516191,0.110521584769135,"f"
2653,-1.32840744923279,15.751966637257,0.110542264877119,"f"
2654,-1.32848363023132,15.7527610912694,0.110562927860815,"f"
2655,-1.32855790689276,15.7535531342907,0.110583573220394,"f"
2656,-1.32863038221685,15.7543430223832,0.110604200456025,"f"
2657,-1.32870115920335,15.7551310116093,0.11062480906788,"f"
2658,-1.32877034085202,15.7559173580315,0.110645398556129,"f"
2659,-1.3288380301626,15.7567023177123,0.110665968420942,"f"
2660,-1.32890433013486,15.7574861467139,0.110686518162489,"f"
2661,-1.32896934376856,15.7582691010989,0.110707047280941,"f"
2662,-1.32903317406344,15.7590514369297,0.110727555276468,"f"
2663,-1.32909592401926,15.7598334102687,0.11074804164924,"f"
2664,-1.32915769663578,15.7606152771782,0.110768505899428,"f"
2665,-1.32921859491275,15.7613972937208,0.110788947527202,"f"
2666,-1.32927872184993,15.7621797159589,0.110809366032733,"f"
2667,-1.32933818044707,15.7629627999548,0.11082976091619,"f"
2668,-1.32939707370393,15.763746801771,0.110850131677745,"f"
2669,-1.32945550462027,15.7645319774699,0.110870477817567,"f"
2670,-1.32951357619583,15.7653185831139,0.110890798835827,"f"
2671,-1.32957139143038,15.7661068747655,0.110911094232696,"f"
2672,-1.32962905332367,15.7668971084871,0.110931363508342,"f"
2673,-1.32968666487546,15.767689540341,0.110951606162938,"f"
2674,-1.32974432908549,15.7684844263898,0.110971821696653,"f"
2675,-1.32980214895354,15.7692820226958,0.110992009609658,"f"
2676,-1.32986022747934,15.7700825853215,0.111012169402122,"f"
2677,-1.32991866766266,15.7708863703293,0.111032300574217,"f"
2678,-1.32997757250326,15.7716936337815,0.111052402626113,"f"
2679,-1.33003703997981,15.772504615907,0.111072475145203,"f"
2680,-1.33009709903122,15.7733193392221,0.11109251891821,"f"
2681,-1.33015772840164,15.7741376679568,0.111112535603814,"f"
2682,-1.33021890570363,15.7749594627729,0.111132526880356,"f"
2683,-1.33028060854975,15.7757845843323,0.111152494426174,"f"
2684,-1.33034281455255,15.7766128932967,0.111172439919607,"f"
2685,-1.33040550132459,15.777444250328,0.111192365038996,"f"
2686,-1.33046864647843,15.7782785160879,0.111212271462678,"f"
2687,-1.33053222762663,15.7791155512382,0.111232160868994,"f"
2688,-1.33059622238174,15.7799552164406,0.111252034936282,"f"
2689,-1.33066060835633,15.7807973723571,0.111271895342882,"f"
2690,-1.33072536316295,15.7816418796493,0.111291743767133,"f"
2691,-1.33079046441415,15.7824885989791,0.111311581887374,"f"
2692,-1.3308558897225,15.7833373910083,0.111331411381944,"f"
2693,-1.33092161670056,15.7841881163985,0.111351233929183,"f"
2694,-1.33098762296088,15.7850406358118,0.11137105120743,"f"
2695,-1.33105388611601,15.7858948099097,0.111390864895023,"f"
2696,-1.33112038377853,15.7867504993541,0.111410676670303,"f"
2697,-1.33118709356098,15.7876075648069,0.111430488211608,"f"
2698,-1.33125399307592,15.7884658669297,0.111450301197278,"f"
2699,-1.33132105993592,15.7893252663844,0.111470117305652,"f"
2700,-1.33138827175352,15.7901856238327,0.111489938215069,"f"
2701,-1.33145560614129,15.7910467999365,0.111509765603868,"f"
2702,-1.33152304071179,15.7919086553575,0.111529601150389,"f"
2703,-1.33159055307756,15.7927710507576,0.11154944653297,"f"
2704,-1.33165812085118,15.7936338467985,0.111569303429952,"f"
2705,-1.3317257216452,15.794496904142,0.111589173519673,"f"
2706,-1.33179333307217,15.7953600834499,0.111609058480472,"f"
2707,-1.33186093274465,15.796223245384,0.111628959990688,"f"
2708,-1.33192849827521,15.797086250606,0.111648879728662,"f"
2709,-1.33199600727639,15.7979489597778,0.111668819372731,"f"
2710,-1.3320634402142,15.7988112545985,0.11168878022457,"f"
2711,-1.33213079119054,15.7996731172996,0.111708761785853,"f"
2712,-1.33219805837595,15.800534560109,0.111728763021178,"f"
2713,-1.33226523994166,15.8013955952599,0.111748782895051,"f"
2714,-1.33233233405893,15.8022562349856,0.111768820371977,"f"
2715,-1.33239933889898,15.803116491519,0.111788874416461,"f"
2716,-1.33246625263306,15.8039763770935,0.111808943993009,"f"
2717,-1.33253307343241,15.8048359039421,0.111829028066127,"f"
2718,-1.33259979946826,15.8056950842981,0.111849125600319,"f"
2719,-1.33266642891186,15.8065539303945,0.111869235560091,"f"
2720,-1.33273295993446,15.8074124544647,0.111889356909948,"f"
2721,-1.33279939070728,15.8082706687416,0.111909488614396,"f"
2722,-1.33286571940156,15.8091285854585,0.111929629637941,"f"
2723,-1.33293194418856,15.8099862168486,0.111949778945086,"f"
2724,-1.33299806323951,15.810843575145,0.111969935500338,"f"
2725,-1.33306407472564,15.8117006725809,0.111990098268203,"f"
2726,-1.33312997681821,15.8125575213894,0.112010266213185,"f"
2727,-1.33319576768844,15.8134141338038,0.11203043829979,"f"
2728,-1.33326144550758,15.8142705220571,0.112050613492523,"f"
2729,-1.33332700844688,15.8151266983825,0.112070790755889,"f"
2730,-1.33339245467756,15.8159826750133,0.112090969054395,"f"
2731,-1.33345778237087,15.8168384641825,0.112111147352545,"f"
2732,-1.33352298969805,15.8176940781234,0.112131324614844,"f"
2733,-1.33358807483034,15.818549529069,0.112151499805799,"f"
2734,-1.33365303593899,15.8194048292526,0.112171671889914,"f"
2735,-1.33371787119522,15.8202599909073,0.112191839831695,"f"
2736,-1.33378257877028,15.8211150262663,0.112212002595647,"f"
2737,-1.33384715683542,15.8219699475628,0.112232159146276,"f"
2738,-1.33391160356187,15.8228247670298,0.112252308448086,"f"
2739,-1.33397591712086,15.8236794969007,0.112272449465584,"f"
2740,-1.33404009677633,15.8245341499945,0.11229258115383,"f"
2741,-1.33410415662641,15.8253887470873,0.112312702339675,"f"
2742,-1.33416812146002,15.8262433146889,0.112332811757568,"f"
2743,-1.3342320163021,15.8270978794362,0.11235290813992,"f"
2744,-1.33429586617759,15.8279524679658,0.112372990219141,"f"
2745,-1.33435969611142,15.8288071069142,0.11239305672764,"f"
2746,-1.33442353112854,15.8296618229183,0.112413106397828,"f"
2747,-1.33448739625388,15.8305166426145,0.112433137962115,"f"
2748,-1.33455131651238,15.8313715926397,0.112453150152911,"f"
2749,-1.33461531692898,15.8322266996304,0.112473141702626,"f"
2750,-1.33467942252862,15.8330819902232,0.11249311134367,"f"
2751,-1.33474365833624,15.833937491055,0.112513057808453,"f"
2752,-1.33480804937677,15.8347932287622,0.112532979829385,"f"
2753,-1.33487262067515,15.8356492299816,0.112552876138877,"f"
2754,-1.33493739725632,15.8365055213499,0.112572745469338,"f"
2755,-1.33500240414522,15.8373621295036,0.112592586553179,"f"
2756,-1.33506766636679,15.8382190810795,0.112612398122809,"f"
2757,-1.33513320894597,15.8390764027141,0.112632178910639,"f"
2758,-1.33519905690769,15.8399341210442,0.112651927649079,"f"
2759,-1.33526523527689,15.8407922627064,0.112671643070538,"f"
2760,-1.33533176907851,15.8416508543374,0.112691323907427,"f"
2761,-1.3353986833375,15.8425099225738,0.112710968892157,"f"
2762,-1.33546600307878,15.8433694940523,0.112730576757136,"f"
2763,-1.3355337533273,15.8442295954095,0.112750146234775,"f"
2764,-1.33560195910799,15.8450902532821,0.112769676057485,"f"
2765,-1.33567064544579,15.8459514943068,0.112789164957675,"f"
2766,-1.33573983736564,15.8468133451201,0.112808611667755,"f"
2767,-1.33580955989249,15.8476758323588,0.112828014920135,"f"
2768,-1.33587983805126,15.8485389826596,0.112847373447226,"f"
2769,-1.3359506968669,15.849402822659,0.112866685981438,"f"
2770,-1.33602216074036,15.85026737899,0.112885951273561,"f"
2771,-1.33609420919379,15.8511326780207,0.112905169396379,"f"
2772,-1.33616674753432,15.8519987456805,0.112924342608828,"f"
2773,-1.33623967410836,15.852865607858,0.112943473374883,"f"
2774,-1.33631288726233,15.8537332904418,0.112962564158519,"f"
2775,-1.33638628534267,15.8546018193204,0.112981617423712,"f"
2776,-1.33645976669579,15.8554712203822,0.113000635634437,"f"
2777,-1.33653322966812,15.8563415195158,0.113019621254671,"f"
2778,-1.33660657260608,15.8572127426097,0.113038576748388,"f"
2779,-1.3366796938561,15.8580849155525,0.113057504579564,"f"
2780,-1.3367524917646,15.8589580642326,0.113076407212175,"f"
2781,-1.336824864678,15.8598322145386,0.113095287110197,"f"
2782,-1.33689671094272,15.8607073923589,0.113114146737604,"f"
2783,-1.3369679289052,15.8615836235822,0.113132988558373,"f"
2784,-1.33703841691185,15.8624609340969,0.113151815036478,"f"
2785,-1.33710807330911,15.8633393497916,0.113170628635896,"f"
2786,-1.33717679644338,15.8642188965547,0.113189431820602,"f"
2787,-1.3372444846611,15.8650996002748,0.113208227054572,"f"
2788,-1.33731103630869,15.8659814868404,0.113227016801781,"f"
2789,-1.33737634973257,15.86686458214,0.113245803526204,"f"
2790,-1.33744032327917,15.8677489120621,0.113264589691818,"f"
2791,-1.33750285529491,15.8686345024953,0.113283377762598,"f"
2792,-1.33756384412621,15.8695213793281,0.113302170202519,"f"
2793,-1.33762318811951,15.870409568449,0.113320969475557,"f"
2794,-1.33768078562121,15.8712990957465,0.113339778045687,"f"
2795,-1.33773653497775,15.8721899871092,0.113358598376885,"f"
2796,-1.33779033453556,15.8730822684255,0.113377432933127,"f"
2797,-1.33784208264104,15.8739759655839,0.113396284178388,"f"
2798,-1.33789167764063,15.8748711044731,0.113415154576644,"f"
2799,-1.33793901788075,15.8757677109814,0.11343404659187,"f"
2800,-1.33798400170783,15.8766658109975,0.113452962688042,"f"
2801,-1.33802653921839,15.8775654296126,0.113471905166994,"f"
2802,-1.33806669801853,15.87846658123,0.113490874157056,"f"
2803,-1.3381046582356,15.879369272618,0.113509868233862,"f"
2804,-1.3381406024291,15.8802735103798,0.11352888593948,"f"
2805,-1.33817471315854,15.8811793011188,0.113547925815979,"f"
2806,-1.3382071729834,15.8820866514381,0.113566986405431,"f"
2807,-1.33823816446321,15.882995567941,0.113586066249903,"f"
2808,-1.33826787015745,15.8839060572306,0.113605163891466,"f"
2809,-1.33829647262564,15.8848181259104,0.11362427787219,"f"
2810,-1.33832415442726,15.8857317805834,0.113643406734144,"f"
2811,-1.33835109812182,15.886647027853,0.113662549019398,"f"
2812,-1.33837748626883,15.8875638743223,0.113681703270021,"f"
2813,-1.33840350142778,15.8884823265946,0.113700868028083,"f"
2814,-1.33842932615817,15.8894023912732,0.113720041835654,"f"
2815,-1.33845514301951,15.8903240749613,0.113739223234804,"f"
2816,-1.3384811345713,15.891247384262,0.113758410767601,"f"
2817,-1.33850748337303,15.8921723257788,0.113777602976116,"f"
2818,-1.33853437198422,15.8930989061147,0.113796798402418,"f"
2819,-1.33856198296436,15.8940271318731,0.113815995588577,"f"
2820,-1.33859049887295,15.8949570096572,0.113835193076663,"f"
2821,-1.33862010226949,15.8958885460702,0.113854389408745,"f"
2822,-1.33865097571349,15.8968217477153,0.113873583126892,"f"
2823,-1.33868330176444,15.8977566211958,0.113892772773175,"f"
2824,-1.33871726298186,15.898693173115,0.113911956889664,"f"
2825,-1.33875304192523,15.899631410076,0.113931134018427,"f"
2826,-1.33879082115406,15.9005713386822,0.113950302701534,"f"
2827,-1.33883078322785,15.9015129655367,0.113969461481055,"f"
2828,-1.33887311070611,15.9024562972428,0.113988608899061,"f"
2829,-1.33891798614833,15.9034013404037,0.114007743497619,"f"
2830,-1.33896559211401,15.9043481016227,0.1140268638188,"f"
2831,-1.33901610919928,15.9052965868576,0.11404596841057,"f"
2832,-1.33906958039067,15.9062467568324,0.114065056234119,"f"
2833,-1.33912582313702,15.9071984981342,0.114084126927899,"f"
2834,-1.33918463398104,15.9081516904782,0.114103180193142,"f"
2835,-1.33924580946548,15.9091062135793,0.114122215731079,"f"
2836,-1.33930914613306,15.9100619471527,0.114141233242941,"f"
2837,-1.3393744405265,15.9110187709134,0.114160232429961,"f"
2838,-1.33944148918853,15.9119765645765,0.114179212993369,"f"
2839,-1.33951008866188,15.912935207857,0.114198174634396,"f"
2840,-1.33958003548929,15.9138945804699,0.114217117054274,"f"
2841,-1.33965112621347,15.9148545621305,0.114236039954234,"f"
2842,-1.33972315737715,15.9158150325536,0.114254943035507,"f"
2843,-1.33979592552307,15.9167758714544,0.114273825999325,"f"
2844,-1.33986922719395,15.917736958548,0.114292688546919,"f"
2845,-1.33994285893252,15.9186981735494,0.114311530379521,"f"
2846,-1.3400166172815,15.9196593961736,0.114330351198361,"f"
2847,-1.34009029878363,15.9206205061358,0.114349150704671,"f"
2848,-1.34016369998163,15.9215813831509,0.114367928599683,"f"
2849,-1.34023661741823,15.9225419069341,0.114386684584627,"f"
2850,-1.34030884763616,15.9235019572005,0.114405418360735,"f"
2851,-1.34038018717814,15.924461413665,0.114424129629238,"f"
2852,-1.34045043258691,15.9254201560427,0.114442818091368,"f"
2853,-1.34051938040519,15.9263780640488,0.114461483448356,"f"
2854,-1.34058682717571,15.9273350173982,0.114480125401432,"f"
2855,-1.34065256944119,15.928290895806,0.11449874365183,"f"
2856,-1.34071640374437,15.9292455789874,0.114517337900779,"f"
2857,-1.34077812662798,15.9301989466573,0.114535907849511,"f"
2858,-1.34083753463473,15.9311508785308,0.114554453199258,"f"
2859,-1.34089442430737,15.932101254323,0.11457297365125,"f"
2860,-1.34094859218861,15.933049953749,0.11459146890672,"f"
2861,-1.34099983482119,15.9339968565237,0.114609938666898,"f"
2862,-1.34104801481848,15.9349418923651,0.114628382883528,"f"
2863,-1.34109326172433,15.9358851930055,0.114646802520446,"f"
2864,-1.3411357724838,15.9368269411873,0.114665198797044,"f"
2865,-1.34117574404193,15.9377673196526,0.114683572932715,"f"
2866,-1.34121337334379,15.9387065111437,0.114701926146852,"f"
2867,-1.34124885733443,15.9396446984028,0.114720259658847,"f"
2868,-1.3412823929589,15.9405820641721,0.114738574688093,"f"
2869,-1.34131417716226,15.9415187911938,0.114756872453982,"f"
2870,-1.34134440688956,15.9424550622101,0.114775154175908,"f"
2871,-1.34137327908586,15.9433910599633,0.114793421073264,"f"
2872,-1.3414009906962,15.9443269671955,0.114811674365441,"f"
2873,-1.34142773866565,15.945262966649,0.114829915271832,"f"
2874,-1.34145371993926,15.9461992410661,0.114848145011831,"f"
2875,-1.34147913146209,15.9471359731888,0.11486636480483,"f"
2876,-1.34150417017918,15.9480733457595,0.114884575870221,"f"
2877,-1.3415290330356,15.9490115415203,0.114902779427398,"f"
2878,-1.34155391697639,15.9499507432135,0.114920976695753,"f"
2879,-1.34157901894662,15.9508911335813,0.114939168894678,"f"
2880,-1.34160453589133,15.9518328953659,0.114957357243567,"f"
2881,-1.34163066475558,15.9527762113095,0.114975542961813,"f"
2882,-1.34165760248443,15.9537212641544,0.114993727268807,"f"
2883,-1.34168554602292,15.9546682366427,0.115011911383942,"f"
2884,-1.34171469231613,15.9556173115167,0.115030096526612,"f"
2885,-1.34174523830909,15.9565686715185,0.115048283916209,"f"
2886,-1.34177738094686,15.9575224993905,0.115066474772126,"f"
2887,-1.3418113171745,15.9584789778748,0.115084670313755,"f"
2888,-1.34184724393707,15.9594382897137,0.115102871760489,"f"
2889,-1.34188535817961,15.9604006176493,0.115121080331722,"f"
2890,-1.34192585684718,15.9613661444239,0.115139297246844,"f"
2891,-1.34196893688483,15.9623350527796,0.11515752372525,"f"
2892,-1.34201479336155,15.9633075231461,0.11517576097057,"f"
2893,-1.34206349317186,15.9642835779453,0.115194009109556,"f"
2894,-1.34211489500311,15.9652629829318,0.115212266519677,"f"
2895,-1.34216883846938,15.9662454803471,0.115230531418152,"f"
2896,-1.34222516318478,15.9672308124331,0.115248802022204,"f"
2897,-1.34228370876339,15.9682187214315,0.115267076549052,"f"
2898,-1.34234431481932,15.9692089495839,0.115285353215918,"f"
2899,-1.34240682096665,15.9702012391323,0.115303630240023,"f"
2900,-1.34247106681948,15.9711953323182,0.115321905838586,"f"
2901,-1.34253689199191,15.9721909713835,0.115340178228829,"f"
2902,-1.34260413609803,15.9731878985698,0.115358445627973,"f"
2903,-1.34267263875192,15.974185856119,0.115376706253238,"f"
2904,-1.3427422395677,15.9751845862727,0.115394958321845,"f"
2905,-1.34281277815945,15.9761838312727,0.115413200051016,"f"
2906,-1.34288409414126,15.9771833333607,0.11543142965797,"f"
2907,-1.34295602712723,15.9781828347785,0.115449645359929,"f"
2908,-1.34302841673146,15.9791820777678,0.115467845374113,"f"
2909,-1.34310110256803,15.9801808045703,0.115486027917744,"f"
2910,-1.34317392425104,15.9811787574278,0.115504191208041,"f"
2911,-1.3432467213946,15.9821756785821,0.115522333462226,"f"
2912,-1.34331933361278,15.9831713102748,0.11554045289752,"f"
2913,-1.34339160051968,15.9841653947477,0.115558547731143,"f"
2914,-1.34346336172941,15.9851576742426,0.115576616180316,"f"
2915,-1.34353445685605,15.9861478910011,0.11559465646226,"f"
2916,-1.3436047255137,15.9871357872651,0.115612666794196,"f"
2917,-1.34367400731644,15.9881211052762,0.115630645393344,"f"
2918,-1.34374214187839,15.9891035872762,0.115648590476926,"f"
2919,-1.34380896881362,15.9900829755068,0.115666500262161,"f"
2920,-1.34387432773624,15.9910590122099,0.115684372966272,"f"
2921,-1.34393805826033,15.992031439627,0.115702206806478,"f"
2922,-1.344,15.993,0.11572,"f"
2923,-1.34406002097329,15.9939645357042,0.115737751445811,"f"
2924,-1.34411810281406,15.9949252896495,0.115755462769885,"f"
2925,-1.34417425556012,15.9958826048793,0.115773136279949,"f"
2926,-1.34422848924928,15.9968368244372,0.115790774283729,"f"
2927,-1.34428081391937,15.9977882913666,0.115808379088952,"f"
2928,-1.34433123960818,15.9987373487109,0.115825953003344,"f"
2929,-1.34437977635354,15.9996843395137,0.115843498334631,"f"
2930,-1.34442643419326,16.0006296068185,0.11586101739054,"f"
2931,-1.34447122316515,16.0015734936688,0.115878512478797,"f"
2932,-1.34451415330703,16.0025163431079,0.115895985907128,"f"
2933,-1.3445552346567,16.0034584981794,0.11591343998326,"f"
2934,-1.34459447725198,16.0044003019268,0.115930877014919,"f"
2935,-1.34463189113069,16.0053420973935,0.115948299309831,"f"
2936,-1.34466748633063,16.0062842276231,0.115965709175724,"f"
2937,-1.34470127288962,16.007227035659,0.115983108920322,"f"
2938,-1.34473326084547,16.0081708645447,0.116000500851353,"f"
2939,-1.344763460236,16.0091160573236,0.116017887276543,"f"
2940,-1.34479188109901,16.0100629570393,0.116035270503617,"f"
2941,-1.34481853347233,16.0110119067352,0.116052652840304,"f"
2942,-1.34484342739376,16.0119632494548,0.116070036594328,"f"
2943,-1.34486657290112,16.0129173282417,0.116087424073416,"f"
2944,-1.34488798003222,16.0138744861392,0.116104817585295,"f"
2945,-1.34490765882487,16.0148350661908,0.116122219437691,"f"
2946,-1.34492561931689,16.0157994114401,0.116139631938331,"f"
2947,-1.34494187154609,16.0167678649304,0.116157057394939,"f"
2948,-1.34495642555028,16.0177407697054,0.116174498115244,"f"
2949,-1.34496929136727,16.0187184688084,0.116191956406972,"f"
2950,-1.34498047903489,16.019701305283,0.116209434577847,"f"
2951,-1.34498999859094,16.0206896221726,0.116226934935598,"f"
2952,-1.34499786007323,16.0216837625208,0.116244459787951,"f"
2953,-1.34500407935189,16.0226840332565,0.116262011194167,"f"
2954,-1.34500873596366,16.0236903470773,0.116279588501235,"f"
2955,-1.34501194863909,16.0247023739878,0.116297189386439,"f"
2956,-1.3450138366824,16.0257197804402,0.116314811502623,"f"
2957,-1.34501451939783,16.026742232887,0.116332452502631,"f"
2958,-1.3450141160896,16.0277693977802,0.116350110039308,"f"
2959,-1.34501274606193,16.0288009415724,0.116367781765497,"f"
2960,-1.34501052861905,16.0298365307157,0.116385465334045,"f"
2961,-1.34500758306519,16.0308758316624,0.116403158397794,"f"
2962,-1.34500402870458,16.0319185108649,0.11642085860959,"f"
2963,-1.34499998484144,16.0329642347754,0.116438563622276,"f"
2964,-1.34499557078,16.0340126698463,0.116456271088697,"f"
2965,-1.34499090582448,16.0350634825298,0.116473978661698,"f"
2966,-1.34498610927912,16.0361163392782,0.116491683994122,"f"
2967,-1.34498130044813,16.0371709065439,0.116509384738815,"f"
2968,-1.34497659863575,16.0382268507791,0.11652707854862,"f"
2969,-1.3449721231462,16.0392838384361,0.116544763076382,"f"
2970,-1.34496799328371,16.0403415359672,0.116562435974946,"f"
2971,-1.34496432835251,16.0413996098248,0.116580094897156,"f"
2972,-1.34496124765681,16.042457726461,0.116597737495855,"f"
2973,-1.34495887050086,16.0435155523283,0.11661536142389,"f"
2974,-1.34495731618887,16.0445727538788,0.116632964334103,"f"
2975,-1.34495670402507,16.045628997565,0.116650543879339,"f"
2976,-1.34495715331369,16.0466839498391,0.116668097712444,"f"
2977,-1.34495878335895,16.0477372771533,0.11668562348626,"f"
2978,-1.34496171346509,16.04878864596,0.116703118853633,"f"
2979,-1.34496606293632,16.0498377227116,0.116720581467407,"f"
2980,-1.34497195107688,16.0508841738601,0.116738008980426,"f"
2981,-1.34497949719099,16.0519276658581,0.116755399045535,"f"
2982,-1.34498882058288,16.0529678651578,0.116772749315578,"f"
2983,-1.34500004055677,16.0540044382114,0.1167900574434,"f"
2984,-1.34501324560162,16.0550371601995,0.116807321708527,"f"
2985,-1.345028402168,16.0560662369011,0.116824542872356,"f"
2986,-1.3450454464995,16.0570919806772,0.116841722310592,"f"
2987,-1.34506431483974,16.0581147038887,0.116858861398943,"f"
2988,-1.34508494343233,16.0591347188965,0.116875961513116,"f"
2989,-1.34510726852088,16.0601523380615,0.116893024028817,"f"
2990,-1.34513122634899,16.0611678737446,0.116910050321753,"f"
2991,-1.34515675316028,16.0621816383068,0.116927041767631,"f"
2992,-1.34518378519836,16.0631939441089,0.116943999742158,"f"
2993,-1.34521225870683,16.0642051035118,0.116960925621041,"f"
2994,-1.3452421099293,16.0652154288765,0.116977820779987,"f"
2995,-1.34527327510939,16.0662252325639,0.116994686594702,"f"
2996,-1.3453056904907,16.0672348269348,0.117011524440893,"f"
2997,-1.34533929231684,16.0682445243502,0.117028335694268,"f"
2998,-1.34537401683142,16.0692546371711,0.117045121730532,"f"
2999,-1.34540980027805,16.0702654777583,0.117061883925393,"f"
3000,-1.34544657890034,16.0712773584726,0.117078623654558,"f"
3001,-1.3454842889419,16.0722905916752,0.117095342293734,"f"
3002,-1.34552286664633,16.0733054897267,0.117112041218627,"f"
3003,-1.34556224825725,16.0743223649883,0.117128721804944,"f"
3004,-1.34560237001827,16.0753415298207,0.117145385428393,"f"
3005,-1.34564316817299,16.0763632965849,0.117162033464679,"f"
3006,-1.34568457896502,16.0773879776417,0.11717866728951,"f"
3007,-1.34572653863798,16.0784158853522,0.117195288278593,"f"
3008,-1.34576898343547,16.0794473320772,0.117211897807634,"f"
3009,-1.34581184960111,16.0804826301776,0.117228497252341,"f"
3010,-1.34585507337849,16.0815220920144,0.117245087988419,"f"
3011,-1.34589859101123,16.0825660299484,0.117261671391577,"f"
3012,-1.34594233874295,16.0836147563405,0.117278248837521,"f"
3013,-1.34598625281724,16.0846685835517,0.117294821701957,"f"
3014,-1.34603026859167,16.0857277882345,0.117311391273718,"f"
3015,-1.34607431186503,16.0867922618137,0.117327957904409,"f"
3016,-1.3461183026039,16.0878616606717,0.117344521373801,"f"
3017,-1.34616216069166,16.0889356378371,0.117361081453502,"f"
3018,-1.3462058060117,16.0900138463387,0.117377637915124,"f"
3019,-1.34624915844738,16.0910959392053,0.117394190530275,"f"
3020,-1.34629213788209,16.0921815694655,0.117410739070567,"f"
3021,-1.34633466419919,16.0932703901482,0.117427283307609,"f"
3022,-1.34637665728208,16.0943620542819,0.117443823013011,"f"
3023,-1.34641803701412,16.0954562148956,0.117460357958383,"f"
3024,-1.3464587232787,16.0965525250178,0.117476887915336,"f"
3025,-1.34649863595919,16.0976506376773,0.117493412655479,"f"
3026,-1.34653769493896,16.0987502059028,0.117509931950422,"f"
3027,-1.3465758201014,16.0998508827232,0.117526445571776,"f"
3028,-1.34661293132989,16.100952321167,0.11754295329115,"f"
3029,-1.3466489485078,16.1020541742631,0.117559454880155,"f"
3030,-1.3466837915185,16.1031560950401,0.1175759501104,"f"
3031,-1.34671738024538,16.1042577365269,0.117592438753496,"f"
3032,-1.34674963457181,16.105358751752,0.117608920581052,"f"
3033,-1.34678047438118,16.1064587937443,0.11762539536468,"f"
3034,-1.34680981955685,16.1075575155326,0.117641862875988,"f"
3035,-1.3468375899822,16.1086545701454,0.117658322886587,"f"
3036,-1.34686370554062,16.1097496106115,0.117674775168086,"f"
3037,-1.34688808611548,16.1108422899598,0.117691219492097,"f"
3038,-1.34691065159015,16.1119322612188,0.117707655630229,"f"
3039,-1.34693132184802,16.1130191774174,0.117724083354091,"f"
3040,-1.34695001677246,16.1141026915842,0.117740502435295,"f"
3041,-1.34696665624685,16.1151824567481,0.117756912645449,"f"
3042,-1.34698116015457,16.1162581259376,0.117773313756165,"f"
3043,-1.34699344837899,16.1173293521817,0.117789705539052,"f"
3044,-1.3470034429234,16.118395794424,0.117806087771199,"f"
3045,-1.34701116386664,16.1194573852676,0.117822460483168,"f"
3046,-1.34701676857575,16.1205144403887,0.117838824060336,"f"
3047,-1.34702042465938,16.1215673040409,0.117855178914552,"f"
3048,-1.34702229972617,16.1226163204774,0.117871525457662,"f"
3049,-1.34702256138476,16.1236618339518,0.117887864101514,"f"
3050,-1.34702137724379,16.1247041887173,0.117904195257954,"f"
3051,-1.34701891491191,16.1257437290275,0.11792051933883,"f"
3052,-1.34701534199777,16.1267807991357,0.11793683675599,"f"
3053,-1.34701082611,16.1278157432953,0.11795314792128,"f"
3054,-1.34700553485724,16.1288489057597,0.117969453246548,"f"
3055,-1.34699963584815,16.1298806307823,0.117985753143641,"f"
3056,-1.34699329669136,16.1309112626166,0.118002048024406,"f"
3057,-1.34698668499551,16.1319411455159,0.11801833830069,"f"
3058,-1.34697996836926,16.1329706237336,0.118034624384341,"f"
3059,-1.34697331442123,16.1340000415231,0.118050906687205,"f"
3060,-1.34696689076009,16.1350297431379,0.118067185621131,"f"
3061,-1.34696086499446,16.1360600728313,0.118083461597965,"f"
3062,-1.34695540473299,16.1370913748567,0.118099735029554,"f"
3063,-1.34695067758432,16.1381239934676,0.118116006327746,"f"
3064,-1.34694685115711,16.1391582729173,0.118132275904388,"f"
3065,-1.34694409305998,16.1401945574593,0.118148544171328,"f"
3066,-1.34694257090159,16.1412331913469,0.118164811540411,"f"
3067,-1.34694245229057,16.1422745188335,0.118181078423486,"f"
3068,-1.34694390483557,16.1433188841727,0.1181973452324,"f"
3069,-1.34694709614524,16.1443666316176,0.118213612379,"f"
3070,-1.34695219382821,16.1454181054219,0.118229880275134,"f"
3071,-1.34695936549313,16.1464736498387,0.118246149332648,"f"
3072,-1.34696877874864,16.1475336091217,0.118262419963389,"f"
3073,-1.34698060120339,16.1485983275241,0.118278692579206,"f"
3074,-1.34699500046601,16.1496681492994,0.118294967591945,"f"
3075,-1.34701212560892,16.1507433865659,0.118311245333942,"f"
3076,-1.34703192807073,16.1518240088168,0.11832752528978,"f"
3077,-1.34705423977831,16.1529097783557,0.118343806431397,"f"
3078,-1.3470788909969,16.1540004546053,0.118360087723601,"f"
3079,-1.34710571199172,16.1550957969884,0.118376368131202,"f"
3080,-1.34713453302798,16.1561955649276,0.118392646619008,"f"
3081,-1.34716518437092,16.1572995178459,0.118408922151829,"f"
3082,-1.34719749628576,16.1584074151658,0.118425193694474,"f"
3083,-1.34723129903773,16.1595190163103,0.118441460211751,"f"
3084,-1.34726642289204,16.160634080702,0.118457720668471,"f"
3085,-1.34730269811393,16.1617523677638,0.118473974029441,"f"
3086,-1.34733995496861,16.1628736369183,0.118490219259471,"f"
3087,-1.34737802372131,16.1639976475883,0.11850645532337,"f"
3088,-1.34741673463726,16.1651241591966,0.118522681185947,"f"
3089,-1.34745591798168,16.1662529311659,0.118538895812012,"f"
3090,-1.34749540401979,16.1673837229191,0.118555098166372,"f"
3091,-1.34753502301683,16.1685162938788,0.118571287213838,"f"
3092,-1.347574605238,16.1696504034678,0.118587461919218,"f"
3093,-1.34761398094854,16.1707858111089,0.118603621247322,"f"
3094,-1.34765298041367,16.1719222762249,0.118619764162957,"f"
3095,-1.34769143389861,16.1730595582384,0.118635889630935,"f"
3096,-1.3477291716686,16.1741974165723,0.118651996616063,"f"
3097,-1.34776602398885,16.1753356106493,0.118668084083151,"f"
3098,-1.34780182112458,16.1764738998921,0.118684150997007,"f"
3099,-1.34783639334103,16.1776120437236,0.118700196322441,"f"
3100,-1.34786957090342,16.1787498015665,0.118716219024262,"f"
3101,-1.34790118407696,16.1798869328435,0.118732218067279,"f"
3102,-1.34793106312689,16.1810231969774,0.118748192416301,"f"
3103,-1.34795903831843,16.182158353391,0.118764141036137,"f"
3104,-1.34798493991681,16.183292161507,0.118780062891596,"f"
3105,-1.34800860038132,16.1844243837736,0.118795956959115,"f"
3106,-1.34802995155524,16.1855549196783,0.118811822741859,"f"
3107,-1.34804906318413,16.1866838588608,0.11882766047386,"f"
3108,-1.34806601517139,16.1878113049672,0.118843470442986,"f"
3109,-1.3480808874204,16.1889373616435,0.118859252937107,"f"
3110,-1.34809375983455,16.1900621325359,0.118875008244091,"f"
3111,-1.34810471231724,16.1911857212904,0.118890736651806,"f"
3112,-1.34811382477183,16.1923082315531,0.118906438448122,"f"
3113,-1.34812117710173,16.1934297669701,0.118922113920906,"f"
3114,-1.34812684921032,16.1945504311875,0.118937763358028,"f"
3115,-1.34813092100098,16.1956703278515,0.118953387047356,"f"
3116,-1.3481334723771,16.196789560608,0.118968985276759,"f"
3117,-1.34813458324208,16.1979082331031,0.118984558334105,"f"
3118,-1.34813433349929,16.1990264489831,0.119000106507263,"f"
3119,-1.34813280305212,16.2001443118938,0.119015630084101,"f"
3120,-1.34813007180396,16.2012619254815,0.119031129352488,"f"
3121,-1.3481262196582,16.2023793933923,0.119046604600294,"f"
3122,-1.34812132651823,16.2034968192721,0.119062056115385,"f"
3123,-1.34811547228742,16.2046143067672,0.119077484185632,"f"
3124,-1.34810873686918,16.2057319595236,0.119092889098902,"f"
3125,-1.34810120016688,16.2068498811873,0.119108271143064,"f"
3126,-1.34809294208391,16.2079681754045,0.119123630605988,"f"
3127,-1.34808404252366,16.2090869458213,0.11913896777554,"f"
3128,-1.34807458138951,16.2102062960838,0.119154282939591,"f"
3129,-1.34806463858486,16.2113263298379,0.119169576386008,"f"
3130,-1.34805429401309,16.2124471507299,0.119184848402661,"f"
3131,-1.34804362757759,16.2135688624059,0.119200099277417,"f"
3132,-1.34803271918173,16.2146915685118,0.119215329298146,"f"
3133,-1.34802164872892,16.2158153726939,0.119230538752716,"f"
3134,-1.34801049612254,16.2169403785981,0.119245727928996,"f"
3135,-1.34799934126541,16.2180666898654,0.119260897114873,"f"
3136,-1.34798826088079,16.2191943799626,0.119276046711711,"f"
3137,-1.34797732103551,16.2203234212295,0.119291177501175,"f"
3138,-1.34796658556651,16.2214537648438,0.119306290344514,"f"
3139,-1.34795611831069,16.2225853619833,0.119321386102976,"f"
3140,-1.34794598310496,16.223718163826,0.11933646563781,"f"
3141,-1.34793624378626,16.2248521215496,0.119351529810265,"f"
3142,-1.34792696419149,16.225987186332,0.119366579481588,"f"
3143,-1.34791820815756,16.227123309351,0.119381615513028,"f"
3144,-1.3479100395214,16.2282604417845,0.119396638765835,"f"
3145,-1.34790252211992,16.2293985348102,0.119411650101255,"f"
3146,-1.34789571979003,16.2305375396061,0.119426650380539,"f"
3147,-1.34788969636866,16.23167740735,0.119441640464934,"f"
3148,-1.34788451569271,16.2328180892196,0.119456621215688,"f"
3149,-1.3478802415991,16.2339595363928,0.119471593494051,"f"
3150,-1.34787693792476,16.2351017000476,0.119486558161271,"f"
3151,-1.34787466850659,16.2362445313616,0.119501516078596,"f"
3152,-1.34787349718151,16.2373879815128,0.119516468107276,"f"
3153,-1.34787348778644,16.2385320016789,0.119531415108557,"f"
3154,-1.34787470415829,16.2396765430379,0.119546357943689,"f"
3155,-1.34787721013398,16.2408215567675,0.119561297473921,"f"
3156,-1.34788106955042,16.2419669940456,0.119576234560501,"f"
3157,-1.34788634624454,16.24311280605,0.119591170064676,"f"
3158,-1.34789310405324,16.2442589439586,0.119606104847697,"f"
3159,-1.34790140681344,16.2454053589491,0.119621039770811,"f"
3160,-1.34791131836206,16.2465520021995,0.119635975695267,"f"
3161,-1.34792290253601,16.2476988248875,0.119650913482314,"f"
3162,-1.34793622317222,16.2488457781911,0.119665853993199,"f"
3163,-1.34795134410759,16.249992813288,0.119680798089172,"f"
3164,-1.34796832917904,16.251139881356,0.11969574663148,"f"
3165,-1.34798724222349,16.2522869335731,0.119710700481373,"f"
3166,-1.34800814538488,16.2534339220864,0.119725660479442,"f"
3167,-1.34803102571096,16.2545808420424,0.119740626549989,"f"
3168,-1.3480557669593,16.2557277477304,0.119755597357014,"f"
3169,-1.34808224537547,16.256874697741,0.119770571472863,"f"
3170,-1.34811033720501,16.258021750665,0.119785547469876,"f"
3171,-1.3481399186935,16.2591689650929,0.119800523920399,"f"
3172,-1.3481708660865,16.2603163996152,0.119815499396775,"f"
3173,-1.34820305562958,16.2614641128228,0.119830472471346,"f"
3174,-1.34823636356828,16.262612163306,0.119845441716456,"f"
3175,-1.34827066614818,16.2637606096557,0.119860405704448,"f"
3176,-1.34830583961484,16.2649095104624,0.119875363007666,"f"
3177,-1.34834176021382,16.2660589243167,0.119890312198453,"f"
3178,-1.34837830419068,16.2672089098093,0.119905251849152,"f"
3179,-1.34841534779099,16.2683595255308,0.119920180532107,"f"
3180,-1.34845276726031,16.2695108300717,0.119935096819661,"f"
3181,-1.3484904388442,16.2706628820228,0.119949999284157,"f"
3182,-1.34852823878822,16.2718157399746,0.119964886497938,"f"
3183,-1.34856604333794,16.2729694625178,0.119979757033348,"f"
3184,-1.34860372873891,16.274124108243,0.119994609462731,"f"
3185,-1.34864117123671,16.2752797357408,0.120009442358429,"f"
3186,-1.34867824707689,16.2764364036018,0.120024254292785,"f"
3187,-1.34871483250501,16.2775941704167,0.120039043838144,"f"
3188,-1.34875080376664,16.2787530947761,0.120053809566849,"f"
3189,-1.34878603710734,16.2799132352705,0.120068550051242,"f"
3190,-1.34882040877268,16.2810746504907,0.120083263863667,"f"
3191,-1.34885379500821,16.2822373990272,0.120097949576467,"f"
3192,-1.3488860720595,16.2834015394707,0.120112605761986,"f"
3193,-1.3489171161721,16.2845671304118,0.120127230992567,"f"
3194,-1.34894680359159,16.2857342304411,0.120141823840554,"f"
3195,-1.34897501056353,16.2869028981492,0.120156382878289,"f"
3196,-1.34900161333856,16.288073192122,0.120170906678235,"f"
3197,-1.34902651315799,16.2892451474544,0.120185394398531,"f"
3198,-1.34904969419703,16.2904187212843,0.120199847140936,"f"
3199,-1.34907115781226,16.2915938545994,0.120214266409868,"f"
3200,-1.3490909053603,16.2927704883874,0.120228653709746,"f"
3201,-1.34910893819773,16.2939485636359,0.120243010544991,"f"
3202,-1.34912525768116,16.2951280213325,0.120257338420019,"f"
3203,-1.34913986516717,16.296308802465,0.120271638839251,"f"
3204,-1.34915276201237,16.2974908480209,0.120285913307104,"f"
3205,-1.34916394957335,16.298674098988,0.120300163327999,"f"
3206,-1.3491734292067,16.2998584963538,0.120314390406353,"f"
3207,-1.34918120226904,16.3010439811061,0.120328596046585,"f"
3208,-1.34918727011694,16.3022304942325,0.120342781753115,"f"
3209,-1.34919163410701,16.3034179767206,0.120356949030361,"f"
3210,-1.34919429559585,16.3046063695581,0.120371099382743,"f"
3211,-1.34919525594004,16.3057956137326,0.120385234314678,"f"
3212,-1.3491945164962,16.3069856502318,0.120399355330586,"f"
3213,-1.34919207862091,16.3081764200434,0.120413463934886,"f"
3214,-1.34918794367076,16.3093678641551,0.120427561631996,"f"
3215,-1.34918211300237,16.3105599235543,0.120441649926336,"f"
3216,-1.34917458797232,16.3117525392289,0.120455730322323,"f"
3217,-1.34916536993721,16.3129456521665,0.120469804324378,"f"
3218,-1.34915446025363,16.3141392033547,0.120483873436919,"f"
3219,-1.34914186027819,16.3153331337812,0.120497939164365,"f"
3220,-1.34912757136748,16.3165273844336,0.120512003011134,"f"
3221,-1.34911159487809,16.3177218962996,0.120526066481646,"f"
3222,-1.34909393216662,16.3189166103668,0.120540131080319,"f"
3223,-1.34907458458968,16.320111467623,0.120554198311572,"f"
3224,-1.34905355350385,16.3213064090556,0.120568269679825,"f"
3225,-1.34903084026573,16.3225013756525,0.120582346689495,"f"
3226,-1.34900644623192,16.3236963084013,0.120596430845002,"f"
3227,-1.34898038098964,16.3248911580357,0.120610523451852,"f"
3228,-1.34895272656268,16.3260859610634,0.120624624064935,"f"
3229,-1.34892360261373,16.3272807985614,0.120638731329506,"f"
3230,-1.34889312912689,16.3284757519874,0.120652843883051,"f"
3231,-1.34886142608626,16.3296709027987,0.120666960363055,"f"
3232,-1.34882861347592,16.330866332453,0.120681079407006,"f"
3233,-1.34879481127997,16.3320621224077,0.120695199652388,"f"
3234,-1.34876013948251,16.3332583541205,0.120709319736688,"f"
3235,-1.34872471806762,16.3344551090488,0.120723438297392,"f"
3236,-1.3486886670194,16.3356524686502,0.120737553971985,"f"
3237,-1.34865210632196,16.3368505143822,0.120751665397955,"f"
3238,-1.34861515595937,16.3380493277024,0.120765771212786,"f"
3239,-1.34857793591574,16.3392489900683,0.120779870053965,"f"
3240,-1.34854056617515,16.3404495829374,0.120793960558977,"f"
3241,-1.34850316672171,16.3416511877673,0.12080804136531,"f"
3242,-1.3484658575395,16.3428538860156,0.120822111110448,"f"
3243,-1.34842875861263,16.3440577591396,0.120836168431878,"f"
3244,-1.34839198992518,16.3452628885971,0.120850211967085,"f"
3245,-1.34835567146125,16.3464693558454,0.120864240353557,"f"
3246,-1.34831992320493,16.3476772423423,0.120878252228778,"f"
3247,-1.34828486514032,16.3488866295451,0.120892246230235,"f"
3248,-1.34825061725151,16.3500975989114,0.120906220995413,"f"
3249,-1.3482172995226,16.3513102318989,0.120920175161799,"f"
3250,-1.34818503193767,16.3525246099649,0.120934107366879,"f"
3251,-1.34815393448083,16.3537408145671,0.120948016248139,"f"
3252,-1.34812412713617,16.3549589271629,0.120961900443065,"f"
3253,-1.34809572988777,16.35617902921,0.120975758589142,"f"
3254,-1.34806886271975,16.3574012021659,0.120989589323857,"f"
3255,-1.34804364561618,16.358625527488,0.121003391284695,"f"
3256,-1.34802019856116,16.359852086634,0.121017163109144,"f"
3257,-1.3479986415301,16.3610809610535,0.121030903434844,"f"
3258,-1.34797905761651,16.3623121990867,0.121044611562073,"f"
3259,-1.34796140871774,16.3635457402732,0.121058288968569,"f"
3260,-1.34794563187382,16.3647815018379,0.121071937578665,"f"
3261,-1.34793166412474,16.3660194010054,0.121085559316695,"f"
3262,-1.34791944251055,16.3672593550006,0.121099156106994,"f"
3263,-1.34790890407124,16.3685012810482,0.121112729873896,"f"
3264,-1.34789998584685,16.369745096373,0.121126282541736,"f"
3265,-1.34789262487738,16.3709907181997,0.121139816034846,"f"
3266,-1.34788675820286,16.3722380637531,0.121153332277562,"f"
3267,-1.3478823228633,16.3734870502579,0.121166833194217,"f"
3268,-1.34787925589872,16.3747375949389,0.121180320709146,"f"
3269,-1.34787749434914,16.375989615021,0.121193796746683,"f"
3270,-1.34787697525457,16.3772430277287,0.121207263231162,"f"
3271,-1.34787763565503,16.378497750287,0.121220722086917,"f"
3272,-1.34787941259055,16.3797536999205,0.121234175238282,"f"
3273,-1.34788224310113,16.381010793854,0.121247624609592,"f"
3274,-1.3478860642268,16.3822689493123,0.121261072125181,"f"
3275,-1.34789081300756,16.3835280835201,0.121274519709383,"f"
3276,-1.34789642648345,16.3847881137022,0.121287969286531,"f"
3277,-1.34790284169448,16.3860489570834,0.121301422780961,"f"
3278,-1.34790999568066,16.3873105308884,0.121314882117006,"f"
3279,-1.34791782548201,16.388572752342,0.121328349219001,"f"
3280,-1.34792626813855,16.3898355386689,0.121341826011279,"f"
3281,-1.3479352606903,16.3910988070939,0.121355314418175,"f"
3282,-1.34794474017728,16.3923624748418,0.121368816364023,"f"
3283,-1.3479546436395,16.3936264591373,0.121382333773158,"f"
3284,-1.34796490811697,16.3948906772052,0.121395868569912,"f"
3285,-1.34797547064973,16.3961550462702,0.121409422678621,"f"
3286,-1.34798626827778,16.3974194835572,0.121422998023619,"f"
3287,-1.34799723804114,16.3986839062908,0.12143659652924,"f"
3288,-1.34800831567959,16.3999482333382,0.12145021976404,"f"
3289,-1.34801942561593,16.4012123978616,0.1214638662,"f"
3290,-1.34803048644596,16.4024763403834,0.12147753271469,"f"
3291,-1.34804141671729,16.403740001487,0.121491216172505,"f"
3292,-1.34805213497757,16.4050033217557,0.121504913437839,"f"
3293,-1.34806255977442,16.4062662417729,0.121518621375086,"f"
3294,-1.34807260965546,16.4075287021218,0.121532336848641,"f"
3295,-1.34808220316833,16.4087906433859,0.121546056722897,"f"
3296,-1.34809125886064,16.4100520061483,0.12155977786225,"f"
3297,-1.34809969528004,16.4113127309926,0.121573497131092,"f"
3298,-1.34810743097414,16.4125727585019,0.121587211393819,"f"
3299,-1.34811438449059,16.4138320292597,0.121600917514824,"f"
3300,-1.34812047437699,16.4150904838492,0.121614612358503,"f"
3301,-1.34812561918099,16.4163480628538,0.121628292789248,"f"
3302,-1.34812973745021,16.4176047068569,0.121641955671456,"f"
3303,-1.34813274773227,16.4188603564417,0.121655597869518,"f"
3304,-1.34813456857482,16.4201149521916,0.121669216247831,"f"
3305,-1.34813511852546,16.4213684346899,0.121682807670788,"f"
3306,-1.34813431613184,16.42262074452,0.121696369002783,"f"
3307,-1.34813207994158,16.4238718222652,0.121709897108211,"f"
3308,-1.34812832850231,16.4251216085087,0.121723388851466,"f"
3309,-1.34812298036166,16.426370043834,0.121736841096942,"f"
3310,-1.34811595406725,16.4276170688244,0.121750250709033,"f"
3311,-1.34810716816672,16.4288626240632,0.121763614552134,"f"
3312,-1.34809654120768,16.4301066501338,0.121776929490639,"f"
3313,-1.34808399173778,16.4313490876194,0.121790192388942,"f"
3314,-1.34806943830463,16.4325898771034,0.121803400111438,"f"
3315,-1.34805279945587,16.4338289591692,0.12181654952252,"f"
3316,-1.34803399373912,16.4350662744,0.121829637486583,"f"
3317,-1.34801293970202,16.4363017633792,0.121842660868021,"f"
3318,-1.34798955938479,16.4375353705022,0.12185561661751,"f"
3319,-1.3479638867377,16.4387671623095,0.121868504450358,"f"
3320,-1.34793608861433,16.4399973504,0.121881327365123,"f"
3321,-1.34790633959849,16.44122615481,0.121894088551334,"f"
3322,-1.34787481427401,16.4424537955755,0.121906791198516,"f"
3323,-1.34784168722469,16.4436804927329,0.121919438496198,"f"
3324,-1.34780713303435,16.4449064663183,0.121932033633906,"f"
3325,-1.3477713262868,16.4461319363678,0.121944579801168,"f"
3326,-1.34773444156586,16.4473571229178,0.121957080187511,"f"
3327,-1.34769665345534,16.4485822460043,0.121969537982462,"f"
3328,-1.34765813653906,16.4498075256635,0.121981956375548,"f"
3329,-1.34761906540083,16.4510331819318,0.121994338556297,"f"
3330,-1.34757961462447,16.4522594348451,0.122006687714235,"f"
3331,-1.34753995879378,16.4534865044398,0.12201900703889,"f"
3332,-1.34750027249258,16.454714610752,0.122031299719789,"f"
3333,-1.3474607303047,16.455943973818,0.12204356894646,"f"
3334,-1.34742150681393,16.4571748136738,0.122055817908428,"f"
3335,-1.3473827766041,16.4584073503557,0.122068049795223,"f"
3336,-1.34734471425902,16.4596418038999,0.12208026779637,"f"
3337,-1.3473074943625,16.4608783943425,0.122092475101397,"f"
3338,-1.34727129149836,16.4621173417198,0.122104674899831,"f"
3339,-1.34723628025042,16.463358866068,0.122116870381199,"f"
3340,-1.34720263520248,16.4646031874232,0.122129064735029,"f"
3341,-1.34717053093836,16.4658505258216,0.122141261150848,"f"
3342,-1.34714014204187,16.4671011012994,0.122153462818183,"f"
3343,-1.34711164309684,16.4683551338929,0.12216567292656,"f"
3344,-1.34708520868707,16.4696128436381,0.122177894665508,"f"
3345,-1.34706101339637,16.4708744505713,0.122190131224554,"f"
3346,-1.34703923180857,16.4721401747288,0.122202385793224,"f"
3347,-1.34702003850748,16.4734102361465,0.122214661561046,"f"
3348,-1.3470036080769,16.4746848548609,0.122226961717547,"f"
3349,-1.34699008827964,16.4759642203528,0.122239289124726,"f"
3350,-1.34697939600633,16.4772482590882,0.122251643825259,"f"
3351,-1.34697133035373,16.4785367633395,0.122264024423368,"f"
3352,-1.34696568947686,16.4798295243061,0.122276429511775,"f"
3353,-1.34696227153075,16.4811263331875,0.122288857683202,"f"
3354,-1.34696087467043,16.4824269811832,0.12230130753037,"f"
3355,-1.34696129705094,16.4837312594926,0.122313777646002,"f"
3356,-1.3469633368273,16.4850389593153,0.122326266622819,"f"
3357,-1.34696679215455,16.4863498718506,0.122338773053543,"f"
3358,-1.34697146118772,16.4876637882982,0.122351295530897,"f"
3359,-1.34697714208183,16.4889804998574,0.122363832647601,"f"
3360,-1.34698363299192,16.4902997977278,0.122376382996379,"f"
3361,-1.34699073207303,16.4916214731088,0.122388945169951,"f"
3362,-1.34699823748017,16.4929453171999,0.12240151776104,"f"
3363,-1.34700594736838,16.4942711212006,0.122414099362367,"f"
3364,-1.3470136598927,16.4955986763103,0.122426688566655,"f"
3365,-1.34702117320815,16.4969277737286,0.122439283966626,"f"
3366,-1.34702828546977,16.4982582046549,0.122451884155,"f"
3367,-1.34703479483258,16.4995897602887,0.122464487724501,"f"
3368,-1.34704049945161,16.5009222318295,0.12247709326785,"f"
3369,-1.34704519748191,16.5022554104767,0.122489699377769,"f"
3370,-1.34704868707849,16.5035890874299,0.122502304646979,"f"
3371,-1.34705076639639,16.5049230538885,0.122514907668204,"f"
3372,-1.34705123359064,16.506257101052,0.122527507034163,"f"
3373,-1.34704988681627,16.5075910201199,0.122540101337581,"f"
3374,-1.34704652422831,16.5089246022916,0.122552689171178,"f"
3375,-1.3470409439818,16.5102576387666,0.122565269127676,"f"
3376,-1.34703294423176,16.5115899207445,0.122577839799797,"f"
3377,-1.34702232313322,16.5129212394246,0.122590399780263,"f"
3378,-1.34700887884122,16.5142513860066,0.122602947661796,"f"
3379,-1.34699241517479,16.5155801558346,0.122615482046557,"f"
3380,-1.34697291421222,16.5169074747008,0.122628001833761,"f"
3381,-1.34695056789716,16.5182334219739,0.122640506272349,"f"
3382,-1.34692558021137,16.5195580858321,0.122652994631323,"f"
3383,-1.34689815513657,16.5208815544535,0.122665466179683,"f"
3384,-1.34686849665452,16.5222039160162,0.12267792018643,"f"
3385,-1.34683680874694,16.5235252586982,0.122690355920567,"f"
3386,-1.34680329539558,16.5248456706777,0.122702772651093,"f"
3387,-1.34676816058217,16.5261652401327,0.122715169647011,"f"
3388,-1.34673160828847,16.5274840552413,0.122727546177322,"f"
3389,-1.34669384249619,16.5288022041818,0.122739901511026,"f"
3390,-1.34665506718709,16.530119775132,0.122752234917124,"f"
3391,-1.34661548634291,16.5314368562702,0.122764545664619,"f"
3392,-1.34657530394537,16.5327535357745,0.122776833022511,"f"
3393,-1.34653472397623,16.5340699018229,0.122789096259802,"f"
3394,-1.34649395041722,16.5353860425935,0.122801334645492,"f"
3395,-1.34645318725007,16.5367020462645,0.122813547448583,"f"
3396,-1.34641263845654,16.5380180010139,0.122825733938076,"f"
3397,-1.34637250801835,16.5393339950198,0.122837893382972,"f"
3398,-1.34633299991726,16.5406501164603,0.122850025052273,"f"
3399,-1.34629431813498,16.5419664535136,0.122862128214979,"f"
3400,-1.34625666665328,16.5432830943577,0.122874202140092,"f"
3401,-1.34622024945388,16.5446001271707,0.122886246096613,"f"
3402,-1.34618527051852,16.5459176401307,0.122898259353543,"f"
3403,-1.34615193382895,16.5472357214158,0.122910241179883,"f"
3404,-1.34612044336689,16.5485544592042,0.122922190844635,"f"
3405,-1.34609100311411,16.5498739416738,0.1229341076168,"f"
3406,-1.34606381705232,16.5511942570028,0.122945990765378,"f"
3407,-1.34603908916327,16.5525154933694,0.122957839559372,"f"
3408,-1.3460170234287,16.5538377389515,0.122969653267782,"f"
3409,-1.34599782371428,16.5551610818905,0.122981431160217,"f"
3410,-1.34598160342547,16.5564855815953,0.12299317297995,"f"
3411,-1.34596822362913,16.557811217326,0.123004879791533,"f"
3412,-1.34595750173651,16.559137954477,0.12301655288811,"f"
3413,-1.34594925515884,16.5604657584424,0.12302819356282,"f"
3414,-1.34594330130736,16.5617945946165,0.123039803108806,"f"
3415,-1.34593945759331,16.5631244283933,0.123051382819208,"f"
3416,-1.34593754142793,16.5644552251672,0.123062933987168,"f"
3417,-1.34593737022245,16.5657869503322,0.123074457905828,"f"
3418,-1.34593876138811,16.5671195692827,0.123085955868328,"f"
3419,-1.34594153233616,16.5684530474128,0.123097429167811,"f"
3420,-1.34594550047783,16.5697873501168,0.123108879097417,"f"
3421,-1.34595048322436,16.5711224427887,0.123120306950287,"f"
3422,-1.34595629798698,16.5724582908228,0.123131714019564,"f"
3423,-1.34596276217693,16.5737948596134,0.123143101598389,"f"
3424,-1.34596969320546,16.5751321145545,0.123154470979902,"f"
3425,-1.3459769084838,16.5764700210405,0.123165823457245,"f"
3426,-1.34598422542319,16.5778085444654,0.12317716032356,"f"
3427,-1.34599146143487,16.5791476502236,0.123188482871988,"f"
3428,-1.34599843393007,16.5804873037091,0.12319979239567,"f"
3429,-1.34600496032003,16.5818274703163,0.123211090187748,"f"
3430,-1.346010858016,16.5831681154393,0.123222377541363,"f"
3431,-1.3460159444292,16.5845092044722,0.123233655749656,"f"
3432,-1.34602003697089,16.5858507028094,0.123244926105768,"f"
3433,-1.34602295305229,16.587192575845,0.123256189902842,"f"
3434,-1.34602451008464,16.5885347889731,0.123267448434018,"f"
3435,-1.34602452547919,16.5898773075881,0.123278702992438,"f"
3436,-1.34602281664717,16.591220097084,0.123289954871243,"f"
3437,-1.34601920099982,16.5925631228552,0.123301205363575,"f"
3438,-1.34601349594837,16.5939063502957,0.123312455762574,"f"
3439,-1.34600551890408,16.5952497447998,0.123323707361382,"f"
3440,-1.3459950914083,16.5965932729188,0.123334961426503,"f"
3441,-1.34598216269457,16.5979369369784,0.123346218400882,"f"
3442,-1.34596683102723,16.5992807810571,0.123357477766281,"f"
3443,-1.34594920310046,16.600624851595,0.12336873895009,"f"
3444,-1.34592938560844,16.6019691950322,0.123380001379703,"f"
3445,-1.34590748524535,16.6033138578088,0.123391264482511,"f"
3446,-1.34588360870536,16.6046588863651,0.123402527685908,"f"
3447,-1.34585786268266,16.6060043271411,0.123413790417285,"f"
3448,-1.34583035387143,16.6073502265769,0.123425052104034,"f"
3449,-1.34580118896584,16.6086966311128,0.123436312173549,"f"
3450,-1.34577047466008,16.6100435871889,0.123447570053221,"f"
3451,-1.34573831764832,16.6113911412452,0.123458825170442,"f"
3452,-1.34570482462475,16.612739339722,0.123470076952605,"f"
3453,-1.34567010228353,16.6140882290593,0.123481324827102,"f"
3454,-1.34563425731886,16.6154378556974,0.123492568221325,"f"
3455,-1.34559739642491,16.6167882660763,0.123503806562667,"f"
3456,-1.34555962629587,16.6181395066362,0.12351503927852,"f"
3457,-1.3455210536259,16.6194916238173,0.123526265796276,"f"
3458,-1.34548178510919,16.6208446640596,0.123537485543327,"f"
3459,-1.34544192743992,16.6221986738033,0.123548697947067,"f"
3460,-1.34540158731227,16.6235536994886,0.123559902434886,"f"
3461,-1.34536087142042,16.6249097875555,0.123571098434177,"f"
3462,-1.34531988645855,16.6262669844443,0.123582285372333,"f"
3463,-1.34527873912083,16.6276253365951,0.123593462676746,"f"
3464,-1.34523753610145,16.628984890448,0.123604629774809,"f"
3465,-1.34519638409458,16.6303456924431,0.123615786093912,"f"
3466,-1.34515538979441,16.6317077890205,0.123626931061449,"f"
3467,-1.34511465989511,16.6330712266206,0.123638064104813,"f"
3468,-1.34507430109087,16.6344360516832,0.123649184651394,"f"
3469,-1.34503442007586,16.6358023106487,0.123660292128586,"f"
3470,-1.34499512350059,16.6371700499295,0.123671385963991,"f"
3471,-1.34495648635444,16.6385392959214,0.123682465737586,"f"
3472,-1.34491849615474,16.6399100197184,0.123693531450321,"f"
3473,-1.34488112543981,16.6412821829448,0.123704583175234,"f"
3474,-1.34484434674799,16.6426557472245,0.123715620985364,"f"
3475,-1.34480813261761,16.6440306741818,0.123726644953751,"f"
3476,-1.34477245558701,16.6454069254406,0.123737655153433,"f"
3477,-1.34473728819451,16.6467844626253,0.123748651657449,"f"
3478,-1.34470260297844,16.6481632473597,0.123759634538838,"f"
3479,-1.34466837247715,16.6495432412682,0.123770603870638,"f"
3480,-1.34463456922896,16.6509244059747,0.123781559725889,"f"
3481,-1.34460116577221,16.6523067031033,0.123792502177629,"f"
3482,-1.34456813464523,16.6536900942783,0.123803431298897,"f"
3483,-1.34453544838634,16.6550745411236,0.123814347162731,"f"
3484,-1.34450307953389,16.6564600052635,0.123825249842172,"f"
3485,-1.34447100062621,16.657846448322,0.123836139410257,"f"
3486,-1.34443918420162,16.6592338319232,0.123847015940026,"f"
3487,-1.34440760279846,16.6606221176912,0.123857879504517,"f"
3488,-1.34437622895507,16.6620112672502,0.123868730176769,"f"
3489,-1.34434503520977,16.6634012422243,0.12387956802982,"f"
3490,-1.3443139941009,16.6647920042375,0.123890393136711,"f"
3491,-1.34428307816679,16.666183514914,0.123901205570479,"f"
3492,-1.34425225994578,16.6675757358778,0.123912005404164,"f"
3493,-1.34422151197618,16.6689686287532,0.123922792710803,"f"
3494,-1.34419080679635,16.6703621551642,0.123933567563437,"f"
3495,-1.34416011694461,16.6717562767349,0.123944330035104,"f"
3496,-1.34412941495929,16.6731509550894,0.123955080198842,"f"
3497,-1.34409867337872,16.6745461518519,0.123965818127691,"f"
3498,-1.34406786474124,16.6759418286464,0.123976543894689,"f"
3499,-1.34403696158519,16.6773379470971,0.123987257572875,"f"
3500,-1.34400593644888,16.6787344688281,0.123997959235289,"f"
3501,-1.34397476480604,16.6801313584176,0.124008648903237,"f"
3502,-1.34394344319667,16.6815286016453,0.124019326226763,"f"
3503,-1.34391197736247,16.6829261935515,0.124029990693748,"f"
3504,-1.34388037308364,16.6843241292153,0.124040641791391,"f"
3505,-1.34384863614037,16.6857224037156,0.124051279006893,"f"
3506,-1.34381677231288,16.6871210121316,0.124061901827453,"f"
3507,-1.34378478738134,16.6885199495422,0.124072509740272,"f"
3508,-1.34375268712598,16.6899192110266,0.124083102232551,"f"
3509,-1.34372047732698,16.6913187916638,0.124093678791489,"f"
3510,-1.34368816376454,16.6927186865327,0.124104238904287,"f"
3511,-1.34365575221887,16.6941188907125,0.124114782058145,"f"
3512,-1.34362324847015,16.6955193992823,0.124125307740264,"f"
3513,-1.3435906582986,16.6969202073209,0.124135815437844,"f"
3514,-1.34355798748442,16.6983213099076,0.124146304638084,"f"
3515,-1.34352524180779,16.6997227021213,0.124156774828186,"f"
3516,-1.34349242704892,16.7011243790411,0.124167225495349,"f"
3517,-1.34345954898801,16.702526335746,0.124177656126775,"f"
3518,-1.34342661340526,16.7039285673151,0.124188066209662,"f"
3519,-1.34339362608086,16.7053310688275,0.124198455231212,"f"
3520,-1.34336059279502,16.7067338353621,0.124208822678625,"f"
3521,-1.34332751932794,16.708136861998,0.1242191680391,"f"
3522,-1.34329441145981,16.7095401438142,0.124229490799839,"f"
3523,-1.34326127497084,16.7109436758899,0.124239790448042,"f"
3524,-1.34322811564122,16.712347453304,0.124250066470908,"f"
3525,-1.34319493925115,16.7137514711356,0.124260318355639,"f"
3526,-1.34316175158084,16.7151557244638,0.124270545589433,"f"
3527,-1.34312855841048,16.7165602083675,0.124280747659493,"f"
3528,-1.34309536552026,16.7179649179259,0.124290924053017,"f"
3529,-1.3430621786904,16.7193698482179,0.124301074257207,"f"
3530,-1.34302900370109,16.7207749943227,0.124311197759263,"f"
3531,-1.34299584633006,16.7221803513435,0.124321294047091,"f"
3532,-1.34296271069462,16.7235859307857,0.12433136308656,"f"
3533,-1.3429295963685,16.7249917890358,0.124341406151388,"f"
3534,-1.34289650215535,16.7263979900875,0.124351424736969,"f"
3535,-1.34286342685881,16.7278045979345,0.124361420338697,"f"
3536,-1.3428303692825,16.7292116765707,0.124371394451967,"f"
3537,-1.34279732823007,16.7306192899896,0.124381348572175,"f"
3538,-1.34276430250515,16.7320275021852,0.124391284194713,"f"
3539,-1.34273129091138,16.733436377151,0.124401202814978,"f"
3540,-1.3426982922524,16.7348459788808,0.124411105928363,"f"
3541,-1.34266530533184,16.7362563713684,0.124420995030264,"f"
3542,-1.34263232895334,16.7376676186075,0.124430871616074,"f"
3543,-1.34259936192053,16.7390797845918,0.124440737181189,"f"
3544,-1.34256640303705,16.7404929333151,0.124450593221003,"f"
3545,-1.34253345110654,16.7419071287711,0.124460441230911,"f"
3546,-1.34250050493264,16.7433224349534,0.124470282706307,"f"
3547,-1.34246756331898,16.744738915856,0.124480119142586,"f"
3548,-1.34243462506919,16.7461566354724,0.124489952035143,"f"
3549,-1.34240168898692,16.7475756577965,0.124499782879372,"f"
3550,-1.3423687538758,16.7489960468219,0.124509613170668,"f"
3551,-1.34233581853946,16.7504178665425,0.124519444404425,"f"
3552,-1.34230288178155,16.7518411809518,0.124529278076038,"f"
3553,-1.3422699424057,16.7532660540437,0.124539115680902,"f"
3554,-1.34223699921555,16.7546925498119,0.124548958714411,"f"
3555,-1.34220405101472,16.7561207322502,0.12455880867196,"f"
3556,-1.34217109660687,16.7575506653522,0.124568667048943,"f"
3557,-1.34213813479562,16.7589824131117,0.124578535340756,"f"
3558,-1.34210516438462,16.7604160395224,0.124588415042792,"f"
3559,-1.34207218417749,16.7618516085781,0.124598307650447,"f"
3560,-1.34203919297788,16.7632891842725,0.124608214659115,"f"
3561,-1.34200618958942,16.7647288305993,0.12461813756419,"f"
3562,-1.34197317305846,16.766170592862,0.124628077548394,"f"
3563,-1.34194014415492,16.7676143836435,0.124638033574138,"f"
3564,-1.34190710439453,16.7690600580946,0.124648003643044,"f"
3565,-1.34187405529601,16.7705074711365,0.124657985752888,"f"
3566,-1.34184099837809,16.7719564776905,0.124667977901449,"f"
3567,-1.34180793515949,16.7734069326776,0.124677978086504,"f"
3568,-1.34177486715892,16.7748586910192,0.124687984305832,"f"
3569,-1.34174179589511,16.7763116076364,0.124697994557209,"f"
3570,-1.34170872288678,16.7777655374503,0.124708006838415,"f"
3571,-1.34167564965265,16.7792203353822,0.124718019147226,"f"
3572,-1.34164257771145,16.7806758563533,0.12472802948142,"f"
3573,-1.34160950858188,16.7821319552847,0.124738035838776,"f"
3574,-1.34157644378268,16.7835884870977,0.124748036217071,"f"
3575,-1.34154338483257,16.7850453067133,0.124758028614083,"f"
3576,-1.34151033325026,16.7865022690529,0.124768011027589,"f"
3577,-1.34147729055449,16.7879592290376,0.124777981455368,"f"
3578,-1.34144425826396,16.7894160415886,0.124787937895197,"f"
3579,-1.3414112378974,16.7908725616271,0.124797878344855,"f"
3580,-1.34137823097354,16.7923286440742,0.124807800802118,"f"
3581,-1.34134523901108,16.7937841438512,0.124817703264765,"f"
3582,-1.34131226352877,16.7952389158792,0.124827583730574,"f"
3583,-1.34127930604531,16.7966928150795,0.124837440197322,"f"
3584,-1.34124636807942,16.7981456963732,0.124847270662787,"f"
3585,-1.34121345114984,16.7995974146815,0.124857073124748,"f"
3586,-1.34118055677527,16.8010478249256,0.124866845580981,"f"
3587,-1.34114768647445,16.8024967820267,0.124876586029265,"f"
3588,-1.34111484176608,16.803944140906,0.124886292467377,"f"
3589,-1.3410820241689,16.8053897564846,0.124895962893096,"f"
3590,-1.34104923520163,16.8068334836839,0.124905595304198,"f"
3591,-1.34101647638298,16.8082751774248,0.124915187698463,"f"
3592,-1.34098374915328,16.8097146993892,0.124924738145265,"f"
3593,-1.3409510531213,16.8111520692032,0.124934246386726,"f"
3594,-1.34091838604828,16.8125874658128,0.124943713852276,"f"
3595,-1.3408857456139,16.8140210751992,0.124953142045856,"f"
3596,-1.34085312949782,16.815453083344,0.124962532471406,"f"
3597,-1.34082053537972,16.8168836762285,0.124971886632866,"f"
3598,-1.34078796093926,16.8183130398342,0.124981206034178,"f"
3599,-1.3407554038561,16.8197413601425,0.124990492179283,"f"
3600,-1.34072286180992,16.8211688231347,0.124999746572121,"f"
3601,-1.34069033248039,16.8225956147923,0.125008970716634,"f"
3602,-1.34065781354717,16.8240219210967,0.125018166116761,"f"
3603,-1.34062530268993,16.8254479280292,0.125027334276444,"f"
3604,-1.34059279758834,16.8268738215714,0.125036476699623,"f"
3605,-1.34056029592207,16.8282997877046,0.125045594890239,"f"
3606,-1.34052779537079,16.8297260124102,0.125054690352234,"f"
3607,-1.34049529361416,16.8311526816697,0.125063764589547,"f"
3608,-1.34046278833185,16.8325799814644,0.12507281910612,"f"
3609,-1.34043027720354,16.8340080977757,0.125081855405893,"f"
3610,-1.34039775790888,16.8354372165851,0.125090874992808,"f"
3611,-1.34036522812755,16.836867523874,0.125099879370804,"f"
3612,-1.34033268553922,16.8382992056238,0.125108870043823,"f"
3613,-1.34030012782355,16.8397324478158,0.125117848515805,"f"
3614,-1.34026755266021,16.8411674364315,0.125126816290692,"f"
3615,-1.34023495772888,16.8426043574524,0.125135774872424,"f"
3616,-1.34020234070921,16.8440433968597,0.125144725764942,"f"
3617,-1.34016969928088,16.845484740635,0.125153670472186,"f"
3618,-1.34013703112355,16.8469285747596,0.125162610498098,"f"
3619,-1.3401043339169,16.848375085215,0.125171547346618,"f"
3620,-1.34007160534059,16.8498244579824,0.125180482521686,"f"
3621,-1.34003884307429,16.8512768790435,0.125189417527245,"f"
3622,-1.34000604479767,16.8527325343795,0.125198353867234,"f"
3623,-1.33997320865181,16.8541915778051,0.125207292862795,"f"
3624,-1.33994033601987,16.8556539371193,0.125216234550645,"f"
3625,-1.33990742967489,16.85711944323,0.125225178416884,"f"
3626,-1.33987449239518,16.8585879266748,0.125234123945506,"f"
3627,-1.33984152695907,16.8600592179916,0.125243070620505,"f"
3628,-1.3398085361449,16.8615331477181,0.125252017925876,"f"
3629,-1.33977552273099,16.8630095463921,0.125260965345614,"f"
3630,-1.33974248949567,16.8644882445514,0.125269912363713,"f"
3631,-1.33970943921726,16.8659690727338,0.125278858464169,"f"
3632,-1.3396763746741,16.8674518614769,0.125287803130976,"f"
3633,-1.33964329864452,16.8689364413186,0.125296745848128,"f"
3634,-1.33961021390684,16.8704226427967,0.12530568609962,"f"
3635,-1.33957712323939,16.8719102964488,0.125314623369447,"f"
3636,-1.33954402942049,16.8733992328128,0.125323557141603,"f"
3637,-1.33951093522849,16.8748892824264,0.125332486900084,"f"
3638,-1.3394778434417,16.8763802758275,0.125341412128883,"f"
3639,-1.33944475683846,16.8778720435537,0.125350332311996,"f"
3640,-1.33941167819709,16.8793644161428,0.125359246933417,"f"
3641,-1.33937861029592,16.8808572241327,0.125368155477141,"f"
3642,-1.33934555591328,16.882350298061,0.125377057427162,"f"
3643,-1.3393125178275,16.8838434684655,0.125385952267475,"f"
3644,-1.3392794988169,16.8853365658841,0.125394839482075,"f"
3645,-1.33924650165982,16.8868294208544,0.125403718554956,"f"
3646,-1.33921352913458,16.8883218639142,0.125412588970114,"f"
3647,-1.33918058401951,16.8898137256013,0.125421450211542,"f"
3648,-1.33914766909294,16.8913048364535,0.125430301763236,"f"
3649,-1.3391147871332,16.8927950270086,0.12543914310919,"f"
3650,-1.33908194091862,16.8942841278042,0.125447973733399,"f"
3651,-1.33904913322752,16.8957719693782,0.125456793119857,"f"
3652,-1.33901636683824,16.8972583822683,0.125465600752559,"f"
3653,-1.33898364434205,16.8987432039518,0.125474396122249,"f"
3654,-1.33895096402822,16.9002264315128,0.125483178874889,"f"
3655,-1.338918319884,16.9017082216424,0.125491948811662,"f"
3656,-1.3388857057096,16.9031887379713,0.125500705740498,"f"
3657,-1.3388531153052,16.90466814413,0.125509449469331,"f"
3658,-1.33882054247102,16.9061466037491,0.12551817980609,"f"
3659,-1.33878798100726,16.9076242804592,0.125526896558706,"f"
3660,-1.33875542471411,16.909101337891,0.125535599535112,"f"
3661,-1.33872286739178,16.9105779396748,0.125544288543237,"f"
3662,-1.33869030284048,16.9120542494415,0.125552963391014,"f"
3663,-1.3386577248604,16.9135304308215,0.125561623886374,"f"
3664,-1.33862512725175,16.9150066474454,0.125570269837248,"f"
3665,-1.33859250381472,16.9164830629438,0.125578901051566,"f"
3666,-1.33855984834952,16.9179598409474,0.125587517337261,"f"
3667,-1.33852715465636,16.9194371450866,0.125596118502263,"f"
3668,-1.33849441653543,16.9209151389921,0.125604704354503,"f"
3669,-1.33846162778693,16.9223939862944,0.125613274701914,"f"
3670,-1.33842878221108,16.9238738506242,0.125621829352426,"f"
3671,-1.33839587360806,16.925354895612,0.125630368113969,"f"
3672,-1.33836289577808,16.9268372848885,0.125638890794477,"f"
3673,-1.33832984252135,16.9283211820841,0.125647397201879,"f"
3674,-1.33829670763806,16.9298067508295,0.125655887144107,"f"
3675,-1.33826348492842,16.9312941547553,0.125664360429092,"f"
3676,-1.33823016819263,16.932783557492,0.125672816864765,"f"
3677,-1.33819675123089,16.9342751226703,0.125681256259058,"f"
3678,-1.33816322784341,16.9357690139207,0.125689678419901,"f"
3679,-1.33812959183038,16.9372653948739,0.125698083155227,"f"
3680,-1.338095836992,16.9387644291603,0.125706470272966,"f"
3681,-1.33806195712849,16.9402662804106,0.125714839581049,"f"
3682,-1.33802794604003,16.9417711122554,0.125723190887407,"f"
3683,-1.33799379755844,16.9432790879724,0.125731524000856,"f"
3684,-1.33795951377808,16.9447902785814,0.125739838961328,"f"
3685,-1.3379251160633,16.9463045399379,0.125748136347761,"f"
3686,-1.33789062852035,16.9478216972822,0.125756416815793,"f"
3687,-1.33785607525545,16.9493415758545,0.125764681021057,"f"
3688,-1.33782148037485,16.9508640008951,0.12577292961919,"f"
3689,-1.33778686798477,16.9523887976442,0.125781163265826,"f"
3690,-1.33775226219146,16.9539157913421,0.1257893826166,"f"
3691,-1.33771768710115,16.9554448072291,0.125797588327148,"f"
3692,-1.33768316682007,16.9569756705455,0.125805781053105,"f"
3693,-1.33764872545446,16.9585082065314,0.125813961450106,"f"
3694,-1.33761438711055,16.9600422404273,0.125822130173786,"f"
3695,-1.33758017589458,16.9615775974733,0.125830287879781,"f"
3696,-1.33754611591279,16.9631141029097,0.125838435223725,"f"
3697,-1.33751223127141,16.9646515819767,0.125846572861253,"f"
3698,-1.33747854607667,16.9661898599147,0.125854701448002,"f"
3699,-1.33744508443481,16.967728761964,0.125862821639606,"f"
3700,-1.33741187045207,16.9692681133646,0.125870934091699,"f"
3701,-1.33737892823468,16.970807739357,0.125879039459919,"f"
3702,-1.33734628188888,16.9723474651815,0.125887138399899,"f"
3703,-1.33731395552089,16.9738871160781,0.125895231567274,"f"
3704,-1.33728197323697,16.9754265172873,0.125903319617681,"f"
3705,-1.33725035914334,16.9769654940493,0.125911403206753,"f"
3706,-1.33721913734623,16.9785038716044,0.125919482990127,"f"
3707,-1.33718833195189,16.9800414751928,0.125927559623437,"f"
3708,-1.33715796706655,16.9815781300548,0.125935633762319,"f"
3709,-1.33712806679643,16.9831136614306,0.125943706062408,"f"
3710,-1.33709865524779,16.9846478945606,0.125951777179339,"f"
3711,-1.33706975652685,16.9861806546849,0.125959847768746,"f"
3712,-1.33704139473985,16.9877117670439,0.125967918486266,"f"
3713,-1.33701359399303,16.9892410568778,0.125975989987534,"f"
3714,-1.33698637582548,16.9907683561366,0.125984062888881,"f"
3715,-1.3369597036237,16.992293648764,0.125992136916302,"f"
3716,-1.33693348311248,16.9938170694141,0.126000210912976,"f"
3717,-1.3369076175477,16.9953387591941,0.12600828368428,"f"
3718,-1.33688201018522,16.9968588592113,0.12601635403559,"f"
3719,-1.33685656428092,16.9983775105728,0.126024420772284,"f"
3720,-1.33683118309067,16.9998948543859,0.126032482699738,"f"
3721,-1.33680576987034,17.0014110317578,0.12604053862333,"f"
3722,-1.33678022787579,17.0029261837957,0.126048587348436,"f"
3723,-1.33675446036289,17.0044404516068,0.126056627680434,"f"
3724,-1.33672837058753,17.0059539762983,0.1260646584247,"f"
3725,-1.33670186180555,17.0074668989775,0.126072678386612,"f"
3726,-1.33667483727284,17.0089793607516,0.126080686371547,"f"
3727,-1.33664720024526,17.0104915027278,0.126088681184881,"f"
3728,-1.33661885397869,17.0120034660133,0.126096661631993,"f"
3729,-1.33658970172899,17.0135153917153,0.126104626518257,"f"
3730,-1.33655964675203,17.015027420941,0.126112574649053,"f"
3731,-1.33652859230368,17.0165396947977,0.126120504829756,"f"
3732,-1.33649644163981,17.0180523543925,0.126128415865744,"f"
3733,-1.3364630980163,17.0195655408328,0.126136306562394,"f"
3734,-1.33642846468901,17.0210793952256,0.126144175725083,"f"
3735,-1.3363924449138,17.0225940586783,0.126152022159188,"f"
3736,-1.33635494194656,17.024109672298,0.126159844670085,"f"
3737,-1.33631585904314,17.025626377192,0.126167642063153,"f"
3738,-1.33627509945943,17.0271443144674,0.126175413143767,"f"
3739,-1.33623256645128,17.0286636252315,0.126183156717305,"f"
3740,-1.33618816327457,17.0301844505916,0.126190871589144,"f"
3741,-1.33614179318517,17.0317069316547,0.126198556564662,"f"
3742,-1.33609335943895,17.0332312095282,0.126206210449234,"f"
3743,-1.33604276529177,17.0347574253192,0.126213832048238,"f"
3744,-1.3359899142708,17.0362857198951,0.12622142016981,"f"
3745,-1.33593477773561,17.0378161741333,0.126228974311962,"f"
3746,-1.33587748380083,17.0393487302798,0.126236495566949,"f"
3747,-1.33581818265601,17.040883311058,0.126243985251534,"f"
3748,-1.33575702449073,17.0424198391913,0.126251444682481,"f"
3749,-1.33569415949453,17.0439582374029,0.126258875176553,"f"
3750,-1.33562973785698,17.0454984284162,0.126266278050515,"f"
3751,-1.33556390976763,17.0470403349545,0.12627365462113,"f"
3752,-1.33549682541604,17.0485838797412,0.126281006205162,"f"
3753,-1.33542863499177,17.0501289854996,0.126288334119374,"f"
3754,-1.33535948868438,17.051675574953,0.126295639680531,"f"
3755,-1.33528953668343,17.0532235708248,0.126302924205395,"f"
3756,-1.33521892917848,17.0547728958383,0.12631018901073,"f"
3757,-1.33514781635907,17.0563234727169,0.1263174354133,"f"
3758,-1.33507634841479,17.0578752241839,0.126324664729869,"f"
3759,-1.33500467553517,17.0594280729625,0.1263318782772,"f"
3760,-1.33493294790978,17.0609819417763,0.126339077372057,"f"
3761,-1.33486131572817,17.0625367533484,0.126346263331204,"f"
3762,-1.33478992917992,17.0640924304023,0.126353437471405,"f"
3763,-1.33471893845457,17.0656488956612,0.126360601109422,"f"
3764,-1.33464849374168,17.0672060718486,0.12636775556202,"f"
3765,-1.33457874523081,17.0687638816877,0.126374902145962,"f"
3766,-1.33450984311153,17.0703222479019,0.126382042178012,"f"
3767,-1.33444193757338,17.0718810932145,0.126389176974934,"f"
3768,-1.33437517880592,17.0734403403488,0.126396307853491,"f"
3769,-1.33430971699873,17.0749999120283,0.126403436130447,"f"
3770,-1.33424570234134,17.0765597309762,0.126410563122566,"f"
3771,-1.33418328502333,17.0781197199158,0.126417690146611,"f"
3772,-1.33412261523425,17.0796798015706,0.126424818519345,"f"
3773,-1.33406384316366,17.0812398986638,0.126431949557534,"f"
3774,-1.33400711900111,17.0827999339188,0.12643908457794,"f"
3775,-1.33395256843904,17.0843598434085,0.126446224715721,"f"
3776,-1.33390017267446,17.0859196419484,0.126453370034847,"f"
3777,-1.33384986010896,17.0874793731247,0.126460520207896,"f"
3778,-1.33380155906613,17.0890390805661,0.126467674906869,"f"
3779,-1.33375519786955,17.0905988079011,0.126474833803767,"f"
3780,-1.3337107048428,17.0921585987585,0.126481996570591,"f"
3781,-1.33366800830947,17.093718496767,0.12648916287934,"f"
3782,-1.33362703659313,17.0952785455553,0.126496332402017,"f"
3783,-1.33358771801737,17.096838788752,0.126503504810621,"f"
3784,-1.33354998090578,17.0983992699857,0.126510679777153,"f"
3785,-1.33351375358194,17.0999600328853,0.126517856973615,"f"
3786,-1.33347896436942,17.1015211210793,0.126525036072006,"f"
3787,-1.33344554159182,17.1030825781964,0.126532216744328,"f"
3788,-1.33341341357271,17.1046444478653,0.126539398662582,"f"
3789,-1.33338250863569,17.1062067737147,0.126546581498768,"f"
3790,-1.33335275510432,17.1077695993733,0.126553764924886,"f"
3791,-1.3333240813022,17.1093329684697,0.126560948612938,"f"
3792,-1.33329641555291,17.1108969246326,0.126568132234924,"f"
3793,-1.33326968618002,17.1124615114907,0.126575315462846,"f"
3794,-1.33324382150713,17.1140267726727,0.126582497968703,"f"
3795,-1.33321874985782,17.1155927518072,0.126589679424496,"f"
3796,-1.33319439955567,17.1171594925229,0.126596859502227,"f"
3797,-1.33317069892426,17.1187270384486,0.126604037873896,"f"
3798,-1.33314757628718,17.1202954332128,0.126611214211504,"f"
3799,-1.333124959968,17.1218647204443,0.126618388187051,"f"
3800,-1.33310277829032,17.1234349437717,0.126625559472538,"f"
3801,-1.33308095957771,17.1250061468237,0.126632727739966,"f"
3802,-1.33305943215376,17.126578373229,0.126639892661336,"f"
3803,-1.33303812434205,17.1281516666162,0.126647053908649,"f"
3804,-1.33301696446616,17.1297260706141,0.126654211153904,"f"
3805,-1.33299588084055,17.1313016287206,0.126661364068317,"f"
3806,-1.33297479959511,17.1328783531742,0.126668512134821,"f"
3807,-1.33295364185738,17.1344561846326,0.126675654405219,"f"
3808,-1.33293232805773,17.1360350537774,0.126682789871225,"f"
3809,-1.33291077862652,17.1376148912902,0.126689917524552,"f"
3810,-1.33288891399409,17.1391956278525,0.126697036356916,"f"
3811,-1.33286665459083,17.140777194146,0.126704145360029,"f"
3812,-1.33284392084708,17.142359520852,0.126711243525605,"f"
3813,-1.3328206331932,17.1439425386523,0.126718329845359,"f"
3814,-1.33279671205956,17.1455261782283,0.126725403311005,"f"
3815,-1.3327720778765,17.1471103702616,0.126732462914256,"f"
3816,-1.3327466510744,17.1486950454337,0.126739507646827,"f"
3817,-1.33272035208362,17.1502801344262,0.126746536500431,"f"
3818,-1.3326931013345,17.1518655679207,0.126753548466782,"f"
3819,-1.33266481925741,17.1534512765987,0.126760542537594,"f"
3820,-1.33263542628271,17.1550371911417,0.126767517704582,"f"
3821,-1.33260484284077,17.1566232422314,0.126774472959459,"f"
3822,-1.33257298936193,17.1582093605492,0.126781407293939,"f"
3823,-1.33253978627656,17.1597954767767,0.126788319699736,"f"
3824,-1.33250515401501,17.1613815215954,0.126795209168564,"f"
3825,-1.33246901300766,17.162967425687,0.126802074692137,"f"
3826,-1.33243128368485,17.1645531197329,0.126808915262169,"f"
3827,-1.33239188647695,17.1661385344148,0.126815729870374,"f"
3828,-1.33235074181431,17.1677236004141,0.126822517508465,"f"
3829,-1.3323077701273,17.1693082484124,0.126829277168157,"f"
3830,-1.33226289184628,17.1708924090913,0.126836007841164,"f"
3831,-1.33221602740159,17.1724760131323,0.1268427085192,"f"
3832,-1.33216709722362,17.174058991217,0.126849378193978,"f"
3833,-1.3321160217427,17.1756412740269,0.126856015857213,"f"
3834,-1.33206272138921,17.1772227922436,0.126862620500618,"f"
3835,-1.3320071165935,17.1788034765487,0.126869191115908,"f"
3836,-1.33194915664087,17.1803832777267,0.126875726990446,"f"
3837,-1.33188895931937,17.1819622639574,0.126882229138089,"f"
3838,-1.33182670340781,17.1835405459124,0.126888699197608,"f"
3839,-1.33176256776913,17.1851182343221,0.126895138808639,"f"
3840,-1.33169673126626,17.1866954399168,0.126901549610815,"f"
3841,-1.33162937276214,17.1882722734267,0.126907933243771,"f"
3842,-1.3315606711197,17.1898488455821,0.126914291347141,"f"
3843,-1.33149080520188,17.1914252671134,0.126920625560559,"f"
3844,-1.33141995387162,17.1930016487507,0.12692693752366,"f"
3845,-1.33134829599184,17.1945781012244,0.126933228876078,"f"
3846,-1.33127601042549,17.1961547352648,0.126939501257446,"f"
3847,-1.33120327603551,17.1977316616022,0.1269457563074,"f"
3848,-1.33113027168482,17.1993089909669,0.126951995665574,"f"
3849,-1.33105717623636,17.2008868340891,0.126958220971602,"f"
3850,-1.33098416855307,17.2024653016991,0.126964433865118,"f"
3851,-1.33091142749788,17.2040445045273,0.126970635985756,"f"
3852,-1.33083913193374,17.2056245533038,0.126976828973151,"f"
3853,-1.33076746072357,17.2072055587591,0.126983014466937,"f"
3854,-1.33069659273031,17.2087876316234,0.126989194106749,"f"
3855,-1.33062670681689,17.210370882627,0.12699536953222,"f"
3856,-1.33055798184626,17.2119554225001,0.127001542382985,"f"
3857,-1.33049059668135,17.2135413619732,0.127007714298678,"f"
3858,-1.33042473018508,17.2151288117763,0.127013886918934,"f"
3859,-1.33036056122041,17.2167178826399,0.127020061883386,"f"
3860,-1.33029826865026,17.2183086852943,0.127026240831669,"f"
3861,-1.33023803133757,17.2199013304697,0.127032425403417,"f"
3862,-1.33018002814528,17.2214959288963,0.127038617238265,"f"
3863,-1.33012443793632,17.2230925913046,0.127044817975847,"f"
3864,-1.33007143957363,17.2246914284248,0.127051029255797,"f"
3865,-1.33002121192013,17.2262925509872,0.127057252717749,"f"
3866,-1.32997392275556,17.2278960644183,0.127063489903981,"f"
3867,-1.32992954398026,17.229501980411,0.127069740636131,"f"
3868,-1.32988787969386,17.2311102303601,0.127076003261848,"f"
3869,-1.32984872857066,17.2327207430647,0.127082276081121,"f"
3870,-1.32981188928497,17.2343334473237,0.127088557393943,"f"
3871,-1.3297771605111,17.2359482719358,0.127094845500304,"f"
3872,-1.32974434092337,17.2375651457001,0.127101138700194,"f"
3873,-1.32971322919609,17.2391839974154,0.127107435293605,"f"
3874,-1.32968362400355,17.2408047558806,0.127113733580528,"f"
3875,-1.32965532402008,17.2424273498946,0.127120031860953,"f"
3876,-1.32962812791998,17.2440517082563,0.127126328434872,"f"
3877,-1.32960183437756,17.2456777597647,0.127132621602275,"f"
3878,-1.32957624206714,17.2473054332186,0.127138909663153,"f"
3879,-1.32955114966302,17.2489346574169,0.127145190917497,"f"
3880,-1.3295263558395,17.2505653611585,0.127151463665299,"f"
3881,-1.32950165927091,17.2521974732423,0.127157726206548,"f"
3882,-1.32947685863155,17.2538309224672,0.127163976841236,"f"
3883,-1.32945175259573,17.2554656376321,0.127170213869353,"f"
3884,-1.32942613983776,17.257101547536,0.127176435590891,"f"
3885,-1.32939981903195,17.2587385809776,0.127182640305841,"f"
3886,-1.32937258885262,17.260376666756,0.127188826314193,"f"
3887,-1.32934424797406,17.2620157336699,0.127194991915938,"f"
3888,-1.32931459507059,17.2636557105184,0.127201135411068,"f"
3889,-1.32928342881651,17.2652965261002,0.127207255099572,"f"
3890,-1.32925054788615,17.2669381092144,0.127213349281443,"f"
3891,-1.32921575095381,17.2685803886597,0.12721941625667,"f"
3892,-1.32917883669379,17.2702232932352,0.127225454325245,"f"
3893,-1.32913960378042,17.2718667517396,0.127231461787159,"f"
3894,-1.32909785088799,17.273510692972,0.127237436942402,"f"
3895,-1.32905337669081,17.2751550457311,0.127243378090966,"f"
3896,-1.32900597986321,17.276799738816,0.127249283532841,"f"
3897,-1.32895550470267,17.2784447094239,0.127255151977397,"f"
3898,-1.3289020592774,17.280089943308,0.127260984500829,"f"
3899,-1.32884584623416,17.2817354436318,0.127266783027992,"f"
3900,-1.32878706834123,17.2833812135813,0.127272549484827,"f"
3901,-1.32872592836691,17.2850272563422,0.127278285797279,"f"
3902,-1.32866262907949,17.2866735751005,0.127283993891291,"f"
3903,-1.32859737324728,17.288320173042,0.127289675692807,"f"
3904,-1.32853036363855,17.2899670533526,0.127295333127771,"f"
3905,-1.32846180302161,17.2916142192182,0.127300968122125,"f"
3906,-1.32839189416476,17.2932616738246,0.127306582601813,"f"
3907,-1.32832083983627,17.2949094203577,0.12731217849278,"f"
3908,-1.32824884280445,17.2965574620035,0.127317757720968,"f"
3909,-1.3281761058376,17.2982058019477,0.12732332221232,"f"
3910,-1.328102831704,17.2998544433763,0.127328873892782,"f"
3911,-1.32802922317195,17.3015033894751,0.127334414688295,"f"
3912,-1.32795548300974,17.30315264343,0.127339946524804,"f"
3913,-1.32788181398568,17.3048022084269,0.127345471328252,"f"
3914,-1.32780841886804,17.3064520876517,0.127350991024583,"f"
3915,-1.32773550042513,17.3081022842901,0.12735650753974,"f"
3916,-1.32766326142523,17.3097528015282,0.127362022799667,"f"
3917,-1.32759190463665,17.3114036425517,0.127367538730308,"f"
3918,-1.32752163282768,17.3130548105466,0.127373057257605,"f"
3919,-1.32745264876661,17.3147063086987,0.127378580307502,"f"
3920,-1.32738515522174,17.316358140194,0.127384109805944,"f"
3921,-1.32731935496135,17.3180103082182,0.127389647678873,"f"
3922,-1.32725545075375,17.3196628159572,0.127395195852233,"f"
3923,-1.32719364536722,17.321315666597,0.127400756251967,"f"
3924,-1.32713414157006,17.3229688633233,0.12740633080402,"f"
3925,-1.32707714213057,17.3246224093222,0.127411921434334,"f"
3926,-1.32702284981704,17.3262763077794,0.127417530068854,"f"
3927,-1.32697145618143,17.3279305597911,0.127423158511697,"f"
3928,-1.32692295723623,17.3295851300224,0.12742880644314,"f"
3929,-1.32687718290304,17.3312399521938,0.127434471739477,"f"
3930,-1.32683395782611,17.3328949590427,0.127440152219678,"f"
3931,-1.32679310664969,17.3345500833066,0.127445845702716,"f"
3932,-1.32675445401802,17.3362052577226,0.127451550007562,"f"
3933,-1.32671782457534,17.3378604150282,0.127457262953189,"f"
3934,-1.3266830429659,17.3395154879608,0.127462982358568,"f"
3935,-1.32664993383395,17.3411704092576,0.127468706042672,"f"
3936,-1.32661832182373,17.3428251116561,0.127474431824473,"f"
3937,-1.32658803157949,17.3444795278935,0.127480157522941,"f"
3938,-1.32655888774547,17.3461335907073,0.12748588095705,"f"
3939,-1.32653071496591,17.3477872328349,0.127491599945771,"f"
3940,-1.32650333788507,17.3494403870134,0.127497312308077,"f"
3941,-1.32647658114719,17.3510929859804,0.127503015862938,"f"
3942,-1.3264502693965,17.3527449624731,0.127508708429328,"f"
3943,-1.32642422727727,17.3543962492289,0.127514387826218,"f"
3944,-1.32639827943373,17.3560467789852,0.12752005187258,"f"
3945,-1.32637225051013,17.3576964844794,0.127525698387386,"f"
3946,-1.32634596515071,17.3593452984487,0.127531325189608,"f"
3947,-1.32631924799972,17.3609931536305,0.127536930098217,"f"
3948,-1.32629192370141,17.3626399827622,0.127542510932187,"f"
3949,-1.32626381690001,17.3642857185812,0.127548065510489,"f"
3950,-1.32623475223978,17.3659302938247,0.127553591652094,"f"
3951,-1.32620455436496,17.3675736412302,0.127559087175975,"f"
3952,-1.3261730479198,17.369215693535,0.127564549901104,"f"
3953,-1.32614005754854,17.3708563834765,0.127569977646452,"f"
3954,-1.32610540789542,17.3724956437919,0.127575368230992,"f"
3955,-1.32606892360469,17.3741334072187,0.127580719473695,"f"
3956,-1.3260304293206,17.3757696064942,0.127586029193534,"f"
3957,-1.32598975031188,17.3774041748642,0.127591295220208,"f"
3958,-1.32594678990404,17.3790371091119,0.127596516724269,"f"
3959,-1.32590160438053,17.3806685305276,0.127601695503767,"f"
3960,-1.32585426779003,17.3822985748622,0.127606833661921,"f"
3961,-1.3258048541812,17.3839273778668,0.127611933301951,"f"
3962,-1.32575343760271,17.3855550752922,0.127616996527076,"f"
3963,-1.32570009210322,17.3871818028894,0.127622025440517,"f"
3964,-1.32564489173141,17.3888076964094,0.127627022145491,"f"
3965,-1.32558791053595,17.3904328916032,0.12763198874522,"f"
3966,-1.32552922256549,17.3920575242216,0.127636927342922,"f"
3967,-1.32546890186872,17.3936817300157,0.127641840041817,"f"
3968,-1.32540702249429,17.3953056447365,0.127646728945124,"f"
3969,-1.32534365849087,17.3969294041347,0.127651596156063,"f"
3970,-1.32527888390714,17.3985531439616,0.127656443777853,"f"
3971,-1.32521277279176,17.4001769999679,0.127661273913714,"f"
3972,-1.32514539919339,17.4018011079046,0.127666088666865,"f"
3973,-1.32507683716071,17.4034256035228,0.127670890140525,"f"
3974,-1.32500716074239,17.4050506225733,0.127675680437915,"f"
3975,-1.32493644398709,17.4066763008072,0.127680461662254,"f"
3976,-1.32486476094347,17.4083027739753,0.127685235916761,"f"
3977,-1.32479218566021,17.4099301778287,0.127690005304655,"f"
3978,-1.32471879218598,17.4115586481183,0.127694771929157,"f"
3979,-1.32464465456944,17.413188320595,0.127699537893485,"f"
3980,-1.32456984685926,17.4148193310099,0.127704305300859,"f"
3981,-1.32449444310411,17.4164518151138,0.127709076254498,"f"
3982,-1.32441851735266,17.4180859086578,0.127713852857623,"f"
3983,-1.32434214365357,17.4197217473927,0.127718637213452,"f"
3984,-1.32426539605551,17.4213594670696,0.127723431425205,"f"
3985,-1.32418834860715,17.4229992034394,0.127728237596102,"f"
3986,-1.32411107535716,17.4246410922531,0.127733057829361,"f"
3987,-1.32403365035421,17.4262852692616,0.127737894228203,"f"
3988,-1.32395614782009,17.427931865776,0.127742748793788,"f"
3989,-1.32387864495425,17.4295809367503,0.127747621772077,"f"
3990,-1.32380122146386,17.4312324728306,0.127752511930798,"f"
3991,-1.32372395713441,17.4328864626549,0.127757417991526,"f"
3992,-1.32364693175138,17.4345428948616,0.127762338675838,"f"
3993,-1.32357022510024,17.4362017580888,0.127767272705309,"f"
3994,-1.32349391696649,17.4378630409747,0.127772218801514,"f"
3995,-1.32341808713561,17.4395267321576,0.12777717568603,"f"
3996,-1.32334281539307,17.4411928202756,0.127782142080432,"f"
3997,-1.32326818152435,17.442861293967,0.127787116706295,"f"
3998,-1.32319426531495,17.44453214187,0.127792098285195,"f"
3999,-1.32312114655033,17.4462053526227,0.127797085538709,"f"
4000,-1.32304890501599,17.4478809148634,0.127802077188411,"f"
4001,-1.32297762049741,17.4495588172303,0.127807071955877,"f"
4002,-1.32290737278005,17.4512390483616,0.127812068562682,"f"
4003,-1.32283824164942,17.4529215968955,0.127817065730404,"f"
4004,-1.32277030689099,17.4546064514702,0.127822062180616,"f"
4005,-1.32270364829023,17.456293600724,0.127827056634895,"f"
4006,-1.32263834563264,17.4579830332949,0.127832047814817,"f"
4007,-1.3225744787037,17.4596747378213,0.127837034441956,"f"
4008,-1.32251212728888,17.4613687029413,0.12784201523789,"f"
4009,-1.32245137117366,17.4630649172932,0.127846988924193,"f"
4010,-1.32239229014354,17.4647633695151,0.12785195422244,"f"
4011,-1.32233496398399,17.4664640482452,0.127856909854209,"f"
4012,-1.32227947248049,17.4681669421219,0.127861854541073,"f"
4013,-1.32222589541853,17.4698720397832,0.12786678700461,"f"
4014,-1.32217431258358,17.4715793298674,0.127871705966394,"f"
4015,-1.32212480376113,17.4732888010127,0.127876610148002,"f"
4016,-1.32207744873666,17.4750004418572,0.127881498271008,"f"
4017,-1.32203232729566,17.4767142410393,0.127886369056989,"f"
4018,-1.32198951856123,17.4784301866551,0.12789122123199,"f"
4019,-1.3219490215106,17.4801482012276,0.127896054062858,"f"
4020,-1.3219106794657,17.4818680799259,0.127900867866758,"f"
4021,-1.3218743178647,17.4835896032874,0.127905663081531,"f"
4022,-1.32183976214573,17.4853125518494,0.127910440145018,"f"
4023,-1.32180683774695,17.487036706149,0.127915199495059,"f"
4024,-1.3217753701065,17.4887618467236,0.127919941569495,"f"
4025,-1.32174518466254,17.4904877541104,0.127924666806165,"f"
4026,-1.3217161068532,17.4922142088466,0.127929375642912,"f"
4027,-1.32168796211665,17.4939409914695,0.127934068517574,"f"
4028,-1.32166057589102,17.4956678825163,0.127938745867993,"f"
4029,-1.32163377361447,17.4973946625243,0.127943408132009,"f"
4030,-1.32160738072514,17.4991211120308,0.127948055747463,"f"
4031,-1.32158122266119,17.5008470115729,0.127952689152195,"f"
4032,-1.32155512486075,17.5025721416881,0.127957308784046,"f"
4033,-1.32152891276199,17.5042962829134,0.127961915080856,"f"
4034,-1.32150241180305,17.5060192157861,0.127966508480466,"f"
4035,-1.32147544742207,17.5077407208436,0.127971089420715,"f"
4036,-1.32144784505721,17.509460578623,0.127975658339446,"f"
4037,-1.32141943014661,17.5111785696616,0.127980215674498,"f"
4038,-1.32139002812842,17.5128944744967,0.127984761863711,"f"
4039,-1.32135946444079,17.5146080736655,0.127989297344927,"f"
4040,-1.32132756452188,17.5163191477053,0.127993822555985,"f"
4041,-1.32129415380982,17.5180274771533,0.127998337934727,"f"
4042,-1.32125905774276,17.5197328425467,0.128002843918992,"f"
4043,-1.32122210175886,17.5214350244229,0.128007340946622,"f"
4044,-1.32118311129627,17.523133803319,0.128011829455456,"f"
4045,-1.32114191179312,17.5248289597723,0.128016309883336,"f"
4046,-1.32109832868758,17.5265202743202,0.128020782668101,"f"
4047,-1.32105218741778,17.5282075274997,0.128025248247593,"f"
4048,-1.32100331342188,17.5298904998482,0.128029707059651,"f"
4049,-1.3209515819179,17.5315690459062,0.12803415937749,"f"
4050,-1.32089711078054,17.5332433809495,0.128038604671828,"f"
4051,-1.32084009171272,17.5349138300078,0.128043042169229,"f"
4052,-1.32078071643471,17.5365807181367,0.128047471096198,"f"
4053,-1.3207191766668,17.5382443703914,0.128051890679238,"f"
4054,-1.32065566412925,17.5399051118274,0.128056300144857,"f"
4055,-1.32059037054233,17.5415632675002,0.128060698719558,"f"
4056,-1.32052348762632,17.5432191624652,0.128065085629846,"f"
4057,-1.3204552071015,17.5448731217779,0.128069460102226,"f"
4058,-1.32038572068813,17.5465254704936,0.128073821363204,"f"
4059,-1.32031522010649,17.5481765336678,0.128078168639284,"f"
4060,-1.32024389707686,17.549826636356,0.128082501156972,"f"
4061,-1.3201719433195,17.5514761036135,0.128086818142771,"f"
4062,-1.32009955055469,17.5531252604958,0.128091118823188,"f"
4063,-1.3200269105027,17.5547744320584,0.128095402424727,"f"
4064,-1.31995421488381,17.5564239433567,0.128099668173893,"f"
4065,-1.31988165541829,17.5580741194461,0.128103915297191,"f"
4066,-1.31980942382642,17.559725285382,0.128108143021126,"f"
4067,-1.31973771182846,17.5613777662199,0.128112350572203,"f"
4068,-1.31966671114469,17.5630318870152,0.128116537176927,"f"
4069,-1.31959661349538,17.5646879728234,0.128120702061803,"f"
4070,-1.31952761060081,17.5663463486998,0.128124844453336,"f"
4071,-1.31945989418125,17.5680073397,0.12812896357803,"f"
4072,-1.31939365595698,17.5696712708794,0.128133058662392,"f"
4073,-1.31932908764826,17.5713384672933,0.128137128932925,"f"
4074,-1.31926638097538,17.5730092539973,0.128141173616135,"f"
4075,-1.31920572765859,17.5746839560467,0.128145191938527,"f"
4076,-1.31914731941819,17.576362898497,0.128149183126606,"f"
4077,-1.31909134797444,17.5780464064036,0.128153146406876,"f"
4078,-1.31903800504761,17.579734804822,0.128157081005843,"f"
4079,-1.31898748134237,17.5814284174091,0.128160986155391,"f"
4080,-1.31893984854506,17.5831274039328,0.128164861717835,"f"
4081,-1.31889494924351,17.5848316086905,0.128168708769004,"f"
4082,-1.31885259998785,17.5865408401256,0.128172528522647,"f"
4083,-1.31881261732822,17.5882549066818,0.128176322192514,"f"
4084,-1.31877481781474,17.5899736168022,0.128180090992354,"f"
4085,-1.31873901799754,17.5916967789304,0.128183836135915,"f"
4086,-1.31870503442675,17.5934242015098,0.128187558836947,"f"
4087,-1.31867268365251,17.5951556929838,0.1281912603092,"f"
4088,-1.31864178222493,17.5968910617959,0.128194941766422,"f"
4089,-1.31861214669416,17.5986301163894,0.128198604422362,"f"
4090,-1.31858359361032,17.6003726652078,0.12820224949077,"f"
4091,-1.31855593952355,17.6021185166945,0.128205878185394,"f"
4092,-1.31852900098396,17.6038674792929,0.128209491719984,"f"
4093,-1.3185025945417,17.6056193614465,0.128213091308289,"f"
4094,-1.31847653674689,17.6073739715987,0.128216678164058,"f"
4095,-1.31845064414966,17.6091311181929,0.128220253501041,"f"
4096,-1.31842473330014,17.6108906096725,0.128223818532986,"f"
4097,-1.31839862074846,17.612652254481,0.128227374473642,"f"
4098,-1.31837212304476,17.6144158610617,0.128230922536759,"f"
4099,-1.31834505673916,17.6161812378582,0.128234463936085,"f"
4100,-1.31831723838178,17.6179481933138,0.128237999885371,"f"
4101,-1.31828848452277,17.6197165358719,0.128241531598364,"f"
4102,-1.31825861171226,17.621486073976,0.128245060288815,"f"
4103,-1.31822743650036,17.6232566160696,0.128248587170472,"f"
4104,-1.31819477543721,17.6250279705959,0.128252113457084,"f"
4105,-1.31816044507295,17.6267999459985,0.128255640362401,"f"
4106,-1.31812426195769,17.6285723507208,0.128259169100172,"f"
4107,-1.31808604264158,17.6303449932062,0.128262700884146,"f"
4108,-1.31804560367474,17.6321176818981,0.128266236928071,"f"
4109,-1.3180027616073,17.6338902252399,0.128269778445698,"f"
4110,-1.31795737402891,17.6356624410688,0.12827332646695,"f"
4111,-1.31790949662545,17.6374341925652,0.128276881134434,"f"
4112,-1.31785924477553,17.6392053565725,0.128280442323381,"f"
4113,-1.31780673386994,17.6409758099373,0.128284009908966,"f"
4114,-1.31775207929944,17.6427454295059,0.128287583766365,"f"
4115,-1.31769539645482,17.6445140921247,0.128291163770753,"f"
4116,-1.31763680072686,17.6462816746402,0.128294749797307,"f"
4117,-1.31757640750633,17.6480480538988,0.128298341721202,"f"
4118,-1.31751433218401,17.6498131067469,0.128301939417614,"f"
4119,-1.31745069015067,17.651576710031,0.128305542761718,"f"
4120,-1.3173855967971,17.6533387405973,0.12830915162869,"f"
4121,-1.31731916751407,17.6550990752924,0.128312765893706,"f"
4122,-1.31725151769236,17.6568575909626,0.128316385431942,"f"
4123,-1.31718276272274,17.6586141644544,0.128320010118573,"f"
4124,-1.317113017996,17.6603686726141,0.128323639828775,"f"
4125,-1.31704239890291,17.6621209922883,0.128327274437724,"f"
4126,-1.31697102083425,17.6638710003233,0.128330913820595,"f"
4127,-1.31689899918079,17.6656185735654,0.128334557852564,"f"
4128,-1.31682644933332,17.6673635888613,0.128338206408807,"f"
4129,-1.3167534866826,17.6691059230571,0.128341859364499,"f"
4130,-1.31668022661943,17.6708454529995,0.128345516594817,"f"
4131,-1.31660678453456,17.6725820555347,0.128349177974935,"f"
4132,-1.31653327581879,17.6743156075091,0.12835284338003,"f"
4133,-1.31645981586289,17.6760459857693,0.128356512685278,"f"
4134,-1.31638652005764,17.6777730671617,0.128360185765853,"f"
4135,-1.31631350379381,17.6794967285325,0.128363862496932,"f"
4136,-1.31624088246218,17.6812168467283,0.128367542753691,"f"
4137,-1.31616877145353,17.6829332985954,0.128371226411305,"f"
4138,-1.31609728615864,17.6846459609803,0.128374913344949,"f"
4139,-1.31602654196828,17.6863547107294,0.1283786034298,"f"
4140,-1.31595664735472,17.6880594429684,0.128382296506923,"f"
4141,-1.31588761568727,17.6897603040933,0.128385991948492,"f"
4142,-1.31581939120484,17.6914576231486,0.128389688785844,"f"
4143,-1.31575191658859,17.6931517332946,0.128393386042637,"f"
4144,-1.31568513451967,17.6948429676914,0.128397082742529,"f"
4145,-1.31561898767921,17.6965316594993,0.128400777909175,"f"
4146,-1.31555341874838,17.6982181418787,0.128404470566235,"f"
4147,-1.31548837040832,17.6999027479897,0.128408159737364,"f"
4148,-1.31542378534018,17.7015858109925,0.12841184444622,"f"
4149,-1.31535960622511,17.7032676640475,0.128415523716461,"f"
4150,-1.31529577574425,17.7049486403149,0.128419196571743,"f"
4151,-1.31523223657876,17.7066290729549,0.128422862035724,"f"
4152,-1.31516893140979,17.7083092951278,0.128426519132061,"f"
4153,-1.31510580291848,17.7099896399939,0.128430166884411,"f"
4154,-1.31504279378599,17.7116704407133,0.128433804316433,"f"
4155,-1.31497984669345,17.7133520304463,0.128437430451781,"f"
4156,-1.31491690432203,17.7150347423533,0.128441044314115,"f"
4157,-1.31485390935287,17.7167189095943,0.128444644927092,"f"
4158,-1.31479080446712,17.7184048653298,0.128448231314368,"f"
4159,-1.31472753234593,17.7200929427198,0.128451802499601,"f"
4160,-1.31466403567044,17.7217834749248,0.128455357506448,"f"
4161,-1.31460025712182,17.7234767951048,0.128458895358566,"f"
4162,-1.31453613938119,17.7251732364203,0.128462415079613,"f"
4163,-1.31447162512973,17.7268731320314,0.128465915693245,"f"
4164,-1.31440665704856,17.7285768150983,0.128469396223121,"f"
4165,-1.31434117781885,17.7302846187814,0.128472855692897,"f"
4166,-1.31427513012174,17.7319968762409,0.128476293126231,"f"
4167,-1.31420845663838,17.7337139206369,0.128479707546779,"f"
4168,-1.31414110004991,17.7354360851299,0.1284830979782,"f"
4169,-1.3140730030375,17.73716370288,0.12848646344415,"f"
4170,-1.31400410828229,17.7388971070474,0.128489802968287,"f"
4171,-1.31393438127931,17.7406365405249,0.12849311575778,"f"
4172,-1.3138638965702,17.7423818147411,0.128496401896957,"f"
4173,-1.31379276124032,17.7441326123592,0.128499661731925,"f"
4174,-1.31372108238079,17.7458886160194,0.128502895608837,"f"
4175,-1.31364896708269,17.7476495083623,0.128506103873844,"f"
4176,-1.31357652243712,17.7494149720283,0.1285092868731,"f"
4177,-1.31350385553517,17.7511846896578,0.128512444952757,"f"
4178,-1.31343107346795,17.7529583438913,0.128515578458967,"f"
4179,-1.31335828332653,17.7547356173691,0.128518687737884,"f"
4180,-1.31328559220202,17.7565161927318,0.128521773135658,"f"
4181,-1.31321310718551,17.7582997526197,0.128524834998444,"f"
4182,-1.31314093536809,17.7600859796732,0.128527873672393,"f"
4183,-1.31306918384087,17.7618745565329,0.128530889503658,"f"
4184,-1.31299795969493,17.7636651658391,0.128533882838391,"f"
4185,-1.31292737002137,17.7654574902323,0.128536854022745,"f"
4186,-1.31285752191128,17.7672512123529,0.128539803402872,"f"
4187,-1.31278852245575,17.7690460148413,0.128542731324925,"f"
4188,-1.31272047874589,17.770841580338,0.128545638135056,"f"
4189,-1.31265349787279,17.7726375914834,0.128548524179418,"f"
4190,-1.31258768692753,17.7744337309179,0.128551389804164,"f"
4191,-1.31252315300122,17.776229681282,0.128554235355445,"f"
4192,-1.31246000318495,17.7780251252161,0.128557061179415,"f"
4193,-1.31239834456981,17.7798197453606,0.128559867622225,"f"
4194,-1.3123382842469,17.781613224356,0.128562655030028,"f"
4195,-1.31227992930731,17.7834052448426,0.128565423748977,"f"
4196,-1.31222338684214,17.785195489461,0.128568174125225,"f"
4197,-1.31216876394248,17.7869836408516,0.128570906504923,"f"
4198,-1.31211616769942,17.7887693816548,0.128573621234224,"f"
4199,-1.31206570520406,17.7905523945109,0.128576318659281,"f"
4200,-1.3120174835475,17.7923323620606,0.128578999126246,"f"
4201,-1.31197159935157,17.7941089862466,0.128581663026292,"f"
4202,-1.31192800710742,17.7958822310624,0.128584311361797,"f"
4203,-1.31188655887498,17.7976522493572,0.128586945575619,"f"
4204,-1.31184710445282,17.7994191981493,0.128589567120345,"f"
4205,-1.31180949363948,17.801183234457,0.128592177448558,"f"
4206,-1.31177357623354,17.8029445152988,0.128594778012845,"f"
4207,-1.31173920203354,17.804703197693,0.128597370265788,"f"
4208,-1.31170622083806,17.8064594386579,0.128599955659974,"f"
4209,-1.31167448244565,17.808213395212,0.128602535647987,"f"
4210,-1.31164383665488,17.8099652243736,0.128605111682412,"f"
4211,-1.31161413326429,17.8117150831611,0.128607685215834,"f"
4212,-1.31158522207247,17.8134631285929,0.128610257700838,"f"
4213,-1.31155695287795,17.8152095176874,0.128612830590008,"f"
4214,-1.31152917547932,17.8169544074629,0.128615405335929,"f"
4215,-1.31150173967511,17.8186979549378,0.128617983391186,"f"
4216,-1.31147449526391,17.8204403171304,0.128620566208365,"f"
4217,-1.31144729204426,17.8221816510592,0.128623155240049,"f"
4218,-1.31141997981473,17.8239221137425,0.128625751938824,"f"
4219,-1.31139240837387,17.8256618621987,0.128628357757274,"f"
4220,-1.31136442752026,17.8274010534462,0.128630974147985,"f"
4221,-1.31133588705244,17.8291398445033,0.12863360256354,"f"
4222,-1.31130663676898,17.8308783923885,0.128636244456526,"f"
4223,-1.31127652646845,17.83261685412,0.128638901279526,"f"
4224,-1.31124540594939,17.8343553867164,0.128641574485126,"f"
4225,-1.31121312501037,17.8360941471958,0.12864426552591,"f"
4226,-1.31117953344996,17.8378332925768,0.128646975854464,"f"
4227,-1.3111444810667,17.8395729798776,0.128649706923372,"f"
4228,-1.31110781765917,17.8413133661168,0.128652460185218,"f"
4229,-1.31106939302592,17.8430546083125,0.128655237092589,"f"
4230,-1.31102905696552,17.8447968634833,0.128658039098068,"f"
4231,-1.31098666035725,17.8465402877711,0.128660867636942,"f"
4232,-1.31094213176545,17.8482849743264,0.128663722901057,"f"
4233,-1.31089552819519,17.8500309121518,0.128666603026414,"f"
4234,-1.310846918695,17.8517780804847,0.128669505956246,"f"
4235,-1.3107963723134,17.8535264585624,0.128672429633783,"f"
4236,-1.31074395809892,17.855276025622,0.128675372002258,"f"
4237,-1.3106897451001,17.8570267609009,0.128678331004901,"f"
4238,-1.31063380236544,17.8587786436363,0.128681304584945,"f"
4239,-1.31057619894348,17.8605316530655,0.128684290685621,"f"
4240,-1.31051700388275,17.8622857684257,0.128687287250161,"f"
4241,-1.31045628623177,17.8640409689542,0.128690292221796,"f"
4242,-1.31039411503907,17.8657972338883,0.128693303543759,"f"
4243,-1.31033055935317,17.8675545424652,0.12869631915928,"f"
4244,-1.3102656882226,17.8693128739221,0.128699337011592,"f"
4245,-1.31019957069588,17.8710722074964,0.128702355043925,"f"
4246,-1.31013227582155,17.8728325224253,0.128705371199512,"f"
4247,-1.31006387264813,17.8745937979461,0.128708383421585,"f"
4248,-1.30999443022413,17.8763560132959,0.128711389653374,"f"
4249,-1.3099240175981,17.8781191477122,0.128714387838112,"f"
4250,-1.30985270381856,17.879883180432,0.12871737591903,"f"
4251,-1.30978055793403,17.8816480906928,0.128720351839359,"f"
4252,-1.30970764899303,17.8834138577317,0.128723313542333,"f"
4253,-1.3096340460441,17.8851804607861,0.128726258971181,"f"
4254,-1.30955981813576,17.8869478790931,0.128729186069136,"f"
4255,-1.30948503431654,17.8887160918901,0.128732092779429,"f"
4256,-1.30940976363496,17.8904850784143,0.128734977045292,"f"
4257,-1.30933407513955,17.8922548179029,0.128737836809956,"f"
4258,-1.30925803787883,17.8940252895932,0.128740670016654,"f"
4259,-1.30918172090134,17.8957964727226,0.128743474608617,"f"
4260,-1.30910519325559,17.8975683465281,0.128746248529076,"f"
4261,-1.30902852399011,17.8993408902472,0.128748989721264,"f"
4262,-1.30895178239666,17.9011140835483,0.128751696250328,"f"
4263,-1.30887504102827,17.9028879118819,0.128754367816177,"f"
4264,-1.30879837476822,17.9046623648303,0.128757005286774,"f"
4265,-1.30872185855018,17.9064374320648,0.128759609555344,"f"
4266,-1.30864556730783,17.9082131032568,0.128762181515111,"f"
4267,-1.30856957597484,17.9099893680777,0.128764722059299,"f"
4268,-1.30849395948488,17.911766216199,0.128767232081133,"f"
4269,-1.30841879277162,17.913543637292,0.128769712473837,"f"
4270,-1.30834415076874,17.9153216210283,0.128772164130635,"f"
4271,-1.30827010840991,17.9171001570791,0.128774587944752,"f"
4272,-1.3081967406288,17.9188792351159,0.128776984809411,"f"
4273,-1.30812412235909,17.9206588448102,0.128779355617838,"f"
4274,-1.30805232853444,17.9224389758333,0.128781701263256,"f"
4275,-1.30798143408853,17.9242196178566,0.12878402263889,"f"
4276,-1.30791151395504,17.9260007605516,0.128786320637963,"f"
4277,-1.30784264306763,17.9277823935897,0.128788596153701,"f"
4278,-1.30777489635997,17.9295645066423,0.128790850079328,"f"
4279,-1.30770834876575,17.9313470893808,0.128793083308067,"f"
4280,-1.30764307521863,17.9331301314766,0.128795296733143,"f"
4281,-1.30757915065228,17.9349136226011,0.128797491247781,"f"
4282,-1.30751665000039,17.9366975524258,0.128799667745204,"f"
4283,-1.30745564819661,17.9384819106221,0.128801827118637,"f"
4284,-1.30739622017462,17.9402666868613,0.128803970261305,"f"
4285,-1.3073384408681,17.942051870815,0.128806098066431,"f"
4286,-1.30728238521072,17.9438374521544,0.12880821142724,"f"
4287,-1.30722812813615,17.9456234205511,0.128810311236955,"f"
4288,-1.30717574457806,17.9474097656764,0.128812398388803,"f"
4289,-1.30712530947013,17.9491964772018,0.128814473776005,"f"
4290,-1.30707689774603,17.9509835447986,0.128816538291788,"f"
4291,-1.30703058433943,17.9527709581383,0.128818592829375,"f"
4292,-1.30698644303975,17.9545587065608,0.128820638279554,"f"
4293,-1.30694446743828,17.9563467561649,0.128822675362308,"f"
4294,-1.30690451968411,17.9581350349589,0.128824704517681,"f"
4295,-1.30686644974236,17.95992346742,0.128826726159767,"f"
4296,-1.30683010757815,17.9617119780255,0.12882874070266,"f"
4297,-1.30679534315662,17.9635004912527,0.128830748560454,"f"
4298,-1.30676200644288,17.9652889315788,0.128832750147245,"f"
4299,-1.30672994740206,17.9670772234813,0.128834745877125,"f"
4300,-1.30669901599928,17.9688652914373,0.128836736164189,"f"
4301,-1.30666906219967,17.9706530599241,0.128838721422531,"f"
4302,-1.30663993596834,17.972440453419,0.128840702066246,"f"
4303,-1.30661148727043,17.9742273963994,0.128842678509427,"f"
4304,-1.30658356607105,17.9760138133425,0.128844651166169,"f"
4305,-1.30655602233534,17.9777996287255,0.128846620450566,"f"
4306,-1.3065287060284,17.9795847670258,0.128848586776712,"f"
4307,-1.30650146711538,17.9813691527207,0.128850550558702,"f"
4308,-1.30647415556139,17.9831527102874,0.128852512210629,"f"
4309,-1.30644662133156,17.9849353642033,0.128854472146588,"f"
4310,-1.306418714391,17.9867170389456,0.128856430780674,"f"
4311,-1.30639028470485,17.9884976589915,0.128858388526979,"f"
4312,-1.30636118223823,17.9902771488185,0.128860345799598,"f"
4313,-1.30633125695626,17.9920554329038,0.128862303012627,"f"
4314,-1.30630035882406,17.9938324357246,0.128864260580158,"f"
4315,-1.30626833780676,17.9956080817582,0.128866218916286,"f"
4316,-1.30623504386949,17.9973822954821,0.128868178435105,"f"
4317,-1.30620032697736,17.9991550013733,0.128870139550709,"f"
4318,-1.3061640370955,18.0009261239092,0.128872102677194,"f"
4319,-1.30612602418904,18.0026955875672,0.128874068228652,"f"
4320,-1.3060861382231,18.0044633168244,0.128876036619177,"f"
4321,-1.30604422916279,18.0062292361582,0.128878008262866,"f"
4322,-1.30600014697326,18.0079932700459,0.12887998357381,"f"
4323,-1.30595378288357,18.0097553839452,0.128881962809399,"f"
4324,-1.30590519479584,18.0115157088419,0.128883945594053,"f"
4325,-1.30585448268866,18.0132744175091,0.128885931392403,"f"
4326,-1.30580174654064,18.0150316827201,0.128887919669078,"f"
4327,-1.30574708633038,18.0167876772481,0.128889909888706,"f"
4328,-1.30569060203649,18.0185425738663,0.128891901515919,"f"
4329,-1.30563239363757,18.0202965453478,0.128893894015344,"f"
4330,-1.30557256111222,18.0220497644659,0.128895886851612,"f"
4331,-1.30551120443905,18.0238024039938,0.128897879489352,"f"
4332,-1.30544842359667,18.0255546367046,0.128899871393194,"f"
4333,-1.30538431856368,18.0273066353716,0.128901862027766,"f"
4334,-1.30531898931867,18.0290585727679,0.128903850857699,"f"
4335,-1.30525253584027,18.0308106216667,0.128905837347622,"f"
4336,-1.30518505810706,18.0325629548414,0.128907820962164,"f"
4337,-1.30511665609766,18.0343157450649,0.128909801165955,"f"
4338,-1.30504742979066,18.0360691651106,0.128911777423624,"f"
4339,-1.30497747916468,18.0378233877516,0.128913749199801,"f"
4340,-1.30490690419832,18.0395785857612,0.128915715959115,"f"
4341,-1.30483580487017,18.0413349319124,0.128917677166196,"f"
4342,-1.30476428115886,18.0430925989786,0.128919632285673,"f"
4343,-1.30469243304297,18.044851759733,0.128921580782175,"f"
4344,-1.30462036050111,18.0466125869486,0.128923522120333,"f"
4345,-1.30454816351189,18.0483752533988,0.128925455764775,"f"
4346,-1.30447594205392,18.0501399318566,0.128927381180131,"f"
4347,-1.30440379610579,18.0519067950954,0.12892929783103,"f"
4348,-1.30433182564611,18.0536760158883,0.128931205182103,"f"
4349,-1.30426013065348,18.0554477670085,0.128933102697977,"f"
4350,-1.30418881110652,18.0572222212292,0.128934989843284,"f"
4351,-1.30411796698381,18.0589995513236,0.128936866082652,"f"
4352,-1.30404769826398,18.0607799300649,0.12893873088071,"f"
4353,-1.30397810413442,18.0625635286157,0.128940583704401,"f"
4354,-1.30390922969818,18.064350408043,0.128942424178709,"f"
4355,-1.3038410321861,18.0661404505387,0.128944252185396,"f"
4356,-1.30377346077724,18.0679335219042,0.128946067629754,"f"
4357,-1.30370646465065,18.0697294879409,0.128947870417074,"f"
4358,-1.30363999298536,18.0715282144503,0.128949660452645,"f"
4359,-1.30357399496044,18.0733295672339,0.12895143764176,"f"
4360,-1.30350841975494,18.075133412093,0.12895320188971,"f"
4361,-1.30344321654789,18.0769396148291,0.128954953101784,"f"
4362,-1.30337833451836,18.0787480412436,0.128956691183275,"f"
4363,-1.30331372284538,18.0805585571379,0.128958416039473,"f"
4364,-1.30324933070802,18.0823710283136,0.128960127575669,"f"
4365,-1.30318510728532,18.0841853205719,0.128961825697154,"f"
4366,-1.30312100175633,18.0860012997144,0.128963510309219,"f"
4367,-1.3030569633001,18.0878188315425,0.128965181317154,"f"
4368,-1.30299294109567,18.0896377818576,0.128966838626252,"f"
4369,-1.30292888432211,18.0914580164611,0.128968482141803,"f"
4370,-1.30286474215845,18.0932794011545,0.128970111769098,"f"
4371,-1.30280046378375,18.0951018017393,0.128971727413427,"f"
4372,-1.30273599837705,18.0969250840167,0.128973328980082,"f"
4373,-1.30267129511741,18.0987491137884,0.128974916374354,"f"
4374,-1.30260630318388,18.1005737568557,0.128976489501533,"f"
4375,-1.3025409717555,18.10239887902,0.128978048266911,"f"
4376,-1.30247525001133,18.1042243460828,0.128979592575779,"f"
4377,-1.30240908713041,18.1060500238455,0.128981122333427,"f"
4378,-1.30234243229179,18.1078757781095,0.128982637445147,"f"
4379,-1.30227523467453,18.1097014746763,0.128984137816229,"f"
4380,-1.30220744345767,18.1115269793473,0.128985623351964,"f"
4381,-1.30213900782026,18.113352157924,0.128987093957644,"f"
4382,-1.30206987694136,18.1151768762078,0.128988549538559,"f"
4383,-1.302,18.117001,0.12898999,"f"
4384,-1.30192935246136,18.118824419103,0.128991415390916,"f"
4385,-1.30185801493509,18.1206471193221,0.128992826334884,"f"
4386,-1.30178609431693,18.1224691104635,0.12899422359914,"f"
4387,-1.30171369750267,18.1242904023333,0.128995607950918,"f"
4388,-1.30164093138804,18.1261110047378,0.128996980157455,"f"
4389,-1.30156790286882,18.1279309274832,0.128998340985985,"f"
4390,-1.30149471884077,18.1297501803755,0.128999691203742,"f"
4391,-1.30142148619964,18.1315687732211,0.129001031577964,"f"
4392,-1.30134831184121,18.133386715826,0.129002362875884,"f"
4393,-1.30127530266122,18.1352040179964,0.129003685864737,"f"
4394,-1.30120256555544,18.1370206895386,0.12900500131176,"f"
4395,-1.30113020741964,18.1388367402586,0.129006309984187,"f"
4396,-1.30105833514956,18.1406521799627,0.129007612649253,"f"
4397,-1.30098705564098,18.1424670184571,0.129008910074194,"f"
4398,-1.30091647578966,18.1442812655479,0.129010203026244,"f"
4399,-1.30084670249135,18.1460949310413,0.129011492272639,"f"
4400,-1.30077784264182,18.1479080247435,0.129012778580614,"f"
4401,-1.30071000313682,18.1497205564606,0.129014062717405,"f"
4402,-1.30064329087213,18.1515325359989,0.129015345450246,"f"
4403,-1.30057781274349,18.1533439731645,0.129016627546372,"f"
4404,-1.30051367564667,18.1551548777636,0.129017909773019,"f"
4405,-1.30045098647744,18.1569652596023,0.129019192897423,"f"
4406,-1.30038985213155,18.1587751284869,0.129020477686817,"f"
4407,-1.30033037950476,18.1605844942236,0.129021764908437,"f"
4408,-1.30027267549284,18.1623933666184,0.129023055329519,"f"
4409,-1.30021684699154,18.1642017554776,0.129024349717298,"f"
4410,-1.30016300089663,18.1660096706074,0.129025648839008,"f"
4411,-1.30011124410387,18.1678171218139,0.129026953461886,"f"
4412,-1.30006168350901,18.1696241189033,0.129028264353165,"f"
4413,-1.30001442600783,18.1714306716819,0.129029582280082,"f"
4414,-1.2999695643558,18.1732367870484,0.129030907919938,"f"
4415,-1.29992703699059,18.1750424401737,0.129032240968564,"f"
4416,-1.29988668736891,18.1768475867001,0.129033580517701,"f"
4417,-1.299848357558,18.1786521819846,0.129034925650259,"f"
4418,-1.29981188962509,18.1804561813839,0.129036275449142,"f"
4419,-1.29977712563743,18.1822595402546,0.129037628997258,"f"
4420,-1.29974390766228,18.1840622139537,0.129038985377513,"f"
4421,-1.29971207776686,18.1858641578378,0.129040343672815,"f"
4422,-1.29968147801842,18.1876653272638,0.12904170296607,"f"
4423,-1.29965195048422,18.1894656775883,0.129043062340184,"f"
4424,-1.29962333723148,18.1912651641683,0.129044420878064,"f"
4425,-1.29959548032746,18.1930637423604,0.129045777662618,"f"
4426,-1.29956822183939,18.1948613675214,0.129047131776751,"f"
4427,-1.29954140383453,18.1966579950082,0.12904848230337,"f"
4428,-1.29951486838011,18.1984535801774,0.129049828325383,"f"
4429,-1.29948845754338,18.2002480783858,0.129051168925696,"f"
4430,-1.29946201339158,18.2020414449903,0.129052503187215,"f"
4431,-1.29943537799196,18.2038336353475,0.129053830192847,"f"
4432,-1.29940839341175,18.2056246048143,0.129055149025499,"f"
4433,-1.29938090171821,18.2074143087474,0.129056458768078,"f"
4434,-1.29935274497857,18.2092027025036,0.129057758503491,"f"
4435,-1.29932376526008,18.2109897414397,0.129059047314643,"f"
4436,-1.29929380462999,18.2127753809124,0.129060324284442,"f"
4437,-1.29926270515553,18.2145595762785,0.129061588495795,"f"
4438,-1.29923030890395,18.2163422828948,0.129062839031608,"f"
4439,-1.2991964579425,18.2181234561181,0.129064074974788,"f"
4440,-1.29916099433841,18.2199030513051,0.129065295408241,"f"
4441,-1.29912376015893,18.2216810238125,0.129066499414875,"f"
4442,-1.29908459747131,18.2234573289973,0.129067686077596,"f"
4443,-1.29904334834279,18.2252319222161,0.12906885447931,"f"
4444,-1.2989998548406,18.2270047588256,0.129070003702925,"f"
4445,-1.29895400219978,18.2287758419503,0.129071133155352,"f"
4446,-1.2989058466511,18.2305453639302,0.12907224352695,"f"
4447,-1.2988554867595,18.2323135639506,0.129073335825825,"f"
4448,-1.29880302108991,18.2340806811967,0.129074411060084,"f"
4449,-1.29874854820728,18.2358469548538,0.129075470237833,"f"
4450,-1.29869216667653,18.2376126241071,0.129076514367179,"f"
4451,-1.29863397506261,18.2393779281419,0.129077544456228,"f"
4452,-1.29857407193046,18.2411431061434,0.129078561513087,"f"
4453,-1.298512555845,18.2429083972967,0.129079566545863,"f"
4454,-1.29844952537119,18.2446740407873,0.129080560562662,"f"
4455,-1.29838507907395,18.2464402758003,0.12908154457159,"f"
4456,-1.29831931551822,18.2482073415209,0.129082519580755,"f"
4457,-1.29825233326895,18.2499754771343,0.129083486598262,"f"
4458,-1.29818423089107,18.251744921826,0.129084446632219,"f"
4459,-1.29811510694951,18.2535159147809,0.129085400690731,"f"
4460,-1.29804506000921,18.2552886951845,0.129086349781906,"f"
4461,-1.29797418863512,18.2570635022219,0.129087294913849,"f"
4462,-1.29790259139217,18.2588405750783,0.129088237094669,"f"
4463,-1.29783036684529,18.2606201529391,0.12908917733247,"f"
4464,-1.29775761355942,18.2624024749894,0.12909011663536,"f"
4465,-1.29768443009951,18.2641877804145,0.129091056011445,"f"
4466,-1.29761091503048,18.2659763083996,0.129091996468832,"f"
4467,-1.29753716691728,18.26776829813,0.129092939015627,"f"
4468,-1.29746328432484,18.2695639887909,0.129093884659937,"f"
4469,-1.2973893658181,18.2713636195676,0.129094834409868,"f"
4470,-1.297315509962,18.2731674296452,0.129095789273527,"f"
4471,-1.29724181532148,18.274975658209,0.129096750259021,"f"
4472,-1.29716838046147,18.2767885444443,0.129097718374456,"f"
4473,-1.2970953039469,18.2786063275363,0.129098694627938,"f"
4474,-1.29702268434273,18.2804292466702,0.129099680027575,"f"
4475,-1.29695061392731,18.2822575059281,0.129100675469603,"f"
4476,-1.29687911715869,18.2840909306946,0.129101680643399,"f"
4477,-1.29680817711502,18.285929115296,0.129102694501986,"f"
4478,-1.29673777628406,18.2877716507617,0.12910371598788,"f"
4479,-1.29666789715355,18.2896181281212,0.129104744043599,"f"
4480,-1.29659852221125,18.291468138404,0.129105777611658,"f"
4481,-1.29652963394491,18.2933212726396,0.129106815634574,"f"
4482,-1.29646121484228,18.2951771218575,0.129107857054864,"f"
4483,-1.29639324739112,18.2970352770871,0.129108900815044,"f"
4484,-1.29632571407919,18.2988953293581,0.129109945857631,"f"
4485,-1.29625859739422,18.3007568696998,0.129110991125142,"f"
4486,-1.29619187982398,18.3026194891418,0.129112035560093,"f"
4487,-1.29612554385622,18.3044827787135,0.129113078105002,"f"
4488,-1.29605957197869,18.3063463294445,0.129114117702383,"f"
4489,-1.29599394667915,18.3082097323642,0.129115153294754,"f"
4490,-1.29592865044534,18.3100725785022,0.129116183824633,"f"
4491,-1.29586366576501,18.3119344588879,0.129117208234534,"f"
4492,-1.29579897512594,18.3137949645508,0.129118225466975,"f"
4493,-1.29573456101585,18.3156536865204,0.129119234464473,"f"
4494,-1.29567040592252,18.3175102158262,0.129120234169543,"f"
4495,-1.29560649233368,18.3193641434977,0.129121223524703,"f"
4496,-1.2955428027371,18.3212150605644,0.12912220147247,"f"
4497,-1.29547931962052,18.3230625580558,0.129123166955359,"f"
4498,-1.2954160254717,18.3249062270014,0.129124118915888,"f"
4499,-1.29535290277839,18.3267456584307,0.129125056296573,"f"
4500,-1.29528993402835,18.3285804433731,0.12912597803993,"f"
4501,-1.29522710170932,18.3304101728582,0.129126883088477,"f"
4502,-1.29516438830907,18.3322344379154,0.12912777038473,"f"
4503,-1.29510177631533,18.3340528295743,0.129128638871205,"f"
4504,-1.29503924821587,18.3358649388643,0.129129487490419,"f"
4505,-1.29497678645285,18.3376703637072,0.129130315202553,"f"
4506,-1.29491437136033,18.3394690207427,0.129131121784639,"f"
4507,-1.29485198032195,18.3412612726718,0.129131908156933,"f"
4508,-1.29478959050134,18.3430475154622,0.129132675324949,"f"
4509,-1.29472717906211,18.3448281450817,0.129133424294204,"f"
4510,-1.29466472316788,18.346603557498,0.129134156070213,"f"
4511,-1.29460219998225,18.3483741486789,0.12913487165849,"f"
4512,-1.29453958666886,18.3501403145919,0.129135572064553,"f"
4513,-1.29447686039131,18.3519024512049,0.129136258293915,"f"
4514,-1.29441399831322,18.3536609544856,0.129136931352092,"f"
4515,-1.2943509775982,18.3554162204016,0.1291375922446,"f"
4516,-1.29428777540987,18.3571686449208,0.129138241976955,"f"
4517,-1.29422436891186,18.3589186240108,0.129138881554671,"f"
4518,-1.29416073526776,18.3606665536393,0.129139511983263,"f"
4519,-1.2940968516412,18.3624128297741,0.129140134268249,"f"
4520,-1.2940326951958,18.3641578483829,0.129140749415142,"f"
4521,-1.29396824309517,18.3659020054334,0.129141358429458,"f"
4522,-1.29390347250292,18.3676456968933,0.129141962316712,"f"
4523,-1.29383836058268,18.3693893187304,0.129142562082421,"f"
4524,-1.29377288449806,18.3711332669124,0.129143158732099,"f"
4525,-1.29370702141266,18.3728779374069,0.129143753271262,"f"
4526,-1.29364074849012,18.3746237261818,0.129144346705426,"f"
4527,-1.29357404289405,18.3763710292046,0.129144940040105,"f"
4528,-1.29350688178805,18.3781202424433,0.129145534280814,"f"
4529,-1.29343924233575,18.3798717618654,0.129146130433071,"f"
4530,-1.29337110170077,18.3816259834386,0.129146729502389,"f"
4531,-1.29330243704671,18.3833833031308,0.129147332494284,"f"
4532,-1.2932332255372,18.3851441169097,0.129147940414273,"f"
4533,-1.29316344433585,18.3869088207428,0.129148554267869,"f"
4534,-1.29309307060628,18.3886778105981,0.129149175060589,"f"
4535,-1.2930220815121,18.3904514824431,0.129149803797947,"f"
4536,-1.29295046096219,18.3922301952939,0.129150441388443,"f"
4537,-1.2928782648021,18.3940139140839,0.129151087705903,"f"
4538,-1.29280559238702,18.395802365393,0.129151741998353,"f"
4539,-1.29273254367738,18.3975952724852,0.129152403505115,"f"
4540,-1.29265921863364,18.3993923586245,0.129153071465509,"f"
4541,-1.29258571721625,18.401193347075,0.129153745118854,"f"
4542,-1.29251213938568,18.4029979611005,0.129154423704472,"f"
4543,-1.29243858510237,18.4048059239651,0.129155106461683,"f"
4544,-1.29236515432678,18.4066169589328,0.129155792629806,"f"
4545,-1.29229194701936,18.4084307892676,0.129156481448162,"f"
4546,-1.29221906314057,18.4102471382334,0.129157172156073,"f"
4547,-1.29214660265085,18.4120657290942,0.129157863992857,"f"
4548,-1.29207466551067,18.4138862851141,0.129158556197836,"f"
4549,-1.29200335168048,18.4157085295571,0.129159248010329,"f"
4550,-1.29193276112073,18.4175321856871,0.129159938669658,"f"
4551,-1.29186299379187,18.419356976768,0.129160627415142,"f"
4552,-1.29179414965436,18.4211826260641,0.129161313486102,"f"
4553,-1.29172632866866,18.4230088568391,0.129161996121858,"f"
4554,-1.29165963079521,18.4248353923571,0.129162674561731,"f"
4555,-1.29159415599447,18.4266619558821,0.12916334804504,"f"
4556,-1.2915300042269,18.4284882706781,0.129164015811107,"f"
4557,-1.29146727545295,18.430314060009,0.129164677099251,"f"
4558,-1.29140606963307,18.432139047139,0.129165331148794,"f"
4559,-1.29134648672772,18.4339629553319,0.129165977199054,"f"
4560,-1.29128862669735,18.4357855078517,0.129166614489353,"f"
4561,-1.29123258950241,18.4376064279625,0.129167242259012,"f"
4562,-1.29117847510337,18.4394254389282,0.129167859747349,"f"
4563,-1.29112638346066,18.4412422640129,0.129168466193687,"f"
4564,-1.29107641453475,18.4430566264804,0.129169060837344,"f"
4565,-1.2910286682861,18.4448682495949,0.129169642917642,"f"
4566,-1.29098324241896,18.4466768602806,0.129170211678978,"f"
4567,-1.29094013244087,18.4484823512604,0.129170766595714,"f"
4568,-1.29089919205405,18.4502848453146,0.129171307461307,"f"
4569,-1.29086026451544,18.4520844821691,0.129171834092718,"f"
4570,-1.29082319308196,18.4538814015503,0.129172346306908,"f"
4571,-1.29078782101055,18.4556757431842,0.129172843920837,"f"
4572,-1.29075399155814,18.4574676467969,0.129173326751466,"f"
4573,-1.29072154798167,18.4592572521146,0.129173794615756,"f"
4574,-1.29069033353806,18.4610446988633,0.129174247330668,"f"
4575,-1.29066019148426,18.4628301267693,0.129174684713162,"f"
4576,-1.29063096507719,18.4646136755587,0.1291751065802,"f"
4577,-1.29060249757378,18.4663954849575,0.129175512748741,"f"
4578,-1.29057463223098,18.4681756946919,0.129175903035747,"f"
4579,-1.2905472123057,18.4699544444881,0.129176277258179,"f"
4580,-1.29052008105489,18.4717318740721,0.129176635232997,"f"
4581,-1.29049308173548,18.4735081231701,0.129176976777162,"f"
4582,-1.2904660576044,18.4752833315083,0.129177301707635,"f"
4583,-1.29043885191858,18.4770576388126,0.129177609841376,"f"
4584,-1.29041130793496,18.4788311848094,0.129177900995347,"f"
4585,-1.29038326891046,18.4806041092246,0.129178174986508,"f"
4586,-1.29035457810203,18.4823765517845,0.129178431631819,"f"
4587,-1.29032507876659,18.4841486522152,0.129178670748243,"f"
4588,-1.29029461416108,18.4859205502427,0.129178892152739,"f"
4589,-1.29026302754242,18.4876923855932,0.129179095662267,"f"
4590,-1.29023016216756,18.4894642979929,0.12917928109379,"f"
4591,-1.29019586129343,18.4912364271679,0.129179448264268,"f"
4592,-1.29015996817695,18.4930089128442,0.129179596990661,"f"
4593,-1.29012232607506,18.4947818947481,0.12917972708993,"f"
4594,-1.2900827782447,18.4965555126056,0.129179838379037,"f"
4595,-1.2900411679428,18.4983299061429,0.129179930674941,"f"
4596,-1.28999733843524,18.5001052150815,0.129180003794661,"f"
4597,-1.28995118416311,18.5018815525324,0.129180057884408,"f"
4598,-1.28990277104342,18.5036589424418,0.129180094193438,"f"
4599,-1.28985220086809,18.5054373901013,0.129180114201779,"f"
4600,-1.28979957542904,18.5072169008025,0.129180119389456,"f"
4601,-1.28974499651818,18.5089974798372,0.129180111236497,"f"
4602,-1.28968856592745,18.5107791324969,0.129180091222929,"f"
4603,-1.28963038544875,18.5125618640734,0.129180060828779,"f"
4604,-1.28957055687401,18.5143456798582,0.129180021534075,"f"
4605,-1.28950918199515,18.5161305851431,0.129179974818842,"f"
4606,-1.28944636260408,18.5179165852197,0.129179922163109,"f"
4607,-1.28938220049273,18.5197036853796,0.129179865046901,"f"
4608,-1.28931679745301,18.5214918909146,0.129179804950247,"f"
4609,-1.28925025527685,18.5232812071162,0.129179743353172,"f"
4610,-1.28918267575617,18.5250716392762,0.129179681735705,"f"
4611,-1.28911416068288,18.5268631926861,0.129179621577872,"f"
4612,-1.2890448118489,18.5286558726377,0.1291795643597,"f"
4613,-1.28897473104616,18.5304496844226,0.129179511561216,"f"
4614,-1.28890402006657,18.5322446333324,0.129179464662447,"f"
4615,-1.28883278070206,18.5340407246588,0.12917942514342,"f"
4616,-1.28876111474454,18.5358379636935,0.129179394484163,"f"
4617,-1.28868912398593,18.5376363557281,0.129179374164701,"f"
4618,-1.28861691021815,18.5394359060542,0.129179365665063,"f"
4619,-1.28854457523312,18.5412366199636,0.129179370465275,"f"
4620,-1.28847222082277,18.5430385027479,0.129179390045364,"f"
4621,-1.288399948779,18.5448415596987,0.129179425885357,"f"
4622,-1.28832786089375,18.5466457961078,0.129179479465281,"f"
4623,-1.28825605895893,18.5484512172666,0.129179552265164,"f"
4624,-1.28818464476645,18.550257828467,0.129179645765032,"f"
4625,-1.28811372010825,18.5520656350006,0.129179761444912,"f"
4626,-1.28804338677624,18.553874642159,0.129179900784831,"f"
4627,-1.28797374517992,18.5556848543371,0.129180065237763,"f"
4628,-1.28790483438055,18.5574962361364,0.12918025505609,"f"
4629,-1.28783660904227,18.5593086974138,0.129180468840538,"f"
4630,-1.28776901768957,18.5611221440441,0.129180705071681,"f"
4631,-1.28770200884693,18.5629364819017,0.12918096223009,"f"
4632,-1.28763553103882,18.5647516168612,0.129181238796337,"f"
4633,-1.28756953278973,18.5665674547973,0.129181533250994,"f"
4634,-1.28750396262414,18.5683839015844,0.129181844074635,"f"
4635,-1.28743876906653,18.5702008630972,0.129182169747831,"f"
4636,-1.28737390064137,18.5720182452103,0.129182508751153,"f"
4637,-1.28730930587315,18.5738359537981,0.129182859565176,"f"
4638,-1.28724493328634,18.5756538947354,0.12918322067047,"f"
4639,-1.28718073140543,18.5774719738966,0.129183590547608,"f"
4640,-1.2871166487549,18.5792900971564,0.129183967677162,"f"
4641,-1.28705263385921,18.5811081703893,0.129184350539704,"f"
4642,-1.28698863524286,18.5829260994699,0.129184737615807,"f"
4643,-1.28692460143033,18.5847437902728,0.129185127386043,"f"
4644,-1.28686048094609,18.5865611486726,0.129185518330984,"f"
4645,-1.28679622231462,18.5883780805438,0.129185908931202,"f"
4646,-1.2867317740604,18.590194491761,0.12918629766727,"f"
4647,-1.28666708470791,18.5920102881988,0.129186683019759,"f"
4648,-1.28660210278164,18.5938253757317,0.129187063469243,"f"
4649,-1.28653677680606,18.5956396602344,0.129187437496293,"f"
4650,-1.28647105530565,18.5974530475815,0.129187803581481,"f"
4651,-1.28640488680489,18.5992654436474,0.129188160205379,"f"
4652,-1.28633821982826,18.6010767543068,0.129188505848561,"f"
4653,-1.28627100290024,18.6028868854343,0.129188838991597,"f"
4654,-1.2862031845453,18.6046957429044,0.129189158115061,"f"
4655,-1.28613471328794,18.6065032325917,0.129189461699525,"f"
4656,-1.28606553765263,18.6083092603708,0.12918974822556,"f"
4657,-1.28599560617032,18.6101137321207,0.129190016173813,"f"
4658,-1.28592489916129,18.6119165756225,0.129190264385531,"f"
4659,-1.28585350244178,18.6137177913416,0.129190492898659,"f"
4660,-1.2857815236836,18.6155173948012,0.129190701999059,"f"
4661,-1.28570907055856,18.6173154015246,0.129190891972595,"f"
4662,-1.28563625073848,18.619111827035,0.129191063105128,"f"
4663,-1.28556317189515,18.6209066868557,0.129191215682522,"f"
4664,-1.28548994170039,18.62269999651,0.129191349990639,"f"
4665,-1.285416667826,18.6244917715211,0.129191466315342,"f"
4666,-1.2853434579438,18.6262820274122,0.129191564942494,"f"
4667,-1.28527041972559,18.6280707797068,0.129191646157957,"f"
4668,-1.28519766084318,18.6298580439279,0.129191710247595,"f"
4669,-1.28512528896837,18.6316438355989,0.129191757497269,"f"
4670,-1.28505341177299,18.633428170243,0.129191788192843,"f"
4671,-1.28498213692882,18.6352110633835,0.129191802620179,"f"
4672,-1.2849115721077,18.6369925305437,0.129191801065141,"f"
4673,-1.28484182498141,18.6387725872468,0.129191783813591,"f"
4674,-1.28477300322178,18.640551249016,0.129191751151391,"f"
4675,-1.2847052145006,18.6423285313748,0.129191703364404,"f"
4676,-1.28463856648969,18.6441044498462,0.129191640738494,"f"
4677,-1.28457316686086,18.6458790199536,0.129191563559522,"f"
4678,-1.28450912328591,18.6476522572202,0.129191472113352,"f"
4679,-1.28444654343665,18.6494241771693,0.129191366685846,"f"
4680,-1.28438553498489,18.6511947953242,0.129191247562867,"f"
4681,-1.28432620560244,18.6529641272081,0.129191115030278,"f"
4682,-1.28426866296111,18.6547321883443,0.129190969373941,"f"
4683,-1.28421301473271,18.656498994256,0.12919081087972,"f"
4684,-1.28415936858904,18.6582645604666,0.129190639833477,"f"
4685,-1.28410783220191,18.6600289024992,0.129190456521074,"f"
4686,-1.28405851324314,18.6617920358771,0.129190261228375,"f"
4687,-1.28401151938452,18.6635539761237,0.129190054241241,"f"
4688,-1.28396693969698,18.6653147452053,0.129189835853827,"f"
4689,-1.28392469958734,18.6670744217806,0.12918960643322,"f"
4690,-1.28388463943778,18.6688331139601,0.129189366384402,"f"
4691,-1.28384659890491,18.6705909301057,0.129189116112678,"f"
4692,-1.28381041764538,18.6723479785793,0.129188856023352,"f"
4693,-1.2837759353158,18.6741043677427,0.129188586521728,"f"
4694,-1.28374299157281,18.6758602059578,0.129188308013111,"f"
4695,-1.28371142607304,18.6776156015865,0.129188020902805,"f"
4696,-1.28368107847311,18.6793706629907,0.129187725596115,"f"
4697,-1.28365178842965,18.6811254985322,0.129187422498344,"f"
4698,-1.2836233955993,18.682880216573,0.129187112014798,"f"
4699,-1.28359573963868,18.6846349254748,0.129186794550781,"f"
4700,-1.28356866020442,18.6863897335995,0.129186470511597,"f"
4701,-1.28354199695315,18.6881447493091,0.129186140302551,"f"
4702,-1.28351558954151,18.6899000809654,0.129185804328947,"f"
4703,-1.28348927762611,18.6916558369302,0.129185462996089,"f"
4704,-1.28346290086359,18.6934121255655,0.129185116709282,"f"
4705,-1.28343629891058,18.6951690552331,0.129184765873831,"f"
4706,-1.2834093114237,18.6969267342949,0.129184410895039,"f"
4707,-1.28338177805959,18.6986852711127,0.129184052178211,"f"
4708,-1.28335353847488,18.7004447740485,0.129183690128652,"f"
4709,-1.28332443232619,18.7022053514641,0.129183325151666,"f"
4710,-1.28329429927015,18.7039671117213,0.129182957652557,"f"
4711,-1.28326297896339,18.7057301631822,0.12918258803663,"f"
4712,-1.28323031106255,18.7074946142084,0.12918221670919,"f"
4713,-1.28319613522424,18.7092605731619,0.129181844075539,"f"
4714,-1.28316029110511,18.7110281484046,0.129181470540984,"f"
4715,-1.28312261836177,18.7127974482984,0.129181096510828,"f"
4716,-1.28308295665086,18.714568581205,0.129180722390377,"f"
4717,-1.28304114562901,18.7163416554864,0.129180348584933,"f"
4718,-1.28299702496554,18.7181167794909,0.129179975499791,"f"
4719,-1.28295048832772,18.7198940036325,0.129179603492952,"f"
4720,-1.28290160686194,18.7216731879088,0.129179232766982,"f"
4721,-1.28285048812359,18.7234541532542,0.129178863492557,"f"
4722,-1.28279723966803,18.7252367206031,0.129178495840357,"f"
4723,-1.28274196905065,18.7270207108902,0.12917812998106,"f"
4724,-1.28268478382683,18.7288059450497,0.129177766085342,"f"
4725,-1.28262579155194,18.7305922440163,0.129177404323882,"f"
4726,-1.28256509978138,18.7323794287244,0.129177044867358,"f"
4727,-1.28250281607052,18.7341673201084,0.129176687886448,"f"
4728,-1.28243904797474,18.7359557391028,0.12917633355183,"f"
4729,-1.28237390304942,18.7377445066421,0.129175982034181,"f"
4730,-1.28230748884994,18.7395334436608,0.12917563350418,"f"
4731,-1.28223991293168,18.7413223710933,0.129175288132505,"f"
4732,-1.28217128285002,18.7431111098741,0.129174946089833,"f"
4733,-1.28210170616034,18.7448994809377,0.129174607546842,"f"
4734,-1.28203129041803,18.7466873052185,0.129174272674211,"f"
4735,-1.28196014317845,18.748474403651,0.129173941642618,"f"
4736,-1.281888371997,18.7502605971698,0.129173614622739,"f"
4737,-1.28181608442905,18.7520457067091,0.129173291785254,"f"
4738,-1.28174338802999,18.7538295532036,0.129172973300839,"f"
4739,-1.28167039035518,18.7556119575878,0.129172659340174,"f"
4740,-1.28159719896002,18.7573927407959,0.129172350073936,"f"
4741,-1.28152392139989,18.7591717237627,0.129172045672802,"f"
4742,-1.28145066523015,18.7609487274224,0.129171746307452,"f"
4743,-1.2813775380062,18.7627235727096,0.129171452148562,"f"
4744,-1.28130464728342,18.7644960805588,0.129171163366811,"f"
4745,-1.28123210061717,18.7662660719044,0.129170880132876,"f"
4746,-1.28116000556286,18.7680333676809,0.129170602617436,"f"
4747,-1.28108846967584,18.7697977888228,0.129170330991168,"f"
4748,-1.28101760051152,18.7715591562645,0.129170065424751,"f"
4749,-1.28094749447619,18.7733173214543,0.129169806001564,"f"
4750,-1.28087815093801,18.7750724014239,0.129169552045172,"f"
4751,-1.2808095193008,18.7768246499519,0.129169302487912,"f"
4752,-1.28074154855544,18.7785743219473,0.129169056258891,"f"
4753,-1.28067418769283,18.780321672319,0.129168812287216,"f"
4754,-1.28060738570385,18.7820669559758,0.129168569501991,"f"
4755,-1.2805410915794,18.7838104278266,0.129168326832323,"f"
4756,-1.28047525431036,18.7855523427803,0.129168083207318,"f"
4757,-1.28040982288763,18.7872929557457,0.129167837556082,"f"
4758,-1.28034474630209,18.7890325216319,0.12916758880772,"f"
4759,-1.28027997354463,18.7907712953476,0.129167335891338,"f"
4760,-1.28021545360615,18.7925095318017,0.129167077736043,"f"
4761,-1.28015113547752,18.7942474859032,0.12916681327094,"f"
4762,-1.28008696814965,18.7959854125608,0.129166541425136,"f"
4763,-1.28002290061341,18.7977235666836,0.129166261127735,"f"
4764,-1.27995888185971,18.7994622031803,0.129165971307845,"f"
4765,-1.27989486087942,18.8012015769599,0.12916567089457,"f"
4766,-1.27983078666345,18.8029419429313,0.129165358817018,"f"
4767,-1.27976660820267,18.8046835560032,0.129165034004293,"f"
4768,-1.27970227448798,18.8064266710847,0.129164695385502,"f"
4769,-1.27963773451026,18.8081715430846,0.12916434188975,"f"
4770,-1.27957293726042,18.8099184269118,0.129163972446144,"f"
4771,-1.27950783172933,18.8116675774751,0.129163585983789,"f"
4772,-1.27944236690788,18.8134192496835,0.129163181431792,"f"
4773,-1.27937649178697,18.8151736984458,0.129162757719258,"f"
4774,-1.27931015535748,18.816931178671,0.129162313775293,"f"
4775,-1.27924330661031,18.8186919452679,0.129161848529003,"f"
4776,-1.27917589453634,18.8204562531453,0.129161360909495,"f"
4777,-1.27910786812646,18.8222243572123,0.129160849845873,"f"
4778,-1.27903917637157,18.8239965123775,0.129160314267244,"f"
4779,-1.27896977032448,18.8257729655096,0.129159753144537,"f"
4780,-1.27889966708036,18.8275537059451,0.129159166788263,"f"
4781,-1.27882896215066,18.8293384172369,0.129158557099501,"f"
4782,-1.27875775560643,18.8311267651579,0.129157926071817,"f"
4783,-1.27868614751878,18.8329184154805,0.129157275698777,"f"
4784,-1.27861423795876,18.8347130339775,0.129156607973947,"f"
4785,-1.27854212699747,18.8365102864215,0.129155924890893,"f"
4786,-1.27846991470596,18.8383098385852,0.129155228443181,"f"
4787,-1.27839770115534,18.8401113562412,0.129154520624376,"f"
4788,-1.27832558641666,18.8419145051623,0.129153803428045,"f"
4789,-1.27825367056101,18.843718951121,0.129153078847753,"f"
4790,-1.27818205365947,18.84552435989,0.129152348877067,"f"
4791,-1.2781108357831,18.847330397242,0.129151615509551,"f"
4792,-1.278040117003,18.8491367289497,0.129150880738773,"f"
4793,-1.27796999739023,18.8509430207857,0.129150146558297,"f"
4794,-1.27790057701588,18.8527489385226,0.12914941496169,"f"
4795,-1.27783195595102,18.8545541479331,0.129148687942518,"f"
4796,-1.27776423426673,18.85635831479,0.129147967494347,"f"
4797,-1.27769751203408,18.8581611048657,0.129147255610742,"f"
4798,-1.27763188932415,18.8599621839331,0.129146554285269,"f"
4799,-1.27756746620803,18.8617612177647,0.129145865511494,"f"
4800,-1.27750434275678,18.8635578721333,0.129145191282984,"f"
4801,-1.27744261904149,18.8653518128114,0.129144533593304,"f"
4802,-1.27738239513323,18.8671427055718,0.129143894436019,"f"
4803,-1.27732377110307,18.8689302161871,0.129143275804696,"f"
4804,-1.27726684702211,18.8707140104299,0.129142679692901,"f"
4805,-1.2772117229614,18.872493754073,0.1291421080942,"f"
4806,-1.27715849899204,18.8742691128889,0.129141563002158,"f"
4807,-1.2771072751851,18.8760397526504,0.129141046410341,"f"
4808,-1.27705815161165,18.8778053391301,0.129140560312315,"f"
4809,-1.27701122834277,18.8795655381006,0.129140106701647,"f"
4810,-1.27696658762102,18.881320061132,0.129139687229233,"f"
4811,-1.27692415818588,18.8830690141084,0.129139300595603,"f"
4812,-1.27688379044186,18.8848127041381,0.129138943995669,"f"
4813,-1.27684533416679,18.8865514399396,0.129138614612297,"f"
4814,-1.27680863913845,18.8882855302312,0.129138309628354,"f"
4815,-1.27677355513467,18.8900152837313,0.129138026226707,"f"
4816,-1.27673993193325,18.8917410091583,0.129137761590222,"f"
4817,-1.27670761931199,18.8934630152306,0.129137512901766,"f"
4818,-1.27667646704871,18.8951816106664,0.129137277344204,"f"
4819,-1.27664632492121,18.8968971041842,0.129137052100404,"f"
4820,-1.2766170427073,18.8986098045023,0.129136834353232,"f"
4821,-1.27658847018479,18.9003200203391,0.129136621285555,"f"
4822,-1.27656045713148,18.902028060413,0.129136410080238,"f"
4823,-1.27653285332518,18.9037342334423,0.129136197920149,"f"
4824,-1.2765055085437,18.9054388481454,0.129135981988154,"f"
4825,-1.27647827256484,18.9071422132407,0.129135759467119,"f"
4826,-1.27645099516642,18.9088446374465,0.129135527539912,"f"
4827,-1.27642352612625,18.9105464294812,0.129135283389398,"f"
4828,-1.27639571522212,18.9122478980632,0.129135024198443,"f"
4829,-1.27636741223185,18.9139493519108,0.129134747149916,"f"
4830,-1.27633846693324,18.9156510997424,0.129134449426681,"f"
4831,-1.27630872910411,18.9173534502764,0.129134128211605,"f"
4832,-1.27627804852225,18.9190567122311,0.129133780687556,"f"
4833,-1.27624627496548,18.9207611943249,0.129133404037399,"f"
4834,-1.27621325821161,18.9224672052761,0.129132995444,"f"
4835,-1.27617884803843,18.9241750538032,0.129132552090228,"f"
4836,-1.27614289422377,18.9258850486245,0.129132071158947,"f"
4837,-1.27610524654542,18.9275974984583,0.129131549833024,"f"
4838,-1.2760657547812,18.9293127120231,0.129130985295327,"f"
4839,-1.27602426870891,18.9310309980372,0.12913037472872,"f"
4840,-1.27598064125795,18.9327526584112,0.129129715395173,"f"
4841,-1.27593482454562,18.9344777807993,0.129129007046149,"f"
4842,-1.27588688746355,18.936206200611,0.129128252364005,"f"
4843,-1.27583690560164,18.9379377387866,0.129127454199219,"f"
4844,-1.27578495454981,18.9396722162666,0.129126615402268,"f"
4845,-1.27573110989796,18.9414094539912,0.129125738823628,"f"
4846,-1.27567544723603,18.943149272901,0.129124827313776,"f"
4847,-1.2756180421539,18.9448914939362,0.12912388372319,"f"
4848,-1.2755589702415,18.9466359380374,0.129122910902345,"f"
4849,-1.27549830708874,18.9483824261448,0.12912191170172,"f"
4850,-1.27543612828553,18.9501307791988,0.129120888971791,"f"
4851,-1.27537250942178,18.9518808181399,0.129119845563034,"f"
4852,-1.27530752608741,18.9536323639084,0.129118784325927,"f"
4853,-1.27524125387232,18.9553852374447,0.129117708110946,"f"
4854,-1.27517376836643,18.9571392596892,0.129116619768569,"f"
4855,-1.27510514515965,18.9588942515823,0.129115522149271,"f"
4856,-1.27503545984189,18.9606500340644,0.129114418103532,"f"
4857,-1.27496478800306,18.9624064280758,0.129113310481826,"f"
4858,-1.27489320523308,18.964163254557,0.129112202134631,"f"
4859,-1.27482078712186,18.9659203344484,0.129111095912423,"f"
4860,-1.2747476092593,18.9676774886902,0.129109994665681,"f"
4861,-1.27467374723533,18.969434538223,0.12910890124488,"f"
4862,-1.27459927663985,18.971191303987,0.129107818500497,"f"
4863,-1.27452427306277,18.9729476069228,0.12910674928301,"f"
4864,-1.27444881209401,18.9747032679706,0.129105696442895,"f"
4865,-1.27437296932348,18.9764581080709,0.129104662830629,"f"
4866,-1.27429682034109,18.978211948164,0.129103651296689,"f"
4867,-1.27422044073675,18.9799646091904,0.129102664691551,"f"
4868,-1.27414390610038,18.9817159120904,0.129101705865694,"f"
4869,-1.27406729202188,18.9834656778044,0.129100777669593,"f"
4870,-1.27399067408848,18.9852137273435,0.12909988295225,"f"
4871,-1.27391412579511,18.9869599367565,0.129099023414956,"f"
4872,-1.27383771480142,18.9887043355873,0.129098197558135,"f"
4873,-1.27376150775781,18.9904469799289,0.129097403328574,"f"
4874,-1.27368557131466,18.9921879258743,0.129096638673062,"f"
4875,-1.27360997212235,18.9939272295168,0.129095901538385,"f"
4876,-1.27353477683126,18.9956649469493,0.129095189871331,"f"
4877,-1.27346005209178,18.997401134265,0.129094501618687,"f"
4878,-1.27338586455428,18.999135847557,0.12909383472724,"f"
4879,-1.27331228086915,19.0008691429182,0.129093187143778,"f"
4880,-1.27323936768677,19.002601076442,0.129092556815088,"f"
4881,-1.27316719165753,19.0043317042212,0.129091941687957,"f"
4882,-1.27309581943179,19.006061082349,0.129091339709173,"f"
4883,-1.27302531765995,19.0077892669186,0.129090748825523,"f"
4884,-1.27295575299239,19.0095163140229,0.129090166983794,"f"
4885,-1.27288719207949,19.0112422797551,0.129089592130774,"f"
4886,-1.27281970157163,19.0129672202083,0.129089022213249,"f"
4887,-1.2727533481192,19.0146911914755,0.129088455178008,"f"
4888,-1.27268819837257,19.0164142496499,0.129087888971838,"f"
4889,-1.27262431898213,19.0181364508245,0.129087321541525,"f"
4890,-1.27256177659825,19.0198578510924,0.129086750833857,"f"
4891,-1.27250063787133,19.0215785065468,0.129086174795622,"f"
4892,-1.27244096945174,19.0232984732807,0.129085591373607,"f"
4893,-1.27238283798987,19.0250178073871,0.129084998514599,"f"
4894,-1.27232631013609,19.0267365649592,0.129084394165385,"f"
4895,-1.2722714525408,19.0284548020901,0.129083776272753,"f"
4896,-1.27221833185436,19.0301725748729,0.12908314278349,"f"
4897,-1.27216701472717,19.0318899394006,0.129082491644384,"f"
4898,-1.2721175678096,19.0336069517664,0.129081820802221,"f"
4899,-1.27207005775204,19.0353236680633,0.129081128203789,"f"
4900,-1.27202455120486,19.0370401443844,0.129080411795875,"f"
4901,-1.27198111185356,19.0387564361444,0.129079669569811,"f"
4902,-1.27193971168158,19.0404725777779,0.129078900894613,"f"
4903,-1.27190021562555,19.0421885792283,0.129078106747521,"f"
4904,-1.27186248256517,19.043904449053,0.129077288196769,"f"
4905,-1.27182637138015,19.04562019581,0.129076446310591,"f"
4906,-1.27179174095022,19.0473358280567,0.129075582157223,"f"
4907,-1.27175845015508,19.0490513543509,0.129074696804898,"f"
4908,-1.27172635787444,19.0507667832503,0.129073791321852,"f"
4909,-1.27169532298802,19.0524821233124,0.129072866776318,"f"
4910,-1.27166520437553,19.054197383095,0.129071924236532,"f"
4911,-1.27163586091668,19.0559125711556,0.129070964770728,"f"
4912,-1.27160715149118,19.0576276960521,0.129069989447141,"f"
4913,-1.27157893497876,19.059342766342,0.129068999334005,"f"
4914,-1.27155107025911,19.061057790583,0.129067995499555,"f"
4915,-1.27152341621195,19.0627727773327,0.129066979012025,"f"
4916,-1.271495831717,19.0644877351489,0.129065950939651,"f"
4917,-1.27146817565396,19.0662026725892,0.129064912350665,"f"
4918,-1.27144030690256,19.0679175982111,0.129063864313304,"f"
4919,-1.27141208434249,19.0696325205725,0.129062807895802,"f"
4920,-1.27138336685348,19.071347448231,0.129061744166393,"f"
4921,-1.27135401331523,19.0730623897442,0.129060674193311,"f"
4922,-1.27132388260747,19.0747773536698,0.129059599044793,"f"
4923,-1.27129283360989,19.0764923485654,0.129058519789071,"f"
4924,-1.27126072520222,19.0782073829887,0.129057437494381,"f"
4925,-1.27122741626416,19.0799224654975,0.129056353228957,"f"
4926,-1.27119276567543,19.0816376046492,0.129055268061033,"f"
4927,-1.27115663231575,19.0833528090017,0.129054183058846,"f"
4928,-1.27111887506481,19.0850680871125,0.129053099290628,"f"
4929,-1.27107935280234,19.0867834475393,0.129052017824614,"f"
4930,-1.27103792440805,19.0884988988398,0.12905093972904,"f"
4931,-1.27099444883141,19.0902144495647,0.129049866071794,"f"
4932,-1.27094883559618,19.0919301032708,0.129048797670289,"f"
4933,-1.27090113395071,19.0936458497173,0.129047734649931,"f"
4934,-1.27085141707021,19.0953616763007,0.129046677017626,"f"
4935,-1.27079975812989,19.0970775704176,0.12904562478028,"f"
4936,-1.27074623030497,19.0987935194643,0.129044577944798,"f"
4937,-1.27069090677066,19.1005095108376,0.129043536518085,"f"
4938,-1.27063386070217,19.1022255319339,0.129042500507047,"f"
4939,-1.27057516527473,19.1039415701496,0.129041469918589,"f"
4940,-1.27051489366354,19.1056576128815,0.129040444759617,"f"
4941,-1.27045311904382,19.1073736475259,0.129039425037036,"f"
4942,-1.27038991459079,19.1090896614794,0.129038410757752,"f"
4943,-1.27032535347965,19.1108056421385,0.12903740192867,"f"
4944,-1.27025950888562,19.1125215768997,0.129036398556696,"f"
4945,-1.27019245398392,19.1142374531597,0.129035400648734,"f"
4946,-1.27012426194976,19.1159532583148,0.129034408211692,"f"
4947,-1.27005500595835,19.1176689797616,0.129033421252473,"f"
4948,-1.26998475918492,19.1193846048966,0.129032439777983,"f"
4949,-1.26991359480466,19.1211001211164,0.129031463795129,"f"
4950,-1.26984158599281,19.1228155158175,0.129030493310814,"f"
4951,-1.26976880592456,19.1245307763964,0.129029528331946,"f"
4952,-1.26969532777514,19.1262458902496,0.129028568865428,"f"
4953,-1.26962122471976,19.1279608447737,0.129027614918168,"f"
4954,-1.26954656993364,19.1296756273651,0.129026666497069,"f"
4955,-1.26947143659198,19.1313902254205,0.129025723609038,"f"
4956,-1.26939589787001,19.1331046263362,0.129024786260981,"f"
4957,-1.26932002694294,19.1348188175089,0.129023854459801,"f"
4958,-1.26924389698597,19.1365327863351,0.129022928212406,"f"
4959,-1.26916758117433,19.1382465202112,0.1290220075257,"f"
4960,-1.26909115268323,19.1399600065339,0.129021092406589,"f"
4961,-1.26901468468789,19.1416732326996,0.129020182861978,"f"
4962,-1.2689382498312,19.1433861793595,0.12901927880898,"f"
4963,-1.26886191693669,19.1450987787665,0.129018379520439,"f"
4964,-1.26878575315995,19.1468109420377,0.129017483987843,"f"
4965,-1.26870982564959,19.148522580202,0.129016591201504,"f"
4966,-1.26863420155422,19.1502336042881,0.129015700151734,"f"
4967,-1.26855894802246,19.1519439253248,0.129014809828846,"f"
4968,-1.26848413220291,19.1536534543408,0.129013919223152,"f"
4969,-1.26840982124419,19.155362102365,0.129013027324963,"f"
4970,-1.26833608229492,19.1570697804261,0.129012133124592,"f"
4971,-1.2682629825037,19.1587763995528,0.12901123561235,"f"
4972,-1.26819058901914,19.160481870774,0.12901033377855,"f"
4973,-1.26811896898986,19.1621861051184,0.129009426613504,"f"
4974,-1.26804818956447,19.1638890136148,0.129008513107525,"f"
4975,-1.26797831789159,19.165590507292,0.129007592250923,"f"
4976,-1.26790942111982,19.1672904971788,0.129006663034011,"f"
4977,-1.26784156639778,19.1689888943038,0.129005724447102,"f"
4978,-1.26777482087408,19.170685609696,0.129004775480507,"f"
4979,-1.26770925169733,19.172380554384,0.129003815124539,"f"
4980,-1.26764492601614,19.1740736393967,0.129002842369509,"f"
4981,-1.26758191097914,19.1757647757628,0.129001856205729,"f"
4982,-1.26752027373492,19.1774538745111,0.129000855623513,"f"
4983,-1.2674600814321,19.1791408466704,0.128999839613171,"f"
4984,-1.2674014012193,19.1808256032694,0.128998807165016,"f"
4985,-1.26734430024512,19.1825080553369,0.12899775726936,"f"
4986,-1.26728884565819,19.1841881139017,0.128996688916515,"f"
4987,-1.2672351046071,19.1858656899926,0.128995601096793,"f"
4988,-1.26718314424048,19.1875406946383,0.128994492800506,"f"
4989,-1.26713303170693,19.1892130388677,0.128993363017967,"f"
4990,-1.26708483415507,19.1908826337094,0.128992210739487,"f"
4991,-1.26703861873351,19.1925493901923,0.128991034955378,"f"
4992,-1.2669944525178,19.1942132194501,0.128989834656941,"f"
4993,-1.26695235313208,19.1958741036575,0.128988609503666,"f"
4994,-1.26691220285735,19.1975322194202,0.128987360983819,"f"
4995,-1.2668738610291,19.1991877763073,0.128986090895707,"f"
4996,-1.26683718698282,19.2008409838877,0.128984801037637,"f"
4997,-1.26680204005402,19.2024920517303,0.128983493207915,"f"
4998,-1.26676827957819,19.204141189404,0.128982169204848,"f"
4999,-1.26673576489081,19.2057886064777,0.128980830826743,"f"
5000,-1.2667043553274,19.2074345125205,0.128979479871907,"f"
5001,-1.26667391022343,19.2090791171011,0.128978118138646,"f"
5002,-1.26664428891441,19.2107226297886,0.128976747425268,"f"
5003,-1.26661535073583,19.2123652601518,0.12897536953008,"f"
5004,-1.26658695502319,19.2140072177597,0.128973986251388,"f"
5005,-1.26655896111198,19.2156487121813,0.128972599387498,"f"
5006,-1.26653122833769,19.2172899529854,0.128971210736719,"f"
5007,-1.26650361603583,19.2189311497409,0.128969822097357,"f"
5008,-1.26647598354187,19.2205725120169,0.128968435267718,"f"
5009,-1.26644819019133,19.2222142493822,0.128967052046109,"f"
5010,-1.2664200953197,19.2238565714058,0.128965674230838,"f"
5011,-1.26639155826246,19.2254996876565,0.128964303620211,"f"
5012,-1.26636243835512,19.2271438077033,0.128962942012535,"f"
5013,-1.26633259493316,19.2287891411152,0.128961591206117,"f"
5014,-1.26630188733209,19.2304358974611,0.128960252999263,"f"
5015,-1.2662701748874,19.2320842863098,0.128958929190281,"f"
5016,-1.26623731693458,19.2337345172304,0.128957621577477,"f"
5017,-1.26620317280913,19.2353867997917,0.128956331959159,"f"
5018,-1.26616760184655,19.2370413435627,0.128955062133632,"f"
5019,-1.26613046338232,19.2386983581123,0.128953813899205,"f"
5020,-1.26609161675195,19.2403580530094,0.128952589054183,"f"
5021,-1.26605092129092,19.242020637823,0.128951389396873,"f"
5022,-1.26600823633474,19.2436863221219,0.128950216725583,"f"
5023,-1.26596344012488,19.2453552755229,0.128949072515695,"f"
5024,-1.26591654515513,19.2470273839389,0.128947955949489,"f"
5025,-1.2658676220141,19.2487024105165,0.128946865216955,"f"
5026,-1.26581674152274,19.2503801179111,0.128945798504113,"f"
5027,-1.265763974502,19.2520602687784,0.128944753996985,"f"
5028,-1.26570939177283,19.2537426257737,0.128943729881591,"f"
5029,-1.26565306415619,19.2554269515527,0.128942724343953,"f"
5030,-1.26559506247302,19.2571130087707,0.128941735570092,"f"
5031,-1.26553545754428,19.2588005600833,0.128940761746028,"f"
5032,-1.26547432019092,19.260489368146,0.128939801057782,"f"
5033,-1.26541172123389,19.2621791956142,0.128938851691375,"f"
5034,-1.26534773149414,19.2638698051436,0.128937911832829,"f"
5035,-1.26528242179262,19.2655609593895,0.128936979668164,"f"
5036,-1.26521586295029,19.2672524210075,0.128936053383401,"f"
5037,-1.2651481257881,19.2689439526531,0.128935131164561,"f"
5038,-1.26507928112699,19.2706353169818,0.128934211197665,"f"
5039,-1.26500939978793,19.2723262766491,0.128933291668734,"f"
5040,-1.26493855259186,19.2740165943105,0.128932370763789,"f"
5041,-1.26486681035973,19.2757060326214,0.128931446668851,"f"
5042,-1.26479424391249,19.2773943542375,0.128930517569941,"f"
5043,-1.2647209240711,19.2790813218141,0.128929581653079,"f"
5044,-1.26464692165651,19.2807666980069,0.128928637104287,"f"
5045,-1.26457230748967,19.2824502454712,0.128927682109586,"f"
5046,-1.26449715239153,19.2841317268626,0.128926714854996,"f"
5047,-1.26442152718305,19.2858109048366,0.128925733526538,"f"
5048,-1.26434550268516,19.2874875420487,0.128924736310235,"f"
5049,-1.26426914971884,19.2891614011544,0.128923721392105,"f"
5050,-1.26419253910502,19.2908322448092,0.128922686958171,"f"
5051,-1.26411574166466,19.2924998356686,0.128921631194453,"f"
5052,-1.26403882821871,19.294163936388,0.128920552286973,"f"
5053,-1.26396186969321,19.2958243181551,0.128919448484421,"f"
5054,-1.26388493946825,19.2974809514195,0.128918319499142,"f"
5055,-1.26380811339892,19.2991340075903,0.128917166519598,"f"
5056,-1.26373146744957,19.3007836669477,0.128915990799413,"f"
5057,-1.26365507758452,19.3024301097717,0.12891479359221,"f"
5058,-1.26357901976813,19.3040735163426,0.128913576151614,"f"
5059,-1.26350336996472,19.3057140669407,0.128912339731248,"f"
5060,-1.26342820413865,19.307351941846,0.128911085584736,"f"
5061,-1.26335359825424,19.3089873213387,0.128909814965702,"f"
5062,-1.26327962827585,19.3106203856991,0.128908529127769,"f"
5063,-1.2632063701678,19.3122513152073,0.128907229324563,"f"
5064,-1.26313389989444,19.3138802901435,0.128905916809705,"f"
5065,-1.2630622934201,19.3155074907879,0.128904592836822,"f"
5066,-1.26299162670913,19.3171330974207,0.128903258659535,"f"
5067,-1.26292197572587,19.3187572903221,0.12890191553147,"f"
5068,-1.26285341643465,19.3203802497722,0.128900564706249,"f"
5069,-1.26278602479982,19.3220021560512,0.128899207437498,"f"
5070,-1.26271987678572,19.3236231894394,0.128897844978839,"f"
5071,-1.26265504835668,19.3252435302168,0.128896478583897,"f"
5072,-1.26259161547704,19.3268633586638,0.128895109506295,"f"
5073,-1.26252965411115,19.3284828550604,0.128893738999658,"f"
5074,-1.26246924022333,19.3301021996869,0.128892368317608,"f"
5075,-1.26241044977795,19.3317215728234,0.128890998713771,"f"
5076,-1.26235335873932,19.3333411547502,0.12888963144177,"f"
5077,-1.26229804307179,19.3349611257474,0.128888267755228,"f"
5078,-1.26224457873971,19.3365816660952,0.12888690890777,"f"
5079,-1.26219304170741,19.3382029560737,0.12888555615302,"f"
5080,-1.26214350793923,19.3398251759632,0.128884210744601,"f"
5081,-1.2620960533995,19.3414485060439,0.128882873936137,"f"
5082,-1.26205075405258,19.343073126596,0.128881546981253,"f"
5083,-1.2620076858628,19.3446992178995,0.128880231133571,"f"
5084,-1.26196690216987,19.3463269419261,0.128878927413746,"f"
5085,-1.26192829730759,19.3479563319735,0.128877635205113,"f"
5086,-1.26189169743117,19.3495873661671,0.12887635318896,"f"
5087,-1.26185692843509,19.3512200224208,0.128875080043889,"f"
5088,-1.26182381621386,19.3528542786491,0.128873814448502,"f"
5089,-1.26179218666199,19.354490112766,0.128872555081402,"f"
5090,-1.26176186567397,19.3561275026858,0.128871300621192,"f"
5091,-1.2617326791443,19.3577664263227,0.128870049746474,"f"
5092,-1.26170445296748,19.3594068615909,0.128868801135851,"f"
5093,-1.26167701303802,19.3610487864045,0.128867553467925,"f"
5094,-1.26165018525042,19.3626921786779,0.128866305421298,"f"
5095,-1.26162379549917,19.3643370163252,0.128865055674573,"f"
5096,-1.26159766967878,19.3659832772607,0.128863802906353,"f"
5097,-1.26157163368376,19.3676309393984,0.12886254579524,"f"
5098,-1.26154551340859,19.3692799806527,0.128861283019837,"f"
5099,-1.26151913474778,19.3709303789378,0.128860013258745,"f"
5100,-1.26149232359584,19.3725821121678,0.128858735190568,"f"
5101,-1.26146490584726,19.3742351582569,0.128857447493909,"f"
5102,-1.26143670739654,19.3758894951194,0.128856148847368,"f"
5103,-1.26140755413819,19.3775451006695,0.12885483792955,"f"
5104,-1.26137727196671,19.3792019528214,0.128853513419057,"f"
5105,-1.26134568677659,19.3808600294892,0.128852173994491,"f"
5106,-1.26131262446235,19.3825193085873,0.128850818334454,"f"
5107,-1.26127791091847,19.3841797680297,0.128849445117549,"f"
5108,-1.26124137203946,19.3858413857307,0.128848053022379,"f"
5109,-1.26120283371983,19.3875041396045,0.128846640727546,"f"
5110,-1.26116212185406,19.3891680075654,0.128845206911653,"f"
5111,-1.26111906233667,19.3908329675275,0.128843750253302,"f"
5112,-1.26107348106216,19.392498997405,0.128842269431096,"f"
5113,-1.26102520392502,19.3941660751121,0.128840763123636,"f"
5114,-1.26097406452543,19.3958341743747,0.128839230077917,"f"
5115,-1.26092007369401,19.3975031725861,0.128837670613914,"f"
5116,-1.26086341949182,19.399172850807,0.128836086624584,"f"
5117,-1.2608042976856,19.4008429859097,0.128834480071278,"f"
5118,-1.26074290404208,19.4025133547667,0.128832852915342,"f"
5119,-1.260679434328,19.4041837342502,0.128831207118127,"f"
5120,-1.26061408431011,19.4058539012327,0.12882954464098,"f"
5121,-1.26054704975513,19.4075236325865,0.128827867445251,"f"
5122,-1.2604785264298,19.409192705184,0.128826177492288,"f"
5123,-1.26040871010086,19.4108608958976,0.12882447674344,"f"
5124,-1.26033779653504,19.4125279815996,0.128822767160055,"f"
5125,-1.26026598149909,19.4141937391623,0.128821050703483,"f"
5126,-1.26019346075973,19.4158579454582,0.128819329335072,"f"
5127,-1.26012043008371,19.4175203773597,0.12881760501617,"f"
5128,-1.26004708523776,19.419180811739,0.128815879708127,"f"
5129,-1.25997362198862,19.4208390254686,0.128814155372291,"f"
5130,-1.25990023610302,19.4224947954207,0.12881243397001,"f"
5131,-1.25982712334771,19.4241478984679,0.128810717462634,"f"
5132,-1.25975447948941,19.4257981114824,0.128809007811511,"f"
5133,-1.25968250029486,19.4274452113366,0.12880730697799,"f"
5134,-1.25961138153081,19.4290889749028,0.12880561692342,"f"
5135,-1.25954131896398,19.4307291790536,0.128803939609149,"f"
5136,-1.25947250836112,19.4323656006611,0.128802276996526,"f"
5137,-1.25940514548896,19.4339980165978,0.128800631046899,"f"
5138,-1.25933942611424,19.435626203736,0.128799003721618,"f"
5139,-1.25927554600369,19.4372499389481,0.128797396982031,"f"
5140,-1.25921370092405,19.4388689991065,0.128795812789487,"f"
5141,-1.25915408664206,19.4404831610835,0.128794253105335,"f"
5142,-1.25909689892445,19.4420922017516,0.128792719890922,"f"
5143,-1.25904233353796,19.443695897983,0.128791215107599,"f"
5144,-1.25899058586287,19.4452940272572,0.128789740712473,"f"
5145,-1.25894175021022,19.4468865258184,0.128788297553789,"f"
5146,-1.25889568517771,19.4484737001819,0.128786883893706,"f"
5147,-1.25885221582385,19.4500559095478,0.128785497626411,"f"
5148,-1.25881116720718,19.4516335131163,0.128784136646091,"f"
5149,-1.25877236438622,19.4532068700877,0.128782798846934,"f"
5150,-1.2587356324195,19.4547763396622,0.12878148212313,"f"
5151,-1.25870079636555,19.4563422810399,0.128780184368864,"f"
5152,-1.25866768128288,19.4579050534211,0.128778903478326,"f"
5153,-1.25863611223003,19.459465016006,0.128777637345703,"f"
5154,-1.25860591426552,19.4610225279948,0.128776383865183,"f"
5155,-1.25857691244788,19.4625779485878,0.128775140930955,"f"
5156,-1.25854893183564,19.4641316369851,0.128773906437205,"f"
5157,-1.25852179748732,19.4656839523869,0.128772678278122,"f"
5158,-1.25849533446145,19.4672352539935,0.128771454347894,"f"
5159,-1.25846936781656,19.4687859010051,0.128770232540708,"f"
5160,-1.25844372261116,19.4703362526218,0.128769010750753,"f"
5161,-1.2584182239038,19.471886668044,0.128767786872217,"f"
5162,-1.25839269675299,19.4734375064718,0.128766558799287,"f"
5163,-1.25836696621725,19.4749891271053,0.128765324426152,"f"
5164,-1.25834085735513,19.476541889145,0.128764081646998,"f"
5165,-1.25831419522514,19.4780961517908,0.128762828356015,"f"
5166,-1.25828680488581,19.4796522742432,0.12876156244739,"f"
5167,-1.25825851139567,19.4812106157022,0.128760281815311,"f"
5168,-1.25822913981323,19.4827715353681,0.128758984353966,"f"
5169,-1.25819851519704,19.4843353924411,0.128757667957542,"f"
5170,-1.25816646260561,19.4859025461214,0.128756330520229,"f"
5171,-1.25813280709748,19.4874733556092,0.128754969936213,"f"
5172,-1.25809737373116,19.4890481801047,0.128753584099682,"f"
5173,-1.25805998756518,19.4906273788082,0.128752170904825,"f"
5174,-1.25802047365808,19.4922113109199,0.128750728245829,"f"
5175,-1.25797866245565,19.4938003207195,0.12874925410587,"f"
5176,-1.25793450644049,19.4953944144966,0.128747748483933,"f"
5177,-1.25788807910167,19.4969932634043,0.128746213377796,"f"
5178,-1.25783945910947,19.4985965242459,0.128744650870818,"f"
5179,-1.2577887251342,19.5002038538248,0.12874306304636,"f"
5180,-1.25773595584616,19.5018149089441,0.128741451987784,"f"
5181,-1.25768122991562,19.5034293464071,0.128739819778449,"f"
5182,-1.25762462601289,19.5050468230172,0.128738168501717,"f"
5183,-1.25756622280826,19.5066669955777,0.128736500240948,"f"
5184,-1.25750609897202,19.5082895208918,0.128734817079504,"f"
5185,-1.25744433317447,19.5099140557628,0.128733121100744,"f"
5186,-1.25738100408589,19.511540256994,0.128731414388029,"f"
5187,-1.25731619037659,19.5131677813886,0.128729699024721,"f"
5188,-1.25724997071686,19.5147962857501,0.128727977094179,"f"
5189,-1.25718242377698,19.5164254268816,0.128726250679765,"f"
5190,-1.25711362822726,19.5180548615864,0.128724521864839,"f"
5191,-1.25704366273798,19.5196842466679,0.128722792732762,"f"
5192,-1.25697260597945,19.5213132389292,0.128721065366894,"f"
5193,-1.25690053662194,19.5229414951738,0.128719341850597,"f"
5194,-1.25682753333577,19.5245686722049,0.128717624267231,"f"
5195,-1.25675367479121,19.5261944268258,0.128715914700156,"f"
5196,-1.25667903965857,19.5278184158397,0.128714215232734,"f"
5197,-1.25660370660813,19.5294402960499,0.128712527948325,"f"
5198,-1.25652775431019,19.5310597242598,0.128710854930289,"f"
5199,-1.25645126143505,19.5326763572727,0.128709198261988,"f"
5200,-1.25637430665299,19.5342898518917,0.128707560026783,"f"
5201,-1.25629696863432,19.5358998649202,0.128705942308033,"f"
5202,-1.25621932604931,19.5375060531615,0.128704347189099,"f"
5203,-1.25614145756828,19.5391080734189,0.128702776753343,"f"
5204,-1.2560634418615,19.5407055824956,0.128701233084125,"f"
5205,-1.25598535760027,19.5422982378382,0.128699718260528,"f"
5206,-1.25590728370197,19.54388585772,0.128698233292082,"f"
5207,-1.25582929965278,19.5454686320719,0.128696776716665,"f"
5208,-1.25575148501898,19.5470468031631,0.128695346724089,"f"
5209,-1.25567391936681,19.5486206132629,0.128693941504165,"f"
5210,-1.25559668226257,19.5501903046406,0.128692559246703,"f"
5211,-1.2555198532725,19.5517561195654,0.128691198141516,"f"
5212,-1.25544351196289,19.5533183003066,0.128689856378413,"f"
5213,-1.2553677379,19.5548770891335,0.128688532147206,"f"
5214,-1.25529261065009,19.5564327283154,0.128687223637707,"f"
5215,-1.25521820977944,19.5579854601214,0.128685929039725,"f"
5216,-1.25514461485431,19.559535526821,0.128684646543071,"f"
5217,-1.25507190544098,19.5610831706833,0.128683374337558,"f"
5218,-1.2550001611057,19.5626286339776,0.128682110612996,"f"
5219,-1.25492946141475,19.5641721589732,0.128680853559196,"f"
5220,-1.2548598859344,19.5657139879393,0.128679601365968,"f"
5221,-1.25479151423091,19.5672543631453,0.128678352223125,"f"
5222,-1.25472442587055,19.5687935268603,0.128677104320476,"f"
5223,-1.2546587004196,19.5703317213537,0.128675855847834,"f"
5224,-1.25459441744431,19.5718691888948,0.128674604995008,"f"
5225,-1.25453165651095,19.5734061717527,0.12867334995181,"f"
5226,-1.2544704971858,19.5749429121968,0.128672088908052,"f"
5227,-1.25441101903513,19.5764796524963,0.128670820053543,"f"
5228,-1.25435330162519,19.5780166349205,0.128669541578095,"f"
5229,-1.25429742452226,19.5795541017387,0.12866825167152,"f"
5230,-1.25424346729261,19.5810922952201,0.128666948523627,"f"
5231,-1.2541915095025,19.582631457634,0.128665630324229,"f"
5232,-1.25414163071821,19.5841718312497,0.128664295263135,"f"
5233,-1.254093910506,19.5857136583364,0.128662941530158,"f"
5234,-1.25404842843213,19.5872571811634,0.128661567315108,"f"
5235,-1.25400526406288,19.588802642,0.128660170807795,"f"
5236,-1.25396446857818,19.5903502448978,0.128658750507214,"f"
5237,-1.25392592572221,19.591899968483,0.128657306736056,"f"
5238,-1.25388945806183,19.5934517090166,0.12865584048335,"f"
5239,-1.25385488807351,19.5950053626378,0.128654352739111,"f"
5240,-1.25382203823373,19.5965608254855,0.128652844493356,"f"
5241,-1.25379073101895,19.5981179936991,0.128651316736098,"f"
5242,-1.25376078890564,19.5996767634176,0.128649770457352,"f"
5243,-1.25373203437028,19.6012370307803,0.128648206647134,"f"
5244,-1.25370428988932,19.6027986919263,0.128646626295458,"f"
5245,-1.25367737793926,19.6043616429947,0.128645030392339,"f"
5246,-1.25365112099655,19.6059257801247,0.128643419927793,"f"
5247,-1.25362534153766,19.6074909994554,0.128641795891833,"f"
5248,-1.25359986203907,19.609057197126,0.128640159274476,"f"
5249,-1.25357450497724,19.6106242692758,0.128638511065735,"f"
5250,-1.25354909282865,19.6121921120437,0.128636852255627,"f"
5251,-1.25352344806976,19.613760621569,0.128635183834165,"f"
5252,-1.25349739317705,19.6153296939909,0.128633506791364,"f"
5253,-1.25347075062699,19.6168992254484,0.128631822117241,"f"
5254,-1.25344334289604,19.6184691120808,0.128630130801809,"f"
5255,-1.25341499246068,19.6200392500272,0.128628433835083,"f"
5256,-1.25338552179737,19.6216095354268,0.128626732207079,"f"
5257,-1.25335475338259,19.6231798644187,0.128625026907811,"f"
5258,-1.25332250969282,19.6247501331421,0.128623318927294,"f"
5259,-1.2532886132045,19.6263202377361,0.128621609255543,"f"
5260,-1.25325288639413,19.6278900743399,0.128619898882573,"f"
5261,-1.25321515173816,19.6294595390926,0.1286181887984,"f"
5262,-1.25317523171308,19.6310285281335,0.128616479993037,"f"
5263,-1.25313294879534,19.6325969376016,0.1286147734565,"f"
5264,-1.25308812546142,19.6341646636361,0.128613070178804,"f"
5265,-1.25304058418779,19.6357316023762,0.128611371149963,"f"
5266,-1.25299014789382,19.6372976500767,0.128609677358482,"f"
5267,-1.25293674546591,19.6388627306695,0.128607989431191,"f"
5268,-1.25288054844019,19.640426831463,0.128606307166743,"f"
5269,-1.25282176217158,19.6419899485986,0.128604630248366,"f"
5270,-1.25276059201499,19.6435520782176,0.128602958359287,"f"
5271,-1.25269724332531,19.6451132164616,0.128601291182735,"f"
5272,-1.25263192145745,19.6466733594718,0.128599628401936,"f"
5273,-1.25256483176633,19.6482325033896,0.128597969700119,"f"
5274,-1.25249617960685,19.6497906443565,0.12859631476051,"f"
5275,-1.25242617033391,19.6513477785138,0.128594663266338,"f"
5276,-1.25235500930243,19.6529039020029,0.12859301490083,"f"
5277,-1.2522829018673,19.6544590109652,0.128591369347213,"f"
5278,-1.25221005338344,19.6560131015421,0.128589726288716,"f"
5279,-1.25213666920576,19.657566169875,0.128588085408565,"f"
5280,-1.25206295468915,19.6591182121052,0.128586446389988,"f"
5281,-1.25198911518852,19.6606692243742,0.128584808916213,"f"
5282,-1.25191535605879,19.6622192028233,0.128583172670468,"f"
5283,-1.25184188265486,19.663768143594,0.12858153733598,"f"
5284,-1.25176890033164,19.6653160428276,0.128579902595976,"f"
5285,-1.25169661444402,19.6668628966655,0.128578268133684,"f"
5286,-1.25162523034693,19.6684087012491,0.128576633632332,"f"
5287,-1.25155495339526,19.6699534527198,0.128574998775147,"f"
5288,-1.25148598894393,19.6714971472189,0.128573363245357,"f"
5289,-1.25141854234784,19.6730397808879,0.128571726726189,"f"
5290,-1.25135281896189,19.6745813498682,0.128570088900871,"f"
5291,-1.25128902414099,19.6761218503011,0.128568449452631,"f"
5292,-1.25122736324006,19.677661278328,0.128566808064696,"f"
5293,-1.25116804161399,19.6791996300904,0.128565164420294,"f"
5294,-1.2511112646177,19.6807369017296,0.128563518202652,"f"
5295,-1.25105723760608,19.6822730893869,0.128561869094998,"f"
5296,-1.25100616593405,19.6838081892038,0.128560216780559,"f"
5297,-1.25095820858847,19.6853421973882,0.128558561020821,"f"
5298,-1.25091325378306,19.6868751105358,0.128556902034271,"f"
5299,-1.25087109172328,19.6884069253831,0.128555240204809,"f"
5300,-1.2508315124794,19.6899376386664,0.128553575916564,"f"
5301,-1.25079430612171,19.6914672471223,0.128551909553665,"f"
5302,-1.25075926272048,19.6929957474874,0.128550241500241,"f"
5303,-1.25072617234599,19.6945231364981,0.128548572140422,"f"
5304,-1.25069482506851,19.6960494108909,0.128546901858335,"f"
5305,-1.25066501095834,19.6975745674023,0.12854523103811,"f"
5306,-1.25063652008574,19.6990986027689,0.128543560063876,"f"
5307,-1.25060914252099,19.7006215137271,0.128541889319762,"f"
5308,-1.25058266833437,19.7021432970135,0.128540219189897,"f"
5309,-1.25055688759616,19.7036639493646,0.12853855005841,"f"
5310,-1.25053159037664,19.7051834675168,0.128536882309429,"f"
5311,-1.25050656674608,19.7067018482067,0.128535216327084,"f"
5312,-1.25048160677476,19.7082190881708,0.128533552495504,"f"
5313,-1.25045650053297,19.7097351841455,0.128531891198817,"f"
5314,-1.25043103809097,19.7112501328675,0.128530232821153,"f"
5315,-1.25040500951905,19.7127639310732,0.12852857774664,"f"
5316,-1.25037820488748,19.7142765754991,0.128526926359408,"f"
5317,-1.25035041426655,19.7157880628816,0.128525279043585,"f"
5318,-1.25032142772653,19.7172983899575,0.1285236361833,"f"
5319,-1.2502910353377,19.718807553463,0.128521998162683,"f"
5320,-1.25025902717034,19.7203155501348,0.128520365365862,"f"
5321,-1.25022519329472,19.7218223767093,0.128518738176966,"f"
5322,-1.25018932378112,19.7233280299231,0.128517116980125,"f"
5323,-1.25015120869982,19.7248325065126,0.128515502159467,"f"
5324,-1.25011063812111,19.7263358032144,0.128513894099121,"f"
5325,-1.25006740211525,19.727837916765,0.128512293183215,"f"
5326,-1.25002129075253,19.7293388439008,0.12851069979588,"f"
5327,-1.24997210627347,19.7308385847482,0.128509114278888,"f"
5328,-1.24991986600967,19.7323371993426,0.128507536225426,"f"
5329,-1.2498647715512,19.7338347990409,0.128505964587403,"f"
5330,-1.24980703044559,19.7353314968591,0.128504398295998,"f"
5331,-1.24974685024034,19.7368274058134,0.128502836282384,"f"
5332,-1.24968443848295,19.7383226389201,0.128501277477739,"f"
5333,-1.24962000272093,19.7398173091952,0.128499720813238,"f"
5334,-1.2495537505018,19.7413115296549,0.128498165220057,"f"
5335,-1.24948588937306,19.7428054133154,0.128496609629373,"f"
5336,-1.24941662688222,19.7442990731927,0.128495052972362,"f"
5337,-1.24934617057678,19.7457926223031,0.1284934941802,"f"
5338,-1.24927472800427,19.7472861736628,0.128491932184062,"f"
5339,-1.24920250671217,19.7487798402878,0.128490365915125,"f"
5340,-1.24912971424801,19.7502737351943,0.128488794304566,"f"
5341,-1.24905655815929,19.7517679713984,0.128487216283559,"f"
5342,-1.24898324599352,19.7532626619164,0.128485630783281,"f"
5343,-1.24890998529821,19.7547579197644,0.128484036734909,"f"
5344,-1.24883698362087,19.7562538579585,0.128482433069617,"f"
5345,-1.248764448509,19.7577505895149,0.128480818718584,"f"
5346,-1.24869258751011,19.7592482274497,0.128479192612983,"f"
5347,-1.24862160817171,19.7607468847791,0.128477553683992,"f"
5348,-1.24855171804132,19.7622466745192,0.128475900862787,"f"
5349,-1.24848312466643,19.7637477096863,0.128474233080543,"f"
5350,-1.24841603559456,19.7652501032963,0.128472549268437,"f"
5351,-1.24835065837321,19.7667539683656,0.128470848357645,"f"
5352,-1.2482872005499,19.7682594179102,0.128469129279343,"f"
5353,-1.24822586967213,19.7697665649463,0.128467390964706,"f"
5354,-1.24816687328741,19.7712755224901,0.128465632344912,"f"
5355,-1.24811041894324,19.7727864035577,0.128463852351136,"f"
5356,-1.24805671418715,19.7742993211652,0.128462049914554,"f"
5357,-1.24800596656663,19.7758143883289,0.128460223966342,"f"
5358,-1.24795833622212,19.7773316805897,0.128458373732634,"f"
5359,-1.24791370920983,19.7788510568256,0.128456500144865,"f"
5360,-1.24787187330938,19.7803722982274,0.128454604745927,"f"
5361,-1.24783261617407,19.7818951858859,0.128452689079498,"f"
5362,-1.24779572545723,19.783419500892,0.128450754689258,"f"
5363,-1.24776098881216,19.7849450243365,0.128448803118883,"f"
5364,-1.24772819389218,19.7864715373102,0.128446835912053,"f"
5365,-1.24769712835062,19.7879988209041,0.128444854612446,"f"
5366,-1.24766757984077,19.7895266562089,0.128442860763741,"f"
5367,-1.24763933601597,19.7910548243155,0.128440855909616,"f"
5368,-1.24761218452952,19.7925831063147,0.128438841593749,"f"
5369,-1.24758591303473,19.7941112832974,0.128436819359818,"f"
5370,-1.24756030918493,19.7956391363545,0.128434790751503,"f"
5371,-1.24753516063343,19.7971664465767,0.128432757312482,"f"
5372,-1.24751025503355,19.798692995055,0.128430720586432,"f"
5373,-1.24748538003859,19.8002185628801,0.128428682117033,"f"
5374,-1.24746032330188,19.801742931143,0.128426643447963,"f"
5375,-1.24743487247673,19.8032658809344,0.1284246061229,"f"
5376,-1.24740881521646,19.8047871933453,0.128422571685522,"f"
5377,-1.24738193917437,19.8063066494664,0.128420541679509,"f"
5378,-1.24735403200379,19.8078240303887,0.128418517648538,"f"
5379,-1.24732488135803,19.8093391172029,0.128416501136288,"f"
5380,-1.24729427489041,19.8108516909999,0.128414493686437,"f"
5381,-1.24726200025424,19.8123615328705,0.128412496842664,"f"
5382,-1.24722784510283,19.8138684239057,0.128410512148648,"f"
5383,-1.24719159708951,19.8153721451962,0.128408541148065,"f"
5384,-1.24715304386759,19.8168724778329,0.128406585384596,"f"
5385,-1.24711197309037,19.8183692029067,0.128404646401918,"f"
5386,-1.24706817241119,19.8198621015083,0.12840272574371,"f"
5387,-1.24702142948334,19.8213509547287,0.128400824953651,"f"
5388,-1.24697154463768,19.8228355564543,0.128398945509627,"f"
5389,-1.24691853921832,19.824315923645,0.128397087742573,"f"
5390,-1.24686262229761,19.8257922627388,0.128395251009201,"f"
5391,-1.2468040089128,19.8272647861938,0.128393434635269,"f"
5392,-1.24674291410109,19.8287337064684,0.128391637946535,"f"
5393,-1.24667955289974,19.8301992360209,0.128389860268755,"f"
5394,-1.24661414034597,19.8316615873097,0.128388100927687,"f"
5395,-1.24654689147701,19.8331209727931,0.12838635924909,"f"
5396,-1.24647802133009,19.8345776049294,0.128384634558719,"f"
5397,-1.24640774494245,19.836031696177,0.128382926182334,"f"
5398,-1.24633627735131,19.8374834589941,0.128381233445692,"f"
5399,-1.2462638335939,19.8389331058391,0.12837955567455,"f"
5400,-1.24619062870746,19.8403808491704,0.128377892194665,"f"
5401,-1.24611687772921,19.8418269014462,0.128376242331796,"f"
5402,-1.24604279569639,19.8432714751248,0.1283746054117,"f"
5403,-1.24596859764623,19.8447147826647,0.128372980760134,"f"
5404,-1.24589449861596,19.846157036524,0.128371367702857,"f"
5405,-1.24582071364281,19.8475984491613,0.128369765565625,"f"
5406,-1.24574745776401,19.8490392330346,0.128368173674196,"f"
5407,-1.24567494601679,19.8504796006025,0.128366591354327,"f"
5408,-1.24560339343838,19.8519197643232,0.128365017931777,"f"
5409,-1.24553301506602,19.8533599366551,0.128363452732303,"f"
5410,-1.24546402593693,19.8548003300564,0.128361895081662,"f"
5411,-1.24539664108835,19.8562411569856,0.128360344305613,"f"
5412,-1.2453310755575,19.8576826299009,0.128358799729911,"f"
5413,-1.24526754438162,19.8591249612606,0.128357260680316,"f"
5414,-1.24520626259794,19.8605683635231,0.128355726482585,"f"
5415,-1.24514744524369,19.8620130491467,0.128354196462474,"f"
5416,-1.2450913073561,19.8634592305897,0.128352669945743,"f"
5417,-1.2450380639724,19.8649071203105,0.128351146258147,"f"
5418,-1.24498792905737,19.8663569299874,0.128349624724998,"f"
5419,-1.24494098252807,19.8678087738126,0.12834810461556,"f"
5420,-1.24489704162515,19.8692625749466,0.12834658508928,"f"
5421,-1.24485589308088,19.8707182343628,0.128345065292849,"f"
5422,-1.24481732362754,19.8721756530345,0.128343544372958,"f"
5423,-1.24478111999742,19.873634731935,0.128342021476297,"f"
5424,-1.24474706892278,19.8750953720377,0.128340495749559,"f"
5425,-1.2447149571359,19.8765574743159,0.128338966339434,"f"
5426,-1.24468457136905,19.878020939743,0.128337432392614,"f"
5427,-1.24465569835452,19.8794856692924,0.128335893055788,"f"
5428,-1.24462812482457,19.8809515639372,0.128334347475649,"f"
5429,-1.24460163751149,19.882418524651,0.128332794798887,"f"
5430,-1.24457602314756,19.883886452407,0.128331234172193,"f"
5431,-1.24455106846503,19.8853552481785,0.128329664742259,"f"
5432,-1.2445265601962,19.886824812939,0.128328085655775,"f"
5433,-1.24450228507334,19.8882950476617,0.128326496059432,"f"
5434,-1.24447802982872,19.88976585332,0.128324895099923,"f"
5435,-1.24445358119462,19.8912371308872,0.128323281923937,"f"
5436,-1.24442872590331,19.8927087813367,0.128321655678165,"f"
5437,-1.24440325068708,19.8941807056418,0.1283200155093,"f"
5438,-1.2443769422782,19.8956528047759,0.128318360564031,"f"
5439,-1.24434958740894,19.8971249797122,0.128316689989049,"f"
5440,-1.24432097281158,19.8985971314242,0.128315002931047,"f"
5441,-1.24429088521839,19.9000691608851,0.128313298536715,"f"
5442,-1.24425911136166,19.9015409690684,0.128311575952743,"f"
5443,-1.24422543797365,19.9030124569473,0.128309834325824,"f"
5444,-1.24418965178665,19.9044835254952,0.128308072802648,"f"
5445,-1.24415153953293,19.9059540756854,0.128306290529906,"f"
5446,-1.24411088794476,19.9074240084913,0.128304486654289,"f"
5447,-1.24406748375442,19.9088932248862,0.128302660322488,"f"
5448,-1.24402111369419,19.9103616258435,0.128300810681194,"f"
5449,-1.24397157742407,19.9118291150065,0.128298936955038,"f"
5450,-1.24391889693431,19.9132956419385,0.12829703970903,"f"
5451,-1.24386328146204,19.9147611948762,0.128295120637056,"f"
5452,-1.24380494609055,19.9162257632639,0.128293181468243,"f"
5453,-1.24374410590308,19.917689336546,0.128291223931723,"f"
5454,-1.24368097598292,19.9191519041667,0.128289249756624,"f"
5455,-1.24361577141332,19.9206134555703,0.128287260672075,"f"
5456,-1.24354870727756,19.9220739802011,0.128285258407205,"f"
5457,-1.2434799986589,19.9235334675033,0.128283244691145,"f"
5458,-1.2434098606406,19.9249919069213,0.128281221253023,"f"
5459,-1.24333850830594,19.9264492878994,0.128279189821968,"f"
5460,-1.24326615673819,19.9279055998818,0.128277152127111,"f"
5461,-1.2431930210206,19.9293608323128,0.128275109897579,"f"
5462,-1.24311931623645,19.9308149746367,0.128273064862503,"f"
5463,-1.243045257469,19.9322680162979,0.128271018751012,"f"
5464,-1.24297105980153,19.9337199467405,0.128268973292235,"f"
5465,-1.24289693831729,19.9351707554088,0.128266930215302,"f"
5466,-1.24282310809955,19.9366204317473,0.128264891249341,"f"
5467,-1.24274978423159,19.9380689652,0.128262858123482,"f"
5468,-1.24267718179666,19.9395163452114,0.128260832566855,"f"
5469,-1.24260551587804,19.9409625612257,0.128258816308588,"f"
5470,-1.24253500155899,19.9424076026872,0.128256811077811,"f"
5471,-1.24246585392278,19.9438514590402,0.128254818603654,"f"
5472,-1.24239828805268,19.9452941197289,0.128252840615245,"f"
5473,-1.24233251903195,19.9467355741977,0.128250878841714,"f"
5474,-1.24226876194386,19.9481758118909,0.12824893501219,"f"
5475,-1.24220723187168,19.9496148222527,0.128247010855803,"f"
5476,-1.24214814389867,19.9510525947274,0.128245108101681,"f"
5477,-1.2420917131081,19.9524891187593,0.128243228478955,"f"
5478,-1.24203815458324,19.9539243837926,0.128241373716753,"f"
5479,-1.24198768229384,19.9553583793683,0.12823954553544,"f"
5480,-1.24194037547334,19.9567911067022,0.128237744594833,"f"
5481,-1.24189605167731,19.958222589685,0.128235969495009,"f"
5482,-1.24185449839618,19.9596528548129,0.128234218599394,"f"
5483,-1.24181550312036,19.9610819285818,0.128232490271415,"f"
5484,-1.2417788533403,19.9625098374877,0.128230782874496,"f"
5485,-1.24174433654643,19.9639366080268,0.128229094772063,"f"
5486,-1.24171174022916,19.9653622666948,0.128227424327544,"f"
5487,-1.24168085187895,19.966786839988,0.128225769904363,"f"
5488,-1.2416514589862,19.9682103544022,0.128224129865946,"f"
5489,-1.24162334904136,19.9696328364336,0.12822250257572,"f"
5490,-1.24159630953486,19.971054312578,0.12822088639711,"f"
5491,-1.24157012795712,19.9724748093316,0.128219279693543,"f"
5492,-1.24154459179858,19.9738943531904,0.128217680828443,"f"
5493,-1.24151948854966,19.9753129706503,0.128216088165238,"f"
5494,-1.2414946057008,19.9767306882073,0.128214500067352,"f"
5495,-1.24146973074243,19.9781475323576,0.128212914898213,"f"
5496,-1.24144465116497,19.979563529597,0.128211331021245,"f"
5497,-1.24141915445885,19.9809787064216,0.128209746799875,"f"
5498,-1.24139302811452,19.9823930893275,0.128208160597529,"f"
5499,-1.24136605962239,19.9838067048106,0.128206570777632,"f"
5500,-1.24133803647289,19.9852195793669,0.12820497570361,"f"
5501,-1.24130874615647,19.9866317394925,0.12820337373889,"f"
5502,-1.24127797616354,19.9880432116833,0.128201763246897,"f"
5503,-1.24124551398454,19.9894540224354,0.128200142591058,"f"
5504,-1.2412111471099,19.9908641982448,0.128198510134797,"f"
5505,-1.24117466303004,19.9922737656075,0.128196864241541,"f"
5506,-1.2411358492354,19.9936827510195,0.128195203274717,"f"
5507,-1.24109449321641,19.9950911809769,0.128193525597749,"f"
5508,-1.2410503824635,19.9964990819755,0.128191829574064,"f"
5509,-1.2410033044671,19.9979064805116,0.128190113567087,"f"
5510,-1.24095310387824,19.9993134009539,0.128188376254205,"f"
5511,-1.24089990398271,20.0007198573025,0.128186617843228,"f"
5512,-1.24084391284084,20.0021258604029,0.128184839007598,"f"
5513,-1.24078533853287,20.0035314210998,0.128183040420868,"f"
5514,-1.24072438913905,20.0049365502378,0.12818122275659,"f"
5515,-1.24066127273963,20.0063412586616,0.128179386688315,"f"
5516,-1.24059619741486,20.0077455572159,0.128177532889596,"f"
5517,-1.24052937124498,20.0091494567452,0.128175662033984,"f"
5518,-1.24046100231025,20.0105529680944,0.128173774795031,"f"
5519,-1.24039129869091,20.0119561021081,0.12817187184629,"f"
5520,-1.24032046846721,20.0133588696308,0.128169953861311,"f"
5521,-1.2402487197194,20.0147612815074,0.128168021513648,"f"
5522,-1.24017626052772,20.0161633485825,0.128166075476853,"f"
5523,-1.24010329897243,20.0175650817007,0.128164116424476,"f"
5524,-1.24003004313377,20.0189664917067,0.12816214503007,"f"
5525,-1.239956701092,20.0203675894453,0.128160161967187,"f"
5526,-1.23988348092735,20.0217683857609,0.128158167909379,"f"
5527,-1.23981059072008,20.0231688914984,0.128156163530198,"f"
5528,-1.23973823855043,20.0245691175024,0.128154149503196,"f"
5529,-1.23966663249866,20.0259690746176,0.128152126501925,"f"
5530,-1.23959598064501,20.0273687736886,0.128150095199936,"f"
5531,-1.23952649106973,20.0287682255601,0.128148056270782,"f"
5532,-1.23945837185307,20.0301674410768,0.128146010388014,"f"
5533,-1.23939183107528,20.0315664310834,0.128143958225185,"f"
5534,-1.2393270768166,20.0329652064244,0.128141900455846,"f"
5535,-1.23926431715728,20.0343637779447,0.12813983775355,"f"
5536,-1.23920376017758,20.0357621564888,0.128137770791848,"f"
5537,-1.23914561395773,20.0371603529014,0.128135700244293,"f"
5538,-1.239090086578,20.0385583780272,0.128133626784436,"f"
5539,-1.23903738611861,20.0399562427109,0.128131551085829,"f"
5540,-1.23898771952302,20.041353957589,0.128129473822224,"f"
5541,-1.23894116051165,20.0427515089063,0.128127395690851,"f"
5542,-1.23889752636391,20.0441488359558,0.12812531743413,"f"
5543,-1.23885660521392,20.0455458726946,0.128123239799618,"f"
5544,-1.2388181851958,20.0469425530795,0.12812116353487,"f"
5545,-1.23878205444368,20.0483388110675,0.128119089387443,"f"
5546,-1.23874800109169,20.0497345806154,0.128117018104894,"f"
5547,-1.23871581327396,20.0511297956801,0.128114950434777,"f"
5548,-1.2386852791246,20.0525243902186,0.128112887124651,"f"
5549,-1.23865618677775,20.0539182981879,0.128110828922071,"f"
5550,-1.23862832436753,20.0553114535447,0.128108776574593,"f"
5551,-1.23860148002807,20.056703790246,0.128106730829774,"f"
5552,-1.2385754418935,20.0580952422488,0.128104692435171,"f"
5553,-1.23854999809793,20.0594857435099,0.128102662138338,"f"
5554,-1.23852493677551,20.0608752279863,0.128100640686833,"f"
5555,-1.23850004606034,20.0622636296348,0.128098628828212,"f"
5556,-1.23847511408656,20.0636508824124,0.128096627310032,"f"
5557,-1.2384499289883,20.0650369202761,0.128094636879848,"f"
5558,-1.23842427889968,20.0664216771826,0.128092658285217,"f"
5559,-1.23839795195483,20.067805087089,0.128090692273695,"f"
5560,-1.23837073628787,20.0691870839521,0.128088739592839,"f"
5561,-1.23834242003293,20.0705676017288,0.128086800990204,"f"
5562,-1.23831279132414,20.0719465743761,0.128084877213348,"f"
5563,-1.23828163829562,20.0733239358509,0.128082969009826,"f"
5564,-1.23824874908149,20.0746996201101,0.128081077127195,"f"
5565,-1.23821391181589,20.0760735611106,0.128079202313011,"f"
5566,-1.23817691463295,20.0774456928093,0.12807734531483,"f"
5567,-1.23813754566677,20.0788159491631,0.128075506880209,"f"
5568,-1.2380955930515,20.080184264129,0.128073687756704,"f"
5569,-1.23805084492126,20.0815505716639,0.128071888691871,"f"
5570,-1.23800308941018,20.0829148057246,0.128070110433266,"f"
5571,-1.23795217293373,20.0842769289875,0.12806835343709,"f"
5572,-1.23789822322938,20.0856370427563,0.128066616753169,"f"
5573,-1.23784145280588,20.0869952901078,0.128064899007548,"f"
5574,-1.23778207418928,20.088351814127,0.128063198826184,"f"
5575,-1.2377202999056,20.0897067578992,0.128061514835034,"f"
5576,-1.23765634248088,20.0910602645094,0.128059845660057,"f"
5577,-1.23759041444115,20.0924124770429,0.128058189927208,"f"
5578,-1.23752272831246,20.0937635385848,0.128056546262447,"f"
5579,-1.23745349662083,20.0951135922204,0.128054913291729,"f"
5580,-1.23738293189231,20.0964627810346,0.128053289641014,"f"
5581,-1.23731124665291,20.0978112481129,0.128051673936257,"f"
5582,-1.23723865342869,20.0991591365402,0.128050064803417,"f"
5583,-1.23716536474567,20.1005065894017,0.128048460868451,"f"
5584,-1.2370915931299,20.1018537497827,0.128046860757316,"f"
5585,-1.23701755110739,20.1032007607682,0.12804526309597,"f"
5586,-1.2369434512042,20.1045477654435,0.12804366651037,"f"
5587,-1.23686950594634,20.1058949068937,0.128042069626473,"f"
5588,-1.23679592785987,20.107242328204,0.128040471070238,"f"
5589,-1.23672292947081,20.1085901724596,0.128038869467621,"f"
5590,-1.2366507233052,20.1099385827455,0.12803726344458,"f"
5591,-1.23657952188907,20.111287702147,0.128035651627072,"f"
5592,-1.23650953774846,20.1126376737493,0.128034032641055,"f"
5593,-1.23644098340941,20.1139886406375,0.128032405112486,"f"
5594,-1.23637407139794,20.1153407458967,0.128030767667322,"f"
5595,-1.23630901424009,20.1166941326122,0.128029118931522,"f"
5596,-1.2362460244619,20.1180489438691,0.128027457531042,"f"
5597,-1.2361853145894,20.1194053227525,0.12802578209184,"f"
5598,-1.23612709714863,20.1207634123477,0.128024091239873,"f"
5599,-1.23607158466561,20.1221233557398,0.128022383601098,"f"
5600,-1.2360189896664,20.1234852960139,0.128020657801474,"f"
5601,-1.23596950799972,20.1248493632282,0.128018912546222,"f"
5602,-1.23592310626555,20.1262155083677,0.128017147630149,"f"
5603,-1.2358795844228,20.1275835522495,0.128015363640083,"f"
5604,-1.23583873867534,20.1289533127575,0.128013561180696,"f"
5605,-1.23580036522702,20.1303246077753,0.128011740856665,"f"
5606,-1.23576426028172,20.1316972551869,0.128009903272661,"f"
5607,-1.23573022004329,20.1330710728762,0.12800804903336,"f"
5608,-1.2356980407156,20.1344458787268,0.128006178743437,"f"
5609,-1.23566751850252,20.1358214906226,0.128004293007563,"f"
5610,-1.2356384496079,20.1371977264475,0.128002392430415,"f"
5611,-1.23561063023562,20.1385744040853,0.128000477616667,"f"
5612,-1.23558385658953,20.1399513414199,0.127998549170991,"f"
5613,-1.2355579248735,20.1413283563349,0.127996607698063,"f"
5614,-1.2355326312914,20.1427052667143,0.127994653802556,"f"
5615,-1.23550777204709,20.1440818904419,0.127992688089145,"f"
5616,-1.23548314334442,20.1454580454015,0.127990711162504,"f"
5617,-1.23545854138728,20.1468335494769,0.127988723627306,"f"
5618,-1.23543376237951,20.148208220552,0.127986726088227,"f"
5619,-1.23540860252499,20.1495818765106,0.127984719149939,"f"
5620,-1.23538285802758,20.1509543352365,0.127982703417118,"f"
5621,-1.23535632509113,20.1523254146136,0.127980679494437,"f"
5622,-1.23532879991953,20.1536949325256,0.127978647986571,"f"
5623,-1.23530007871662,20.1550627068563,0.127976609498193,"f"
5624,-1.23526995768628,20.1564285554897,0.127974564633978,"f"
5625,-1.23523823303237,20.1577922963096,0.1279725139986,"f"
5626,-1.23520470095875,20.1591537471996,0.127970458196733,"f"
5627,-1.23516915766928,20.1605127260438,0.127968397833051,"f"
5628,-1.23513139936784,20.1618690507259,0.127966333512228,"f"
5629,-1.23509122225828,20.1632225391297,0.127964265838939,"f"
5630,-1.23504842254446,20.1645730091391,0.127962195417856,"f"
5631,-1.23500279643026,20.1659202786379,0.127960122853656,"f"
5632,-1.2349541932472,20.1672642138293,0.127958048773216,"f"
5633,-1.23490271626802,20.1686049118751,0.127955973909551,"f"
5634,-1.2348485445515,20.1699425388642,0.127953899027352,"f"
5635,-1.23479185716971,20.1712772608976,0.127951824891313,"f"
5636,-1.23473283319473,20.1726092440763,0.12794975226613,"f"
5637,-1.23467165169861,20.1739386545013,0.127947681916498,"f"
5638,-1.23460849175341,20.1752656582736,0.127945614607113,"f"
5639,-1.23454353243122,20.1765904214941,0.127943551102669,"f"
5640,-1.23447695280409,20.1779131102638,0.127941492167863,"f"
5641,-1.23440893194408,20.1792338906838,0.12793943856739,"f"
5642,-1.23433964892327,20.180552928855,0.127937391065945,"f"
5643,-1.23426928281372,20.1818703908783,0.127935350428222,"f"
5644,-1.2341980126875,20.1831864428549,0.127933317418919,"f"
5645,-1.23412601761667,20.1845012508856,0.12793129280273,"f"
5646,-1.2340534766733,20.1858149810715,0.12792927734435,"f"
5647,-1.23398056892945,20.1871277995136,0.127927271808475,"f"
5648,-1.23390747345719,20.1884398723128,0.1279252769598,"f"
5649,-1.23383436932858,20.18975136557,0.127923293563021,"f"
5650,-1.2337614356157,20.1910624453864,0.127921322382833,"f"
5651,-1.2336888513906,20.1923732778629,0.12791936418393,"f"
5652,-1.23361679572536,20.1936840291005,0.12791741973101,"f"
5653,-1.23354544769204,20.1949948652001,0.127915489788766,"f"
5654,-1.2334749863627,20.1963059522628,0.127913575121895,"f"
5655,-1.23340559080942,20.1976174563895,0.127911676495091,"f"
5656,-1.23333744010425,20.1989295436812,0.12790979467305,"f"
5657,-1.23327071331926,20.200242380239,0.127907930420468,"f"
5658,-1.23320558952653,20.2015561321638,0.127906084502039,"f"
5659,-1.2331422477981,20.2028709655565,0.12790425768246,"f"
5660,-1.23308086720606,20.2041870465182,0.127902450726425,"f"
5661,-1.23302162682247,20.2055045411499,0.12790066439863,"f"
5662,-1.23296469526347,20.2068236023461,0.127898899376804,"f"
5663,-1.23291009919564,20.2081442037113,0.127897155158029,"f"
5664,-1.23285776298485,20.2094661896386,0.127895430388514,"f"
5665,-1.23280760873847,20.2107894016684,0.127893723695681,"f"
5666,-1.23275955856391,20.2121136813412,0.127892033706956,"f"
5667,-1.23271353456852,20.2134388701974,0.127890359049761,"f"
5668,-1.23266945885971,20.2147648097775,0.12788869835152,"f"
5669,-1.23262725354485,20.2160913416219,0.127887050239656,"f"
5670,-1.23258684073133,20.2174183072712,0.127885413341595,"f"
5671,-1.23254814252653,20.2187455482657,0.127883786284758,"f"
5672,-1.23251108103784,20.2200729061459,0.12788216769657,"f"
5673,-1.23247557837264,20.2214002224524,0.127880556204455,"f"
5674,-1.23244155663831,20.2227273387254,0.127878950435836,"f"
5675,-1.23240893794223,20.2240540965056,0.127877349018136,"f"
5676,-1.2323776443918,20.2253803373333,0.127875750578781,"f"
5677,-1.23234759809439,20.226705902749,0.127874153745192,"f"
5678,-1.23231872115738,20.2280306342931,0.127872557144794,"f"
5679,-1.23229093568817,20.2293543735063,0.127870959405011,"f"
5680,-1.23226416379413,20.2306769619287,0.127869359153266,"f"
5681,-1.23223832758266,20.2319982411011,0.127867755016983,"f"
5682,-1.23221334916112,20.2333180525637,0.127866145623586,"f"
5683,-1.23218915063691,20.2346362378571,0.127864529600498,"f"
5684,-1.23216565411741,20.2359526385217,0.127862905575142,"f"
5685,-1.23214278171,20.237267096098,0.127861272174944,"f"
5686,-1.23212045552207,20.2385794521264,0.127859628027325,"f"
5687,-1.232098597661,20.2398895481474,0.127857971759711,"f"
5688,-1.23207713023418,20.2411972257014,0.127856301999524,"f"
5689,-1.23205597534898,20.2425023263289,0.127854617374189,"f"
5690,-1.23203505511279,20.2438046915704,0.127852916511129,"f"
5691,-1.232014291633,20.2451041629664,0.127851198037767,"f"
5692,-1.2319936070143,20.2464005835867,0.127849460591163,"f"
5693,-1.23197292316804,20.2476939064492,0.127847703500948,"f"
5694,-1.23195216168589,20.2489842663535,0.127845927241825,"f"
5695,-1.23193124412955,20.2502718151445,0.127844132395863,"f"
5696,-1.23191009206072,20.2515567046672,0.127842319545133,"f"
5697,-1.23188862704112,20.2528390867665,0.127840489271707,"f"
5698,-1.23186677063243,20.2541191132871,0.127838642157654,"f"
5699,-1.23184444439636,20.2553969360741,0.127836778785046,"f"
5700,-1.23182156989462,20.2566727069723,0.127834899735952,"f"
5701,-1.23179806868889,20.2579465778265,0.127833005592443,"f"
5702,-1.2317738623409,20.2592187004817,0.12783109693659,"f"
5703,-1.23174887241232,20.2604892267828,0.127829174350464,"f"
5704,-1.23172302046488,20.2617583085747,0.127827238416134,"f"
5705,-1.23169622806027,20.2630260977021,0.127825289715673,"f"
5706,-1.23166841676018,20.2642927460101,0.127823328831149,"f"
5707,-1.23163950812633,20.2655584053436,0.127821356344635,"f"
5708,-1.23160942372042,20.2668232275473,0.1278193728382,"f"
5709,-1.23157808510414,20.2680873644662,0.127817378893915,"f"
5710,-1.23154541383919,20.2693509679452,0.12781537509385,"f"
5711,-1.23151133148729,20.2706141898291,0.127813362020077,"f"
5712,-1.23147575961012,20.2718771819629,0.127811340254665,"f"
5713,-1.2314386197694,20.2731400961915,0.127809310379686,"f"
5714,-1.23139983352682,20.2744030843597,0.12780727297721,"f"
5715,-1.23135932244409,20.2756662983124,0.127805228629307,"f"
5716,-1.2313170080829,20.2769298898945,0.127803177918048,"f"
5717,-1.23127281200497,20.2781940109509,0.127801121425505,"f"
5718,-1.23122665577198,20.2794588133265,0.127799059733746,"f"
5719,-1.23117846094564,20.2807244488662,0.127796993424843,"f"
5720,-1.23112814908766,20.2819910694148,0.127794923080867,"f"
5721,-1.23107564175973,20.2832588268173,0.127792849283888,"f"
5722,-1.23102086052355,20.2845278729185,0.127790772615977,"f"
5723,-1.230963737455,20.2857983515203,0.127788693670483,"f"
5724,-1.23090434561097,20.2870702985773,0.127786613192009,"f"
5725,-1.23084285878148,20.2883436729858,0.127784532033225,"f"
5726,-1.23077945293491,20.2896184319758,0.127782451049139,"f"
5727,-1.23071430403965,20.290894532777,0.127780371094759,"f"
5728,-1.23064758806409,20.2921719326194,0.127778293025094,"f"
5729,-1.2305794809766,20.2934505887328,0.127776217695152,"f"
5730,-1.23051015874557,20.2947304583472,0.12777414595994,"f"
5731,-1.23043979733938,20.2960114986924,0.127772078674468,"f"
5732,-1.23036857272642,20.2972936669983,0.127770016693743,"f"
5733,-1.23029666087507,20.2985769204948,0.127767960872774,"f"
5734,-1.23022423775371,20.2998612164118,0.127765912066568,"f"
5735,-1.23015147933074,20.3011465119791,0.127763871130134,"f"
5736,-1.23007856157452,20.3024327644267,0.12776183891848,"f"
5737,-1.23000566045345,20.3037199309844,0.127759816286614,"f"
5738,-1.22993295193591,20.3050079688821,0.127757804089544,"f"
5739,-1.22986061199028,20.3062968353498,0.127755803182279,"f"
5740,-1.22978881658495,20.3075864876171,0.127753814419826,"f"
5741,-1.2297177416883,20.3088768829142,0.127751838657195,"f"
5742,-1.22964756326871,20.3101679784708,0.127749876749392,"f"
5743,-1.22957845729457,20.3114597315168,0.127747929551427,"f"
5744,-1.22951059973426,20.3127520992821,0.127745997918307,"f"
5745,-1.22944416655616,20.3140450389966,0.12774408270504,"f"
5746,-1.22937933372867,20.3153385078902,0.127742184766636,"f"
5747,-1.22931627722016,20.3166324631928,0.127740304958101,"f"
5748,-1.22925517299901,20.3179268621342,0.127738444134444,"f"
5749,-1.22919619703361,20.3192216619443,0.127736603150674,"f"
5750,-1.22913952529235,20.3205168198531,0.127734782861798,"f"
5751,-1.2290853337436,20.3218122930903,0.127732984122824,"f"
5752,-1.22903379835575,20.323108038886,0.127731207788762,"f"
5753,-1.22898509321965,20.3244040142714,0.127729454701565,"f"
5754,-1.22893926083259,20.3257001623705,0.127727724788316,"f"
5755,-1.22889612801429,20.3269964035126,0.12772601647665,"f"
5756,-1.22885550159234,20.3282926559144,0.127724328055211,"f"
5757,-1.22881718839434,20.3295888377925,0.127722657812645,"f"
5758,-1.22878099524787,20.3308848673634,0.127721004037594,"f"
5759,-1.22874672898053,20.3321806628438,0.127719365018704,"f"
5760,-1.22871419641991,20.3334761424502,0.12771773904462,"f"
5761,-1.22868320439359,20.3347712243991,0.127716124403985,"f"
5762,-1.22865355972918,20.3360658269073,0.127714519385445,"f"
5763,-1.22862506925425,20.3373598681913,0.127712922277642,"f"
5764,-1.22859753979641,20.3386532664677,0.127711331369223,"f"
5765,-1.22857077818324,20.339945939953,0.127709744948832,"f"
5766,-1.22854459124233,20.3412378068639,0.127708161305112,"f"
5767,-1.22851878580128,20.3425287854169,0.127706578726709,"f"
5768,-1.22849316868767,20.3438187938287,0.127704995502267,"f"
5769,-1.2284675467291,20.3451077503157,0.12770340992043,"f"
5770,-1.22844172675316,20.3463955730947,0.127701820269843,"f"
5771,-1.22841551558744,20.3476821803822,0.12770022483915,"f"
5772,-1.22838872005953,20.3489674903948,0.127698621916996,"f"
5773,-1.22836114699702,20.350251421349,0.127697009792025,"f"
5774,-1.2283326032275,20.3515338914616,0.127695386752881,"f"
5775,-1.22830289557857,20.3528148189489,0.12769375108821,"f"
5776,-1.22827183087781,20.3540941220277,0.127692101086655,"f"
5777,-1.22823921595281,20.3553717189146,0.127690435036861,"f"
5778,-1.22820485763118,20.356647527826,0.127688751227473,"f"
5779,-1.22816856274049,20.3579214669787,0.127687047947134,"f"
5780,-1.22813013810834,20.3591934545891,0.12768532348449,"f"
5781,-1.22808939056232,20.360463408874,0.127683576128185,"f"
5782,-1.22804612693003,20.3617312480498,0.127681804166863,"f"
5783,-1.22800015403904,20.3629968903332,0.127680005889169,"f"
5784,-1.22795133873947,20.3642602768409,0.127678180167637,"f"
5785,-1.22789979032377,20.3655214411882,0.127676328233252,"f"
5786,-1.22784567928885,20.3667804403414,0.127674451912383,"f"
5787,-1.22778917613159,20.3680373312667,0.127672553031402,"f"
5788,-1.2277304513489,20.3692921709307,0.127670633416679,"f"
5789,-1.22766967543767,20.3705450162995,0.127668694894586,"f"
5790,-1.22760701889481,20.3717959243396,0.127666739291494,"f"
5791,-1.2275426522172,20.3730449520172,0.127664768433774,"f"
5792,-1.22747674590174,20.3742921562987,0.127662784147796,"f"
5793,-1.22740947044534,20.3755375941504,0.127660788259933,"f"
5794,-1.22734099634488,20.3767813225386,0.127658782596554,"f"
5795,-1.22727149409726,20.3780233984298,0.127656768984031,"f"
5796,-1.22720113419939,20.3792638787902,0.127654749248734,"f"
5797,-1.22713008714816,20.3805028205862,0.127652725217036,"f"
5798,-1.22705852344046,20.3817402807841,0.127650698715307,"f"
5799,-1.22698661357319,20.3829763163502,0.127648671569918,"f"
5800,-1.22691452804326,20.3842109842508,0.127646645607239,"f"
5801,-1.22684243734755,20.3854443414524,0.127644622653643,"f"
5802,-1.22677051198296,20.3866764449212,0.1276426045355,"f"
5803,-1.22669892244639,20.3879073516236,0.127640593079181,"f"
5804,-1.22662783923474,20.3891371185259,0.127638590111056,"f"
5805,-1.2265574328449,20.3903658025945,0.127636597457499,"f"
5806,-1.22648787377377,20.3915934607956,0.127634616944878,"f"
5807,-1.22641933251825,20.3928201500956,0.127632650399565,"f"
5808,-1.22635197957524,20.3940459274609,0.127630699647932,"f"
5809,-1.22628598544162,20.3952708498577,0.127628766516349,"f"
5810,-1.22622152061431,20.3964949742525,0.127626852831187,"f"
5811,-1.22615875559019,20.3977183576116,0.127624960418817,"f"
5812,-1.22609786086616,20.3989410569012,0.127623091105611,"f"
5813,-1.22603900693912,20.4001631290877,0.127621246717939,"f"
5814,-1.22598236299872,20.4013846310843,0.127619429063644,"f"
5815,-1.22592800887275,20.4026056161636,0.127617638684024,"f"
5816,-1.22587587920073,20.4038261316841,0.12761587406259,"f"
5817,-1.22582589531846,20.4050462244622,0.127614133494296,"f"
5818,-1.22577797856173,20.4062659413143,0.127612415274096,"f"
5819,-1.22573205026632,20.4074853290568,0.127610717696945,"f"
5820,-1.22568803176803,20.4087044345061,0.127609039057796,"f"
5821,-1.22564584440264,20.4099233044786,0.127607377651604,"f"
5822,-1.22560540950596,20.4111419857907,0.127605731773323,"f"
5823,-1.22556664841376,20.4123605252589,0.127604099717908,"f"
5824,-1.22552948246185,20.4135789696995,0.127602479780312,"f"
5825,-1.225493832986,20.414797365929,0.12760087025549,"f"
5826,-1.22545962132202,20.4160157607638,0.127599269438395,"f"
5827,-1.22542676880569,20.4172342010202,0.127597675623983,"f"
5828,-1.2253951967728,20.4184527335148,0.127596087107208,"f"
5829,-1.22536482655914,20.4196714050638,0.127594502183023,"f"
5830,-1.22533557950051,20.4208902624838,0.127592919146383,"f"
5831,-1.2253073769327,20.4221093525911,0.127591336292242,"f"
5832,-1.22528014019148,20.4233287222021,0.127589751915554,"f"
5833,-1.22525379061267,20.4245484181333,0.127588164311274,"f"
5834,-1.22522824953204,20.4257684872011,0.127586571774356,"f"
5835,-1.22520343828539,20.4269889762218,0.127584972599754,"f"
5836,-1.22517927820851,20.4282099320119,0.127583365082422,"f"
5837,-1.22515569063719,20.4294314013878,0.127581747517314,"f"
5838,-1.22513259690721,20.430653431166,0.127580118199385,"f"
5839,-1.22510991835438,20.4318760681627,0.127578475423589,"f"
5840,-1.22508757631448,20.4330993591945,0.12757681748488,"f"
5841,-1.2250654921233,20.4343233510777,0.127575142678213,"f"
5842,-1.22504358711663,20.4355480906287,0.127573449298541,"f"
5843,-1.22502178263027,20.436773624664,0.127571735640818,"f"
5844,-1.225,20.438,0.12757,"f"
5845,-1.2249781624355,20.4392272341216,0.127568241093503,"f"
5846,-1.22495620064195,20.440455227188,0.127566459328595,"f"
5847,-1.22493404719845,20.4416838500267,0.127564655535008,"f"
5848,-1.22491163468407,20.4429129734655,0.127562830542474,"f"
5849,-1.22488889567789,20.4441424683321,0.127560985180723,"f"
5850,-1.22486576275898,20.445372205454,0.127559120279487,"f"
5851,-1.22484216850643,20.4466020556589,0.127557236668497,"f"
5852,-1.2248180454993,20.4478318897745,0.127555335177484,"f"
5853,-1.22479332631669,20.4490615786285,0.127553416636181,"f"
5854,-1.22476794353767,20.4502909930485,0.127551481874318,"f"
5855,-1.22474182974131,20.4515200038622,0.127549531721626,"f"
5856,-1.2247149175067,20.4527484818972,0.127547567007837,"f"
5857,-1.2246871394129,20.4539762979812,0.127545588562682,"f"
5858,-1.22465842803901,20.4552033229418,0.127543597215893,"f"
5859,-1.2246287159641,20.4564294276068,0.1275415937972,"f"
5860,-1.22459793576725,20.4576544828037,0.127539579136336,"f"
5861,-1.22456602002753,20.4588783593602,0.127537554063031,"f"
5862,-1.22453290132403,20.460100928104,0.127535519407017,"f"
5863,-1.22449851223581,20.4613220598627,0.127533475998025,"f"
5864,-1.22446278534197,20.4625416254641,0.127531424665787,"f"
5865,-1.22442565322157,20.4637594957357,0.127529366240033,"f"
5866,-1.2243870484537,20.4649755415052,0.127527301550496,"f"
5867,-1.22434690361744,20.4661896336003,0.127525231426906,"f"
5868,-1.22430515129186,20.4674016428486,0.127523156698995,"f"
5869,-1.22426172405604,20.4686114400778,0.127521078196494,"f"
5870,-1.22421655448905,20.4698188961156,0.127518996749134,"f"
5871,-1.22416957516999,20.4710238817895,0.127516913186647,"f"
5872,-1.22412071867792,20.4722262679274,0.127514828338765,"f"
5873,-1.22406991759192,20.4734259253567,0.127512743035218,"f"
5874,-1.22401710449108,20.4746227249053,0.127510658105737,"f"
5875,-1.22396222288539,20.4758165529542,0.127508574371811,"f"
5876,-1.22390533557798,20.4770074656257,0.127506492564955,"f"
5877,-1.22384657879556,20.4781956235157,0.127504413361311,"f"
5878,-1.223786089839,20.4793811887485,0.127502337436209,"f"
5879,-1.2237240060091,20.4805643234484,0.127500265464981,"f"
5880,-1.22366046460672,20.4817451897398,0.127498198122956,"f"
5881,-1.2235956029327,20.4829239497469,0.127496136085466,"f"
5882,-1.22352955828785,20.484100765594,0.127494080027842,"f"
5883,-1.22346246797303,20.4852757994055,0.127492030625414,"f"
5884,-1.22339446928906,20.4864492133056,0.127489988553513,"f"
5885,-1.22332569953678,20.4876211694186,0.12748795448747,"f"
5886,-1.22325629601703,20.4887918298689,0.127485929102615,"f"
5887,-1.22318639603065,20.4899613567807,0.12748391307428,"f"
5888,-1.22311613687846,20.4911299122783,0.127481907077795,"f"
5889,-1.22304565586131,20.492297658486,0.127479911788491,"f"
5890,-1.22297509028003,20.4934647575282,0.127477927881699,"f"
5891,-1.22290457743546,20.4946313715291,0.127475956032749,"f"
5892,-1.22283425462843,20.495797662613,0.127473996916973,"f"
5893,-1.22276425915977,20.4969637929043,0.127472051209701,"f"
5894,-1.22269472833033,20.4981299245272,0.127470119586263,"f"
5895,-1.22262579944094,20.499296219606,0.127468202721991,"f"
5896,-1.22255760979243,20.5004628402651,0.127466301292216,"f"
5897,-1.22249029668564,20.5016299486287,0.127464415972267,"f"
5898,-1.22242399742141,20.5027977068211,0.127462547437477,"f"
5899,-1.22235884930057,20.5039662769667,0.127460696363175,"f"
5900,-1.22229498962396,20.5051358211896,0.127458863424693,"f"
5901,-1.22223255569241,20.5063065016144,0.127457049297361,"f"
5902,-1.22217168480676,20.5074784803651,0.12745525465651,"f"
5903,-1.22211251426785,20.5086519195662,0.127453480177471,"f"
5904,-1.2220551813765,20.5098269813419,0.127451726535575,"f"
5905,-1.22199982343356,20.5110038278165,0.127449994406152,"f"
5906,-1.22194654291457,20.5121825721254,0.127448284060401,"f"
5907,-1.22189530434543,20.5133631333489,0.127446594168678,"f"
5908,-1.22184603809927,20.5145453825245,0.127444923005012,"f"
5909,-1.22179867454923,20.5157291906897,0.12744326884343,"f"
5910,-1.22175314406844,20.5169144288819,0.12744162995796,"f"
5911,-1.22170937703003,20.5181009681386,0.127440004622631,"f"
5912,-1.22166730380712,20.5192886794973,0.127438391111471,"f"
5913,-1.22162685477285,20.5204774339954,0.127436787698508,"f"
5914,-1.22158796030034,20.5216671026704,0.12743519265777,"f"
5915,-1.22155055076273,20.5228575565597,0.127433604263285,"f"
5916,-1.22151455653314,20.5240486667007,0.127432020789082,"f"
5917,-1.22147990798472,20.525240304131,0.127430440509188,"f"
5918,-1.22144653549057,20.5264323398881,0.127428861697632,"f"
5919,-1.22141436942384,20.5276246450093,0.127427282628442,"f"
5920,-1.22138334015766,20.5288170905321,0.127425701575645,"f"
5921,-1.22135337806516,20.530009547494,0.127424116813271,"f"
5922,-1.22132441351946,20.5312018869324,0.127422526615347,"f"
5923,-1.22129637689369,20.5323939798848,0.127420929255902,"f"
5924,-1.22126919856099,20.5335856973887,0.127419323008963,"f"
5925,-1.22124280889448,20.5347769104815,0.127417706148559,"f"
5926,-1.2212171382673,20.5359674902007,0.127416076948718,"f"
5927,-1.22119211705258,20.5371573075837,0.127414433683468,"f"
5928,-1.22116767562344,20.5383462336681,0.127412774626837,"f"
5929,-1.22114374435301,20.5395341394911,0.127411098052853,"f"
5930,-1.22112025361443,20.5407208960904,0.127409402235545,"f"
5931,-1.22109713378082,20.5419063745033,0.12740768544894,"f"
5932,-1.22107431522532,20.5430904457674,0.127405945967067,"f"
5933,-1.22105172832105,20.5442729809201,0.127404182063954,"f"
5934,-1.22102930344115,20.5454538509988,0.127402392013629,"f"
5935,-1.22100697095874,20.546632927041,0.12740057409012,"f"
5936,-1.2209846612361,20.5478100894538,0.127398726773877,"f"
5937,-1.22096230451847,20.5489853197254,0.12739685077224,"f"
5938,-1.22093983097965,20.5501586610175,0.127394948151269,"f"
5939,-1.22091717079244,20.5513301573717,0.12739302099641,"f"
5940,-1.22089425412964,20.5524998528297,0.127391071393105,"f"
5941,-1.22087101116403,20.5536677914332,0.1273891014268,"f"
5942,-1.2208473720684,20.5548340172239,0.12738711318294,"f"
5943,-1.22082326701556,20.5559985742434,0.127385108746969,"f"
5944,-1.22079862617829,20.5571615065333,0.127383090204332,"f"
5945,-1.22077337972938,20.5583228581354,0.127381059640473,"f"
5946,-1.22074745784164,20.5594826730913,0.127379019140837,"f"
5947,-1.22072079068784,20.5606409954427,0.127376970790869,"f"
5948,-1.2206933084408,20.5617978692313,0.127374916676013,"f"
5949,-1.22066494127329,20.5629533384986,0.127372858881715,"f"
5950,-1.22063561935811,20.5641074472864,0.127370799493418,"f"
5951,-1.22060527286806,20.5652602396364,0.127368740596567,"f"
5952,-1.22057383197593,20.5664117595902,0.127366684276608,"f"
5953,-1.2205412268545,20.5675620511895,0.127364632618984,"f"
5954,-1.22050738767658,20.5687111584759,0.12736258770914,"f"
5955,-1.22047224461496,20.5698591254911,0.127360551632521,"f"
5956,-1.22043572784243,20.5710059962768,0.127358526474571,"f"
5957,-1.22039776753178,20.5721518148746,0.127356514320736,"f"
5958,-1.2203582938558,20.5732966253262,0.12735451725646,"f"
5959,-1.2203172369873,20.5744404716733,0.127352537367187,"f"
5960,-1.22027452709905,20.5755833979576,0.127350576738362,"f"
5961,-1.22023009436386,20.5767254482207,0.127348637455429,"f"
5962,-1.22018386895452,20.5778666665042,0.127346721603834,"f"
5963,-1.22013578104382,20.5790070968499,0.127344831269021,"f"
5964,-1.22008576080455,20.5801467832994,0.127342968536435,"f"
5965,-1.22003373840951,20.5812857698943,0.12734113549152,"f"
5966,-1.21997964581027,20.5824241009629,0.127339334183305,"f"
5967,-1.21992349721384,20.5835618340823,0.127337564976848,"f"
5968,-1.21986542194779,20.5846990453723,0.127335825880409,"f"
5969,-1.21980555792524,20.5858358123353,0.127334114726479,"f"
5970,-1.21974404305929,20.5869722124741,0.127332429347549,"f"
5971,-1.21968101526306,20.5881083232912,0.127330767576113,"f"
5972,-1.21961661244965,20.5892442222892,0.127329127244661,"f"
5973,-1.21955097253218,20.5903799869708,0.127327506185685,"f"
5974,-1.21948423342376,20.5915156948385,0.127325902231678,"f"
5975,-1.21941653303749,20.592651423395,0.127324313215131,"f"
5976,-1.21934800928648,20.5937872501429,0.127322736968536,"f"
5977,-1.21927880008386,20.5949232525847,0.127321171324385,"f"
5978,-1.21920904334272,20.5960595082231,0.127319614115169,"f"
5979,-1.21913887697617,20.5971960945607,0.127318063173382,"f"
5980,-1.21906843889733,20.5983330891001,0.127316516331513,"f"
5981,-1.21899786701931,20.5994705693438,0.127314971422056,"f"
5982,-1.21892729925521,20.6006086127946,0.127313426277502,"f"
5983,-1.21885687351815,20.601747296955,0.127311878730343,"f"
5984,-1.21878672772123,20.6028866993276,0.127310326613071,"f"
5985,-1.21871699977757,20.6040268974149,0.127308767758177,"f"
5986,-1.21864782760028,20.6051679687198,0.127307199998154,"f"
5987,-1.21857934910246,20.6063099907446,0.127305621165494,"f"
5988,-1.21851170219723,20.6074530409921,0.127304029092687,"f"
5989,-1.21844502479769,20.6085971969648,0.127302421612227,"f"
5990,-1.21837945481696,20.6097425361654,0.127300796556605,"f"
5991,-1.21831513016815,20.6108891360964,0.127299151758312,"f"
5992,-1.21825218876436,20.6120370742604,0.127297485049841,"f"
5993,-1.2181907685187,20.6131864281602,0.127295794263684,"f"
5994,-1.2181310073443,20.6143372752982,0.127294077232331,"f"
5995,-1.21807304315425,20.6154896931771,0.127292331788277,"f"
5996,-1.21801701386166,20.6166437592994,0.127290555764011,"f"
5997,-1.21796304597153,20.6177995370513,0.127288747229302,"f"
5998,-1.21791114432374,20.6189569392684,0.127286906784422,"f"
5999,-1.21786124017127,20.6201157877289,0.12728503656017,"f"
6000,-1.21781326374336,20.6212759029442,0.127283138708636,"f"
6001,-1.21776714526927,20.6224371054258,0.127281215381913,"f"
6002,-1.21772281497825,20.623599215685,0.127279268732091,"f"
6003,-1.21768020309956,20.6247620542331,0.127277300911262,"f"
6004,-1.21763923986244,20.6259254415817,0.127275314071517,"f"
6005,-1.21759985549616,20.6270891982421,0.127273310364948,"f"
6006,-1.21756198022995,20.6282531447257,0.127271291943646,"f"
6007,-1.21752554429308,20.6294171015439,0.127269260959702,"f"
6008,-1.21749047791479,20.6305808892081,0.127267219565208,"f"
6009,-1.21745671132435,20.6317443282298,0.127265169912255,"f"
6010,-1.21742417475099,20.6329072391202,0.127263114152935,"f"
6011,-1.21739279842398,20.6340694423908,0.127261054439339,"f"
6012,-1.21736251257257,20.6352307585531,0.127258992923557,"f"
6013,-1.21733324742601,20.6363910081183,0.127256931757683,"f"
6014,-1.21730493321355,20.637550011598,0.127254873093806,"f"
6015,-1.21727750016444,20.6387075895034,0.127252819084019,"f"
6016,-1.21725087850794,20.639863562346,0.127250771880412,"f"
6017,-1.2172249984733,20.6410177506373,0.127248733635077,"f"
6018,-1.21719979028977,20.6421699748885,0.127246706500106,"f"
6019,-1.21717518418661,20.6433200556112,0.127244692627589,"f"
6020,-1.21715111039306,20.6444678133166,0.127242694169618,"f"
6021,-1.21712749913838,20.6456130685162,0.127240713278285,"f"
6022,-1.21710428065183,20.6467556417214,0.127238752105681,"f"
6023,-1.21708138516265,20.6478953534437,0.127236812803897,"f"
6024,-1.2170587429001,20.6490320241943,0.127234897525025,"f"
6025,-1.21703628409342,20.6501654744847,0.127233008421156,"f"
6026,-1.21701393897188,20.6512955248262,0.12723114764438,"f"
6027,-1.21699163776438,20.6524219983665,0.12722931731036,"f"
6028,-1.21696931068416,20.6535448376597,0.12722751788456,"f"
6029,-1.2169468879227,20.654664150945,0.127225747542687,"f"
6030,-1.21692429966992,20.6557800586662,0.127224004291781,"f"
6031,-1.2169014761157,20.6568926812668,0.127222286138885,"f"
6032,-1.21687834744994,20.6580021391905,0.127220591091042,"f"
6033,-1.21685484386253,20.6591085528809,0.127218917155293,"f"
6034,-1.21683089554337,20.6602120427817,0.12721726233868,"f"
6035,-1.21680643268235,20.6613127293363,0.127215624648247,"f"
6036,-1.21678138546937,20.6624107329886,0.127214002091034,"f"
6037,-1.21675568409432,20.6635061741821,0.127212392674085,"f"
6038,-1.2167292587471,20.6645991733604,0.127210794404441,"f"
6039,-1.21670203961761,20.6656898509671,0.127209205289144,"f"
6040,-1.21667395689573,20.666778327446,0.127207623335237,"f"
6041,-1.21664494077136,20.6678647232405,0.127206046549762,"f"
6042,-1.21661492143441,20.6689491587944,0.127204472939761,"f"
6043,-1.21658382907475,20.6700317545512,0.127202900512276,"f"
6044,-1.21655159388229,20.6711126309546,0.127201327274349,"f"
6045,-1.21651814604693,20.6721919084483,0.127199751233023,"f"
6046,-1.21648341575855,20.6732697074757,0.127198170395339,"f"
6047,-1.21644733320706,20.6743461484806,0.127196582768341,"f"
6048,-1.21640982858234,20.6754213519067,0.127194986359069,"f"
6049,-1.21637083207429,20.6764954381974,0.127193379174567,"f"
6050,-1.21633027387282,20.6775685277965,0.127191759221876,"f"
6051,-1.2162880841678,20.6786407411475,0.127190124508038,"f"
6052,-1.21624419314914,20.6797121986941,0.127188473040097,"f"
6053,-1.21619853100674,20.6807830208799,0.127186802825093,"f"
6054,-1.21615102793048,20.6818533281486,0.127185111870069,"f"
6055,-1.21610161411027,20.6829232409438,0.127183398182068,"f"
6056,-1.21605021973599,20.683992879709,0.12718165976813,"f"
6057,-1.21599677500474,20.6850623648853,0.127179894635427,"f"
6058,-1.21594125123733,20.6861318016319,0.127178101514279,"f"
6059,-1.21588375755036,20.687201243903,0.12717628155813,"f"
6060,-1.21582443188903,20.68827073494,0.127174436427368,"f"
6061,-1.21576341219856,20.6893403179842,0.127172567782382,"f"
6062,-1.21570083642416,20.690410036277,0.127170677283562,"f"
6063,-1.21563684251104,20.6914799330597,0.127168766591295,"f"
6064,-1.21557156840441,20.6925500515738,0.127166837365971,"f"
6065,-1.21550515204947,20.6936204350606,0.127164891267979,"f"
6066,-1.21543773139144,20.6946911267614,0.127162929957708,"f"
6067,-1.21536944437552,20.6957621699177,0.127160955095546,"f"
6068,-1.21530042894693,20.6968336077708,0.127158968341882,"f"
6069,-1.21523082305087,20.6979054835621,0.127156971357106,"f"
6070,-1.21516076463256,20.6989778405329,0.127154965801606,"f"
6071,-1.21509039163721,20.7000507219247,0.127152953335771,"f"
6072,-1.21501984201001,20.7011241709787,0.127150935619989,"f"
6073,-1.21494925369619,20.7021982309365,0.127148914314651,"f"
6074,-1.21487876464095,20.7032729450392,0.127146891080144,"f"
6075,-1.21480851278951,20.7043483565284,0.127144867576858,"f"
6076,-1.21473863608706,20.7054245086453,0.127142845465181,"f"
6077,-1.21466927247883,20.7065014446314,0.127140826405503,"f"
6078,-1.21460055991002,20.707579207728,0.127138812058212,"f"
6079,-1.21453263632584,20.7086578411765,0.127136804083696,"f"
6080,-1.2144656396715,20.7097373882182,0.127134804142346,"f"
6081,-1.21439970789221,20.7108178920946,0.12713281389455,"f"
6082,-1.21433497893318,20.7118993960469,0.127130835000696,"f"
6083,-1.21427159073962,20.7129819433166,0.127128869121175,"f"
6084,-1.21420968125673,20.7140655771451,0.127126917916373,"f"
6085,-1.21414938842974,20.7151503407737,0.127124983046681,"f"
6086,-1.21409085020384,20.7162362774437,0.127123066172487,"f"
6087,-1.21403420452425,20.7173234303966,0.127121168954181,"f"
6088,-1.21397958746211,20.7184118413321,0.127119293030395,"f"
6089,-1.21392705192146,20.7195014835385,0.127117439074299,"f"
6090,-1.21387653639304,20.7205922361899,0.12711560643087,"f"
6091,-1.21382797104429,20.7216839716139,0.127113794348464,"f"
6092,-1.21378128604265,20.722776562138,0.127112002075435,"f"
6093,-1.21373641155557,20.7238698800898,0.127110228860136,"f"
6094,-1.21369327775047,20.7249637977969,0.127108473950924,"f"
6095,-1.21365181479481,20.7260581875869,0.127106736596152,"f"
6096,-1.21361195285602,20.7271529217872,0.127105016044176,"f"
6097,-1.21357362210156,20.7282478727255,0.127103311543349,"f"
6098,-1.21353675269885,20.7293429127293,0.127101622342026,"f"
6099,-1.21350127481534,20.7304379141262,0.127099947688562,"f"
6100,-1.21346711861847,20.7315327492437,0.127098286831311,"f"
6101,-1.21343421427569,20.7326272904095,0.127096639018629,"f"
6102,-1.21340249195443,20.7337214099511,0.127095003498869,"f"
6103,-1.21337188182214,20.734814980196,0.127093379520387,"f"
6104,-1.21334231404625,20.7359078734719,0.127091766331536,"f"
6105,-1.21331371879422,20.7369999621062,0.127090163180672,"f"
6106,-1.21328602623348,20.7380911184266,0.127088569316149,"f"
6107,-1.21325916653146,20.7391812147606,0.127086983986321,"f"
6108,-1.21323306985563,20.7402701234358,0.127085406439544,"f"
6109,-1.2132076663734,20.7413577167797,0.127083835924171,"f"
6110,-1.21318288625224,20.74244386712,0.127082271688558,"f"
6111,-1.21315865965957,20.7435284467841,0.127080712981059,"f"
6112,-1.21313491676284,20.7446113280997,0.127079159050028,"f"
6113,-1.2131115877295,20.7456923833942,0.12707760914382,"f"
6114,-1.21308860272697,20.7467714849954,0.12707606251079,"f"
6115,-1.21306589192271,20.7478485052307,0.127074518399293,"f"
6116,-1.21304338548416,20.7489233164277,0.127072976057682,"f"
6117,-1.21302101357875,20.7499957909139,0.127071434734313,"f"
6118,-1.21299870637393,20.7510658010291,0.127069893677544,"f"
6119,-1.21297639405889,20.7521332783835,0.127068352153912,"f"
6120,-1.21295400689495,20.7531983512831,0.127066809490281,"f"
6121,-1.21293147515835,20.7542611887832,0.127065265026017,"f"
6122,-1.21290872912536,20.7553219599391,0.127063718100481,"f"
6123,-1.21288569907224,20.756380833806,0.127062168053037,"f"
6124,-1.21286231527525,20.7574379794393,0.127060614223049,"f"
6125,-1.21283850801065,20.7584935658944,0.12705905594988,"f"
6126,-1.21281420755471,20.7595477622264,0.127057492572893,"f"
6127,-1.21278934418367,20.7606007374907,0.127055923431451,"f"
6128,-1.21276384817379,20.7616526607425,0.127054347864919,"f"
6129,-1.21273764980135,20.7627037010373,0.127052765212659,"f"
6130,-1.2127106793426,20.7637540274303,0.127051174814035,"f"
6131,-1.21268286707379,20.7648038089767,0.12704957600841,"f"
6132,-1.21265414327119,20.7658532147319,0.127047968135147,"f"
6133,-1.21262443821106,20.7669024137512,0.12704635053361,"f"
6134,-1.21259368216965,20.7679515750899,0.127044722543163,"f"
6135,-1.21256180542323,20.7690008678033,0.127043083503168,"f"
6136,-1.21252873824806,20.7700504609467,0.127041432752988,"f"
6137,-1.2124944109204,20.7711005235753,0.127039769631988,"f"
6138,-1.2124587537165,20.7721512247446,0.127038093479531,"f"
6139,-1.21242169691262,20.7732027335097,0.12703640363498,"f"
6140,-1.21238317078504,20.7742552189261,0.127034699437698,"f"
6141,-1.21234310560999,20.7753088500489,0.127032980227048,"f"
6142,-1.21230143166376,20.7763637959335,0.127031245342395,"f"
6143,-1.21225807922258,20.7774202256352,0.127029494123101,"f"
6144,-1.21221297856273,20.7784783082093,0.12702772590853,"f"
6145,-1.21216605996047,20.7795382127111,0.127025940038045,"f"
6146,-1.21211725369205,20.7806001081958,0.12702413585101,"f"
6147,-1.21206649003373,20.7816641637189,0.127022312686788,"f"
6148,-1.21201369926178,20.7827305483355,0.127020469884741,"f"
6149,-1.21195882605166,20.7837994053576,0.127018606925647,"f"
6150,-1.21190194177352,20.7848706515878,0.127016724534533,"f"
6151,-1.21184318361629,20.7859440861555,0.127014824082821,"f"
6152,-1.21178268933055,20.7870195071859,0.127012906947453,"f"
6153,-1.21172059666689,20.7880967128044,0.127010974505369,"f"
6154,-1.21165704337587,20.7891755011362,0.127009028133507,"f"
6155,-1.21159216720809,20.7902556703066,0.12700706920881,"f"
6156,-1.21152610591412,20.7913370184409,0.127005099108215,"f"
6157,-1.21145899724455,20.7924193436644,0.127003119208665,"f"
6158,-1.21139097894994,20.7935024441024,0.127001130887097,"f"
6159,-1.21132218878089,20.7945861178801,0.126999135520454,"f"
6160,-1.21125276448798,20.7956701631228,0.126997134485674,"f"
6161,-1.21118284382177,20.7967543779558,0.126995129159697,"f"
6162,-1.21111256453286,20.7978385605044,0.126993120919464,"f"
6163,-1.21104206437183,20.7989225088938,0.126991111141915,"f"
6164,-1.21097148108924,20.8000060212495,0.12698910120399,"f"
6165,-1.21090095243569,20.8010888956965,0.126987092482628,"f"
6166,-1.21083061616176,20.8021709303603,0.12698508635477,"f"
6167,-1.21076061001802,20.803251923366,0.126983084197356,"f"
6168,-1.21069107175505,20.8043316728391,0.126981087387325,"f"
6169,-1.21062213912344,20.8054099769047,0.126979097301619,"f"
6170,-1.21055394987376,20.8064866336881,0.126977115317176,"f"
6171,-1.2104866417566,20.8075614413147,0.126975142810937,"f"
6172,-1.21042035252253,20.8086341979097,0.126973181159842,"f"
6173,-1.21035521992214,20.8097047015983,0.126971231740831,"f"
6174,-1.210291381706,20.810772750506,0.126969295930843,"f"
6175,-1.2102289756247,20.8118381427579,0.12696737510682,"f"
6176,-1.21016813942881,20.8129006764793,0.126965470645701,"f"
6177,-1.21010901086892,20.8139601497956,0.126963583924426,"f"
6178,-1.21005172769561,20.8150163608319,0.126961716319934,"f"
6179,-1.20999642764965,20.8160691077315,0.126959869209058,"f"
6180,-1.20994320676434,20.8171182645286,0.126958043505183,"f"
6181,-1.2098920239899,20.8181639546946,0.126956238598457,"f"
6182,-1.2098428101546,20.8192063528719,0.126954453566539,"f"
6183,-1.20979549608674,20.8202456337026,0.126952687487093,"f"
6184,-1.20975001261458,20.8212819718292,0.126950939437779,"f"
6185,-1.2097062905664,20.8223155418939,0.126949208496258,"f"
6186,-1.20966426077048,20.8233465185389,0.126947493740194,"f"
6187,-1.20962385405509,20.8243750764067,0.126945794247246,"f"
6188,-1.20958500124851,20.8254013901393,0.126944109095076,"f"
6189,-1.20954763317903,20.8264256343792,0.126942437361346,"f"
6190,-1.20951168067491,20.8274479837687,0.126940778123717,"f"
6191,-1.20947707456443,20.8284686129499,0.126939130459851,"f"
6192,-1.20944374567587,20.8294876965653,0.12693749344741,"f"
6193,-1.20941162483752,20.830505409257,0.126935866164054,"f"
6194,-1.20938064287764,20.8315219256674,0.126934247687445,"f"
6195,-1.20935073062451,20.8325374204388,0.126932637095244,"f"
6196,-1.20932181890641,20.8335520682134,0.126931033465114,"f"
6197,-1.20929383855161,20.8345660436335,0.126929435874715,"f"
6198,-1.2092667203884,20.8355795213415,0.12692784340171,"f"
6199,-1.20924039524505,20.8365926759795,0.126926255123759,"f"
6200,-1.20921479394984,20.83760568219,0.126924670118524,"f"
6201,-1.20918984733105,20.8386187146151,0.126923087463666,"f"
6202,-1.20916548621694,20.8396319478972,0.126921506236847,"f"
6203,-1.20914164143581,20.8406455566786,0.126919925515729,"f"
6204,-1.20911824381593,20.8416597156014,0.126918344377972,"f"
6205,-1.20909522418556,20.8426745993082,0.126916761901239,"f"
6206,-1.209072513373,20.843690382441,0.126915177163191,"f"
6207,-1.20905004220652,20.8447072396422,0.126913589241489,"f"
6208,-1.20902774151439,20.8457253455541,0.126911997213795,"f"
6209,-1.2090055421249,20.846744874819,0.126910400157769,"f"
6210,-1.20898337465831,20.8477659792338,0.126908797236791,"f"
6211,-1.20896116792455,20.8487886117564,0.12690718836028,"f"
6212,-1.20893884980135,20.8498126229638,0.126905573821791,"f"
6213,-1.20891634815879,20.8508378625867,0.126903953918054,"f"
6214,-1.20889359086691,20.851864180356,0.126902328945797,"f"
6215,-1.20887050579578,20.8528914260026,0.12690069920175,"f"
6216,-1.20884702081543,20.8539194492571,0.126899064982643,"f"
6217,-1.20882306379594,20.8549480998504,0.126897426585203,"f"
6218,-1.20879856260735,20.8559772275134,0.126895784306162,"f"
6219,-1.20877344511972,20.8570066819769,0.126894138442247,"f"
6220,-1.20874763920311,20.8580363129716,0.126892489290188,"f"
6221,-1.20872107272756,20.8590659702284,0.126890837146714,"f"
6222,-1.20869367356314,20.8600955034781,0.126889182308555,"f"
6223,-1.2086653695799,20.8611247624514,0.126887525072439,"f"
6224,-1.20863608864789,20.8621535968793,0.126885865735097,"f"
6225,-1.20860575863717,20.8631818564926,0.126884204593256,"f"
6226,-1.2085743074178,20.864209391022,0.126882541943647,"f"
6227,-1.20854166285982,20.8652360501983,0.126880878082998,"f"
6228,-1.2085077528333,20.8662616837525,0.126879213308039,"f"
6229,-1.20847250520829,20.8672861414152,0.1268775479155,"f"
6230,-1.20843584785483,20.8683092729173,0.126875882202108,"f"
6231,-1.208397708643,20.8693309279897,0.126874216464594,"f"
6232,-1.20835801544284,20.870350956363,0.126872550999687,"f"
6233,-1.20831669612441,20.8713692077683,0.126870886104115,"f"
6234,-1.20827367855776,20.8723855319361,0.126869222074609,"f"
6235,-1.20822889061295,20.8733997785975,0.126867559207897,"f"
6236,-1.20818226016004,20.8744117974831,0.126865897800709,"f"
6237,-1.20813371506907,20.8754214383239,0.126864238149773,"f"
6238,-1.2080831832101,20.8764285508505,0.12686258055182,"f"
6239,-1.20803059245319,20.8774329847939,0.126860925303578,"f"
6240,-1.20797587365319,20.8784345937727,0.126859272695979,"f"
6241,-1.20791905326571,20.8794333559302,0.126857622834266,"f"
6242,-1.20786027125928,20.8804293972661,0.126855975603204,"f"
6243,-1.20779967420279,20.881422852377,0.126854330874736,"f"
6244,-1.20773740866516,20.88241385586,0.126852688520806,"f"
6245,-1.20767362121528,20.8834025423118,0.126851048413358,"f"
6246,-1.20760845842206,20.8843890463294,0.126849410424336,"f"
6247,-1.2075420668544,20.8853735025095,0.126847774425684,"f"
6248,-1.2074745930812,20.886356045449,0.126846140289345,"f"
6249,-1.20740618367137,20.8873368097448,0.126844507887263,"f"
6250,-1.2073369851938,20.8883159299937,0.126842877091382,"f"
6251,-1.20726714421741,20.8892935407927,0.126841247773646,"f"
6252,-1.2071968073111,20.8902697767384,0.126839619805999,"f"
6253,-1.20712612104376,20.8912447724279,0.126837993060384,"f"
6254,-1.20705523198431,20.892218662458,0.126836367408746,"f"
6255,-1.20698428670164,20.8931915814254,0.126834742723028,"f"
6256,-1.20691343176465,20.8941636639271,0.126833118875173,"f"
6257,-1.20684281374226,20.8951350445599,0.126831495737127,"f"
6258,-1.20677257920336,20.8961058579207,0.126829873180832,"f"
6259,-1.20670287471686,20.8970762386064,0.126828251078232,"f"
6260,-1.20663384685166,20.8980463212137,0.126826629301272,"f"
6261,-1.20656564217666,20.8990162403396,0.126825007721895,"f"
6262,-1.20649840726076,20.8999861305809,0.126823386212044,"f"
6263,-1.20643228867288,20.9009561265344,0.126821764643665,"f"
6264,-1.20636743298191,20.901926362797,0.1268201428887,"f"
6265,-1.20630398675675,20.9028969739656,0.126818520819093,"f"
6266,-1.20624209656631,20.903868094637,0.126816898306788,"f"
6267,-1.20618190897949,20.9048398594081,0.12681527522373,"f"
6268,-1.20612357056519,20.9058124028758,0.126813651441861,"f"
6269,-1.20606722789232,20.9067858596368,0.126812026833126,"f"
6270,-1.20601302752978,20.907760364288,0.126810401269468,"f"
6271,-1.20596109829705,20.9087360398649,0.12680877462929,"f"
6272,-1.2059114161916,20.9097129098584,0.126807146846592,"f"
6273,-1.2058638792235,20.9106909469607,0.12680551788375,"f"
6274,-1.20581838477885,20.9116701234574,0.126803887703368,"f"
6275,-1.20577483024381,20.9126504116343,0.126802256268048,"f"
6276,-1.2057331130045,20.913631783777,0.126800623540393,"f"
6277,-1.20569313044703,20.9146142121713,0.126798989483004,"f"
6278,-1.20565477995756,20.9155976691029,0.126797354058486,"f"
6279,-1.20561795892219,20.9165821268574,0.126795717229441,"f"
6280,-1.20558256472707,20.9175675577205,0.12679407895847,"f"
6281,-1.20554849475832,20.918553933978,0.126792439208178,"f"
6282,-1.20551564640207,20.9195412279155,0.126790797941166,"f"
6283,-1.20548391704444,20.9205294118187,0.126789155120038,"f"
6284,-1.20545320407157,20.9215184579734,0.126787510707396,"f"
6285,-1.20542340486959,20.9225083386652,0.126785864665843,"f"
6286,-1.20539441682462,20.9234990261798,0.126784216957981,"f"
6287,-1.20536613732279,20.9244904928029,0.126782567546413,"f"
6288,-1.20533846375024,20.9254827108202,0.126780916393742,"f"
6289,-1.20531129349309,20.9264756525174,0.12677926346257,"f"
6290,-1.20528452393746,20.9274692901802,0.126777608715501,"f"
6291,-1.2052580524695,20.9284635960943,0.126775952115136,"f"
6292,-1.20523177647532,20.9294585425455,0.126774293624079,"f"
6293,-1.20520559334106,20.9304541018193,0.126772633204932,"f"
6294,-1.20517940045284,20.9314502462014,0.126770970820298,"f"
6295,-1.2051530951968,20.9324469479777,0.12676930643278,"f"
6296,-1.20512657495905,20.9334441794337,0.12676764000498,"f"
6297,-1.20509973712574,20.9344419128552,0.1267659714995,"f"
6298,-1.20507247908299,20.9354401205279,0.126764300878945,"f"
6299,-1.20504469821693,20.9364387747375,0.126762628105915,"f"
6300,-1.20501629191368,20.9374378477696,0.126760953143015,"f"
6301,-1.20498715972989,20.9384373108757,0.126759275958996,"f"
6302,-1.20495726953319,20.939437102756,0.126757596716177,"f"
6303,-1.20492666961403,20.9404371237883,0.126755915804759,"f"
6304,-1.20489541287598,20.9414372721521,0.126754233628015,"f"
6305,-1.20486355222263,20.9424374460269,0.126752550589217,"f"
6306,-1.20483114055755,20.943437543592,0.12675086709164,"f"
6307,-1.20479823078433,20.9444374630272,0.126749183538557,"f"
6308,-1.20476487580654,20.9454371025117,0.12674750033324,"f"
6309,-1.20473112852777,20.9464363602252,0.126745817878962,"f"
6310,-1.20469704185158,20.947435134347,0.126744136578998,"f"
6311,-1.20466266868156,20.9484333230567,0.126742456836619,"f"
6312,-1.2046280619213,20.9494308245339,0.1267407790551,"f"
6313,-1.20459327447436,20.9504275369578,0.126739103637713,"f"
6314,-1.20455835924432,20.9514233585082,0.126737430987731,"f"
6315,-1.20452336913477,20.9524181873644,0.126735761508428,"f"
6316,-1.20448835704929,20.9534119217059,0.126734095603076,"f"
6317,-1.20445337589144,20.9544044597122,0.12673243367495,"f"
6318,-1.20441847856482,20.9553956995628,0.126730776127321,"f"
6319,-1.20438371797301,20.9563855394373,0.126729123363464,"f"
6320,-1.20434914701957,20.957373877515,0.126727475786651,"f"
6321,-1.20431481860808,20.9583606119756,0.126725833800156,"f"
6322,-1.20428078564214,20.9593456409983,0.126724197807251,"f"
6323,-1.20424710102532,20.9603288627629,0.12672256821121,"f"
6324,-1.20421381766118,20.9613101754487,0.126720945415305,"f"
6325,-1.20418098845333,20.9622894772352,0.126719329822811,"f"
6326,-1.20414866630532,20.9632666663019,0.126717721837,"f"
6327,-1.20411690412075,20.9642416408284,0.126716121861146,"f"
6328,-1.20408575480319,20.965214298994,0.126714530298521,"f"
6329,-1.20405527125622,20.9661845389784,0.126712947552398,"f"
6330,-1.20402550638342,20.9671522589609,0.126711374026051,"f"
6331,-1.20399651304091,20.9681173571953,0.126709810122206,"f"
6332,-1.20396830715293,20.9690797896581,0.126708255817185,"f"
6333,-1.20394080164419,20.9700396733101,0.126706709898122,"f"
6334,-1.20391389162405,20.9709971529564,0.126705170946457,"f"
6335,-1.20388747220188,20.9719523734024,0.126703637543636,"f"
6336,-1.20386143848703,20.9729054794533,0.126702108271099,"f"
6337,-1.20383568558887,20.9738566159142,0.126700581710289,"f"
6338,-1.20381010861677,20.9748059275906,0.12669905644265,"f"
6339,-1.20378460268007,20.9757535592877,0.126697531049624,"f"
6340,-1.20375906288814,20.9766996558107,0.126696004112653,"f"
6341,-1.20373338435035,20.9776443619649,0.12669447421318,"f"
6342,-1.20370746217605,20.9785878225555,0.126692939932648,"f"
6343,-1.20368119147461,20.9795301823878,0.1266913998525,"f"
6344,-1.20365446735538,20.9804715862671,0.126689852554178,"f"
6345,-1.20362718492773,20.9814121789986,0.126688296619125,"f"
6346,-1.20359923930103,20.9823521053876,0.126686730628783,"f"
6347,-1.20357052558462,20.9832915102393,0.126685153164596,"f"
6348,-1.20354093888788,20.9842305383591,0.126683562808005,"f"
6349,-1.20351037432016,20.9851693345521,0.126681958140454,"f"
6350,-1.20347872699082,20.9861080436236,0.126680337743385,"f"
6351,-1.20344589200924,20.987046810379,0.126678700198241,"f"
6352,-1.20341176448476,20.9879857796233,0.126677044086464,"f"
6353,-1.20337623952675,20.988925096162,0.126675367989497,"f"
6354,-1.20333921224457,20.9898649048002,0.126673670488784,"f"
6355,-1.20330057774758,20.9908053503433,0.126671950165765,"f"
6356,-1.20326023114515,20.9917465775965,0.126670205601885,"f"
6357,-1.20321806754663,20.9926887313649,0.126668435378586,"f"
6358,-1.20317398206139,20.993631956454,0.12666663807731,"f"
6359,-1.20312786979879,20.994576397669,0.1266648122795,"f"
6360,-1.20307962586818,20.9955221998151,0.126662956566599,"f"
6361,-1.20302914537894,20.9964695076976,0.12666106952005,"f"
6362,-1.20297632711452,20.9974184623099,0.126659149783557,"f"
6363,-1.20292118349561,20.9983690867488,0.12665719792655,"f"
6364,-1.20286385959539,20.9993212664866,0.126655216766423,"f"
6365,-1.20280450799276,21.0002748792084,0.126653209247763,"f"
6366,-1.20274328126662,21.0012298025992,0.126651178315156,"f"
6367,-1.20268033199589,21.0021859143443,0.126649126913189,"f"
6368,-1.20261581275945,21.0031430921288,0.126647057986449,"f"
6369,-1.20254987613622,21.0041012136378,0.126644974479524,"f"
6370,-1.20248267470509,21.0050601565564,0.126642879337,"f"
6371,-1.20241436104498,21.0060197985698,0.126640775503463,"f"
6372,-1.20234508773479,21.0069800173632,0.126638665923502,"f"
6373,-1.20227500735341,21.0079406906215,0.126636553541702,"f"
6374,-1.20220427247976,21.00890169603,0.126634441302652,"f"
6375,-1.20213303569273,21.0098629112738,0.126632332150937,"f"
6376,-1.20206144957124,21.0108242140381,0.126630229031145,"f"
6377,-1.20198966669417,21.0117854820079,0.126628134887862,"f"
6378,-1.20191783964045,21.0127465928684,0.126626052665676,"f"
6379,-1.20184612098896,21.0137074243048,0.126623985309173,"f"
6380,-1.20177466331862,21.0146678540021,0.12662193576294,"f"
6381,-1.20170361920833,21.0156277596455,0.126619906971565,"f"
6382,-1.20163314123698,21.0165870189202,0.126617901879634,"f"
6383,-1.20156338198349,21.0175455095112,0.126615923431734,"f"
6384,-1.20149449402676,21.0185031091037,0.126613974572452,"f"
6385,-1.2014266299457,21.0194596953829,0.126612058246375,"f"
6386,-1.20135994231919,21.0204151460338,0.12661017739809,"f"
6387,-1.20129458372616,21.0213693387416,0.126608334972184,"f"
6388,-1.2012307067455,21.0223221511914,0.126606533913244,"f"
6389,-1.20116846395611,21.0232734610684,0.126604777165856,"f"
6390,-1.2011080079369,21.0242231460577,0.126603067674608,"f"
6391,-1.20104949126678,21.0251710838445,0.126601408384087,"f"
6392,-1.20099306645136,21.0261171521712,0.12659980223669,"f"
6393,-1.20093883286689,21.0270612704318,0.12659825058858,"f"
6394,-1.20088674310599,21.0280034730928,0.126596750413518,"f"
6395,-1.20083672462555,21.0289438143258,0.126595297934814,"f"
6396,-1.20078870488251,21.0298823483027,0.126593889375775,"f"
6397,-1.20074261133379,21.0308191291953,0.126592520959711,"f"
6398,-1.20069837143629,21.0317542111752,0.126591188909929,"f"
6399,-1.20065591264693,21.0326876484144,0.126589889449739,"f"
6400,-1.20061516242264,21.0336194950846,0.126588618802447,"f"
6401,-1.20057604822033,21.0345498053575,0.126587373191364,"f"
6402,-1.20053849749691,21.035478633405,0.126586148839797,"f"
6403,-1.20050243770931,21.0364060333988,0.126584941971055,"f"
6404,-1.20046779631444,21.0373320595107,0.126583748808446,"f"
6405,-1.20043450076922,21.0382567659125,0.126582565575279,"f"
6406,-1.20040247853056,21.039180206776,0.126581388494862,"f"
6407,-1.20037165705539,21.0401024362729,0.126580213790503,"f"
6408,-1.20034196380062,21.041023508575,0.126579037685511,"f"
6409,-1.20031332622317,21.0419434778542,0.126577856403194,"f"
6410,-1.20028567177995,21.0428623982821,0.126576666166861,"f"
6411,-1.20025892792789,21.0437803240306,0.12657546319982,"f"
6412,-1.20023302212389,21.0446973092715,0.126574243725379,"f"
6413,-1.20020788182488,21.0456134081765,0.126573003966848,"f"
6414,-1.20018343448778,21.0465286749174,0.126571740147534,"f"
6415,-1.20015960756949,21.047443163666,0.126570448490745,"f"
6416,-1.20013632852695,21.0483569285941,0.126569125219791,"f"
6417,-1.20011352481706,21.0492700238734,0.126567766557979,"f"
6418,-1.20009112389674,21.0501825036757,0.126566368728619,"f"
6419,-1.20006905322292,21.0510944221729,0.126564927955018,"f"
6420,-1.2000472402525,21.0520058335366,0.126563440460484,"f"
6421,-1.2000256124424,21.0529167919387,0.126561902468327,"f"
6422,-1.20000409724955,21.053827351551,0.126560310201855,"f"
6423,-1.1999826220531,21.0547375659443,0.126558660543253,"f"
6424,-1.19996111367429,21.0556474843778,0.126556955102149,"f"
6425,-1.19993949869071,21.0565571542278,0.126555197552683,"f"
6426,-1.19991770367892,21.0574666228626,0.126553391577624,"f"
6427,-1.19989565521551,21.0583759376508,0.126551540859741,"f"
6428,-1.19987327987705,21.0592851459606,0.126549649081801,"f"
6429,-1.1998505042401,21.0601942951606,0.126547719926573,"f"
6430,-1.19982725488124,21.0611034326191,0.126545757076826,"f"
6431,-1.19980345837704,21.0620126057044,0.126543764215328,"f"
6432,-1.19977904130407,21.0629218617851,0.126541745024849,"f"
6433,-1.1997539302389,21.0638312482295,0.126539703188156,"f"
6434,-1.19972805175811,21.0647408124061,0.126537642388017,"f"
6435,-1.19970133243827,21.0656506016832,0.126535566307203,"f"
6436,-1.19967369885594,21.0665606634292,0.12653347862848,"f"
6437,-1.19964507758771,21.0674710450125,0.126531383034618,"f"
6438,-1.19961539521014,21.0683817938016,0.126529283208384,"f"
6439,-1.1995845782998,21.0692929571648,0.126527182832549,"f"
6440,-1.19955255343327,21.0702045824706,0.12652508558988,"f"
6441,-1.19951924718712,21.0711167170874,0.126522995163145,"f"
6442,-1.19948458613792,21.0720294083835,0.126520915235113,"f"
6443,-1.19944849686224,21.0729427037274,0.126518849488553,"f"
6444,-1.19941090593666,21.0738566504874,0.126516801606234,"f"
6445,-1.19937173993774,21.0747712960321,0.126514775270923,"f"
6446,-1.19933092544205,21.0756866877297,0.12651277416539,"f"
6447,-1.19928838902618,21.0766028729487,0.126510801972402,"f"
6448,-1.19924405726669,21.0775198990574,0.126508862374729,"f"
6449,-1.19919785674014,21.0784378134244,0.126506959055138,"f"
6450,-1.19914971402313,21.079356663418,0.1265050956964,"f"
6451,-1.19909955569221,21.0802764964066,0.126503275981281,"f"
6452,-1.19904730832396,21.0811973597585,0.12650150359255,"f"
6453,-1.19899289857357,21.0821193007896,0.126499782210673,"f"
6454,-1.19893630630807,21.0830423311509,0.126498113956718,"f"
6455,-1.19887765702958,21.0839663648827,0.126496496683861,"f"
6456,-1.19881710093052,21.0848912994772,0.126494927521714,"f"
6457,-1.19875478820336,21.0858170324264,0.126493403599892,"f"
6458,-1.19869086904054,21.0867434612224,0.126491922048009,"f"
6459,-1.19862549363451,21.0876704833571,0.126490479995677,"f"
6460,-1.19855881217771,21.0885979963227,0.126489074572511,"f"
6461,-1.1984909748626,21.0895258976112,0.126487702908124,"f"
6462,-1.19842213188162,21.0904540847147,0.126486362132131,"f"
6463,-1.19835243342722,21.0913824551251,0.126485049374144,"f"
6464,-1.19828202969185,21.0923109063346,0.126483761763779,"f"
6465,-1.19821107086796,21.0932393358352,0.126482496430647,"f"
6466,-1.19813970714799,21.0941676411188,0.126481250504363,"f"
6467,-1.19806808872439,21.0950957196777,0.126480021114541,"f"
6468,-1.19799636578961,21.0960234690038,0.126478805390795,"f"
6469,-1.19792468853611,21.0969507865891,0.126477600462737,"f"
6470,-1.19785320715632,21.0978775699257,0.126476403459982,"f"
6471,-1.19778207184269,21.0988037165057,0.126475211512144,"f"
6472,-1.19771143278768,21.0997291238211,0.126474021748837,"f"
6473,-1.19764144018372,21.1006536893639,0.126472831299673,"f"
6474,-1.19757224422328,21.1015773106263,0.126471637294266,"f"
6475,-1.1975039950988,21.1024998851001,0.126470436862232,"f"
6476,-1.19743684300271,21.1034213102776,0.126469227133182,"f"
6477,-1.19737093812749,21.1043414836506,0.126468005236731,"f"
6478,-1.19730643066556,21.1052603027114,0.126466768302492,"f"
6479,-1.19724347080938,21.1061776649519,0.12646551346008,"f"
6480,-1.1971822087514,21.1070934678641,0.126464237839108,"f"
6481,-1.19712279468407,21.1080076089402,0.126462938569189,"f"
6482,-1.19706537879983,21.1089199856721,0.126461612779938,"f"
6483,-1.19701011129112,21.1098304955519,0.126460257600968,"f"
6484,-1.19695712043509,21.1107390519657,0.126458870549485,"f"
6485,-1.19690637888713,21.111645681163,0.126457451895014,"f"
6486,-1.19685779196066,21.1125504582328,0.126456003098082,"f"
6487,-1.19681126469977,21.1134534584595,0.126454525623982,"f"
6488,-1.19676670214855,21.1143547571275,0.126453020938006,"f"
6489,-1.19672400935109,21.1152544295211,0.126451490505447,"f"
6490,-1.1966830913515,21.1161525509245,0.126449935791597,"f"
6491,-1.19664385319385,21.1170491966222,0.126448358261749,"f"
6492,-1.19660619992224,21.1179444418984,0.126446759381194,"f"
6493,-1.19657003658077,21.1188383620376,0.126445140615225,"f"
6494,-1.19653526821352,21.119731032324,0.126443503429134,"f"
6495,-1.19650179986458,21.1206225280419,0.126441849288214,"f"
6496,-1.19646953657805,21.1215129244757,0.126440179657758,"f"
6497,-1.19643838339802,21.1224022969098,0.126438496003056,"f"
6498,-1.19640824536859,21.1232907206285,0.126436799789402,"f"
6499,-1.19637902753383,21.124178270916,0.126435092482088,"f"
6500,-1.19635063493785,21.1250650230568,0.126433375546407,"f"
6501,-1.19632297262474,21.1259510523351,0.12643165044765,"f"
6502,-1.19629594563858,21.1268364340354,0.12642991865111,"f"
6503,-1.19626945902347,21.1277212434419,0.12642818162208,"f"
6504,-1.19624341782351,21.1286055558389,0.126426440825851,"f"
6505,-1.19621772708278,21.1294894465109,0.126424697727716,"f"
6506,-1.19619229184537,21.1303729907421,0.126422953792968,"f"
6507,-1.19616701715538,21.1312562638168,0.126421210486898,"f"
6508,-1.1961418080569,21.1321393410195,0.126419469274799,"f"
6509,-1.19611656959402,21.1330222976344,0.126417731621963,"f"
6510,-1.19609120681084,21.1339052089459,0.126415998993684,"f"
6511,-1.19606562475143,21.1347881502383,0.126414272855252,"f"
6512,-1.1960397284599,21.1356711967959,0.12641255467196,"f"
6513,-1.19601342298034,21.136554423903,0.126410845909101,"f"
6514,-1.19598661564629,21.1374379042734,0.12640914798774,"f"
6515,-1.19595926726102,21.1383216505812,0.126407461296022,"f"
6516,-1.1959313925528,21.1392056149503,0.126405785180376,"f"
6517,-1.19590300863037,21.1400897468315,0.126404118941249,"f"
6518,-1.19587413260252,21.1409739956757,0.126402461879083,"f"
6519,-1.195844781578,21.1418583109338,0.126400813294323,"f"
6520,-1.19581497266558,21.1427426420564,0.126399172487413,"f"
6521,-1.19578472297403,21.1436269384946,0.126397538758798,"f"
6522,-1.1957540496121,21.1445111496991,0.126395911408922,"f"
6523,-1.19572296968856,21.1453952251208,0.126394289738228,"f"
6524,-1.19569150031218,21.1462791142105,0.126392673047162,"f"
6525,-1.19565965859172,21.1471627664191,0.126391060636167,"f"
6526,-1.19562746163595,21.1480461311973,0.126389451805688,"f"
6527,-1.19559492655362,21.1489291579961,0.126387845856168,"f"
6528,-1.19556207045351,21.1498117962663,0.126386242088053,"f"
6529,-1.19552891044437,21.1506939954587,0.126384639801786,"f"
6530,-1.19549546363498,21.1515757050242,0.126383038297812,"f"
6531,-1.19546174713409,21.1524568744135,0.126381436876575,"f"
6532,-1.19542777805048,21.1533374530777,0.126379834838519,"f"
6533,-1.19539357349289,21.1542173904673,0.126378231484088,"f"
6534,-1.19535915057011,21.1550966360335,0.126376626113727,"f"
6535,-1.19532452639089,21.1559751392269,0.126375018027879,"f"
6536,-1.195289718064,21.1568528494984,0.12637340652699,"f"
6537,-1.1952547426982,21.1577297162988,0.126371790911503,"f"
6538,-1.19521961740226,21.158605689079,0.126370170481863,"f"
6539,-1.19518435928494,21.1594807172899,0.126368544538513,"f"
6540,-1.195148985455,21.1603547503822,0.126366912381899,"f"
6541,-1.19511351302122,21.1612277378069,0.126365273312464,"f"
6542,-1.19507795909234,21.1620996290147,0.126363626630652,"f"
6543,-1.19504234077715,21.1629703734565,0.126361971636908,"f"
6544,-1.1950066751844,21.1638399205831,0.126360307631677,"f"
6545,-1.19497097971123,21.1647082291607,0.126358634079529,"f"
6546,-1.19493527378153,21.1655753234235,0.126356951598528,"f"
6547,-1.19489957768821,21.1664412556769,0.126355261301332,"f"
6548,-1.19486391172749,21.1673060783339,0.12635356430249,"f"
6549,-1.1948282961956,21.1681698438073,0.126351861716549,"f"
6550,-1.19479275138877,21.1690326045101,0.126350154658058,"f"
6551,-1.19475729760323,21.169894412855,0.126348444241566,"f"
6552,-1.19472195513521,21.170755321255,0.126346731581621,"f"
6553,-1.19468674428093,21.171615382123,0.126345017792772,"f"
6554,-1.19465168533663,21.1724746478718,0.126343303989568,"f"
6555,-1.19461679859854,21.1733331709143,0.126341591286556,"f"
6556,-1.19458210436288,21.1741910036635,0.126339880798286,"f"
6557,-1.19454762292588,21.1750481985321,0.126338173639305,"f"
6558,-1.19451337458377,21.175904807933,0.126336470924163,"f"
6559,-1.19447937963278,21.1767608842792,0.126334773767409,"f"
6560,-1.19444565836913,21.1776164799836,0.12633308328359,"f"
6561,-1.19441223108907,21.1784716474589,0.126331400587254,"f"
6562,-1.19437911808881,21.1793264391181,0.126329726792952,"f"
6563,-1.19434633966459,21.180180907374,0.126328063015231,"f"
6564,-1.19431391611263,21.1810351046396,0.126326410368639,"f"
6565,-1.19428186772916,21.1818890833277,0.126324769967726,"f"
6566,-1.19425021481041,21.1827428958512,0.126323142927039,"f"
6567,-1.19421897765261,21.1835965946229,0.126321530361128,"f"
6568,-1.19418817655199,21.1844502320558,0.126319933384541,"f"
6569,-1.19415783180478,21.1853038605628,0.126318353111826,"f"
6570,-1.19412796370721,21.1861575325567,0.126316790657532,"f"
6571,-1.1940985925555,21.1870113004503,0.126315247136207,"f"
6572,-1.19406973864588,21.1878652166567,0.126313723662401,"f"
6573,-1.19404142227459,21.1887193335886,0.12631222135066,"f"
6574,-1.19401366373784,21.1895737036589,0.126310741315535,"f"
6575,-1.1939864809067,21.1904283779036,0.126309284617603,"f"
6576,-1.19395983587297,21.1912833756901,0.126307851076112,"f"
6577,-1.19393363494926,21.1921386847168,0.126306439268979,"f"
6578,-1.19390778202298,21.1929942913056,0.126305047720153,"f"
6579,-1.19388218098154,21.1938501817781,0.12630367495358,"f"
6580,-1.19385673571236,21.194706342456,0.126302319493209,"f"
6581,-1.19383135010286,21.195562759661,0.126300979862987,"f"
6582,-1.19380592804044,21.1964194197149,0.12629965458686,"f"
6583,-1.19378037341253,21.1972763089393,0.126298342188777,"f"
6584,-1.19375459010653,21.198133413656,0.126297041192685,"f"
6585,-1.19372848200987,21.1989907201865,0.126295750122531,"f"
6586,-1.19370195300995,21.1998482148528,0.126294467502263,"f"
6587,-1.19367490699419,21.2007058839764,0.126293191855828,"f"
6588,-1.19364724785,21.201563713879,0.126291921707174,"f"
6589,-1.19361887946481,21.2024216908824,0.126290655580247,"f"
6590,-1.19358970572601,21.2032798013083,0.126289391998996,"f"
6591,-1.19355963052104,21.2041380314783,0.126288129487368,"f"
6592,-1.19352855773729,21.2049963677142,0.126286866569309,"f"
6593,-1.1934963912622,21.2058547963377,0.126285601768769,"f"
6594,-1.19346303498316,21.2067133036705,0.126284333609693,"f"
6595,-1.1934283927876,21.2075718760342,0.12628306061603,"f"
6596,-1.19339236856292,21.2084304997506,0.126281781311726,"f"
6597,-1.19335486619655,21.2092891611415,0.12628049422073,"f"
6598,-1.1933157895759,21.2101478465284,0.126279197866989,"f"
6599,-1.19327504258838,21.2110065422331,0.126277890774449,"f"
6600,-1.19323252912141,21.2118652345774,0.12627657146706,"f"
6601,-1.1931881530624,21.2127239098828,0.126275238468767,"f"
6602,-1.19314181829876,21.2135825544712,0.126273890303518,"f"
6603,-1.19309342871792,21.2144411546642,0.126272525495261,"f"
6604,-1.19304288820727,21.2152996967835,0.126271142567943,"f"
6605,-1.19299010091392,21.2161581671005,0.126269740047704,"f"
6606,-1.19293503889533,21.2170165387403,0.126268317034028,"f"
6607,-1.19287783258941,21.2178747541678,0.126266873963547,"f"
6608,-1.19281863496967,21.2187327514852,0.126265411463158,"f"
6609,-1.19275759900963,21.2195904687948,0.126263930159755,"f"
6610,-1.19269487768281,21.220447844199,0.126262430680232,"f"
6611,-1.19263062396273,21.2213048158002,0.126260913651483,"f"
6612,-1.19256499082289,21.2221613217005,0.126259379700404,"f"
6613,-1.19249813123683,21.2230173000024,0.126257829453889,"f"
6614,-1.19243019817805,21.2238726888082,0.126256263538832,"f"
6615,-1.19236134462008,21.2247274262201,0.126254682582127,"f"
6616,-1.19229172353643,21.2255814503405,0.126253087210671,"f"
6617,-1.19222148790063,21.2264346992717,0.126251478051356,"f"
6618,-1.19215079068618,21.2272871111161,0.126249855731078,"f"
6619,-1.1920797848666,21.2281386239759,0.126248220876731,"f"
6620,-1.19200862341542,21.2289891759534,0.12624657411521,"f"
6621,-1.19193745930615,21.2298387051511,0.126244916073409,"f"
6622,-1.1918664455123,21.2306871496711,0.126243247378222,"f"
6623,-1.1917957350074,21.2315344476159,0.126241568656545,"f"
6624,-1.19172548076496,21.2323805370877,0.126239880535272,"f"
6625,-1.19165583575851,21.2332253561889,0.126238183641297,"f"
6626,-1.19158695296155,21.2340688430217,0.126236478601515,"f"
6627,-1.1915189853476,21.2349109356886,0.126234766042821,"f"
6628,-1.19145208589019,21.2357515722917,0.126233046592109,"f"
6629,-1.19138640756283,21.2365906909335,0.126231320876273,"f"
6630,-1.19132210333904,21.2374282297163,0.126229589522208,"f"
6631,-1.19125932619233,21.2382641267423,0.12622785315681,"f"
6632,-1.19119822909623,21.2390983201139,0.126226112406971,"f"
6633,-1.19113896502424,21.2399307479333,0.126224367899587,"f"
6634,-1.19108168694989,21.2407613483031,0.126222620261553,"f"
6635,-1.1910265478467,21.2415900593253,0.126220870119762,"f"
6636,-1.19097369521779,21.2424168242857,0.126219118105285,"f"
6637,-1.1909231526468,21.2432417038864,0.126217364943773,"f"
6638,-1.19087482084408,21.2440648752542,0.126215611454658,"f"
6639,-1.1908285952588,21.2448865205015,0.12621385846139,"f"
6640,-1.19078437134016,21.2457068217403,0.126212106787417,"f"
6641,-1.19074204453735,21.2465259610829,0.126210357256189,"f"
6642,-1.19070151029956,21.2473441206412,0.126208610691153,"f"
6643,-1.19066266407598,21.2481614825276,0.126206867915759,"f"
6644,-1.19062540131579,21.2489782288541,0.126205129753456,"f"
6645,-1.19058961746818,21.2497945417329,0.126203397027692,"f"
6646,-1.19055520798235,21.2506106032761,0.126201670561917,"f"
6647,-1.19052206830748,21.2514265955958,0.126199951179579,"f"
6648,-1.19049009389277,21.2522427008043,0.126198239704126,"f"
6649,-1.1904591801874,21.2530591010136,0.126196536959009,"f"
6650,-1.19042922264055,21.2538759783359,0.126194843767675,"f"
6651,-1.19040011670143,21.2546935148833,0.126193160953573,"f"
6652,-1.19037175781921,21.255511892768,0.126191489340152,"f"
6653,-1.19034404144309,21.2563312941021,0.126189829750862,"f"
6654,-1.19031686302226,21.2571519009979,0.12618818300915,"f"
6655,-1.19029011800591,21.2579738955673,0.126186549938465,"f"
6656,-1.19026370184322,21.2587974599226,0.126184931362258,"f"
6657,-1.19023750998338,21.2596227761759,0.126183328103975,"f"
6658,-1.19021143787559,21.2604500264393,0.126181740987067,"f"
6659,-1.19018538096903,21.261279392825,0.126180170834981,"f"
6660,-1.19015923471289,21.2621110574452,0.126178618471167,"f"
6661,-1.19013289455636,21.2629452024119,0.126177084719074,"f"
6662,-1.19010625594863,21.2637820098373,0.12617557040215,"f"
6663,-1.19007921433889,21.2646216618337,0.126174076343844,"f"
6664,-1.19005166517632,21.265464340513,0.126172603367605,"f"
6665,-1.19002350391013,21.2663102279875,0.126171152296882,"f"
6666,-1.18999462616374,21.2671595058364,0.126169723952407,"f"
6667,-1.18996497112991,21.2680122223956,0.126168318475567,"f"
6668,-1.18993457868645,21.2688681180868,0.126166934437843,"f"
6669,-1.18990350289009,21.2697268899701,0.126165570189634,"f"
6670,-1.18987179779753,21.2705882351052,0.126164224081341,"f"
6671,-1.1898395174655,21.2714518505521,0.126162894463361,"f"
6672,-1.18980671595071,21.2723174333707,0.126161579686095,"f"
6673,-1.18977344730988,21.2731846806208,0.126160278099942,"f"
6674,-1.18973976559972,21.2740532893625,0.126158988055301,"f"
6675,-1.18970572487696,21.2749229566556,0.126157707902571,"f"
6676,-1.1896713791983,21.27579337956,0.126156435992153,"f"
6677,-1.18963678262047,21.2766642551356,0.126155170674445,"f"
6678,-1.18960198920019,21.2775352804424,0.126153910299847,"f"
6679,-1.18956705299417,21.2784061525402,0.126152653218758,"f"
6680,-1.18953202805912,21.2792765684889,0.126151397781578,"f"
6681,-1.18949696845177,21.2801462253485,0.126150142338705,"f"
6682,-1.18946192822882,21.2810148201789,0.12614888524054,"f"
6683,-1.18942696144701,21.2818820500399,0.126147624837481,"f"
6684,-1.18939212216305,21.2827476119916,0.126146359479928,"f"
6685,-1.18935746443364,21.2836112030937,0.126145087518281,"f"
6686,-1.18932304231551,21.2844725204062,0.126143807302938,"f"
6687,-1.18928890986539,21.285331260989,0.1261425171843,"f"
6688,-1.18925512113997,21.286187121902,0.126141215512765,"f"
6689,-1.18922173019598,21.2870398002052,0.126139900638733,"f"
6690,-1.18918879109015,21.2878889929583,0.126138570912603,"f"
6691,-1.18915635787917,21.2887343972214,0.126137224684775,"f"
6692,-1.18912448461978,21.2895757100544,0.126135860305647,"f"
6693,-1.18909322536869,21.2904126285171,0.126134476125621,"f"
6694,-1.18906263418261,21.2912448496695,0.126133070495093,"f"
6695,-1.18903276511826,21.2920720705714,0.126131641764465,"f"
6696,-1.18900367223236,21.2928939882828,0.126130188284136,"f"
6697,-1.18897539174997,21.2937103687803,0.12612870876166,"f"
6698,-1.18894785471674,21.2945213845434,0.126127204011264,"f"
6699,-1.18892095374813,21.2953273565786,0.126125675616905,"f"
6700,-1.18889458140279,21.2961286061119,0.126124125163675,"f"
6701,-1.18886863023939,21.2969254543694,0.126122554236671,"f"
6702,-1.18884299281658,21.297718222577,0.126120964420985,"f"
6703,-1.18881756169302,21.2985072319608,0.126119357301712,"f"
6704,-1.18879222942738,21.2992928037469,0.126117734463946,"f"
6705,-1.18876688857831,21.3000752591611,0.126116097492781,"f"
6706,-1.18874143170447,21.3008549194295,0.126114447973311,"f"
6707,-1.18871575136453,21.3016321057783,0.12611278749063,"f"
6708,-1.18868974011715,21.3024071394332,0.126111117629832,"f"
6709,-1.18866329052098,21.3031803416205,0.126109439976012,"f"
6710,-1.18863629513469,21.3039520335661,0.126107756114263,"f"
6711,-1.18860864651693,21.304722536496,0.126106067629679,"f"
6712,-1.18858023722637,21.3054921716362,0.126104376107355,"f"
6713,-1.18855095982167,21.3062612602128,0.126102683132385,"f"
6714,-1.18852070686148,21.3070301234517,0.126100990289863,"f"
6715,-1.18848937090448,21.3077990825791,0.126099299164882,"f"
6716,-1.18845684450931,21.3085684588208,0.126097611342537,"f"
6717,-1.18842302023463,21.309338573403,0.126095928407922,"f"
6718,-1.18838779063912,21.3101097475516,0.126094251946132,"f"
6719,-1.18835104828142,21.3108823024927,0.126092583542259,"f"
6720,-1.18831268572021,21.3116565594522,0.126090924781399,"f"
6721,-1.18827259551413,21.3124328396562,0.126089277248645,"f"
6722,-1.18823067022185,21.3132114643308,0.126087642529092,"f"
6723,-1.18818680240203,21.3139927547018,0.126086022207833,"f"
6724,-1.18814088461334,21.3147770319954,0.126084417869962,"f"
6725,-1.18809280941442,21.3155646174376,0.126082831100575,"f"
6726,-1.18804246936394,21.3163558322543,0.126081263484764,"f"
6727,-1.18798975733189,21.3171509970312,0.126079716604934,"f"
6728,-1.18793464067611,21.3179502791112,0.126078191399959,"f"
6729,-1.18787725732118,21.3187534949336,0.126076687335111,"f"
6730,-1.18781776896409,21.3195604120311,0.126075203670287,"f"
6731,-1.18775633730179,21.3203707979364,0.126073739665381,"f"
6732,-1.18769312403127,21.3211844201823,0.126072294580289,"f"
6733,-1.18762829084949,21.3220010463016,0.126070867674906,"f"
6734,-1.18756199945341,21.3228204438269,0.126069458209127,"f"
6735,-1.18749441154002,21.3236423802911,0.126068065442846,"f"
6736,-1.18742568880626,21.3244666232268,0.126066688635959,"f"
6737,-1.18735599294913,21.3252929401668,0.126065327048361,"f"
6738,-1.18728548566558,21.3261210986438,0.126063979939947,"f"
6739,-1.18721432865259,21.3269508661906,0.126062646570612,"f"
6740,-1.18714268360712,21.32778201034,0.126061326200252,"f"
6741,-1.18707071222614,21.3286142986247,0.12606001808876,"f"
6742,-1.18699857620662,21.3294474985773,0.126058721496034,"f"
6743,-1.18692643724553,21.3302813777307,0.126057435681966,"f"
6744,-1.18685445703985,21.3311157036176,0.126056159906453,"f"
6745,-1.18678279728653,21.3319502437708,0.12605489342939,"f"
6746,-1.18671161968255,21.3327847657229,0.126053635510671,"f"
6747,-1.18664108592488,21.3336190370068,0.126052385410192,"f"
6748,-1.18657135771048,21.3344528251551,0.126051142387848,"f"
6749,-1.18650259673633,21.3352858977007,0.126049905703534,"f"
6750,-1.1864349646994,21.3361180221762,0.126048674617145,"f"
6751,-1.18636862329665,21.3369489661144,0.126047448388576,"f"
6752,-1.18630373422505,21.337778497048,0.126046226277722,"f"
6753,-1.18624045918157,21.3386063825099,0.126045007544479,"f"
6754,-1.18617895986319,21.3394323900326,0.126043791448741,"f"
6755,-1.18611939796686,21.340256287149,0.126042577250403,"f"
6756,-1.18606193518957,21.3410778413919,0.12604136420936,"f"
6757,-1.18600673322827,21.3418968202939,0.126040151585508,"f"
6758,-1.18595392384253,21.3427130300325,0.126038938648163,"f"
6759,-1.18590346396792,21.3435265024576,0.126037724721652,"f"
6760,-1.18585524726121,21.3443373511022,0.126036509150218,"f"
6761,-1.18580916729191,21.3451456896124,0.126035291278129,"f"
6762,-1.18576511762953,21.345951631634,0.126034070449654,"f"
6763,-1.18572299184356,21.3467552908131,0.126032846009061,"f"
6764,-1.18568268350352,21.3475567807955,0.12603161730062,"f"
6765,-1.1856440861789,21.3483562152272,0.126030383668598,"f"
6766,-1.1856070934392,21.349153707754,0.126029144457266,"f"
6767,-1.18557159885393,21.349949372022,0.12602789901089,"f"
6768,-1.1855374959926,21.3507433216771,0.126026646673741,"f"
6769,-1.1855046784247,21.3515356703651,0.126025386790086,"f"
6770,-1.18547303971974,21.3523265317321,0.126024118704195,"f"
6771,-1.18544247344722,21.3531160194239,0.126022841760336,"f"
6772,-1.18541287317665,21.3539042470865,0.126021555302778,"f"
6773,-1.18538413247752,21.3546913283659,0.12602025867579,"f"
6774,-1.18535614491935,21.3554773769079,0.12601895122364,"f"
6775,-1.18532880407163,21.3562625063585,0.126017632290597,"f"
6776,-1.18530200350387,21.3570468303636,0.12601630122093,"f"
6777,-1.18527563678557,21.3578304625691,0.126014957358907,"f"
6778,-1.18524959748624,21.358613516621,0.126013600048798,"f"
6779,-1.18522377917537,21.3593961061652,0.126012228634871,"f"
6780,-1.18519807542247,21.3601783448477,0.126010842461394,"f"
6781,-1.18517237979705,21.3609603463144,0.126009440872637,"f"
6782,-1.1851465858686,21.3617422242111,0.126008023212867,"f"
6783,-1.18512058720664,21.3625240921839,0.126006588826355,"f"
6784,-1.18509427738065,21.3633060638786,0.126005137057368,"f"
6785,-1.18506754996016,21.3640882529413,0.126003667250175,"f"
6786,-1.18504029851465,21.3648707730178,0.126002178749046,"f"
6787,-1.18501241661363,21.365653737754,0.126000670898248,"f"
6788,-1.18498380241603,21.3664372555185,0.125999143099806,"f"
6789,-1.18495443519176,21.367221341409,0.125997595776505,"f"
6790,-1.18492436369483,21.3680059306224,0.125996030225562,"f"
6791,-1.18489363892574,21.3687909557725,0.125994447772469,"f"
6792,-1.18486231188502,21.3695763494727,0.125992849742717,"f"
6793,-1.1848304335732,21.3703620443369,0.125991237461797,"f"
6794,-1.18479805499079,21.3711479729786,0.1259896122552,"f"
6795,-1.18476522713834,21.3719340680114,0.125987975448416,"f"
6796,-1.18473200101636,21.3727202620491,0.125986328366938,"f"
6797,-1.18469842762537,21.3735064877052,0.125984672336256,"f"
6798,-1.1846645579659,21.3742926775934,0.125983008681861,"f"
6799,-1.18463044303848,21.3750787643274,0.125981338729244,"f"
6800,-1.18459613384363,21.3758646805207,0.125979663803897,"f"
6801,-1.18456168138187,21.376650358787,0.12597798523131,"f"
6802,-1.18452713665373,21.37743573174,0.125976304336974,"f"
6803,-1.18449255065974,21.3782207319933,0.125974622446381,"f"
6804,-1.18445797440041,21.3790052921606,0.125972940885021,"f"
6805,-1.18442345887628,21.3797893448554,0.125971260978386,"f"
6806,-1.18438905508786,21.3805728226914,0.125969584051966,"f"
6807,-1.18435481403569,21.3813556582823,0.125967911431253,"f"
6808,-1.18432078672029,21.3821377842418,0.125966244441738,"f"
6809,-1.18428702414218,21.3829191331833,0.125964584408911,"f"
6810,-1.18425357730189,21.3836996377207,0.125962932658264,"f"
6811,-1.18422049719994,21.3844792304675,0.125961290515288,"f"
6812,-1.18418783483685,21.3852578440374,0.125959659305474,"f"
6813,-1.18415564121316,21.386035411044,0.125958040354313,"f"
6814,-1.18412396732938,21.386811864101,0.125956434987296,"f"
6815,-1.18409286418605,21.3875871358219,0.125954844529914,"f"
6816,-1.18406238278368,21.3883611588205,0.125953270307658,"f"
6817,-1.1840325741228,21.3891338657104,0.125951713646019,"f"
6818,-1.18400348920394,21.3899051891052,0.125950175870489,"f"
6819,-1.18397516131962,21.3906750768917,0.12594865808135,"f"
6820,-1.18394752138353,21.3914435652584,0.125947160076845,"f"
6821,-1.18392046360002,21.3922107220554,0.125945681188355,"f"
6822,-1.18389388212628,21.3929766151737,0.125944220746658,"f"
6823,-1.1838676711195,21.393741312504,0.125942778082534,"f"
6824,-1.18384172473684,21.3945048819375,0.125941352526761,"f"
6825,-1.18381593713551,21.3952673913648,0.12593994341012,"f"
6826,-1.18379020247268,21.396028908677,0.125938550063389,"f"
6827,-1.18376441490554,21.3967895017648,0.125937171817347,"f"
6828,-1.18373846859126,21.3975492385193,0.125935808002775,"f"
6829,-1.18371225768704,21.3983081868313,0.125934457950451,"f"
6830,-1.18368567635006,21.3990664145917,0.125933120991154,"f"
6831,-1.18365861873749,21.3998239896913,0.125931796455664,"f"
6832,-1.18363097900654,21.4005809800212,0.125930483674761,"f"
6833,-1.18360265131437,21.4013374534721,0.125929181979222,"f"
6834,-1.18357352981817,21.4020934779349,0.125927890699829,"f"
6835,-1.18354350867513,21.4028491213007,0.125926609167359,"f"
6836,-1.18351248204243,21.4036044514602,0.125925336712593,"f"
6837,-1.18348034407725,21.4043595363043,0.125924072666309,"f"
6838,-1.18344698893678,21.405114443724,0.125922816359287,"f"
6839,-1.1834123107782,21.4058692416101,0.125921567122306,"f"
6840,-1.18337620375869,21.4066239978536,0.125920324286145,"f"
6841,-1.18333856203545,21.4073787803452,0.125919087181584,"f"
6842,-1.18329927976564,21.408133656976,0.125917855139402,"f"
6843,-1.18325825110646,21.4088886956368,0.125916627490378,"f"
6844,-1.18321537021509,21.4096439642185,0.125915403565292,"f"
6845,-1.18317053124871,21.410399530612,0.125914182694922,"f"
6846,-1.18312362836451,21.4111554627082,0.125912964210049,"f"
6847,-1.18307455571966,21.411911828398,0.125911747441451,"f"
6848,-1.18302320747136,21.4126686955722,0.125910531719907,"f"
6849,-1.18296948564174,21.4134261286048,0.125909316375634,"f"
6850,-1.18291342936626,21.4141841305545,0.12590810072903,"f"
6851,-1.18285519424419,21.4149426523995,0.125906884092152,"f"
6852,-1.18279493957532,21.4157016434631,0.125905665776793,"f"
6853,-1.18273282465944,21.4164610530685,0.125904445094746,"f"
6854,-1.18266900879633,21.4172208305391,0.125903221357805,"f"
6855,-1.18260365128578,21.4179809251981,0.125901993877762,"f"
6856,-1.18253691142757,21.4187412863688,0.12590076196641,"f"
6857,-1.1824689485215,21.4195018633746,0.125899524935543,"f"
6858,-1.18239992186735,21.4202626055387,0.125898282096953,"f"
6859,-1.1823299907649,21.4210234621843,0.125897032762432,"f"
6860,-1.18225931451395,21.4217843826349,0.125895776243775,"f"
6861,-1.18218805241427,21.4225453162136,0.125894511852774,"f"
6862,-1.18211636376567,21.4233062122438,0.125893238901222,"f"
6863,-1.18204440786791,21.4240670200488,0.125891956700912,"f"
6864,-1.1819723440208,21.4248276889518,0.125890664563637,"f"
6865,-1.18190033152411,21.4255881682762,0.12588936180119,"f"
6866,-1.18182852967763,21.4263484073452,0.125888047725364,"f"
6867,-1.18175709778116,21.4271083554821,0.125886721647952,"f"
6868,-1.18168619513447,21.4278679620102,0.125885382880747,"f"
6869,-1.18161598103736,21.4286271762528,0.125884030735542,"f"
6870,-1.18154661478961,21.4293859475332,0.125882664524129,"f"
6871,-1.181478255691,21.4301442251747,0.125881283558303,"f"
6872,-1.18141106304133,21.4309019585006,0.125879887149855,"f"
6873,-1.18134519614038,21.4316590968341,0.125878474610578,"f"
6874,-1.18128081428793,21.4324155894986,0.125877045252267,"f"
6875,-1.18121807678378,21.4331713858173,0.125875598386713,"f"
6876,-1.18115714292771,21.4339264351135,0.12587413332571,"f"
6877,-1.18109817201951,21.4346806867106,0.125872649381051,"f"
6878,-1.18104132335897,21.4354340899318,0.125871145864528,"f"
6879,-1.18098675560013,21.4361865944143,0.125869622093139,"f"
6880,-1.1809345466859,21.4369381890441,0.125868078034288,"f"
6881,-1.18088461639969,21.4376889396169,0.125866514929906,"f"
6882,-1.18083686615559,21.4384389208614,0.125864934169953,"f"
6883,-1.1807911973677,21.4391882075062,0.125863337144386,"f"
6884,-1.1807475114501,21.43993687428,0.125861725243166,"f"
6885,-1.18070570981688,21.4406849959113,0.125860099856251,"f"
6886,-1.18066569388213,21.4414326471289,0.125858462373599,"f"
6887,-1.18062736505995,21.4421799026612,0.125856814185171,"f"
6888,-1.18059062476442,21.442926837237,0.125855156680926,"f"
6889,-1.18055537440963,21.4436735255849,0.125853491250821,"f"
6890,-1.18052151540968,21.4444200424334,0.125851819284817,"f"
6891,-1.18048894917866,21.4451664625112,0.125850142172872,"f"
6892,-1.18045757713064,21.445912860547,0.125848461304945,"f"
6893,-1.18042730067973,21.4466593112693,0.125846778070995,"f"
6894,-1.18039802124002,21.4474058894068,0.125845093860982,"f"
6895,-1.18036964022559,21.4481526696881,0.125843410064864,"f"
6896,-1.18034205905054,21.4488997268418,0.1258417280726,"f"
6897,-1.18031517912895,21.4496471355965,0.125840049274149,"f"
6898,-1.18028890187491,21.4503949706809,0.125838375059471,"f"
6899,-1.18026312870253,21.4511433068236,0.125836706818525,"f"
6900,-1.18023776102587,21.4518922187532,0.125835045941268,"f"
6901,-1.18021270025905,21.4526417811983,0.125833393817661,"f"
6902,-1.18018784781613,21.4533920688876,0.125831751837663,"f"
6903,-1.18016310511123,21.4541431565496,0.125830121391232,"f"
6904,-1.18013837355842,21.4548951189131,0.125828503868327,"f"
6905,-1.1801135545718,21.4556480307065,0.125826900658908,"f"
6906,-1.18008854956545,21.4564019666587,0.125825313152933,"f"
6907,-1.18006325995347,21.457157001498,0.125823742740362,"f"
6908,-1.18003758714995,21.4579132099533,0.125822190811153,"f"
6909,-1.18001143256898,21.4586706667531,0.125820658755266,"f"
6910,-1.17998470122118,21.4594294403211,0.1258191478934,"f"
6911,-1.17995735997038,21.46018949065,0.125817658355125,"f"
6912,-1.17992942777321,21.4609506864118,0.125816189266844,"f"
6913,-1.17990092521274,21.4617128934272,0.125814739723637,"f"
6914,-1.17987187287203,21.4624759775168,0.125813308820585,"f"
6915,-1.17984229133415,21.4632398045014,0.125811895652769,"f"
6916,-1.17981220118215,21.4640042402017,0.12581049931527,"f"
6917,-1.1797816229991,21.4647691504385,0.125809118903169,"f"
6918,-1.17975057736805,21.4655344010324,0.125807753511547,"f"
6919,-1.17971908487208,21.4662998578042,0.125806402235485,"f"
6920,-1.17968716609425,21.4670653865746,0.125805064170064,"f"
6921,-1.17965484161761,21.4678308531643,0.125803738410365,"f"
6922,-1.17962213202523,21.4685961233941,0.125802424051468,"f"
6923,-1.17958905790018,21.4693610630846,0.125801120188456,"f"
6924,-1.1795556398255,21.4701255380566,0.125799825916407,"f"
6925,-1.17952189838428,21.4708894141308,0.125798540330405,"f"
6926,-1.17948785415956,21.471652557128,0.125797262525529,"f"
6927,-1.17945352773442,21.4724148328688,0.12579599159686,"f"
6928,-1.17941893969191,21.4731761071739,0.12579472663948,"f"
6929,-1.1793841106151,21.4739362458642,0.12579346674847,"f"
6930,-1.17934906108704,21.4746951147603,0.125792211018909,"f"
6931,-1.17931381169081,21.4754525796829,0.12579095854588,"f"
6932,-1.17927838300946,21.4762085064527,0.125789708424464,"f"
6933,-1.17924279562605,21.4769627608905,0.12578845974974,"f"
6934,-1.17920707012366,21.4777152088171,0.125787211616791,"f"
6935,-1.17917122708533,21.478465716053,0.125785963120697,"f"
6936,-1.17913528709414,21.4792141484191,0.125784713356539,"f"
6937,-1.17909927073314,21.479960371736,0.125783461419397,"f"
6938,-1.1790631985854,21.4807042518246,0.125782206404354,"f"
6939,-1.17902709123398,21.4814456545054,0.12578094740649,"f"
6940,-1.17899096926147,21.4821844464363,0.12577968352376,"f"
6941,-1.17895485319273,21.4829205955635,0.125778414201946,"f"
6942,-1.17891876344053,21.4836542665499,0.125777139562359,"f"
6943,-1.17888272040477,21.4843856466601,0.125775859803924,"f"
6944,-1.17884674448535,21.4851149231586,0.125774575125566,"f"
6945,-1.17881085608214,21.48584228331,0.12577328572621,"f"
6946,-1.17877507559506,21.4865679143787,0.125771991804781,"f"
6947,-1.17873942342398,21.4872920036294,0.125770693560204,"f"
6948,-1.1787039199688,21.4880147383266,0.125769391191404,"f"
6949,-1.17866858562941,21.4887363057348,0.125768084897307,"f"
6950,-1.17863344080571,21.4894568931186,0.125766774876836,"f"
6951,-1.17859850589759,21.4901766877425,0.125765461328918,"f"
6952,-1.17856380130495,21.490895876871,0.125764144452478,"f"
6953,-1.17852934742766,21.4916146477687,0.12576282444644,"f"
6954,-1.17849516466563,21.4923331877001,0.125761501509729,"f"
6955,-1.17846127341876,21.4930516839297,0.125760175841271,"f"
6956,-1.17842769408692,21.4937703237222,0.125758847639991,"f"
6957,-1.17839444707002,21.494489294342,0.125757517104813,"f"
6958,-1.17836155276795,21.4952087830537,0.125756184434662,"f"
6959,-1.1783290315806,21.4959289771218,0.125754849828465,"f"
6960,-1.17829690390786,21.4966500638109,0.125753513485145,"f"
6961,-1.17826519014962,21.4973722303855,0.125752175603628,"f"
6962,-1.17823391070579,21.4980956641101,0.125750836382839,"f"
6963,-1.17820308597624,21.4988205522493,0.125749496021703,"f"
6964,-1.17817273636088,21.4995470820676,0.125748154719145,"f"
6965,-1.1781428822596,21.5002754408296,0.12574681267409,"f"
6966,-1.17811354407228,21.5010058157998,0.125745470085463,"f"
6967,-1.17808474219882,21.5017383942427,0.125744127152188,"f"
6968,-1.17805649703912,21.5024733634229,0.125742784073193,"f"
6969,-1.17802882899307,21.5032109106049,0.1257414410474,"f"
6970,-1.17800175846055,21.5039512230533,0.125740098273736,"f"
6971,-1.17797528975553,21.5046944298508,0.125738755951261,"f"
6972,-1.17794934877958,21.5054403764676,0.125737414279706,"f"
6973,-1.1779238375773,21.5061888220849,0.125736073459002,"f"
6974,-1.1778986581877,21.5069395258635,0.12573473368908,"f"
6975,-1.17787371264979,21.5076922469644,0.125733395169873,"f"
6976,-1.17784890300258,21.5084467445483,0.125732058101313,"f"
6977,-1.17782413128507,21.5092027777761,0.125730722683331,"f"
6978,-1.17779929953628,21.5099601058088,0.12572938911586,"f"
6979,-1.17777430979521,21.5107184878072,0.125728057598831,"f"
6980,-1.17774906410086,21.5114776829321,0.125726728332176,"f"
6981,-1.17772346449225,21.5122374503445,0.125725401515827,"f"
6982,-1.17769741300839,21.5129975492052,0.125724077349716,"f"
6983,-1.17767081168827,21.5137577386751,0.125722756033775,"f"
6984,-1.17764356257091,21.5145177779151,0.125721437767935,"f"
6985,-1.17761556769532,21.515277426086,0.12572012275213,"f"
6986,-1.1775867291005,21.5160364423487,0.125718811186289,"f"
6987,-1.17755694882546,21.516794585864,0.125717503270347,"f"
6988,-1.1775261289092,21.517551615793,0.125716199204233,"f"
6989,-1.17749417139075,21.5183072912963,0.125714899187881,"f"
6990,-1.17746097830909,21.5190613715349,0.125713603421222,"f"
6991,-1.17742645170325,21.5198136156697,0.125712312104188,"f"
6992,-1.17739049361222,21.5205637828616,0.125711025436711,"f"
6993,-1.17735300607502,21.5213116322713,0.125709743618722,"f"
6994,-1.17731389113065,21.5220569230599,0.125708466850154,"f"
6995,-1.17727305081812,21.5227994143881,0.125707195330939,"f"
6996,-1.17723038717644,21.5235388654168,0.125705929261009,"f"
6997,-1.17718580224462,21.5242750353069,0.125704668840295,"f"
6998,-1.17713919806166,21.5250076832193,0.125703414268729,"f"
6999,-1.17709047666656,21.5257365683149,0.125702165746243,"f"
7000,-1.17703954009835,21.5264614497544,0.125700923472769,"f"
7001,-1.17698629108589,21.5271820880615,0.125699687644424,"f"
7002,-1.17693071320386,21.5278984034422,0.125698458010227,"f"
7003,-1.17687294564702,21.528610623476,0.125697233458577,"f"
7004,-1.17681314529685,21.5293190106763,0.125696012780061,"f"
7005,-1.17675146903479,21.5300238275564,0.125694794765267,"f"
7006,-1.17668807374231,21.5307253366297,0.125693578204784,"f"
7007,-1.17662311630087,21.5314238004094,0.125692361889197,"f"
7008,-1.17655675359192,21.5321194814089,0.125691144609096,"f"
7009,-1.17648914249692,21.5328126421417,0.125689925155067,"f"
7010,-1.17642043989733,21.5335035451209,0.125688702317699,"f"
7011,-1.17635080267461,21.53419245286,0.125687474887578,"f"
7012,-1.17628038771022,21.5348796278723,0.125686241655292,"f"
7013,-1.17620935188561,21.5355653326712,0.12568500141143,"f"
7014,-1.17613785208224,21.5362498297699,0.125683752946578,"f"
7015,-1.17606604518158,21.5369333816819,0.125682495051324,"f"
7016,-1.17599408806508,21.5376162509204,0.125681226516256,"f"
7017,-1.17592213761419,21.5382986999988,0.125679946131961,"f"
7018,-1.17585035071038,21.5389809914305,0.125678652689027,"f"
7019,-1.17577888423511,21.5396633877288,0.125677344978042,"f"
7020,-1.17570789506982,21.540346151407,0.125676021789593,"f"
7021,-1.17563754009599,21.5410295449785,0.125674681914267,"f"
7022,-1.17556797619507,21.5417138309567,0.125673324142653,"f"
7023,-1.17549936024852,21.5423992718548,0.125671947265338,"f"
7024,-1.1754318491378,21.5430861301862,0.125670550072909,"f"
7025,-1.17536559974436,21.5437746684642,0.125669131355954,"f"
7026,-1.17530076894966,21.5444651492023,0.125667689905061,"f"
7027,-1.17523751363516,21.5451578349137,0.125666224510818,"f"
7028,-1.17517599068232,21.5458529881117,0.125664733963811,"f"
7029,-1.1751163569726,21.5465508713098,0.125663217054628,"f"
7030,-1.17505876938746,21.5472517470212,0.125661672573858,"f"
7031,-1.17500338480835,21.5479558777594,0.125660099312087,"f"
7032,-1.174950325283,21.5486634595597,0.125658496581055,"f"
7033,-1.17489954471793,21.5493743675712,0.125656866208081,"f"
7034,-1.17485094635337,21.5500883802499,0.125655210778506,"f"
7035,-1.17480443341922,21.5508052760317,0.12565353287783,"f"
7036,-1.17475990914536,21.5515248333528,0.125651835091549,"f"
7037,-1.17471727676171,21.5522468306493,0.12565012000516,"f"
7038,-1.17467643949814,21.5529710463573,0.125648390204162,"f"
7039,-1.17463730058456,21.5536972589128,0.125646648274052,"f"
7040,-1.17459976325087,21.5544252467521,0.125644896800327,"f"
7041,-1.17456373072696,21.5551547883111,0.125643138368484,"f"
7042,-1.17452910624273,21.555885662026,0.125641375564022,"f"
7043,-1.17449579302807,21.5566176463329,0.125639610972438,"f"
7044,-1.17446369431288,21.5573505196679,0.125637847179228,"f"
7045,-1.17443271332705,21.558084060467,0.125636086769891,"f"
7046,-1.17440275330049,21.5588180471665,0.125634332329925,"f"
7047,-1.17437371746308,21.5595522582023,0.125632586444826,"f"
7048,-1.17434550904473,21.5602864720107,0.125630851700092,"f"
7049,-1.17431803127533,21.5610204670276,0.12562913068122,"f"
7050,-1.17429118738477,21.5617540216893,0.125627425973709,"f"
7051,-1.17426488060296,21.5624869144317,0.125625740163055,"f"
7052,-1.17423901415978,21.563218923691,0.125624075834756,"f"
7053,-1.17421349128514,21.5639498279033,0.12562243557431,"f"
7054,-1.17418821520893,21.5646794055048,0.125620821967213,"f"
7055,-1.17416308916105,21.5654074349314,0.125619237598964,"f"
7056,-1.17413801637139,21.5661336946193,0.12561768505506,"f"
7057,-1.17411290006986,21.5668579630047,0.125616166920999,"f"
7058,-1.17408764348633,21.5675800185235,0.125614685782277,"f"
7059,-1.17406214985072,21.568299639612,0.125613244224393,"f"
7060,-1.17403632239292,21.5690166047061,0.125611844832843,"f"
7061,-1.17401006434282,21.5697306922421,0.125610490193126,"f"
7062,-1.17398328351408,21.5704416951242,0.125609182683669,"f"
7063,-1.17395595072956,21.5711496051402,0.125607921836477,"f"
7064,-1.1739280826135,21.5718545586459,0.125606705114491,"f"
7065,-1.17389969682225,21.572556695255,0.125605529934029,"f"
7066,-1.17387081101212,21.5732561545812,0.125604393711407,"f"
7067,-1.17384144283947,21.5739530762379,0.125603293862944,"f"
7068,-1.17381160996061,21.574647599839,0.125602227804954,"f"
7069,-1.17378133003188,21.5753398649979,0.125601192953757,"f"
7070,-1.17375062070962,21.5760300113284,0.125600186725668,"f"
7071,-1.17371949965016,21.5767181784441,0.125599206537006,"f"
7072,-1.17368798450983,21.5774045059585,0.125598249804086,"f"
7073,-1.17365609294496,21.5780891334853,0.125597313943226,"f"
7074,-1.17362384261189,21.5787722006382,0.125596396370743,"f"
7075,-1.17359125116695,21.5794538470307,0.125595494502955,"f"
7076,-1.17355833626648,21.5801342122765,0.125594605756177,"f"
7077,-1.1735251155668,21.5808134359893,0.125593727546728,"f"
7078,-1.17349160672426,21.5814916577826,0.125592857290924,"f"
7079,-1.17345782739517,21.58216901727,0.125591992405083,"f"
7080,-1.17342379523589,21.5828456540653,0.125591130305521,"f"
7081,-1.17338952790273,21.583521707782,0.125590268408555,"f"
7082,-1.17335504305203,21.5841973180338,0.125589404130503,"f"
7083,-1.17332035834013,21.5848726244342,0.125588534887682,"f"
7084,-1.17328549142336,21.5855477665969,0.125587658096408,"f"
7085,-1.17325045995805,21.5862228841356,0.125586771172999,"f"
7086,-1.17321528160054,21.5868981166639,0.125585871533772,"f"
7087,-1.17317997400715,21.5875736037953,0.125584956595044,"f"
7088,-1.17314455483423,21.5882494851435,0.125584023773132,"f"
7089,-1.1731090417381,21.5889259003222,0.125583070484353,"f"
7090,-1.1730734523751,21.589602988945,0.125582094145023,"f"
7091,-1.17303780440156,21.5902808906255,0.125581092171461,"f"
7092,-1.17300211547381,21.5909597449773,0.125580061979984,"f"
7093,-1.17296640356961,21.5916396691472,0.125579001523665,"f"
7094,-1.17293068820309,21.5923206728943,0.125577911321192,"f"
7095,-1.17289498934687,21.5930027339289,0.125576792656932,"f"
7096,-1.17285932697367,21.5936858299557,0.125575646815385,"f"
7097,-1.17282372105619,21.5943699386794,0.125574475081051,"f"
7098,-1.17278819156715,21.5950550378048,0.125573278738431,"f"
7099,-1.17275275847926,21.5957411050367,0.125572059072025,"f"
7100,-1.17271744176523,21.5964281180796,0.125570817366335,"f"
7101,-1.17268226139777,21.5971160546384,0.12556955490586,"f"
7102,-1.17264723734959,21.5978048924177,0.1255682729751,"f"
7103,-1.1726123895934,21.5984946091223,0.125566972858558,"f"
7104,-1.17257773810192,21.599185182457,0.125565655840732,"f"
7105,-1.17254330284786,21.5998765901263,0.125564323206124,"f"
7106,-1.17250910380393,21.6005688098352,0.125562976239234,"f"
7107,-1.17247516094283,21.6012618192882,0.125561616224562,"f"
7108,-1.17244149423728,21.6019555961901,0.12556024444661,"f"
7109,-1.17240812365999,21.6026501182456,0.125558862189877,"f"
7110,-1.17237506918368,21.6033453631595,0.125557470738864,"f"
7111,-1.17234235078105,21.6040413086364,0.125556071378071,"f"
7112,-1.17230998842481,21.6047379323812,0.125554665392,"f"
7113,-1.17227800208768,21.6054352120984,0.12555325406515,"f"
7114,-1.17224641174237,21.6061331254929,0.125551838682023,"f"
7115,-1.17221523736158,21.6068316502694,0.125550420527118,"f"
7116,-1.17218449891804,21.6075307641325,0.125549000884936,"f"
7117,-1.17215421638444,21.6082304447871,0.125547581039977,"f"
7118,-1.17212440973351,21.6089306699377,0.125546162276743,"f"
7119,-1.17209509893795,21.6096314172893,0.125544745879734,"f"
7120,-1.17206630397047,21.6103326645464,0.125543333133449,"f"
7121,-1.17203804480379,21.6110343894138,0.125541925322391,"f"
7122,-1.17201034141062,21.6117365695962,0.125540523731058,"f"
7123,-1.17198320906496,21.6124391793697,0.125539129579552,"f"
7124,-1.17195659925122,21.613142146463,0.125537743213674,"f"
7125,-1.1719304174817,21.6138453650588,0.125536364349135,"f"
7126,-1.17190456825374,21.6145487285994,0.125534992687734,"f"
7127,-1.17187895606474,21.6152521305268,0.125533627931269,"f"
7128,-1.17185348541205,21.6159554642832,0.125532269781542,"f"
7129,-1.17182806079305,21.6166586233108,0.12553091794035,"f"
7130,-1.17180258670509,21.6173615010518,0.125529572109494,"f"
7131,-1.17177696764556,21.6180639909484,0.125528231990772,"f"
7132,-1.17175110811182,21.6187659864426,0.125526897285984,"f"
7133,-1.17172491260124,21.6194673809767,0.12552556769693,"f"
7134,-1.17169828561119,21.6201680679928,0.125524242925409,"f"
7135,-1.17167113163904,21.6208679409331,0.125522922673221,"f"
7136,-1.17164335518215,21.6215668932398,0.125521606642163,"f"
7137,-1.17161486073789,21.622264818355,0.125520294534037,"f"
7138,-1.17158555280364,21.6229616097209,0.125518986050642,"f"
7139,-1.17155533587676,21.6236571607796,0.125517680893776,"f"
7140,-1.17152411445462,21.6243513649734,0.12551637876524,"f"
7141,-1.1714917930346,21.6250441157443,0.125515079366832,"f"
7142,-1.17145827611405,21.6257353065347,0.125513782400352,"f"
7143,-1.17142346819034,21.6264248307865,0.1255124875676,"f"
7144,-1.17138727376086,21.627112581942,0.125511194570374,"f"
7145,-1.17134959732295,21.6277984534434,0.125509903110475,"f"
7146,-1.17131034337401,21.6284823387328,0.125508612889701,"f"
7147,-1.17126941641138,21.6291641312524,0.125507323609853,"f"
7148,-1.17122672093245,21.6298437244443,0.125506034972728,"f"
7149,-1.17118216143457,21.6305210117508,0.125504746680128,"f"
7150,-1.17113564241512,21.6311958866139,0.125503458433851,"f"
7151,-1.17108706837148,21.6318682424759,0.125502169935696,"f"
7152,-1.17103634380099,21.6325379727789,0.125500880887463,"f"
7153,-1.17098337441599,21.6332049723849,0.125499590992511,"f"
7154,-1.17092815326145,21.633869238218,0.12549830006627,"f"
7155,-1.170870817774,21.6345309359465,0.125497008109471,"f"
7156,-1.17081151892941,21.6351902470613,0.125495715140214,"f"
7157,-1.17075040770341,21.6358473530536,0.125494421176604,"f"
7158,-1.17068763507177,21.6365024354142,0.125493126236743,"f"
7159,-1.17062335201024,21.6371556756341,0.125491830338734,"f"
7160,-1.17055770949456,21.6378072552043,0.12549053350068,"f"
7161,-1.1704908585005,21.6384573556158,0.125489235740684,"f"
7162,-1.17042295000381,21.6391061583595,0.125487937076849,"f"
7163,-1.17035413498023,21.6397538449265,0.125486637527277,"f"
7164,-1.17028456440552,21.6404005968077,0.125485337110071,"f"
7165,-1.17021438925543,21.6410465954941,0.125484035843335,"f"
7166,-1.17014376050572,21.6416920224766,0.125482733745171,"f"
7167,-1.17007282913214,21.6423370592462,0.125481430833682,"f"
7168,-1.17000174611043,21.642981887294,0.125480127126972,"f"
7169,-1.16993066241636,21.6436266881109,0.125478822643142,"f"
7170,-1.16985972902568,21.6442716431878,0.125477517400295,"f"
7171,-1.16978909691413,21.6449169340158,0.125476211416536,"f"
7172,-1.16971891705747,21.6455627420857,0.125474904709966,"f"
7173,-1.16964934043146,21.6462092488887,0.125473597298688,"f"
7174,-1.16958051801185,21.6468566359157,0.125472289200806,"f"
7175,-1.16951260077438,21.6475050846575,0.125470980434422,"f"
7176,-1.16944573969481,21.6481547766054,0.125469671017639,"f"
7177,-1.1693800857489,21.6488058932501,0.12546836096856,"f"
7178,-1.16931578991239,21.6494586160827,0.125467050305288,"f"
7179,-1.16925300316104,21.6501131265941,0.125465739045926,"f"
7180,-1.1691918764706,21.6507696062754,0.125464427208576,"f"
7181,-1.16913256081683,21.6514282366175,0.125463114811342,"f"
7182,-1.16907520717547,21.6520891991113,0.125461801872326,"f"
7183,-1.16901996652229,21.652752675248,0.125460488409632,"f"
7184,-1.16896697958083,21.6534188349775,0.125459174441159,"f"
7185,-1.1689162496063,21.654087693503,0.125457859982084,"f"
7186,-1.16886768163066,21.6547591554585,0.125456545045642,"f"
7187,-1.16882117856177,21.6554331230866,0.125455229645022,"f"
7188,-1.16877664330748,21.6561094986304,0.125453913793415,"f"
7189,-1.16873397877566,21.6567881843325,0.125452597504012,"f"
7190,-1.16869308787417,21.6574690824359,0.125451280790004,"f"
7191,-1.16865387351086,21.6581520951833,0.125449963664581,"f"
7192,-1.16861623859361,21.6588371248177,0.125448646140935,"f"
7193,-1.16858008603028,21.6595240735818,0.125447328232255,"f"
7194,-1.16854531872872,21.6602128437184,0.125446009951734,"f"
7195,-1.1685118395968,21.6609033374705,0.12544469131256,"f"
7196,-1.16847955154237,21.6615954570808,0.125443372327926,"f"
7197,-1.1684483574733,21.6622891047921,0.125442053011022,"f"
7198,-1.16841816029746,21.6629841828474,0.125440733375038,"f"
7199,-1.1683888629227,21.6636805934894,0.125439413433166,"f"
7200,-1.16836036825688,21.664378238961,0.125438093198596,"f"
7201,-1.16833257920787,21.665077021505,0.125436772684519,"f"
7202,-1.16830539868353,21.6657768433643,0.125435451904126,"f"
7203,-1.16827872959171,21.6664776067816,0.125434130870607,"f"
7204,-1.16825247484028,21.6671792139998,0.125432809597153,"f"
7205,-1.16822653733711,21.6678815672617,0.125431488096954,"f"
7206,-1.16820081999005,21.6685845688103,0.125430166383203,"f"
7207,-1.16817522570696,21.6692881208882,0.125428844469089,"f"
7208,-1.16814965739571,21.6699921257384,0.125427522367803,"f"
7209,-1.16812401796416,21.6706964856037,0.125426200092535,"f"
7210,-1.16809821032017,21.6714011027269,0.125424877656478,"f"
7211,-1.1680721373716,21.6721058793508,0.12542355507282,"f"
7212,-1.16804570202631,21.6728107177183,0.125422232354754,"f"
7213,-1.16801880719216,21.6735155200722,0.12542090951547,"f"
7214,-1.16799135640461,21.6742201888577,0.125419586568246,"f"
7215,-1.16796329718573,21.6749246406999,0.125418263532578,"f"
7216,-1.16793464915023,21.6756288154644,0.125416940438143,"f"
7217,-1.16790543859544,21.6763326551713,0.125415617315565,"f"
7218,-1.16787569181867,21.6770361018404,0.125414294195466,"f"
7219,-1.16784543511724,21.6777390974917,0.12541297110847,"f"
7220,-1.16781469478847,21.6784415841451,0.125411648085198,"f"
7221,-1.16778349712967,21.6791435038206,0.125410325156275,"f"
7222,-1.16775186843817,21.6798447985381,0.125409002352322,"f"
7223,-1.16771983501127,21.6805454103175,0.125407679703964,"f"
7224,-1.1676874231463,21.6812452811789,0.125406357241821,"f"
7225,-1.16765465914058,21.6819443531421,0.125405034996519,"f"
7226,-1.16762156929142,21.682642568227,0.125403712998678,"f"
7227,-1.16758817989613,21.6833398684537,0.125402391278923,"f"
7228,-1.16755451725204,21.684036195842,0.125401069867875,"f"
7229,-1.16752060765646,21.684731492412,0.125399748796159,"f"
7230,-1.16748647740672,21.6854257001834,0.125398428094396,"f"
7231,-1.16745215280011,21.6861187611764,0.12539710779321,"f"
7232,-1.16741766013398,21.6868106174107,0.125395787923223,"f"
7233,-1.16738302570562,21.6875012109065,0.125394468515059,"f"
7234,-1.16734827581237,21.6881904836835,0.12539314959934,"f"
7235,-1.16731343675153,21.6888783777618,0.125391831206689,"f"
7236,-1.16727853482042,21.6895648351612,0.125390513367728,"f"
7237,-1.16724359631636,21.6902497979018,0.125389196113082,"f"
7238,-1.16720864753667,21.6909332080034,0.125387879473372,"f"
7239,-1.16717371477866,21.6916150074861,0.125386563479222,"f"
7240,-1.16713882433966,21.6922951383696,0.125385248161254,"f"
7241,-1.16710400251698,21.6929735426741,0.125383933550091,"f"
7242,-1.16706927560793,21.6936501624194,0.125382619676356,"f"
7243,-1.16703466990983,21.6943249396255,0.125381306570672,"f"
7244,-1.16700021172001,21.6949978163123,0.125379994263662,"f"
7245,-1.16696592206004,21.6956687546058,0.125378682776433,"f"
7246,-1.16693180064184,21.6963377978445,0.125377372091655,"f"
7247,-1.16689784179769,21.6970050098687,0.125376062182295,"f"
7248,-1.16686403985987,21.6976704545189,0.125374753021321,"f"
7249,-1.16683038916069,21.6983341956355,0.125373444581698,"f"
7250,-1.16679688403242,21.6989962970589,0.125372136836396,"f"
7251,-1.16676351880736,21.6996568226296,0.12537082975838,"f"
7252,-1.1667302878178,21.7003158361879,0.125369523320618,"f"
7253,-1.16669718539601,21.7009734015742,0.125368217496077,"f"
7254,-1.1666642058743,21.701629582629,0.125366912257724,"f"
7255,-1.16663134358495,21.7022844431927,0.125365607578526,"f"
7256,-1.16659859286025,21.7029380471057,0.12536430343145,"f"
7257,-1.16656594803248,21.7035904582085,0.125362999789463,"f"
7258,-1.16653340343394,21.7042417403413,0.125361696625533,"f"
7259,-1.16650095339691,21.7048919573447,0.125360393912627,"f"
7260,-1.16646859225369,21.7055411730591,0.125359091623711,"f"
7261,-1.16643631433656,21.7061894513248,0.125357789731753,"f"
7262,-1.16640411397781,21.7068368559824,0.125356488209719,"f"
7263,-1.16637198550972,21.7074834508721,0.125355187030578,"f"
7264,-1.1663399232646,21.7081292998345,0.125353886167296,"f"
7265,-1.16630792157472,21.70877446671,0.12535258559284,"f"
7266,-1.16627597477237,21.7094190153388,0.125351285280177,"f"
7267,-1.16624407718985,21.7100630095616,0.125349985202275,"f"
7268,-1.16621222315944,21.7107065132186,0.1253486853321,"f"
7269,-1.16618040701343,21.7113495901504,0.12534738564262,"f"
7270,-1.1661486230841,21.7119923041972,0.125346086106801,"f"
7271,-1.16611686570376,21.7126347191996,0.125344786697611,"f"
7272,-1.16608512920468,21.713276898998,0.125343487388018,"f"
7273,-1.16605340791915,21.7139189074327,0.125342188150987,"f"
7274,-1.16602169617947,21.7145608083442,0.125340888959486,"f"
7275,-1.16598958462185,21.7152083179783,0.125339583489028,"f"
7276,-1.16595659846779,21.7158680740457,0.125338264372727,"f"
7277,-1.16592361231373,21.7165278301131,0.125336945256426,"f"
7278,-1.16589062615967,21.7171875861805,0.125335626140125,"f"
7279,-1.16585764000561,21.7178473422478,0.125334307023824,"f"
7280,-1.16582465385155,21.7185070983152,0.125332987907523,"f"
7281,-1.16579166769748,21.7191668543826,0.125331668791222,"f"
7282,-1.16575868154342,21.71982661045,0.125330349674921,"f"
7283,-1.16572569538936,21.7204863665174,0.125329030558621,"f"
7284,-1.1656927092353,21.7211461225848,0.12532771144232,"f"
7285,-1.16565972308124,21.7218058786522,0.125326392326019,"f"
7286,-1.16562673692717,21.7224656347196,0.125325073209718,"f"
7287,-1.16559375077311,21.723125390787,0.125323754093417,"f"
7288,-1.16556076461905,21.7237851468544,0.125322434977116,"f"
7289,-1.16552777846499,21.7244449029217,0.125321115860815,"f"
7290,-1.16549479231093,21.7251046589891,0.125319796744514,"f"
7291,-1.16546180615687,21.7257644150565,0.125318477628213,"f"
7292,-1.1654288200028,21.7264241711239,0.125317158511912,"f"
7293,-1.16539583384874,21.7270839271913,0.125315839395611,"f"
7294,-1.16536284769468,21.7277436832587,0.12531452027931,"f"
7295,-1.16532986154062,21.7284034393261,0.125313201163009,"f"
7296,-1.16529687538656,21.7290631953935,0.125311882046708,"f"
7297,-1.16526388923249,21.7297229514609,0.125310562930407,"f"
7298,-1.16523090307843,21.7303827075283,0.125309243814107,"f"
7299,-1.16519791692437,21.7310424635957,0.125307924697806,"f"
7300,-1.16516493077031,21.731702219663,0.125306605581505,"f"
7301,-1.16513194461625,21.7323619757304,0.125305286465204,"f"
7302,-1.16509895846219,21.7330217317978,0.125303967348903,"f"
7303,-1.16506597230812,21.7336814878652,0.125302648232602,"f"
7304,-1.16503298615406,21.7343412439326,0.125301329116301,"f"
7305,-1.165,21.735001,0.12530001,"f"
