"age_days","L","M","S","sex"
730,-1.5861,16.145,0.0849,"m"
731,-1.5861,16.1443921971253,0.0848986310746064,"m"
732,-1.5861,16.1431765913758,0.0848958932238193,"m"
733,-1.5861,16.1419609856263,0.0848931553730322,"m"
734,-1.5861,16.1407453798768,0.084890417522245,"m"
735,-1.5861,16.1395297741273,0.0848876796714579,"m"
736,-1.5861,16.1383141683778,0.0848849418206708,"m"
737,-1.5861,16.1370985626283,0.0848822039698836,"m"
738,-1.5861,16.1358829568788,0.0848794661190965,"m"
739,-1.5861,16.1346673511294,0.0848767282683094,"m"
740,-1.5861,16.1334517453799,0.0848739904175222,"m"
741,-1.5861,16.1322361396304,0.0848712525667351,"m"
742,-1.5861,16.1310205338809,0.084868514715948,"m"
743,-1.5861,16.1298049281314,0.0848657768651608,"m"
744,-1.5861,16.1285893223819,0.0848630390143737,"m"
745,-1.5861,16.1273737166324,0.0848603011635866,"m"
746,-1.5861,16.126158110883,0.0848575633127994,"m"
747,-1.5861,16.1249425051335,0.0848548254620123,"m"
748,-1.5861,16.123726899384,0.0848520876112252,"m"
749,-1.5861,16.1225112936345,0.0848493497604381,"m"
750,-1.5861,16.121295687885,0.0848466119096509,"m"
751,-1.5861,16.1200800821355,0.0848438740588638,"m"
752,-1.5861,16.118864476386,0.0848411362080767,"m"
753,-1.5861,16.1176488706366,0.0848383983572895,"m"
754,-1.5861,16.1164332648871,0.0848356605065024,"m"
755,-1.5861,16.1152176591376,0.0848329226557153,"m"
756,-1.5861,16.1140020533881,0.0848301848049281,"m"
757,-1.5861,16.1127864476386,0.084827446954141,"m"
758,-1.5861,16.1115708418891,0.0848247091033539,"m"
759,-1.5861,16.1103552361396,0.0848219712525667,"m"
760,-1.5861,16.1091396303901,0.0848192334017796,"m"
761,-1.5861,16.1079240246407,0.0848164955509925,"m"
762,-1.5861,16.1067084188912,0.0848137577002053,"m"
763,-1.5861,16.1054928131417,0.0848110198494182,"m"
764,-1.5861,16.1042772073922,0.0848082819986311,"m"
765,-1.5861,16.1030616016427,0.0848055441478439,"m"
766,-1.5861,16.1018459958932,0.0848028062970568,"m"
767,-1.5861,16.1006303901437,0.0848000684462697,"m"
768,-1.5861,16.0994147843942,0.0847973305954826,"m"
769,-1.5861,16.0981991786448,0.0847945927446954,"m"
770,-1.5861,16.0969835728953,0.0847918548939083,"m"
771,-1.5861,16.0957679671458,0.0847891170431212,"m"
772,-1.5861,16.0945523613963,0.084786379192334,"m"
773,-1.5861,16.0933367556468,0.0847836413415469,"m"
774,-1.5861,16.0921211498973,0.0847809034907598,"m"
775,-1.5861,16.0909055441478,0.0847781656399726,"m"
776,-1.5861,16.0896899383984,0.0847754277891855,"m"
777,-1.5861,16.0884743326489,0.0847726899383984,"m"
778,-1.5861,16.0872587268994,0.0847699520876112,"m"
779,-1.5861,16.0860431211499,0.0847672142368241,"m"
780,-1.5861,16.0848275154004,0.084764476386037,"m"
781,-1.5861,16.0836119096509,0.0847617385352498,"m"
782,-1.5861,16.0823963039014,0.0847590006844627,"m"
783,-1.5861,16.081180698152,0.0847562628336756,"m"
784,-1.5861,16.0799650924025,0.0847535249828884,"m"
785,-1.5861,16.078749486653,0.0847507871321013,"m"
786,-1.5861,16.0775338809035,0.0847480492813142,"m"
787,-1.5861,16.076318275154,0.084745311430527,"m"
788,-1.5861,16.0751026694045,0.0847425735797399,"m"
789,-1.5861,16.073887063655,0.0847398357289528,"m"
790,-1.5861,16.0726714579055,0.0847370978781656,"m"
791,-1.5861,16.0714558521561,0.0847343600273785,"m"
792,-1.5861,16.0702402464066,0.0847316221765914,"m"
793,-1.5861,16.0690246406571,0.0847288843258042,"m"
794,-1.5861,16.0678090349076,0.0847261464750171,"m"
795,-1.5861,16.0665934291581,0.08472340862423,"m"
796,-1.5861,16.0653778234086,0.0847206707734428,"m"
797,-1.5861,16.0641622176591,0.0847179329226557,"m"
798,-1.5861,16.0629466119097,0.0847151950718686,"m"
799,-1.5861,16.0617310061602,0.0847124572210814,"m"
800,-1.5861,16.0605154004107,0.0847097193702943,"m"
801,-1.5861,16.0592997946612,0.0847069815195072,"m"
802,-1.5861,16.0580841889117,0.0847042436687201,"m"
803,-1.5861,16.0568685831622,0.0847015058179329,"m"
804,-1.5861,16.0556529774127,0.0846987679671458,"m"
805,-1.5861,16.0544373716632,0.0846960301163587,"m"
806,-1.5861,16.0532217659138,0.0846932922655715,"m"
807,-1.5861,16.0520061601643,0.0846905544147844,"m"
808,-1.5861,16.0507905544148,0.0846878165639973,"m"
809,-1.5861,16.0495749486653,0.0846850787132101,"m"
810,-1.5861,16.0483593429158,0.084682340862423,"m"
811,-1.5861,16.0471437371663,0.0846796030116359,"m"
812,-1.5861,16.0459281314168,0.0846768651608487,"m"
813,-1.5861,16.0447125256674,0.0846741273100616,"m"
814,-1.5861,16.0434969199179,0.0846713894592745,"m"
815,-1.5861,16.0422813141684,0.0846686516084873,"m"
816,-1.5861,16.0410657084189,0.0846659137577002,"m"
817,-1.5861,16.0398501026694,0.0846631759069131,"m"
818,-1.5861,16.0386344969199,0.0846604380561259,"m"
819,-1.5861,16.0374188911704,0.0846577002053388,"m"
820,-1.5861,16.0362032854209,0.0846549623545517,"m"
821,-1.5861,16.0349876796715,0.0846522245037645,"m"
822,-1.5861,16.033772073922,0.0846494866529774,"m"
823,-1.5861,16.0325564681725,0.0846467488021903,"m"
824,-1.5861,16.031340862423,0.0846440109514032,"m"
825,-1.5861,16.0301252566735,0.084641273100616,"m"
826,-1.5861,16.028909650924,0.0846385352498289,"m"
827,-1.5861,16.0276940451745,0.0846357973990418,"m"
828,-1.5861,16.0264784394251,0.0846330595482546,"m"
829,-1.5861,16.0252628336756,0.0846303216974675,"m"
830,-1.5861,16.0240472279261,0.0846275838466804,"m"
831,-1.5861,16.0228316221766,0.0846248459958932,"m"
832,-1.5861,16.0216160164271,0.0846221081451061,"m"
833,-1.5861,16.0204004106776,0.084619370294319,"m"
834,-1.5861,16.0191848049281,0.0846166324435318,"m"
835,-1.5861,16.0179691991786,0.0846138945927447,"m"
836,-1.5861,16.0167535934292,0.0846111567419576,"m"
837,-1.5861,16.0155379876797,0.0846084188911704,"m"
838,-1.5861,16.0143223819302,0.0846056810403833,"m"
839,-1.5861,16.0131067761807,0.0846029431895962,"m"
840,-1.5861,16.0118911704312,0.084600205338809,"m"
841,-1.5861,16.0106755646817,0.0845974674880219,"m"
842,-1.5861,16.0094599589322,0.0845947296372348,"m"
843,-1.5861,16.0082443531828,0.0845919917864476,"m"
844,-1.5861,16.0070287474333,0.0845892539356605,"m"
845,-1.5861,16.0058131416838,0.0845865160848734,"m"
846,-1.5861,16.0045975359343,0.0845837782340862,"m"
847,-1.5861,16.0033819301848,0.0845810403832991,"m"
848,-1.5861,16.0021663244353,0.084578302532512,"m"
849,-1.5861,16.0009507186858,0.0845755646817248,"m"
850,-1.5861,15.9997351129363,0.0845728268309377,"m"
851,-1.5861,15.9985195071869,0.0845700889801506,"m"
852,-1.5861,15.9973039014374,0.0845673511293634,"m"
853,-1.5861,15.9960882956879,0.0845646132785763,"m"
854,-1.5861,15.9948726899384,0.0845618754277892,"m"
855,-1.5861,15.9936570841889,0.084559137577002,"m"
856,-1.5861,15.9924414784394,0.0845563997262149,"m"
857,-1.5861,15.9912258726899,0.0845536618754278,"m"
858,-1.5861,15.9900102669405,0.0845509240246407,"m"
859,-1.5861,15.988794661191,0.0845481861738535,"m"
860,-1.5861,15.9875790554415,0.0845454483230664,"m"
861,-1.5861,15.986363449692,0.0845427104722793,"m"
862,-1.5861,15.9851478439425,0.0845399726214921,"m"
863,-1.5861,15.983932238193,0.084537234770705,"m"
864,-1.5861,15.9827166324435,0.0845344969199179,"m"
865,-1.5861,15.981501026694,0.0845317590691307,"m"
866,-1.5861,15.9802854209446,0.0845290212183436,"m"
867,-1.5861,15.9790698151951,0.0845262833675565,"m"
868,-1.5861,15.9778542094456,0.0845235455167693,"m"
869,-1.5861,15.9766386036961,0.0845208076659822,"m"
870,-1.5861,15.9754229979466,0.0845180698151951,"m"
871,-1.5861,15.9742073921971,0.0845153319644079,"m"
872,-1.5861,15.9729917864476,0.0845125941136208,"m"
873,-1.5861,15.9717761806982,0.0845098562628337,"m"
874,-1.5861,15.9705605749487,0.0845071184120465,"m"
875,-1.5861,15.9693449691992,0.0845043805612594,"m"
876,-1.5861,15.9681293634497,0.0845016427104723,"m"
877,-1.5861,15.9669137577002,0.0844989048596852,"m"
878,-1.5861,15.9656981519507,0.084496167008898,"m"
879,-1.5861,15.9644825462012,0.0844934291581109,"m"
880,-1.5861,15.9632669404517,0.0844906913073238,"m"
881,-1.5861,15.9620513347023,0.0844879534565366,"m"
882,-1.5861,15.9608357289528,0.0844852156057495,"m"
883,-1.5861,15.9596201232033,0.0844824777549624,"m"
884,-1.5861,15.9584045174538,0.0844797399041752,"m"
885,-1.5861,15.9571889117043,0.0844770020533881,"m"
886,-1.5861,15.9559733059548,0.084474264202601,"m"
887,-1.5861,15.9547577002053,0.0844715263518138,"m"
888,-1.5861,15.9535420944559,0.0844687885010267,"m"
889,-1.5861,15.9523264887064,0.0844660506502396,"m"
890,-1.5861,15.9511108829569,0.0844633127994524,"m"
891,-1.5861,15.9498952772074,0.0844605749486653,"m"
892,-1.5861,15.9486796714579,0.0844578370978782,"m"
893,-1.5861,15.9474640657084,0.084455099247091,"m"
894,-1.5861,15.9462484599589,0.0844523613963039,"m"
895,-1.5861,15.9450328542094,0.0844496235455168,"m"
896,-1.5861,15.94381724846,0.0844468856947296,"m"
897,-1.5861,15.9426016427105,0.0844441478439425,"m"
898,-1.5861,15.941386036961,0.0844414099931554,"m"
899,-1.5861,15.9401704312115,0.0844386721423682,"m"
900,-1.5861,15.938954825462,0.0844359342915811,"m"
901,-1.5861,15.9377392197125,0.084433196440794,"m"
902,-1.5861,15.936523613963,0.0844304585900068,"m"
903,-1.5861,15.9353080082136,0.0844277207392197,"m"
904,-1.5861,15.9340924024641,0.0844249828884326,"m"
905,-1.5861,15.9328767967146,0.0844222450376454,"m"
906,-1.5861,15.9316611909651,0.0844195071868583,"m"
907,-1.5861,15.9304455852156,0.0844167693360712,"m"
908,-1.5861,15.9292299794661,0.084414031485284,"m"
909,-1.5861,15.9280143737166,0.0844112936344969,"m"
910,-1.5861,15.9267987679671,0.0844085557837098,"m"
911,-1.5861,15.9255831622177,0.0844058179329227,"m"
912,-1.5861,15.9243675564682,0.0844030800821355,"m"
913,-1.5861,15.9231519507187,0.0844003422313484,"m"
914,-1.5861,15.9220694871244,0.0843996819095758,"m"
915,-1.5861,15.9210060524825,0.0843993185185234,"m"
916,-1.5861,15.9199426367017,0.0843989554348039,"m"
917,-1.5861,15.918879249841,0.0843985928223282,"m"
918,-1.5861,15.9178159019597,0.0843982308450071,"m"
919,-1.5861,15.9167526031169,0.0843978696667517,"m"
920,-1.5861,15.9156893633718,0.0843975094514726,"m"
921,-1.5861,15.9146261927836,0.084397150363081,"m"
922,-1.5861,15.9135631014115,0.0843967925654875,"m"
923,-1.5861,15.9125000993147,0.0843964362226031,"m"
924,-1.5861,15.9114371965524,0.0843960814983388,"m"
925,-1.5861,15.9103744031837,0.0843957285566053,"m"
926,-1.5861,15.9093117292678,0.0843953775613136,"m"
927,-1.5861,15.908249184864,0.0843950286763745,"m"
928,-1.5861,15.9071867800313,0.084394682065699,"m"
929,-1.5861,15.9061245248291,0.0843943378931978,"m"
930,-1.5861,15.9050624293165,0.084393996322782,"m"
931,-1.5861,15.9040005035526,0.0843936575183624,"m"
932,-1.5861,15.9029387575967,0.0843933216438498,"m"
933,-1.5861,15.9018772015079,0.0843929888631552,"m"
934,-1.5861,15.9008158453455,0.0843926593401895,"m"
935,-1.5861,15.8997546991685,0.0843923332388635,"m"
936,-1.5861,15.8986937730363,0.0843920107230881,"m"
937,-1.5861,15.897633077008,0.0843916919567742,"m"
938,-1.5861,15.8965726211427,0.0843913771038327,"m"
939,-1.5861,15.8955124154997,0.0843910663281744,"m"
940,-1.5861,15.8944524701381,0.0843907597937103,"m"
941,-1.5861,15.8933927951172,0.0843904576643513,"m"
942,-1.5861,15.8923334004961,0.0843901601040082,"m"
943,-1.5861,15.891274296334,0.0843898672765919,"m"
944,-1.5861,15.89021549269,0.0843895793460133,"m"
945,-1.5861,15.8891569996235,0.0843892964761833,"m"
946,-1.5861,15.8880988271935,0.0843890188310127,"m"
947,-1.5861,15.8870409854593,0.0843887465744125,"m"
948,-1.5861,15.88598348448,0.0843884798702936,"m"
949,-1.5861,15.8849263343149,0.0843882188825667,"m"
950,-1.5861,15.883869545023,0.0843879637751429,"m"
951,-1.5861,15.8828131266636,0.084387714711933,"m"
952,-1.5861,15.881757089296,0.0843874718568479,"m"
953,-1.5861,15.8807014429792,0.0843872353737984,"m"
954,-1.5861,15.8796461977724,0.0843870054266955,"m"
955,-1.5861,15.8785913637349,0.08438678217945,"m"
956,-1.5861,15.8775369509258,0.0843865657959728,"m"
957,-1.5861,15.8764829694043,0.0843863564401748,"m"
958,-1.5861,15.8754294292297,0.084386154275967,"m"
959,-1.5861,15.874376340461,0.0843859594672601,"m"
960,-1.5861,15.8733237131575,0.0843857721779651,"m"
961,-1.5861,15.8722715573783,0.0843855925719928,"m"
962,-1.5861,15.8712198831827,0.0843854208132541,"m"
963,-1.5861,15.8701687006298,0.08438525706566,"m"
964,-1.5861,15.8691180197789,0.0843851014931213,"m"
965,-1.5861,15.868067850689,0.0843849542595489,"m"
966,-1.5861,15.8670182034195,0.0843848155288536,"m"
967,-1.5861,15.8659690880294,0.0843846854649464,"m"
968,-1.5861,15.864920514578,0.0843845642317382,"m"
969,-1.5861,15.8638724931244,0.0843844519931398,"m"
970,-1.5861,15.8628250337279,0.0843843489130621,"m"
971,-1.5861,15.8617781464476,0.0843842551554159,"m"
972,-1.5861,15.8607318413426,0.0843841708841123,"m"
973,-1.5861,15.8596861284723,0.0843840962630621,"m"
974,-1.5861,15.8586410178958,0.0843840314561761,"m"
975,-1.5861,15.8575965196723,0.0843839766273653,"m"
976,-1.5861,15.8565526438608,0.0843839319405405,"m"
977,-1.5861,15.8555094005208,0.0843838975596126,"m"
978,-1.5861,15.8544667997112,0.0843838736484925,"m"
979,-1.5861,15.8534248514914,0.084383860371091,"m"
980,-1.5861,15.8523835659205,0.0843838578913192,"m"
981,-1.5861,15.8513429530576,0.0843838663730878,"m"
982,-1.5861,15.8503030229621,0.0843838859803078,"m"
983,-1.5861,15.849263785693,0.0843839168768899,"m"
984,-1.5861,15.8482252513095,0.0843839592267452,"m"
985,-1.5861,15.8471874298709,0.0843840131937845,"m"
986,-1.5861,15.8461503314363,0.0843840789419187,"m"
987,-1.5861,15.8451139660648,0.0843841566350586,"m"
988,-1.5861,15.8440783438158,0.0843842464371152,"m"
989,-1.5861,15.8430434747484,0.0843843485119993,"m"
990,-1.5861,15.8420093689217,0.0843844630236218,"m"
991,-1.5861,15.840976036395,0.0843845901358937,"m"
992,-1.5861,15.8399434872273,0.0843847300127257,"m"
993,-1.5861,15.8389117314781,0.0843848828180288,"m"
994,-1.5861,15.8378807792063,0.0843850487157139,"m"
995,-1.5861,15.8368506404712,0.0843852278696918,"m"
996,-1.5861,15.835821325332,0.0843854204438735,"m"
997,-1.5861,15.8347928438479,0.0843856266021698,"m"
998,-1.5861,15.833765206078,0.0843858465084916,"m"
999,-1.5861,15.8327384220816,0.0843860803267497,"m"
1000,-1.5861,15.8317125019178,0.0843863282208552,"m"
1001,-1.5861,15.8306874556458,0.0843865903547188,"m"
1002,-1.5861,15.8296632933248,0.0843868668922515,"m"
1003,-1.5861,15.828640025014,0.0843871579973641,"m"
1004,-1.5861,15.8276176607725,0.0843874638339675,"m"
1005,-1.5861,15.8265962106596,0.0843877845659726,"m"
1006,-1.5861,15.8255756847345,0.0843881203572903,"m"
1007,-1.5861,15.8245560930563,0.0843884713718314,"m"
1008,-1.5861,15.8235374456842,0.084388837773507,"m"
1009,-1.5861,15.8225197526774,0.0843892197262277,"m"
1010,-1.5861,15.8215030240951,0.0843896173939046,"m"
1011,-1.5861,15.8204872699965,0.0843900309404486,"m"
1012,-1.5861,15.8194725004407,0.0843904605297704,"m"
1013,-1.5861,15.818458725487,0.084390906325781,"m"
1014,-1.5861,15.8174459551945,0.0843913684923912,"m"
1015,-1.5861,15.8164341996224,0.084391847193512,"m"
1016,-1.5861,15.81542346883,0.0843923425930543,"m"
1017,-1.5861,15.8144137728763,0.0843928548549289,"m"
1018,-1.5861,15.8134051218206,0.0843933841430467,"m"
1019,-1.5861,15.8123975257221,0.0843939306213186,"m"
1020,-1.5861,15.81139099464,0.0843944944536555,"m"
1021,-1.5861,15.8103855386333,0.0843950758039682,"m"
1022,-1.5861,15.8093811677614,0.0843956748361677,"m"
1023,-1.5861,15.8083778920835,0.0843962917141648,"m"
1024,-1.5861,15.8073757216586,0.0843969266018705,"m"
1025,-1.5861,15.806374666546,0.0843975796631955,"m"
1026,-1.5861,15.8053747368048,0.0843982510620509,"m"
1027,-1.5861,15.8043759424943,0.0843989409623474,"m"
1028,-1.5861,15.8033782936737,0.084399649527996,"m"
1029,-1.5861,15.8023818004021,0.0844003769229076,"m"
1030,-1.5861,15.8013864727387,0.084401123310993,"m"
1031,-1.5861,15.8003923207427,0.0844018888561631,"m"
1032,-1.5861,15.7993993544733,0.0844026737223288,"m"
1033,-1.5861,15.7984075839897,0.084403478073401,"m"
1034,-1.5861,15.797417019351,0.0844043020732905,"m"
1035,-1.5861,15.7964276706165,0.0844051458859084,"m"
1036,-1.5861,15.7954395478453,0.0844060096751653,"m"
1037,-1.5861,15.7944526610967,0.0844068936049724,"m"
1038,-1.5861,15.7934670204297,0.0844077978392403,"m"
1039,-1.5861,15.7924826359037,0.08440872254188,"m"
1040,-1.5861,15.7914995175777,0.0844096678768024,"m"
1041,-1.5861,15.790517675511,0.0844106340079184,"m"
1042,-1.5861,15.7895371197627,0.0844116210991389,"m"
1043,-1.5861,15.7885578603921,0.0844126293143747,"m"
1044,-1.5861,15.7875799074583,0.0844136588175367,"m"
1045,-1.5861,15.7866032710205,0.0844147097725358,"m"
1046,-1.5861,15.7856279611379,0.084415782343283,"m"
1047,-1.5861,15.7846539878697,0.084416876693689,"m"
1048,-1.5861,15.783681361275,0.0844179929876648,"m"
1049,-1.5861,15.7827100914131,0.0844191313891212,"m"
1050,-1.5861,15.7817401883432,0.0844202920619692,"m"
1051,-1.5861,15.7807716621244,0.0844214751701196,"m"
1052,-1.5861,15.7798045228159,0.0844226808774833,"m"
1053,-1.5861,15.7788387804769,0.0844239093479712,"m"
1054,-1.5861,15.7778744451665,0.0844251607454942,"m"
1055,-1.5861,15.7769115269441,0.0844264352339632,"m"
1056,-1.5861,15.7759500358687,0.084427732977289,"m"
1057,-1.5861,15.7749899819996,0.0844290541393826,"m"
1058,-1.5861,15.7740313753959,0.0844303988841548,"m"
1059,-1.5861,15.7730742261168,0.0844317673755165,"m"
1060,-1.5861,15.7721185442215,0.0844331597773785,"m"
1061,-1.5861,15.7711643397693,0.0844345762536519,"m"
1062,-1.5861,15.7702116228192,0.0844360169682474,"m"
1063,-1.5861,15.7692604034304,0.084437482085076,"m"
1064,-1.5861,15.7683106916622,0.0844389717680485,"m"
1065,-1.5861,15.7673624975738,0.0844404861810758,"m"
1066,-1.5861,15.7664158312242,0.0844420254880689,"m"
1067,-1.5861,15.7654707026728,0.0844435898529385,"m"
1068,-1.5861,15.7645271219787,0.0844451794395956,"m"
1069,-1.5861,15.7635850992011,0.084446794411951,"m"
1070,-1.5861,15.7626446443991,0.0844484349339158,"m"
1071,-1.5861,15.761705767632,0.0844501011694006,"m"
1072,-1.5861,15.7607684789589,0.0844517932823165,"m"
1073,-1.5861,15.7598327884391,0.0844535114365742,"m"
1074,-1.5861,15.7588987061316,0.0844552557960848,"m"
1075,-1.5861,15.7579662420958,0.084457026524759,"m"
1076,-1.5861,15.7570354063908,0.0844588237865078,"m"
1077,-1.5861,15.7561062090757,0.084460647745242,"m"
1078,-1.5861,15.7551786602098,0.0844624985648725,"m"
1079,-1.5861,15.7542527698522,0.0844643764093103,"m"
1080,-1.5861,15.7533285480622,0.0844662814424662,"m"
1081,-1.5861,15.7524060048989,0.084468213828251,"m"
1082,-1.5861,15.7514851504214,0.0844701737305757,"m"
1083,-1.5861,15.7505659946891,0.0844721613133512,"m"
1084,-1.5861,15.7496485477611,0.0844741767404883,"m"
1085,-1.5861,15.7487328196965,0.084476220175898,"m"
1086,-1.5861,15.7478188205546,0.084478291783491,"m"
1087,-1.5861,15.7469065603945,0.0844803917271784,"m"
1088,-1.5861,15.7459960492754,0.0844825201708709,"m"
1089,-1.5861,15.7450872972566,0.0844846772784795,"m"
1090,-1.5861,15.7441803143971,0.0844868632139151,"m"
1091,-1.5861,15.7432751107562,0.0844890781410885,"m"
1092,-1.5861,15.7423716963931,0.0844913222239106,"m"
1093,-1.5861,15.7414700813669,0.0844935956262923,"m"
1094,-1.5861,15.7405702757369,0.0844958985121445,"m"
1095,-1.5861,15.7396722895622,0.0844982310453781,"m"
1096,-1.5861,15.7387761328706,0.0845005933893951,"m"
1097,-1.5861,15.7378818118812,0.0845029856460253,"m"
1098,-1.5861,15.7369893254169,0.0845054077975156,"m"
1099,-1.5861,15.7360986714504,0.0845078598123742,"m"
1100,-1.5861,15.7352098479548,0.0845103416591087,"m"
1101,-1.5861,15.7343228529028,0.0845128533062271,"m"
1102,-1.5861,15.7334376842673,0.0845153947222373,"m"
1103,-1.5861,15.7325543400213,0.0845179658756471,"m"
1104,-1.5861,15.7316728181375,0.0845205667349644,"m"
1105,-1.5861,15.730793116589,0.084523197268697,"m"
1106,-1.5861,15.7299152333486,0.0845258574453529,"m"
1107,-1.5861,15.7290391663891,0.0845285472334399,"m"
1108,-1.5861,15.7281649136835,0.0845312666014659,"m"
1109,-1.5861,15.7272924732046,0.0845340155179387,"m"
1110,-1.5861,15.7264218429253,0.0845367939513662,"m"
1111,-1.5861,15.7255530208185,0.0845396018702564,"m"
1112,-1.5861,15.7246860048571,0.084542439243117,"m"
1113,-1.5861,15.723820793014,0.0845453060384559,"m"
1114,-1.5861,15.722957383262,0.0845482022247811,"m"
1115,-1.5861,15.7220957735741,0.0845511277706003,"m"
1116,-1.5861,15.7212359619231,0.0845540826444214,"m"
1117,-1.5861,15.7203779462819,0.0845570668147524,"m"
1118,-1.5861,15.7195217246234,0.0845600802501011,"m"
1119,-1.5861,15.7186672949204,0.0845631229189753,"m"
1120,-1.5861,15.7178146551459,0.084566194789883,"m"
1121,-1.5861,15.7169638032728,0.084569295831332,"m"
1122,-1.5861,15.7161147372739,0.0845724260118301,"m"
1123,-1.5861,15.7152674551221,0.0845755852998853,"m"
1124,-1.5861,15.7144219547903,0.0845787736640054,"m"
1125,-1.5861,15.7135782342513,0.0845819910726983,"m"
1126,-1.5861,15.7127362914782,0.0845852374944718,"m"
1127,-1.5861,15.7118961244437,0.0845885128978339,"m"
1128,-1.5861,15.7110577311207,0.0845918172512924,"m"
1129,-1.5861,15.7102211094821,0.0845951505233551,"m"
1130,-1.5861,15.7093862575008,0.08459851268253,"m"
1131,-1.5861,15.7085531731497,0.084601903697325,"m"
1132,-1.5861,15.7077218544017,0.0846053235362478,"m"
1133,-1.5861,15.7068922992296,0.0846087721678063,"m"
1134,-1.5861,15.7060645056064,0.0846122495605085,"m"
1135,-1.5861,15.7052384715049,0.0846157556828622,"m"
1136,-1.5861,15.704414194898,0.0846192905033752,"m"
1137,-1.5861,15.7035916737585,0.0846228539905555,"m"
1138,-1.5861,15.7027709060595,0.0846264461129109,"m"
1139,-1.5861,15.7019518897737,0.0846300668389493,"m"
1140,-1.5861,15.701134622874,0.0846337161371785,"m"
1141,-1.5861,15.7003191033334,0.0846373939761065,"m"
1142,-1.5861,15.6995053291247,0.0846411003242411,"m"
1143,-1.5861,15.6986932982207,0.0846448351500901,"m"
1144,-1.5861,15.6978830085945,0.0846485984221615,"m"
1145,-1.5861,15.6970744582188,0.0846523901089631,"m"
1146,-1.5861,15.6962676450665,0.0846562101790027,"m"
1147,-1.5861,15.6954625671106,0.0846600586007883,"m"
1148,-1.5861,15.6946592223239,0.0846639353428278,"m"
1149,-1.5861,15.6938576086793,0.0846678403736289,"m"
1150,-1.5861,15.6930577241497,0.0846717736616996,"m"
1151,-1.5861,15.6922595667079,0.0846757351755477,"m"
1152,-1.5861,15.6914631343269,0.0846797248836812,"m"
1153,-1.5861,15.6906684249795,0.0846837427546078,"m"
1154,-1.5861,15.6898754366386,0.0846877887568355,"m"
1155,-1.5861,15.6890841672771,0.084691862858872,"m"
1156,-1.5861,15.688294614868,0.0846959650292254,"m"
1157,-1.5861,15.687506777384,0.0847000952364035,"m"
1158,-1.5861,15.686720652798,0.0847042534489141,"m"
1159,-1.5861,15.685936239083,0.0847084396352651,"m"
1160,-1.5861,15.6851535342118,0.0847126537639643,"m"
1161,-1.5861,15.6843725361573,0.0847168958035197,"m"
1162,-1.5861,15.6835932428924,0.0847211657224392,"m"
1163,-1.5861,15.68281565239,0.0847254634892305,"m"
1164,-1.5861,15.6820397626229,0.0847297890724016,"m"
1165,-1.5861,15.6812655715641,0.0847341424404603,"m"
1166,-1.5861,15.6804930771864,0.0847385235619145,"m"
1167,-1.5861,15.6797222774627,0.0847429324052721,"m"
1168,-1.5861,15.6789531703659,0.084747368939041,"m"
1169,-1.5861,15.6781857538689,0.0847518331317289,"m"
1170,-1.5861,15.6774200259445,0.0847563249518439,"m"
1171,-1.5861,15.6766559845657,0.0847608443678937,"m"
1172,-1.5861,15.6758936277053,0.0847653913483862,"m"
1173,-1.5861,15.6751329533363,0.0847699658618293,"m"
1174,-1.5861,15.6743739594314,0.084774567876731,"m"
1175,-1.5861,15.6736166439636,0.0847791973615989,"m"
1176,-1.5861,15.6728610049058,0.0847838542849411,"m"
1177,-1.5861,15.6721070402308,0.0847885386152653,"m"
1178,-1.5861,15.6713547479116,0.0847932503210796,"m"
1179,-1.5861,15.670604125921,0.0847979893708916,"m"
1180,-1.5861,15.6698551722319,0.0848027557332093,"m"
1181,-1.5861,15.6691078848172,0.0848075493765406,"m"
1182,-1.5861,15.6683622616497,0.0848123702693934,"m"
1183,-1.5861,15.6676183007025,0.0848172183802754,"m"
1184,-1.5861,15.6668759999482,0.0848220936776947,"m"
1185,-1.5861,15.6661353573599,0.084826996130159,"m"
1186,-1.5861,15.6653963709104,0.0848319257061762,"m"
1187,-1.5861,15.6646590385726,0.0848368823742543,"m"
1188,-1.5861,15.6639233583193,0.084841866102901,"m"
1189,-1.5861,15.6631893281235,0.0848468768606242,"m"
1190,-1.5861,15.6624569459581,0.0848519146159318,"m"
1191,-1.5861,15.6617262097959,0.0848569793373318,"m"
1192,-1.5861,15.6609971176098,0.0848620709933318,"m"
1193,-1.5861,15.6602696673727,0.08486718955244,"m"
1194,-1.5861,15.6595438570575,0.0848723349831639,"m"
1195,-1.5861,15.658819684637,0.0848775072540117,"m"
1196,-1.5861,15.6580971480842,0.0848827063334911,"m"
1197,-1.5861,15.6573762453719,0.08488793219011,"m"
1198,-1.5861,15.6566569744731,0.0848931847923763,"m"
1199,-1.5861,15.6559393333605,0.0848984641087979,"m"
1200,-1.5861,15.6552233200071,0.0849037701078825,"m"
1201,-1.5861,15.6545089323858,0.0849091027581382,"m"
1202,-1.5861,15.6537961684695,0.0849144620280727,"m"
1203,-1.5861,15.653085026231,0.084919847886194,"m"
1204,-1.5861,15.6523755036432,0.0849252603010098,"m"
1205,-1.5861,15.651667598679,0.0849306992410282,"m"
1206,-1.5861,15.6509613093113,0.0849361646747568,"m"
1207,-1.5861,15.650256633513,0.0849416565707038,"m"
1208,-1.5861,15.6495535692569,0.0849471748973767,"m"
1209,-1.5861,15.648852114516,0.0849527196232837,"m"
1210,-1.5861,15.6481522672631,0.0849582907169325,"m"
1211,-1.5861,15.6474540254712,0.084963888146831,"m"
1212,-1.5861,15.646757387113,0.0849695118814871,"m"
1213,-1.5861,15.6460623501615,0.0849751618894086,"m"
1214,-1.5861,15.6453689125895,0.0849808381391034,"m"
1215,-1.5861,15.64467707237,0.0849865405990795,"m"
1216,-1.5861,15.6439868274758,0.0849922692378445,"m"
1217,-1.5861,15.6432981758799,0.0849980240239065,"m"
1218,-1.5861,15.642611115555,0.0850038049257734,"m"
1219,-1.5861,15.6419256444742,0.0850096119119528,"m"
1220,-1.5861,15.6412417606102,0.0850154449509529,"m"
1221,-1.5861,15.6405594619359,0.0850213040112813,"m"
1222,-1.5861,15.6398787464243,0.0850271890614461,"m"
1223,-1.5861,15.6391996120482,0.085033100069955,"m"
1224,-1.5861,15.6385220567805,0.0850390370053159,"m"
1225,-1.5861,15.6378460785941,0.0850449998360367,"m"
1226,-1.5861,15.6371716754619,0.0850509885306253,"m"
1227,-1.5861,15.6364988453567,0.0850570030575895,"m"
1228,-1.5861,15.6358275862515,0.0850630433854373,"m"
1229,-1.5861,15.6351578961191,0.0850691094826764,"m"
1230,-1.5861,15.6344897729324,0.0850752013178148,"m"
1231,-1.5861,15.6338232146642,0.0850813188593603,"m"
1232,-1.5861,15.6331582192876,0.0850874620758208,"m"
1233,-1.5861,15.6324947847753,0.0850936309357042,"m"
1234,-1.5861,15.6318329091003,0.0850998254075183,"m"
1235,-1.5861,15.6311725902354,0.0851060454597711,"m"
1236,-1.5861,15.6305138261535,0.0851122910609703,"m"
1237,-1.5861,15.6298566148275,0.0851185621796239,"m"
1238,-1.5861,15.6292009542303,0.0851248587842397,"m"
1239,-1.5861,15.6285468423348,0.0851311808433255,"m"
1240,-1.5861,15.6278942771138,0.0851375283253894,"m"
1241,-1.5861,15.6272432565402,0.0851439011989391,"m"
1242,-1.5861,15.6265937785869,0.0851502994324825,"m"
1243,-1.5861,15.6259458412269,0.0851567229945275,"m"
1244,-1.5861,15.6252994424329,0.0851631718535819,"m"
1245,-1.5861,15.6246545801779,0.0851696459781537,"m"
1246,-1.5861,15.6240112524348,0.0851761453367506,"m"
1247,-1.5861,15.6233694571764,0.0851826698978806,"m"
1248,-1.5861,15.6227291923756,0.0851892196300516,"m"
1249,-1.5861,15.6220904560054,0.0851957945017713,"m"
1250,-1.5861,15.6214532460385,0.0852023944815478,"m"
1251,-1.5861,15.6208175604479,0.0852090195378887,"m"
1252,-1.5861,15.6201833972064,0.0852156696393021,"m"
1253,-1.5861,15.619550754287,0.0852223447542958,"m"
1254,-1.5861,15.6189196296625,0.0852290448513777,"m"
1255,-1.5861,15.6182900213059,0.0852357698990556,"m"
1256,-1.5861,15.6176619271899,0.0852425198658374,"m"
1257,-1.5861,15.6170353452875,0.0852492947202309,"m"
1258,-1.5861,15.6164102735715,0.0852560944307442,"m"
1259,-1.5861,15.615786710015,0.0852629189658849,"m"
1260,-1.5861,15.6151646525906,0.085269768294161,"m"
1261,-1.5861,15.6145440992714,0.0852766423840804,"m"
1262,-1.5861,15.6139250480301,0.0852835412041509,"m"
1263,-1.5861,15.6133074968397,0.0852904647228804,"m"
1264,-1.5861,15.6126914436732,0.0852974129087768,"m"
1265,-1.5861,15.6120768865032,0.085304385730348,"m"
1266,-1.5861,15.6114638233028,0.0853113831561017,"m"
1267,-1.5861,15.6108522520448,0.085318405154546,"m"
1268,-1.5861,15.6102421707021,0.0853254516941886,"m"
1269,-1.5861,15.6096335772476,0.0853325227435374,"m"
1270,-1.5861,15.6090264696542,0.0853396182711003,"m"
1271,-1.5861,15.6084208458947,0.0853467382453852,"m"
1272,-1.5861,15.6078167039421,0.0853538826349,"m"
1273,-1.5861,15.6072140417692,0.0853610514081524,"m"
1274,-1.5861,15.6066128573489,0.0853682445336505,"m"
1275,-1.5861,15.6060131486541,0.085375461979902,"m"
1276,-1.5861,15.6054149136577,0.0853827037154148,"m"
1277,-1.5861,15.6048181503325,0.0853899697086968,"m"
1278,-1.5861,15.6042228566515,0.0853972599282559,"m"
1279,-1.5861,15.6036290306708,0.0854045743423374,"m"
1280,-1.5861,15.603036671577,0.0854119129156237,"m"
1281,-1.5861,15.6024457793718,0.0854192756102291,"m"
1282,-1.5861,15.6018563540743,0.0854266623882111,"m"
1283,-1.5861,15.6012683957042,0.0854340732116274,"m"
1284,-1.5861,15.6006819042809,0.0854415080425356,"m"
1285,-1.5861,15.6000968798236,0.0854489668429934,"m"
1286,-1.5861,15.599513322352,0.0854564495750584,"m"
1287,-1.5861,15.5989312318855,0.0854639562007882,"m"
1288,-1.5861,15.5983506084434,0.0854714866822405,"m"
1289,-1.5861,15.5977714520452,0.0854790409814728,"m"
1290,-1.5861,15.5971937627104,0.0854866190605429,"m"
1291,-1.5861,15.5966175404583,0.0854942208815083,"m"
1292,-1.5861,15.5960427853084,0.0855018464064267,"m"
1293,-1.5861,15.5954694972802,0.0855094955973556,"m"
1294,-1.5861,15.594897676393,0.0855171684163529,"m"
1295,-1.5861,15.5943273226663,0.0855248648254759,"m"
1296,-1.5861,15.5937584361196,0.0855325847867825,"m"
1297,-1.5861,15.5931910167722,0.0855403282623302,"m"
1298,-1.5861,15.5926250646436,0.0855480952141767,"m"
1299,-1.5861,15.5920605797533,0.0855558856043795,"m"
1300,-1.5861,15.5914975621206,0.0855636993949963,"m"
1301,-1.5861,15.590936011765,0.0855715365480848,"m"
1302,-1.5861,15.590375928706,0.0855793970257026,"m"
1303,-1.5861,15.5898173129629,0.0855872807899073,"m"
1304,-1.5861,15.5892601645553,0.0855951878027565,"m"
1305,-1.5861,15.5887044835024,0.0856031180263079,"m"
1306,-1.5861,15.5881502698238,0.0856110714226191,"m"
1307,-1.5861,15.587597523539,0.0856190479537477,"m"
1308,-1.5861,15.5870462446672,0.0856270475817513,"m"
1309,-1.5861,15.586496433228,0.0856350702686877,"m"
1310,-1.5861,15.5859480892409,0.0856431159766144,"m"
1311,-1.5861,15.5854012127251,0.085651184667589,"m"
1312,-1.5861,15.5848558037002,0.0856592763036692,"m"
1313,-1.5861,15.5843118621856,0.0856673908469126,"m"
1314,-1.5861,15.5837693882008,0.0856755282593768,"m"
1315,-1.5861,15.5832283817651,0.0856836885031195,"m"
1316,-1.5861,15.582688842898,0.0856918715401983,"m"
1317,-1.5861,15.5821507716189,0.0857000773326708,"m"
1318,-1.5861,15.5816141679473,0.0857083058425947,"m"
1319,-1.5861,15.5810790319025,0.0857165570320276,"m"
1320,-1.5861,15.5805453635042,0.0857248308630271,"m"
1321,-1.5861,15.5800131627715,0.0857331272976509,"m"
1322,-1.5861,15.5794824297241,0.0857414462979565,"m"
1323,-1.5861,15.5789531643813,0.0857497878260016,"m"
1324,-1.5861,15.5784253667625,0.0857581518438439,"m"
1325,-1.5861,15.5778990368873,0.085766538313541,"m"
1326,-1.5861,15.5773741747749,0.0857749471971504,"m"
1327,-1.5861,15.576850780445,0.0857833784567299,"m"
1328,-1.5861,15.5763288539168,0.085791832054337,"m"
1329,-1.5861,15.5758083952098,0.0858003079520295,"m"
1330,-1.5861,15.5752894043436,0.0858088061118648,"m"
1331,-1.5861,15.5747718813374,0.0858173264959007,"m"
1332,-1.5861,15.5742558262107,0.0858258690661948,"m"
1333,-1.5861,15.573741238983,0.0858344337848047,"m"
1334,-1.5861,15.5732281196736,0.0858430206137881,"m"
1335,-1.5861,15.5727164683021,0.0858516295152025,"m"
1336,-1.5861,15.5722062848879,0.0858602604511056,"m"
1337,-1.5861,15.5716975694503,0.0858689133835551,"m"
1338,-1.5861,15.5711903220089,0.0858775882746085,"m"
1339,-1.5861,15.570684542583,0.0858862850863235,"m"
1340,-1.5861,15.5701802311921,0.0858950037807577,"m"
1341,-1.5861,15.5696773878556,0.0859037443199688,"m"
1342,-1.5861,15.569176012593,0.0859125066660144,"m"
1343,-1.5861,15.5686761054237,0.085921290780952,"m"
1344,-1.5861,15.5681776663671,0.0859300966268395,"m"
1345,-1.5861,15.5676806954427,0.0859389241657343,"m"
1346,-1.5861,15.5671851926698,0.0859477733596941,"m"
1347,-1.5861,15.566691158068,0.0859566441707765,"m"
1348,-1.5861,15.5661985916566,0.0859655365610392,"m"
1349,-1.5861,15.5657074934551,0.0859744504925398,"m"
1350,-1.5861,15.5652178634829,0.085983385927336,"m"
1351,-1.5861,15.5647297017595,0.0859923428274852,"m"
1352,-1.5861,15.5642430083042,0.0860013211550453,"m"
1353,-1.5861,15.5637577831366,0.0860103208720738,"m"
1354,-1.5861,15.563274026276,0.0860193419406283,"m"
1355,-1.5861,15.5627917377419,0.0860283843227665,"m"
1356,-1.5861,15.5623109175538,0.0860374479805461,"m"
1357,-1.5861,15.561831565731,0.0860465328760245,"m"
1358,-1.5861,15.5613536822929,0.0860556389712595,"m"
1359,-1.5861,15.5608772672591,0.0860647662283087,"m"
1360,-1.5861,15.5604023206489,0.0860739146092298,"m"
1361,-1.5861,15.5599288424819,0.0860830840760803,"m"
1362,-1.5861,15.5594568327773,0.0860922745909179,"m"
1363,-1.5861,15.5589862915547,0.0861014861158002,"m"
1364,-1.5861,15.5585172188335,0.0861107186127849,"m"
1365,-1.5861,15.558049614633,0.0861199720439295,"m"
1366,-1.5861,15.5575834789729,0.0861292463712917,"m"
1367,-1.5861,15.5571188118724,0.0861385415569292,"m"
1368,-1.5861,15.556655613351,0.0861478575628996,"m"
1369,-1.5861,15.5561938834282,0.0861571943512604,"m"
1370,-1.5861,15.5557336221233,0.0861665518840694,"m"
1371,-1.5861,15.5552748294559,0.0861759301233842,"m"
1372,-1.5861,15.5548175054453,0.0861853290312623,"m"
1373,-1.5861,15.554361650111,0.0861947485697614,"m"
1374,-1.5861,15.5539072634724,0.0862041887009393,"m"
1375,-1.5861,15.553454345549,0.0862136493868533,"m"
1376,-1.5861,15.5530028963601,0.0862231305895613,"m"
1377,-1.5861,15.5525529159253,0.0862326322711209,"m"
1378,-1.5861,15.5521044042638,0.0862421543935896,"m"
1379,-1.5861,15.5516573613953,0.0862516969190251,"m"
1380,-1.5861,15.5512117873391,0.086261259809485,"m"
1381,-1.5861,15.5507676821146,0.086270843027027,"m"
1382,-1.5861,15.5503250457413,0.0862804465337087,"m"
1383,-1.5861,15.5498838782386,0.0862900702915878,"m"
1384,-1.5861,15.549444179626,0.0862997142627217,"m"
1385,-1.5861,15.5490059499228,0.0863093784091683,"m"
1386,-1.5861,15.5485691891486,0.0863190626929851,"m"
1387,-1.5861,15.5481338973227,0.0863287670762297,"m"
1388,-1.5861,15.5477000744645,0.0863384915209598,"m"
1389,-1.5861,15.5472677205936,0.086348235989233,"m"
1390,-1.5861,15.5468368357293,0.0863580004431069,"m"
1391,-1.5861,15.5464074198911,0.0863677848446392,"m"
1392,-1.5861,15.5459794730984,0.0863775891558874,"m"
1393,-1.5861,15.5455529953706,0.0863874133389094,"m"
1394,-1.5861,15.5451279867272,0.0863972573557625,"m"
1395,-1.5861,15.5447044471877,0.0864071211685046,"m"
1396,-1.5861,15.5442823767713,0.0864170047391931,"m"
1397,-1.5861,15.5438617754976,0.0864269080298858,"m"
1398,-1.5861,15.5434426433861,0.0864368310026403,"m"
1399,-1.5861,15.5430249804561,0.0864467736195142,"m"
1400,-1.5861,15.542608786727,0.0864567358425651,"m"
1401,-1.5861,15.5421940622184,0.0864667176338507,"m"
1402,-1.5861,15.5417808069496,0.0864767189554286,"m"
1403,-1.5861,15.54136902094,0.0864867397693564,"m"
1404,-1.5861,15.5409587042092,0.0864967800376918,"m"
1405,-1.5861,15.5405498567765,0.0865068397224923,"m"
1406,-1.5861,15.5401424786614,0.0865169187858157,"m"
1407,-1.5861,15.5397365698833,0.0865270171897196,"m"
1408,-1.5861,15.5393321304616,0.0865371348962615,"m"
1409,-1.5861,15.5389291604158,0.0865472718674991,"m"
1410,-1.5861,15.5385276597653,0.08655742806549,"m"
1411,-1.5861,15.5381276285295,0.0865676034522919,"m"
1412,-1.5861,15.5377290667279,0.0865777979899624,"m"
1413,-1.5861,15.5373319743799,0.0865880116405592,"m"
1414,-1.5861,15.5369363515049,0.0865982443661398,"m"
1415,-1.5861,15.5365421981224,0.0866084961287619,"m"
1416,-1.5861,15.5361495142518,0.0866187668904831,"m"
1417,-1.5861,15.5357582999126,0.0866290566133611,"m"
1418,-1.5861,15.5353685551241,0.0866393652594534,"m"
1419,-1.5861,15.5349802799058,0.0866496927908177,"m"
1420,-1.5861,15.5345934742771,0.0866600391695117,"m"
1421,-1.5861,15.5342081382575,0.086670404357593,"m"
1422,-1.5861,15.5338242718665,0.0866807883171191,"m"
1423,-1.5861,15.5334418751233,0.0866911910101478,"m"
1424,-1.5861,15.5330609480475,0.0867016123987367,"m"
1425,-1.5861,15.5326814906585,0.0867120524449433,"m"
1426,-1.5861,15.5323035029757,0.0867225111108254,"m"
1427,-1.5861,15.5319269850186,0.0867329883584405,"m"
1428,-1.5861,15.5315519368066,0.0867434841498463,"m"
1429,-1.5861,15.5311783583592,0.0867539984471004,"m"
1430,-1.5861,15.5308062496957,0.0867645312122605,"m"
1431,-1.5861,15.5304356108356,0.0867750824073841,"m"
1432,-1.5861,15.5300664417983,0.086785651994529,"m"
1433,-1.5861,15.5296987426033,0.0867962399357526,"m"
1434,-1.5861,15.52933251327,0.0868068461931127,"m"
1435,-1.5861,15.5289677538178,0.086817470728667,"m"
1436,-1.5861,15.5286044642661,0.0868281135044729,"m"
1437,-1.5861,15.5282426446345,0.0868387744825882,"m"
1438,-1.5861,15.5278822949423,0.0868494536250705,"m"
1439,-1.5861,15.527523415209,0.0868601508939774,"m"
1440,-1.5861,15.5271660054539,0.0868708662513665,"m"
1441,-1.5861,15.5268100656966,0.0868815996592955,"m"
1442,-1.5861,15.5264555959565,0.086892351079822,"m"
1443,-1.5861,15.5261025962529,0.0869031204750037,"m"
1444,-1.5861,15.5257510666054,0.0869139078068981,"m"
1445,-1.5861,15.5254010070333,0.0869247130375629,"m"
1446,-1.5861,15.5250524175561,0.0869355361290558,"m"
1447,-1.5861,15.5247052981932,0.0869463770434343,"m"
1448,-1.5861,15.5243596489641,0.086957235742756,"m"
1449,-1.5861,15.5240154698882,0.0869681121890788,"m"
1450,-1.5861,15.523672760985,0.08697900634446,"m"
1451,-1.5861,15.5233315222737,0.0869899181709574,"m"
1452,-1.5861,15.522991753774,0.0870008476306286,"m"
1453,-1.5861,15.5226534555052,0.0870117946855313,"m"
1454,-1.5861,15.5223166274868,0.087022759297723,"m"
1455,-1.5861,15.5219812697381,0.0870337414292615,"m"
1456,-1.5861,15.5216473822787,0.0870447410422042,"m"
1457,-1.5861,15.5213149651279,0.087055758098609,"m"
1458,-1.5861,15.5209840183052,0.0870667925605332,"m"
1459,-1.5861,15.52065454183,0.0870778443900348,"m"
1460,-1.5861,15.5203265357218,0.0870889135491711,"m"
1461,-1.5861,15.52,0.0871,"m"
1462,-1.5861,15.5196749340206,0.0871111037250283,"m"
1463,-1.5861,15.5193513344859,0.0871222247885606,"m"
1464,-1.5861,15.5190291974349,0.0871333632753506,"m"
1465,-1.5861,15.5187085189064,0.0871445192701522,"m"
1466,-1.5861,15.5183892949395,0.0871556928577191,"m"
1467,-1.5861,15.5180715215729,0.0871668841228053,"m"
1468,-1.5861,15.5177551948457,0.0871780931501645,"m"
1469,-1.5861,15.5174403107967,0.0871893200245506,"m"
1470,-1.5861,15.5171268654648,0.0872005648307174,"m"
1471,-1.5861,15.516814854889,0.0872118276534186,"m"
1472,-1.5861,15.5165042751082,0.0872231085774081,"m"
1473,-1.5861,15.5161951221613,0.0872344076874398,"m"
1474,-1.5861,15.5158873920873,0.0872457250682675,"m"
1475,-1.5861,15.5155810809249,0.0872570608046449,"m"
1476,-1.5861,15.5152761847133,0.087268414981326,"m"
1477,-1.5861,15.5149726994911,0.0872797876830644,"m"
1478,-1.5861,15.5146706212975,0.0872911789946142,"m"
1479,-1.5861,15.5143699461713,0.0873025890007289,"m"
1480,-1.5861,15.5140706701514,0.0873140177861626,"m"
1481,-1.5861,15.5137727892767,0.0873254654356689,"m"
1482,-1.5861,15.5134762995862,0.0873369320340018,"m"
1483,-1.5861,15.5131811971187,0.087348417665915,"m"
1484,-1.5861,15.5128874779132,0.0873599224161624,"m"
1485,-1.5861,15.5125951380087,0.0873714463694978,"m"
1486,-1.5861,15.5123041734439,0.087382989610675,"m"
1487,-1.5861,15.5120145802579,0.0873945522244478,"m"
1488,-1.5861,15.5117263544895,0.0874061342955701,"m"
1489,-1.5861,15.5114394921777,0.0874177359087956,"m"
1490,-1.5861,15.5111539893614,0.0874293571488783,"m"
1491,-1.5861,15.5108698420795,0.0874409981005718,"m"
1492,-1.5861,15.5105870463709,0.0874526588486301,"m"
1493,-1.5861,15.5103055982745,0.0874643394778069,"m"
1494,-1.5861,15.5100254938293,0.0874760400728562,"m"
1495,-1.5861,15.5097467290741,0.0874877607185316,"m"
1496,-1.5861,15.5094693000479,0.087499501499587,"m"
1497,-1.5861,15.5091932027896,0.0875112625007763,"m"
1498,-1.5861,15.5089184333382,0.0875230438068532,"m"
1499,-1.5861,15.5086449877324,0.0875348455025716,"m"
1500,-1.5861,15.5083728620113,0.0875466676726853,"m"
1501,-1.5861,15.5081020522138,0.0875585104019481,"m"
1502,-1.5861,15.5078325543788,0.0875703737751139,"m"
1503,-1.5861,15.5075643645451,0.0875822578769365,"m"
1504,-1.5861,15.5072974787518,0.0875941627921696,"m"
1505,-1.5861,15.5070318930377,0.0876060886055671,"m"
1506,-1.5861,15.5067676034417,0.0876180354018829,"m"
1507,-1.5861,15.5065046060028,0.0876300032658707,"m"
1508,-1.5861,15.5062428967599,0.0876419922822843,"m"
1509,-1.5861,15.5059824717518,0.0876540025358777,"m"
1510,-1.5861,15.5057233270176,0.0876660341114045,"m"
1511,-1.5861,15.5054654585961,0.0876780870936187,"m"
1512,-1.5861,15.5052088625263,0.0876901615672741,"m"
1513,-1.5861,15.504953534847,0.0877022576171244,"m"
1514,-1.5861,15.5046994715972,0.0877143753279235,"m"
1515,-1.5861,15.5044466688158,0.0877265147844252,"m"
1516,-1.5861,15.5041951225417,0.0877386760713834,"m"
1517,-1.5861,15.5039448288138,0.0877508592735518,"m"
1518,-1.5861,15.5036957836711,0.0877630644756843,"m"
1519,-1.5861,15.5034479831524,0.0877752917625347,"m"
1520,-1.5861,15.5032014232968,0.0877875412188567,"m"
1521,-1.5861,15.502956100143,0.0877998129294044,"m"
1522,-1.5861,15.50271200973,0.0878121069789314,"m"
1523,-1.5861,15.5024691480967,0.0878244234521916,"m"
1524,-1.5861,15.5022275112821,0.0878367624339387,"m"
1525,-1.5861,15.501987095325,0.0878491240089267,"m"
1526,-1.5861,15.5017478962644,0.0878615082619094,"m"
1527,-1.5861,15.5015099101392,0.0878739152776405,"m"
1528,-1.5861,15.5012731329883,0.0878863451408739,"m"
1529,-1.5861,15.5010375608507,0.0878987979363634,"m"
1530,-1.5861,15.5008031897651,0.0879112737488628,"m"
1531,-1.5861,15.5005700157707,0.087923772663126,"m"
1532,-1.5861,15.5003380349062,0.0879362947639067,"m"
1533,-1.5861,15.5001072432106,0.0879488401359588,"m"
1534,-1.5861,15.4998776367228,0.0879614088640362,"m"
1535,-1.5861,15.4996492114817,0.0879740010328925,"m"
1536,-1.5861,15.4994219635263,0.0879866167272818,"m"
1537,-1.5861,15.4991958888954,0.0879992560319577,"m"
1538,-1.5861,15.498970983628,0.088011919031674,"m"
1539,-1.5861,15.498747243763,0.0880246058111847,"m"
1540,-1.5861,15.4985246653393,0.0880373164552436,"m"
1541,-1.5861,15.4983032443958,0.0880500510486043,"m"
1542,-1.5861,15.4980829769714,0.0880628096760209,"m"
1543,-1.5861,15.4978638591051,0.0880755924222471,"m"
1544,-1.5861,15.4976458868358,0.0880883993720366,"m"
1545,-1.5861,15.4974290562024,0.0881012306101435,"m"
1546,-1.5861,15.4972133632437,0.0881140862213213,"m"
1547,-1.5861,15.4969988039988,0.0881269662903241,"m"
1548,-1.5861,15.4967853745065,0.0881398709019055,"m"
1549,-1.5861,15.4965730708058,0.0881528001408195,"m"
1550,-1.5861,15.4963618889356,0.0881657540918198,"m"
1551,-1.5861,15.4961518249347,0.0881787328396603,"m"
1552,-1.5861,15.4959428748421,0.0881917364690948,"m"
1553,-1.5861,15.4957350346968,0.088204765064877,"m"
1554,-1.5861,15.4955283005376,0.0882178187117609,"m"
1555,-1.5861,15.4953226684034,0.0882308974945003,"m"
1556,-1.5861,15.4951181343332,0.0882440014978489,"m"
1557,-1.5861,15.4949146943659,0.0882571308065606,"m"
1558,-1.5861,15.4947123445404,0.0882702855053892,"m"
1559,-1.5861,15.4945110808956,0.0882834656790885,"m"
1560,-1.5861,15.4943108994705,0.0882966714124124,"m"
1561,-1.5861,15.4941117963039,0.0883099027901147,"m"
1562,-1.5861,15.4939137674348,0.0883231598969492,"m"
1563,-1.5861,15.493716808902,0.0883364428176696,"m"
1564,-1.5861,15.4935209167446,0.0883497516370299,"m"
1565,-1.5861,15.4933260870013,0.0883630864397839,"m"
1566,-1.5861,15.4931323157112,0.0883764473106853,"m"
1567,-1.5861,15.4929395989132,0.0883898343344881,"m"
1568,-1.5861,15.4927479326461,0.0884032475959459,"m"
1569,-1.5861,15.4925573129489,0.0884166871798127,"m"
1570,-1.5861,15.4923677358605,0.0884301531708423,"m"
1571,-1.5861,15.4921791974198,0.0884436456537884,"m"
1572,-1.5861,15.4919916936658,0.0884571647134049,"m"
1573,-1.5861,15.4918052206373,0.0884707104344457,"m"
1574,-1.5861,15.4916197743732,0.0884842829016644,"m"
1575,-1.5861,15.4914353509126,0.0884978821998151,"m"
1576,-1.5861,15.4912519462942,0.0885115084136515,"m"
1577,-1.5861,15.4910695565571,0.0885251616279273,"m"
1578,-1.5861,15.49088817774,0.0885388419273965,"m"
1579,-1.5861,15.4907078058821,0.0885525493968128,"m"
1580,-1.5861,15.4905284370221,0.0885662841209301,"m"
1581,-1.5861,15.4903500671989,0.0885800461845022,"m"
1582,-1.5861,15.4901726924516,0.0885938356722829,"m"
1583,-1.5861,15.489996308819,0.088607652669026,"m"
1584,-1.5861,15.48982091234,0.0886214972594853,"m"
1585,-1.5861,15.4896464990536,0.0886353695284148,"m"
1586,-1.5861,15.4894730649986,0.0886492695605681,"m"
1587,-1.5861,15.489300606214,0.0886631974406992,"m"
1588,-1.5861,15.4891291187387,0.0886771532535617,"m"
1589,-1.5861,15.4889585986116,0.0886911370839097,"m"
1590,-1.5861,15.4887890418716,0.0887051490164968,"m"
1591,-1.5861,15.4886204445577,0.0887191891360769,"m"
1592,-1.5861,15.4884528027087,0.0887332575274038,"m"
1593,-1.5861,15.4882861123637,0.0887473542752314,"m"
1594,-1.5861,15.4881203695614,0.0887614794643134,"m"
1595,-1.5861,15.4879555703408,0.0887756331794037,"m"
1596,-1.5861,15.4877917107408,0.0887898155052562,"m"
1597,-1.5861,15.4876287868004,0.0888040265266245,"m"
1598,-1.5861,15.4874667945585,0.0888182663282626,"m"
1599,-1.5861,15.4873057300539,0.0888325349949242,"m"
1600,-1.5861,15.4871455893256,0.0888468326113632,"m"
1601,-1.5861,15.4869863684126,0.0888611592623334,"m"
1602,-1.5861,15.4868280633536,0.0888755150325887,"m"
1603,-1.5861,15.4866706701877,0.0888899000068828,"m"
1604,-1.5861,15.4865141849538,0.0889043142699696,"m"
1605,-1.5861,15.4863586036907,0.0889187579066028,"m"
1606,-1.5861,15.4862039224374,0.0889332310015364,"m"
1607,-1.5861,15.4860501372328,0.0889477336395241,"m"
1608,-1.5861,15.4858972441159,0.0889622659053197,"m"
1609,-1.5861,15.4857452391255,0.0889768278836772,"m"
1610,-1.5861,15.4855941183005,0.0889914196593502,"m"
1611,-1.5861,15.48544387768,0.0890060413170926,"m"
1612,-1.5861,15.4852945133027,0.0890206929416583,"m"
1613,-1.5861,15.4851460212076,0.089035374617801,"m"
1614,-1.5861,15.4849983974336,0.0890500864302746,"m"
1615,-1.5861,15.4848516380197,0.0890648284638329,"m"
1616,-1.5861,15.4847057390048,0.0890796008032297,"m"
1617,-1.5861,15.4845606964277,0.0890944035332188,"m"
1618,-1.5861,15.4844165063274,0.0891092367385541,"m"
1619,-1.5861,15.4842731647428,0.0891241005039894,"m"
1620,-1.5861,15.4841306677128,0.0891389949142785,"m"
1621,-1.5861,15.4839890112764,0.0891539200541752,"m"
1622,-1.5861,15.4838481914724,0.0891688760084334,"m"
1623,-1.5861,15.4837082043398,0.0891838628618068,"m"
1624,-1.5861,15.4835690459175,0.0891988806990493,"m"
1625,-1.5861,15.4834307122443,0.0892139296049147,"m"
1626,-1.5861,15.4832931993593,0.0892290096641569,"m"
1627,-1.5861,15.4831565033014,0.0892441209615295,"m"
1628,-1.5861,15.4830206201094,0.0892592635817866,"m"
1629,-1.5861,15.4828855458222,0.0892744376096818,"m"
1630,-1.5861,15.4827512764789,0.0892896431299691,"m"
1631,-1.5861,15.4826178081182,0.0893048802274022,"m"
1632,-1.5861,15.4824851367792,0.0893201489867349,"m"
1633,-1.5861,15.4823532585007,0.0893354494927211,"m"
1634,-1.5861,15.4822221693217,0.0893507818301146,"m"
1635,-1.5861,15.482091865281,0.0893661460836692,"m"
1636,-1.5861,15.4819623424176,0.0893815423381387,"m"
1637,-1.5861,15.4818335967704,0.0893969706782771,"m"
1638,-1.5861,15.4817056243783,0.0894124311888379,"m"
1639,-1.5861,15.4815784212803,0.0894279239545752,"m"
1640,-1.5861,15.4814519835152,0.0894434490602427,"m"
1641,-1.5861,15.481326307122,0.0894590065905942,"m"
1642,-1.5861,15.4812013881396,0.0894745966303836,"m"
1643,-1.5861,15.4810772226068,0.0894902192643647,"m"
1644,-1.5861,15.4809538065808,0.0895058745756318,"m"
1645,-1.5861,15.4808311369363,0.0895215625721113,"m"
1646,-1.5861,15.4807092116834,0.0895372831574286,"m"
1647,-1.5861,15.4805880289154,0.0895530362275263,"m"
1648,-1.5861,15.480467586726,0.0895688216783472,"m"
1649,-1.5861,15.4803478832085,0.0895846394058338,"m"
1650,-1.5861,15.4802289164565,0.0896004893059289,"m"
1651,-1.5861,15.4801106845636,0.0896163712745751,"m"
1652,-1.5861,15.4799931856231,0.0896322852077151,"m"
1653,-1.5861,15.4798764177287,0.0896482310012915,"m"
1654,-1.5861,15.4797603789737,0.0896642085512469,"m"
1655,-1.5861,15.4796450674517,0.0896802177535242,"m"
1656,-1.5861,15.4795304812562,0.0896962585040658,"m"
1657,-1.5861,15.4794166184808,0.0897123306988145,"m"
1658,-1.5861,15.4793034772188,0.0897284342337129,"m"
1659,-1.5861,15.4791910555638,0.0897445690047037,"m"
1660,-1.5861,15.4790793516093,0.0897607349077295,"m"
1661,-1.5861,15.4789683634488,0.0897769318387331,"m"
1662,-1.5861,15.4788580891757,0.089793159693657,"m"
1663,-1.5861,15.4787485268837,0.089809418368444,"m"
1664,-1.5861,15.4786396746662,0.0898257077590367,"m"
1665,-1.5861,15.4785315306166,0.0898420277613777,"m"
1666,-1.5861,15.4784240928286,0.0898583782714097,"m"
1667,-1.5861,15.4783173593955,0.0898747591850754,"m"
1668,-1.5861,15.4782113284109,0.0898911703983175,"m"
1669,-1.5861,15.4781059979684,0.0899076118070785,"m"
1670,-1.5861,15.4780013661613,0.0899240833073012,"m"
1671,-1.5861,15.4778974310831,0.0899405847949282,"m"
1672,-1.5861,15.4777941908275,0.0899571161659022,"m"
1673,-1.5861,15.4776916434879,0.0899736773161659,"m"
1674,-1.5861,15.4775897871577,0.0899902681416618,"m"
1675,-1.5861,15.4774886199305,0.0900068885383327,"m"
1676,-1.5861,15.4773881398999,0.0900235384021212,"m"
1677,-1.5861,15.4772883451592,0.09004021762897,"m"
1678,-1.5861,15.4771892338019,0.0900569261148218,"m"
1679,-1.5861,15.4770908039217,0.0900736637556192,"m"
1680,-1.5861,15.4769930536119,0.0900904304473048,"m"
1681,-1.5861,15.4768959809662,0.0901072260858214,"m"
1682,-1.5861,15.4767995840779,0.0901240505671115,"m"
1683,-1.5861,15.4767038610405,0.0901409037871179,"m"
1684,-1.5861,15.4766088099477,0.0901577856417832,"m"
1685,-1.5861,15.4765144288928,0.0901746960270501,"m"
1686,-1.5861,15.4764207159695,0.0901916348388612,"m"
1687,-1.5861,15.4763276692711,0.0902086019731592,"m"
1688,-1.5861,15.4762352868911,0.0902255973258868,"m"
1689,-1.5861,15.4761435669232,0.0902426207929866,"m"
1690,-1.5861,15.4760525074607,0.0902596722704012,"m"
1691,-1.5861,15.4759621065972,0.0902767516540734,"m"
1692,-1.5861,15.4758723624262,0.0902938588399458,"m"
1693,-1.5861,15.4757832730412,0.090310993723961,"m"
1694,-1.5861,15.4756948365356,0.0903281562020618,"m"
1695,-1.5861,15.475607051003,0.0903453461701907,"m"
1696,-1.5861,15.4755199145368,0.0903625635242905,"m"
1697,-1.5861,15.4754334252307,0.0903798081603038,"m"
1698,-1.5861,15.475347581178,0.0903970799741732,"m"
1699,-1.5861,15.4752623804723,0.0904143788618415,"m"
1700,-1.5861,15.4751778212071,0.0904317047192513,"m"
1701,-1.5861,15.4750939014758,0.0904490574423452,"m"
1702,-1.5861,15.475010619372,0.0904664369270659,"m"
1703,-1.5861,15.4749279729891,0.090483843069356,"m"
1704,-1.5861,15.4748459604208,0.0905012757651583,"m"
1705,-1.5861,15.4747645797604,0.0905187349104154,"m"
1706,-1.5861,15.4746838291014,0.09053622040107,"m"
1707,-1.5861,15.4746037065375,0.0905537321330646,"m"
1708,-1.5861,15.474524210162,0.090571270002342,"m"
1709,-1.5861,15.4744453380684,0.0905888339048449,"m"
1710,-1.5861,15.4743670883504,0.0906064237365158,"m"
1711,-1.5861,15.4742894591013,0.0906240393932975,"m"
1712,-1.5861,15.4742124484146,0.0906416807711326,"m"
1713,-1.5861,15.4741360543839,0.0906593477659638,"m"
1714,-1.5861,15.4740602751027,0.0906770402737337,"m"
1715,-1.5861,15.4739851086645,0.090694758190385,"m"
1716,-1.5861,15.4739105531627,0.0907125014118604,"m"
1717,-1.5861,15.4738366066908,0.0907302698341025,"m"
1718,-1.5861,15.4737632673425,0.090748063353054,"m"
1719,-1.5861,15.473690533211,0.0907658818646575,"m"
1720,-1.5861,15.4736184023901,0.0907837252648557,"m"
1721,-1.5861,15.4735468729731,0.0908015934495913,"m"
1722,-1.5861,15.4734759430536,0.0908194863148068,"m"
1723,-1.5861,15.473405610725,0.0908374037564451,"m"
1724,-1.5861,15.4733358740809,0.0908553456704487,"m"
1725,-1.5861,15.4732667312147,0.0908733119527604,"m"
1726,-1.5861,15.47319818022,0.0908913024993227,"m"
1727,-1.5861,15.4731302191902,0.0909093172060783,"m"
1728,-1.5861,15.4730628462189,0.0909273559689699,"m"
1729,-1.5861,15.4729960593996,0.0909454186839402,"m"
1730,-1.5861,15.4729298568257,0.0909635052469317,"m"
1731,-1.5861,15.4728642365907,0.0909816155538873,"m"
1732,-1.5861,15.4727991967882,0.0909997495007494,"m"
1733,-1.5861,15.4727347355117,0.0910179069834609,"m"
1734,-1.5861,15.4726708508546,0.0910360878979643,"m"
1735,-1.5861,15.4726075409105,0.0910542921402024,"m"
1736,-1.5861,15.4725448037728,0.0910725196061177,"m"
1737,-1.5861,15.472482637535,0.0910907701916529,"m"
1738,-1.5861,15.4724210402907,0.0911090437927507,"m"
1739,-1.5861,15.4723600101334,0.0911273403053538,"m"
1740,-1.5861,15.4722995451565,0.0911456596254048,"m"
1741,-1.5861,15.4722396434536,0.0911640016488464,"m"
1742,-1.5861,15.4721803031181,0.0911823662716213,"m"
1743,-1.5861,15.4721215222435,0.091200753389672,"m"
1744,-1.5861,15.4720632989234,0.0912191628989413,"m"
1745,-1.5861,15.4720056312512,0.0912375946953718,"m"
1746,-1.5861,15.4719485173205,0.0912560486749062,"m"
1747,-1.5861,15.4718919552247,0.0912745247334871,"m"
1748,-1.5861,15.4718359430574,0.0912930227670573,"m"
1749,-1.5861,15.471780478912,0.0913115426715593,"m"
1750,-1.5861,15.4717255608821,0.0913300843429359,"m"
1751,-1.5861,15.471671187061,0.0913486476771296,"m"
1752,-1.5861,15.4716173555425,0.0913672325700832,"m"
1753,-1.5861,15.4715640644199,0.0913858389177392,"m"
1754,-1.5861,15.4715113117867,0.0914044666160405,"m"
1755,-1.5861,15.4714590957364,0.0914231155609296,"m"
1756,-1.5861,15.4714074143626,0.0914417856483491,"m"
1757,-1.5861,15.4713562657587,0.0914604767742419,"m"
1758,-1.5861,15.4713056480183,0.0914791888345504,"m"
1759,-1.5861,15.4712555592348,0.0914979217252174,"m"
1760,-1.5861,15.4712059975017,0.0915166753421856,"m"
1761,-1.5861,15.4711569609126,0.0915354495813975,"m"
1762,-1.5861,15.4711084475609,0.0915542443387959,"m"
1763,-1.5861,15.4710604555402,0.0915730595103235,"m"
1764,-1.5861,15.4710129829439,0.0915918949919228,"m"
1765,-1.5861,15.4709660278655,0.0916107506795365,"m"
1766,-1.5861,15.4709195883985,0.0916296264691073,"m"
1767,-1.5861,15.4708736626365,0.0916485222565779,"m"
1768,-1.5861,15.4708282486729,0.091667437937891,"m"
1769,-1.5861,15.4707833446012,0.0916863734089891,"m"
1770,-1.5861,15.470738948515,0.0917053285658149,"m"
1771,-1.5861,15.4706950585077,0.0917243033043112,"m"
1772,-1.5861,15.4706516726728,0.0917432975204205,"m"
1773,-1.5861,15.4706087891039,0.0917623111100855,"m"
1774,-1.5861,15.4705664058944,0.091781343969249,"m"
1775,-1.5861,15.4705245211378,0.0918003959938535,"m"
1776,-1.5861,15.4704831329276,0.0918194670798416,"m"
1777,-1.5861,15.4704422393574,0.0918385571231562,"m"
1778,-1.5861,15.4704018385206,0.0918576660197398,"m"
1779,-1.5861,15.4703619285107,0.0918767936655351,"m"
1780,-1.5861,15.4703225074213,0.0918959399564847,"m"
1781,-1.5861,15.4702835733457,0.0919151047885313,"m"
1782,-1.5861,15.4702451243776,0.0919342880576177,"m"
1783,-1.5861,15.4702071586104,0.0919534896596863,"m"
1784,-1.5861,15.4701696741377,0.09197270949068,"m"
1785,-1.5861,15.4701326690528,0.0919919474465413,"m"
1786,-1.5861,15.4700961414494,0.0920112034232129,"m"
1787,-1.5861,15.4700600894209,0.0920304773166375,"m"
1788,-1.5861,15.4700245110609,0.0920497690227577,"m"
1789,-1.5861,15.4699894044627,0.0920690784375163,"m"
1790,-1.5861,15.46995476772,0.0920884054568558,"m"
1791,-1.5861,15.4699205989261,0.0921077499767189,"m"
1792,-1.5861,15.4698868961747,0.0921271118930483,"m"
1793,-1.5861,15.4698536575593,0.0921464911017866,"m"
1794,-1.5861,15.4698208811732,0.0921658874988766,"m"
1795,-1.5861,15.46978856511,0.0921853009802608,"m"
1796,-1.5861,15.4697567074633,0.0922047314418819,"m"
1797,-1.5861,15.4697253063265,0.0922241787796827,"m"
1798,-1.5861,15.4696943597931,0.0922436428896056,"m"
1799,-1.5861,15.4696638659566,0.0922631236675935,"m"
1800,-1.5861,15.4696338229105,0.092282621009589,"m"
1801,-1.5861,15.4696042287484,0.0923021348115347,"m"
1802,-1.5861,15.4695750815636,0.0923216649693732,"m"
1803,-1.5861,15.4695463794498,0.0923412113790474,"m"
1804,-1.5861,15.4695181205003,0.0923607739364997,"m"
1805,-1.5861,15.4694903028088,0.0923803525376729,"m"
1806,-1.5861,15.4694629244687,0.0923999470785097,"m"
1807,-1.5861,15.4694359835735,0.0924195574549526,"m"
1808,-1.5861,15.4694094782167,0.0924391835629444,"m"
1809,-1.5861,15.4693834064919,0.0924588252984277,"m"
1810,-1.5861,15.4693577664924,0.0924784825573452,"m"
1811,-1.5861,15.4693325563118,0.0924981552356395,"m"
1812,-1.5861,15.4693077740437,0.0925178432292533,"m"
1813,-1.5861,15.4692834177814,0.0925375464341293,"m"
1814,-1.5861,15.4692594856186,0.0925572647462101,"m"
1815,-1.5861,15.4692359756486,0.0925769980614384,"m"
1816,-1.5861,15.4692128859651,0.0925967462757569,"m"
1817,-1.5861,15.4691902146614,0.0926165092851081,"m"
1818,-1.5861,15.4691679598312,0.0926362869854348,"m"
1819,-1.5861,15.4691461195679,0.0926560792726796,"m"
1820,-1.5861,15.469124691965,0.0926758860427852,"m"
1821,-1.5861,15.4691036751159,0.0926957071916943,"m"
1822,-1.5861,15.4690830671143,0.0927155426153494,"m"
1823,-1.5861,15.4690628660536,0.0927353922096934,"m"
1824,-1.5861,15.4690430700273,0.0927552558706688,"m"
1825,-1.5861,15.4690236771289,0.0927751334942182,"m"
1826,-1.5861,15.4690046854518,0.0927950249762844,"m"
1827,-1.5861,15.4689860932766,0.0928149302226545,"m"
1828,-1.5861,15.4689679005099,0.0928348492247983,"m"
1829,-1.5861,15.4689501078962,0.0928547820183035,"m"
1830,-1.5861,15.4689327161867,0.0928747286391223,"m"
1831,-1.5861,15.4689157261325,0.0928946891232069,"m"
1832,-1.5861,15.4688991384849,0.0929146635065093,"m"
1833,-1.5861,15.4688829539952,0.0929346518249818,"m"
1834,-1.5861,15.4688671734145,0.0929546541145765,"m"
1835,-1.5861,15.4688517974942,0.0929746704112457,"m"
1836,-1.5861,15.4688368269854,0.0929947007509415,"m"
1837,-1.5861,15.4688222626393,0.0930147451696161,"m"
1838,-1.5861,15.4688081052072,0.0930348037032216,"m"
1839,-1.5861,15.4687943554403,0.0930548763877102,"m"
1840,-1.5861,15.4687810140899,0.0930749632590342,"m"
1841,-1.5861,15.4687680819072,0.0930950643531456,"m"
1842,-1.5861,15.4687555596434,0.0931151797059966,"m"
1843,-1.5861,15.4687434480496,0.0931353093535395,"m"
1844,-1.5861,15.4687317478773,0.0931554533317263,"m"
1845,-1.5861,15.4687204598775,0.0931756116765094,"m"
1846,-1.5861,15.4687095848016,0.0931957844238407,"m"
1847,-1.5861,15.4686991234007,0.0932159716096726,"m"
1848,-1.5861,15.4686890764261,0.0932361732699572,"m"
1849,-1.5861,15.468679444629,0.0932563894406467,"m"
1850,-1.5861,15.4686702287607,0.0932766201576931,"m"
1851,-1.5861,15.4686614295723,0.0932968654570488,"m"
1852,-1.5861,15.4686530478151,0.0933171253746659,"m"
1853,-1.5861,15.4686450842404,0.0933373999464966,"m"
1854,-1.5861,15.4686375395992,0.093357689208493,"m"
1855,-1.5861,15.468630414643,0.0933779931966073,"m"
1856,-1.5861,15.4686237101229,0.0933983119467916,"m"
1857,-1.5861,15.4686174267901,0.0934186454949983,"m"
1858,-1.5861,15.4686115653959,0.0934389938771793,"m"
1859,-1.5861,15.4686061266915,0.093459357129287,"m"
1860,-1.5861,15.4686011114282,0.0934797352872735,"m"
1861,-1.5861,15.4685965203571,0.0935001283870909,"m"
1862,-1.5861,15.4685923542294,0.0935205364646914,"m"
1863,-1.5861,15.4685886137965,0.0935409595560273,"m"
1864,-1.5861,15.4685852998096,0.0935613976970506,"m"
1865,-1.5861,15.4685824130198,0.0935818509237135,"m"
1866,-1.5861,15.4685799541784,0.0936023192719683,"m"
1867,-1.5861,15.4685779240367,0.0936228027777671,"m"
1868,-1.5861,15.4685763233458,0.0936433014770621,"m"
1869,-1.5861,15.4685751528571,0.0936638154058054,"m"
1870,-1.5861,15.4685744133216,0.0936843445999493,"m"
1871,-1.5861,15.4685741054907,0.0937048890954458,"m"
1872,-1.5861,15.4685742301156,0.0937254489282472,"m"
1873,-1.5861,15.4685747879474,0.0937460241343056,"m"
1874,-1.5861,15.4685757797376,0.0937666147495733,"m"
1875,-1.5861,15.4685772062372,0.0937872208100024,"m"
1876,-1.5861,15.4685790681975,0.093807842351545,"m"
1877,-1.5861,15.4685813663697,0.0938284794101534,"m"
1878,-1.5861,15.4685841015051,0.0938491320217797,"m"
1879,-1.5861,15.4685872743548,0.093869800222376,"m"
1880,-1.5861,15.4685908856702,0.0938904840478947,"m"
1881,-1.5861,15.4685949362024,0.0939111835342877,"m"
1882,-1.5861,15.4685994267027,0.0939318987175074,"m"
1883,-1.5861,15.4686043579223,0.0939526296335059,"m"
1884,-1.5861,15.4686097306124,0.0939733763182353,"m"
1885,-1.5861,15.4686155455243,0.0939941388076479,"m"
1886,-1.5861,15.4686218034092,0.0940149171376958,"m"
1887,-1.5861,15.4686285050183,0.0940357113443311,"m"
1888,-1.5861,15.4686356511028,0.0940565214635062,"m"
1889,-1.5861,15.4686432424141,0.094077347531173,"m"
1890,-1.5861,15.4686512797032,0.0940981895832839,"m"
1891,-1.5861,15.4686597637214,0.0941190476557909,"m"
1892,-1.5861,15.4686686952201,0.0941399217846463,"m"
1893,-1.5861,15.4686780749503,0.0941608120058022,"m"
1894,-1.5861,15.4686879036634,0.0941817183552108,"m"
1895,-1.5861,15.4686981821105,0.0942026408688243,"m"
1896,-1.5861,15.4687089110428,0.0942235795825948,"m"
1897,-1.5861,15.4687200912117,0.0942445345324746,"m"
1898,-1.5861,15.4687317233684,0.0942655057544158,"m"
1899,-1.5861,15.468743808264,0.0942864932843705,"m"
1900,-1.5861,15.4687563466498,0.094307497158291,"m"
1901,-1.5861,15.468769339277,0.0943285174121294,"m"
1902,-1.5861,15.4687827868969,0.0943495540818379,"m"
1903,-1.5861,15.4687966902607,0.0943706072033686,"m"
1904,-1.5861,15.4688110501196,0.0943916768126738,"m"
1905,-1.5861,15.4688258672249,0.0944127629457056,"m"
1906,-1.5861,15.4688411423277,0.0944338656384163,"m"
1907,-1.5861,15.4688568761793,0.0944549849267578,"m"
1908,-1.5861,15.4688730695309,0.0944761208466826,"m"
1909,-1.5861,15.4688897231339,0.0944972734341426,"m"
1910,-1.5861,15.4689068377393,0.0945184427250901,"m"
1911,-1.5861,15.4689244140984,0.0945396287554773,"m"
1912,-1.5861,15.4689424529625,0.0945608315612563,"m"
1913,-1.5861,15.4689609550827,0.0945820511783794,"m"
1914,-1.5861,15.4689799212104,0.0946032876427986,"m"
1915,-1.5861,15.4689993520967,0.0946245409904661,"m"
1916,-1.5861,15.4690192484929,0.0946458112573343,"m"
1917,-1.5861,15.4690396111502,0.0946670984793551,"m"
1918,-1.5861,15.4690604408197,0.0946884026924808,"m"
1919,-1.5861,15.4690817382529,0.0947097239326635,"m"
1920,-1.5861,15.4691035042008,0.0947310622358555,"m"
1921,-1.5861,15.4691257394148,0.0947524176380089,"m"
1922,-1.5861,15.469148444646,0.0947737901750758,"m"
1923,-1.5861,15.4691716206456,0.0947951798830085,"m"
1924,-1.5861,15.469195268165,0.0948165867977592,"m"
1925,-1.5861,15.4692193879553,0.0948380109552799,"m"
1926,-1.5861,15.4692439807677,0.0948594523915229,"m"
1927,-1.5861,15.4692690473535,0.0948809111424404,"m"
1928,-1.5861,15.469294588464,0.0949023872439845,"m"
1929,-1.5861,15.4693206048503,0.0949238807321074,"m"
1930,-1.5861,15.4693470972637,0.0949453916427612,"m"
1931,-1.5861,15.4693740664554,0.0949669200118982,"m"
1932,-1.5861,15.4694015131766,0.0949884658754706,"m"
1933,-1.5861,15.4694294381786,0.0950100292694303,"m"
1934,-1.5861,15.4694578422125,0.0950316102297298,"m"
1935,-1.5861,15.4694867260297,0.0950532087923212,"m"
1936,-1.5861,15.4695160903814,0.0950748249931565,"m"
1937,-1.5861,15.4695459360187,0.095096458868188,"m"
1938,-1.5861,15.4695762636929,0.0951181104533679,"m"
1939,-1.5861,15.4696070741553,0.0951397797846483,"m"
1940,-1.5861,15.4696383681571,0.0951614668979815,"m"
1941,-1.5861,15.4696701464494,0.0951831718293195,"m"
1942,-1.5861,15.4697024097836,0.0952048946146146,"m"
1943,-1.5861,15.4697351589108,0.0952266352898189,"m"
1944,-1.5861,15.4697683945823,0.0952483938908846,"m"
1945,-1.5861,15.4698021175493,0.095270170453764,"m"
1946,-1.5861,15.4698363285631,0.095291965014409,"m"
1947,-1.5861,15.4698710283749,0.095313777608772,"m"
1948,-1.5861,15.4699062177358,0.0953356082728051,"m"
1949,-1.5861,15.4699418973972,0.0953574570424605,"m"
1950,-1.5861,15.4699780681102,0.0953793239536904,"m"
1951,-1.5861,15.4700147306261,0.0954012090424468,"m"
1952,-1.5861,15.4700518856962,0.0954231123446821,"m"
1953,-1.5861,15.4700895340716,0.0954450338963484,"m"
1954,-1.5861,15.4701276765035,0.0954669737333978,"m"
1955,-1.5861,15.4701663137433,0.0954889318917825,"m"
1956,-1.5861,15.4702054465421,0.0955109084074547,"m"
1957,-1.5861,15.4702450756512,0.0955329033163666,"m"
1958,-1.5861,15.4702852018218,0.0955549166544703,"m"
1959,-1.5861,15.4703258258051,0.0955769484577181,"m"
1960,-1.5861,15.4703669483523,0.0955989987620621,"m"
1961,-1.5861,15.4704085702148,0.0956210676034544,"m"
1962,-1.5861,15.4704506921436,0.0956431550178473,"m"
1963,-1.5861,15.4704933148901,0.0956652610411929,"m"
1964,-1.5861,15.4705364392055,0.0956873857094433,"m"
1965,-1.5861,15.4705800658409,0.0957095290585509,"m"
1966,-1.5861,15.4706241955477,0.0957316911244677,"m"
1967,-1.5861,15.470668829077,0.0957538719431459,"m"
1968,-1.5861,15.4707139671802,0.0957760715505377,"m"
1969,-1.5861,15.4707596106083,0.0957982899825952,"m"
1970,-1.5861,15.4708057601127,0.0958205272752707,"m"
1971,-1.5861,15.4708524164445,0.0958427834645163,"m"
1972,-1.5861,15.4708995803551,0.0958650585862842,"m"
1973,-1.5861,15.4709472525956,0.0958873526765265,"m"
1974,-1.5861,15.4709954339173,0.0959096657711955,"m"
1975,-1.5861,15.4710441250713,0.0959319979062433,"m"
1976,-1.5861,15.471093326809,0.0959543491176221,"m"
1977,-1.5861,15.4711430398815,0.095976719441284,"m"
1978,-1.5861,15.4711932650401,0.0959991089131813,"m"
1979,-1.5861,15.471244003036,0.096021517569266,"m"
1980,-1.5861,15.4712952546205,0.0960439454454905,"m"
1981,-1.5861,15.4713470205447,0.0960663925778067,"m"
1982,-1.5861,15.4713993015599,0.0960888590021671,"m"
1983,-1.5861,15.4714520984173,0.0961113447545236,"m"
1984,-1.5861,15.4715054118682,0.0961338498708285,"m"
1985,-1.5861,15.4715592426638,0.0961563743870339,"m"
1986,-1.5861,15.4716135915553,0.0961789183390921,"m"
1987,-1.5861,15.4716684592939,0.0962014817629551,"m"
1988,-1.5861,15.4717238466309,0.0962240646945753,"m"
1989,-1.5861,15.4717797543175,0.0962466671699046,"m"
1990,-1.5861,15.4718361831049,0.0962692892248954,"m"
1991,-1.5861,15.4718931337444,0.0962919308954998,"m"
1992,-1.5861,15.4719506069872,0.09631459221767,"m"
1993,-1.5861,15.4720086035845,0.0963372732273581,"m"
1994,-1.5861,15.4720671242875,0.0963599739605163,"m"
1995,-1.5861,15.4721261698475,0.0963826944530968,"m"
1996,-1.5861,15.4721857410157,0.0964054347410518,"m"
1997,-1.5861,15.4722458385434,0.0964281948603334,"m"
1998,-1.5861,15.4723064631817,0.0964509748468938,"m"
1999,-1.5861,15.4723676156819,0.0964737747366853,"m"
2000,-1.5861,15.4724292967952,0.0964965945656598,"m"
2001,-1.5861,15.4724915072729,0.0965194343697697,"m"
2002,-1.5861,15.4725542478662,0.0965422941849672,"m"
2003,-1.5861,15.4726175193263,0.0965651740472042,"m"
2004,-1.5861,15.4726813224044,0.0965880739924332,"m"
2005,-1.5861,15.4727456578518,0.0966109940566062,"m"
2006,-1.5861,15.4728105264196,0.0966339342756754,"m"
2007,-1.5861,15.4728759288592,0.096656894685593,"m"
2008,-1.5861,15.4729418659218,0.0966798753223111,"m"
2009,-1.5861,15.4730083383583,0.0967028762217573,"m"
2010,-1.5861,15.4730753467155,0.0967258974019929,"m"
2011,-1.5861,15.4731428909768,0.0967489388317191,"m"
2012,-1.5861,15.4732109710288,0.0967720004711846,"m"
2013,-1.5861,15.473279586758,0.0967950822806379,"m"
2014,-1.5861,15.4733487380513,0.0968181842203278,"m"
2015,-1.5861,15.4734184247952,0.0968413062505029,"m"
2016,-1.5861,15.4734886468764,0.0968644483314117,"m"
2017,-1.5861,15.4735594041816,0.0968876104233031,"m"
2018,-1.5861,15.4736306965975,0.0969107924864255,"m"
2019,-1.5861,15.4737025240106,0.0969339944810277,"m"
2020,-1.5861,15.4737748863077,0.0969572163673582,"m"
2021,-1.5861,15.4738477833754,0.0969804581056658,"m"
2022,-1.5861,15.4739212151004,0.0970037196561991,"m"
2023,-1.5861,15.4739951813693,0.0970270009792066,"m"
2024,-1.5861,15.4740696820689,0.0970503020349372,"m"
2025,-1.5861,15.4741447170857,0.0970736227836393,"m"
2026,-1.5861,15.4742202863064,0.0970969631855617,"m"
2027,-1.5861,15.4742963896177,0.0971203232009529,"m"
2028,-1.5861,15.4743730269063,0.0971437027900617,"m"
2029,-1.5861,15.4744501980588,0.0971671019131367,"m"
2030,-1.5861,15.4745279029619,0.0971905205304264,"m"
2031,-1.5861,15.4746061415022,0.0972139586021797,"m"
2032,-1.5861,15.4746849135664,0.097237416088645,"m"
2033,-1.5861,15.4747642190411,0.0972608929500711,"m"
2034,-1.5861,15.4748440578131,0.0972843891467065,"m"
2035,-1.5861,15.4749244297689,0.0973079046388,"m"
2036,-1.5861,15.4750053347953,0.0973314393866001,"m"
2037,-1.5861,15.4750867727789,0.0973549933503555,"m"
2038,-1.5861,15.4751687436064,0.0973785664903149,"m"
2039,-1.5861,15.4752512471644,0.0974021587667269,"m"
2040,-1.5861,15.4753342833396,0.0974257701398402,"m"
2041,-1.5861,15.4754178520186,0.0974494005699033,"m"
2042,-1.5861,15.4755019530882,0.0974730500171649,"m"
2043,-1.5861,15.4755865864349,0.0974967184418737,"m"
2044,-1.5861,15.4756717519455,0.0975204058042783,"m"
2045,-1.5861,15.4757574495065,0.0975441120646274,"m"
2046,-1.5861,15.4758436790047,0.0975678371831696,"m"
2047,-1.5861,15.4759304403268,0.0975915811201534,"m"
2048,-1.5861,15.4760177333593,0.0976153438358277,"m"
2049,-1.5861,15.4761055579889,0.097639125290441,"m"
2050,-1.5861,15.4761939141024,0.097662925444242,"m"
2051,-1.5861,15.4762828015863,0.0976867442574792,"m"
2052,-1.5861,15.4763722203274,0.0977105816904014,"m"
2053,-1.5861,15.4764621702122,0.0977344377032572,"m"
2054,-1.5861,15.4765526511275,0.0977583122562953,"m"
2055,-1.5861,15.4766436629599,0.0977822053097642,"m"
2056,-1.5861,15.4767352055961,0.0978061168239126,"m"
2057,-1.5861,15.4768272789227,0.0978300467589892,"m"
2058,-1.5861,15.4769198828264,0.0978539950752426,"m"
2059,-1.5861,15.4770130171939,0.0978779617329214,"m"
2060,-1.5861,15.4771066819118,0.0979019466922744,"m"
2061,-1.5861,15.4772008768668,0.09792594991355,"m"
2062,-1.5861,15.4772956019455,0.0979499713569971,"m"
2063,-1.5861,15.4773908570346,0.0979740109828641,"m"
2064,-1.5861,15.4774866420208,0.0979980687513998,"m"
2065,-1.5861,15.4775829567907,0.0980221446228529,"m"
2066,-1.5861,15.477679801231,0.0980462385574718,"m"
2067,-1.5861,15.4777771752284,0.0980703505155054,"m"
2068,-1.5861,15.4778750786695,0.0980944804572021,"m"
2069,-1.5861,15.4779735114409,0.0981186283428108,"m"
2070,-1.5861,15.4780724734294,0.09814279413258,"m"
2071,-1.5861,15.4781719645216,0.0981669777867583,"m"
2072,-1.5861,15.4782719846041,0.0981911792655944,"m"
2073,-1.5861,15.4783725335636,0.098215398529337,"m"
2074,-1.5861,15.4784736112869,0.0982396355382346,"m"
2075,-1.5861,15.4785752176604,0.098263890252536,"m"
2076,-1.5861,15.478677352571,0.0982881626324897,"m"
2077,-1.5861,15.4787800159053,0.0983124526383445,"m"
2078,-1.5861,15.4788832075498,0.0983367602303489,"m"
2079,-1.5861,15.4789869273914,0.0983610853687516,"m"
2080,-1.5861,15.4790911753166,0.0983854280138013,"m"
2081,-1.5861,15.4791959512121,0.0984097881257465,"m"
2082,-1.5861,15.4793012549646,0.098434165664836,"m"
2083,-1.5861,15.4794070864608,0.0984585605913183,"m"
2084,-1.5861,15.4795134455872,0.0984829728654422,"m"
2085,-1.5861,15.4796203322306,0.0985074024474561,"m"
2086,-1.5861,15.4797277462776,0.0985318492976089,"m"
2087,-1.5861,15.4798356876149,0.0985563133761492,"m"
2088,-1.5861,15.4799441561291,0.0985807946433255,"m"
2089,-1.5861,15.480053151707,0.0986052930593865,"m"
2090,-1.5861,15.4801626742351,0.0986298085845809,"m"
2091,-1.5861,15.4802727236001,0.0986543411791573,"m"
2092,-1.5861,15.4803832996887,0.0986788908033644,"m"
2093,-1.5861,15.4804944023876,0.0987034574174507,"m"
2094,-1.5861,15.4806060315834,0.098728040981665,"m"
2095,-1.5861,15.4807181871628,0.0987526414562559,"m"
2096,-1.5861,15.4808308690123,0.098777258801472,"m"
2097,-1.5861,15.4809440770188,0.0988018929775619,"m"
2098,-1.5861,15.4810578110689,0.0988265439447744,"m"
2099,-1.5861,15.4811720710491,0.098851211663358,"m"
2100,-1.5861,15.4812868568463,0.0988758960935614,"m"
2101,-1.5861,15.481402168347,0.0989005971956332,"m"
2102,-1.5861,15.4815180054379,0.0989253149298221,"m"
2103,-1.5861,15.4816343680056,0.0989500492563768,"m"
2104,-1.5861,15.4817512559369,0.0989748001355458,"m"
2105,-1.5861,15.4818686691184,0.0989995675275778,"m"
2106,-1.5861,15.4819866074367,0.0990243513927214,"m"
2107,-1.5861,15.4821050707786,0.0990491516912253,"m"
2108,-1.5861,15.4822240590306,0.0990739683833382,"m"
2109,-1.5861,15.4823435720794,0.0990988014293086,"m"
2110,-1.5861,15.4824636098118,0.0991236507893853,"m"
2111,-1.5861,15.4825841721143,0.0991485164238168,"m"
2112,-1.5861,15.4827052588736,0.0991733982928518,"m"
2113,-1.5861,15.4828268699764,0.099198296356739,"m"
2114,-1.5861,15.4829490053094,0.0992232105757269,"m"
2115,-1.5861,15.4830716647591,0.0992481409100643,"m"
2116,-1.5861,15.4831948482123,0.0992730873199998,"m"
2117,-1.5861,15.4833185555557,0.099298049765782,"m"
2118,-1.5861,15.4834427866758,0.0993230282076595,"m"
2119,-1.5861,15.4835675414594,0.099348022605881,"m"
2120,-1.5861,15.4836928197931,0.0993730329206952,"m"
2121,-1.5861,15.4838186215636,0.0993980591123506,"m"
2122,-1.5861,15.4839449466575,0.099423101141096,"m"
2123,-1.5861,15.4840717949615,0.09944815896718,"m"
2124,-1.5861,15.4841991663622,0.0994732325508511,"m"
2125,-1.5861,15.4843270607464,0.0994983218523582,"m"
2126,-1.5861,15.4844554780007,0.0995234268319497,"m"
2127,-1.5861,15.4845844180117,0.0995485474498743,"m"
2128,-1.5861,15.4847138806661,0.0995736836663808,"m"
2129,-1.5861,15.4848438658506,0.0995988354417177,"m"
2130,-1.5861,15.4849743734518,0.0996240027361336,"m"
2131,-1.5861,15.4851054033563,0.0996491855098772,"m"
2132,-1.5861,15.485236955451,0.0996743837231972,"m"
2133,-1.5861,15.4853690296223,0.0996995973363422,"m"
2134,-1.5861,15.4855016257571,0.0997248263095609,"m"
2135,-1.5861,15.4856347437418,0.0997500706031018,"m"
2136,-1.5861,15.4857683834633,0.0997753301772136,"m"
2137,-1.5861,15.4859025448081,0.099800604992145,"m"
2138,-1.5861,15.4860372276629,0.0998258950081447,"m"
2139,-1.5861,15.4861724319144,0.0998512001854611,"m"
2140,-1.5861,15.4863081574493,0.0998765204843431,"m"
2141,-1.5861,15.4864444041542,0.0999018558650392,"m"
2142,-1.5861,15.4865811719157,0.0999272062877981,"m"
2143,-1.5861,15.4867184606206,0.0999525717128684,"m"
2144,-1.5861,15.4868562701554,0.0999779521004987,"m"
2145,-1.5861,15.4869946004069,0.100003347410938,"m"
2146,-1.5861,15.4871334512617,0.100028757604434,"m"
2147,-1.5861,15.4872728226065,0.100054182641237,"m"
2148,-1.5861,15.4874127143279,0.100079622481594,"m"
2149,-1.5861,15.4875531263126,0.100105077085754,"m"
2150,-1.5861,15.4876940584473,0.100130546413966,"m"
2151,-1.5861,15.4878355106186,0.100156030426479,"m"
2152,-1.5861,15.4879774827131,0.100181529083541,"m"
2153,-1.5861,15.4881199746176,0.100207042345401,"m"
2154,-1.5861,15.4882629862188,0.100232570172307,"m"
2155,-1.5861,15.4884065174031,0.100258112524509,"m"
2156,-1.5861,15.4885505680574,0.100283669362254,"m"
2157,-1.5861,15.4886951380683,0.100309240645792,"m"
2158,-1.5861,15.4888402273225,0.10033482633537,"m"
2159,-1.5861,15.4889858357066,0.100360426391239,"m"
2160,-1.5861,15.4891319631072,0.100386040773646,"m"
2161,-1.5861,15.4892786094111,0.100411669442839,"m"
2162,-1.5861,15.4894257745048,0.100437312359069,"m"
2163,-1.5861,15.4895734582751,0.100462969482582,"m"
2164,-1.5861,15.4897216606087,0.100488640773629,"m"
2165,-1.5861,15.4898703813921,0.100514326192457,"m"
2166,-1.5861,15.4900196205121,0.100540025699316,"m"
2167,-1.5861,15.4901693778552,0.100565739254453,"m"
2168,-1.5861,15.4903196533083,0.100591466818117,"m"
2169,-1.5861,15.4904704467578,0.100617208350558,"m"
2170,-1.5861,15.4906217580906,0.100642963812024,"m"
2171,-1.5861,15.4907735871932,0.100668733162763,"m"
2172,-1.5861,15.4909259339523,0.100694516363024,"m"
2173,-1.5861,15.4910787982546,0.100720313373056,"m"
2174,-1.5861,15.4912321799867,0.100746124153107,"m"
2175,-1.5861,15.4913860790353,0.100771948663426,"m"
2176,-1.5861,15.4915404952871,0.100797786864261,"m"
2177,-1.5861,15.4916954286287,0.100823638715862,"m"
2178,-1.5861,15.4918508789468,0.100849504178477,"m"
2179,-1.5861,15.492006846128,0.100875383212355,"m"
2180,-1.5861,15.492163330059,0.100901275777743,"m"
2181,-1.5861,15.4923203306265,0.100927181834892,"m"
2182,-1.5861,15.4924778477171,0.100953101344049,"m"
2183,-1.5861,15.4926358812175,0.100979034265463,"m"
2184,-1.5861,15.4927944310144,0.101004980559383,"m"
2185,-1.5861,15.4929534969943,0.101030940186057,"m"
2186,-1.5861,15.4931130790441,0.101056913105734,"m"
2187,-1.5861,15.4932731770502,0.101082899278663,"m"
2188,-1.5861,15.4934337908995,0.101108898665092,"m"
2189,-1.5861,15.4935949204785,0.101134911225271,"m"
2190,-1.5861,15.493756565674,0.101160936919447,"m"
2191,-1.5861,15.4939187263725,0.101186975707869,"m"
2192,-1.5861,15.494081402498,0.101213027550073,"m"
2193,-1.5861,15.4942445948299,0.101239092389203,"m"
2194,-1.5861,15.4944083050032,0.101265170152008,"m"
2195,-1.5861,15.4945725346904,0.101291260764527,"m"
2196,-1.5861,15.4947372855636,0.101317364152797,"m"
2197,-1.5861,15.4949025592951,0.101343480242856,"m"
2198,-1.5861,15.4950683575573,0.101369608960741,"m"
2199,-1.5861,15.4952346820223,0.101395750232491,"m"
2200,-1.5861,15.4954015343626,0.101421903984142,"m"
2201,-1.5861,15.4955689162502,0.101448070141733,"m"
2202,-1.5861,15.4957368293577,0.101474248631301,"m"
2203,-1.5861,15.4959052753571,0.101500439378884,"m"
2204,-1.5861,15.4960742559208,0.101526642310519,"m"
2205,-1.5861,15.4962437727212,0.101552857352245,"m"
2206,-1.5861,15.4964138274303,0.101579084430098,"m"
2207,-1.5861,15.4965844217206,0.101605323470118,"m"
2208,-1.5861,15.4967555572644,0.10163157439834,"m"
2209,-1.5861,15.4969272357338,0.101657837140804,"m"
2210,-1.5861,15.4970994588012,0.101684111623546,"m"
2211,-1.5861,15.4972722281389,0.101710397772604,"m"
2212,-1.5861,15.4974455454191,0.101736695514017,"m"
2213,-1.5861,15.4976194123141,0.101763004773821,"m"
2214,-1.5861,15.4977938304962,0.101789325478054,"m"
2215,-1.5861,15.4979688016378,0.101815657552755,"m"
2216,-1.5861,15.4981443274109,0.10184200092396,"m"
2217,-1.5861,15.498320409488,0.101868355517708,"m"
2218,-1.5861,15.4984970495414,0.101894721260036,"m"
2219,-1.5861,15.4986742492432,0.101921098076981,"m"
2220,-1.5861,15.4988520102659,0.101947485894582,"m"
2221,-1.5861,15.4990303342816,0.101973884638876,"m"
2222,-1.5861,15.4992092229626,0.102000294235902,"m"
2223,-1.5861,15.4993886779813,0.102026714611695,"m"
2224,-1.5861,15.4995687010098,0.102053145692295,"m"
2225,-1.5861,15.4997492937206,0.102079587403738,"m"
2226,-1.5861,15.4999304577858,0.102106039672064,"m"
2227,-1.5861,15.5001121948778,0.102132502423308,"m"
2228,-1.5861,15.5002945066687,0.102158975583509,"m"
2229,-1.5861,15.500477394831,0.102185459078705,"m"
2230,-1.5861,15.5006608610369,0.102211952834933,"m"
2231,-1.5861,15.5008449069587,0.102238456778231,"m"
2232,-1.5861,15.5010295342686,0.102264970834637,"m"
2233,-1.5861,15.5012147446389,0.102291494930188,"m"
2234,-1.5861,15.501400539742,0.102318028990922,"m"
2235,-1.5861,15.50158692125,0.102344572942877,"m"
2236,-1.5861,15.5017738908353,0.10237112671209,"m"
2237,-1.5861,15.5019614501701,0.102397690224599,"m"
2238,-1.5861,15.5021496009268,0.102424263406442,"m"
2239,-1.5861,15.5023383447776,0.102450846183656,"m"
2240,-1.5861,15.5025276833948,0.10247743848228,"m"
2241,-1.5861,15.5027176184506,0.10250404022835,"m"
2242,-1.5861,15.5029081516175,0.102530651347904,"m"
2243,-1.5861,15.5030992845675,0.102557271766981,"m"
2244,-1.5861,15.503291018973,0.102583901411617,"m"
2245,-1.5861,15.5034833565064,0.102610540207851,"m"
2246,-1.5861,15.5036762988398,0.102637188081721,"m"
2247,-1.5861,15.5038698476456,0.102663844959263,"m"
2248,-1.5861,15.504064004596,0.102690510766515,"m"
2249,-1.5861,15.5042587713633,0.102717185429516,"m"
2250,-1.5861,15.5044541496198,0.102743868874303,"m"
2251,-1.5861,15.5046501410378,0.102770561026913,"m"
2252,-1.5861,15.5048467472896,0.102797261813384,"m"
2253,-1.5861,15.5050439700473,0.102823971159755,"m"
2254,-1.5861,15.5052418109835,0.102850688992062,"m"
2255,-1.5861,15.5054402717701,0.102877415236343,"m"
2256,-1.5861,15.5056393540797,0.102904149818637,"m"
2257,-1.5861,15.5058390595845,0.10293089266498,"m"
2258,-1.5861,15.5060393899566,0.10295764370141,"m"
2259,-1.5861,15.5062403468685,0.102984402853966,"m"
2260,-1.5861,15.5064419319924,0.103011170048684,"m"
2261,-1.5861,15.5066441470006,0.103037945211602,"m"
2262,-1.5861,15.5068469935653,0.103064728268759,"m"
2263,-1.5861,15.5070504733589,0.103091519146191,"m"
2264,-1.5861,15.5072545880536,0.103118317769937,"m"
2265,-1.5861,15.5074593393217,0.103145124066034,"m"
2266,-1.5861,15.5076647288354,0.103171937960519,"m"
2267,-1.5861,15.5078707582672,0.103198759379432,"m"
2268,-1.5861,15.5080774292891,0.103225588248808,"m"
2269,-1.5861,15.5082847435736,0.103252424494686,"m"
2270,-1.5861,15.5084927027929,0.103279268043104,"m"
2271,-1.5861,15.5087013086193,0.103306118820099,"m"
2272,-1.5861,15.5089105627251,0.103332976751708,"m"
2273,-1.5861,15.5091204667825,0.103359841763971,"m"
2274,-1.5861,15.5093310224638,0.103386713782923,"m"
2275,-1.5861,15.5095422314413,0.103413592734604,"m"
2276,-1.5861,15.5097540953873,0.10344047854505,"m"
2277,-1.5861,15.5099666159741,0.103467371140299,"m"
2278,-1.5861,15.5101797948739,0.10349427044639,"m"
2279,-1.5861,15.510393633759,0.103521176389359,"m"
2280,-1.5861,15.5106081343018,0.103548088895244,"m"
2281,-1.5861,15.5108232981744,0.103575007890083,"m"
2282,-1.5861,15.5110391270492,0.103601933299915,"m"
2283,-1.5861,15.5112556225985,0.103628865050775,"m"
2284,-1.5861,15.5114727864945,0.103655803068703,"m"
2285,-1.5861,15.5116906204094,0.103682747279735,"m"
2286,-1.5861,15.5119091260157,0.103709697609909,"m"
2287,-1.5861,15.5121283049856,0.103736653985264,"m"
2288,-1.5861,15.5123481589913,0.103763616331837,"m"
2289,-1.5861,15.5125686897051,0.103790584575665,"m"
2290,-1.5861,15.5127898987993,0.103817558642786,"m"
2291,-1.5861,15.5130117879463,0.103844538459238,"m"
2292,-1.5861,15.5132343588182,0.103871523951058,"m"
2293,-1.5861,15.5134576130873,0.103898515044285,"m"
2294,-1.5861,15.513681552426,0.103925511664956,"m"
2295,-1.5861,15.5139061785065,0.103952513739108,"m"
2296,-1.5861,15.5141314930011,0.103979521192779,"m"
2297,-1.5861,15.514357497582,0.104006533952007,"m"
2298,-1.5861,15.5145841939216,0.10403355194283,"m"
2299,-1.5861,15.5148115836922,0.104060575091285,"m"
2300,-1.5861,15.515039668566,0.104087603323411,"m"
2301,-1.5861,15.5152684502152,0.104114636565243,"m"
2302,-1.5861,15.5154979303122,0.104141674742821,"m"
2303,-1.5861,15.5157281105293,0.104168717782182,"m"
2304,-1.5861,15.5159589925388,0.104195765609364,"m"
2305,-1.5861,15.5161905780128,0.104222818150404,"m"
2306,-1.5861,15.5164228686237,0.10424987533134,"m"
2307,-1.5861,15.5166558660439,0.10427693707821,"m"
2308,-1.5861,15.5168895719454,0.104304003317052,"m"
2309,-1.5861,15.5171239880007,0.104331073973902,"m"
2310,-1.5861,15.5173591158821,0.104358148974799,"m"
2311,-1.5861,15.5175949572617,0.104385228245781,"m"
2312,-1.5861,15.5178315138119,0.104412311712884,"m"
2313,-1.5861,15.5180687872049,0.104439399302148,"m"
2314,-1.5861,15.5183067791132,0.104466490939609,"m"
2315,-1.5861,15.5185454912088,0.104493586551305,"m"
2316,-1.5861,15.5187849251641,0.104520686063274,"m"
2317,-1.5861,15.5190250826514,0.104547789401554,"m"
2318,-1.5861,15.519265965343,0.104574896492182,"m"
2319,-1.5861,15.5195075749111,0.104602007261195,"m"
2320,-1.5861,15.519749913028,0.104629121634633,"m"
2321,-1.5861,15.519992981366,0.104656239538531,"m"
2322,-1.5861,15.5202367815975,0.104683360898929,"m"
2323,-1.5861,15.5204813153945,0.104710485641863,"m"
2324,-1.5861,15.5207265844295,0.104737613693371,"m"
2325,-1.5861,15.5209725903748,0.104764744979492,"m"
2326,-1.5861,15.5212193349025,0.104791879426262,"m"
2327,-1.5861,15.5214668196851,0.104819016959719,"m"
2328,-1.5861,15.5217150463947,0.104846157505902,"m"
2329,-1.5861,15.5219640167036,0.104873300990847,"m"
2330,-1.5861,15.5222137322842,0.104900447340593,"m"
2331,-1.5861,15.5224641948087,0.104927596481176,"m"
2332,-1.5861,15.5227154059493,0.104954748338636,"m"
2333,-1.5861,15.5229673673785,0.104981902839009,"m"
2334,-1.5861,15.5232200807683,0.105009059908333,"m"
2335,-1.5861,15.5234735477912,0.105036219472645,"m"
2336,-1.5861,15.5237277701194,0.105063381457985,"m"
2337,-1.5861,15.5239827494252,0.105090545790388,"m"
2338,-1.5861,15.5242384873809,0.105117712395893,"m"
2339,-1.5861,15.5244949856587,0.105144881200538,"m"
2340,-1.5861,15.524752245931,0.10517205213036,"m"
2341,-1.5861,15.5250102698699,0.105199225111397,"m"
2342,-1.5861,15.5252690591479,0.105226400069687,"m"
2343,-1.5861,15.5255286154371,0.105253576931266,"m"
2344,-1.5861,15.5257889404099,0.105280755622174,"m"
2345,-1.5861,15.5260500357385,0.105307936068447,"m"
2346,-1.5861,15.5263119030952,0.105335118196124,"m"
2347,-1.5861,15.5265745441523,0.105362301931241,"m"
2348,-1.5861,15.5268379605821,0.105389487199837,"m"
2349,-1.5861,15.5271021540568,0.10541667392795,"m"
2350,-1.5861,15.5273671262488,0.105443862041616,"m"
2351,-1.5861,15.5276328788303,0.105471051466875,"m"
2352,-1.5861,15.5278994134735,0.105498242129762,"m"
2353,-1.5861,15.5281667318509,0.105525433956317,"m"
2354,-1.5861,15.5284348356346,0.105552626872576,"m"
2355,-1.5861,15.5287037264969,0.105579820804578,"m"
2356,-1.5861,15.5289734061102,0.10560701567836,"m"
2357,-1.5861,15.5292438761466,0.10563421141996,"m"
2358,-1.5861,15.5295151382786,0.105661407955415,"m"
2359,-1.5861,15.5297871941782,0.105688605210763,"m"
2360,-1.5861,15.530060045518,0.105715803112043,"m"
2361,-1.5861,15.53033369397,0.10574300158529,"m"
2362,-1.5861,15.5306081412066,0.105770200556544,"m"
2363,-1.5861,15.5308833889001,0.105797399951842,"m"
2364,-1.5861,15.5311594387228,0.105824599697221,"m"
2365,-1.5861,15.5314362923469,0.10585179971872,"m"
2366,-1.5861,15.5317139514448,0.105878999942375,"m"
2367,-1.5861,15.5319924176886,0.105906200294225,"m"
2368,-1.5861,15.5322716927507,0.105933400700308,"m"
2369,-1.5861,15.5325517783034,0.10596060108666,"m"
2370,-1.5861,15.5328326760189,0.10598780137932,"m"
2371,-1.5861,15.5331143875695,0.106015001504325,"m"
2372,-1.5861,15.5333969146276,0.106042201387714,"m"
2373,-1.5861,15.5336802588653,0.106069400955523,"m"
2374,-1.5861,15.533964421955,0.10609660013379,"m"
2375,-1.5861,15.5342494054179,0.106123798861286,"m"
2376,-1.5861,15.5345352098934,0.106150997151138,"m"
2377,-1.5861,15.5348218357018,0.106178195043385,"m"
2378,-1.5861,15.5351092831628,0.106205392578106,"m"
2379,-1.5861,15.5353975525961,0.106232589795376,"m"
2380,-1.5861,15.5356866443215,0.106259786735274,"m"
2381,-1.5861,15.5359765586589,0.106286983437877,"m"
2382,-1.5861,15.5362672959278,0.106314179943262,"m"
2383,-1.5861,15.5365588564482,0.106341376291506,"m"
2384,-1.5861,15.5368512405397,0.106368572522686,"m"
2385,-1.5861,15.5371444485222,0.106395768676881,"m"
2386,-1.5861,15.5374384807153,0.106422964794166,"m"
2387,-1.5861,15.5377333374389,0.10645016091462,"m"
2388,-1.5861,15.5380290190128,0.106477357078319,"m"
2389,-1.5861,15.5383255257565,0.106504553325342,"m"
2390,-1.5861,15.5386228579901,0.106531749695764,"m"
2391,-1.5861,15.5389210160331,0.106558946229664,"m"
2392,-1.5861,15.5392200002054,0.106586142967119,"m"
2393,-1.5861,15.5395198108267,0.106613339948205,"m"
2394,-1.5861,15.5398204482168,0.106640537213001,"m"
2395,-1.5861,15.5401219126955,0.106667734801583,"m"
2396,-1.5861,15.5404242045825,0.106694932754029,"m"
2397,-1.5861,15.5407273241975,0.106722131110417,"m"
2398,-1.5861,15.5410312718604,0.106749329910822,"m"
2399,-1.5861,15.5413360478908,0.106776529195323,"m"
2400,-1.5861,15.5416416526087,0.106803729003997,"m"
2401,-1.5861,15.5419480863336,0.106830929376922,"m"
2402,-1.5861,15.5422553493855,0.106858130354173,"m"
2403,-1.5861,15.5425634420839,0.106885331975829,"m"
2404,-1.5861,15.5428723647488,0.106912534281968,"m"
2405,-1.5861,15.5431821176999,0.106939737312665,"m"
2406,-1.5861,15.5434927012569,0.106966941107999,"m"
2407,-1.5861,15.5438041157395,0.106994145708047,"m"
2408,-1.5861,15.5441163614677,0.107021351152885,"m"
2409,-1.5861,15.544429438761,0.107048557482593,"m"
2410,-1.5861,15.5447433479393,0.107075764737245,"m"
2411,-1.5861,15.5450580893224,0.107102972956921,"m"
2412,-1.5861,15.54537366323,0.107130182181696,"m"
2413,-1.5861,15.5456900699818,0.107157392451649,"m"
2414,-1.5861,15.5460073098977,0.107184603806857,"m"
2415,-1.5861,15.5463253832973,0.107211816287397,"m"
2416,-1.5861,15.5466442905006,0.107239029933346,"m"
2417,-1.5861,15.5469640318271,0.107266244784781,"m"
2418,-1.5861,15.5472846075967,0.10729346088178,"m"
2419,-1.5861,15.5476060181291,0.10732067826442,"m"
2420,-1.5861,15.5479282637441,0.107347896972779,"m"
2421,-1.5861,15.5482513447615,0.107375117046933,"m"
2422,-1.5861,15.5485752615011,0.107402338526959,"m"
2423,-1.5861,15.5489000142825,0.107429561452936,"m"
2424,-1.5861,15.5492256034255,0.107456785864941,"m"
2425,-1.5861,15.54955202925,0.10748401180305,"m"
2426,-1.5861,15.5498792920756,0.10751123930734,"m"
2427,-1.5861,15.5502073922222,0.107538468417891,"m"
2428,-1.5861,15.5505363300094,0.107565699174777,"m"
2429,-1.5861,15.5508661057572,0.107592931618077,"m"
2430,-1.5861,15.5511967197851,0.107620165787869,"m"
2431,-1.5861,15.551528172413,0.107647401724228,"m"
2432,-1.5861,15.5518604639607,0.107674639467233,"m"
2433,-1.5861,15.5521935947479,0.107701879056961,"m"
2434,-1.5861,15.5525275650943,0.107729120533489,"m"
2435,-1.5861,15.5528623753198,0.107756363936895,"m"
2436,-1.5861,15.553198025744,0.107783609307255,"m"
2437,-1.5861,15.5535345166869,0.107810856684646,"m"
2438,-1.5861,15.553871848468,0.107838106109147,"m"
2439,-1.5861,15.5542100214072,0.107865357620835,"m"
2440,-1.5861,15.5545490358243,0.107892611259786,"m"
2441,-1.5861,15.5548888920389,0.107919867066078,"m"
2442,-1.5861,15.5552295903709,0.107947125079789,"m"
2443,-1.5861,15.5555711311401,0.107974385340995,"m"
2444,-1.5861,15.5559135146661,0.108001647889774,"m"
2445,-1.5861,15.5562567412688,0.108028912766203,"m"
2446,-1.5861,15.5566008112679,0.108056180010359,"m"
2447,-1.5861,15.5569457249832,0.10808344966232,"m"
2448,-1.5861,15.5572914827344,0.108110721762162,"m"
2449,-1.5861,15.5576380848413,0.108137996349964,"m"
2450,-1.5861,15.5579855316237,0.108165273465802,"m"
2451,-1.5861,15.5583338234013,0.108192553149754,"m"
2452,-1.5861,15.5586829604938,0.108219835441897,"m"
2453,-1.5861,15.5590329432212,0.108247120382309,"m"
2454,-1.5861,15.559383771903,0.108274408011065,"m"
2455,-1.5861,15.5597354468591,0.108301698368245,"m"
2456,-1.5861,15.5600879684092,0.108328991493924,"m"
2457,-1.5861,15.5604413368732,0.108356287428181,"m"
2458,-1.5861,15.5607955525707,0.108383586211092,"m"
2459,-1.5861,15.5611506158215,0.108410887882736,"m"
2460,-1.5861,15.5615065269454,0.108438192483188,"m"
2461,-1.5861,15.5618632862621,0.108465500052527,"m"
2462,-1.5861,15.5622208940914,0.10849281063083,"m"
2463,-1.5861,15.5625793507531,0.108520124258173,"m"
2464,-1.5861,15.562938656567,0.108547440974635,"m"
2465,-1.5861,15.5632988118527,0.108574760820292,"m"
2466,-1.5861,15.5636598169301,0.108602083835222,"m"
2467,-1.5861,15.5640216721189,0.108629410059502,"m"
2468,-1.5861,15.5643843777388,0.108656739533209,"m"
2469,-1.5861,15.5647479341098,0.108684072296421,"m"
2470,-1.5861,15.5651123415514,0.108711408389215,"m"
2471,-1.5861,15.5654776003835,0.108738747851667,"m"
2472,-1.5861,15.5658437109258,0.108766090723857,"m"
2473,-1.5861,15.566210673498,0.108793437045859,"m"
2474,-1.5861,15.5665784884201,0.108820786857753,"m"
2475,-1.5861,15.5669471560116,0.108848140199615,"m"
2476,-1.5861,15.5673166765925,0.108875497111523,"m"
2477,-1.5861,15.5676870504823,0.108902857633553,"m"
2478,-1.5861,15.568058278001,0.108930221805783,"m"
2479,-1.5861,15.5684303594682,0.10895758966829,"m"
2480,-1.5861,15.5688032952038,0.108984961261153,"m"
2481,-1.5861,15.5691770855274,0.109012336624446,"m"
2482,-1.5861,15.5695517307588,0.109039715798249,"m"
2483,-1.5861,15.5699272312179,0.109067098822639,"m"
2484,-1.5861,15.5703035872244,0.109094485737692,"m"
2485,-1.5861,15.570680799098,0.109121876583486,"m"
2486,-1.5861,15.5710588671584,0.109149271400098,"m"
2487,-1.5861,15.5714377917256,0.109176670227605,"m"
2488,-1.5861,15.5718175731191,0.109204073106085,"m"
2489,-1.5861,15.5721982116589,0.109231480075616,"m"
2490,-1.5861,15.5725797076645,0.109258891176273,"m"
2491,-1.5861,15.5729620614559,0.109286306448135,"m"
2492,-1.5861,15.5733452733528,0.109313725931279,"m"
2493,-1.5861,15.5737293436748,0.109341149665782,"m"
2494,-1.5861,15.5741142727419,0.109368577691721,"m"
2495,-1.5861,15.5745000608737,0.109396010049174,"m"
2496,-1.5861,15.57488670839,0.109423446778218,"m"
2497,-1.5861,15.5752742156107,0.10945088791893,"m"
2498,-1.5861,15.5756625828553,0.109478333511387,"m"
2499,-1.5861,15.5760518104437,0.109505783595667,"m"
2500,-1.5861,15.5764418986958,0.109533238211847,"m"
2501,-1.5861,15.5768328479311,0.109560697400005,"m"
2502,-1.5861,15.5772246584695,0.109588161200216,"m"
2503,-1.5861,15.5776173306308,0.10961562965256,"m"
2504,-1.5861,15.5780108647347,0.109643102797113,"m"
2505,-1.5861,15.5784052611009,0.109670580673952,"m"
2506,-1.5861,15.5788005200493,0.109698063323154,"m"
2507,-1.5861,15.5791966418996,0.109725550784798,"m"
2508,-1.5861,15.5795936269716,0.109753043098959,"m"
2509,-1.5861,15.5799914755849,0.109780540305716,"m"
2510,-1.5861,15.5803901880595,0.109808042445146,"m"
2511,-1.5861,15.580789764715,0.109835549557326,"m"
2512,-1.5861,15.5811902058712,0.109863061682333,"m"
2513,-1.5861,15.5815915118478,0.109890578860244,"m"
2514,-1.5861,15.5819936829647,0.109918101131137,"m"
2515,-1.5861,15.5823967195416,0.109945628535089,"m"
2516,-1.5861,15.5828006218983,0.109973161112178,"m"
2517,-1.5861,15.5832053903545,0.11000069890248,"m"
2518,-1.5861,15.5836110252299,0.110028241946073,"m"
2519,-1.5861,15.5840175268444,0.110055790283034,"m"
2520,-1.5861,15.5844248955177,0.11008334395344,"m"
2521,-1.5861,15.5848331315696,0.11011090299737,"m"
2522,-1.5861,15.5852422353198,0.110138467454899,"m"
2523,-1.5861,15.585652207088,0.110166037366105,"m"
2524,-1.5861,15.5860630471942,0.110193612771066,"m"
2525,-1.5861,15.5864747559579,0.110221193709858,"m"
2526,-1.5861,15.586887333699,0.11024878022256,"m"
2527,-1.5861,15.5873007807373,0.110276372349248,"m"
2528,-1.5861,15.5877150973924,0.110303970129999,"m"
2529,-1.5861,15.5881302839843,0.110331573604891,"m"
2530,-1.5861,15.5885463408325,0.110359182814001,"m"
2531,-1.5861,15.5889632682569,0.110386797797407,"m"
2532,-1.5861,15.5893810665773,0.110414418595186,"m"
2533,-1.5861,15.5897997361134,0.110442045247414,"m"
2534,-1.5861,15.590219277185,0.110469677794169,"m"
2535,-1.5861,15.5906396901118,0.110497316275529,"m"
2536,-1.5861,15.5910609752135,0.110524960731571,"m"
2537,-1.5861,15.5914831328101,0.110552611202371,"m"
2538,-1.5861,15.5919061632212,0.110580267728008,"m"
2539,-1.5861,15.5923300667665,0.110607930348559,"m"
2540,-1.5861,15.5927548437659,0.1106355991041,"m"
2541,-1.5861,15.5931804945391,0.110663274034709,"m"
2542,-1.5861,15.5936070194059,0.110690955180464,"m"
2543,-1.5861,15.594034418686,0.110718642581442,"m"
2544,-1.5861,15.5944626926992,0.110746336277719,"m"
2545,-1.5861,15.5948918417652,0.110774036309373,"m"
2546,-1.5861,15.5953218662039,0.110801742716482,"m"
2547,-1.5861,15.5957527663349,0.110829455539123,"m"
2548,-1.5861,15.5961845424781,0.110857174817372,"m"
2549,-1.5861,15.5966171949532,0.110884900591308,"m"
2550,-1.5861,15.59705072408,0.110912632901007,"m"
2551,-1.5861,15.5974851301781,0.110940371786547,"m"
2552,-1.5861,15.5979204135675,0.110968117288006,"m"
2553,-1.5861,15.5983565745678,0.110995869445459,"m"
2554,-1.5861,15.5987936134989,0.111023628298985,"m"
2555,-1.5861,15.5992315306804,0.111051393888661,"m"
2556,-1.5861,15.5996703264321,0.111079166254565,"m"
2557,-1.5861,15.6001100010833,0.111106945436443,"m"
2558,-1.5861,15.6005505561052,0.111134731434208,"m"
2559,-1.5861,15.6009919951872,0.111162524170402,"m"
2560,-1.5861,15.6014343222735,0.111190323558678,"m"
2561,-1.5861,15.6018775413083,0.111218129512689,"m"
2562,-1.5861,15.6023216562359,0.111245941946089,"m"
2563,-1.5861,15.6027666710004,0.111273760772531,"m"
2564,-1.5861,15.6032125895461,0.111301585905668,"m"
2565,-1.5861,15.6036594158172,0.111329417259153,"m"
2566,-1.5861,15.6041071537579,0.11135725474664,"m"
2567,-1.5861,15.6045558073124,0.111385098281781,"m"
2568,-1.5861,15.605005380425,0.111412947778231,"m"
2569,-1.5861,15.6054558770398,0.111440803149642,"m"
2570,-1.5861,15.6059073011011,0.111468664309667,"m"
2571,-1.5861,15.6063596565531,0.11149653117196,"m"
2572,-1.5861,15.6068129473399,0.111524403650174,"m"
2573,-1.5861,15.6072671774059,0.111552281657963,"m"
2574,-1.5861,15.6077223506953,0.111580165108978,"m"
2575,-1.5861,15.6081784711522,0.111608053916875,"m"
2576,-1.5861,15.6086355427209,0.111635947995305,"m"
2577,-1.5861,15.6090935693456,0.111663847257922,"m"
2578,-1.5861,15.6095525549704,0.11169175161838,"m"
2579,-1.5861,15.6100125035397,0.111719660990332,"m"
2580,-1.5861,15.6104734189977,0.11174757528743,"m"
2581,-1.5861,15.6109353052885,0.111775494423329,"m"
2582,-1.5861,15.6113981663563,0.11180341831168,"m"
2583,-1.5861,15.6118620061455,0.111831346866139,"m"
2584,-1.5861,15.6123268286001,0.111859280000357,"m"
2585,-1.5861,15.6127926376645,0.111887217627988,"m"
2586,-1.5861,15.6132594372828,0.111915159662685,"m"
2587,-1.5861,15.6137272313993,0.111943106018102,"m"
2588,-1.5861,15.6141960239581,0.111971056607891,"m"
2589,-1.5861,15.6146658189036,0.111999011345707,"m"
2590,-1.5861,15.6151366201798,0.112026970145202,"m"
2591,-1.5861,15.6156084317311,0.112054932920029,"m"
2592,-1.5861,15.6160812575016,0.112082899583842,"m"
2593,-1.5861,15.6165551014355,0.112110870050293,"m"
2594,-1.5861,15.6170299674771,0.112138844233037,"m"
2595,-1.5861,15.6175058595707,0.112166822045726,"m"
2596,-1.5861,15.6179827816603,0.112194803402014,"m"
2597,-1.5861,15.6184607376902,0.112222788215554,"m"
2598,-1.5861,15.6189397316047,0.112250776399999,"m"
2599,-1.5861,15.6194197673479,0.112278767869002,"m"
2600,-1.5861,15.6199008488641,0.112306762536216,"m"
2601,-1.5861,15.6203829800975,0.112334760315296,"m"
2602,-1.5861,15.6208661649923,0.112362761119893,"m"
2603,-1.5861,15.6213504074927,0.112390764863662,"m"
2604,-1.5861,15.6218357115429,0.112418771460255,"m"
2605,-1.5861,15.6223220810872,0.112446780823326,"m"
2606,-1.5861,15.6228095200698,0.112474792866528,"m"
2607,-1.5861,15.6232980324348,0.112502807503514,"m"
2608,-1.5861,15.6237876221266,0.112530824647937,"m"
2609,-1.5861,15.6242782930893,0.112558844213451,"m"
2610,-1.5861,15.6247700492671,0.112586866113709,"m"
2611,-1.5861,15.6252628946042,0.112614890262364,"m"
2612,-1.5861,15.625756833045,0.11264291657307,"m"
2613,-1.5861,15.6262518685335,0.112670944959479,"m"
2614,-1.5861,15.626748005014,0.112698975335245,"m"
2615,-1.5861,15.6272452464307,0.112727007614021,"m"
2616,-1.5861,15.6277435967279,0.11275504170946,"m"
2617,-1.5861,15.6282430598497,0.112783077535216,"m"
2618,-1.5861,15.6287436397404,0.112811115004941,"m"
2619,-1.5861,15.6292453403442,0.11283915403229,"m"
2620,-1.5861,15.6297481656053,0.112867194530915,"m"
2621,-1.5861,15.6302521194679,0.112895236414469,"m"
2622,-1.5861,15.6307572058762,0.112923279596606,"m"
2623,-1.5861,15.6312634287745,0.112951323990979,"m"
2624,-1.5861,15.631770792107,0.112979369511241,"m"
2625,-1.5861,15.6322792998178,0.113007416071046,"m"
2626,-1.5861,15.6327889558512,0.113035463584046,"m"
2627,-1.5861,15.6332997641515,0.113063511963895,"m"
2628,-1.5861,15.6338117286628,0.113091561124246,"m"
2629,-1.5861,15.6343248533293,0.113119610978753,"m"
2630,-1.5861,15.6348391420953,0.113147661441068,"m"
2631,-1.5861,15.635354598905,0.113175712424845,"m"
2632,-1.5861,15.6358712277026,0.113203763843737,"m"
2633,-1.5861,15.6363890324323,0.113231815611397,"m"
2634,-1.5861,15.6369080170383,0.113259867641479,"m"
2635,-1.5861,15.6374281854649,0.113287919847635,"m"
2636,-1.5861,15.6379495416563,0.11331597214352,"m"
2637,-1.5861,15.6384720895566,0.113344024442786,"m"
2638,-1.5861,15.6389958331102,0.113372076659086,"m"
2639,-1.5861,15.6395207762611,0.113400128706074,"m"
2640,-1.5861,15.6400469229537,0.113428180497403,"m"
2641,-1.5861,15.6405742771322,0.113456231946726,"m"
2642,-1.5861,15.6411028427407,0.113484282967697,"m"
2643,-1.5861,15.6416326237234,0.113512333473968,"m"
2644,-1.5861,15.6421636240247,0.113540383379193,"m"
2645,-1.5861,15.6426958475887,0.113568432597025,"m"
2646,-1.5861,15.6432292983597,0.113596481041117,"m"
2647,-1.5861,15.6437639802818,0.113624528625123,"m"
2648,-1.5861,15.6442998972992,0.113652575262696,"m"
2649,-1.5861,15.6448370533562,0.113680620867489,"m"
2650,-1.5861,15.6453754523971,0.113708665353156,"m"
2651,-1.5861,15.6459150983659,0.113736708633348,"m"
2652,-1.5861,15.646455995207,0.113764750621721,"m"
2653,-1.5861,15.6469981468645,0.113792791231926,"m"
2654,-1.5861,15.6475415572827,0.113820830377618,"m"
2655,-1.5861,15.6480862304057,0.113848867972449,"m"
2656,-1.5861,15.6486321701779,0.113876903930073,"m"
2657,-1.5861,15.6491793805434,0.113904938164143,"m"
2658,-1.5861,15.6497278654464,0.113932970588312,"m"
2659,-1.5861,15.6502776288312,0.113961001116233,"m"
2660,-1.5861,15.6508286746419,0.11398902966156,"m"
2661,-1.5861,15.6513810068228,0.114017056137946,"m"
2662,-1.5861,15.6519346293181,0.114045080459044,"m"
2663,-1.5861,15.652489546072,0.114073102538507,"m"
2664,-1.5861,15.6530457610287,0.114101122289989,"m"
2665,-1.5861,15.6536032781325,0.114129139627142,"m"
2666,-1.5861,15.6541621013276,0.114157154463621,"m"
2667,-1.5861,15.6547222345581,0.114185166713078,"m"
2668,-1.5861,15.6552836817684,0.114213176289167,"m"
2669,-1.5861,15.6558464469025,0.11424118310554,"m"
2670,-1.5861,15.6564105339048,0.114269187075851,"m"
2671,-1.5861,15.6569759467194,0.114297188113753,"m"
2672,-1.5861,15.6575426892906,0.1143251861329,"m"
2673,-1.5861,15.6581107655625,0.114353181046945,"m"
2674,-1.5861,15.6586801794795,0.11438117276954,"m"
2675,-1.5861,15.6592509349857,0.11440916121434,"m"
2676,-1.5861,15.6598230360253,0.114437146294997,"m"
2677,-1.5861,15.6603964865425,0.114465127925165,"m"
2678,-1.5861,15.6609712904816,0.114493106018496,"m"
2679,-1.5861,15.6615474517868,0.114521080488645,"m"
2680,-1.5861,15.6621249744023,0.114549051249264,"m"
2681,-1.5861,15.6627038622723,0.114577018214006,"m"
2682,-1.5861,15.663284119341,0.114604981296525,"m"
2683,-1.5861,15.6638657495526,0.114632940410475,"m"
2684,-1.5861,15.6644487568515,0.114660895469507,"m"
2685,-1.5861,15.6650331451817,0.114688846387276,"m"
2686,-1.5861,15.6656189184875,0.114716793077435,"m"
2687,-1.5861,15.6662060807131,0.114744735453637,"m"
2688,-1.5861,15.6667946358027,0.114772673429535,"m"
2689,-1.5861,15.6673845877006,0.114800606918782,"m"
2690,-1.5861,15.6679759403509,0.114828535835032,"m"
2691,-1.5861,15.668568697698,0.114856460091938,"m"
2692,-1.5861,15.6691628636859,0.114884379603153,"m"
2693,-1.5861,15.6697584422589,0.114912294282331,"m"
2694,-1.5861,15.6703554373613,0.114940204043124,"m"
2695,-1.5861,15.6709538529371,0.114968108799186,"m"
2696,-1.5861,15.6715536929308,0.11499600846417,"m"
2697,-1.5861,15.6721549612864,0.11502390295173,"m"
2698,-1.5861,15.6727576619483,0.115051792175518,"m"
2699,-1.5861,15.6733617988605,0.115079676049187,"m"
2700,-1.5861,15.6739673759674,0.115107554486392,"m"
2701,-1.5861,15.6745743972131,0.115135427400785,"m"
2702,-1.5861,15.6751828665418,0.11516329470602,"m"
2703,-1.5861,15.6757927878979,0.115191156315749,"m"
2704,-1.5861,15.6764041652254,0.115219012143626,"m"
2705,-1.5861,15.6770170024686,0.115246862103305,"m"
2706,-1.5861,15.6776313035718,0.115274706108437,"m"
2707,-1.5861,15.6782470724791,0.115302544072678,"m"
2708,-1.5861,15.6788643131348,0.115330375909679,"m"
2709,-1.5861,15.679483029483,0.115358201533095,"m"
2710,-1.5861,15.6801032254681,0.115386020856578,"m"
2711,-1.5861,15.6807249050341,0.115413833793781,"m"
2712,-1.5861,15.6813480721254,0.115441640258359,"m"
2713,-1.5861,15.6819727306861,0.115469440163963,"m"
2714,-1.5861,15.6825988846605,0.115497233424248,"m"
2715,-1.5861,15.6832265379927,0.115525019952866,"m"
2716,-1.5861,15.683855694627,0.115552799663471,"m"
2717,-1.5861,15.6844863585077,0.115580572469716,"m"
2718,-1.5861,15.6851185335789,0.115608338285255,"m"
2719,-1.5861,15.6857522237848,0.115636097023739,"m"
2720,-1.5861,15.6863874330696,0.115663848598824,"m"
2721,-1.5861,15.6870241653777,0.115691592924162,"m"
2722,-1.5861,15.6876624246531,0.115719329913405,"m"
2723,-1.5861,15.6883022148402,0.115747059480208,"m"
2724,-1.5861,15.688943539883,0.115774781538224,"m"
2725,-1.5861,15.6895864037259,0.115802496001106,"m"
2726,-1.5861,15.6902308103131,0.115830202782507,"m"
2727,-1.5861,15.6908767635887,0.11585790179608,"m"
2728,-1.5861,15.691524267497,0.115885592955478,"m"
2729,-1.5861,15.6921733259823,0.115913276174356,"m"
2730,-1.5861,15.6928239429886,0.115940951366366,"m"
2731,-1.5861,15.6934761224603,0.115968618445161,"m"
2732,-1.5861,15.6941298683416,0.115996277324394,"m"
2733,-1.5861,15.6947851845766,0.116023927917719,"m"
2734,-1.5861,15.6954420751096,0.11605157013879,"m"
2735,-1.5861,15.6961005438848,0.116079203901258,"m"
2736,-1.5861,15.6967605948465,0.116106829118778,"m"
2737,-1.5861,15.6974222319388,0.116134445705003,"m"
2738,-1.5861,15.6980854591059,0.116162053573585,"m"
2739,-1.5861,15.6987502802921,0.116189652638179,"m"
2740,-1.5861,15.6994166992274,0.116217242816349,"m"
2741,-1.5861,15.7000847167335,0.116244824078765,"m"
2742,-1.5861,15.7007543315362,0.116272396434368,"m"
2743,-1.5861,15.7014255423151,0.116299959892945,"m"
2744,-1.5861,15.7020983477496,0.116327514464282,"m"
2745,-1.5861,15.7027727465195,0.116355060158165,"m"
2746,-1.5861,15.7034487373041,0.116382596984382,"m"
2747,-1.5861,15.704126318783,0.116410124952718,"m"
2748,-1.5861,15.7048054896358,0.11643764407296,"m"
2749,-1.5861,15.7054862485419,0.116465154354894,"m"
2750,-1.5861,15.7061685941811,0.116492655808307,"m"
2751,-1.5861,15.7068525252327,0.116520148442985,"m"
2752,-1.5861,15.7075380403763,0.116547632268715,"m"
2753,-1.5861,15.7082251382915,0.116575107295283,"m"
2754,-1.5861,15.7089138176577,0.116602573532475,"m"
2755,-1.5861,15.7096040771547,0.116630030990079,"m"
2756,-1.5861,15.7102959154618,0.116657479677879,"m"
2757,-1.5861,15.7109893312586,0.116684919605663,"m"
2758,-1.5861,15.7116843232247,0.116712350783218,"m"
2759,-1.5861,15.7123808900395,0.116739773220329,"m"
2760,-1.5861,15.7130790303828,0.116767186926783,"m"
2761,-1.5861,15.7137787429339,0.116794591912367,"m"
2762,-1.5861,15.7144800263724,0.116821988186866,"m"
2763,-1.5861,15.7151828793778,0.116849375760068,"m"
2764,-1.5861,15.7158873006298,0.116876754641758,"m"
2765,-1.5861,15.7165932888078,0.116904124841724,"m"
2766,-1.5861,15.7173008425914,0.116931486369751,"m"
2767,-1.5861,15.7180099606601,0.116958839235627,"m"
2768,-1.5861,15.7187206416935,0.116986183449136,"m"
2769,-1.5861,15.719432884371,0.117013519020067,"m"
2770,-1.5861,15.7201466873723,0.117040845958205,"m"
2771,-1.5861,15.7208620493769,0.117068164273337,"m"
2772,-1.5861,15.7215789690643,0.117095473975249,"m"
2773,-1.5861,15.722297445114,0.117122775073727,"m"
2774,-1.5861,15.7230174762056,0.117150067578559,"m"
2775,-1.5861,15.7237390610187,0.11717735149953,"m"
2776,-1.5861,15.7244621982328,0.117204626846426,"m"
2777,-1.5861,15.7251868865273,0.117231893629036,"m"
2778,-1.5861,15.7259131245819,0.117259151857143,"m"
2779,-1.5861,15.7266409110761,0.117286401540537,"m"
2780,-1.5861,15.7273702446895,0.117313642689001,"m"
2781,-1.5861,15.7281011241015,0.117340875312324,"m"
2782,-1.5861,15.7288335479917,0.117368099420291,"m"
2783,-1.5861,15.7295675150397,0.117395315022689,"m"
2784,-1.5861,15.730303023925,0.117422522129304,"m"
2785,-1.5861,15.7310400733271,0.117449720749923,"m"
2786,-1.5861,15.7317786619256,0.117476910894333,"m"
2787,-1.5861,15.7325187884,0.117504092572319,"m"
2788,-1.5861,15.7332604514299,0.117531265793667,"m"
2789,-1.5861,15.7340036496947,0.117558430568166,"m"
2790,-1.5861,15.7347483818741,0.1175855869056,"m"
2791,-1.5861,15.7354946466476,0.117612734815756,"m"
2792,-1.5861,15.7362424426946,0.117639874308422,"m"
2793,-1.5861,15.7369917686948,0.117667005393382,"m"
2794,-1.5861,15.7377426233277,0.117694128080424,"m"
2795,-1.5861,15.7384950052729,0.117721242379334,"m"
2796,-1.5861,15.7392489132098,0.117748348299899,"m"
2797,-1.5861,15.740004345818,0.117775445851904,"m"
2798,-1.5861,15.7407613017771,0.117802535045137,"m"
2799,-1.5861,15.7415197797666,0.117829615889383,"m"
2800,-1.5861,15.7422797784659,0.11785668839443,"m"
2801,-1.5861,15.7430412965548,0.117883752570063,"m"
2802,-1.5861,15.7438043327127,0.117910808426069,"m"
2803,-1.5861,15.7445688856191,0.117937855972234,"m"
2804,-1.5861,15.7453349539536,0.117964895218346,"m"
2805,-1.5861,15.7461025363958,0.11799192617419,"m"
2806,-1.5861,15.7468716316251,0.118018948849552,"m"
2807,-1.5861,15.7476422383211,0.11804596325422,"m"
2808,-1.5861,15.7484143551634,0.118072969397979,"m"
2809,-1.5861,15.7491879808314,0.118099967290616,"m"
2810,-1.5861,15.7499631140048,0.118126956941918,"m"
2811,-1.5861,15.7507397533631,0.118153938361671,"m"
2812,-1.5861,15.7515178975857,0.118180911559661,"m"
2813,-1.5861,15.7522975453523,0.118207876545674,"m"
2814,-1.5861,15.7530786953424,0.118234833329498,"m"
2815,-1.5861,15.7538613462356,0.118261781920918,"m"
2816,-1.5861,15.7546454967113,0.118288722329722,"m"
2817,-1.5861,15.7554311454491,0.118315654565695,"m"
2818,-1.5861,15.7562182911285,0.118342578638623,"m"
2819,-1.5861,15.7570069324291,0.118369494558294,"m"
2820,-1.5861,15.7577970680305,0.118396402334494,"m"
2821,-1.5861,15.7585886966121,0.118423301977009,"m"
2822,-1.5861,15.7593818168536,0.118450193495625,"m"
2823,-1.5861,15.7601764274343,0.11847707690013,"m"
2824,-1.5861,15.760972527034,0.118503952200309,"m"
2825,-1.5861,15.7617701143321,0.118530819405949,"m"
2826,-1.5861,15.7625691880081,0.118557678526836,"m"
2827,-1.5861,15.7633697467417,0.118584529572756,"m"
2828,-1.5861,15.7641717892123,0.118611372553497,"m"
2829,-1.5861,15.7649753140995,0.118638207478845,"m"
2830,-1.5861,15.7657803200828,0.118665034358585,"m"
2831,-1.5861,15.7665868058418,0.118691853202505,"m"
2832,-1.5861,15.767394770056,0.118718664020391,"m"
2833,-1.5861,15.7682042114049,0.118745466822029,"m"
2834,-1.5861,15.7690151285681,0.118772261617206,"m"
2835,-1.5861,15.7698275202251,0.118799048415708,"m"
2836,-1.5861,15.7706413850555,0.118825827227322,"m"
2837,-1.5861,15.7714567217388,0.118852598061834,"m"
2838,-1.5861,15.7722735289546,0.11887936092903,"m"
2839,-1.5861,15.7730918053823,0.118906115838696,"m"
2840,-1.5861,15.7739115497015,0.118932862800621,"m"
2841,-1.5861,15.7747327605918,0.118959601824589,"m"
2842,-1.5861,15.7755554367327,0.118986332920387,"m"
2843,-1.5861,15.7763795768038,0.119013056097801,"m"
2844,-1.5861,15.7772051794845,0.119039771366619,"m"
2845,-1.5861,15.7780322434545,0.119066478736626,"m"
2846,-1.5861,15.7788607673932,0.119093178217609,"m"
2847,-1.5861,15.7796907499802,0.119119869819354,"m"
2848,-1.5861,15.7805221898951,0.119146553551648,"m"
2849,-1.5861,15.7813550858173,0.119173229424277,"m"
2850,-1.5861,15.7821894364264,0.119199897447028,"m"
2851,-1.5861,15.7830252404021,0.119226557629687,"m"
2852,-1.5861,15.7838624964237,0.11925320998204,"m"
2853,-1.5861,15.7847012031708,0.119279854513874,"m"
2854,-1.5861,15.7855413593231,0.119306491234975,"m"
2855,-1.5861,15.7863829635599,0.11933312015513,"m"
2856,-1.5861,15.7872260145609,0.119359741284125,"m"
2857,-1.5861,15.7880705110057,0.119386354631747,"m"
2858,-1.5861,15.7889164515736,0.119412960207781,"m"
2859,-1.5861,15.7897638349443,0.119439558022016,"m"
2860,-1.5861,15.7906126597974,0.119466148084236,"m"
2861,-1.5861,15.7914629248123,0.119492730404228,"m"
2862,-1.5861,15.7923146286686,0.119519304991779,"m"
2863,-1.5861,15.7931677700458,0.119545871856675,"m"
2864,-1.5861,15.7940223476236,0.119572431008703,"m"
2865,-1.5861,15.7948783600813,0.119598982457648,"m"
2866,-1.5861,15.7957358060986,0.119625526213298,"m"
2867,-1.5861,15.796594684355,0.119652062285439,"m"
2868,-1.5861,15.79745499353,0.119678590683858,"m"
2869,-1.5861,15.7983167323032,0.11970511141834,"m"
2870,-1.5861,15.7991798993541,0.119731624498672,"m"
2871,-1.5861,15.8000444933623,0.11975812993464,"m"
2872,-1.5861,15.8009105130073,0.119784627736032,"m"
2873,-1.5861,15.8017779569686,0.119811117912633,"m"
2874,-1.5861,15.8026468239258,0.11983760047423,"m"
2875,-1.5861,15.8035171125584,0.119864075430609,"m"
2876,-1.5861,15.8043888215459,0.119890542791557,"m"
2877,-1.5861,15.805261949568,0.11991700256686,"m"
2878,-1.5861,15.806136495304,0.119943454766305,"m"
2879,-1.5861,15.8070124574337,0.119969899399678,"m"
2880,-1.5861,15.8078898346365,0.119996336476765,"m"
2881,-1.5861,15.8087686255919,0.120022766007353,"m"
2882,-1.5861,15.8096488289795,0.120049188001228,"m"
2883,-1.5861,15.8105304434789,0.120075602468177,"m"
2884,-1.5861,15.8114134677695,0.120102009417986,"m"
2885,-1.5861,15.8122979005309,0.120128408860441,"m"
2886,-1.5861,15.8131837404427,0.12015480080533,"m"
2887,-1.5861,15.8140709861844,0.120181185262438,"m"
2888,-1.5861,15.8149596364355,0.120207562241552,"m"
2889,-1.5861,15.8158496898756,0.120233931752458,"m"
2890,-1.5861,15.8167411451842,0.120260293804943,"m"
2891,-1.5861,15.8176340010409,0.120286648408793,"m"
2892,-1.5861,15.8185282561251,0.120312995573794,"m"
2893,-1.5861,15.8194239091165,0.120339335309734,"m"
2894,-1.5861,15.8203209586945,0.120365667626398,"m"
2895,-1.5861,15.8212194035388,0.120391992533572,"m"
2896,-1.5861,15.8221192423288,0.120418310041044,"m"
2897,-1.5861,15.8230204737441,0.1204446201586,"m"
2898,-1.5861,15.8239230964642,0.120470922896026,"m"
2899,-1.5861,15.8248271091687,0.120497218263108,"m"
2900,-1.5861,15.8257325105371,0.120523506269634,"m"
2901,-1.5861,15.826639299249,0.120549786925389,"m"
2902,-1.5861,15.8275474739839,0.120576060240159,"m"
2903,-1.5861,15.8284570334212,0.120602326223732,"m"
2904,-1.5861,15.8293679762407,0.120628584885894,"m"
2905,-1.5861,15.8302803011217,0.120654836236431,"m"
2906,-1.5861,15.831194006744,0.120681080285129,"m"
2907,-1.5861,15.8321090917868,0.120707317041776,"m"
2908,-1.5861,15.83302555493,0.120733546516156,"m"
2909,-1.5861,15.8339433948529,0.120759768718058,"m"
2910,-1.5861,15.8348626102351,0.120785983657267,"m"
2911,-1.5861,15.8357831997561,0.120812191343569,"m"
2912,-1.5861,15.8367051620956,0.120838391786752,"m"
2913,-1.5861,15.8376284959329,0.120864584996601,"m"
2914,-1.5861,15.8385531999478,0.120890770982903,"m"
2915,-1.5861,15.8394792728196,0.120916949755445,"m"
2916,-1.5861,15.840406713228,0.120943121324013,"m"
2917,-1.5861,15.8413355198524,0.120969285698392,"m"
2918,-1.5861,15.8422656913725,0.120995442888371,"m"
2919,-1.5861,15.8431972264678,0.121021592903734,"m"
2920,-1.5861,15.8441301238178,0.121047735754269,"m"
2921,-1.5861,15.845064382102,0.121073871449763,"m"
2922,-1.5861,15.846,0.1211,"m"
2923,-1.5861,15.8469369764702,0.121126121421004,"m"
2924,-1.5861,15.8478753115862,0.12115223575374,"m"
2925,-1.5861,15.8488150057006,0.121178343045409,"m"
2926,-1.5861,15.8497560591661,0.121204443343212,"m"
2927,-1.5861,15.850698472335,0.12123053669435,"m"
2928,-1.5861,15.85164224556,0.121256623146024,"m"
2929,-1.5861,15.8525873791936,0.121282702745435,"m"
2930,-1.5861,15.8535338735883,0.121308775539785,"m"
2931,-1.5861,15.8544817290967,0.121334841576273,"m"
2932,-1.5861,15.8554309460714,0.121360900902102,"m"
2933,-1.5861,15.8563815248649,0.121386953564473,"m"
2934,-1.5861,15.8573334658297,0.121412999610585,"m"
2935,-1.5861,15.8582867693184,0.121439039087642,"m"
2936,-1.5861,15.8592414356835,0.121465072042842,"m"
2937,-1.5861,15.8601974652776,0.121491098523389,"m"
2938,-1.5861,15.8611548584532,0.121517118576482,"m"
2939,-1.5861,15.8621136155629,0.121543132249322,"m"
2940,-1.5861,15.8630737369592,0.121569139589112,"m"
2941,-1.5861,15.8640352229946,0.121595140643051,"m"
2942,-1.5861,15.8649980740218,0.121621135458341,"m"
2943,-1.5861,15.8659622903932,0.121647124082182,"m"
2944,-1.5861,15.8669278724614,0.121673106561777,"m"
2945,-1.5861,15.8678948205789,0.121699082944326,"m"
2946,-1.5861,15.8688631350984,0.12172505327703,"m"
2947,-1.5861,15.8698328163723,0.12175101760709,"m"
2948,-1.5861,15.8708038647531,0.121776975981707,"m"
2949,-1.5861,15.8717762805935,0.121802928448082,"m"
2950,-1.5861,15.872750064246,0.121828875053416,"m"
2951,-1.5861,15.8737252160631,0.121854815844911,"m"
2952,-1.5861,15.8747017363974,0.121880750869767,"m"
2953,-1.5861,15.8756796256014,0.121906680175186,"m"
2954,-1.5861,15.8766588840277,0.121932603808367,"m"
2955,-1.5861,15.8776395120287,0.121958521816514,"m"
2956,-1.5861,15.8786215099571,0.121984434246826,"m"
2957,-1.5861,15.8796048781655,0.122010341146505,"m"
2958,-1.5861,15.8805896170062,0.122036242562751,"m"
2959,-1.5861,15.881575726832,0.122062138542766,"m"
2960,-1.5861,15.8825632079953,0.122088029133751,"m"
2961,-1.5861,15.8835520608487,0.122113914382906,"m"
2962,-1.5861,15.8845422857447,0.122139794337434,"m"
2963,-1.5861,15.885533883036,0.122165669044534,"m"
2964,-1.5861,15.8865268530749,0.122191538551409,"m"
2965,-1.5861,15.8875211962141,0.122217402905258,"m"
2966,-1.5861,15.8885169128061,0.122243262153284,"m"
2967,-1.5861,15.8895140032035,0.122269116342686,"m"
2968,-1.5861,15.8905124677588,0.122294965520667,"m"
2969,-1.5861,15.8915123068246,0.122320809734427,"m"
2970,-1.5861,15.8925135207534,0.122346649031167,"m"
2971,-1.5861,15.8935161098977,0.122372483458089,"m"
2972,-1.5861,15.8945200746101,0.122398313062393,"m"
2973,-1.5861,15.8955254152432,0.122424137891281,"m"
2974,-1.5861,15.8965321321495,0.122449957991953,"m"
2975,-1.5861,15.8975402256815,0.12247577341161,"m"
2976,-1.5861,15.8985496961917,0.122501584197454,"m"
2977,-1.5861,15.8995605440329,0.122527390396686,"m"
2978,-1.5861,15.9005727695573,0.122553192056507,"m"
2979,-1.5861,15.9015863731178,0.122578989224117,"m"
2980,-1.5861,15.9026013550666,0.122604781946718,"m"
2981,-1.5861,15.9036177157565,0.122630570271511,"m"
2982,-1.5861,15.90463545554,0.122656354245697,"m"
2983,-1.5861,15.9056545747695,0.122682133916477,"m"
2984,-1.5861,15.9066750737978,0.122707909331052,"m"
2985,-1.5861,15.9076969529772,0.122733680536623,"m"
2986,-1.5861,15.9087202126604,0.122759447580391,"m"
2987,-1.5861,15.9097448531998,0.122785210509557,"m"
2988,-1.5861,15.9107708749481,0.122810969371323,"m"
2989,-1.5861,15.9117982782578,0.122836724212889,"m"
2990,-1.5861,15.9128270634814,0.122862475081456,"m"
2991,-1.5861,15.9138572309715,0.122888222024225,"m"
2992,-1.5861,15.9148887810807,0.122913965088398,"m"
2993,-1.5861,15.9159217141613,0.122939704321176,"m"
2994,-1.5861,15.9169560305662,0.122965439769759,"m"
2995,-1.5861,15.9179917306476,0.122991171481348,"m"
2996,-1.5861,15.9190288147583,0.123016899503146,"m"
2997,-1.5861,15.9200672832508,0.123042623882352,"m"
2998,-1.5861,15.9211071364775,0.123068344666167,"m"
2999,-1.5861,15.9221483747911,0.123094061901794,"m"
3000,-1.5861,15.9231909985441,0.123119775636432,"m"
3001,-1.5861,15.9242350080891,0.123145485917283,"m"
3002,-1.5861,15.9252804037785,0.123171192791549,"m"
3003,-1.5861,15.926327185965,0.123196896306429,"m"
3004,-1.5861,15.927375355001,0.123222596509125,"m"
3005,-1.5861,15.9284249112392,0.123248293446839,"m"
3006,-1.5861,15.9294758550321,0.12327398716677,"m"
3007,-1.5861,15.9305281867322,0.123299677716121,"m"
3008,-1.5861,15.931581906692,0.123325365142092,"m"
3009,-1.5861,15.9326370152642,0.123351049491884,"m"
3010,-1.5861,15.9336935128012,0.123376730812699,"m"
3011,-1.5861,15.9347513996556,0.123402409151738,"m"
3012,-1.5861,15.93581067618,0.1234280845562,"m"
3013,-1.5861,15.9368713427269,0.123453757073289,"m"
3014,-1.5861,15.9379333996488,0.123479426750203,"m"
3015,-1.5861,15.9389968472983,0.123505093634146,"m"
3016,-1.5861,15.940061686028,0.123530757772317,"m"
3017,-1.5861,15.9411279161903,0.123556419211918,"m"
3018,-1.5861,15.9421955381379,0.12358207800015,"m"
3019,-1.5861,15.9432645522232,0.123607734184213,"m"
3020,-1.5861,15.9443349587989,0.12363338781131,"m"
3021,-1.5861,15.9454067582175,0.12365903892864,"m"
3022,-1.5861,15.9464799508314,0.123684687583406,"m"
3023,-1.5861,15.9475545369933,0.123710333822807,"m"
3024,-1.5861,15.9486305170558,0.123735977694046,"m"
3025,-1.5861,15.9497078913713,0.123761619244322,"m"
3026,-1.5861,15.9507866602924,0.123787258520838,"m"
3027,-1.5861,15.9518668241716,0.123812895570795,"m"
3028,-1.5861,15.9529483833616,0.123838530441392,"m"
3029,-1.5861,15.9540313382147,0.123864163179832,"m"
3030,-1.5861,15.9551156890837,0.123889793833316,"m"
3031,-1.5861,15.956201436321,0.123915422449043,"m"
3032,-1.5861,15.9572885802792,0.123941049074217,"m"
3033,-1.5861,15.9583771213108,0.123966673756037,"m"
3034,-1.5861,15.9594670597684,0.123992296541704,"m"
3035,-1.5861,15.9605583960045,0.124017917478421,"m"
3036,-1.5861,15.9616511303717,0.124043536613387,"m"
3037,-1.5861,15.9627452632225,0.124069153993803,"m"
3038,-1.5861,15.9638407949094,0.124094769666872,"m"
3039,-1.5861,15.9649377257851,0.124120383679794,"m"
3040,-1.5861,15.966036056202,0.124145996079769,"m"
3041,-1.5861,15.9671357865127,0.124171606913999,"m"
3042,-1.5861,15.9682369170697,0.124197216229686,"m"
3043,-1.5861,15.9693394482256,0.12422282407403,"m"
3044,-1.5861,15.970443380333,0.124248430494231,"m"
3045,-1.5861,15.9715487137444,0.124274035537492,"m"
3046,-1.5861,15.9726554488123,0.124299639251014,"m"
3047,-1.5861,15.9737635858892,0.124325241681996,"m"
3048,-1.5861,15.9748731253278,0.124350842877641,"m"
3049,-1.5861,15.9759840674806,0.124376442885149,"m"
3050,-1.5861,15.9770964127,0.124402041751722,"m"
3051,-1.5861,15.9782101613388,0.124427639524561,"m"
3052,-1.5861,15.9793253137493,0.124453236250865,"m"
3053,-1.5861,15.9804418702842,0.124478831977838,"m"
3054,-1.5861,15.981559831296,0.124504426752679,"m"
3055,-1.5861,15.9826791971373,0.12453002062259,"m"
3056,-1.5861,15.9837999681605,0.124555613634772,"m"
3057,-1.5861,15.9849221447183,0.124581205836425,"m"
3058,-1.5861,15.9860457271632,0.124606797274752,"m"
3059,-1.5861,15.9871707158477,0.124632387996952,"m"
3060,-1.5861,15.9882971111243,0.124657978050228,"m"
3061,-1.5861,15.9894249133457,0.124683567481779,"m"
3062,-1.5861,15.9905541228644,0.124709156338807,"m"
3063,-1.5861,15.9916847400329,0.124734744668514,"m"
3064,-1.5861,15.9928167652038,0.1247603325181,"m"
3065,-1.5861,15.9939501987296,0.124785919934766,"m"
3066,-1.5861,15.9950850409628,0.124811506965713,"m"
3067,-1.5861,15.996221292256,0.124837093658143,"m"
3068,-1.5861,15.9973589529618,0.124862680059256,"m"
3069,-1.5861,15.9984980234327,0.124888266216254,"m"
3070,-1.5861,15.9996385040212,0.124913852176337,"m"
3071,-1.5861,16.0007803950799,0.124939437986707,"m"
3072,-1.5861,16.0019236969614,0.124965023694564,"m"
3073,-1.5861,16.0030684100181,0.12499060934711,"m"
3074,-1.5861,16.0042145346027,0.125016194991546,"m"
3075,-1.5861,16.0053620710676,0.125041780675072,"m"
3076,-1.5861,16.0065110197655,0.125067366444891,"m"
3077,-1.5861,16.0076613810488,0.125092952348202,"m"
3078,-1.5861,16.0088131552702,0.125118538432207,"m"
3079,-1.5861,16.0099663427821,0.125144124744107,"m"
3080,-1.5861,16.0111209439371,0.125169711331103,"m"
3081,-1.5861,16.0122769590878,0.125195298240396,"m"
3082,-1.5861,16.0134343885866,0.125220885519188,"m"
3083,-1.5861,16.0145932327862,0.125246473214678,"m"
3084,-1.5861,16.0157534920391,0.125272061374069,"m"
3085,-1.5861,16.0169151666979,0.125297650044561,"m"
3086,-1.5861,16.018078257115,0.125323239273356,"m"
3087,-1.5861,16.0192427636431,0.125348829107653,"m"
3088,-1.5861,16.0204086866346,0.125374419594656,"m"
3089,-1.5861,16.0215760264422,0.125400010781563,"m"
3090,-1.5861,16.0227447834183,0.125425602715578,"m"
3091,-1.5861,16.0239149579156,0.1254511954439,"m"
3092,-1.5861,16.0250865502865,0.12547678901373,"m"
3093,-1.5861,16.0262595608836,0.125502383472271,"m"
3094,-1.5861,16.0274339900595,0.125527978866722,"m"
3095,-1.5861,16.0286098381667,0.125553575244285,"m"
3096,-1.5861,16.0297871055577,0.125579172652161,"m"
3097,-1.5861,16.0309657925851,0.12560477113755,"m"
3098,-1.5861,16.0321458996015,0.125630370747655,"m"
3099,-1.5861,16.0333274269594,0.125655971529676,"m"
3100,-1.5861,16.0345103750113,0.125681573530813,"m"
3101,-1.5861,16.0356947441097,0.125707176798269,"m"
3102,-1.5861,16.0368805346073,0.125732781379244,"m"
3103,-1.5861,16.0380677468566,0.12575838732094,"m"
3104,-1.5861,16.0392563812101,0.125783994670556,"m"
3105,-1.5861,16.0404464379992,0.125809603474001,"m"
3106,-1.5861,16.0416379165947,0.125835213718544,"m"
3107,-1.5861,16.0428308150351,0.125860825310097,"m"
3108,-1.5861,16.0440251312603,0.125886438148576,"m"
3109,-1.5861,16.0452208632105,0.125912052133898,"m"
3110,-1.5861,16.0464180088258,0.12593766716598,"m"
3111,-1.5861,16.0476165660464,0.125963283144741,"m"
3112,-1.5861,16.0488165328124,0.125988899970096,"m"
3113,-1.5861,16.0500179070639,0.126014517541963,"m"
3114,-1.5861,16.0512206867409,0.126040135760259,"m"
3115,-1.5861,16.0524248697837,0.126065754524902,"m"
3116,-1.5861,16.0536304541323,0.126091373735808,"m"
3117,-1.5861,16.0548374377269,0.126116993292894,"m"
3118,-1.5861,16.0560458185076,0.126142613096078,"m"
3119,-1.5861,16.0572555944144,0.126168233045278,"m"
3120,-1.5861,16.0584667633876,0.126193853040409,"m"
3121,-1.5861,16.0596793233672,0.126219472981389,"m"
3122,-1.5861,16.0608932722934,0.126245092768136,"m"
3123,-1.5861,16.0621086081062,0.126270712300566,"m"
3124,-1.5861,16.0633253287459,0.126296331478597,"m"
3125,-1.5861,16.0645434321524,0.126321950202145,"m"
3126,-1.5861,16.065762916266,0.126347568371129,"m"
3127,-1.5861,16.0669837790268,0.126373185885464,"m"
3128,-1.5861,16.0682060183748,0.126398802645069,"m"
3129,-1.5861,16.0694296322502,0.12642441854986,"m"
3130,-1.5861,16.0706546185931,0.126450033499755,"m"
3131,-1.5861,16.0718809753436,0.126475647394671,"m"
3132,-1.5861,16.0731087004419,0.126501260134524,"m"
3133,-1.5861,16.074337791828,0.126526871619232,"m"
3134,-1.5861,16.0755682474421,0.126552481748712,"m"
3135,-1.5861,16.0768000652243,0.126578090422882,"m"
3136,-1.5861,16.0780332431148,0.126603697541658,"m"
3137,-1.5861,16.0792677790536,0.126629303004958,"m"
3138,-1.5861,16.0805036709808,0.126654906712698,"m"
3139,-1.5861,16.0817409168366,0.126680508564796,"m"
3140,-1.5861,16.0829795145611,0.12670610846117,"m"
3141,-1.5861,16.0842194620945,0.126731706301735,"m"
3142,-1.5861,16.0854607573767,0.12675730198641,"m"
3143,-1.5861,16.086703398348,0.126782895415111,"m"
3144,-1.5861,16.0879473829485,0.126808486487756,"m"
3145,-1.5861,16.0891927091183,0.126834075104262,"m"
3146,-1.5861,16.0904393747975,0.126859661164546,"m"
3147,-1.5861,16.0916873779262,0.126885244568524,"m"
3148,-1.5861,16.0929367164446,0.126910825216115,"m"
3149,-1.5861,16.0941873882927,0.126936403007236,"m"
3150,-1.5861,16.0954393914107,0.126961977841803,"m"
3151,-1.5861,16.0966927237388,0.126987549619733,"m"
3152,-1.5861,16.0979473832169,0.127013118240945,"m"
3153,-1.5861,16.0992033677853,0.127038683605354,"m"
3154,-1.5861,16.1004606753841,0.127064245612878,"m"
3155,-1.5861,16.1017193039533,0.127089804163435,"m"
3156,-1.5861,16.1029792514332,0.127115359156941,"m"
3157,-1.5861,16.1042405157637,0.127140910493314,"m"
3158,-1.5861,16.1055030948851,0.127166458072471,"m"
3159,-1.5861,16.1067669867374,0.127192001794328,"m"
3160,-1.5861,16.1080321892609,0.127217541558804,"m"
3161,-1.5861,16.1092987003955,0.127243077265814,"m"
3162,-1.5861,16.1105665180814,0.127268608815277,"m"
3163,-1.5861,16.1118356402588,0.12729413610711,"m"
3164,-1.5861,16.1131060648677,0.127319659041229,"m"
3165,-1.5861,16.1143777898483,0.127345177517552,"m"
3166,-1.5861,16.1156508131407,0.127370691435996,"m"
3167,-1.5861,16.1169251326849,0.127396200696478,"m"
3168,-1.5861,16.1182007464213,0.127421705198915,"m"
3169,-1.5861,16.1194776522897,0.127447204843224,"m"
3170,-1.5861,16.1207558482304,0.127472699529323,"m"
3171,-1.5861,16.1220353321835,0.127498189157129,"m"
3172,-1.5861,16.1233161020891,0.127523673626559,"m"
3173,-1.5861,16.1245981558874,0.127549152837529,"m"
3174,-1.5861,16.1258814915183,0.127574626689958,"m"
3175,-1.5861,16.1271661069222,0.127600095083762,"m"
3176,-1.5861,16.128452000039,0.127625557918858,"m"
3177,-1.5861,16.1297391688089,0.127651015095164,"m"
3178,-1.5861,16.131027611172,0.127676466512597,"m"
3179,-1.5861,16.1323173250684,0.127701912071074,"m"
3180,-1.5861,16.1336083084383,0.127727351670511,"m"
3181,-1.5861,16.1349005592218,0.127752785210827,"m"
3182,-1.5861,16.136194075359,0.127778212591938,"m"
3183,-1.5861,16.13748885479,0.127803633713762,"m"
3184,-1.5861,16.1387848954549,0.127829048476215,"m"
3185,-1.5861,16.1400821952939,0.127854456779216,"m"
3186,-1.5861,16.141380752247,0.12787985852268,"m"
3187,-1.5861,16.1426805642544,0.127905253606525,"m"
3188,-1.5861,16.1439816292562,0.127930641930668,"m"
3189,-1.5861,16.1452839451926,0.127956023395027,"m"
3190,-1.5861,16.1465875100036,0.127981397899518,"m"
3191,-1.5861,16.1478923216293,0.128006765344059,"m"
3192,-1.5861,16.14919837801,0.128032125628567,"m"
3193,-1.5861,16.1505056770856,0.128057478652959,"m"
3194,-1.5861,16.1518142167964,0.128082824317152,"m"
3195,-1.5861,16.1531239950824,0.128108162521063,"m"
3196,-1.5861,16.1544350098837,0.12813349316461,"m"
3197,-1.5861,16.1557472591405,0.128158816147709,"m"
3198,-1.5861,16.157060740793,0.128184131370278,"m"
3199,-1.5861,16.1583754527811,0.128209438732234,"m"
3200,-1.5861,16.1596913930451,0.128234738133494,"m"
3201,-1.5861,16.161008559525,0.128260029473975,"m"
3202,-1.5861,16.162326950161,0.128285312653594,"m"
3203,-1.5861,16.1636465628931,0.128310587572269,"m"
3204,-1.5861,16.1649673956616,0.128335854129917,"m"
3205,-1.5861,16.1662894464066,0.128361112226454,"m"
3206,-1.5861,16.167612713068,0.128386361761798,"m"
3207,-1.5861,16.1689371935861,0.128411602635867,"m"
3208,-1.5861,16.1702628859011,0.128436834748576,"m"
3209,-1.5861,16.1715897879529,0.128462057999844,"m"
3210,-1.5861,16.1729178976817,0.128487272289588,"m"
3211,-1.5861,16.1742472130277,0.128512477517724,"m"
3212,-1.5861,16.1755777319309,0.12853767358417,"m"
3213,-1.5861,16.1769094523316,0.128562860388843,"m"
3214,-1.5861,16.1782423721697,0.12858803783166,"m"
3215,-1.5861,16.1795764893854,0.128613205812539,"m"
3216,-1.5861,16.1809118019189,0.128638364231396,"m"
3217,-1.5861,16.1822483077102,0.128663512988148,"m"
3218,-1.5861,16.1835860046995,0.128688651982714,"m"
3219,-1.5861,16.1849248908269,0.128713781115009,"m"
3220,-1.5861,16.1862649640325,0.128738900284951,"m"
3221,-1.5861,16.1876062222564,0.128764009392457,"m"
3222,-1.5861,16.1889486634388,0.128789108337445,"m"
3223,-1.5861,16.1902922855198,0.128814197019831,"m"
3224,-1.5861,16.1916370864394,0.128839275339533,"m"
3225,-1.5861,16.1929830641378,0.128864343196468,"m"
3226,-1.5861,16.1943302165552,0.128889400490553,"m"
3227,-1.5861,16.1956785416316,0.128914447121704,"m"
3228,-1.5861,16.1970280373072,0.12893948298984,"m"
3229,-1.5861,16.1983787015221,0.128964507994877,"m"
3230,-1.5861,16.1997305322163,0.128989522036733,"m"
3231,-1.5861,16.2010835273301,0.129014525015325,"m"
3232,-1.5861,16.2024376848035,0.129039516830569,"m"
3233,-1.5861,16.2037930025767,0.129064497382384,"m"
3234,-1.5861,16.2051494785898,0.129089466570685,"m"
3235,-1.5861,16.2065071107828,0.129114424295391,"m"
3236,-1.5861,16.207865897096,0.129139370456418,"m"
3237,-1.5861,16.2092258354694,0.129164304953684,"m"
3238,-1.5861,16.2105869238431,0.129189227687106,"m"
3239,-1.5861,16.2119491601573,0.1292141385566,"m"
3240,-1.5861,16.2133125423522,0.129239037462085,"m"
3241,-1.5861,16.2146770683677,0.129263924303476,"m"
3242,-1.5861,16.216042736144,0.129288798980692,"m"
3243,-1.5861,16.2174095436213,0.12931366139365,"m"
3244,-1.5861,16.2187774887397,0.129338511442266,"m"
3245,-1.5861,16.2201465694392,0.129363349026458,"m"
3246,-1.5861,16.2215167836601,0.129388174046143,"m"
3247,-1.5861,16.2228881293424,0.129412986401238,"m"
3248,-1.5861,16.2242606044262,0.12943778599166,"m"
3249,-1.5861,16.2256342068517,0.129462572717327,"m"
3250,-1.5861,16.2270089345589,0.129487346478155,"m"
3251,-1.5861,16.2283847854881,0.129512107174062,"m"
3252,-1.5861,16.2297617575793,0.129536854704965,"m"
3253,-1.5861,16.2311398487726,0.129561588970781,"m"
3254,-1.5861,16.2325190570081,0.129586309871426,"m"
3255,-1.5861,16.2338993802261,0.12961101730682,"m"
3256,-1.5861,16.2352808163665,0.129635711176877,"m"
3257,-1.5861,16.2366633633696,0.129660391381516,"m"
3258,-1.5861,16.2380470191753,0.129685057820654,"m"
3259,-1.5861,16.239431781724,0.129709710394208,"m"
3260,-1.5861,16.2408176489556,0.129734349002095,"m"
3261,-1.5861,16.2422046188102,0.129758973544232,"m"
3262,-1.5861,16.2435926892281,0.129783583920537,"m"
3263,-1.5861,16.2449818581494,0.129808180030925,"m"
3264,-1.5861,16.246372123514,0.129832761775316,"m"
3265,-1.5861,16.2477634832622,0.129857329053625,"m"
3266,-1.5861,16.2491559353342,0.129881881765771,"m"
3267,-1.5861,16.2505494776699,0.129906419811669,"m"
3268,-1.5861,16.2519441082095,0.129930943091238,"m"
3269,-1.5861,16.2533398248932,0.129955451504394,"m"
3270,-1.5861,16.254736625661,0.129979944951054,"m"
3271,-1.5861,16.2561345084531,0.130004423331137,"m"
3272,-1.5861,16.2575334712096,0.130028886544558,"m"
3273,-1.5861,16.2589335118706,0.130053334491235,"m"
3274,-1.5861,16.2603346283763,0.130077767071085,"m"
3275,-1.5861,16.2617368186667,0.130102184184026,"m"
3276,-1.5861,16.263140080682,0.130126585729974,"m"
3277,-1.5861,16.2645444123622,0.130150971608846,"m"
3278,-1.5861,16.2659498116476,0.130175341720561,"m"
3279,-1.5861,16.2673562764782,0.130199695965034,"m"
3280,-1.5861,16.2687638047942,0.130224034242183,"m"
3281,-1.5861,16.2701723945356,0.130248356451926,"m"
3282,-1.5861,16.2715820436426,0.130272662494178,"m"
3283,-1.5861,16.2729927500553,0.130296952268859,"m"
3284,-1.5861,16.2744045117139,0.130321225675884,"m"
3285,-1.5861,16.2758173265584,0.13034548261517,"m"
3286,-1.5861,16.2772311925289,0.130369722986636,"m"
3287,-1.5861,16.2786461075656,0.130393946690198,"m"
3288,-1.5861,16.2800620695461,0.130418153636861,"m"
3289,-1.5861,16.281479075804,0.130442343834132,"m"
3290,-1.5861,16.2828971233927,0.130466517339207,"m"
3291,-1.5861,16.2843162093632,0.130490674209695,"m"
3292,-1.5861,16.2857363307668,0.130514814503201,"m"
3293,-1.5861,16.2871574846546,0.130538938277333,"m"
3294,-1.5861,16.2885796680776,0.130563045589698,"m"
3295,-1.5861,16.2900028780871,0.130587136497902,"m"
3296,-1.5861,16.291427111734,0.130611211059553,"m"
3297,-1.5861,16.2928523660696,0.130635269332258,"m"
3298,-1.5861,16.294278638145,0.130659311373624,"m"
3299,-1.5861,16.2957059250112,0.130683337241257,"m"
3300,-1.5861,16.2971342237195,0.130707346992764,"m"
3301,-1.5861,16.2985635313208,0.130731340685753,"m"
3302,-1.5861,16.2999938448665,0.130755318377831,"m"
3303,-1.5861,16.3014251614074,0.130779280126605,"m"
3304,-1.5861,16.3028574779949,0.13080322598968,"m"
3305,-1.5861,16.30429079168,0.130827156024666,"m"
3306,-1.5861,16.3057250995138,0.130851070289168,"m"
3307,-1.5861,16.3071603985475,0.130874968840794,"m"
3308,-1.5861,16.3085966858321,0.13089885173715,"m"
3309,-1.5861,16.3100339584189,0.130922719035843,"m"
3310,-1.5861,16.3114722133588,0.130946570794481,"m"
3311,-1.5861,16.3129114477031,0.130970407070671,"m"
3312,-1.5861,16.3143516585029,0.130994227922019,"m"
3313,-1.5861,16.3157928428092,0.131018033406132,"m"
3314,-1.5861,16.3172349976732,0.131041823580618,"m"
3315,-1.5861,16.3186781201461,0.131065598503083,"m"
3316,-1.5861,16.3201222072789,0.131089358231134,"m"
3317,-1.5861,16.3215672561228,0.131113102822379,"m"
3318,-1.5861,16.3230132637288,0.131136832334425,"m"
3319,-1.5861,16.3244602271482,0.131160546824877,"m"
3320,-1.5861,16.325908143432,0.131184246351344,"m"
3321,-1.5861,16.3273570096313,0.131207930971432,"m"
3322,-1.5861,16.3288068227974,0.131231600742749,"m"
3323,-1.5861,16.3302575799812,0.131255255722901,"m"
3324,-1.5861,16.3317092782339,0.131278895969495,"m"
3325,-1.5861,16.3331619146067,0.131302521540139,"m"
3326,-1.5861,16.3346154861506,0.131326132492438,"m"
3327,-1.5861,16.3360699899168,0.131349728884001,"m"
3328,-1.5861,16.3375254229564,0.131373310772434,"m"
3329,-1.5861,16.3389817823205,0.131396878215345,"m"
3330,-1.5861,16.3404390650603,0.131420431270339,"m"
3331,-1.5861,16.3418972682268,0.131443969995025,"m"
3332,-1.5861,16.3433563888712,0.131467494447009,"m"
3333,-1.5861,16.3448164240446,0.131491004683898,"m"
3334,-1.5861,16.3462773707982,0.131514500763299,"m"
3335,-1.5861,16.347739226183,0.131537982742819,"m"
3336,-1.5861,16.3492019872501,0.131561450680065,"m"
3337,-1.5861,16.3506656510508,0.131584904632645,"m"
3338,-1.5861,16.352130214636,0.131608344658164,"m"
3339,-1.5861,16.353595675057,0.131631770814231,"m"
3340,-1.5861,16.3550620293649,0.131655183158452,"m"
3341,-1.5861,16.3565292746107,0.131678581748433,"m"
3342,-1.5861,16.3579974078457,0.131701966641783,"m"
3343,-1.5861,16.3594664261208,0.131725337896108,"m"
3344,-1.5861,16.3609363264873,0.131748695569014,"m"
3345,-1.5861,16.3624071059963,0.13177203971811,"m"
3346,-1.5861,16.3638787616988,0.131795370401002,"m"
3347,-1.5861,16.365351290646,0.131818687675296,"m"
3348,-1.5861,16.3668246898891,0.131841991598601,"m"
3349,-1.5861,16.3682989564791,0.131865282228522,"m"
3350,-1.5861,16.3697740874672,0.131888559622668,"m"
3351,-1.5861,16.3712500799044,0.131911823838644,"m"
3352,-1.5861,16.372726930842,0.131935074934058,"m"
3353,-1.5861,16.374204637331,0.131958312966517,"m"
3354,-1.5861,16.3756831964226,0.131981537993628,"m"
3355,-1.5861,16.3771626051678,0.132004750072998,"m"
3356,-1.5861,16.3786428606179,0.132027949262233,"m"
3357,-1.5861,16.3801239598238,0.132051135618941,"m"
3358,-1.5861,16.3816058998368,0.132074309200729,"m"
3359,-1.5861,16.383088677708,0.132097470065204,"m"
3360,-1.5861,16.3845722904884,0.132120618269973,"m"
3361,-1.5861,16.3860567352292,0.132143753872642,"m"
3362,-1.5861,16.3875420089816,0.132166876930819,"m"
3363,-1.5861,16.3890281087966,0.132189987502111,"m"
3364,-1.5861,16.3905150317253,0.132213085644125,"m"
3365,-1.5861,16.392002774819,0.132236171414467,"m"
3366,-1.5861,16.3934913351287,0.132259244870745,"m"
3367,-1.5861,16.3949807097054,0.132282306070565,"m"
3368,-1.5861,16.3964708956005,0.132305355071536,"m"
3369,-1.5861,16.3979618898649,0.132328391931263,"m"
3370,-1.5861,16.3994536895498,0.132351416707353,"m"
3371,-1.5861,16.4009462917063,0.132374429457414,"m"
3372,-1.5861,16.4024396933856,0.132397430239053,"m"
3373,-1.5861,16.4039338916387,0.132420419109876,"m"
3374,-1.5861,16.4054288835168,0.132443396127491,"m"
3375,-1.5861,16.406924666071,0.132466361349504,"m"
3376,-1.5861,16.4084212363524,0.132489314833523,"m"
3377,-1.5861,16.4099185914122,0.132512256637155,"m"
3378,-1.5861,16.4114167283014,0.132535186818006,"m"
3379,-1.5861,16.4129156440712,0.132558105433683,"m"
3380,-1.5861,16.4144153357727,0.132581012541794,"m"
3381,-1.5861,16.415915800457,0.132603908199945,"m"
3382,-1.5861,16.4174170351753,0.132626792465744,"m"
3383,-1.5861,16.4189190369787,0.132649665396797,"m"
3384,-1.5861,16.4204218029182,0.132672527050712,"m"
3385,-1.5861,16.4219253300451,0.132695377485095,"m"
3386,-1.5861,16.4234296154104,0.132718216757554,"m"
3387,-1.5861,16.4249346560653,0.132741044925695,"m"
3388,-1.5861,16.4264404490608,0.132763862047125,"m"
3389,-1.5861,16.4279469914481,0.132786668179451,"m"
3390,-1.5861,16.4294542802783,0.132809463380281,"m"
3391,-1.5861,16.4309623126026,0.132832247707222,"m"
3392,-1.5861,16.4324710854721,0.132855021217879,"m"
3393,-1.5861,16.4339805959378,0.132877783969861,"m"
3394,-1.5861,16.4354908410509,0.132900536020774,"m"
3395,-1.5861,16.4370018178626,0.132923277428226,"m"
3396,-1.5861,16.4385135234239,0.132946008249822,"m"
3397,-1.5861,16.440025954786,0.132968728543171,"m"
3398,-1.5861,16.441539109,0.132991438365879,"m"
3399,-1.5861,16.4430529831169,0.133014137775554,"m"
3400,-1.5861,16.444567574188,0.133036826829801,"m"
3401,-1.5861,16.4460828792644,0.133059505586229,"m"
3402,-1.5861,16.4475988953971,0.133082174102444,"m"
3403,-1.5861,16.4491156196374,0.133104832436053,"m"
3404,-1.5861,16.4506330490362,0.133127480644663,"m"
3405,-1.5861,16.4521511806448,0.133150118785881,"m"
3406,-1.5861,16.4536700115142,0.133172746917315,"m"
3407,-1.5861,16.4551895386957,0.13319536509657,"m"
3408,-1.5861,16.4567097592402,0.133217973381255,"m"
3409,-1.5861,16.4582306701989,0.133240571828975,"m"
3410,-1.5861,16.459752268623,0.133263160497339,"m"
3411,-1.5861,16.4612745515636,0.133285739443953,"m"
3412,-1.5861,16.4627975160717,0.133308308726423,"m"
3413,-1.5861,16.4643211591986,0.133330868402358,"m"
3414,-1.5861,16.4658454779953,0.133353418529364,"m"
3415,-1.5861,16.4673704695129,0.133375959165048,"m"
3416,-1.5861,16.4688961308026,0.133398490367016,"m"
3417,-1.5861,16.4704224589155,0.133421012192877,"m"
3418,-1.5861,16.4719494509027,0.133443524700237,"m"
3419,-1.5861,16.4734771038154,0.133466027946702,"m"
3420,-1.5861,16.4750054147046,0.133488521989881,"m"
3421,-1.5861,16.4765343806215,0.133511006887379,"m"
3422,-1.5861,16.4780639986172,0.133533482696804,"m"
3423,-1.5861,16.4795942657428,0.133555949475763,"m"
3424,-1.5861,16.4811251790495,0.133578407281863,"m"
3425,-1.5861,16.4826567355883,0.133600856172711,"m"
3426,-1.5861,16.4841889324104,0.133623296205914,"m"
3427,-1.5861,16.4857217665669,0.133645727439078,"m"
3428,-1.5861,16.4872552351089,0.133668149929811,"m"
3429,-1.5861,16.4887893350876,0.13369056373572,"m"
3430,-1.5861,16.4903240635541,0.133712968914412,"m"
3431,-1.5861,16.4918594175594,0.133735365523494,"m"
3432,-1.5861,16.4933953941548,0.133757753620572,"m"
3433,-1.5861,16.4949319903913,0.133780133263254,"m"
3434,-1.5861,16.49646920332,0.133802504509146,"m"
3435,-1.5861,16.4980070299921,0.133824867415857,"m"
3436,-1.5861,16.4995454674588,0.133847222040992,"m"
3437,-1.5861,16.501084512771,0.133869568442159,"m"
3438,-1.5861,16.50262416298,0.133891906676964,"m"
3439,-1.5861,16.5041644151368,0.133914236803015,"m"
3440,-1.5861,16.5057052662927,0.133936558877919,"m"
3441,-1.5861,16.5072467134986,0.133958872959282,"m"
3442,-1.5861,16.5087887538057,0.133981179104712,"m"
3443,-1.5861,16.5103313842652,0.134003477371815,"m"
3444,-1.5861,16.5118746019282,0.134025767818199,"m"
3445,-1.5861,16.5134184038458,0.134048050501471,"m"
3446,-1.5861,16.514962787069,0.134070325479237,"m"
3447,-1.5861,16.5165077486492,0.134092592809105,"m"
3448,-1.5861,16.5180532856372,0.134114852548681,"m"
3449,-1.5861,16.5195993950843,0.134137104755573,"m"
3450,-1.5861,16.5211460740417,0.134159349487387,"m"
3451,-1.5861,16.5226933195603,0.134181586801731,"m"
3452,-1.5861,16.5242411286914,0.134203816756211,"m"
3453,-1.5861,16.525789498486,0.134226039408434,"m"
3454,-1.5861,16.5273384259953,0.134248254816008,"m"
3455,-1.5861,16.5288879082705,0.134270463036539,"m"
3456,-1.5861,16.5304379423625,0.134292664127635,"m"
3457,-1.5861,16.5319885253226,0.134314858146902,"m"
3458,-1.5861,16.5335396542019,0.134337045151948,"m"
3459,-1.5861,16.5350913260514,0.134359225200379,"m"
3460,-1.5861,16.5366435379224,0.134381398349802,"m"
3461,-1.5861,16.5381962868659,0.134403564657824,"m"
3462,-1.5861,16.539749569933,0.134425724182053,"m"
3463,-1.5861,16.5413033841749,0.134447876980095,"m"
3464,-1.5861,16.5428577266427,0.134470023109558,"m"
3465,-1.5861,16.5444125943875,0.134492162628048,"m"
3466,-1.5861,16.5459679844605,0.134514295593172,"m"
3467,-1.5861,16.5475238939127,0.134536422062537,"m"
3468,-1.5861,16.5490803197953,0.13455854209375,"m"
3469,-1.5861,16.5506372591593,0.134580655744419,"m"
3470,-1.5861,16.5521947090564,0.134602763072121,"m"
3471,-1.5861,16.553752666784,0.134624864113324,"m"
3472,-1.5861,16.5553111303199,0.134646958846179,"m"
3473,-1.5861,16.5568700977582,0.134669047238848,"m"
3474,-1.5861,16.5584295671931,0.134691129259494,"m"
3475,-1.5861,16.5599895367187,0.134713204876279,"m"
3476,-1.5861,16.5615500044292,0.134735274057366,"m"
3477,-1.5861,16.5631109684187,0.134757336770918,"m"
3478,-1.5861,16.5646724267814,0.134779392985098,"m"
3479,-1.5861,16.5662343776114,0.134801442668068,"m"
3480,-1.5861,16.5677968190029,0.13482348578799,"m"
3481,-1.5861,16.5693597490499,0.134845522313029,"m"
3482,-1.5861,16.5709231658468,0.134867552211345,"m"
3483,-1.5861,16.5724870674876,0.134889575451103,"m"
3484,-1.5861,16.5740514520664,0.134911592000464,"m"
3485,-1.5861,16.5756163176775,0.134933601827591,"m"
3486,-1.5861,16.5771816624149,0.134955604900648,"m"
3487,-1.5861,16.5787474843729,0.134977601187796,"m"
3488,-1.5861,16.5803137816456,0.134999590657199,"m"
3489,-1.5861,16.581880552327,0.135021573277019,"m"
3490,-1.5861,16.5834477945114,0.135043549015419,"m"
3491,-1.5861,16.585015506293,0.135065517840561,"m"
3492,-1.5861,16.5865836857658,0.135087479720609,"m"
3493,-1.5861,16.588152331024,0.135109434623724,"m"
3494,-1.5861,16.5897214401619,0.13513138251807,"m"
3495,-1.5861,16.5912910112734,0.13515332337181,"m"
3496,-1.5861,16.5928610424528,0.135175257153105,"m"
3497,-1.5861,16.5944315317942,0.135197183830119,"m"
3498,-1.5861,16.5960024773918,0.135219103371015,"m"
3499,-1.5861,16.5975738773397,0.135241015743954,"m"
3500,-1.5861,16.5991457297321,0.1352629209171,"m"
3501,-1.5861,16.6007180326631,0.135284818858616,"m"
3502,-1.5861,16.6022907842269,0.135306709536664,"m"
3503,-1.5861,16.6038639825176,0.135328592919407,"m"
3504,-1.5861,16.6054376256294,0.135350468975007,"m"
3505,-1.5861,16.6070117116564,0.135372337671628,"m"
3506,-1.5861,16.6085862386928,0.135394198977431,"m"
3507,-1.5861,16.6101612048326,0.135416052860581,"m"
3508,-1.5861,16.6117366081702,0.135437899289238,"m"
3509,-1.5861,16.6133124467996,0.135459738231567,"m"
3510,-1.5861,16.6148887188149,0.135481569655729,"m"
3511,-1.5861,16.6164654223104,0.135503393529887,"m"
3512,-1.5861,16.6180425553801,0.135525209822205,"m"
3513,-1.5861,16.6196201161183,0.135547018500845,"m"
3514,-1.5861,16.621198102619,0.135568819533969,"m"
3515,-1.5861,16.6227765129765,0.13559061288974,"m"
3516,-1.5861,16.6243553452848,0.135612398536321,"m"
3517,-1.5861,16.6259345976382,0.135634176441875,"m"
3518,-1.5861,16.6275142681307,0.135655946574564,"m"
3519,-1.5861,16.6290943548565,0.13567770890255,"m"
3520,-1.5861,16.6306748559098,0.135699463393998,"m"
3521,-1.5861,16.6322557693848,0.135721210017069,"m"
3522,-1.5861,16.6338370933755,0.135742948739926,"m"
3523,-1.5861,16.6354188259761,0.135764679530731,"m"
3524,-1.5861,16.6370009652808,0.135786402357649,"m"
3525,-1.5861,16.6385835093837,0.13580811718884,"m"
3526,-1.5861,16.640166456379,0.135829823992468,"m"
3527,-1.5861,16.6417498043608,0.135851522736695,"m"
3528,-1.5861,16.6433335514233,0.135873213389685,"m"
3529,-1.5861,16.6449176956606,0.1358948959196,"m"
3530,-1.5861,16.6465022351669,0.135916570294602,"m"
3531,-1.5861,16.6480871680363,0.135938236482855,"m"
3532,-1.5861,16.6496724923629,0.13595989445252,"m"
3533,-1.5861,16.651258206241,0.135981544171761,"m"
3534,-1.5861,16.6528443077647,0.136003185608741,"m"
3535,-1.5861,16.6544307950281,0.136024818731621,"m"
3536,-1.5861,16.6560176661253,0.136046443508566,"m"
3537,-1.5861,16.6576049191506,0.136068059907737,"m"
3538,-1.5861,16.659192552198,0.136089667897297,"m"
3539,-1.5861,16.6607805633618,0.136111267445409,"m"
3540,-1.5861,16.662368950736,0.136132858520235,"m"
3541,-1.5861,16.6639577124149,0.136154441089939,"m"
3542,-1.5861,16.6655468464925,0.136176015122682,"m"
3543,-1.5861,16.6671363510631,0.136197580586628,"m"
3544,-1.5861,16.6687262242207,0.13621913744994,"m"
3545,-1.5861,16.6703164640595,0.136240685680779,"m"
3546,-1.5861,16.6719070686738,0.136262225247309,"m"
3547,-1.5861,16.6734980361575,0.136283756117693,"m"
3548,-1.5861,16.6750893646049,0.136305278260092,"m"
3549,-1.5861,16.6766810521101,0.136326791642671,"m"
3550,-1.5861,16.6782730967673,0.136348296233591,"m"
3551,-1.5861,16.6798654966706,0.136369792001015,"m"
3552,-1.5861,16.6814582499142,0.136391278913106,"m"
3553,-1.5861,16.6830513545922,0.136412756938026,"m"
3554,-1.5861,16.6846448087988,0.136434226043939,"m"
3555,-1.5861,16.6862386106281,0.136455686199006,"m"
3556,-1.5861,16.6878327581743,0.136477137371392,"m"
3557,-1.5861,16.6894272495315,0.136498579529257,"m"
3558,-1.5861,16.6910220827939,0.136520012640766,"m"
3559,-1.5861,16.6926172560556,0.13654143667408,"m"
3560,-1.5861,16.6942127674107,0.136562851597363,"m"
3561,-1.5861,16.6958086149535,0.136584257378777,"m"
3562,-1.5861,16.6974047967781,0.136605653986485,"m"
3563,-1.5861,16.6990013109785,0.136627041388649,"m"
3564,-1.5861,16.7005981556491,0.136648419553432,"m"
3565,-1.5861,16.7021953288838,0.136669788448998,"m"
3566,-1.5861,16.703792828777,0.136691148043507,"m"
3567,-1.5861,16.7053906534226,0.136712498305125,"m"
3568,-1.5861,16.706988800915,0.136733839202012,"m"
3569,-1.5861,16.7085872693481,0.136755170702331,"m"
3570,-1.5861,16.7101860568162,0.136776492774246,"m"
3571,-1.5861,16.7117851614135,0.13679780538592,"m"
3572,-1.5861,16.713384581234,0.136819108505513,"m"
3573,-1.5861,16.7149843143719,0.136840402101191,"m"
3574,-1.5861,16.7165843589214,0.136861686141114,"m"
3575,-1.5861,16.7181847129767,0.136882960593447,"m"
3576,-1.5861,16.7197853746318,0.13690422542635,"m"
3577,-1.5861,16.7213863419809,0.136925480607988,"m"
3578,-1.5861,16.7229876131182,0.136946726106523,"m"
3579,-1.5861,16.7245891861378,0.136967961890118,"m"
3580,-1.5861,16.7261910591339,0.136989187926935,"m"
3581,-1.5861,16.7277932302006,0.137010404185136,"m"
3582,-1.5861,16.7293956974321,0.137031610632886,"m"
3583,-1.5861,16.7309984589225,0.137052807238346,"m"
3584,-1.5861,16.7326015127659,0.137073993969679,"m"
3585,-1.5861,16.7342048570566,0.137095170795047,"m"
3586,-1.5861,16.7358084898887,0.137116337682614,"m"
3587,-1.5861,16.7374124093563,0.137137494600543,"m"
3588,-1.5861,16.7390166135535,0.137158641516995,"m"
3589,-1.5861,16.7406211005746,0.137179778400133,"m"
3590,-1.5861,16.7422258685137,0.137200905218121,"m"
3591,-1.5861,16.7438309154648,0.137222021939121,"m"
3592,-1.5861,16.7454362395223,0.137243128531296,"m"
3593,-1.5861,16.7470418387801,0.137264224962807,"m"
3594,-1.5861,16.7486477113326,0.137285311201819,"m"
3595,-1.5861,16.7502538552737,0.137306387216494,"m"
3596,-1.5861,16.7518602686978,0.137327452974994,"m"
3597,-1.5861,16.7534669496988,0.137348508445482,"m"
3598,-1.5861,16.755073896371,0.13736955359612,"m"
3599,-1.5861,16.7566811068086,0.137390588395073,"m"
3600,-1.5861,16.7582885791056,0.137411612810501,"m"
3601,-1.5861,16.7598963113562,0.137432626810568,"m"
3602,-1.5861,16.7615043016546,0.137453630363437,"m"
3603,-1.5861,16.7631125480949,0.13747462343727,"m"
3604,-1.5861,16.7647210487713,0.13749560600023,"m"
3605,-1.5861,16.7663298017779,0.13751657802048,"m"
3606,-1.5861,16.7679388052089,0.137537539466182,"m"
3607,-1.5861,16.7695480571584,0.137558490305499,"m"
3608,-1.5861,16.7711575557206,0.137579430506594,"m"
3609,-1.5861,16.7727672989896,0.137600360037629,"m"
3610,-1.5861,16.7743772850596,0.137621278866767,"m"
3611,-1.5861,16.7759875120247,0.137642186962171,"m"
3612,-1.5861,16.7775979779791,0.137663084292004,"m"
3613,-1.5861,16.7792086810169,0.137683970824428,"m"
3614,-1.5861,16.7808196192322,0.137704846527606,"m"
3615,-1.5861,16.7824307907193,0.1377257113697,"m"
3616,-1.5861,16.7840421935722,0.137746565318873,"m"
3617,-1.5861,16.7856538258852,0.137767408343289,"m"
3618,-1.5861,16.7872656857524,0.137788240411109,"m"
3619,-1.5861,16.7888777712678,0.137809061490497,"m"
3620,-1.5861,16.7904900805258,0.137829871549614,"m"
3621,-1.5861,16.7921026116203,0.137850670556625,"m"
3622,-1.5861,16.7937153626457,0.137871458479691,"m"
3623,-1.5861,16.7953283316959,0.137892235286975,"m"
3624,-1.5861,16.7969415168652,0.137913000946639,"m"
3625,-1.5861,16.7985549162478,0.137933755426848,"m"
3626,-1.5861,16.8001685279377,0.137954498695762,"m"
3627,-1.5861,16.8017823500291,0.137975230721546,"m"
3628,-1.5861,16.8033963806162,0.137995951472361,"m"
3629,-1.5861,16.8050106177932,0.13801666091637,"m"
3630,-1.5861,16.8066250596541,0.138037359021736,"m"
3631,-1.5861,16.8082397042931,0.138058045756622,"m"
3632,-1.5861,16.8098545498044,0.138078721089191,"m"
3633,-1.5861,16.8114695942821,0.138099384987604,"m"
3634,-1.5861,16.8130848358204,0.138120037420025,"m"
3635,-1.5861,16.8147002725134,0.138140678354617,"m"
3636,-1.5861,16.8163159024553,0.138161307759542,"m"
3637,-1.5861,16.8179317237402,0.138181925602963,"m"
3638,-1.5861,16.8195477344622,0.138202531853042,"m"
3639,-1.5861,16.8211639327156,0.138223126477942,"m"
3640,-1.5861,16.8227803165945,0.138243709445827,"m"
3641,-1.5861,16.824396884193,0.138264280724858,"m"
3642,-1.5861,16.8260136336052,0.138284840283198,"m"
3643,-1.5861,16.8276305629254,0.138305388089011,"m"
3644,-1.5861,16.8292476702477,0.138325924110458,"m"
3645,-1.5861,16.8308649536661,0.138346448315702,"m"
3646,-1.5861,16.832482411275,0.138366960672907,"m"
3647,-1.5861,16.8341000411684,0.138387461150234,"m"
3648,-1.5861,16.8357178414404,0.138407949715847,"m"
3649,-1.5861,16.8373358101852,0.138428426337908,"m"
3650,-1.5861,16.8389539454971,0.13844889098458,"m"
3651,-1.5861,16.84057224547,0.138469343624025,"m"
3652,-1.5861,16.8421907081982,0.138489784224407,"m"
3653,-1.5861,16.8438093317691,0.138510212753952,"m"
3654,-1.5861,16.8454281141127,0.138530629182358,"m"
3655,-1.5861,16.8470470530022,0.138551033480796,"m"
3656,-1.5861,16.8486661462038,0.138571425620501,"m"
3657,-1.5861,16.8502853914839,0.138591805572706,"m"
3658,-1.5861,16.8519047866087,0.138612173308647,"m"
3659,-1.5861,16.8535243293445,0.138632528799558,"m"
3660,-1.5861,16.8551440174575,0.138652872016673,"m"
3661,-1.5861,16.8567638487139,0.138673202931226,"m"
3662,-1.5861,16.8583838208802,0.138693521514453,"m"
3663,-1.5861,16.8600039317224,0.138713827737587,"m"
3664,-1.5861,16.861624179007,0.138734121571864,"m"
3665,-1.5861,16.8632445605001,0.138754402988516,"m"
3666,-1.5861,16.8648650739681,0.13877467195878,"m"
3667,-1.5861,16.8664857171771,0.138794928453889,"m"
3668,-1.5861,16.8681064878935,0.138815172445078,"m"
3669,-1.5861,16.8697273838835,0.138835403903581,"m"
3670,-1.5861,16.8713484029134,0.138855622800633,"m"
3671,-1.5861,16.8729695427495,0.138875829107469,"m"
3672,-1.5861,16.874590801158,0.138896022795321,"m"
3673,-1.5861,16.8762121759052,0.138916203835426,"m"
3674,-1.5861,16.8778336647573,0.138936372199018,"m"
3675,-1.5861,16.8794552654807,0.13895652785733,"m"
3676,-1.5861,16.8810769758415,0.138976670781598,"m"
3677,-1.5861,16.8826987936061,0.138996800943056,"m"
3678,-1.5861,16.8843207165408,0.139016918312938,"m"
3679,-1.5861,16.8859427424117,0.139037022862479,"m"
3680,-1.5861,16.8875648689852,0.139057114562914,"m"
3681,-1.5861,16.8891870940275,0.139077193385476,"m"
3682,-1.5861,16.8908094153049,0.1390972593014,"m"
3683,-1.5861,16.8924318305836,0.13911731228192,"m"
3684,-1.5861,16.89405433763,0.139137352298272,"m"
3685,-1.5861,16.8956769342102,0.13915737932169,"m"
3686,-1.5861,16.8972996180906,0.139177393323407,"m"
3687,-1.5861,16.8989223870374,0.139197394274658,"m"
3688,-1.5861,16.900545238817,0.139217382146679,"m"
3689,-1.5861,16.9021681711954,0.139237356910703,"m"
3690,-1.5861,16.9037911819391,0.139257318537964,"m"
3691,-1.5861,16.9054142688143,0.139277266999698,"m"
3692,-1.5861,16.9070374295872,0.139297202267139,"m"
3693,-1.5861,16.9086606620241,0.13931712431152,"m"
3694,-1.5861,16.9102839638914,0.139337033104078,"m"
3695,-1.5861,16.9119073329551,0.139356928616045,"m"
3696,-1.5861,16.9135307669817,0.139376810818656,"m"
3697,-1.5861,16.9151542637374,0.139396679683147,"m"
3698,-1.5861,16.9167778209884,0.139416535180751,"m"
3699,-1.5861,16.9184014365011,0.139436377282703,"m"
3700,-1.5861,16.9200251080416,0.139456205960237,"m"
3701,-1.5861,16.9216488333763,0.139476021184588,"m"
3702,-1.5861,16.9232726102714,0.13949582292699,"m"
3703,-1.5861,16.9248964364931,0.139515611158677,"m"
3704,-1.5861,16.9265203098079,0.139535385850885,"m"
3705,-1.5861,16.9281442279818,0.139555146974847,"m"
3706,-1.5861,16.9297681887812,0.139574894501798,"m"
3707,-1.5861,16.9313921899724,0.139594628402973,"m"
3708,-1.5861,16.9330162293216,0.139614348649606,"m"
3709,-1.5861,16.934640304595,0.13963405521293,"m"
3710,-1.5861,16.936264413559,0.139653748064182,"m"
3711,-1.5861,16.9378885539799,0.139673427174595,"m"
3712,-1.5861,16.9395127236238,0.139693092515404,"m"
3713,-1.5861,16.941136920257,0.139712744057842,"m"
3714,-1.5861,16.9427611416459,0.139732381773146,"m"
3715,-1.5861,16.9443853855566,0.139752005632548,"m"
3716,-1.5861,16.9460096497555,0.139771615607284,"m"
3717,-1.5861,16.9476339320088,0.139791211668588,"m"
3718,-1.5861,16.9492582300828,0.139810793787694,"m"
3719,-1.5861,16.9508825417437,0.139830361935837,"m"
3720,-1.5861,16.9525068647578,0.139849916084251,"m"
3721,-1.5861,16.9541311968914,0.139869456204171,"m"
3722,-1.5861,16.9557555359108,0.139888982266831,"m"
3723,-1.5861,16.9573798795821,0.139908494243466,"m"
3724,-1.5861,16.9590042256718,0.13992799210531,"m"
3725,-1.5861,16.9606285719459,0.139947475823598,"m"
3726,-1.5861,16.9622529161709,0.139966945369564,"m"
3727,-1.5861,16.963877256113,0.139986400714442,"m"
3728,-1.5861,16.9655015895384,0.140005841829467,"m"
3729,-1.5861,16.9671259142134,0.140025268685873,"m"
3730,-1.5861,16.9687502279043,0.140044681254895,"m"
3731,-1.5861,16.9703745283773,0.140064079507767,"m"
3732,-1.5861,16.9719988133987,0.140083463415724,"m"
3733,-1.5861,16.9736230807348,0.140102832950001,"m"
3734,-1.5861,16.9752473281519,0.140122188081831,"m"
3735,-1.5861,16.9768715534161,0.140141528782449,"m"
3736,-1.5861,16.9784957542939,0.140160855023089,"m"
3737,-1.5861,16.9801199285513,0.140180166774986,"m"
3738,-1.5861,16.9817440739548,0.140199464009375,"m"
3739,-1.5861,16.9833681882706,0.14021874669749,"m"
3740,-1.5861,16.9849922692648,0.140238014810565,"m"
3741,-1.5861,16.9866163147039,0.140257268319835,"m"
3742,-1.5861,16.9882403223541,0.140276507196534,"m"
3743,-1.5861,16.9898642899816,0.140295731411896,"m"
3744,-1.5861,16.9914882153527,0.140314940937157,"m"
3745,-1.5861,16.9931120962336,0.14033413574355,"m"
3746,-1.5861,16.9947359303907,0.140353315802311,"m"
3747,-1.5861,16.9963597155902,0.140372481084673,"m"
3748,-1.5861,16.9979834495984,0.14039163156187,"m"
3749,-1.5861,16.9996071301815,0.140410767205139,"m"
3750,-1.5861,17.0012307551059,0.140429887985712,"m"
3751,-1.5861,17.0028543221376,0.140448993874824,"m"
3752,-1.5861,17.0044778290432,0.14046808484371,"m"
3753,-1.5861,17.0061012735887,0.140487160863604,"m"
3754,-1.5861,17.0077246535405,0.140506221905741,"m"
3755,-1.5861,17.0093479666648,0.140525267941355,"m"
3756,-1.5861,17.0109712107279,0.14054429894168,"m"
3757,-1.5861,17.0125943834961,0.140563314877952,"m"
3758,-1.5861,17.0142174827356,0.140582315721404,"m"
3759,-1.5861,17.0158405062127,0.14060130144327,"m"
3760,-1.5861,17.0174634516937,0.140620272014787,"m"
3761,-1.5861,17.0190863169448,0.140639227407186,"m"
3762,-1.5861,17.0207090997324,0.140658167591705,"m"
3763,-1.5861,17.0223317978225,0.140677092539575,"m"
3764,-1.5861,17.0239544089816,0.140696002222033,"m"
3765,-1.5861,17.025576930976,0.140714896610313,"m"
3766,-1.5861,17.0271993615717,0.140733775675649,"m"
3767,-1.5861,17.0288216985352,0.140752639389275,"m"
3768,-1.5861,17.0304439396327,0.140771487722426,"m"
3769,-1.5861,17.0320660826305,0.140790320646336,"m"
3770,-1.5861,17.0336881252948,0.140809138132241,"m"
3771,-1.5861,17.0353100653919,0.140827940151373,"m"
3772,-1.5861,17.036931900688,0.140846726674969,"m"
3773,-1.5861,17.0385536289495,0.140865497674261,"m"
3774,-1.5861,17.0401752479426,0.140884253120485,"m"
3775,-1.5861,17.0417967554335,0.140902992984876,"m"
3776,-1.5861,17.0434181491886,0.140921717238667,"m"
3777,-1.5861,17.0450394269741,0.140940425853093,"m"
3778,-1.5861,17.0466605865562,0.140959118799388,"m"
3779,-1.5861,17.0482816257012,0.140977796048787,"m"
3780,-1.5861,17.0499025421755,0.140996457572525,"m"
3781,-1.5861,17.0515233337452,0.141015103341835,"m"
3782,-1.5861,17.0531439981766,0.141033733327953,"m"
3783,-1.5861,17.054764533236,0.141052347502112,"m"
3784,-1.5861,17.0563849366897,0.141070945835548,"m"
3785,-1.5861,17.0580052063039,0.141089528299494,"m"
3786,-1.5861,17.0596253398449,0.141108094865185,"m"
3787,-1.5861,17.061245335079,0.141126645503856,"m"
3788,-1.5861,17.0628651897724,0.141145180186741,"m"
3789,-1.5861,17.0644849016913,0.141163698885074,"m"
3790,-1.5861,17.0661044686022,0.14118220157009,"m"
3791,-1.5861,17.0677238882711,0.141200688213024,"m"
3792,-1.5861,17.0693431584645,0.141219158785109,"m"
3793,-1.5861,17.0709622769484,0.14123761325758,"m"
3794,-1.5861,17.0725812414894,0.141256051601672,"m"
3795,-1.5861,17.0742000498535,0.141274473788619,"m"
3796,-1.5861,17.075818699807,0.141292879789656,"m"
3797,-1.5861,17.0774371891163,0.141311269576017,"m"
3798,-1.5861,17.0790555155476,0.141329643118936,"m"
3799,-1.5861,17.0806736768671,0.141348000389648,"m"
3800,-1.5861,17.0822916708412,0.141366341359388,"m"
3801,-1.5861,17.083909495236,0.14138466599939,"m"
3802,-1.5861,17.0855271478179,0.141402974280887,"m"
3803,-1.5861,17.0871446263531,0.141421266175116,"m"
3804,-1.5861,17.0887619286079,0.141439541653309,"m"
3805,-1.5861,17.0903790523486,0.141457800686703,"m"
3806,-1.5861,17.0919959953414,0.14147604324653,"m"
3807,-1.5861,17.0936127553525,0.141494269304026,"m"
3808,-1.5861,17.0952293301483,0.141512478830425,"m"
3809,-1.5861,17.0968457174951,0.141530671796961,"m"
3810,-1.5861,17.098461915159,0.141548848174869,"m"
3811,-1.5861,17.1000779209063,0.141567007935384,"m"
3812,-1.5861,17.1016937325034,0.141585151049739,"m"
3813,-1.5861,17.1033093477165,0.14160327748917,"m"
3814,-1.5861,17.1049247643118,0.14162138722491,"m"
3815,-1.5861,17.1065399800556,0.141639480228195,"m"
3816,-1.5861,17.1081549927143,0.141657556470258,"m"
3817,-1.5861,17.1097698000539,0.141675615922334,"m"
3818,-1.5861,17.1113843998409,0.141693658555657,"m"
3819,-1.5861,17.1129987898415,0.141711684341463,"m"
3820,-1.5861,17.1146129678219,0.141729693250985,"m"
3821,-1.5861,17.1162269315484,0.141747685255458,"m"
3822,-1.5861,17.1178406787873,0.141765660326116,"m"
3823,-1.5861,17.1194542073049,0.141783618434194,"m"
3824,-1.5861,17.1210675148673,0.141801559550926,"m"
3825,-1.5861,17.122680599241,0.141819483647547,"m"
3826,-1.5861,17.1242934581921,0.14183739069529,"m"
3827,-1.5861,17.1259060894869,0.141855280665392,"m"
3828,-1.5861,17.1275184908917,0.141873153529085,"m"
3829,-1.5861,17.1291306601727,0.141891009257605,"m"
3830,-1.5861,17.1307425950963,0.141908847822186,"m"
3831,-1.5861,17.1323542934286,0.141926669194062,"m"
3832,-1.5861,17.133965752936,0.141944473344468,"m"
3833,-1.5861,17.1355769713847,0.141962260244639,"m"
3834,-1.5861,17.1371879465409,0.141980029865808,"m"
3835,-1.5861,17.138798676171,0.14199778217921,"m"
3836,-1.5861,17.1404091582912,0.142015517164694,"m"
3837,-1.5861,17.1420193923773,0.142033234852419,"m"
3838,-1.5861,17.1436293784336,0.14205093529075,"m"
3839,-1.5861,17.1452391164649,0.142068618528079,"m"
3840,-1.5861,17.1468486064762,0.142086284612797,"m"
3841,-1.5861,17.1484578484724,0.142103933593298,"m"
3842,-1.5861,17.1500668424584,0.142121565517971,"m"
3843,-1.5861,17.1516755884393,0.14213918043521,"m"
3844,-1.5861,17.1532840864198,0.142156778393405,"m"
3845,-1.5861,17.154892336405,0.142174359440949,"m"
3846,-1.5861,17.1565003383997,0.142191923626232,"m"
3847,-1.5861,17.1581080924089,0.142209470997648,"m"
3848,-1.5861,17.1597155984375,0.142227001603587,"m"
3849,-1.5861,17.1613228564904,0.142244515492441,"m"
3850,-1.5861,17.1629298665727,0.142262012712603,"m"
3851,-1.5861,17.1645366286891,0.142279493312463,"m"
3852,-1.5861,17.1661431428446,0.142296957340413,"m"
3853,-1.5861,17.1677494090442,0.142314404844846,"m"
3854,-1.5861,17.1693554272928,0.142331835874152,"m"
3855,-1.5861,17.1709611975953,0.142349250476724,"m"
3856,-1.5861,17.1725667199566,0.142366648700953,"m"
3857,-1.5861,17.1741719943817,0.142384030595231,"m"
3858,-1.5861,17.1757770208755,0.14240139620795,"m"
3859,-1.5861,17.1773817994429,0.142418745587501,"m"
3860,-1.5861,17.1789863300888,0.142436078782276,"m"
3861,-1.5861,17.1805906128182,0.142453395840667,"m"
3862,-1.5861,17.182194647636,0.142470696811066,"m"
3863,-1.5861,17.1837984345472,0.142487981741864,"m"
3864,-1.5861,17.1854019735566,0.142505250681453,"m"
3865,-1.5861,17.1870052646692,0.142522503678224,"m"
3866,-1.5861,17.1886083078899,0.14253974078057,"m"
3867,-1.5861,17.1902111032236,0.142556962036882,"m"
3868,-1.5861,17.1918136506754,0.142574167495552,"m"
3869,-1.5861,17.19341595025,0.142591357204972,"m"
3870,-1.5861,17.1950180019524,0.142608531213532,"m"
3871,-1.5861,17.1966198057876,0.142625689569626,"m"
3872,-1.5861,17.1982213617605,0.142642832321644,"m"
3873,-1.5861,17.199822669876,0.142659959517979,"m"
3874,-1.5861,17.2014237301391,0.142677071207022,"m"
3875,-1.5861,17.2030245425546,0.142694167437165,"m"
3876,-1.5861,17.2046251071274,0.142711248256799,"m"
3877,-1.5861,17.2062254238627,0.142728313714316,"m"
3878,-1.5861,17.2078254927651,0.142745363858109,"m"
3879,-1.5861,17.2094253138398,0.142762398736568,"m"
3880,-1.5861,17.2110248870915,0.142779418398086,"m"
3881,-1.5861,17.2126242125253,0.142796422891053,"m"
3882,-1.5861,17.214223290146,0.142813412263863,"m"
3883,-1.5861,17.2158221199586,0.142830386564906,"m"
3884,-1.5861,17.2174207019681,0.142847345842574,"m"
3885,-1.5861,17.2190190361793,0.14286429014526,"m"
3886,-1.5861,17.2206171225971,0.142881219521354,"m"
3887,-1.5861,17.2222149612266,0.142898134019248,"m"
3888,-1.5861,17.2238125520726,0.142915033687334,"m"
3889,-1.5861,17.22540989514,0.142931918574005,"m"
3890,-1.5861,17.2270069904338,0.142948788727651,"m"
3891,-1.5861,17.228603837959,0.142965644196664,"m"
3892,-1.5861,17.2302004377204,0.142982485029436,"m"
3893,-1.5861,17.2317967897229,0.142999311274359,"m"
3894,-1.5861,17.2333928939715,0.143016122979824,"m"
3895,-1.5861,17.2349887504712,0.143032920194224,"m"
3896,-1.5861,17.2365843592268,0.143049702965949,"m"
3897,-1.5861,17.2381797202433,0.143066471343391,"m"
3898,-1.5861,17.2397748335256,0.143083225374943,"m"
3899,-1.5861,17.2413696990787,0.143099965108996,"m"
3900,-1.5861,17.2429643169074,0.143116690593942,"m"
3901,-1.5861,17.2445586870167,0.143133401878172,"m"
3902,-1.5861,17.2461528094115,0.143150099010079,"m"
3903,-1.5861,17.2477466840967,0.143166782038053,"m"
3904,-1.5861,17.2493403110774,0.143183451010486,"m"
3905,-1.5861,17.2509336903583,0.143200105975771,"m"
3906,-1.5861,17.2525268219444,0.143216746982299,"m"
3907,-1.5861,17.2541197058408,0.143233374078462,"m"
3908,-1.5861,17.2557123420522,0.14324998731265,"m"
3909,-1.5861,17.2573047305836,0.143266586733258,"m"
3910,-1.5861,17.25889687144,0.143283172388675,"m"
3911,-1.5861,17.2604887646262,0.143299744327293,"m"
3912,-1.5861,17.2620804101472,0.143316302597505,"m"
3913,-1.5861,17.263671808008,0.143332847247702,"m"
3914,-1.5861,17.2652629582134,0.143349378326275,"m"
3915,-1.5861,17.2668538607684,0.143365895881617,"m"
3916,-1.5861,17.2684445156779,0.143382399962119,"m"
3917,-1.5861,17.2700349229468,0.143398890616173,"m"
3918,-1.5861,17.2716250825801,0.14341536789217,"m"
3919,-1.5861,17.2732149945827,0.143431831838503,"m"
3920,-1.5861,17.2748046589595,0.143448282503562,"m"
3921,-1.5861,17.2763940757154,0.143464719935741,"m"
3922,-1.5861,17.2779832448555,0.143481144183429,"m"
3923,-1.5861,17.2795721663845,0.14349755529502,"m"
3924,-1.5861,17.2811608403075,0.143513953318905,"m"
3925,-1.5861,17.2827492666293,0.143530338303475,"m"
3926,-1.5861,17.2843374453549,0.143546710297123,"m"
3927,-1.5861,17.2859253764893,0.143563069348239,"m"
3928,-1.5861,17.2875130600373,0.143579415505217,"m"
3929,-1.5861,17.2891004960038,0.143595748816446,"m"
3930,-1.5861,17.2906876843939,0.14361206933032,"m"
3931,-1.5861,17.2922746252123,0.14362837709523,"m"
3932,-1.5861,17.2938613184642,0.143644672159567,"m"
3933,-1.5861,17.2954477641543,0.143660954571723,"m"
3934,-1.5861,17.2970339622876,0.143677224380091,"m"
3935,-1.5861,17.2986199128691,0.143693481633061,"m"
3936,-1.5861,17.3002056159036,0.143709726379026,"m"
3937,-1.5861,17.3017910713961,0.143725958666376,"m"
3938,-1.5861,17.3033762793516,0.143742178543505,"m"
3939,-1.5861,17.3049612397749,0.143758386058803,"m"
3940,-1.5861,17.3065459526709,0.143774581260662,"m"
3941,-1.5861,17.3081304180447,0.143790764197475,"m"
3942,-1.5861,17.3097146359011,0.143806934917632,"m"
3943,-1.5861,17.3112986062451,0.143823093469525,"m"
3944,-1.5861,17.3128823290816,0.143839239901547,"m"
3945,-1.5861,17.3144658044155,0.143855374262088,"m"
3946,-1.5861,17.3160490322517,0.143871496599541,"m"
3947,-1.5861,17.3176320125952,0.143887606962298,"m"
3948,-1.5861,17.3192147454509,0.143903705398749,"m"
3949,-1.5861,17.3207972308237,0.143919791957287,"m"
3950,-1.5861,17.3223794687186,0.143935866686304,"m"
3951,-1.5861,17.3239614591405,0.14395192963419,"m"
3952,-1.5861,17.3255432020943,0.143967980849339,"m"
3953,-1.5861,17.3271246975849,0.143984020380141,"m"
3954,-1.5861,17.3287059456173,0.144000048274988,"m"
3955,-1.5861,17.3302869461964,0.144016064582272,"m"
3956,-1.5861,17.3318676993271,0.144032069350385,"m"
3957,-1.5861,17.3334482050144,0.144048062627719,"m"
3958,-1.5861,17.3350284632632,0.144064044462664,"m"
3959,-1.5861,17.3366084740783,0.144080014903614,"m"
3960,-1.5861,17.3381882374648,0.144095973998959,"m"
3961,-1.5861,17.3397677534276,0.144111921797091,"m"
3962,-1.5861,17.3413470219715,0.144127858346402,"m"
3963,-1.5861,17.3429260431016,0.144143783695284,"m"
3964,-1.5861,17.3445048168227,0.144159697892128,"m"
3965,-1.5861,17.3460833431398,0.144175600985327,"m"
3966,-1.5861,17.3476616220578,0.144191493023271,"m"
3967,-1.5861,17.3492396535816,0.144207374054353,"m"
3968,-1.5861,17.3508174377162,0.144223244126964,"m"
3969,-1.5861,17.3523949744665,0.144239103289497,"m"
3970,-1.5861,17.3539722638374,0.144254951590342,"m"
3971,-1.5861,17.3555493058338,0.144270789077891,"m"
3972,-1.5861,17.3571261004607,0.144286615800537,"m"
3973,-1.5861,17.358702647723,0.14430243180667,"m"
3974,-1.5861,17.3602789476256,0.144318237144683,"m"
3975,-1.5861,17.3618550001735,0.144334031862967,"m"
3976,-1.5861,17.3634308053716,0.144349816009914,"m"
3977,-1.5861,17.3650063632248,0.144365589633916,"m"
3978,-1.5861,17.366581673738,0.144381352783365,"m"
3979,-1.5861,17.3681567369161,0.144397105506651,"m"
3980,-1.5861,17.3697315527642,0.144412847852167,"m"
3981,-1.5861,17.3713061212871,0.144428579868305,"m"
3982,-1.5861,17.3728804424897,0.144444301603457,"m"
3983,-1.5861,17.3744545163771,0.144460013106013,"m"
3984,-1.5861,17.376028342954,0.144475714424366,"m"
3985,-1.5861,17.3776019222254,0.144491405606907,"m"
3986,-1.5861,17.3791752541964,0.144507086702029,"m"
3987,-1.5861,17.3807483388717,0.144522757758122,"m"
3988,-1.5861,17.3823211762563,0.144538418823579,"m"
3989,-1.5861,17.3838937663552,0.144554069946791,"m"
3990,-1.5861,17.3854661091732,0.14456971117615,"m"
3991,-1.5861,17.3870382047153,0.144585342560048,"m"
3992,-1.5861,17.3886100529865,0.144600964146877,"m"
3993,-1.5861,17.3901816539916,0.144616575985027,"m"
3994,-1.5861,17.3917530077356,0.144632178122892,"m"
3995,-1.5861,17.3933241142235,0.144647770608862,"m"
3996,-1.5861,17.39489497346,0.144663353491329,"m"
3997,-1.5861,17.3964655854502,0.144678926818685,"m"
3998,-1.5861,17.3980359501991,0.144694490639322,"m"
3999,-1.5861,17.3996060677114,0.144710045001632,"m"
4000,-1.5861,17.4011759379922,0.144725589954005,"m"
4001,-1.5861,17.4027455610464,0.144741125544835,"m"
4002,-1.5861,17.4043149368789,0.144756651822512,"m"
4003,-1.5861,17.4058840654946,0.144772168835428,"m"
4004,-1.5861,17.4074529468985,0.144787676631975,"m"
4005,-1.5861,17.4090215810954,0.144803175260545,"m"
4006,-1.5861,17.4105899680904,0.14481866476953,"m"
4007,-1.5861,17.4121581078884,0.144834145207321,"m"
4008,-1.5861,17.4137260004942,0.144849616622309,"m"
4009,-1.5861,17.4152936459128,0.144865079062887,"m"
4010,-1.5861,17.4168610441491,0.144880532577447,"m"
4011,-1.5861,17.4184281952081,0.144895977214379,"m"
4012,-1.5861,17.4199950990947,0.144911413022076,"m"
4013,-1.5861,17.4215617558138,0.14492684004893,"m"
4014,-1.5861,17.4231281653704,0.144942258343331,"m"
4015,-1.5861,17.4246943277693,0.144957667953673,"m"
4016,-1.5861,17.4262602430155,0.144973068928346,"m"
4017,-1.5861,17.4278259111139,0.144988461315742,"m"
4018,-1.5861,17.4293913320727,0.145003845163955,"m"
4019,-1.5861,17.4309565062856,0.14501922048494,"m"
4020,-1.5861,17.4325214348956,0.145034587220466,"m"
4021,-1.5861,17.4340861191315,0.145049945304241,"m"
4022,-1.5861,17.4356505602224,0.14506529466997,"m"
4023,-1.5861,17.4372147593971,0.145080635251361,"m"
4024,-1.5861,17.4387787178846,0.14509596698212,"m"
4025,-1.5861,17.4403424369139,0.145111289795952,"m"
4026,-1.5861,17.4419059177138,0.145126603626566,"m"
4027,-1.5861,17.4434691615134,0.145141908407667,"m"
4028,-1.5861,17.4450321695416,0.145157204072962,"m"
4029,-1.5861,17.4465949430273,0.145172490556157,"m"
4030,-1.5861,17.4481574831995,0.145187767790958,"m"
4031,-1.5861,17.4497197912871,0.145203035711073,"m"
4032,-1.5861,17.451281868519,0.145218294250207,"m"
4033,-1.5861,17.4528437161243,0.145233543342067,"m"
4034,-1.5861,17.4544053353318,0.14524878292036,"m"
4035,-1.5861,17.4559667273705,0.145264012918793,"m"
4036,-1.5861,17.4575278934694,0.14527923327107,"m"
4037,-1.5861,17.4590888348573,0.1452944439109,"m"
4038,-1.5861,17.4606495527632,0.145309644771988,"m"
4039,-1.5861,17.4622100484161,0.145324835788041,"m"
4040,-1.5861,17.463770323045,0.145340016892765,"m"
4041,-1.5861,17.4653303778786,0.145355188019868,"m"
4042,-1.5861,17.4668902141461,0.145370349103055,"m"
4043,-1.5861,17.4684498330764,0.145385500076033,"m"
4044,-1.5861,17.4700092358983,0.145400640872508,"m"
4045,-1.5861,17.4715684238408,0.145415771426187,"m"
4046,-1.5861,17.473127398133,0.145430891670776,"m"
4047,-1.5861,17.4746861600036,0.145446001539982,"m"
4048,-1.5861,17.4762447106818,0.145461100967512,"m"
4049,-1.5861,17.4778030513963,0.145476189887071,"m"
4050,-1.5861,17.4793611833762,0.145491268232366,"m"
4051,-1.5861,17.4809191078504,0.145506335937104,"m"
4052,-1.5861,17.4824768260478,0.145521392934991,"m"
4053,-1.5861,17.4840343391975,0.145536439159734,"m"
4054,-1.5861,17.4855916485282,0.145551474545039,"m"
4055,-1.5861,17.4871487552691,0.145566499024613,"m"
4056,-1.5861,17.4887056606489,0.145581512532162,"m"
4057,-1.5861,17.4902623658967,0.145596515001392,"m"
4058,-1.5861,17.4918188722415,0.145611506366011,"m"
4059,-1.5861,17.493375180912,0.145626486559724,"m"
4060,-1.5861,17.4949312931374,0.145641455516238,"m"
4061,-1.5861,17.4964872101465,0.145656413169259,"m"
4062,-1.5861,17.4980429331684,0.145671359452494,"m"
4063,-1.5861,17.4995984634318,0.14568629429965,"m"
4064,-1.5861,17.5011538021658,0.145701217644433,"m"
4065,-1.5861,17.5027089505993,0.145716129420549,"m"
4066,-1.5861,17.5042639099613,0.145731029561705,"m"
4067,-1.5861,17.5058186814807,0.145745918001608,"m"
4068,-1.5861,17.5073732663865,0.145760794673963,"m"
4069,-1.5861,17.5089276659075,0.145775659512478,"m"
4070,-1.5861,17.5104818812728,0.145790512450858,"m"
4071,-1.5861,17.5120359137113,0.145805353422811,"m"
4072,-1.5861,17.5135897644519,0.145820182362042,"m"
4073,-1.5861,17.5151434347236,0.145834999202259,"m"
4074,-1.5861,17.5166969257553,0.145849803877167,"m"
4075,-1.5861,17.5182502387759,0.145864596320474,"m"
4076,-1.5861,17.5198033750145,0.145879376465885,"m"
4077,-1.5861,17.5213563356999,0.145894144247107,"m"
4078,-1.5861,17.5229091220611,0.145908899597847,"m"
4079,-1.5861,17.524461735327,0.145923642451811,"m"
4080,-1.5861,17.5260141767266,0.145938372742706,"m"
4081,-1.5861,17.5275664474889,0.145953090404237,"m"
4082,-1.5861,17.5291185488427,0.145967795370113,"m"
4083,-1.5861,17.530670482017,0.145982487574038,"m"
4084,-1.5861,17.5322222482408,0.145997166949719,"m"
4085,-1.5861,17.533773848743,0.146011833430864,"m"
4086,-1.5861,17.5353252847525,0.146026486951178,"m"
4087,-1.5861,17.5368765574983,0.146041127444368,"m"
4088,-1.5861,17.5384276682094,0.14605575484414,"m"
4089,-1.5861,17.5399786181146,0.146070369084202,"m"
4090,-1.5861,17.541529408443,0.146084970098258,"m"
4091,-1.5861,17.5430800404234,0.146099557820017,"m"
4092,-1.5861,17.5446305152849,0.146114132183183,"m"
4093,-1.5861,17.5461808342563,0.146128693121465,"m"
4094,-1.5861,17.5477309985666,0.146143240568568,"m"
4095,-1.5861,17.5492810094447,0.146157774458198,"m"
4096,-1.5861,17.5508308681197,0.146172294724063,"m"
4097,-1.5861,17.5523805758203,0.146186801299868,"m"
4098,-1.5861,17.5539301337757,0.146201294119321,"m"
4099,-1.5861,17.5554795432147,0.146215773116127,"m"
4100,-1.5861,17.5570288053662,0.146230238223994,"m"
4101,-1.5861,17.5585779214592,0.146244689376627,"m"
4102,-1.5861,17.5601268927227,0.146259126507733,"m"
4103,-1.5861,17.5616757203856,0.146273549551018,"m"
4104,-1.5861,17.5632244056769,0.14628795844019,"m"
4105,-1.5861,17.5647729498254,0.146302353108954,"m"
4106,-1.5861,17.5663213540601,0.146316733491017,"m"
4107,-1.5861,17.5678696196101,0.146331099520086,"m"
4108,-1.5861,17.5694177477041,0.146345451129867,"m"
4109,-1.5861,17.5709657395712,0.146359788254066,"m"
4110,-1.5861,17.5725135964404,0.14637411082639,"m"
4111,-1.5861,17.5740613195404,0.146388418780545,"m"
4112,-1.5861,17.5756089101004,0.146402712050238,"m"
4113,-1.5861,17.5771563693492,0.146416990569176,"m"
4114,-1.5861,17.5787036985158,0.146431254271064,"m"
4115,-1.5861,17.5802508988291,0.14644550308961,"m"
4116,-1.5861,17.5817979715181,0.14645973695852,"m"
4117,-1.5861,17.5833449178118,0.146473955811499,"m"
4118,-1.5861,17.5848917389389,0.146488159582256,"m"
4119,-1.5861,17.5864384361286,0.146502348204495,"m"
4120,-1.5861,17.5879850106098,0.146516521611925,"m"
4121,-1.5861,17.5895314636113,0.14653067973825,"m"
4122,-1.5861,17.5910777963621,0.146544822517179,"m"
4123,-1.5861,17.5926240100913,0.146558949882416,"m"
4124,-1.5861,17.5941701060277,0.146573061767669,"m"
4125,-1.5861,17.5957160854002,0.146587158106644,"m"
4126,-1.5861,17.5972619494379,0.146601238833047,"m"
4127,-1.5861,17.5988076993696,0.146615303880586,"m"
4128,-1.5861,17.6003533364243,0.146629353182966,"m"
4129,-1.5861,17.601898861831,0.146643386673894,"m"
4130,-1.5861,17.6034442768186,0.146657404287077,"m"
4131,-1.5861,17.604989582616,0.14667140595622,"m"
4132,-1.5861,17.6065347804521,0.146685391615031,"m"
4133,-1.5861,17.608079871556,0.146699361197216,"m"
4134,-1.5861,17.6096248571566,0.146713314636481,"m"
4135,-1.5861,17.6111697384828,0.146727251866533,"m"
4136,-1.5861,17.6127145167635,0.146741172821078,"m"
4137,-1.5861,17.6142591932278,0.146755077433824,"m"
4138,-1.5861,17.6158037691045,0.146768965638475,"m"
4139,-1.5861,17.6173482456226,0.146782837368739,"m"
4140,-1.5861,17.618892624011,0.146796692558323,"m"
4141,-1.5861,17.6204369054987,0.146810531140932,"m"
4142,-1.5861,17.6219810913146,0.146824353050274,"m"
4143,-1.5861,17.6235251826877,0.146838158220054,"m"
4144,-1.5861,17.6250691808469,0.146851946583979,"m"
4145,-1.5861,17.6266130870211,0.146865718075756,"m"
4146,-1.5861,17.6281569024393,0.146879472629091,"m"
4147,-1.5861,17.6297006283305,0.146893210177691,"m"
4148,-1.5861,17.6312442659236,0.146906930655261,"m"
4149,-1.5861,17.6327878164475,0.14692063399551,"m"
4150,-1.5861,17.6343312811312,0.146934320132142,"m"
4151,-1.5861,17.6358746612036,0.146947988998865,"m"
4152,-1.5861,17.6374179578937,0.146961640529385,"m"
4153,-1.5861,17.6389611724304,0.146975274657408,"m"
4154,-1.5861,17.6405043060426,0.146988891316641,"m"
4155,-1.5861,17.6420473599593,0.147002490440791,"m"
4156,-1.5861,17.6435903354095,0.147016071963563,"m"
4157,-1.5861,17.6451332336221,0.147029635818665,"m"
4158,-1.5861,17.6466760558259,0.147043181939803,"m"
4159,-1.5861,17.6482188032501,0.147056710260683,"m"
4160,-1.5861,17.6497614771235,0.147070220715012,"m"
4161,-1.5861,17.651304078675,0.147083713236496,"m"
4162,-1.5861,17.6528466091337,0.147097187758842,"m"
4163,-1.5861,17.6543890697284,0.147110644215756,"m"
4164,-1.5861,17.655931461688,0.147124082540945,"m"
4165,-1.5861,17.6574737862417,0.147137502668115,"m"
4166,-1.5861,17.6590160446182,0.147150904530973,"m"
4167,-1.5861,17.6605582380465,0.147164288063224,"m"
4168,-1.5861,17.6621003677556,0.147177653198577,"m"
4169,-1.5861,17.6636424349745,0.147190999870737,"m"
4170,-1.5861,17.665184440932,0.14720432801341,"m"
4171,-1.5861,17.6667263868571,0.147217637560303,"m"
4172,-1.5861,17.6682682739787,0.147230928445123,"m"
4173,-1.5861,17.6698101035258,0.147244200601576,"m"
4174,-1.5861,17.6713518767274,0.147257453963368,"m"
4175,-1.5861,17.6728935948124,0.147270688464207,"m"
4176,-1.5861,17.6744352590096,0.147283904037797,"m"
4177,-1.5861,17.6759768705482,0.147297100617847,"m"
4178,-1.5861,17.6775184306569,0.147310278138062,"m"
4179,-1.5861,17.6790599405649,0.147323436532149,"m"
4180,-1.5861,17.6806014015009,0.147336575733815,"m"
4181,-1.5861,17.682142814694,0.147349695676765,"m"
4182,-1.5861,17.683684181373,0.147362796294706,"m"
4183,-1.5861,17.685225502767,0.147375877521346,"m"
4184,-1.5861,17.6867667801049,0.147388939290389,"m"
4185,-1.5861,17.6883080146156,0.147401981535544,"m"
4186,-1.5861,17.689849207528,0.147415004190515,"m"
4187,-1.5861,17.6913903600712,0.147428007189011,"m"
4188,-1.5861,17.692931473474,0.147440990464736,"m"
4189,-1.5861,17.6944725489655,0.147453953951398,"m"
4190,-1.5861,17.6960135877745,0.147466897582704,"m"
4191,-1.5861,17.6975545911299,0.147479821292359,"m"
4192,-1.5861,17.6990955602608,0.14749272501407,"m"
4193,-1.5861,17.7006364963961,0.147505608681543,"m"
4194,-1.5861,17.7021774007647,0.147518472228486,"m"
4195,-1.5861,17.7037182745955,0.147531315588604,"m"
4196,-1.5861,17.7052591191176,0.147544138695605,"m"
4197,-1.5861,17.7067999355598,0.147556941483193,"m"
4198,-1.5861,17.7083407251512,0.147569723885077,"m"
4199,-1.5861,17.7098814891205,0.147582485834962,"m"
4200,-1.5861,17.7114222286969,0.147595227266555,"m"
4201,-1.5861,17.7129629451395,0.147607948117065,"m"
4202,-1.5861,17.7145036401197,0.147620648371239,"m"
4203,-1.5861,17.7160443156059,0.147633328048089,"m"
4204,-1.5861,17.7175849735728,0.14764598716738,"m"
4205,-1.5861,17.7191256159952,0.147658625748881,"m"
4206,-1.5861,17.7206662448481,0.147671243812358,"m"
4207,-1.5861,17.7222068621063,0.147683841377577,"m"
4208,-1.5861,17.7237474697445,0.147696418464306,"m"
4209,-1.5861,17.7252880697377,0.14770897509231,"m"
4210,-1.5861,17.7268286640607,0.147721511281358,"m"
4211,-1.5861,17.7283692546883,0.147734027051215,"m"
4212,-1.5861,17.7299098435954,0.14774652242165,"m"
4213,-1.5861,17.7314504327567,0.147758997412427,"m"
4214,-1.5861,17.7329910241473,0.147771452043315,"m"
4215,-1.5861,17.7345316197418,0.147783886334079,"m"
4216,-1.5861,17.7360722215151,0.147796300304487,"m"
4217,-1.5861,17.7376128314421,0.147808693974306,"m"
4218,-1.5861,17.7391534514976,0.147821067363303,"m"
4219,-1.5861,17.7406940836564,0.147833420491243,"m"
4220,-1.5861,17.7422347298934,0.147845753377894,"m"
4221,-1.5861,17.7437753921835,0.147858066043024,"m"
4222,-1.5861,17.7453160725014,0.147870358506397,"m"
4223,-1.5861,17.7468567728221,0.147882630787783,"m"
4224,-1.5861,17.7483974951202,0.147894882906946,"m"
4225,-1.5861,17.7499382413708,0.147907114883654,"m"
4226,-1.5861,17.7514790135486,0.147919326737674,"m"
4227,-1.5861,17.7530198136285,0.147931518488773,"m"
4228,-1.5861,17.7545606435853,0.147943690156717,"m"
4229,-1.5861,17.7561015053938,0.147955841761273,"m"
4230,-1.5861,17.7576424010289,0.147967973322208,"m"
4231,-1.5861,17.7591833324655,0.147980084859289,"m"
4232,-1.5861,17.7607243016783,0.147992176392282,"m"
4233,-1.5861,17.7622653106422,0.148004247940955,"m"
4234,-1.5861,17.7638063613321,0.148016299525074,"m"
4235,-1.5861,17.7653474557228,0.148028331164406,"m"
4236,-1.5861,17.7668885957891,0.148040342878717,"m"
4237,-1.5861,17.7684297835059,0.148052334687775,"m"
4238,-1.5861,17.769971020848,0.148064306611347,"m"
4239,-1.5861,17.7715123097903,0.148076258669198,"m"
4240,-1.5861,17.7730536523075,0.148088190881097,"m"
4241,-1.5861,17.7745950503746,0.14810010326681,"m"
4242,-1.5861,17.7761365059664,0.148111995846102,"m"
4243,-1.5861,17.7776780210577,0.148123868638743,"m"
4244,-1.5861,17.7792195976233,0.148135721664497,"m"
4245,-1.5861,17.7807612376381,0.148147554943133,"m"
4246,-1.5861,17.782302943077,0.148159368494416,"m"
4247,-1.5861,17.7838447159148,0.148171162338113,"m"
4248,-1.5861,17.7853865581262,0.148182936493992,"m"
4249,-1.5861,17.7869284716863,0.14819469098182,"m"
4250,-1.5861,17.7884704585697,0.148206425821362,"m"
4251,-1.5861,17.7900125207514,0.148218141032386,"m"
4252,-1.5861,17.7915546602061,0.148229836634658,"m"
4253,-1.5861,17.7930968789088,0.148241512647946,"m"
4254,-1.5861,17.7946391788342,0.148253169092016,"m"
4255,-1.5861,17.7961815619572,0.148264805986634,"m"
4256,-1.5861,17.7977240302527,0.148276423351569,"m"
4257,-1.5861,17.7992665856954,0.148288021206586,"m"
4258,-1.5861,17.8008092302603,0.148299599571453,"m"
4259,-1.5861,17.8023519659221,0.148311158465935,"m"
4260,-1.5861,17.8038947946558,0.148322697909801,"m"
4261,-1.5861,17.8054377184361,0.148334217922816,"m"
4262,-1.5861,17.8069807392378,0.148345718524748,"m"
4263,-1.5861,17.8085238590359,0.148357199735363,"m"
4264,-1.5861,17.8100670798052,0.148368661574428,"m"
4265,-1.5861,17.8116104035204,0.14838010406171,"m"
4266,-1.5861,17.8131538321565,0.148391527216976,"m"
4267,-1.5861,17.8146973676883,0.148402931059993,"m"
4268,-1.5861,17.8162410120907,0.148414315610527,"m"
4269,-1.5861,17.8177847673383,0.148425680888345,"m"
4270,-1.5861,17.8193286354062,0.148437026913213,"m"
4271,-1.5861,17.8208726182692,0.1484483537049,"m"
4272,-1.5861,17.822416717902,0.148459661283171,"m"
4273,-1.5861,17.8239609362795,0.148470949667794,"m"
4274,-1.5861,17.8255052753767,0.148482218878534,"m"
4275,-1.5861,17.8270497371682,0.14849346893516,"m"
4276,-1.5861,17.828594323629,0.148504699857437,"m"
4277,-1.5861,17.8301390367338,0.148515911665133,"m"
4278,-1.5861,17.8316838784576,0.148527104378014,"m"
4279,-1.5861,17.8332288507752,0.148538278015847,"m"
4280,-1.5861,17.8347739556614,0.148549432598399,"m"
4281,-1.5861,17.836319195091,0.148560568145437,"m"
4282,-1.5861,17.837864571039,0.148571684676727,"m"
4283,-1.5861,17.83941008548,0.148582782212037,"m"
4284,-1.5861,17.840955740389,0.148593860771133,"m"
4285,-1.5861,17.8425015377409,0.148604920373782,"m"
4286,-1.5861,17.8440474795104,0.14861596103975,"m"
4287,-1.5861,17.8455935676724,0.148626982788805,"m"
4288,-1.5861,17.8471398042017,0.148637985640713,"m"
4289,-1.5861,17.8486861910732,0.148648969615242,"m"
4290,-1.5861,17.8502327302617,0.148659934732157,"m"
4291,-1.5861,17.8517794237421,0.148670881011226,"m"
4292,-1.5861,17.8533262734892,0.148681808472215,"m"
4293,-1.5861,17.8548732814778,0.148692717134892,"m"
4294,-1.5861,17.8564204496827,0.148703607019023,"m"
4295,-1.5861,17.8579677800789,0.148714478144375,"m"
4296,-1.5861,17.8595152746412,0.148725330530715,"m"
4297,-1.5861,17.8610629353443,0.148736164197809,"m"
4298,-1.5861,17.8626107641632,0.148746979165424,"m"
4299,-1.5861,17.8641587630727,0.148757775453328,"m"
4300,-1.5861,17.8657069340476,0.148768553081286,"m"
4301,-1.5861,17.8672552790627,0.148779312069066,"m"
4302,-1.5861,17.868803800093,0.148790052436435,"m"
4303,-1.5861,17.8703524991131,0.148800774203159,"m"
4304,-1.5861,17.8719013780981,0.148811477389005,"m"
4305,-1.5861,17.8734504390227,0.14882216201374,"m"
4306,-1.5861,17.8749996838618,0.14883282809713,"m"
4307,-1.5861,17.8765491145901,0.148843475658944,"m"
4308,-1.5861,17.8780987331826,0.148854104718946,"m"
4309,-1.5861,17.8796485416141,0.148864715296905,"m"
4310,-1.5861,17.8811985418594,0.148875307412586,"m"
4311,-1.5861,17.8827487358933,0.148885881085757,"m"
4312,-1.5861,17.8842991256908,0.148896436336185,"m"
4313,-1.5861,17.8858497132266,0.148906973183636,"m"
4314,-1.5861,17.8874005004756,0.148917491647877,"m"
4315,-1.5861,17.8889514894126,0.148927991748675,"m"
4316,-1.5861,17.8905026820125,0.148938473505796,"m"
4317,-1.5861,17.8920540802501,0.148948936939008,"m"
4318,-1.5861,17.8936056861002,0.148959382068078,"m"
4319,-1.5861,17.8951575015378,0.148969808912771,"m"
4320,-1.5861,17.8967095285375,0.148980217492856,"m"
4321,-1.5861,17.8982617690743,0.148990607828098,"m"
4322,-1.5861,17.899814225123,0.149000979938264,"m"
4323,-1.5861,17.9013668986585,0.149011333843122,"m"
4324,-1.5861,17.9029197916556,0.149021669562438,"m"
4325,-1.5861,17.9044729060891,0.149031987115979,"m"
4326,-1.5861,17.9060262439338,0.149042286523511,"m"
4327,-1.5861,17.9075798071647,0.149052567804802,"m"
4328,-1.5861,17.9091335977565,0.149062830979619,"m"
4329,-1.5861,17.9106876176841,0.149073076067727,"m"
4330,-1.5861,17.9122418689224,0.149083303088894,"m"
4331,-1.5861,17.9137963534461,0.149093512062887,"m"
4332,-1.5861,17.9153510732301,0.149103703009473,"m"
4333,-1.5861,17.9169060302493,0.149113875948417,"m"
4334,-1.5861,17.9184612264785,0.149124030899488,"m"
4335,-1.5861,17.9200166638925,0.149134167882452,"m"
4336,-1.5861,17.9215723444661,0.149144286917075,"m"
4337,-1.5861,17.9231282701743,0.149154388023125,"m"
4338,-1.5861,17.9246844429919,0.149164471220368,"m"
4339,-1.5861,17.9262408648936,0.149174536528571,"m"
4340,-1.5861,17.9277975378544,0.149184583967501,"m"
4341,-1.5861,17.929354463849,0.149194613556925,"m"
4342,-1.5861,17.9309116448524,0.149204625316609,"m"
4343,-1.5861,17.9324690828393,0.149214619266321,"m"
4344,-1.5861,17.9340267797846,0.149224595425826,"m"
4345,-1.5861,17.9355847376632,0.149234553814893,"m"
4346,-1.5861,17.9371429584498,0.149244494453287,"m"
4347,-1.5861,17.9387014441194,0.149254417360776,"m"
4348,-1.5861,17.9402601966467,0.149264322557125,"m"
4349,-1.5861,17.9418192180066,0.149274210062103,"m"
4350,-1.5861,17.9433785101739,0.149284079895476,"m"
4351,-1.5861,17.9449380751236,0.149293932077011,"m"
4352,-1.5861,17.9464979148303,0.149303766626473,"m"
4353,-1.5861,17.948058031269,0.149313583563632,"m"
4354,-1.5861,17.9496184264145,0.149323382908252,"m"
4355,-1.5861,17.9511791022417,0.149333164680101,"m"
4356,-1.5861,17.9527400607253,0.149342928898946,"m"
4357,-1.5861,17.9543013038402,0.149352675584553,"m"
4358,-1.5861,17.9558628335613,0.149362404756689,"m"
4359,-1.5861,17.9574246518635,0.149372116435122,"m"
4360,-1.5861,17.9589867607214,0.149381810639617,"m"
4361,-1.5861,17.9605491621101,0.149391487389943,"m"
4362,-1.5861,17.9621118580042,0.149401146705864,"m"
4363,-1.5861,17.9636748503787,0.149410788607149,"m"
4364,-1.5861,17.9652381412085,0.149420413113564,"m"
4365,-1.5861,17.9668017324683,0.149430020244875,"m"
4366,-1.5861,17.9683656261329,0.149439610020851,"m"
4367,-1.5861,17.9699298241773,0.149449182461257,"m"
4368,-1.5861,17.9714943285763,0.14945873758586,"m"
4369,-1.5861,17.9730591413046,0.149468275414427,"m"
4370,-1.5861,17.9746242643372,0.149477795966725,"m"
4371,-1.5861,17.9761896996489,0.149487299262521,"m"
4372,-1.5861,17.9777554492146,0.149496785321581,"m"
4373,-1.5861,17.9793215150089,0.149506254163672,"m"
4374,-1.5861,17.9808878990069,0.149515705808561,"m"
4375,-1.5861,17.9824546031834,0.149525140276016,"m"
4376,-1.5861,17.9840216295131,0.149534557585801,"m"
4377,-1.5861,17.985588979971,0.149543957757686,"m"
4378,-1.5861,17.9871566565318,0.149553340811435,"m"
4379,-1.5861,17.9887246611705,0.149562706766817,"m"
4380,-1.5861,17.9902929958618,0.149572055643598,"m"
4381,-1.5861,17.9918616625806,0.149581387461544,"m"
4382,-1.5861,17.9934306633017,0.149590702240422,"m"
4383,-1.5861,17.995,0.1496,"m"
4384,-1.5861,17.9965696744416,0.14960928075462,"m"
4385,-1.5861,17.9981396875576,0.149618544496933,"m"
4386,-1.5861,17.9997100400707,0.149627791214165,"m"
4387,-1.5861,18.0012807327031,0.149637020893541,"m"
4388,-1.5861,18.0028517661775,0.149646233522289,"m"
4389,-1.5861,18.0044231412162,0.149655429087635,"m"
4390,-1.5861,18.0059948585418,0.149664607576804,"m"
4391,-1.5861,18.0075669188767,0.149673768977024,"m"
4392,-1.5861,18.0091393229434,0.14968291327552,"m"
4393,-1.5861,18.0107120714644,0.14969204045952,"m"
4394,-1.5861,18.0122851651621,0.149701150516249,"m"
4395,-1.5861,18.013858604759,0.149710243432933,"m"
4396,-1.5861,18.0154323909777,0.149719319196799,"m"
4397,-1.5861,18.0170065245404,0.149728377795074,"m"
4398,-1.5861,18.0185810061699,0.149737419214983,"m"
4399,-1.5861,18.0201558365884,0.149746443443753,"m"
4400,-1.5861,18.0217310165185,0.149755450468611,"m"
4401,-1.5861,18.0233065466826,0.149764440276781,"m"
4402,-1.5861,18.0248824278033,0.149773412855492,"m"
4403,-1.5861,18.026458660603,0.149782368191969,"m"
4404,-1.5861,18.0280352458041,0.149791306273439,"m"
4405,-1.5861,18.0296121841292,0.149800227087127,"m"
4406,-1.5861,18.0311894763007,0.149809130620261,"m"
4407,-1.5861,18.0327671230411,0.149818016860066,"m"
4408,-1.5861,18.0343451250729,0.149826885793769,"m"
4409,-1.5861,18.0359234831185,0.149835737408596,"m"
4410,-1.5861,18.0375021979004,0.149844571691774,"m"
4411,-1.5861,18.039081270141,0.149853388630528,"m"
4412,-1.5861,18.040660700563,0.149862188212086,"m"
4413,-1.5861,18.0422404898886,0.149870970423673,"m"
4414,-1.5861,18.0438206388405,0.149879735252516,"m"
4415,-1.5861,18.045401148141,0.149888482685841,"m"
4416,-1.5861,18.0469820185127,0.149897212710874,"m"
4417,-1.5861,18.048563250678,0.149905925314843,"m"
4418,-1.5861,18.0501448453594,0.149914620484972,"m"
4419,-1.5861,18.0517268032794,0.149923298208489,"m"
4420,-1.5861,18.0533091251604,0.149931958472619,"m"
4421,-1.5861,18.0548918117249,0.14994060126459,"m"
4422,-1.5861,18.0564748636954,0.149949226571627,"m"
4423,-1.5861,18.0580582817943,0.149957834380956,"m"
4424,-1.5861,18.0596420667442,0.149966424679805,"m"
4425,-1.5861,18.0612262192675,0.149974997455399,"m"
4426,-1.5861,18.0628107400866,0.149983552694965,"m"
4427,-1.5861,18.0643956299241,0.149992090385729,"m"
4428,-1.5861,18.0659808895024,0.150000610514917,"m"
4429,-1.5861,18.067566519544,0.150009113069756,"m"
4430,-1.5861,18.0691525207714,0.150017598037472,"m"
4431,-1.5861,18.070738893907,0.150026065405291,"m"
4432,-1.5861,18.0723256396734,0.15003451516044,"m"
4433,-1.5861,18.0739127587929,0.150042947290145,"m"
4434,-1.5861,18.0755002519881,0.150051361781632,"m"
4435,-1.5861,18.0770881199814,0.150059758622127,"m"
4436,-1.5861,18.0786763634953,0.150068137798858,"m"
4437,-1.5861,18.0802649832523,0.15007649929905,"m"
4438,-1.5861,18.0818539799748,0.150084843109929,"m"
4439,-1.5861,18.0834433543854,0.150093169218723,"m"
4440,-1.5861,18.0850331072065,0.150101477612657,"m"
4441,-1.5861,18.0866232391605,0.150109768278957,"m"
4442,-1.5861,18.08821375097,0.15011804120485,"m"
4443,-1.5861,18.0898046433573,0.150126296377563,"m"
4444,-1.5861,18.0913959170451,0.15013453378432,"m"
4445,-1.5861,18.0929875727557,0.15014275341235,"m"
4446,-1.5861,18.0945796112117,0.150150955248878,"m"
4447,-1.5861,18.0961720331355,0.150159139281131,"m"
4448,-1.5861,18.0977648392495,0.150167305496334,"m"
4449,-1.5861,18.0993580302763,0.150175453881715,"m"
4450,-1.5861,18.1009516069384,0.150183584424499,"m"
4451,-1.5861,18.1025455699581,0.150191697111913,"m"
4452,-1.5861,18.104139920058,0.150199791931183,"m"
4453,-1.5861,18.1057346579605,0.150207868869535,"m"
4454,-1.5861,18.1073297843882,0.150215927914197,"m"
4455,-1.5861,18.1089253000634,0.150223969052393,"m"
4456,-1.5861,18.1105212057087,0.150231992271351,"m"
4457,-1.5861,18.1121175020466,0.150239997558297,"m"
4458,-1.5861,18.1137141897994,0.150247984900457,"m"
4459,-1.5861,18.1153112696898,0.150255954285057,"m"
4460,-1.5861,18.1169087424401,0.150263905699324,"m"
4461,-1.5861,18.1185066087728,0.150271839130484,"m"
4462,-1.5861,18.1201048694104,0.150279754565763,"m"
4463,-1.5861,18.1217035250754,0.150287651992389,"m"
4464,-1.5861,18.1233025764902,0.150295531397586,"m"
4465,-1.5861,18.1249020243774,0.150303392768581,"m"
4466,-1.5861,18.1265018694593,0.150311236092602,"m"
4467,-1.5861,18.1281021124585,0.150319061356873,"m"
4468,-1.5861,18.1297027540975,0.150326868548622,"m"
4469,-1.5861,18.1313037950987,0.150334657655074,"m"
4470,-1.5861,18.1329052361845,0.150342428663456,"m"
4471,-1.5861,18.1345070780775,0.150350181560995,"m"
4472,-1.5861,18.1361093215001,0.150357916334917,"m"
4473,-1.5861,18.1377119671749,0.150365632972447,"m"
4474,-1.5861,18.1393150158242,0.150373331460813,"m"
4475,-1.5861,18.1409184681705,0.15038101178724,"m"
4476,-1.5861,18.1425223249364,0.150388673938955,"m"
4477,-1.5861,18.1441265868443,0.150396317903185,"m"
4478,-1.5861,18.1457312546166,0.150403943667155,"m"
4479,-1.5861,18.1473363289759,0.150411551218092,"m"
4480,-1.5861,18.1489418106446,0.150419140543222,"m"
4481,-1.5861,18.1505477003451,0.150426711629772,"m"
4482,-1.5861,18.1521539988001,0.150434264464968,"m"
4483,-1.5861,18.1537607067318,0.150441799036036,"m"
4484,-1.5861,18.1553678248629,0.150449315330202,"m"
4485,-1.5861,18.1569753539157,0.150456813334694,"m"
4486,-1.5861,18.1585832946128,0.150464293036736,"m"
4487,-1.5861,18.1601916476766,0.150471754423556,"m"
4488,-1.5861,18.1618004138297,0.15047919748238,"m"
4489,-1.5861,18.1634095937943,0.150486622200435,"m"
4490,-1.5861,18.1650191882932,0.150494028564945,"m"
4491,-1.5861,18.1666291980486,0.150501416563139,"m"
4492,-1.5861,18.1682396237831,0.150508786182242,"m"
4493,-1.5861,18.1698504662192,0.15051613740948,"m"
4494,-1.5861,18.1714617260793,0.15052347023208,"m"
4495,-1.5861,18.173073404086,0.150530784637268,"m"
4496,-1.5861,18.1746855009616,0.15053808061227,"m"
4497,-1.5861,18.1762980174286,0.150545358144314,"m"
4498,-1.5861,18.1779109542096,0.150552617220624,"m"
4499,-1.5861,18.179524312027,0.150559857828428,"m"
4500,-1.5861,18.1811380916032,0.150567079954952,"m"
4501,-1.5861,18.1827522936608,0.150574283587421,"m"
4502,-1.5861,18.1843669189222,0.150581468713064,"m"
4503,-1.5861,18.1859819681099,0.150588635319104,"m"
4504,-1.5861,18.1875974419464,0.15059578339277,"m"
4505,-1.5861,18.1892133411541,0.150602912921288,"m"
4506,-1.5861,18.1908296664555,0.150610023891883,"m"
4507,-1.5861,18.1924464185731,0.150617116291782,"m"
4508,-1.5861,18.1940635982293,0.150624190108211,"m"
4509,-1.5861,18.1956812061467,0.150631245328397,"m"
4510,-1.5861,18.1972992430477,0.150638281939566,"m"
4511,-1.5861,18.1989177096547,0.150645299928945,"m"
4512,-1.5861,18.2005366066903,0.150652299283759,"m"
4513,-1.5861,18.2021559348769,0.150659279991235,"m"
4514,-1.5861,18.203775694937,0.150666242038599,"m"
4515,-1.5861,18.2053958875931,0.150673185413078,"m"
4516,-1.5861,18.2070165135676,0.150680110101898,"m"
4517,-1.5861,18.208637573583,0.150687016092286,"m"
4518,-1.5861,18.2102590683618,0.150693903371466,"m"
4519,-1.5861,18.2118809986265,0.150700771926667,"m"
4520,-1.5861,18.2135033650994,0.150707621745114,"m"
4521,-1.5861,18.2151261685032,0.150714452814034,"m"
4522,-1.5861,18.2167494095603,0.150721265120653,"m"
4523,-1.5861,18.2183730889931,0.150728058652196,"m"
4524,-1.5861,18.2199972075241,0.150734833395892,"m"
4525,-1.5861,18.2216217658758,0.150741589338965,"m"
4526,-1.5861,18.2232467647707,0.150748326468642,"m"
4527,-1.5861,18.2248722049313,0.15075504477215,"m"
4528,-1.5861,18.2264980870799,0.150761744236715,"m"
4529,-1.5861,18.2281244119391,0.150768424849563,"m"
4530,-1.5861,18.2297511802314,0.150775086597921,"m"
4531,-1.5861,18.2313783926792,0.150781729469014,"m"
4532,-1.5861,18.2330060500051,0.15078835345007,"m"
4533,-1.5861,18.2346341529313,0.150794958528314,"m"
4534,-1.5861,18.2362627021806,0.150801544690973,"m"
4535,-1.5861,18.2378916984753,0.150808111925272,"m"
4536,-1.5861,18.2395211425378,0.15081466021844,"m"
4537,-1.5861,18.2411510350908,0.150821189557701,"m"
4538,-1.5861,18.2427813768565,0.150827699930282,"m"
4539,-1.5861,18.2444121685576,0.15083419132341,"m"
4540,-1.5861,18.2460434109165,0.150840663724311,"m"
4541,-1.5861,18.2476751046557,0.15084711712021,"m"
4542,-1.5861,18.2493072504975,0.150853551498335,"m"
4543,-1.5861,18.2509398491646,0.150859966845912,"m"
4544,-1.5861,18.2525729013794,0.150866363150167,"m"
4545,-1.5861,18.2542064078643,0.150872740398326,"m"
4546,-1.5861,18.2558403693418,0.150879098577616,"m"
4547,-1.5861,18.2574747865345,0.150885437675263,"m"
4548,-1.5861,18.2591096601647,0.150891757678493,"m"
4549,-1.5861,18.2607449909549,0.150898058574533,"m"
4550,-1.5861,18.2623807796277,0.150904340350609,"m"
4551,-1.5861,18.2640170269054,0.150910602993948,"m"
4552,-1.5861,18.2656537335106,0.150916846491775,"m"
4553,-1.5861,18.2672909001658,0.150923070831317,"m"
4554,-1.5861,18.2689285275934,0.1509292759998,"m"
4555,-1.5861,18.2705666165158,0.150935461984451,"m"
4556,-1.5861,18.2722051676556,0.150941628772496,"m"
4557,-1.5861,18.2738441817352,0.150947776351161,"m"
4558,-1.5861,18.2754836594772,0.150953904707673,"m"
4559,-1.5861,18.2771236016039,0.150960013829258,"m"
4560,-1.5861,18.2787640088378,0.150966103703142,"m"
4561,-1.5861,18.2804048819015,0.150972174316552,"m"
4562,-1.5861,18.2820462215173,0.150978225656713,"m"
4563,-1.5861,18.2836880284078,0.150984257710853,"m"
4564,-1.5861,18.2853303032955,0.150990270466197,"m"
4565,-1.5861,18.2869730469028,0.150996263909972,"m"
4566,-1.5861,18.2886162599636,0.151002238029793,"m"
4567,-1.5861,18.2902599437329,0.151008192830829,"m"
4568,-1.5861,18.2919041001881,0.151014128342614,"m"
4569,-1.5861,18.2935487313602,0.151020044596478,"m"
4570,-1.5861,18.2951938392799,0.151025941623746,"m"
4571,-1.5861,18.2968394259781,0.151031819455748,"m"
4572,-1.5861,18.2984854934854,0.151037678123811,"m"
4573,-1.5861,18.3001320438329,0.151043517659263,"m"
4574,-1.5861,18.3017790790512,0.151049338093431,"m"
4575,-1.5861,18.3034266011712,0.151055139457645,"m"
4576,-1.5861,18.3050746122237,0.151060921783231,"m"
4577,-1.5861,18.3067231142396,0.151066685101518,"m"
4578,-1.5861,18.3083721092495,0.151072429443834,"m"
4579,-1.5861,18.3100215992844,0.151078154841506,"m"
4580,-1.5861,18.3116715863751,0.151083861325862,"m"
4581,-1.5861,18.3133220725523,0.151089548928231,"m"
4582,-1.5861,18.3149730598469,0.151095217679939,"m"
4583,-1.5861,18.3166245502896,0.151100867612316,"m"
4584,-1.5861,18.3182765459114,0.151106498756689,"m"
4585,-1.5861,18.3199290487431,0.151112111144385,"m"
4586,-1.5861,18.3215820608153,0.151117704806734,"m"
4587,-1.5861,18.323235584159,0.151123279775061,"m"
4588,-1.5861,18.3248896208049,0.151128836080697,"m"
4589,-1.5861,18.3265441727839,0.151134373754968,"m"
4590,-1.5861,18.3281992421268,0.151139892829202,"m"
4591,-1.5861,18.3298548308644,0.151145393334727,"m"
4592,-1.5861,18.3315109410275,0.151150875302872,"m"
4593,-1.5861,18.333167574647,0.151156338764963,"m"
4594,-1.5861,18.3348247337535,0.15116178375233,"m"
4595,-1.5861,18.336482420378,0.151167210296299,"m"
4596,-1.5861,18.3381406365513,0.151172618428199,"m"
4597,-1.5861,18.3397993843042,0.151178008179358,"m"
4598,-1.5861,18.3414586656674,0.151183379581103,"m"
4599,-1.5861,18.3431184826718,0.151188732664763,"m"
4600,-1.5861,18.3447788373483,0.151194067461665,"m"
4601,-1.5861,18.3464397317276,0.151199384003138,"m"
4602,-1.5861,18.3481011678405,0.151204682320508,"m"
4603,-1.5861,18.3497631477179,0.151209962445105,"m"
4604,-1.5861,18.3514256733905,0.151215224408255,"m"
4605,-1.5861,18.3530887468892,0.151220468241287,"m"
4606,-1.5861,18.3547523702448,0.151225693975529,"m"
4607,-1.5861,18.3564165454881,0.151230901642309,"m"
4608,-1.5861,18.35808127465,0.151236091272954,"m"
4609,-1.5861,18.3597465597611,0.151241262898793,"m"
4610,-1.5861,18.3614124028525,0.151246416551153,"m"
4611,-1.5861,18.3630788059547,0.151251552261362,"m"
4612,-1.5861,18.3647457710988,0.151256670060748,"m"
4613,-1.5861,18.3664133003154,0.15126176998064,"m"
4614,-1.5861,18.3680813956354,0.151266852052364,"m"
4615,-1.5861,18.3697500590896,0.151271916307249,"m"
4616,-1.5861,18.3714192927089,0.151276962776623,"m"
4617,-1.5861,18.373089098524,0.151281991491814,"m"
4618,-1.5861,18.3747594785657,0.151287002484149,"m"
4619,-1.5861,18.3764304348649,0.151291995784956,"m"
4620,-1.5861,18.3781019694524,0.151296971425564,"m"
4621,-1.5861,18.3797740843589,0.1513019294373,"m"
4622,-1.5861,18.3814467816154,0.151306869851493,"m"
4623,-1.5861,18.3831200632526,0.151311792699469,"m"
4624,-1.5861,18.3847939313013,0.151316698012557,"m"
4625,-1.5861,18.3864683877923,0.151321585822086,"m"
4626,-1.5861,18.3881434347565,0.151326456159381,"m"
4627,-1.5861,18.3898190742247,0.151331309055773,"m"
4628,-1.5861,18.3914953082276,0.151336144542588,"m"
4629,-1.5861,18.3931721387962,0.151340962651155,"m"
4630,-1.5861,18.3948495679611,0.151345763412801,"m"
4631,-1.5861,18.3965275977532,0.151350546858854,"m"
4632,-1.5861,18.3982062302034,0.151355313020642,"m"
4633,-1.5861,18.3998854673425,0.151360061929493,"m"
4634,-1.5861,18.4015653112012,0.151364793616736,"m"
4635,-1.5861,18.4032457638103,0.151369508113697,"m"
4636,-1.5861,18.4049268272008,0.151374205451705,"m"
4637,-1.5861,18.4066085034033,0.151378885662087,"m"
4638,-1.5861,18.4082907944487,0.151383548776172,"m"
4639,-1.5861,18.4099737023679,0.151388194825288,"m"
4640,-1.5861,18.4116572291916,0.151392823840762,"m"
4641,-1.5861,18.4133413769507,0.151397435853922,"m"
4642,-1.5861,18.4150261476759,0.151402030896096,"m"
4643,-1.5861,18.4167115433981,0.151406608998612,"m"
4644,-1.5861,18.4183975661481,0.151411170192799,"m"
4645,-1.5861,18.4200842179567,0.151415714509983,"m"
4646,-1.5861,18.4217715008547,0.151420241981493,"m"
4647,-1.5861,18.4234594168729,0.151424752638656,"m"
4648,-1.5861,18.4251479680421,0.151429246512801,"m"
4649,-1.5861,18.4268371563933,0.151433723635256,"m"
4650,-1.5861,18.428526983957,0.151438184037348,"m"
4651,-1.5861,18.4302174527643,0.151442627750405,"m"
4652,-1.5861,18.4319085648458,0.151447054805755,"m"
4653,-1.5861,18.4336003222325,0.151451465234726,"m"
4654,-1.5861,18.4352927269551,0.151455859068647,"m"
4655,-1.5861,18.4369857810444,0.151460236338844,"m"
4656,-1.5861,18.4386794865312,0.151464597076646,"m"
4657,-1.5861,18.4403738454464,0.15146894131338,"m"
4658,-1.5861,18.4420688598208,0.151473269080376,"m"
4659,-1.5861,18.4437645316852,0.151477580408959,"m"
4660,-1.5861,18.4454608630703,0.151481875330459,"m"
4661,-1.5861,18.4471578560071,0.151486153876203,"m"
4662,-1.5861,18.4488555125263,0.15149041607752,"m"
4663,-1.5861,18.4505538346587,0.151494661965736,"m"
4664,-1.5861,18.4522528244352,0.15149889157218,"m"
4665,-1.5861,18.4539524838865,0.151503104928181,"m"
4666,-1.5861,18.4556528150435,0.151507302065065,"m"
4667,-1.5861,18.457353819937,0.15151148301416,"m"
4668,-1.5861,18.4590555005978,0.151515647806795,"m"
4669,-1.5861,18.4607578590568,0.151519796474298,"m"
4670,-1.5861,18.4624608973446,0.151523929047996,"m"
4671,-1.5861,18.4641646174922,0.151528045559217,"m"
4672,-1.5861,18.4658690215303,0.15153214603929,"m"
4673,-1.5861,18.4675741114898,0.151536230519541,"m"
4674,-1.5861,18.4692798894015,0.1515402990313,"m"
4675,-1.5861,18.4709863572961,0.151544351605893,"m"
4676,-1.5861,18.4726935172046,0.151548388274649,"m"
4677,-1.5861,18.4744013711577,0.151552409068896,"m"
4678,-1.5861,18.4761099211862,0.151556414019961,"m"
4679,-1.5861,18.477819169321,0.151560403159173,"m"
4680,-1.5861,18.4795291175928,0.151564376517859,"m"
4681,-1.5861,18.4812397680325,0.151568334127348,"m"
4682,-1.5861,18.4829511226709,0.151572276018966,"m"
4683,-1.5861,18.4846631835388,0.151576202224043,"m"
4684,-1.5861,18.4863759526669,0.151580112773905,"m"
4685,-1.5861,18.4880894320862,0.151584007699882,"m"
4686,-1.5861,18.4898036238275,0.1515878870333,"m"
4687,-1.5861,18.4915185299215,0.151591750805488,"m"
4688,-1.5861,18.493234152399,0.151595599047773,"m"
4689,-1.5861,18.4949504932909,0.151599431791484,"m"
4690,-1.5861,18.4966675546281,0.151603249067948,"m"
4691,-1.5861,18.4983853384412,0.151607050908494,"m"
4692,-1.5861,18.5001038467611,0.151610837344448,"m"
4693,-1.5861,18.5018230816186,0.15161460840714,"m"
4694,-1.5861,18.5035430450446,0.151618364127897,"m"
4695,-1.5861,18.5052637390699,0.151622104538047,"m"
4696,-1.5861,18.5069851657252,0.151625829668917,"m"
4697,-1.5861,18.5087073270414,0.151629539551836,"m"
4698,-1.5861,18.5104302250493,0.151633234218131,"m"
4699,-1.5861,18.5121538617796,0.151636913699131,"m"
4700,-1.5861,18.5138782392634,0.151640578026164,"m"
4701,-1.5861,18.5156033595312,0.151644227230557,"m"
4702,-1.5861,18.517329224614,0.151647861343637,"m"
4703,-1.5861,18.5190558365425,0.151651480396734,"m"
4704,-1.5861,18.5207831973476,0.151655084421175,"m"
4705,-1.5861,18.5225113090601,0.151658673448288,"m"
4706,-1.5861,18.5242401737108,0.1516622475094,"m"
4707,-1.5861,18.5259697933305,0.151665806635841,"m"
4708,-1.5861,18.52770016995,0.151669350858936,"m"
4709,-1.5861,18.5294313056001,0.151672880210016,"m"
4710,-1.5861,18.5311632023117,0.151676394720406,"m"
4711,-1.5861,18.5328958621156,0.151679894421436,"m"
4712,-1.5861,18.5346292870425,0.151683379344433,"m"
4713,-1.5861,18.5363634791233,0.151686849520725,"m"
4714,-1.5861,18.5380984403889,0.15169030498164,"m"
4715,-1.5861,18.5398341728699,0.151693745758506,"m"
4716,-1.5861,18.5415706785973,0.151697171882651,"m"
4717,-1.5861,18.5433079596018,0.151700583385402,"m"
4718,-1.5861,18.5450460179142,0.151703980298088,"m"
4719,-1.5861,18.5467848555654,0.151707362652037,"m"
4720,-1.5861,18.5485244745862,0.151710730478575,"m"
4721,-1.5861,18.5502648770074,0.151714083809032,"m"
4722,-1.5861,18.5520060648598,0.151717422674736,"m"
4723,-1.5861,18.5537480401742,0.151720747107013,"m"
4724,-1.5861,18.5554908049815,0.151724057137192,"m"
4725,-1.5861,18.5572343613124,0.151727352796601,"m"
4726,-1.5861,18.5589787111977,0.151730634116568,"m"
4727,-1.5861,18.5607238566683,0.151733901128421,"m"
4728,-1.5861,18.562469799755,0.151737153863487,"m"
4729,-1.5861,18.5642165424886,0.151740392353095,"m"
4730,-1.5861,18.5659640868999,0.151743616628572,"m"
4731,-1.5861,18.5677124350197,0.151746826721246,"m"
4732,-1.5861,18.5694615888789,0.151750022662446,"m"
4733,-1.5861,18.5712115505082,0.151753204483498,"m"
4734,-1.5861,18.5729623219385,0.151756372215732,"m"
4735,-1.5861,18.5747139052005,0.151759525890474,"m"
4736,-1.5861,18.5764663023251,0.151762665539053,"m"
4737,-1.5861,18.5782195153432,0.151765791192797,"m"
4738,-1.5861,18.5799735462854,0.151768902883034,"m"
4739,-1.5861,18.5817283971827,0.151772000641091,"m"
4740,-1.5861,18.5834840700658,0.151775084498296,"m"
4741,-1.5861,18.5852405669655,0.151778154485977,"m"
4742,-1.5861,18.5869978899128,0.151781210635463,"m"
4743,-1.5861,18.5887560409383,0.151784252978081,"m"
4744,-1.5861,18.5905150220729,0.151787281545159,"m"
4745,-1.5861,18.5922748353474,0.151790296368024,"m"
4746,-1.5861,18.5940354827926,0.151793297478006,"m"
4747,-1.5861,18.5957969664393,0.151796284906431,"m"
4748,-1.5861,18.5975592883184,0.151799258684628,"m"
4749,-1.5861,18.5993224501808,0.151802218840735,"m"
4750,-1.5861,18.601086451341,0.151805165375132,"m"
4751,-1.5861,18.6028512898592,0.151808098273909,"m"
4752,-1.5861,18.6046169637853,0.151811017523034,"m"
4753,-1.5861,18.6063834711691,0.151813923108477,"m"
4754,-1.5861,18.6081508100604,0.151816815016209,"m"
4755,-1.5861,18.609918978509,0.151819693232199,"m"
4756,-1.5861,18.6116879745648,0.151822557742417,"m"
4757,-1.5861,18.6134577962775,0.151825408532832,"m"
4758,-1.5861,18.615228441697,0.151828245589416,"m"
4759,-1.5861,18.6169999088731,0.151831068898137,"m"
4760,-1.5861,18.6187721958557,0.151833878444966,"m"
4761,-1.5861,18.6205453006945,0.151836674215871,"m"
4762,-1.5861,18.6223192214393,0.151839456196825,"m"
4763,-1.5861,18.6240939561401,0.151842224373795,"m"
4764,-1.5861,18.6258695028465,0.151844978732752,"m"
4765,-1.5861,18.6276458596085,0.151847719259665,"m"
4766,-1.5861,18.6294230244758,0.151850445940506,"m"
4767,-1.5861,18.6312009954983,0.151853158761243,"m"
4768,-1.5861,18.6329797707258,0.151855857707846,"m"
4769,-1.5861,18.634759348208,0.151858542766285,"m"
4770,-1.5861,18.6365397259949,0.151861213922531,"m"
4771,-1.5861,18.6383209021363,0.151863871162552,"m"
4772,-1.5861,18.6401028746819,0.15186651447232,"m"
4773,-1.5861,18.6418856416816,0.151869143837803,"m"
4774,-1.5861,18.6436692011852,0.151871759244971,"m"
4775,-1.5861,18.6454535512425,0.151874360679795,"m"
4776,-1.5861,18.6472386899034,0.151876948128244,"m"
4777,-1.5861,18.6490246152176,0.151879521576288,"m"
4778,-1.5861,18.6508113252351,0.151882081009897,"m"
4779,-1.5861,18.6525988180055,0.151884626415041,"m"
4780,-1.5861,18.6543870915788,0.151887157777689,"m"
4781,-1.5861,18.6561761440047,0.151889675083813,"m"
4782,-1.5861,18.657965973333,0.15189217831938,"m"
4783,-1.5861,18.6597565776137,0.151894667470362,"m"
4784,-1.5861,18.6615479548965,0.151897142522728,"m"
4785,-1.5861,18.6633401032312,0.151899603462448,"m"
4786,-1.5861,18.6651330206676,0.151902050275492,"m"
4787,-1.5861,18.6669267052556,0.151904482947829,"m"
4788,-1.5861,18.668721155045,0.15190690146543,"m"
4789,-1.5861,18.6705163680856,0.151909305814264,"m"
4790,-1.5861,18.6723123424272,0.151911695980302,"m"
4791,-1.5861,18.6741090761197,0.151914071949513,"m"
4792,-1.5861,18.6759065672128,0.151916433707867,"m"
4793,-1.5861,18.6777048137564,0.151918781241334,"m"
4794,-1.5861,18.6795038138004,0.151921114535883,"m"
4795,-1.5861,18.6813035653944,0.151923433577485,"m"
4796,-1.5861,18.6831040665884,0.15192573835211,"m"
4797,-1.5861,18.6849053154322,0.151928028845727,"m"
4798,-1.5861,18.6867073099756,0.151930305044306,"m"
4799,-1.5861,18.6885100482683,0.151932566933817,"m"
4800,-1.5861,18.6903135283603,0.15193481450023,"m"
4801,-1.5861,18.6921177483013,0.151937047729515,"m"
4802,-1.5861,18.6939227061413,0.151939266607641,"m"
4803,-1.5861,18.6957283999298,0.151941471120579,"m"
4804,-1.5861,18.6975348277169,0.151943661254298,"m"
4805,-1.5861,18.6993419875524,0.151945836994769,"m"
4806,-1.5861,18.7011498774859,0.15194799832796,"m"
4807,-1.5861,18.7029584955675,0.151950145239843,"m"
4808,-1.5861,18.7047678398468,0.151952277716386,"m"
4809,-1.5861,18.7065779083737,0.15195439574356,"m"
4810,-1.5861,18.7083886991981,0.151956499307334,"m"
4811,-1.5861,18.7102002103697,0.151958588393679,"m"
4812,-1.5861,18.7120124399384,0.151960662988564,"m"
4813,-1.5861,18.713825385954,0.151962723077959,"m"
4814,-1.5861,18.7156390464662,0.151964768647834,"m"
4815,-1.5861,18.717453419525,0.151966799684159,"m"
4816,-1.5861,18.7192685031802,0.151968816172903,"m"
4817,-1.5861,18.7210842954815,0.151970818100037,"m"
4818,-1.5861,18.7229007944788,0.151972805451531,"m"
4819,-1.5861,18.7247179982219,0.151974778213354,"m"
4820,-1.5861,18.7265359047606,0.151976736371475,"m"
4821,-1.5861,18.7283545121448,0.151978679911866,"m"
4822,-1.5861,18.7301738184243,0.151980608820496,"m"
4823,-1.5861,18.7319938216488,0.151982523083334,"m"
4824,-1.5861,18.7338145198682,0.151984422686351,"m"
4825,-1.5861,18.7356359111324,0.151986307615517,"m"
4826,-1.5861,18.7374579934911,0.1519881778568,"m"
4827,-1.5861,18.7392807649942,0.151990033396172,"m"
4828,-1.5861,18.7411042236915,0.151991874219602,"m"
4829,-1.5861,18.7429283676328,0.15199370031306,"m"
4830,-1.5861,18.7447531948679,0.151995511662515,"m"
4831,-1.5861,18.7465787034467,0.151997308253938,"m"
4832,-1.5861,18.7484048914189,0.151999090073298,"m"
4833,-1.5861,18.7502317568344,0.152000857106566,"m"
4834,-1.5861,18.7520592977431,0.152002609339711,"m"
4835,-1.5861,18.7538875121946,0.152004346758703,"m"
4836,-1.5861,18.7557163982389,0.152006069349512,"m"
4837,-1.5861,18.7575459539258,0.152007777098108,"m"
4838,-1.5861,18.759376177305,0.15200946999046,"m"
4839,-1.5861,18.7612070664265,0.152011148012539,"m"
4840,-1.5861,18.76303861934,0.152012811150314,"m"
4841,-1.5861,18.7648708340954,0.152014459389755,"m"
4842,-1.5861,18.7667037087424,0.152016092716832,"m"
4843,-1.5861,18.7685372413309,0.152017711117515,"m"
4844,-1.5861,18.7703714299107,0.152019314577775,"m"
4845,-1.5861,18.7722062725316,0.152020903083579,"m"
4846,-1.5861,18.7740417672435,0.152022476620899,"m"
4847,-1.5861,18.7758779120962,0.152024035175705,"m"
4848,-1.5861,18.7777147051394,0.152025578733966,"m"
4849,-1.5861,18.7795521444231,0.152027107281652,"m"
4850,-1.5861,18.7813902279969,0.152028620804732,"m"
4851,-1.5861,18.7832289539109,0.152030119289178,"m"
4852,-1.5861,18.7850683202147,0.152031602720958,"m"
4853,-1.5861,18.7869083249582,0.152033071086043,"m"
4854,-1.5861,18.7887489661912,0.152034524370403,"m"
4855,-1.5861,18.7905902419635,0.152035962560006,"m"
4856,-1.5861,18.792432150325,0.152037385640824,"m"
4857,-1.5861,18.7942746893254,0.152038793598825,"m"
4858,-1.5861,18.7961178570147,0.152040186419981,"m"
4859,-1.5861,18.7979616514425,0.15204156409026,"m"
4860,-1.5861,18.7998060706588,0.152042926595633,"m"
4861,-1.5861,18.8016511127133,0.152044273922069,"m"
4862,-1.5861,18.8034967756559,0.152045606055538,"m"
4863,-1.5861,18.8053430575364,0.152046922982011,"m"
4864,-1.5861,18.8071899564045,0.152048224687456,"m"
4865,-1.5861,18.8090374703103,0.152049511157845,"m"
4866,-1.5861,18.8108855973033,0.152050782379146,"m"
4867,-1.5861,18.8127343354336,0.152052038337329,"m"
4868,-1.5861,18.8145836827508,0.152053279018366,"m"
4869,-1.5861,18.8164336373048,0.152054504408224,"m"
4870,-1.5861,18.8182841971455,0.152055714492875,"m"
4871,-1.5861,18.8201353603226,0.152056909258287,"m"
4872,-1.5861,18.821987124886,0.152058088690432,"m"
4873,-1.5861,18.8238394888855,0.152059252775278,"m"
4874,-1.5861,18.8256924503709,0.152060401498796,"m"
4875,-1.5861,18.827546007392,0.152061534846956,"m"
4876,-1.5861,18.8294001579986,0.152062652805727,"m"
4877,-1.5861,18.8312549002407,0.152063755361078,"m"
4878,-1.5861,18.8331102321679,0.152064842498982,"m"
4879,-1.5861,18.8349661518301,0.152065914205405,"m"
4880,-1.5861,18.8368226572772,0.15206697046632,"m"
4881,-1.5861,18.8386797465589,0.152068011267696,"m"
4882,-1.5861,18.8405374177251,0.152069036595501,"m"
4883,-1.5861,18.8423956688256,0.152070046435708,"m"
4884,-1.5861,18.8442544979102,0.152071040774284,"m"
4885,-1.5861,18.8461139030287,0.152072019597201,"m"
4886,-1.5861,18.8479738822309,0.152072982890427,"m"
4887,-1.5861,18.8498344335668,0.152073930639933,"m"
4888,-1.5861,18.851695555086,0.152074862831689,"m"
4889,-1.5861,18.8535572448384,0.152075779451665,"m"
4890,-1.5861,18.8554195008739,0.15207668048583,"m"
4891,-1.5861,18.8572823212422,0.152077565920154,"m"
4892,-1.5861,18.8591457039932,0.152078435740607,"m"
4893,-1.5861,18.8610096471767,0.152079289933159,"m"
4894,-1.5861,18.8628741488425,0.152080128483781,"m"
4895,-1.5861,18.8647392070404,0.15208095137844,"m"
4896,-1.5861,18.8666048198202,0.152081758603109,"m"
4897,-1.5861,18.8684709852319,0.152082550143755,"m"
4898,-1.5861,18.8703377013251,0.15208332598635,"m"
4899,-1.5861,18.8722049661497,0.152084086116864,"m"
4900,-1.5861,18.8740727777556,0.152084830521265,"m"
4901,-1.5861,18.8759411341925,0.152085559185524,"m"
4902,-1.5861,18.8778100335103,0.15208627209561,"m"
4903,-1.5861,18.8796794737588,0.152086969237495,"m"
4904,-1.5861,18.8815494529878,0.152087650597147,"m"
4905,-1.5861,18.8834199692471,0.152088316160536,"m"
4906,-1.5861,18.8852910205866,0.152088965913632,"m"
4907,-1.5861,18.887162605056,0.152089599842405,"m"
4908,-1.5861,18.8890347207053,0.152090217932825,"m"
4909,-1.5861,18.8909073655841,0.152090820170862,"m"
4910,-1.5861,18.8927805377424,0.152091406542486,"m"
4911,-1.5861,18.8946542352299,0.152091977033666,"m"
4912,-1.5861,18.8965284560965,0.152092531630372,"m"
4913,-1.5861,18.898403198392,0.152093070318575,"m"
4914,-1.5861,18.9002784601662,0.152093593084243,"m"
4915,-1.5861,18.902154239469,0.152094099913348,"m"
4916,-1.5861,18.9040305343501,0.152094590791858,"m"
4917,-1.5861,18.9059073428593,0.152095065705744,"m"
4918,-1.5861,18.9077846630466,0.152095524640975,"m"
4919,-1.5861,18.9096624929616,0.152095967583522,"m"
4920,-1.5861,18.9115408306543,0.152096394519354,"m"
4921,-1.5861,18.9134196741745,0.152096805434441,"m"
4922,-1.5861,18.9152990215719,0.152097200314753,"m"
4923,-1.5861,18.9171788708964,0.15209757914626,"m"
4924,-1.5861,18.9190592201978,0.152097941914931,"m"
4925,-1.5861,18.9209400675259,0.152098288606737,"m"
4926,-1.5861,18.9228214109306,0.152098619207648,"m"
4927,-1.5861,18.9247032484617,0.152098933703633,"m"
4928,-1.5861,18.926585578169,0.152099232080661,"m"
4929,-1.5861,18.9284683981023,0.152099514324704,"m"
4930,-1.5861,18.9303517063114,0.152099780421731,"m"
4931,-1.5861,18.9322355008464,0.152100030357723,"m"
4932,-1.5861,18.934119779952,0.152100264127827,"m"
4933,-1.5861,18.9360045424106,0.1521004817525,"m"
4934,-1.5861,18.9378897870963,0.152100683256535,"m"
4935,-1.5861,18.9397755128838,0.152100868664724,"m"
4936,-1.5861,18.9416617186472,0.152101038001861,"m"
4937,-1.5861,18.9435484032609,0.152101191292736,"m"
4938,-1.5861,18.9454355655994,0.152101328562145,"m"
4939,-1.5861,18.9473232045369,0.152101449834878,"m"
4940,-1.5861,18.9492113189479,0.152101555135729,"m"
4941,-1.5861,18.9510999077067,0.15210164448949,"m"
4942,-1.5861,18.9529889696876,0.152101717920954,"m"
4943,-1.5861,18.954878503765,0.152101775454913,"m"
4944,-1.5861,18.9567685088133,0.152101817116161,"m"
4945,-1.5861,18.9586589837069,0.15210184292949,"m"
4946,-1.5861,18.9605499273201,0.152101852919693,"m"
4947,-1.5861,18.9624413385272,0.152101847111562,"m"
4948,-1.5861,18.9643332162027,0.152101825529889,"m"
4949,-1.5861,18.9662255592208,0.152101788199468,"m"
4950,-1.5861,18.968118366456,0.152101735145092,"m"
4951,-1.5861,18.9700116367826,0.152101666391552,"m"
4952,-1.5861,18.971905369075,0.152101581963642,"m"
4953,-1.5861,18.9737995622075,0.152101481886154,"m"
4954,-1.5861,18.9756942150545,0.15210136618388,"m"
4955,-1.5861,18.9775893264904,0.152101234881615,"m"
4956,-1.5861,18.9794848953895,0.152101088004149,"m"
4957,-1.5861,18.9813809206261,0.152100925576276,"m"
4958,-1.5861,18.9832774010748,0.152100747622789,"m"
4959,-1.5861,18.9851743356097,0.152100554168479,"m"
4960,-1.5861,18.9870717231053,0.152100345238141,"m"
4961,-1.5861,18.9889695624359,0.152100120856566,"m"
4962,-1.5861,18.9908678524759,0.152099881048547,"m"
4963,-1.5861,18.9927665920997,0.152099625838877,"m"
4964,-1.5861,18.9946657801816,0.152099355252348,"m"
4965,-1.5861,18.9965654155959,0.152099069313753,"m"
4966,-1.5861,18.9984654972171,0.152098768047885,"m"
4967,-1.5861,19.0003660239195,0.152098451479536,"m"
4968,-1.5861,19.0022669945775,0.152098119633499,"m"
4969,-1.5861,19.0041684080653,0.152097772534567,"m"
4970,-1.5861,19.0060702632575,0.152097410207532,"m"
4971,-1.5861,19.0079725590283,0.152097032677187,"m"
4972,-1.5861,19.0098752942521,0.152096639968325,"m"
4973,-1.5861,19.0117784678033,0.152096232105738,"m"
4974,-1.5861,19.0136820785562,0.152095809114219,"m"
4975,-1.5861,19.0155861253852,0.152095371018561,"m"
4976,-1.5861,19.0174906071647,0.152094917843556,"m"
4977,-1.5861,19.019395522769,0.152094449613996,"m"
4978,-1.5861,19.0213008710724,0.152093966354676,"m"
4979,-1.5861,19.0232066509494,0.152093468090386,"m"
4980,-1.5861,19.0251128612743,0.152092954845921,"m"
4981,-1.5861,19.0270195009215,0.152092426646072,"m"
4982,-1.5861,19.0289265687653,0.152091883515632,"m"
4983,-1.5861,19.03083406368,0.152091325479394,"m"
4984,-1.5861,19.0327419845401,0.15209075256215,"m"
4985,-1.5861,19.03465033022,0.152090164788694,"m"
4986,-1.5861,19.0365590995939,0.152089562183817,"m"
4987,-1.5861,19.0384682915362,0.152088944772313,"m"
4988,-1.5861,19.0403779049213,0.152088312578974,"m"
4989,-1.5861,19.0422879386236,0.152087665628593,"m"
4990,-1.5861,19.0441983915174,0.152087003945963,"m"
4991,-1.5861,19.0461092624771,0.152086327555875,"m"
4992,-1.5861,19.0480205503771,0.152085636483123,"m"
4993,-1.5861,19.0499322540916,0.1520849307525,"m"
4994,-1.5861,19.0518443724951,0.152084210388797,"m"
4995,-1.5861,19.0537569044619,0.152083475416808,"m"
4996,-1.5861,19.0556698488664,0.152082725861326,"m"
4997,-1.5861,19.057583204583,0.152081961747143,"m"
4998,-1.5861,19.059496970486,0.152081183099051,"m"
4999,-1.5861,19.0614111454497,0.152080389941844,"m"
5000,-1.5861,19.0633257283486,0.152079582300314,"m"
5001,-1.5861,19.065240718057,0.152078760199253,"m"
5002,-1.5861,19.0671561134492,0.152077923663455,"m"
5003,-1.5861,19.0690719133997,0.152077072717711,"m"
5004,-1.5861,19.0709881167827,0.152076207386815,"m"
5005,-1.5861,19.0729047224727,0.15207532769556,"m"
5006,-1.5861,19.074821729344,0.152074433668737,"m"
5007,-1.5861,19.076739136271,0.15207352533114,"m"
5008,-1.5861,19.078656942128,0.152072602707561,"m"
5009,-1.5861,19.0805751457894,0.152071665822794,"m"
5010,-1.5861,19.0824937461295,0.152070714701629,"m"
5011,-1.5861,19.0844127420228,0.152069749368861,"m"
5012,-1.5861,19.0863321323435,0.152068769849282,"m"
5013,-1.5861,19.0882519159661,0.152067776167684,"m"
5014,-1.5861,19.0901720917648,0.152066768348861,"m"
5015,-1.5861,19.0920926586141,0.152065746417604,"m"
5016,-1.5861,19.0940136153884,0.152064710398706,"m"
5017,-1.5861,19.0959349609619,0.152063660316961,"m"
5018,-1.5861,19.0978566942091,0.152062596197161,"m"
5019,-1.5861,19.0997788140043,0.152061518064098,"m"
5020,-1.5861,19.1017013192219,0.152060425942565,"m"
5021,-1.5861,19.1036242087361,0.152059319857355,"m"
5022,-1.5861,19.1055474814215,0.152058199833261,"m"
5023,-1.5861,19.1074711361524,0.152057065895074,"m"
5024,-1.5861,19.109395171803,0.152055918067588,"m"
5025,-1.5861,19.1113195872478,0.152054756375596,"m"
5026,-1.5861,19.1132443813612,0.15205358084389,"m"
5027,-1.5861,19.1151695530175,0.152052391497262,"m"
5028,-1.5861,19.117095101091,0.152051188360506,"m"
5029,-1.5861,19.1190210244562,0.152049971458413,"m"
5030,-1.5861,19.1209473219873,0.152048740815778,"m"
5031,-1.5861,19.1228739925588,0.152047496457391,"m"
5032,-1.5861,19.124801035045,0.152046238408047,"m"
5033,-1.5861,19.1267284483203,0.152044966692537,"m"
5034,-1.5861,19.128656231259,0.152043681335655,"m"
5035,-1.5861,19.1305843827355,0.152042382362192,"m"
5036,-1.5861,19.1325129016242,0.152041069796942,"m"
5037,-1.5861,19.1344417867994,0.152039743664698,"m"
5038,-1.5861,19.1363710371355,0.152038403990251,"m"
5039,-1.5861,19.1383006515068,0.152037050798395,"m"
5040,-1.5861,19.1402306287877,0.152035684113922,"m"
5041,-1.5861,19.1421609678526,0.152034303961625,"m"
5042,-1.5861,19.1440916675758,0.152032910366296,"m"
5043,-1.5861,19.1460227268317,0.152031503352729,"m"
5044,-1.5861,19.1479541444946,0.152030082945715,"m"
5045,-1.5861,19.149885919439,0.152028649170048,"m"
5046,-1.5861,19.1518180505391,0.15202720205052,"m"
5047,-1.5861,19.1537505366694,0.152025741611924,"m"
5048,-1.5861,19.1556833767041,0.152024267879053,"m"
5049,-1.5861,19.1576165695177,0.152022780876698,"m"
5050,-1.5861,19.1595501139846,0.152021280629654,"m"
5051,-1.5861,19.161484008979,0.152019767162711,"m"
5052,-1.5861,19.1634182533754,0.152018240500664,"m"
5053,-1.5861,19.1653528460481,0.152016700668305,"m"
5054,-1.5861,19.1672877858714,0.152015147690426,"m"
5055,-1.5861,19.1692230717198,0.15201358159182,"m"
5056,-1.5861,19.1711587024675,0.15201200239728,"m"
5057,-1.5861,19.1730946769891,0.152010410131598,"m"
5058,-1.5861,19.1750309941587,0.152008804819567,"m"
5059,-1.5861,19.1769676528508,0.15200718648598,"m"
5060,-1.5861,19.1789046519397,0.152005555155629,"m"
5061,-1.5861,19.1808419902999,0.152003910853307,"m"
5062,-1.5861,19.1827796668056,0.152002253603807,"m"
5063,-1.5861,19.1847176803312,0.152000583431921,"m"
5064,-1.5861,19.1866560297512,0.151998900362442,"m"
5065,-1.5861,19.1885947139397,0.151997204420163,"m"
5066,-1.5861,19.1905337317713,0.151995495629875,"m"
5067,-1.5861,19.1924730821202,0.151993774016373,"m"
5068,-1.5861,19.1944127638609,0.151992039604449,"m"
5069,-1.5861,19.1963527758677,0.151990292418894,"m"
5070,-1.5861,19.1982931170149,0.151988532484503,"m"
5071,-1.5861,19.2002337861769,0.151986759826067,"m"
5072,-1.5861,19.2021747822281,0.151984974468379,"m"
5073,-1.5861,19.2041161040429,0.151983176436233,"m"
5074,-1.5861,19.2060577504956,0.151981365754419,"m"
5075,-1.5861,19.2079997204605,0.151979542447732,"m"
5076,-1.5861,19.209942012812,0.151977706540964,"m"
5077,-1.5861,19.2118846264246,0.151975858058907,"m"
5078,-1.5861,19.2138275601724,0.151973997026354,"m"
5079,-1.5861,19.21577081293,0.151972123468098,"m"
5080,-1.5861,19.2177143835717,0.151970237408932,"m"
5081,-1.5861,19.2196582709718,0.151968338873648,"m"
5082,-1.5861,19.2216024740047,0.151966427887038,"m"
5083,-1.5861,19.2235469915448,0.151964504473896,"m"
5084,-1.5861,19.2254918224663,0.151962568659014,"m"
5085,-1.5861,19.2274369656438,0.151960620467184,"m"
5086,-1.5861,19.2293824199515,0.1519586599232,"m"
5087,-1.5861,19.2313281842638,0.151956687051855,"m"
5088,-1.5861,19.233274257455,0.151954701877939,"m"
5089,-1.5861,19.2352206383996,0.151952704426247,"m"
5090,-1.5861,19.2371673259719,0.151950694721572,"m"
5091,-1.5861,19.2391143190462,0.151948672788704,"m"
5092,-1.5861,19.241061616497,0.151946638652438,"m"
5093,-1.5861,19.2430092171985,0.151944592337566,"m"
5094,-1.5861,19.2449571200252,0.151942533868881,"m"
5095,-1.5861,19.2469053238513,0.151940463271175,"m"
5096,-1.5861,19.2488538275513,0.151938380569241,"m"
5097,-1.5861,19.2508026299996,0.151936285787872,"m"
5098,-1.5861,19.2527517300704,0.151934178951859,"m"
5099,-1.5861,19.2547011266381,0.151932060085997,"m"
5100,-1.5861,19.2566508185772,0.151929929215077,"m"
5101,-1.5861,19.2586008047619,0.151927786363893,"m"
5102,-1.5861,19.2605510840667,0.151925631557236,"m"
5103,-1.5861,19.2625016553659,0.1519234648199,"m"
5104,-1.5861,19.2644525175338,0.151921286176677,"m"
5105,-1.5861,19.2664036694448,0.15191909565236,"m"
5106,-1.5861,19.2683551099733,0.151916893271741,"m"
5107,-1.5861,19.2703068379936,0.151914679059614,"m"
5108,-1.5861,19.2722588523802,0.15191245304077,"m"
5109,-1.5861,19.2742111520073,0.151910215240003,"m"
5110,-1.5861,19.2761637357493,0.151907965682105,"m"
5111,-1.5861,19.2781166024806,0.151905704391869,"m"
5112,-1.5861,19.2800697510756,0.151903431394087,"m"
5113,-1.5861,19.2820231804085,0.151901146713552,"m"
5114,-1.5861,19.2839768893476,0.151898850374819,"m"
5115,-1.5861,19.2859308766159,0.151896542396968,"m"
5116,-1.5861,19.287885140792,0.151894222793603,"m"
5117,-1.5861,19.2898396804479,0.151891891578093,"m"
5118,-1.5861,19.2917944941557,0.151889548763805,"m"
5119,-1.5861,19.2937495804876,0.151887194364106,"m"
5120,-1.5861,19.2957049380156,0.151884828392362,"m"
5121,-1.5861,19.2976605653119,0.151882450861943,"m"
5122,-1.5861,19.2996164609486,0.151880061786214,"m"
5123,-1.5861,19.3015726234977,0.151877661178543,"m"
5124,-1.5861,19.3035290515315,0.151875249052298,"m"
5125,-1.5861,19.3054857436219,0.151872825420846,"m"
5126,-1.5861,19.3074426983412,0.151870390297553,"m"
5127,-1.5861,19.3093999142614,0.151867943695788,"m"
5128,-1.5861,19.3113573899547,0.151865485628918,"m"
5129,-1.5861,19.3133151239931,0.15186301611031,"m"
5130,-1.5861,19.3152731149488,0.15186053515333,"m"
5131,-1.5861,19.3172313613938,0.151858042771348,"m"
5132,-1.5861,19.3191898619003,0.151855538977729,"m"
5133,-1.5861,19.3211486150404,0.151853023785842,"m"
5134,-1.5861,19.3231076193862,0.151850497209053,"m"
5135,-1.5861,19.3250668735098,0.15184795926073,"m"
5136,-1.5861,19.3270263759833,0.15184540995424,"m"
5137,-1.5861,19.3289861253788,0.15184284930295,"m"
5138,-1.5861,19.3309461202685,0.151840277320228,"m"
5139,-1.5861,19.3329063592245,0.151837694019441,"m"
5140,-1.5861,19.3348668408188,0.151835099413956,"m"
5141,-1.5861,19.3368275636235,0.151832493517141,"m"
5142,-1.5861,19.3387885262109,0.151829876342363,"m"
5143,-1.5861,19.3407497271529,0.151827247902989,"m"
5144,-1.5861,19.3427111650218,0.151824608212387,"m"
5145,-1.5861,19.3446728383895,0.151821957283923,"m"
5146,-1.5861,19.3466347458283,0.151819295130966,"m"
5147,-1.5861,19.3485968859102,0.151816621766881,"m"
5148,-1.5861,19.3505592572074,0.151813937205038,"m"
5149,-1.5861,19.3525218582919,0.151811241458803,"m"
5150,-1.5861,19.3544846877358,0.151808534541543,"m"
5151,-1.5861,19.3564477441114,0.151805816466626,"m"
5152,-1.5861,19.3584110259906,0.151803087247418,"m"
5153,-1.5861,19.3603745319456,0.151800346897288,"m"
5154,-1.5861,19.3623382605485,0.151797595429603,"m"
5155,-1.5861,19.3643022103714,0.151794832857729,"m"
5156,-1.5861,19.3662663799865,0.151792059195034,"m"
5157,-1.5861,19.3682307679657,0.151789274454886,"m"
5158,-1.5861,19.3701953728814,0.151786478650652,"m"
5159,-1.5861,19.3721601933054,0.151783671795699,"m"
5160,-1.5861,19.3741252278101,0.151780853903394,"m"
5161,-1.5861,19.3760904749674,0.151778024987105,"m"
5162,-1.5861,19.3780559333495,0.151775185060198,"m"
5163,-1.5861,19.3800216015285,0.151772334136043,"m"
5164,-1.5861,19.3819874780765,0.151769472228004,"m"
5165,-1.5861,19.3839535615656,0.151766599349451,"m"
5166,-1.5861,19.3859198505679,0.151763715513749,"m"
5167,-1.5861,19.3878863436555,0.151760820734268,"m"
5168,-1.5861,19.3898530394007,0.151757915024373,"m"
5169,-1.5861,19.3918199363753,0.151754998397432,"m"
5170,-1.5861,19.3937870331516,0.151752070866812,"m"
5171,-1.5861,19.3957543283018,0.151749132445882,"m"
5172,-1.5861,19.3977218203977,0.151746183148007,"m"
5173,-1.5861,19.3996895080117,0.151743222986556,"m"
5174,-1.5861,19.4016573897158,0.151740251974895,"m"
5175,-1.5861,19.4036254640821,0.151737270126392,"m"
5176,-1.5861,19.4055937296828,0.151734277454414,"m"
5177,-1.5861,19.4075621850898,0.151731273972329,"m"
5178,-1.5861,19.4095308288754,0.151728259693504,"m"
5179,-1.5861,19.4114996596117,0.151725234631306,"m"
5180,-1.5861,19.4134686758707,0.151722198799102,"m"
5181,-1.5861,19.4154378762247,0.15171915221026,"m"
5182,-1.5861,19.4174072592456,0.151716094878147,"m"
5183,-1.5861,19.4193768235055,0.15171302681613,"m"
5184,-1.5861,19.4213465675768,0.151709948037577,"m"
5185,-1.5861,19.4233164900313,0.151706858555856,"m"
5186,-1.5861,19.4252865894412,0.151703758384332,"m"
5187,-1.5861,19.4272568643787,0.151700647536374,"m"
5188,-1.5861,19.4292273134158,0.151697526025348,"m"
5189,-1.5861,19.4311979351247,0.151694393864623,"m"
5190,-1.5861,19.4331687280775,0.151691251067566,"m"
5191,-1.5861,19.4351396908462,0.151688097647543,"m"
5192,-1.5861,19.4371108220031,0.151684933617922,"m"
5193,-1.5861,19.4390821201201,0.151681758992071,"m"
5194,-1.5861,19.4410535837694,0.151678573783356,"m"
5195,-1.5861,19.4430252115232,0.151675378005145,"m"
5196,-1.5861,19.4449970019534,0.151672171670806,"m"
5197,-1.5861,19.4469689536324,0.151668954793705,"m"
5198,-1.5861,19.448941065132,0.15166572738721,"m"
5199,-1.5861,19.4509133350246,0.151662489464688,"m"
5200,-1.5861,19.4528857618821,0.151659241039507,"m"
5201,-1.5861,19.4548583442767,0.151655982125033,"m"
5202,-1.5861,19.4568310807804,0.151652712734635,"m"
5203,-1.5861,19.4588039699655,0.151649432881679,"m"
5204,-1.5861,19.460777010404,0.151646142579533,"m"
5205,-1.5861,19.462750200668,0.151642841841564,"m"
5206,-1.5861,19.4647235393296,0.151639530681139,"m"
5207,-1.5861,19.466697024961,0.151636209111626,"m"
5208,-1.5861,19.4686706561342,0.151632877146391,"m"
5209,-1.5861,19.4706444314214,0.151629534798803,"m"
5210,-1.5861,19.4726183493946,0.151626182082229,"m"
5211,-1.5861,19.4745924086261,0.151622819010035,"m"
5212,-1.5861,19.4765666076878,0.15161944559559,"m"
5213,-1.5861,19.4785409451519,0.15161606185226,"m"
5214,-1.5861,19.4805154195906,0.151612667793412,"m"
5215,-1.5861,19.4824900295758,0.151609263432415,"m"
5216,-1.5861,19.4844647736798,0.151605848782635,"m"
5217,-1.5861,19.4864396504747,0.15160242385744,"m"
5218,-1.5861,19.4884146585325,0.151598988670197,"m"
5219,-1.5861,19.4903897964253,0.151595543234273,"m"
5220,-1.5861,19.4923650627253,0.151592087563035,"m"
5221,-1.5861,19.4943404560047,0.151588621669852,"m"
5222,-1.5861,19.4963159748354,0.151585145568089,"m"
5223,-1.5861,19.4982916177896,0.151581659271115,"m"
5224,-1.5861,19.5002673834394,0.151578162792297,"m"
5225,-1.5861,19.5022432703569,0.151574656145002,"m"
5226,-1.5861,19.5042192771143,0.151571139342597,"m"
5227,-1.5861,19.5061954022836,0.15156761239845,"m"
5228,-1.5861,19.508171644437,0.151564075325928,"m"
5229,-1.5861,19.5101480021466,0.151560528138399,"m"
5230,-1.5861,19.5121244739844,0.151556970849229,"m"
5231,-1.5861,19.5141010585226,0.151553403471786,"m"
5232,-1.5861,19.5160777543333,0.151549826019437,"m"
5233,-1.5861,19.5180545599886,0.151546238505549,"m"
5234,-1.5861,19.5200314740606,0.151542640943491,"m"
5235,-1.5861,19.5220084951214,0.151539033346628,"m"
5236,-1.5861,19.5239856217432,0.151535415728329,"m"
5237,-1.5861,19.525962852498,0.151531788101961,"m"
5238,-1.5861,19.527940185958,0.151528150480891,"m"
5239,-1.5861,19.5299176206952,0.151524502878486,"m"
5240,-1.5861,19.5318951552818,0.151520845308113,"m"
5241,-1.5861,19.53387278829,0.151517177783141,"m"
5242,-1.5861,19.5358505182917,0.151513500316936,"m"
5243,-1.5861,19.5378283438591,0.151509812922865,"m"
5244,-1.5861,19.5398062635643,0.151506115614296,"m"
5245,-1.5861,19.5417842759794,0.151502408404597,"m"
5246,-1.5861,19.5437623796766,0.151498691307134,"m"
5247,-1.5861,19.545740573228,0.151494964335274,"m"
5248,-1.5861,19.5477188552056,0.151491227502386,"m"
5249,-1.5861,19.5496972241815,0.151487480821836,"m"
5250,-1.5861,19.551675678728,0.151483724306992,"m"
5251,-1.5861,19.553654217417,0.151479957971221,"m"
5252,-1.5861,19.5556328388207,0.15147618182789,"m"
5253,-1.5861,19.5576115415112,0.151472395890366,"m"
5254,-1.5861,19.5595903240607,0.151468600172018,"m"
5255,-1.5861,19.5615691850412,0.151464794686211,"m"
5256,-1.5861,19.5635481230248,0.151460979446314,"m"
5257,-1.5861,19.5655271365837,0.151457154465694,"m"
5258,-1.5861,19.5675062242899,0.151453319757718,"m"
5259,-1.5861,19.5694853847156,0.151449475335754,"m"
5260,-1.5861,19.5714646164328,0.151445621213168,"m"
5261,-1.5861,19.5734439180138,0.151441757403328,"m"
5262,-1.5861,19.5754232880306,0.151437883919601,"m"
5263,-1.5861,19.5774027250552,0.151434000775356,"m"
5264,-1.5861,19.5793822276599,0.151430107983958,"m"
5265,-1.5861,19.5813617944168,0.151426205558775,"m"
5266,-1.5861,19.5833414238978,0.151422293513174,"m"
5267,-1.5861,19.5853211146752,0.151418371860524,"m"
5268,-1.5861,19.5873008653211,0.151414440614191,"m"
5269,-1.5861,19.5892806744076,0.151410499787542,"m"
5270,-1.5861,19.5912605405067,0.151406549393945,"m"
5271,-1.5861,19.5932404621906,0.151402589446767,"m"
5272,-1.5861,19.5952204380314,0.151398619959375,"m"
5273,-1.5861,19.5972004666013,0.151394640945137,"m"
5274,-1.5861,19.5991805464722,0.15139065241742,"m"
5275,-1.5861,19.6011606762164,0.151386654389591,"m"
5276,-1.5861,19.6031408544059,0.151382646875017,"m"
5277,-1.5861,19.6051210796129,0.151378629887067,"m"
5278,-1.5861,19.6071013504094,0.151374603439106,"m"
5279,-1.5861,19.6090816653676,0.151370567544504,"m"
5280,-1.5861,19.6110620230596,0.151366522216625,"m"
5281,-1.5861,19.6130424220575,0.151362467468839,"m"
5282,-1.5861,19.6150228609334,0.151358403314513,"m"
5283,-1.5861,19.6170033382594,0.151354329767013,"m"
5284,-1.5861,19.6189838526076,0.151350246839707,"m"
5285,-1.5861,19.6209644025502,0.151346154545962,"m"
5286,-1.5861,19.6229449866592,0.151342052899146,"m"
5287,-1.5861,19.6249256035067,0.151337941912626,"m"
5288,-1.5861,19.626906251665,0.151333821599769,"m"
5289,-1.5861,19.628886929706,0.151329691973942,"m"
5290,-1.5861,19.6308676362018,0.151325553048514,"m"
5291,-1.5861,19.6328483697247,0.15132140483685,"m"
5292,-1.5861,19.6348291288467,0.151317247352319,"m"
5293,-1.5861,19.6368099121399,0.151313080608287,"m"
5294,-1.5861,19.6387907181764,0.151308904618123,"m"
5295,-1.5861,19.6407715455283,0.151304719395193,"m"
5296,-1.5861,19.6427523927678,0.151300524952864,"m"
5297,-1.5861,19.6447332586199,0.151296321305273,"m"
5298,-1.5861,19.6467141427025,0.151292108471038,"m"
5299,-1.5861,19.6486950449569,0.151287886470405,"m"
5300,-1.5861,19.6506759653247,0.151283655323618,"m"
5301,-1.5861,19.6526569037476,0.151279415050925,"m"
5302,-1.5861,19.6546378601672,0.15127516567257,"m"
5303,-1.5861,19.6566188345252,0.151270907208799,"m"
5304,-1.5861,19.6585998267632,0.151266639679859,"m"
5305,-1.5861,19.6605808368229,0.151262363105996,"m"
5306,-1.5861,19.662561864646,0.151258077507455,"m"
5307,-1.5861,19.664542910174,0.151253782904482,"m"
5308,-1.5861,19.6665239733487,0.151249479317323,"m"
5309,-1.5861,19.6685050541116,0.151245166766225,"m"
5310,-1.5861,19.6704861524045,0.151240845271432,"m"
5311,-1.5861,19.672467268169,0.151236514853192,"m"
5312,-1.5861,19.6744484013468,0.151232175531749,"m"
5313,-1.5861,19.6764295518794,0.15122782732735,"m"
5314,-1.5861,19.6784107197087,0.151223470260241,"m"
5315,-1.5861,19.6803919047761,0.151219104350668,"m"
5316,-1.5861,19.6823731070234,0.151214729618876,"m"
5317,-1.5861,19.6843543263921,0.151210346085111,"m"
5318,-1.5861,19.6863355628241,0.15120595376962,"m"
5319,-1.5861,19.6883168162609,0.151201552692648,"m"
5320,-1.5861,19.6902980866441,0.151197142874442,"m"
5321,-1.5861,19.6922793739155,0.151192724335246,"m"
5322,-1.5861,19.6942606780167,0.151188297095308,"m"
5323,-1.5861,19.6962419988892,0.151183861174872,"m"
5324,-1.5861,19.6982233364749,0.151179416594186,"m"
5325,-1.5861,19.7002046907153,0.151174963373494,"m"
5326,-1.5861,19.7021860615521,0.151170501533043,"m"
5327,-1.5861,19.7041674489269,0.151166031093079,"m"
5328,-1.5861,19.7061488527814,0.151161552073847,"m"
5329,-1.5861,19.7081302730573,0.151157064495594,"m"
5330,-1.5861,19.7101117096961,0.151152568378565,"m"
5331,-1.5861,19.7120931626396,0.151148063743006,"m"
5332,-1.5861,19.7140746318294,0.151143550609164,"m"
5333,-1.5861,19.7160561172072,0.151139028997284,"m"
5334,-1.5861,19.7180376187145,0.151134498927611,"m"
5335,-1.5861,19.7200191362931,0.151129960420393,"m"
5336,-1.5861,19.7220006698847,0.151125413495875,"m"
5337,-1.5861,19.7239822194308,0.151120858174303,"m"
5338,-1.5861,19.7259637848731,0.151116294475922,"m"
5339,-1.5861,19.7279453661533,0.151111722420979,"m"
5340,-1.5861,19.729926963213,0.15110714202972,"m"
5341,-1.5861,19.7319085759939,0.15110255332239,"m"
5342,-1.5861,19.7338902044376,0.151097956319235,"m"
5343,-1.5861,19.7358718484858,0.151093351040502,"m"
5344,-1.5861,19.7378535080801,0.151088737506436,"m"
5345,-1.5861,19.7398351831622,0.151084115737284,"m"
5346,-1.5861,19.7418168736737,0.15107948575329,"m"
5347,-1.5861,19.7437985795564,0.151074847574701,"m"
5348,-1.5861,19.7457803007517,0.151070201221764,"m"
5349,-1.5861,19.7477620372015,0.151065546714723,"m"
5350,-1.5861,19.7497437888473,0.151060884073825,"m"
5351,-1.5861,19.7517255556308,0.151056213319315,"m"
5352,-1.5861,19.7537073374937,0.151051534471441,"m"
5353,-1.5861,19.7556891343776,0.151046847550446,"m"
5354,-1.5861,19.7576709462241,0.151042152576579,"m"
5355,-1.5861,19.759652772975,0.151037449570083,"m"
5356,-1.5861,19.7616346145718,0.151032738551206,"m"
5357,-1.5861,19.7636164709562,0.151028019540193,"m"
5358,-1.5861,19.7655983420699,0.15102329255729,"m"
5359,-1.5861,19.7675802278545,0.151018557622743,"m"
5360,-1.5861,19.7695621282517,0.151013814756798,"m"
5361,-1.5861,19.7715440432031,0.151009063979701,"m"
5362,-1.5861,19.7735259726504,0.151004305311698,"m"
5363,-1.5861,19.7755079165352,0.150999538773034,"m"
5364,-1.5861,19.7774898747992,0.150994764383957,"m"
5365,-1.5861,19.779471847384,0.15098998216471,"m"
5366,-1.5861,19.7814538342313,0.150985192135541,"m"
5367,-1.5861,19.7834358352828,0.150980394316696,"m"
5368,-1.5861,19.7854178504801,0.150975588728419,"m"
5369,-1.5861,19.7873998797648,0.150970775390958,"m"
5370,-1.5861,19.7893819230786,0.150965954324558,"m"
5371,-1.5861,19.7913639803631,0.150961125549466,"m"
5372,-1.5861,19.7933460515601,0.150956289085926,"m"
5373,-1.5861,19.7953281366111,0.150951444954185,"m"
5374,-1.5861,19.7973102354578,0.150946593174488,"m"
5375,-1.5861,19.7992923480419,0.150941733767083,"m"
5376,-1.5861,19.801274474305,0.150936866752214,"m"
5377,-1.5861,19.8032566141888,0.150931992150128,"m"
5378,-1.5861,19.8052387676348,0.15092710998107,"m"
5379,-1.5861,19.8072209345849,0.150922220265287,"m"
5380,-1.5861,19.8092031149806,0.150917323023023,"m"
5381,-1.5861,19.8111853087635,0.150912418274527,"m"
5382,-1.5861,19.8131675158754,0.150907506040042,"m"
5383,-1.5861,19.8151497362579,0.150902586339815,"m"
5384,-1.5861,19.8171319698526,0.150897659194092,"m"
5385,-1.5861,19.8191142166012,0.15089272462312,"m"
5386,-1.5861,19.8210964764453,0.150887782647143,"m"
5387,-1.5861,19.8230787493266,0.150882833286407,"m"
5388,-1.5861,19.8250610351868,0.15087787656116,"m"
5389,-1.5861,19.8270433339674,0.150872912491646,"m"
5390,-1.5861,19.8290256456102,0.150867941098111,"m"
5391,-1.5861,19.8310079700568,0.150862962400802,"m"
5392,-1.5861,19.8329903072489,0.150857976419965,"m"
5393,-1.5861,19.8349726571281,0.150852983175844,"m"
5394,-1.5861,19.836955019636,0.150847982688687,"m"
5395,-1.5861,19.8389373947144,0.150842974978739,"m"
5396,-1.5861,19.8409197823048,0.150837960066245,"m"
5397,-1.5861,19.8429021823489,0.150832937971453,"m"
5398,-1.5861,19.8448845947884,0.150827908714608,"m"
5399,-1.5861,19.8468670195649,0.150822872315955,"m"
5400,-1.5861,19.8488494566201,0.150817828795741,"m"
5401,-1.5861,19.8508319058956,0.150812778174211,"m"
5402,-1.5861,19.8528143673331,0.150807720471612,"m"
5403,-1.5861,19.8547968408743,0.15080265570819,"m"
5404,-1.5861,19.8567793264607,0.15079758390419,"m"
5405,-1.5861,19.858761824034,0.150792505079858,"m"
5406,-1.5861,19.860744333536,0.15078741925544,"m"
5407,-1.5861,19.8627268549082,0.150782326451183,"m"
5408,-1.5861,19.8647093880923,0.150777226687331,"m"
5409,-1.5861,19.8666919330299,0.150772119984131,"m"
5410,-1.5861,19.8686744896627,0.15076700636183,"m"
5411,-1.5861,19.8706570579324,0.150761885840672,"m"
5412,-1.5861,19.8726396377806,0.150756758440903,"m"
5413,-1.5861,19.874622229149,0.150751624182771,"m"
5414,-1.5861,19.8766048319791,0.150746483086519,"m"
5415,-1.5861,19.8785874462127,0.150741335172396,"m"
5416,-1.5861,19.8805700717915,0.150736180460645,"m"
5417,-1.5861,19.882552708657,0.150731018971514,"m"
5418,-1.5861,19.8845353567509,0.150725850725249,"m"
5419,-1.5861,19.8865180160149,0.150720675742094,"m"
5420,-1.5861,19.8885006863907,0.150715494042296,"m"
5421,-1.5861,19.8904833678198,0.150710305646101,"m"
5422,-1.5861,19.8924660602439,0.150705110573756,"m"
5423,-1.5861,19.8944487636047,0.150699908845505,"m"
5424,-1.5861,19.8964314778439,0.150694700481594,"m"
5425,-1.5861,19.898414202903,0.15068948550227,"m"
5426,-1.5861,19.9003969387238,0.150684263927779,"m"
5427,-1.5861,19.9023796852479,0.150679035778367,"m"
5428,-1.5861,19.9043624424169,0.150673801074278,"m"
5429,-1.5861,19.9063452101726,0.15066855983576,"m"
5430,-1.5861,19.9083279884564,0.150663312083059,"m"
5431,-1.5861,19.9103107772102,0.150658057836419,"m"
5432,-1.5861,19.9122935763756,0.150652797116087,"m"
5433,-1.5861,19.9142763858941,0.15064752994231,"m"
5434,-1.5861,19.9162592057075,0.150642256335332,"m"
5435,-1.5861,19.9182420357575,0.1506369763154,"m"
5436,-1.5861,19.9202248759855,0.15063168990276,"m"
5437,-1.5861,19.9222077263335,0.150626397117658,"m"
5438,-1.5861,19.9241905867428,0.150621097980339,"m"
5439,-1.5861,19.9261734571553,0.150615792511049,"m"
5440,-1.5861,19.9281563375126,0.150610480730035,"m"
5441,-1.5861,19.9301392277563,0.150605162657543,"m"
5442,-1.5861,19.9321221278281,0.150599838313817,"m"
5443,-1.5861,19.9341050376697,0.150594507719105,"m"
5444,-1.5861,19.9360879572226,0.150589170893652,"m"
5445,-1.5861,19.9380708864285,0.150583827857703,"m"
5446,-1.5861,19.9400538252292,0.150578478631506,"m"
5447,-1.5861,19.9420367735662,0.150573123235306,"m"
5448,-1.5861,19.9440197313812,0.150567761689348,"m"
5449,-1.5861,19.9460026986158,0.150562394013879,"m"
5450,-1.5861,19.9479856752118,0.150557020229144,"m"
5451,-1.5861,19.9499686611107,0.15055164035539,"m"
5452,-1.5861,19.9519516562542,0.150546254412863,"m"
5453,-1.5861,19.9539346605839,0.150540862421808,"m"
5454,-1.5861,19.9559176740416,0.150535464402471,"m"
5455,-1.5861,19.9579006965689,0.150530060375098,"m"
5456,-1.5861,19.9598837281073,0.150524650359935,"m"
5457,-1.5861,19.9618667685987,0.150519234377229,"m"
5458,-1.5861,19.9638498179845,0.150513812447224,"m"
5459,-1.5861,19.9658328762065,0.150508384590167,"m"
5460,-1.5861,19.9678159432064,0.150502950826304,"m"
5461,-1.5861,19.9697990189257,0.150497511175881,"m"
5462,-1.5861,19.9717821033062,0.150492065659143,"m"
5463,-1.5861,19.9737651962895,0.150486614296337,"m"
5464,-1.5861,19.9757482978172,0.150481157107708,"m"
5465,-1.5861,19.977731407831,0.150475694113502,"m"
5466,-1.5861,19.9797145262725,0.150470225333966,"m"
5467,-1.5861,19.9816976530834,0.150464750789345,"m"
5468,-1.5861,19.9836807882054,0.150459270499885,"m"
5469,-1.5861,19.9856639315801,0.150453784485832,"m"
5470,-1.5861,19.9876470831491,0.150448292767432,"m"
5471,-1.5861,19.9896302428541,0.150442795364931,"m"
5472,-1.5861,19.9916134106368,0.150437292298575,"m"
5473,-1.5861,19.9935965864388,0.15043178358861,"m"
5474,-1.5861,19.9955797702018,0.150426269255281,"m"
5475,-1.5861,19.9975629618674,0.150420749318835,"m"
5476,-1.5861,19.9995461613772,0.150415223799517,"m"
5477,-1.5861,20.001529368673,0.150409692717573,"m"
5478,-1.5861,20.0035125836964,0.15040415609325,"m"
5479,-1.5861,20.0054958063857,0.150398613946751,"m"
5480,-1.5861,20.0074790362902,0.150393066293211,"m"
5481,-1.5861,20.0094622722027,0.150387513137917,"m"
5482,-1.5861,20.0114455128292,0.150381954485027,"m"
5483,-1.5861,20.0134287568759,0.150376390338697,"m"
5484,-1.5861,20.0154120030487,0.150370820703084,"m"
5485,-1.5861,20.0173952500537,0.150365245582345,"m"
5486,-1.5861,20.019378496597,0.150359664980637,"m"
5487,-1.5861,20.0213617413846,0.150354078902117,"m"
5488,-1.5861,20.0233449831225,0.150348487350941,"m"
5489,-1.5861,20.0253282205169,0.150342890331265,"m"
5490,-1.5861,20.0273114522736,0.150337287847248,"m"
5491,-1.5861,20.0292946770989,0.150331679903046,"m"
5492,-1.5861,20.0312778936986,0.150326066502815,"m"
5493,-1.5861,20.033261100779,0.150320447650713,"m"
5494,-1.5861,20.035244297046,0.150314823350896,"m"
5495,-1.5861,20.0372274812056,0.150309193607521,"m"
5496,-1.5861,20.039210651964,0.150303558424744,"m"
5497,-1.5861,20.0411938080271,0.150297917806724,"m"
5498,-1.5861,20.043176948101,0.150292271757616,"m"
5499,-1.5861,20.0451600708918,0.150286620281577,"m"
5500,-1.5861,20.0471431751054,0.150280963382764,"m"
5501,-1.5861,20.049126259448,0.150275301065334,"m"
5502,-1.5861,20.0511093226256,0.150269633333444,"m"
5503,-1.5861,20.0530923633443,0.15026396019125,"m"
5504,-1.5861,20.05507538031,0.15025828164291,"m"
5505,-1.5861,20.0570583722288,0.150252597692579,"m"
5506,-1.5861,20.0590413378069,0.150246908344416,"m"
5507,-1.5861,20.0610242757501,0.150241213602576,"m"
5508,-1.5861,20.0630071847646,0.150235513471217,"m"
5509,-1.5861,20.0649900635564,0.150229807954496,"m"
5510,-1.5861,20.0669729108316,0.150224097056568,"m"
5511,-1.5861,20.0689557252962,0.150218380781592,"m"
5512,-1.5861,20.0709385056562,0.150212659133723,"m"
5513,-1.5861,20.0729212506178,0.150206932117119,"m"
5514,-1.5861,20.0749039588868,0.150201199735937,"m"
5515,-1.5861,20.0768866291695,0.150195461994332,"m"
5516,-1.5861,20.0788692601718,0.150189718896463,"m"
5517,-1.5861,20.0808518505997,0.150183970446486,"m"
5518,-1.5861,20.0828343991594,0.150178216648557,"m"
5519,-1.5861,20.0848169045569,0.150172457506834,"m"
5520,-1.5861,20.0867993654982,0.150166693025473,"m"
5521,-1.5861,20.0887817806894,0.150160923208631,"m"
5522,-1.5861,20.0907641488364,0.150155148060465,"m"
5523,-1.5861,20.0927464686455,0.150149367585132,"m"
5524,-1.5861,20.0947287388225,0.150143581786788,"m"
5525,-1.5861,20.0967109580736,0.150137790669591,"m"
5526,-1.5861,20.0986931251047,0.150131994237696,"m"
5527,-1.5861,20.100675238622,0.150126192495262,"m"
5528,-1.5861,20.1026572973315,0.150120385446445,"m"
5529,-1.5861,20.1046392999393,0.150114573095401,"m"
5530,-1.5861,20.1066212451513,0.150108755446288,"m"
5531,-1.5861,20.1086031316736,0.150102932503262,"m"
5532,-1.5861,20.1105849582123,0.150097104270479,"m"
5533,-1.5861,20.1125667234734,0.150091270752098,"m"
5534,-1.5861,20.114548426163,0.150085431952274,"m"
5535,-1.5861,20.1165300649871,0.150079587875165,"m"
5536,-1.5861,20.1185116386517,0.150073738524927,"m"
5537,-1.5861,20.120493145863,0.150067883905718,"m"
5538,-1.5861,20.1224745853269,0.150062024021693,"m"
5539,-1.5861,20.1244559557494,0.150056158877009,"m"
5540,-1.5861,20.1264372558368,0.150050288475825,"m"
5541,-1.5861,20.1284184842949,0.150044412822295,"m"
5542,-1.5861,20.1303996398298,0.150038531920578,"m"
5543,-1.5861,20.1323807211476,0.15003264577483,"m"
5544,-1.5861,20.1343617269544,0.150026754389207,"m"
5545,-1.5861,20.1363426559561,0.150020857767867,"m"
5546,-1.5861,20.1383235068588,0.150014955914967,"m"
5547,-1.5861,20.1403042783686,0.150009048834662,"m"
5548,-1.5861,20.1422849691915,0.150003136531111,"m"
5549,-1.5861,20.1442655780335,0.149997219008469,"m"
5550,-1.5861,20.1462461036008,0.149991296270895,"m"
5551,-1.5861,20.1482265445993,0.149985368322543,"m"
5552,-1.5861,20.150206899735,0.149979435167572,"m"
5553,-1.5861,20.1521871677142,0.149973496810138,"m"
5554,-1.5861,20.1541673472427,0.149967553254397,"m"
5555,-1.5861,20.1561474370266,0.149961604504508,"m"
5556,-1.5861,20.158127435772,0.149955650564626,"m"
5557,-1.5861,20.1601073421849,0.149949691438908,"m"
5558,-1.5861,20.1620871549714,0.149943727131511,"m"
5559,-1.5861,20.1640668728375,0.149937757646592,"m"
5560,-1.5861,20.1660464944893,0.149931782988308,"m"
5561,-1.5861,20.1680260186328,0.149925803160816,"m"
5562,-1.5861,20.170005443974,0.149919818168272,"m"
5563,-1.5861,20.171984769219,0.149913828014833,"m"
5564,-1.5861,20.1739639930739,0.149907832704656,"m"
5565,-1.5861,20.1759431142446,0.149901832241898,"m"
5566,-1.5861,20.1779221314373,0.149895826630715,"m"
5567,-1.5861,20.179901043358,0.149889815875265,"m"
5568,-1.5861,20.1818798487127,0.149883799979704,"m"
5569,-1.5861,20.1838585462075,0.149877778948189,"m"
5570,-1.5861,20.1858371345484,0.149871752784877,"m"
5571,-1.5861,20.1878156124414,0.149865721493925,"m"
5572,-1.5861,20.1897939785927,0.149859685079489,"m"
5573,-1.5861,20.1917722317082,0.149853643545726,"m"
5574,-1.5861,20.193750370494,0.149847596896793,"m"
5575,-1.5861,20.1957283936562,0.149841545136848,"m"
5576,-1.5861,20.1977062999008,0.149835488270046,"m"
5577,-1.5861,20.1996840879338,0.149829426300544,"m"
5578,-1.5861,20.2016617564613,0.1498233592325,"m"
5579,-1.5861,20.2036393041894,0.14981728707007,"m"
5580,-1.5861,20.205616729824,0.149811209817411,"m"
5581,-1.5861,20.2075940320712,0.14980512747868,"m"
5582,-1.5861,20.2095712096372,0.149799040058034,"m"
5583,-1.5861,20.2115482612278,0.149792947559628,"m"
5584,-1.5861,20.2135251855492,0.149786849987621,"m"
5585,-1.5861,20.2155019813074,0.149780747346169,"m"
5586,-1.5861,20.2174786472085,0.149774639639429,"m"
5587,-1.5861,20.2194551819584,0.149768526871558,"m"
5588,-1.5861,20.2214315842634,0.149762409046711,"m"
5589,-1.5861,20.2234078528293,0.149756286169048,"m"
5590,-1.5861,20.2253839863622,0.149750158242723,"m"
5591,-1.5861,20.2273599835683,0.149744025271894,"m"
5592,-1.5861,20.2293358431534,0.149737887260718,"m"
5593,-1.5861,20.2313115638238,0.149731744213351,"m"
5594,-1.5861,20.2332871442854,0.149725596133951,"m"
5595,-1.5861,20.2352625832442,0.149719443026673,"m"
5596,-1.5861,20.2372378794064,0.149713284895676,"m"
5597,-1.5861,20.2392130314779,0.149707121745115,"m"
5598,-1.5861,20.2411880381648,0.149700953579148,"m"
5599,-1.5861,20.2431628981732,0.149694780401931,"m"
5600,-1.5861,20.2451376102091,0.149688602217622,"m"
5601,-1.5861,20.2471121729785,0.149682419030376,"m"
5602,-1.5861,20.2490865851875,0.149676230844352,"m"
5603,-1.5861,20.2510608455422,0.149670037663705,"m"
5604,-1.5861,20.2530349527486,0.149663839492592,"m"
5605,-1.5861,20.2550089055126,0.14965763633517,"m"
5606,-1.5861,20.2569827025405,0.149651428195597,"m"
5607,-1.5861,20.2589563425382,0.149645215078028,"m"
5608,-1.5861,20.2609298242117,0.149638996986622,"m"
5609,-1.5861,20.2629031462672,0.149632773925533,"m"
5610,-1.5861,20.2648763074106,0.14962654589892,"m"
5611,-1.5861,20.266849306348,0.149620312910939,"m"
5612,-1.5861,20.2688221417855,0.149614074965747,"m"
5613,-1.5861,20.2707948124291,0.149607832067501,"m"
5614,-1.5861,20.2727673169848,0.149601584220357,"m"
5615,-1.5861,20.2747396541587,0.149595331428472,"m"
5616,-1.5861,20.2767118226569,0.149589073696004,"m"
5617,-1.5861,20.2786838211853,0.149582811027108,"m"
5618,-1.5861,20.2806556484501,0.149576543425943,"m"
5619,-1.5861,20.2826273031572,0.149570270896664,"m"
5620,-1.5861,20.2845987840128,0.149563993443428,"m"
5621,-1.5861,20.2865700897228,0.149557711070393,"m"
5622,-1.5861,20.2885412189934,0.149551423781714,"m"
5623,-1.5861,20.2905121705305,0.14954513158155,"m"
5624,-1.5861,20.2924829430402,0.149538834474056,"m"
5625,-1.5861,20.2944535352285,0.149532532463389,"m"
5626,-1.5861,20.2964239458016,0.149526225553707,"m"
5627,-1.5861,20.2983941734654,0.149519913749166,"m"
5628,-1.5861,20.300364216926,0.149513597053922,"m"
5629,-1.5861,20.3023340748894,0.149507275472134,"m"
5630,-1.5861,20.3043037460617,0.149500949007957,"m"
5631,-1.5861,20.3062732291489,0.149494617665548,"m"
5632,-1.5861,20.3082425228571,0.149488281449064,"m"
5633,-1.5861,20.3102116258923,0.149481940362663,"m"
5634,-1.5861,20.3121805369606,0.1494755944105,"m"
5635,-1.5861,20.314149254768,0.149469243596732,"m"
5636,-1.5861,20.3161177780206,0.149462887925517,"m"
5637,-1.5861,20.3180861054243,0.149456527401012,"m"
5638,-1.5861,20.3200542356853,0.149450162027372,"m"
5639,-1.5861,20.3220221675097,0.149443791808755,"m"
5640,-1.5861,20.3239898996033,0.149437416749317,"m"
5641,-1.5861,20.3259574306723,0.149431036853216,"m"
5642,-1.5861,20.3279247594228,0.149424652124609,"m"
5643,-1.5861,20.3298918845607,0.149418262567651,"m"
5644,-1.5861,20.3318588047922,0.1494118681865,"m"
5645,-1.5861,20.3338255188233,0.149405468985313,"m"
5646,-1.5861,20.3357920253599,0.149399064968246,"m"
5647,-1.5861,20.3377583231083,0.149392656139457,"m"
5648,-1.5861,20.3397244107743,0.149386242503102,"m"
5649,-1.5861,20.3416902870641,0.149379824063337,"m"
5650,-1.5861,20.3436559506837,0.149373400824321,"m"
5651,-1.5861,20.3456214003391,0.149366972790209,"m"
5652,-1.5861,20.3475866347365,0.149360539965158,"m"
5653,-1.5861,20.3495516525817,0.149354102353326,"m"
5654,-1.5861,20.351516452581,0.149347659958868,"m"
5655,-1.5861,20.3534810334403,0.149341212785942,"m"
5656,-1.5861,20.3554453938657,0.149334760838705,"m"
5657,-1.5861,20.3574095325631,0.149328304121313,"m"
5658,-1.5861,20.3593734482388,0.149321842637924,"m"
5659,-1.5861,20.3613371395987,0.149315376392693,"m"
5660,-1.5861,20.3633006053488,0.149308905389778,"m"
5661,-1.5861,20.3652638441953,0.149302429633336,"m"
5662,-1.5861,20.3672268548692,0.149295949129862,"m"
5663,-1.5861,20.369189636443,0.149289463917604,"m"
5664,-1.5861,20.3711521882349,0.149282974057689,"m"
5665,-1.5861,20.3731145095687,0.149276479611754,"m"
5666,-1.5861,20.375076599768,0.149269980641433,"m"
5667,-1.5861,20.3770384581564,0.14926347720836,"m"
5668,-1.5861,20.3790000840578,0.14925696937417,"m"
5669,-1.5861,20.3809614767958,0.149250457200498,"m"
5670,-1.5861,20.3829226356942,0.149243940748978,"m"
5671,-1.5861,20.3848835600765,0.149237420081245,"m"
5672,-1.5861,20.3868442492665,0.149230895258933,"m"
5673,-1.5861,20.3888047025879,0.149224366343678,"m"
5674,-1.5861,20.3907649193644,0.149217833397114,"m"
5675,-1.5861,20.3927248989196,0.149211296480874,"m"
5676,-1.5861,20.3946846405774,0.149204755656595,"m"
5677,-1.5861,20.3966441436613,0.149198210985911,"m"
5678,-1.5861,20.3986034074951,0.149191662530456,"m"
5679,-1.5861,20.4005624314025,0.149185110351864,"m"
5680,-1.5861,20.4025212147071,0.149178554511772,"m"
5681,-1.5861,20.4044797567327,0.149171995071812,"m"
5682,-1.5861,20.406438056803,0.14916543209362,"m"
5683,-1.5861,20.4083961142416,0.149158865638831,"m"
5684,-1.5861,20.4103539283722,0.149152295769078,"m"
5685,-1.5861,20.4123114985187,0.149145722545997,"m"
5686,-1.5861,20.4142688240045,0.149139146031223,"m"
5687,-1.5861,20.4162259041535,0.149132566286389,"m"
5688,-1.5861,20.4181827382893,0.149125983373131,"m"
5689,-1.5861,20.4201393257357,0.149119397353084,"m"
5690,-1.5861,20.4220956658162,0.14911280828788,"m"
5691,-1.5861,20.4240517578547,0.149106216239157,"m"
5692,-1.5861,20.4260076011748,0.149099621268547,"m"
5693,-1.5861,20.4279631951003,0.149093023437686,"m"
5694,-1.5861,20.4299185389547,0.149086422808208,"m"
5695,-1.5861,20.4318736320619,0.149079819441748,"m"
5696,-1.5861,20.4338284737454,0.149073213399941,"m"
5697,-1.5861,20.4357830633291,0.149066604744421,"m"
5698,-1.5861,20.4377374001365,0.149059993536823,"m"
5699,-1.5861,20.4396914834915,0.149053379838781,"m"
5700,-1.5861,20.4416453127176,0.14904676371193,"m"
5701,-1.5861,20.4435988871386,0.149040145217904,"m"
5702,-1.5861,20.4455522060782,0.149033524418339,"m"
5703,-1.5861,20.4475052688601,0.149026901374869,"m"
5704,-1.5861,20.4494580748079,0.149020276149129,"m"
5705,-1.5861,20.4514106232454,0.149013648802752,"m"
5706,-1.5861,20.4533629134963,0.149007019397375,"m"
5707,-1.5861,20.4553149448842,0.14900038799463,"m"
5708,-1.5861,20.4572667167329,0.148993754656154,"m"
5709,-1.5861,20.4592182283661,0.148987119443581,"m"
5710,-1.5861,20.4611694791073,0.148980482418544,"m"
5711,-1.5861,20.4631204682805,0.14897384364268,"m"
5712,-1.5861,20.4650711952092,0.148967203177622,"m"
5713,-1.5861,20.4670216592171,0.148960561085005,"m"
5714,-1.5861,20.4689718596279,0.148953917426465,"m"
5715,-1.5861,20.4709217957654,0.148947272263634,"m"
5716,-1.5861,20.4728714669532,0.148940625658149,"m"
5717,-1.5861,20.474820872515,0.148933977671643,"m"
5718,-1.5861,20.4767700117746,0.148927328365751,"m"
5719,-1.5861,20.4787188840555,0.148920677802109,"m"
5720,-1.5861,20.4806674886816,0.148914026042349,"m"
5721,-1.5861,20.4826158249765,0.148907373148108,"m"
5722,-1.5861,20.4845638922638,0.14890071918102,"m"
5723,-1.5861,20.4865116898674,0.14889406420272,"m"
5724,-1.5861,20.4884592171109,0.148887408274841,"m"
5725,-1.5861,20.4904064733179,0.148880751459019,"m"
5726,-1.5861,20.4923534578123,0.148874093816888,"m"
5727,-1.5861,20.4943001699176,0.148867435410083,"m"
5728,-1.5861,20.4962466089576,0.148860776300239,"m"
5729,-1.5861,20.498192774256,0.148854116548989,"m"
5730,-1.5861,20.5001386651364,0.14884745621797,"m"
5731,-1.5861,20.5020842809226,0.148840795368815,"m"
5732,-1.5861,20.5040296209383,0.148834134063159,"m"
5733,-1.5861,20.5059746845071,0.148827472362636,"m"
5734,-1.5861,20.5079194709528,0.148820810328882,"m"
5735,-1.5861,20.5098639795991,0.148814148023531,"m"
5736,-1.5861,20.5118082097696,0.148807485508217,"m"
5737,-1.5861,20.513752160788,0.148800822844576,"m"
5738,-1.5861,20.5156958319781,0.148794160094241,"m"
5739,-1.5861,20.5176392226635,0.148787497318848,"m"
5740,-1.5861,20.519582332168,0.148780834580031,"m"
5741,-1.5861,20.5215251598151,0.148774171939424,"m"
5742,-1.5861,20.5234677049287,0.148767509458663,"m"
5743,-1.5861,20.5254099668325,0.148760847199381,"m"
5744,-1.5861,20.52735194485,0.148754185223214,"m"
5745,-1.5861,20.529293638305,0.148747523591796,"m"
5746,-1.5861,20.5312350465213,0.148740862366762,"m"
5747,-1.5861,20.5331761688225,0.148734201609747,"m"
5748,-1.5861,20.5351170045322,0.148727541382384,"m"
5749,-1.5861,20.5370575529743,0.148720881746309,"m"
5750,-1.5861,20.5389978134723,0.148714222763157,"m"
5751,-1.5861,20.5409377853501,0.148707564494561,"m"
5752,-1.5861,20.5428774679312,0.148700907002157,"m"
5753,-1.5861,20.5448168605394,0.148694250347579,"m"
5754,-1.5861,20.5467559624984,0.148687594592461,"m"
5755,-1.5861,20.5486947731319,0.14868093979844,"m"
5756,-1.5861,20.5506332917635,0.148674286027148,"m"
5757,-1.5861,20.552571517717,0.148667633340221,"m"
5758,-1.5861,20.5545094503161,0.148660981799293,"m"
5759,-1.5861,20.5564470888844,0.148654331465999,"m"
5760,-1.5861,20.5583844327456,0.148647682401973,"m"
5761,-1.5861,20.5603214812236,0.148641034668851,"m"
5762,-1.5861,20.5622582336418,0.148634388328266,"m"
5763,-1.5861,20.5641946893241,0.148627743441854,"m"
5764,-1.5861,20.5661308475942,0.148621100071249,"m"
5765,-1.5861,20.5680667077757,0.148614458278086,"m"
5766,-1.5861,20.5700022691923,0.148607818123998,"m"
5767,-1.5861,20.5719375311677,0.148601179670622,"m"
5768,-1.5861,20.5738724930257,0.148594542979591,"m"
5769,-1.5861,20.5758071540899,0.148587908112541,"m"
5770,-1.5861,20.577741513684,0.148581275131105,"m"
5771,-1.5861,20.5796755711317,0.148574644096919,"m"
5772,-1.5861,20.5816093257567,0.148568015071616,"m"
5773,-1.5861,20.5835427768828,0.148561388116832,"m"
5774,-1.5861,20.5854759238335,0.148554763294202,"m"
5775,-1.5861,20.5874087659326,0.148548140665359,"m"
5776,-1.5861,20.5893413025038,0.148541520291939,"m"
5777,-1.5861,20.5912735328708,0.148534902235576,"m"
5778,-1.5861,20.5932054563573,0.148528286557905,"m"
5779,-1.5861,20.595137072287,0.148521673320561,"m"
5780,-1.5861,20.5970683799835,0.148515062585177,"m"
5781,-1.5861,20.5989993787707,0.148508454413389,"m"
5782,-1.5861,20.600930067972,0.148501848866831,"m"
5783,-1.5861,20.6028604469114,0.148495246007138,"m"
5784,-1.5861,20.6047905149124,0.148488645895945,"m"
5785,-1.5861,20.6067202712988,0.148482048594886,"m"
5786,-1.5861,20.6086497153942,0.148475454165596,"m"
5787,-1.5861,20.6105788465224,0.148468862669709,"m"
5788,-1.5861,20.612507664007,0.14846227416886,"m"
5789,-1.5861,20.6144361671717,0.148455688724683,"m"
5790,-1.5861,20.6163643553403,0.148449106398814,"m"
5791,-1.5861,20.6182922278365,0.148442527252887,"m"
5792,-1.5861,20.6202197839838,0.148435951348537,"m"
5793,-1.5861,20.6221470231061,0.148429378747397,"m"
5794,-1.5861,20.624073944527,0.148422809511104,"m"
5795,-1.5861,20.6260005475703,0.14841624370129,"m"
5796,-1.5861,20.6279268315595,0.148409681379592,"m"
5797,-1.5861,20.6298527958185,0.148403122607644,"m"
5798,-1.5861,20.6317784396708,0.148396567447079,"m"
5799,-1.5861,20.6337037624403,0.148390015959534,"m"
5800,-1.5861,20.6356287634505,0.148383468206642,"m"
5801,-1.5861,20.6375534420253,0.148376924250038,"m"
5802,-1.5861,20.6394777974882,0.148370384151357,"m"
5803,-1.5861,20.6414018291631,0.148363847972234,"m"
5804,-1.5861,20.6433255363735,0.148357315774302,"m"
5805,-1.5861,20.6452489184432,0.148350787619197,"m"
5806,-1.5861,20.6471719746959,0.148344263568554,"m"
5807,-1.5861,20.6490947044552,0.148337743684006,"m"
5808,-1.5861,20.6510171070449,0.148331228027189,"m"
5809,-1.5861,20.6529391817887,0.148324716659737,"m"
5810,-1.5861,20.6548609280102,0.148318209643285,"m"
5811,-1.5861,20.6567823450332,0.148311707039467,"m"
5812,-1.5861,20.6587034321814,0.148305208909918,"m"
5813,-1.5861,20.6606241887784,0.148298715316273,"m"
5814,-1.5861,20.6625446141479,0.148292226320166,"m"
5815,-1.5861,20.6644647076137,0.148285741983232,"m"
5816,-1.5861,20.6663844684994,0.148279262367106,"m"
5817,-1.5861,20.6683038961288,0.148272787533422,"m"
5818,-1.5861,20.6702229898254,0.148266317543814,"m"
5819,-1.5861,20.6721417489131,0.148259852459918,"m"
5820,-1.5861,20.6740601727156,0.148253392343368,"m"
5821,-1.5861,20.6759782605564,0.148246937255799,"m"
5822,-1.5861,20.6778960117594,0.148240487258845,"m"
5823,-1.5861,20.6798134256481,0.14823404241414,"m"
5824,-1.5861,20.6817305015464,0.148227602783321,"m"
5825,-1.5861,20.6836472387779,0.14822116842802,"m"
5826,-1.5861,20.6855636366662,0.148214739409873,"m"
5827,-1.5861,20.6874796945352,0.148208315790515,"m"
5828,-1.5861,20.6893954117085,0.14820189763158,"m"
5829,-1.5861,20.6913107875097,0.148195484994702,"m"
5830,-1.5861,20.6932258212626,0.148189077941517,"m"
5831,-1.5861,20.6951405122909,0.148182676533658,"m"
5832,-1.5861,20.6970548599183,0.148176280832761,"m"
5833,-1.5861,20.6989688634684,0.14816989090046,"m"
5834,-1.5861,20.7008825222651,0.14816350679839,"m"
5835,-1.5861,20.7027958356318,0.148157128588186,"m"
5836,-1.5861,20.7047088028925,0.148150756331481,"m"
5837,-1.5861,20.7066214233707,0.148144390089911,"m"
5838,-1.5861,20.7085336963901,0.14813802992511,"m"
5839,-1.5861,20.7104456212745,0.148131675898714,"m"
5840,-1.5861,20.7123571973475,0.148125328072355,"m"
5841,-1.5861,20.7142684239329,0.14811898650767,"m"
5842,-1.5861,20.7161793003543,0.148112651266293,"m"
5843,-1.5861,20.7180898259354,0.148106322409858,"m"
5844,-1.5861,20.72,0.1481,"m"
5845,-1.5861,20.72190982183,0.148093684079135,"m"
5846,-1.5861,20.723819290541,0.148087374612801,"m"
5847,-1.5861,20.7257284052066,0.14808107154732,"m"
5848,-1.5861,20.7276371649007,0.148074774829011,"m"
5849,-1.5861,20.729545568697,0.148068484404195,"m"
5850,-1.5861,20.7314536156694,0.148062200219192,"m"
5851,-1.5861,20.7333613048916,0.148055922220322,"m"
5852,-1.5861,20.7352686354373,0.148049650353906,"m"
5853,-1.5861,20.7371756063804,0.148043384566263,"m"
5854,-1.5861,20.7390822167947,0.148037124803715,"m"
5855,-1.5861,20.7409884657539,0.14803087101258,"m"
5856,-1.5861,20.7428943523318,0.148024623139181,"m"
5857,-1.5861,20.7447998756021,0.148018381129836,"m"
5858,-1.5861,20.7467050346388,0.148012144930866,"m"
5859,-1.5861,20.7486098285155,0.148005914488591,"m"
5860,-1.5861,20.750514256306,0.147999689749333,"m"
5861,-1.5861,20.7524183170841,0.14799347065941,"m"
5862,-1.5861,20.7543220099236,0.147987257165143,"m"
5863,-1.5861,20.7562253338983,0.147981049212852,"m"
5864,-1.5861,20.7581282880819,0.147974846748858,"m"
5865,-1.5861,20.7600308715483,0.147968649719481,"m"
5866,-1.5861,20.7619330833712,0.147962458071042,"m"
5867,-1.5861,20.7638349226243,0.147956271749859,"m"
5868,-1.5861,20.7657363883815,0.147950090702255,"m"
5869,-1.5861,20.7676374797166,0.147943914874548,"m"
5870,-1.5861,20.7695381957033,0.14793774421306,"m"
5871,-1.5861,20.7714385354154,0.14793157866411,"m"
5872,-1.5861,20.7733384979267,0.147925418174019,"m"
5873,-1.5861,20.7752380823109,0.147919262689107,"m"
5874,-1.5861,20.7771372876419,0.147913112155694,"m"
5875,-1.5861,20.7790361129934,0.147906966520101,"m"
5876,-1.5861,20.7809345574393,0.147900825728647,"m"
5877,-1.5861,20.7828326200532,0.147894689727654,"m"
5878,-1.5861,20.784730299909,0.147888558463441,"m"
5879,-1.5861,20.7866275960805,0.147882431882328,"m"
5880,-1.5861,20.7885245076414,0.147876309930637,"m"
5881,-1.5861,20.7904210336654,0.147870192554687,"m"
5882,-1.5861,20.7923171732265,0.147864079700798,"m"
5883,-1.5861,20.7942129253984,0.14785797131529,"m"
5884,-1.5861,20.7961082892548,0.147851867344485,"m"
5885,-1.5861,20.7980032638695,0.147845767734702,"m"
5886,-1.5861,20.7998978483164,0.147839672432261,"m"
5887,-1.5861,20.8017920416691,0.147833581383483,"m"
5888,-1.5861,20.8036858430015,0.147827494534688,"m"
5889,-1.5861,20.8055792513873,0.147821411832196,"m"
5890,-1.5861,20.8074722659004,0.147815333222328,"m"
5891,-1.5861,20.8093648856145,0.147809258651403,"m"
5892,-1.5861,20.8112571096034,0.147803188065743,"m"
5893,-1.5861,20.8131489369409,0.147797121411667,"m"
5894,-1.5861,20.8150403667007,0.147791058635495,"m"
5895,-1.5861,20.8169313979566,0.147784999683548,"m"
5896,-1.5861,20.8188220297825,0.147778944502147,"m"
5897,-1.5861,20.820712261252,0.14777289303761,"m"
5898,-1.5861,20.8226020914391,0.14776684523626,"m"
5899,-1.5861,20.8244915194173,0.147760801044415,"m"
5900,-1.5861,20.8263805442606,0.147754760408396,"m"
5901,-1.5861,20.8282691650428,0.147748723274524,"m"
5902,-1.5861,20.8301573808375,0.147742689589118,"m"
5903,-1.5861,20.8320451907186,0.147736659298499,"m"
5904,-1.5861,20.8339325937598,0.147730632348988,"m"
5905,-1.5861,20.835819589035,0.147724608686904,"m"
5906,-1.5861,20.8377061756179,0.147718588258568,"m"
5907,-1.5861,20.8395923525822,0.147712571010299,"m"
5908,-1.5861,20.8414781190019,0.147706556888419,"m"
5909,-1.5861,20.8433634739506,0.147700545839248,"m"
5910,-1.5861,20.8452484165022,0.147694537809105,"m"
5911,-1.5861,20.8471329457303,0.147688532744311,"m"
5912,-1.5861,20.8490170607089,0.147682530591187,"m"
5913,-1.5861,20.8509007605116,0.147676531296052,"m"
5914,-1.5861,20.8527840442123,0.147670534805227,"m"
5915,-1.5861,20.8546669108847,0.147664541065032,"m"
5916,-1.5861,20.8565493596026,0.147658550021787,"m"
5917,-1.5861,20.8584313894399,0.147652561621813,"m"
5918,-1.5861,20.8603129994702,0.14764657581143,"m"
5919,-1.5861,20.8621941887673,0.147640592536958,"m"
5920,-1.5861,20.8640749564051,0.147634611744717,"m"
5921,-1.5861,20.8659553014574,0.147628633381029,"m"
5922,-1.5861,20.8678352229978,0.147622657392212,"m"
5923,-1.5861,20.8697147201002,0.147616683724587,"m"
5924,-1.5861,20.8715937918383,0.147610712324475,"m"
5925,-1.5861,20.873472437286,0.147604743138195,"m"
5926,-1.5861,20.875350655517,0.147598776112069,"m"
5927,-1.5861,20.8772284456051,0.147592811192415,"m"
5928,-1.5861,20.8791058066241,0.147586848325556,"m"
5929,-1.5861,20.8809827376477,0.14758088745781,"m"
5930,-1.5861,20.8828592377498,0.147574928535498,"m"
5931,-1.5861,20.884735306004,0.14756897150494,"m"
5932,-1.5861,20.8866109414843,0.147563016312457,"m"
5933,-1.5861,20.8884861432644,0.147557062904369,"m"
5934,-1.5861,20.890360910418,0.147551111226996,"m"
5935,-1.5861,20.892235242019,0.147545161226658,"m"
5936,-1.5861,20.8941091371411,0.147539212849676,"m"
5937,-1.5861,20.895982594858,0.147533266042369,"m"
5938,-1.5861,20.8978556142437,0.147527320751059,"m"
5939,-1.5861,20.8997281943718,0.147521376922066,"m"
5940,-1.5861,20.9016003343162,0.147515434501709,"m"
5941,-1.5861,20.9034720331505,0.147509493436309,"m"
5942,-1.5861,20.9053432899487,0.147503553672186,"m"
5943,-1.5861,20.9072141037845,0.14749761515566,"m"
5944,-1.5861,20.9090844737316,0.147491677833053,"m"
5945,-1.5861,20.9109543988638,0.147485741650683,"m"
5946,-1.5861,20.912823878255,0.147479806554872,"m"
5947,-1.5861,20.9146929109789,0.147473872491939,"m"
5948,-1.5861,20.9165614961092,0.147467939408205,"m"
5949,-1.5861,20.9184296327198,0.14746200724999,"m"
5950,-1.5861,20.9202973198845,0.147456075963614,"m"
5951,-1.5861,20.922164556677,0.147450145495398,"m"
5952,-1.5861,20.9240313421711,0.147444215791662,"m"
5953,-1.5861,20.9258976754405,0.147438286798726,"m"
5954,-1.5861,20.9277635555591,0.14743235846291,"m"
5955,-1.5861,20.9296289816007,0.147426430730535,"m"
5956,-1.5861,20.931493952639,0.14742050354792,"m"
5957,-1.5861,20.9333584677478,0.147414576861387,"m"
5958,-1.5861,20.9352225260009,0.147408650617256,"m"
5959,-1.5861,20.937086126472,0.147402724761846,"m"
5960,-1.5861,20.938949268235,0.147396799241477,"m"
5961,-1.5861,20.9408119503636,0.147390874002472,"m"
5962,-1.5861,20.9426741719316,0.147384948991148,"m"
5963,-1.5861,20.9445359320128,0.147379024153828,"m"
5964,-1.5861,20.9463972296809,0.14737309943683,"m"
5965,-1.5861,20.9482580640098,0.147367174786476,"m"
5966,-1.5861,20.9501184340732,0.147361250149085,"m"
5967,-1.5861,20.9519783389449,0.147355325470978,"m"
5968,-1.5861,20.9538377776987,0.147349400698475,"m"
5969,-1.5861,20.9556967494084,0.147343475777896,"m"
5970,-1.5861,20.9575552531477,0.147337550655562,"m"
5971,-1.5861,20.9594132879904,0.147331625277793,"m"
5972,-1.5861,20.9612708530104,0.147325699590909,"m"
5973,-1.5861,20.9631279472813,0.14731977354123,"m"
5974,-1.5861,20.964984569877,0.147313847075077,"m"
5975,-1.5861,20.9668407198712,0.14730792013877,"m"
5976,-1.5861,20.9686963963378,0.147301992678629,"m"
5977,-1.5861,20.9705515983504,0.147296064640974,"m"
5978,-1.5861,20.972406324983,0.147290135972126,"m"
5979,-1.5861,20.9742605753092,0.147284206618405,"m"
5980,-1.5861,20.9761143484029,0.147278276526131,"m"
5981,-1.5861,20.9779676433377,0.147272345641625,"m"
5982,-1.5861,20.9798204591876,0.147266413911207,"m"
5983,-1.5861,20.9816727950263,0.147260481281196,"m"
5984,-1.5861,20.9835246499276,0.147254547697914,"m"
5985,-1.5861,20.9853760229652,0.14724861310768,"m"
5986,-1.5861,20.9872269132129,0.147242677456815,"m"
5987,-1.5861,20.9890773197445,0.147236740691639,"m"
5988,-1.5861,20.9909272416338,0.147230802758473,"m"
5989,-1.5861,20.9927766779546,0.147224863603636,"m"
5990,-1.5861,20.9946256277806,0.147218923173449,"m"
5991,-1.5861,20.9964740901857,0.147212981414232,"m"
5992,-1.5861,20.9983220642435,0.147207038272305,"m"
5993,-1.5861,21.000169549028,0.147201093693989,"m"
5994,-1.5861,21.0020165436128,0.147195147625604,"m"
5995,-1.5861,21.0038630470718,0.147189200013471,"m"
5996,-1.5861,21.0057090584787,0.147183250803908,"m"
5997,-1.5861,21.0075545769073,0.147177299943237,"m"
5998,-1.5861,21.0093996014314,0.147171347377779,"m"
5999,-1.5861,21.0112441311247,0.147165393053852,"m"
6000,-1.5861,21.0130881650611,0.147159436917778,"m"
6001,-1.5861,21.0149317023144,0.147153478915877,"m"
6002,-1.5861,21.0167747419582,0.147147518994468,"m"
6003,-1.5861,21.0186172830665,0.147141557099873,"m"
6004,-1.5861,21.0204593247129,0.147135593178412,"m"
6005,-1.5861,21.0223008659712,0.147129627176404,"m"
6006,-1.5861,21.0241419059153,0.147123659040171,"m"
6007,-1.5861,21.0259824436189,0.147117688716031,"m"
6008,-1.5861,21.0278224781558,0.147111716150307,"m"
6009,-1.5861,21.0296620085998,0.147105741289317,"m"
6010,-1.5861,21.0315010340246,0.147099764079382,"m"
6011,-1.5861,21.033339553504,0.147093784466823,"m"
6012,-1.5861,21.0351775661119,0.147087802397959,"m"
6013,-1.5861,21.0370150709219,0.147081817819112,"m"
6014,-1.5861,21.0388520670079,0.1470758306766,"m"
6015,-1.5861,21.0406885534437,0.147069840916745,"m"
6016,-1.5861,21.042524529303,0.147063848485866,"m"
6017,-1.5861,21.0443599936596,0.147057853330285,"m"
6018,-1.5861,21.0461949455873,0.147051855396321,"m"
6019,-1.5861,21.0480293841599,0.147045854630294,"m"
6020,-1.5861,21.0498633084511,0.147039850978525,"m"
6021,-1.5861,21.0516967175347,0.147033844387334,"m"
6022,-1.5861,21.0535296104846,0.147027834803041,"m"
6023,-1.5861,21.0553619863745,0.147021822171967,"m"
6024,-1.5861,21.0571938442781,0.147015806440432,"m"
6025,-1.5861,21.0590251832693,0.147009787554756,"m"
6026,-1.5861,21.0608560024218,0.147003765461259,"m"
6027,-1.5861,21.0626863008128,0.146997740107213,"m"
6028,-1.5861,21.0645160776715,0.146991711482988,"m"
6029,-1.5861,21.0663453324381,0.146985679638756,"m"
6030,-1.5861,21.0681740645685,0.146979644629092,"m"
6031,-1.5861,21.0700022735184,0.146973606508574,"m"
6032,-1.5861,21.0718299587436,0.146967565331779,"m"
6033,-1.5861,21.0736571196999,0.146961521153282,"m"
6034,-1.5861,21.0754837558432,0.14695547402766,"m"
6035,-1.5861,21.0773098666291,0.14694942400949,"m"
6036,-1.5861,21.0791354515136,0.146943371153348,"m"
6037,-1.5861,21.0809605099523,0.14693731551381,"m"
6038,-1.5861,21.0827850414012,0.146931257145455,"m"
6039,-1.5861,21.0846090453159,0.146925196102857,"m"
6040,-1.5861,21.0864325211523,0.146919132440593,"m"
6041,-1.5861,21.0882554683661,0.14691306621324,"m"
6042,-1.5861,21.0900778864132,0.146906997475375,"m"
6043,-1.5861,21.0918997747494,0.146900926281573,"m"
6044,-1.5861,21.0937211328305,0.146894852686413,"m"
6045,-1.5861,21.0955419601121,0.146888776744469,"m"
6046,-1.5861,21.0973622560502,0.146882698510319,"m"
6047,-1.5861,21.0991820201006,0.146876618038538,"m"
6048,-1.5861,21.101001251719,0.146870535383705,"m"
6049,-1.5861,21.1028199503612,0.146864450600395,"m"
6050,-1.5861,21.104638115483,0.146858363743184,"m"
6051,-1.5861,21.1064557465402,0.14685227486665,"m"
6052,-1.5861,21.1082728429886,0.146846184025368,"m"
6053,-1.5861,21.110089404284,0.146840091273916,"m"
6054,-1.5861,21.1119054298822,0.14683399666687,"m"
6055,-1.5861,21.113720919239,0.146827900258806,"m"
6056,-1.5861,21.1155358718102,0.146821802104301,"m"
6057,-1.5861,21.1173502870515,0.146815702257931,"m"
6058,-1.5861,21.1191641644188,0.146809600774273,"m"
6059,-1.5861,21.1209775033678,0.146803497707904,"m"
6060,-1.5861,21.1227903033545,0.1467973931134,"m"
6061,-1.5861,21.1246025638344,0.146791287045338,"m"
6062,-1.5861,21.1264142842635,0.146785179558293,"m"
6063,-1.5861,21.1282254640976,0.146779070706844,"m"
6064,-1.5861,21.1300361027923,0.146772960545565,"m"
6065,-1.5861,21.1318461998036,0.146766849129034,"m"
6066,-1.5861,21.1336557545872,0.146760736511828,"m"
6067,-1.5861,21.1354647665989,0.146754622748522,"m"
6068,-1.5861,21.1372732352945,0.146748507893694,"m"
6069,-1.5861,21.1390811601298,0.146742392001919,"m"
6070,-1.5861,21.1408885405606,0.146736275127775,"m"
6071,-1.5861,21.1426953760427,0.146730157325838,"m"
6072,-1.5861,21.1445016660319,0.146724038650684,"m"
6073,-1.5861,21.1463074099839,0.14671791915689,"m"
6074,-1.5861,21.1481126073546,0.146711798899033,"m"
6075,-1.5861,21.1499172575998,0.146705677931689,"m"
6076,-1.5861,21.1517213601752,0.146699556309434,"m"
6077,-1.5861,21.1535249145367,0.146693434086846,"m"
6078,-1.5861,21.15532792014,0.1466873113185,"m"
6079,-1.5861,21.157130376441,0.146681188058973,"m"
6080,-1.5861,21.1589322828954,0.146675064362843,"m"
6081,-1.5861,21.160733638959,0.146668940284684,"m"
6082,-1.5861,21.1625344440876,0.146662815879074,"m"
6083,-1.5861,21.164334697737,0.14665669120059,"m"
6084,-1.5861,21.1661343993631,0.146650566303807,"m"
6085,-1.5861,21.1679335484215,0.146644441243303,"m"
6086,-1.5861,21.1697321443682,0.146638316073654,"m"
6087,-1.5861,21.1715301866588,0.146632190849436,"m"
6088,-1.5861,21.1733276747492,0.146626065625226,"m"
6089,-1.5861,21.1751246080952,0.146619940455601,"m"
6090,-1.5861,21.1769209861525,0.146613815395137,"m"
6091,-1.5861,21.1787168083771,0.14660769049841,"m"
6092,-1.5861,21.1805120742245,0.146601565819998,"m"
6093,-1.5861,21.1823067831508,0.146595441414476,"m"
6094,-1.5861,21.1841009346115,0.146589317336422,"m"
6095,-1.5861,21.1858945280626,0.146583193640411,"m"
6096,-1.5861,21.1876875629599,0.14657707038102,"m"
6097,-1.5861,21.189480038759,0.146570947612827,"m"
6098,-1.5861,21.1912719549159,0.146564825390406,"m"
6099,-1.5861,21.1930633108863,0.146558703768336,"m"
6100,-1.5861,21.194854106126,0.146552582801192,"m"
6101,-1.5861,21.1966443400908,0.146546462543551,"m"
6102,-1.5861,21.1984340122366,0.146540343049989,"m"
6103,-1.5861,21.200223122019,0.146534224375084,"m"
6104,-1.5861,21.2020116688938,0.146528106573411,"m"
6105,-1.5861,21.203799652317,0.146521989699547,"m"
6106,-1.5861,21.2055870717442,0.146515873808068,"m"
6107,-1.5861,21.2073739266313,0.146509758953552,"m"
6108,-1.5861,21.2091602164341,0.146503645190574,"m"
6109,-1.5861,21.2109459406083,0.146497532573712,"m"
6110,-1.5861,21.2127310986097,0.146491421157542,"m"
6111,-1.5861,21.2145156898942,0.146485310996639,"m"
6112,-1.5861,21.2162997139176,0.146479202145582,"m"
6113,-1.5861,21.2180831701355,0.146473094658946,"m"
6114,-1.5861,21.2198660580039,0.146466988591308,"m"
6115,-1.5861,21.2216483769785,0.146460883997244,"m"
6116,-1.5861,21.2234301265151,0.146454780931331,"m"
6117,-1.5861,21.2252113060695,0.146448679448146,"m"
6118,-1.5861,21.2269919150975,0.146442579602264,"m"
6119,-1.5861,21.2287719530549,0.146436481448264,"m"
6120,-1.5861,21.2305514193975,0.14643038504072,"m"
6121,-1.5861,21.2323303135811,0.14642429043421,"m"
6122,-1.5861,21.2341086350614,0.14641819768331,"m"
6123,-1.5861,21.2358863832943,0.146412106842597,"m"
6124,-1.5861,21.2376635577356,0.146406017966647,"m"
6125,-1.5861,21.239440157841,0.146399931110037,"m"
6126,-1.5861,21.2412161830664,0.146393846327343,"m"
6127,-1.5861,21.2429916328675,0.146387763673142,"m"
6128,-1.5861,21.2447665067002,0.14638168320201,"m"
6129,-1.5861,21.2465408040202,0.146375604968525,"m"
6130,-1.5861,21.2483145242833,0.146369529027261,"m"
6131,-1.5861,21.2500876669453,0.146363455432797,"m"
6132,-1.5861,21.2518602314621,0.146357384239708,"m"
6133,-1.5861,21.2536322172893,0.146351315502571,"m"
6134,-1.5861,21.2554036238828,0.146345249275963,"m"
6135,-1.5861,21.2571744506985,0.14633918561446,"m"
6136,-1.5861,21.258944697192,0.146333124572638,"m"
6137,-1.5861,21.2607143628192,0.146327066205075,"m"
6138,-1.5861,21.2624834470359,0.146321010566346,"m"
6139,-1.5861,21.2642519492979,0.146314957711029,"m"
6140,-1.5861,21.2660198690609,0.146308907693699,"m"
6141,-1.5861,21.2677872057808,0.146302860568934,"m"
6142,-1.5861,21.2695539589133,0.146296816391309,"m"
6143,-1.5861,21.2713201279143,0.146290775215402,"m"
6144,-1.5861,21.2730857122395,0.146284737095789,"m"
6145,-1.5861,21.2748507113447,0.146278702087046,"m"
6146,-1.5861,21.2766151246858,0.14627267024375,"m"
6147,-1.5861,21.2783789517185,0.146266641620478,"m"
6148,-1.5861,21.2801421918986,0.146260616271806,"m"
6149,-1.5861,21.2819048446819,0.14625459425231,"m"
6150,-1.5861,21.2836669095242,0.146248575616568,"m"
6151,-1.5861,21.2854283858813,0.146242560419155,"m"
6152,-1.5861,21.2871892732091,0.146236548714648,"m"
6153,-1.5861,21.2889495709631,0.146230540557624,"m"
6154,-1.5861,21.2907092785994,0.146224536002659,"m"
6155,-1.5861,21.2924683955736,0.14621853510433,"m"
6156,-1.5861,21.2942269213416,0.146212537917214,"m"
6157,-1.5861,21.2959848553592,0.146206544495886,"m"
6158,-1.5861,21.2977421970821,0.146200554894924,"m"
6159,-1.5861,21.2994989459662,0.146194569168903,"m"
6160,-1.5861,21.3012551014672,0.146188587372401,"m"
6161,-1.5861,21.3030106630409,0.146182609559994,"m"
6162,-1.5861,21.3047656301432,0.146176635786258,"m"
6163,-1.5861,21.3065200022298,0.146170666105771,"m"
6164,-1.5861,21.3082737787565,0.146164700573108,"m"
6165,-1.5861,21.3100269591791,0.146158739242846,"m"
6166,-1.5861,21.3117795429534,0.146152782169562,"m"
6167,-1.5861,21.3135315295353,0.146146829407832,"m"
6168,-1.5861,21.3152829183804,0.146140881012233,"m"
6169,-1.5861,21.3170337089446,0.146134937037341,"m"
6170,-1.5861,21.3187839006836,0.146128997537733,"m"
6171,-1.5861,21.3205334930534,0.146123062567985,"m"
6172,-1.5861,21.3222824855096,0.146117132182674,"m"
6173,-1.5861,21.3240308775081,0.146111206436377,"m"
6174,-1.5861,21.3257786685046,0.146105285383669,"m"
6175,-1.5861,21.327525857955,0.146099369079128,"m"
6176,-1.5861,21.329272445315,0.14609345757733,"m"
6177,-1.5861,21.3310184300405,0.146087550932851,"m"
6178,-1.5861,21.3327638115872,0.146081649200269,"m"
6179,-1.5861,21.3345085894109,0.146075752434159,"m"
6180,-1.5861,21.3362527629675,0.146069860689098,"m"
6181,-1.5861,21.3379963317126,0.146063974019663,"m"
6182,-1.5861,21.3397392951022,0.14605809248043,"m"
6183,-1.5861,21.3414816525919,0.146052216125975,"m"
6184,-1.5861,21.3432234036377,0.146046345010876,"m"
6185,-1.5861,21.3449645476952,0.146040479189709,"m"
6186,-1.5861,21.3467050842204,0.14603461871705,"m"
6187,-1.5861,21.3484450126689,0.146028763647476,"m"
6188,-1.5861,21.3501843324965,0.146022914035564,"m"
6189,-1.5861,21.3519230431592,0.146017069935889,"m"
6190,-1.5861,21.3536611441126,0.146011231403029,"m"
6191,-1.5861,21.3553986348125,0.14600539849156,"m"
6192,-1.5861,21.3571355147148,0.145999571256058,"m"
6193,-1.5861,21.3588717832752,0.145993749751101,"m"
6194,-1.5861,21.3606074399496,0.145987934031264,"m"
6195,-1.5861,21.3623424841937,0.145982124151124,"m"
6196,-1.5861,21.3640769154633,0.145976320165258,"m"
6197,-1.5861,21.3658107332142,0.145970522128242,"m"
6198,-1.5861,21.3675439369022,0.145964730094653,"m"
6199,-1.5861,21.3692765259832,0.145958944119067,"m"
6200,-1.5861,21.3710084999128,0.145953164256061,"m"
6201,-1.5861,21.3727398581469,0.145947390560211,"m"
6202,-1.5861,21.3744706001413,0.145941623086095,"m"
6203,-1.5861,21.3762007253518,0.145935861888287,"m"
6204,-1.5861,21.3779302332342,0.145930107021366,"m"
6205,-1.5861,21.3796591232442,0.145924358539907,"m"
6206,-1.5861,21.3813873948377,0.145918616498487,"m"
6207,-1.5861,21.3831150474704,0.145912880951682,"m"
6208,-1.5861,21.3848420805982,0.14590715195407,"m"
6209,-1.5861,21.3865684936768,0.145901429560226,"m"
6210,-1.5861,21.3882942861415,0.145895713823168,"m"
6211,-1.5861,21.390019457248,0.145890004782333,"m"
6212,-1.5861,21.3917440061599,0.145884302470168,"m"
6213,-1.5861,21.3934679320398,0.145878606919062,"m"
6214,-1.5861,21.3951912340507,0.145872918161406,"m"
6215,-1.5861,21.396913911355,0.145867236229587,"m"
6216,-1.5861,21.3986359631157,0.145861561155995,"m"
6217,-1.5861,21.4003573884954,0.14585589297302,"m"
6218,-1.5861,21.4020781866569,0.14585023171305,"m"
6219,-1.5861,21.4037983567629,0.145844577408474,"m"
6220,-1.5861,21.4055178979761,0.145838930091682,"m"
6221,-1.5861,21.4072368094592,0.145833289795063,"m"
6222,-1.5861,21.4089550903751,0.145827656551006,"m"
6223,-1.5861,21.4106727398864,0.145822030391901,"m"
6224,-1.5861,21.4123897571558,0.145816411350136,"m"
6225,-1.5861,21.4141061413462,0.1458107994581,"m"
6226,-1.5861,21.4158218916201,0.145805194748184,"m"
6227,-1.5861,21.4175370071404,0.145799597252775,"m"
6228,-1.5861,21.4192514870698,0.145794007004263,"m"
6229,-1.5861,21.4209653305711,0.145788424035038,"m"
6230,-1.5861,21.4226785368069,0.145782848377488,"m"
6231,-1.5861,21.4243911049399,0.145777280064003,"m"
6232,-1.5861,21.426103034133,0.145771719126972,"m"
6233,-1.5861,21.4278143235489,0.145766165598783,"m"
6234,-1.5861,21.4295249723503,0.145760619511827,"m"
6235,-1.5861,21.4312349796998,0.145755080898493,"m"
6236,-1.5861,21.4329443447603,0.145749549791169,"m"
6237,-1.5861,21.4346530666946,0.145744026222244,"m"
6238,-1.5861,21.4363611446652,0.145738510224109,"m"
6239,-1.5861,21.438068577835,0.145733001829151,"m"
6240,-1.5861,21.4397753653666,0.145727501069761,"m"
6241,-1.5861,21.4414815064229,0.145722007978327,"m"
6242,-1.5861,21.4431870001665,0.145716522587239,"m"
6243,-1.5861,21.4448918457603,0.145711044928885,"m"
6244,-1.5861,21.4465960423668,0.145705575035656,"m"
6245,-1.5861,21.4482995891489,0.145700112939939,"m"
6246,-1.5861,21.4500024852692,0.145694658674125,"m"
6247,-1.5861,21.4517047298906,0.145689212270603,"m"
6248,-1.5861,21.4534063221757,0.145683773761761,"m"
6249,-1.5861,21.4551072612874,0.145678343179988,"m"
6250,-1.5861,21.4568075463882,0.145672920557675,"m"
6251,-1.5861,21.4585071766409,0.14566750592721,"m"
6252,-1.5861,21.4602061512084,0.145662099320983,"m"
6253,-1.5861,21.4619044692532,0.145656700771381,"m"
6254,-1.5861,21.4636021299382,0.145651310310796,"m"
6255,-1.5861,21.4652991324261,0.145645927971615,"m"
6256,-1.5861,21.4669954758796,0.145640553786229,"m"
6257,-1.5861,21.4686911594615,0.145635187787025,"m"
6258,-1.5861,21.4703861823344,0.145629830006394,"m"
6259,-1.5861,21.4720805436611,0.145624480476725,"m"
6260,-1.5861,21.4737742426043,0.145619139230406,"m"
6261,-1.5861,21.4754672783269,0.145613806299828,"m"
6262,-1.5861,21.4771596499914,0.145608481717378,"m"
6263,-1.5861,21.4788513567607,0.145603165515446,"m"
6264,-1.5861,21.4805423977975,0.145597857726423,"m"
6265,-1.5861,21.4822327722644,0.145592558382695,"m"
6266,-1.5861,21.4839224793243,0.145587267516654,"m"
6267,-1.5861,21.4856115181399,0.145581985160687,"m"
6268,-1.5861,21.4872998878739,0.145576711347185,"m"
6269,-1.5861,21.488987587689,0.145571446108536,"m"
6270,-1.5861,21.4906746167479,0.145566189477129,"m"
6271,-1.5861,21.4923609742135,0.145560941485354,"m"
6272,-1.5861,21.4940466592485,0.1455557021656,"m"
6273,-1.5861,21.4957316710154,0.145550471550256,"m"
6274,-1.5861,21.4974160086772,0.145545249671711,"m"
6275,-1.5861,21.4990996713966,0.145540036562354,"m"
6276,-1.5861,21.5007826583361,0.145534832254575,"m"
6277,-1.5861,21.5024649686587,0.145529636780763,"m"
6278,-1.5861,21.5041466015271,0.145524450173307,"m"
6279,-1.5861,21.5058275561038,0.145519272464595,"m"
6280,-1.5861,21.5075078315518,0.145514103687018,"m"
6281,-1.5861,21.5091874270337,0.145508943872965,"m"
6282,-1.5861,21.5108663417123,0.145503793054823,"m"
6283,-1.5861,21.5125445747503,0.145498651264984,"m"
6284,-1.5861,21.5142221253104,0.145493518535836,"m"
6285,-1.5861,21.5158989925554,0.145488394899768,"m"
6286,-1.5861,21.5175751756479,0.145483280389169,"m"
6287,-1.5861,21.5192506737508,0.145478175036428,"m"
6288,-1.5861,21.5209254860268,0.145473078873935,"m"
6289,-1.5861,21.5225996116385,0.145467991934079,"m"
6290,-1.5861,21.5242730497488,0.145462914249249,"m"
6291,-1.5861,21.5259457995203,0.145457845851834,"m"
6292,-1.5861,21.5276178601158,0.145452786774224,"m"
6293,-1.5861,21.5292892306981,0.145447737048807,"m"
6294,-1.5861,21.5309599104298,0.145442696707972,"m"
6295,-1.5861,21.5326298984737,0.14543766578411,"m"
6296,-1.5861,21.5342991939925,0.145432644309608,"m"
6297,-1.5861,21.535967796149,0.145427632316857,"m"
6298,-1.5861,21.5376357041058,0.145422629838245,"m"
6299,-1.5861,21.5393029170258,0.145417636906162,"m"
6300,-1.5861,21.5409694340716,0.145412653552996,"m"
6301,-1.5861,21.5426352544061,0.145407679811138,"m"
6302,-1.5861,21.5443003771918,0.145402715712975,"m"
6303,-1.5861,21.5459648015916,0.145397761290898,"m"
6304,-1.5861,21.5476285267682,0.145392816577295,"m"
6305,-1.5861,21.5492915518843,0.145387881604556,"m"
6306,-1.5861,21.5509538761027,0.14538295640507,"m"
6307,-1.5861,21.552615498586,0.145378041011225,"m"
6308,-1.5861,21.5542764184971,0.145373135455412,"m"
6309,-1.5861,21.5559366349986,0.145368239770019,"m"
6310,-1.5861,21.5575961472532,0.145363353987435,"m"
6311,-1.5861,21.5592549544238,0.145358478140051,"m"
6312,-1.5861,21.5609130556731,0.145353612260254,"m"
6313,-1.5861,21.5625704501637,0.145348756380434,"m"
6314,-1.5861,21.5642271370585,0.14534391053298,"m"
6315,-1.5861,21.5658831155201,0.145339074750281,"m"
6316,-1.5861,21.5675383847112,0.145334249064728,"m"
6317,-1.5861,21.5691929437947,0.145329433508707,"m"
6318,-1.5861,21.5708467919333,0.14532462811461,"m"
6319,-1.5861,21.5724999282896,0.145319832914825,"m"
6320,-1.5861,21.5741523520264,0.145315047941741,"m"
6321,-1.5861,21.5758040623065,0.145310273227747,"m"
6322,-1.5861,21.5774550582925,0.145305508805233,"m"
6323,-1.5861,21.5791053391472,0.145300754706588,"m"
6324,-1.5861,21.5807549040334,0.145296010964201,"m"
6325,-1.5861,21.5824037521138,0.145291277610461,"m"
6326,-1.5861,21.5840518825511,0.145286554677757,"m"
6327,-1.5861,21.585699294508,0.145281842198478,"m"
6328,-1.5861,21.5873459871473,0.145277140205015,"m"
6329,-1.5861,21.5889919596317,0.145272448729755,"m"
6330,-1.5861,21.5906372111239,0.145267767805088,"m"
6331,-1.5861,21.5922817407867,0.145263097463403,"m"
6332,-1.5861,21.5939255477828,0.14525843773709,"m"
6333,-1.5861,21.595568631275,0.145253788658537,"m"
6334,-1.5861,21.5972109904259,0.145249150260133,"m"
6335,-1.5861,21.5988526243983,0.145244522574269,"m"
6336,-1.5861,21.600493532355,0.145239905633333,"m"
6337,-1.5861,21.6021337134586,0.145235299469714,"m"
6338,-1.5861,21.6037731668719,0.145230704115801,"m"
6339,-1.5861,21.6054118917577,0.145226119603984,"m"
6340,-1.5861,21.6070498872786,0.145221545966651,"m"
6341,-1.5861,21.6086871525975,0.145216983236193,"m"
6342,-1.5861,21.6103236868769,0.145212431444997,"m"
6343,-1.5861,21.6119594892798,0.145207890625454,"m"
6344,-1.5861,21.6135945589687,0.145203360809952,"m"
6345,-1.5861,21.6152288951065,0.145198842030881,"m"
6346,-1.5861,21.6168624968558,0.14519433432063,"m"
6347,-1.5861,21.6184953633794,0.145189837711588,"m"
6348,-1.5861,21.6201274938401,0.145185352236143,"m"
6349,-1.5861,21.6217588874005,0.145180877926686,"m"
6350,-1.5861,21.6233895432234,0.145176414815606,"m"
6351,-1.5861,21.6250194604715,0.145171962935291,"m"
6352,-1.5861,21.6266486383076,0.145167522318131,"m"
6353,-1.5861,21.6282770758944,0.145163092996516,"m"
6354,-1.5861,21.6299047723946,0.145158675002833,"m"
6355,-1.5861,21.631531726971,0.145154268369472,"m"
6356,-1.5861,21.6331579387863,0.145149873128824,"m"
6357,-1.5861,21.6347834070032,0.145145489313276,"m"
6358,-1.5861,21.6364081307845,0.145141116955217,"m"
6359,-1.5861,21.6380321092928,0.145136756087038,"m"
6360,-1.5861,21.639655341691,0.145132406741127,"m"
6361,-1.5861,21.6412778271417,0.145128068949874,"m"
6362,-1.5861,21.6428995648077,0.145123742745667,"m"
6363,-1.5861,21.6445205538518,0.145119428160896,"m"
6364,-1.5861,21.6461407934366,0.14511512522795,"m"
6365,-1.5861,21.6477602827248,0.145110833979218,"m"
6366,-1.5861,21.6493790208794,0.145106554447089,"m"
6367,-1.5861,21.6509970070628,0.145102286663952,"m"
6368,-1.5861,21.652614240438,0.145098030662198,"m"
6369,-1.5861,21.6542307201675,0.145093786474214,"m"
6370,-1.5861,21.6558464454142,0.14508955413239,"m"
6371,-1.5861,21.6574614153408,0.145085333669115,"m"
6372,-1.5861,21.6590756291101,0.145081125116779,"m"
6373,-1.5861,21.6606890858846,0.14507692850777,"m"
6374,-1.5861,21.6623017848273,0.145072743874478,"m"
6375,-1.5861,21.6639137251007,0.145068571249291,"m"
6376,-1.5861,21.6655249058678,0.1450644106646,"m"
6377,-1.5861,21.6671353262911,0.145060262152793,"m"
6378,-1.5861,21.6687449855334,0.145056125746259,"m"
6379,-1.5861,21.6703538827574,0.145052001477388,"m"
6380,-1.5861,21.671962017126,0.145047889378569,"m"
6381,-1.5861,21.6735693878017,0.145043789482191,"m"
6382,-1.5861,21.6751759939474,0.145039701820642,"m"
6383,-1.5861,21.6767818347258,0.145035626426313,"m"
6384,-1.5861,21.6783869092996,0.145031563331592,"m"
6385,-1.5861,21.6799912168315,0.145027512568869,"m"
6386,-1.5861,21.6815947564844,0.145023474170533,"m"
6387,-1.5861,21.6831975274208,0.145019448168973,"m"
6388,-1.5861,21.6847995288035,0.145015434596578,"m"
6389,-1.5861,21.6864007597954,0.145011433485737,"m"
6390,-1.5861,21.688001219559,0.145007444868839,"m"
6391,-1.5861,21.6896009072572,0.145003468778275,"m"
6392,-1.5861,21.691199822053,0.144999505246393,"m"
6393,-1.5861,21.6927979632957,0.144995554277695,"m"
6394,-1.5861,21.6943953308502,0.144991615799729,"m"
6395,-1.5861,21.6959919246694,0.144987689726873,"m"
6396,-1.5861,21.6975877447063,0.144983775973499,"m"
6397,-1.5861,21.6991827909138,0.144979874453982,"m"
6398,-1.5861,21.7007770632449,0.144975985082697,"m"
6399,-1.5861,21.7023705616526,0.144972107774019,"m"
6400,-1.5861,21.7039632860898,0.144968242442322,"m"
6401,-1.5861,21.7055552365095,0.144964389001981,"m"
6402,-1.5861,21.7071464128647,0.144960547367369,"m"
6403,-1.5861,21.7087368151083,0.144956717452863,"m"
6404,-1.5861,21.7103264431932,0.144952899172836,"m"
6405,-1.5861,21.7119152970725,0.144949092441662,"m"
6406,-1.5861,21.7135033766992,0.144945297173717,"m"
6407,-1.5861,21.715090682026,0.144941513283375,"m"
6408,-1.5861,21.7166772130062,0.14493774068501,"m"
6409,-1.5861,21.7182629695925,0.144933979292998,"m"
6410,-1.5861,21.719847951738,0.144930229021711,"m"
6411,-1.5861,21.7214321593956,0.144926489785527,"m"
6412,-1.5861,21.7230155925183,0.144922761498817,"m"
6413,-1.5861,21.7245982510591,0.144919044075958,"m"
6414,-1.5861,21.7261801349708,0.144915337431324,"m"
6415,-1.5861,21.7277612442066,0.144911641479289,"m"
6416,-1.5861,21.7293415787193,0.144907956134229,"m"
6417,-1.5861,21.7309211384619,0.144904281310516,"m"
6418,-1.5861,21.7324999233874,0.144900616922527,"m"
6419,-1.5861,21.7340779334487,0.144896962884635,"m"
6420,-1.5861,21.7356551685988,0.144893319111215,"m"
6421,-1.5861,21.7372316287906,0.144889685516642,"m"
6422,-1.5861,21.7388073139772,0.14488606201529,"m"
6423,-1.5861,21.7403822241115,0.144882448521534,"m"
6424,-1.5861,21.7419563591464,0.144878844949749,"m"
6425,-1.5861,21.7435297190349,0.144875251214308,"m"
6426,-1.5861,21.74510230373,0.144871667229587,"m"
6427,-1.5861,21.7466741131847,0.144868092909959,"m"
6428,-1.5861,21.7482451473518,0.1448645281698,"m"
6429,-1.5861,21.7498154061844,0.144860972923485,"m"
6430,-1.5861,21.7513848896355,0.144857427085387,"m"
6431,-1.5861,21.7529535976579,0.144853890569881,"m"
6432,-1.5861,21.7545215302047,0.144850363291342,"m"
6433,-1.5861,21.7560886872288,0.144846845164144,"m"
6434,-1.5861,21.7576550686832,0.144843336102662,"m"
6435,-1.5861,21.7592206745209,0.144839836021271,"m"
6436,-1.5861,21.7607855046947,0.144836344834344,"m"
6437,-1.5861,21.7623495591577,0.144832862456258,"m"
6438,-1.5861,21.7639128378629,0.144829388801385,"m"
6439,-1.5861,21.7654753407631,0.1448259237841,"m"
6440,-1.5861,21.7670370678115,0.144822467318779,"m"
6441,-1.5861,21.7685980189608,0.144819019319796,"m"
6442,-1.5861,21.7701581941641,0.144815579701525,"m"
6443,-1.5861,21.7717175933744,0.144812148378341,"m"
6444,-1.5861,21.7732762165446,0.144808725264618,"m"
6445,-1.5861,21.7748340636277,0.144805310274732,"m"
6446,-1.5861,21.7763911345767,0.144801903323055,"m"
6447,-1.5861,21.7779474293444,0.144798504323964,"m"
6448,-1.5861,21.7795029478839,0.144795113191833,"m"
6449,-1.5861,21.7810576901481,0.144791729841035,"m"
6450,-1.5861,21.7826116560901,0.144788354185947,"m"
6451,-1.5861,21.7841648456626,0.144784986140941,"m"
6452,-1.5861,21.7857172588189,0.144781625620394,"m"
6453,-1.5861,21.7872688955117,0.144778272538678,"m"
6454,-1.5861,21.788819755694,0.14477492681017,"m"
6455,-1.5861,21.7903698393189,0.144771588349243,"m"
6456,-1.5861,21.7919191463392,0.144768257070273,"m"
6457,-1.5861,21.793467676708,0.144764932887633,"m"
6458,-1.5861,21.7950154303782,0.144761615715698,"m"
6459,-1.5861,21.7965624073027,0.144758305468842,"m"
6460,-1.5861,21.7981086074346,0.144755002061441,"m"
6461,-1.5861,21.7996540307268,0.144751705407869,"m"
6462,-1.5861,21.8011986771322,0.1447484154225,"m"
6463,-1.5861,21.8027425466038,0.144745132019709,"m"
6464,-1.5861,21.8042856390947,0.144741855113871,"m"
6465,-1.5861,21.8058279545576,0.144738584619359,"m"
6466,-1.5861,21.8073694929457,0.14473532045055,"m"
6467,-1.5861,21.8089102542119,0.144732062521816,"m"
6468,-1.5861,21.8104502383091,0.144728810747533,"m"
6469,-1.5861,21.8119894451903,0.144725565042075,"m"
6470,-1.5861,21.8135278748084,0.144722325319817,"m"
6471,-1.5861,21.8150655271165,0.144719091495133,"m"
6472,-1.5861,21.8166024020675,0.144715863482399,"m"
6473,-1.5861,21.8181384996143,0.144712641195987,"m"
6474,-1.5861,21.8196738197099,0.144709424550274,"m"
6475,-1.5861,21.8212083623074,0.144706213459633,"m"
6476,-1.5861,21.8227421273595,0.14470300783844,"m"
6477,-1.5861,21.8242751148194,0.144699807601068,"m"
6478,-1.5861,21.8258073246399,0.144696612661892,"m"
6479,-1.5861,21.8273387567741,0.144693422935287,"m"
6480,-1.5861,21.8288694111749,0.144690238335627,"m"
6481,-1.5861,21.8303992877952,0.144687058777287,"m"
6482,-1.5861,21.8319283865881,0.144683884174642,"m"
6483,-1.5861,21.8334567075064,0.144680714442066,"m"
6484,-1.5861,21.8349842505032,0.144677549493933,"m"
6485,-1.5861,21.8365110155314,0.144674389244618,"m"
6486,-1.5861,21.838037002544,0.144671233608496,"m"
6487,-1.5861,21.8395622114939,0.144668082499941,"m"
6488,-1.5861,21.8410866423341,0.144664935833328,"m"
6489,-1.5861,21.8426102950176,0.144661793523031,"m"
6490,-1.5861,21.8441331694973,0.144658655483425,"m"
6491,-1.5861,21.8456552657262,0.144655521628884,"m"
6492,-1.5861,21.8471765836573,0.144652391873784,"m"
6493,-1.5861,21.8486971232435,0.144649266132497,"m"
6494,-1.5861,21.8502168844377,0.1446461443194,"m"
6495,-1.5861,21.851735867193,0.144643026348867,"m"
6496,-1.5861,21.8532540714624,0.144639912135272,"m"
6497,-1.5861,21.8547714971987,0.144636801592989,"m"
6498,-1.5861,21.8562881443549,0.144633694636394,"m"
6499,-1.5861,21.857804012884,0.144630591179861,"m"
6500,-1.5861,21.859319102739,0.144627491137763,"m"
6501,-1.5861,21.8608334138729,0.144624394424477,"m"
6502,-1.5861,21.8623469462385,0.144621300954377,"m"
6503,-1.5861,21.8638596997888,0.144618210641836,"m"
6504,-1.5861,21.8653716744769,0.14461512340123,"m"
6505,-1.5861,21.8668828702557,0.144612039146934,"m"
6506,-1.5861,21.8683932870781,0.14460895779332,"m"
6507,-1.5861,21.8699029248971,0.144605879254766,"m"
6508,-1.5861,21.8714117836657,0.144602803445644,"m"
6509,-1.5861,21.8729198633368,0.144599730280329,"m"
6510,-1.5861,21.8744271638634,0.144596659673196,"m"
6511,-1.5861,21.8759336851985,0.14459359153862,"m"
6512,-1.5861,21.877439427295,0.144590525790975,"m"
6513,-1.5861,21.8789443901059,0.144587462344635,"m"
6514,-1.5861,21.8804485735841,0.144584401113976,"m"
6515,-1.5861,21.8819519776826,0.144581342013371,"m"
6516,-1.5861,21.8834546023544,0.144578284957195,"m"
6517,-1.5861,21.8849564475525,0.144575229859824,"m"
6518,-1.5861,21.8864575132298,0.14457217663563,"m"
6519,-1.5861,21.8879577993392,0.14456912519899,"m"
6520,-1.5861,21.8894573058338,0.144566075464277,"m"
6521,-1.5861,21.8909560326664,0.144563027345866,"m"
6522,-1.5861,21.8924539797901,0.144559980758131,"m"
6523,-1.5861,21.8939511471579,0.144556935615448,"m"
6524,-1.5861,21.8954475347226,0.14455389183219,"m"
6525,-1.5861,21.8969431424372,0.144550849322733,"m"
6526,-1.5861,21.8984379702548,0.14454780800145,"m"
6527,-1.5861,21.8999320181282,0.144544767782717,"m"
6528,-1.5861,21.9014252860105,0.144541728580907,"m"
6529,-1.5861,21.9029177738546,0.144538690310396,"m"
6530,-1.5861,21.9044094816134,0.144535652885558,"m"
6531,-1.5861,21.90590040924,0.144532616220767,"m"
6532,-1.5861,21.9073905566873,0.144529580230399,"m"
6533,-1.5861,21.9088799239082,0.144526544828827,"m"
6534,-1.5861,21.9103685108557,0.144523509930427,"m"
6535,-1.5861,21.9118563174828,0.144520475449572,"m"
6536,-1.5861,21.9133433437425,0.144517441300637,"m"
6537,-1.5861,21.9148295895876,0.144514407397998,"m"
6538,-1.5861,21.9163150549713,0.144511373656027,"m"
6539,-1.5861,21.9177997398463,0.144508339989101,"m"
6540,-1.5861,21.9192836441658,0.144505306311593,"m"
6541,-1.5861,21.9207667678826,0.144502272537879,"m"
6542,-1.5861,21.9222491109498,0.144499238582331,"m"
6543,-1.5861,21.9237306733202,0.144496204359327,"m"
6544,-1.5861,21.9252114549469,0.144493169783238,"m"
6545,-1.5861,21.9266914557828,0.144490134768442,"m"
6546,-1.5861,21.9281706757808,0.144487099229311,"m"
6547,-1.5861,21.929649114894,0.14448406308022,"m"
6548,-1.5861,21.9311267730754,0.144481026235544,"m"
6549,-1.5861,21.9326036502777,0.144477988609658,"m"
6550,-1.5861,21.9340797464541,0.144474950116936,"m"
6551,-1.5861,21.9355550615575,0.144471910671752,"m"
6552,-1.5861,21.9370295955409,0.144468870188482,"m"
6553,-1.5861,21.9385033483572,0.144465828581499,"m"
6554,-1.5861,21.9399763199594,0.144462785765179,"m"
6555,-1.5861,21.9414485103004,0.144459741653896,"m"
6556,-1.5861,21.9429199193332,0.144456696162023,"m"
6557,-1.5861,21.9443905470108,0.144453649203937,"m"
6558,-1.5861,21.9458603932861,0.144450600694011,"m"
6559,-1.5861,21.9473294581121,0.144447550546621,"m"
6560,-1.5861,21.9487977414418,0.144444498676139,"m"
6561,-1.5861,21.9502652432282,0.144441444996942,"m"
6562,-1.5861,21.9517319634241,0.144438389423404,"m"
6563,-1.5861,21.9531979019825,0.144435331869899,"m"
6564,-1.5861,21.9546630588565,0.144432272250802,"m"
6565,-1.5861,21.956127433999,0.144429210480487,"m"
6566,-1.5861,21.9575910273629,0.144426146473329,"m"
6567,-1.5861,21.9590538389012,0.144423080143702,"m"
6568,-1.5861,21.9605158685669,0.144420011405982,"m"
6569,-1.5861,21.9619771163129,0.144416940174542,"m"
6570,-1.5861,21.9634375820922,0.144413866363757,"m"
6571,-1.5861,21.9648972658578,0.144410789888002,"m"
6572,-1.5861,21.9663561675626,0.144407710661651,"m"
6573,-1.5861,21.9678142871596,0.144404628599079,"m"
6574,-1.5861,21.9692716246017,0.14440154361466,"m"
6575,-1.5861,21.9707281798438,0.144398455626909,"m"
6576,-1.5861,21.9721839528824,0.144395364649562,"m"
6577,-1.5861,21.9736389437562,0.144392270791575,"m"
6578,-1.5861,21.9750931525054,0.144389174166047,"m"
6579,-1.5861,21.9765465791703,0.144386074886073,"m"
6580,-1.5861,21.9779992237914,0.144382973064751,"m"
6581,-1.5861,21.9794510864089,0.144379868815178,"m"
6582,-1.5861,21.9809021670632,0.14437676225045,"m"
6583,-1.5861,21.9823524657946,0.144373653483666,"m"
6584,-1.5861,21.9838019826434,0.144370542627922,"m"
6585,-1.5861,21.9852507176501,0.144367429796314,"m"
6586,-1.5861,21.9866986708548,0.144364315101941,"m"
6587,-1.5861,21.988145842298,0.144361198657899,"m"
6588,-1.5861,21.9895922320201,0.144358080577285,"m"
6589,-1.5861,21.9910378400612,0.144354960973196,"m"
6590,-1.5861,21.9924826664618,0.144351839958729,"m"
6591,-1.5861,21.9939267112622,0.144348717646982,"m"
6592,-1.5861,21.9953699745028,0.14434559415105,"m"
6593,-1.5861,21.9968124562238,0.144342469584033,"m"
6594,-1.5861,21.9982541564656,0.144339344059025,"m"
6595,-1.5861,21.9996950752686,0.144336217689125,"m"
6596,-1.5861,22.0011352126731,0.144333090587429,"m"
6597,-1.5861,22.0025745687194,0.144329962867035,"m"
6598,-1.5861,22.0040131434478,0.14432683464104,"m"
6599,-1.5861,22.0054509368987,0.144323706022539,"m"
6600,-1.5861,22.0068879491125,0.144320577124632,"m"
6601,-1.5861,22.0083241801294,0.144317448060414,"m"
6602,-1.5861,22.0097596299898,0.144314318942983,"m"
6603,-1.5861,22.0111942987341,0.144311189885435,"m"
6604,-1.5861,22.0126281864025,0.144308061000868,"m"
6605,-1.5861,22.0140612930354,0.144304932402379,"m"
6606,-1.5861,22.0154936186732,0.144301804203065,"m"
6607,-1.5861,22.0169251633561,0.144298676516022,"m"
6608,-1.5861,22.0183559271246,0.144295549454349,"m"
6609,-1.5861,22.0197859100189,0.144292423131141,"m"
6610,-1.5861,22.0212151120794,0.144289297659496,"m"
6611,-1.5861,22.0226435333464,0.144286173152511,"m"
6612,-1.5861,22.0240711738602,0.144283049723284,"m"
6613,-1.5861,22.0254980336613,0.14427992748491,"m"
6614,-1.5861,22.0269241127899,0.144276806550488,"m"
6615,-1.5861,22.0283494112863,0.144273687033113,"m"
6616,-1.5861,22.029773929191,0.144270569045884,"m"
6617,-1.5861,22.0311976665442,0.144267452701897,"m"
6618,-1.5861,22.0326206233863,0.144264338114249,"m"
6619,-1.5861,22.0340427997575,0.144261225396038,"m"
6620,-1.5861,22.0354641956984,0.14425811466036,"m"
6621,-1.5861,22.0368848112491,0.144255006020312,"m"
6622,-1.5861,22.03830464645,0.144251899588992,"m"
6623,-1.5861,22.0397237013414,0.144248795479496,"m"
6624,-1.5861,22.0411419759638,0.144245693804921,"m"
6625,-1.5861,22.0425594703574,0.144242594678365,"m"
6626,-1.5861,22.0439761845625,0.144239498212925,"m"
6627,-1.5861,22.0453921186196,0.144236404521697,"m"
6628,-1.5861,22.0468072725689,0.144233313717779,"m"
6629,-1.5861,22.0482216464507,0.144230225914267,"m"
6630,-1.5861,22.0496352403054,0.14422714122426,"m"
6631,-1.5861,22.0510480541734,0.144224059760853,"m"
6632,-1.5861,22.052460088095,0.144220981637143,"m"
6633,-1.5861,22.0538713421105,0.144217906966229,"m"
6634,-1.5861,22.0552818162602,0.144214835861206,"m"
6635,-1.5861,22.0566915105845,0.144211768435173,"m"
6636,-1.5861,22.0581004251237,0.144208704801225,"m"
6637,-1.5861,22.0595085599182,0.14420564507246,"m"
6638,-1.5861,22.0609159150083,0.144202589361975,"m"
6639,-1.5861,22.0623224904343,0.144199537782867,"m"
6640,-1.5861,22.0637282862366,0.144196490448234,"m"
6641,-1.5861,22.0651333024554,0.144193447471171,"m"
6642,-1.5861,22.0665375391312,0.144190408964777,"m"
6643,-1.5861,22.0679409963043,0.144187375042147,"m"
6644,-1.5861,22.069343674015,0.14418434581638,"m"
6645,-1.5861,22.0707455723036,0.144181321400572,"m"
6646,-1.5861,22.0721466912105,0.144178301907821,"m"
6647,-1.5861,22.0735470307761,0.144175287451223,"m"
6648,-1.5861,22.0749465910405,0.144172278143875,"m"
6649,-1.5861,22.0763453720443,0.144169274098875,"m"
6650,-1.5861,22.0777433738277,0.144166275429319,"m"
6651,-1.5861,22.079140596431,0.144163282248304,"m"
6652,-1.5861,22.0805370398947,0.144160294668928,"m"
6653,-1.5861,22.0819327042589,0.144157312804288,"m"
6654,-1.5861,22.0833275895642,0.14415433676748,"m"
6655,-1.5861,22.0847216958507,0.144151366671602,"m"
6656,-1.5861,22.0861150231589,0.144148402629751,"m"
6657,-1.5861,22.087507571529,0.144145444755023,"m"
6658,-1.5861,22.0888993410015,0.144142493160516,"m"
6659,-1.5861,22.0902903316166,0.144139547959327,"m"
6660,-1.5861,22.0916805434147,0.144136609264553,"m"
6661,-1.5861,22.0930699764361,0.14413367718929,"m"
6662,-1.5861,22.0944586307212,0.144130751846637,"m"
6663,-1.5861,22.0958465063103,0.144127833349689,"m"
6664,-1.5861,22.0972336032436,0.144124921811544,"m"
6665,-1.5861,22.0986199215617,0.1441220173453,"m"
6666,-1.5861,22.1000054613047,0.144119120064052,"m"
6667,-1.5861,22.1013902225131,0.144116230080898,"m"
6668,-1.5861,22.1027742052272,0.144113347508936,"m"
6669,-1.5861,22.1041574094872,0.144110472461262,"m"
6670,-1.5861,22.1055398353336,0.144107605050973,"m"
6671,-1.5861,22.1069214828067,0.144104745391166,"m"
6672,-1.5861,22.1083023519468,0.144101893594938,"m"
6673,-1.5861,22.1096824427943,0.144099049775387,"m"
6674,-1.5861,22.1110617553894,0.144096214045609,"m"
6675,-1.5861,22.1124402897725,0.144093386518702,"m"
6676,-1.5861,22.113818045984,0.144090567307762,"m"
6677,-1.5861,22.1151950240642,0.144087756525886,"m"
6678,-1.5861,22.1165712240535,0.144084954286172,"m"
6679,-1.5861,22.1179466459921,0.144082160701716,"m"
6680,-1.5861,22.1193212899204,0.144079375885616,"m"
6681,-1.5861,22.1206951558787,0.144076599950969,"m"
6682,-1.5861,22.1220682439074,0.144073833010871,"m"
6683,-1.5861,22.1234405540469,0.14407107517842,"m"
6684,-1.5861,22.1248120863373,0.144068326566713,"m"
6685,-1.5861,22.1261828408192,0.144065587288846,"m"
6686,-1.5861,22.1275528175327,0.144062857457917,"m"
6687,-1.5861,22.1289220165184,0.144060137187023,"m"
6688,-1.5861,22.1302904378164,0.144057426589261,"m"
6689,-1.5861,22.1316580814671,0.144054725777728,"m"
6690,-1.5861,22.1330249475109,0.144052034865521,"m"
6691,-1.5861,22.1343910359881,0.144049353965737,"m"
6692,-1.5861,22.135756346939,0.144046683191472,"m"
6693,-1.5861,22.137120880404,0.144044022655825,"m"
6694,-1.5861,22.1384846364234,0.144041372471892,"m"
6695,-1.5861,22.1398476150375,0.14403873275277,"m"
6696,-1.5861,22.1412098162868,0.144036103611556,"m"
6697,-1.5861,22.1425712402114,0.144033485161348,"m"
6698,-1.5861,22.1439318868518,0.144030877515241,"m"
6699,-1.5861,22.1452917562482,0.144028280786334,"m"
6700,-1.5861,22.1466508484411,0.144025695087724,"m"
6701,-1.5861,22.1480091634708,0.144023120532506,"m"
6702,-1.5861,22.1493667013775,0.144020557233779,"m"
6703,-1.5861,22.1507234622017,0.14401800530464,"m"
6704,-1.5861,22.1520794459836,0.144015464858185,"m"
6705,-1.5861,22.1534346527636,0.144012936007511,"m"
6706,-1.5861,22.1547890825821,0.144010418865716,"m"
6707,-1.5861,22.1561427354793,0.144007913545897,"m"
6708,-1.5861,22.1574956114957,0.14400542016115,"m"
6709,-1.5861,22.1588477106715,0.144002938824573,"m"
6710,-1.5861,22.160199033047,0.144000469649262,"m"
6711,-1.5861,22.1615495786627,0.143998012748315,"m"
6712,-1.5861,22.1628993475589,0.143995568234829,"m"
6713,-1.5861,22.1642483397758,0.143993136221901,"m"
6714,-1.5861,22.1655965553538,0.143990716822628,"m"
6715,-1.5861,22.1669439943334,0.143988310150106,"m"
6716,-1.5861,22.1682906567547,0.143985916317434,"m"
6717,-1.5861,22.1696365426581,0.143983535437707,"m"
6718,-1.5861,22.170981652084,0.143981167624024,"m"
6719,-1.5861,22.1723259850727,0.14397881298948,"m"
6720,-1.5861,22.1736695416646,0.143976471647174,"m"
6721,-1.5861,22.1750123218999,0.143974143710201,"m"
6722,-1.5861,22.176354325819,0.14397182929166,"m"
6723,-1.5861,22.1776955534623,0.143969528504647,"m"
6724,-1.5861,22.1790360048701,0.143967241462259,"m"
6725,-1.5861,22.1803756800827,0.143964968277594,"m"
6726,-1.5861,22.1817145791404,0.143962709063747,"m"
6727,-1.5861,22.1830527020836,0.143960463933817,"m"
6728,-1.5861,22.1843900489527,0.143958233000901,"m"
6729,-1.5861,22.1857266197879,0.143956016378095,"m"
6730,-1.5861,22.1870624146297,0.143953814178496,"m"
6731,-1.5861,22.1883974335182,0.143951626515202,"m"
6732,-1.5861,22.1897316764939,0.143949453501309,"m"
6733,-1.5861,22.1910651435972,0.143947295249915,"m"
6734,-1.5861,22.1923978348683,0.143945151874116,"m"
6735,-1.5861,22.1937297503475,0.14394302348701,"m"
6736,-1.5861,22.1950608900753,0.143940910201694,"m"
6737,-1.5861,22.1963912540919,0.143938812131264,"m"
6738,-1.5861,22.1977208424377,0.143936729388818,"m"
6739,-1.5861,22.1990496551531,0.143934662087453,"m"
6740,-1.5861,22.2003776922782,0.143932610340266,"m"
6741,-1.5861,22.2017049538536,0.143930574260354,"m"
6742,-1.5861,22.2030314399196,0.143928553960813,"m"
6743,-1.5861,22.2043571505163,0.143926549554741,"m"
6744,-1.5861,22.2056820856843,0.143924561155236,"m"
6745,-1.5861,22.2070062454639,0.143922588875393,"m"
6746,-1.5861,22.2083296298952,0.143920632828311,"m"
6747,-1.5861,22.2096522390189,0.143918693127085,"m"
6748,-1.5861,22.210974072875,0.143916769884814,"m"
6749,-1.5861,22.2122951315041,0.143914863214593,"m"
6750,-1.5861,22.2136154149463,0.143912973229521,"m"
6751,-1.5861,22.2149349232421,0.143911100042695,"m"
6752,-1.5861,22.2162536564318,0.14390924376721,"m"
6753,-1.5861,22.2175716145557,0.143907404516165,"m"
6754,-1.5861,22.2188887976542,0.143905582402656,"m"
6755,-1.5861,22.2202052057676,0.14390377753978,"m"
6756,-1.5861,22.2215208389362,0.143901990040635,"m"
6757,-1.5861,22.2228356972004,0.143900220018318,"m"
6758,-1.5861,22.2241497805833,0.143898467565342,"m"
6759,-1.5861,22.225463089007,0.143896732654035,"m"
6760,-1.5861,22.2267756223573,0.143895015213215,"m"
6761,-1.5861,22.2280873805199,0.143893315171643,"m"
6762,-1.5861,22.2293983633806,0.143891632458081,"m"
6763,-1.5861,22.2307085708249,0.143889967001289,"m"
6764,-1.5861,22.2320180027387,0.143888318730027,"m"
6765,-1.5861,22.2333266590075,0.143886687573056,"m"
6766,-1.5861,22.2346345395171,0.143885073459137,"m"
6767,-1.5861,22.2359416441532,0.14388347631703,"m"
6768,-1.5861,22.2372479728015,0.143881896075497,"m"
6769,-1.5861,22.2385535253476,0.143880332663297,"m"
6770,-1.5861,22.2398583016772,0.143878786009192,"m"
6771,-1.5861,22.2411623016761,0.143877256041942,"m"
6772,-1.5861,22.24246552523,0.143875742690307,"m"
6773,-1.5861,22.2437679722244,0.14387424588305,"m"
6774,-1.5861,22.2450696425452,0.143872765548929,"m"
6775,-1.5861,22.246370536078,0.143871301616706,"m"
6776,-1.5861,22.2476706527085,0.143869854015141,"m"
6777,-1.5861,22.2489699923224,0.143868422672995,"m"
6778,-1.5861,22.2502685548054,0.143867007519029,"m"
6779,-1.5861,22.2515663400432,0.143865608482004,"m"
6780,-1.5861,22.2528633479215,0.143864225490679,"m"
6781,-1.5861,22.2541595783259,0.143862858473816,"m"
6782,-1.5861,22.2554550311422,0.143861507360176,"m"
6783,-1.5861,22.2567497062561,0.143860172078518,"m"
6784,-1.5861,22.2580436035532,0.143858852557604,"m"
6785,-1.5861,22.2593367229193,0.143857548726195,"m"
6786,-1.5861,22.26062906424,0.14385626051305,"m"
6787,-1.5861,22.261920627401,0.143854987846931,"m"
6788,-1.5861,22.263211412288,0.143853730656599,"m"
6789,-1.5861,22.2645014187868,0.143852488870813,"m"
6790,-1.5861,22.265790646783,0.143851262418335,"m"
6791,-1.5861,22.2670790961622,0.143850051227925,"m"
6792,-1.5861,22.2683667668103,0.143848855228344,"m"
6793,-1.5861,22.2696536586129,0.143847674348353,"m"
6794,-1.5861,22.2709397714556,0.143846508516712,"m"
6795,-1.5861,22.2722251052242,0.143845357662182,"m"
6796,-1.5861,22.2735096598044,0.143844221713523,"m"
6797,-1.5861,22.2747934350818,0.143843100599497,"m"
6798,-1.5861,22.2760764309422,0.143841994248864,"m"
6799,-1.5861,22.2773586472712,0.143840902590384,"m"
6800,-1.5861,22.2786400839545,0.143839825552818,"m"
6801,-1.5861,22.2799207408779,0.143838763064927,"m"
6802,-1.5861,22.281200617927,0.143837715055472,"m"
6803,-1.5861,22.2824797149876,0.143836681453213,"m"
6804,-1.5861,22.2837580319452,0.14383566218691,"m"
6805,-1.5861,22.2850355686856,0.143834657185326,"m"
6806,-1.5861,22.2863123250945,0.143833666377219,"m"
6807,-1.5861,22.2875883010577,0.143832689691351,"m"
6808,-1.5861,22.2888634964606,0.143831727056483,"m"
6809,-1.5861,22.2901379111892,0.143830778401375,"m"
6810,-1.5861,22.291411545129,0.143829843654787,"m"
6811,-1.5861,22.2926843981658,0.143828922745481,"m"
6812,-1.5861,22.2939564701853,0.143828015602217,"m"
6813,-1.5861,22.2952277610731,0.143827122153756,"m"
6814,-1.5861,22.2964982707149,0.143826242328859,"m"
6815,-1.5861,22.2977679989964,0.143825376056285,"m"
6816,-1.5861,22.2990369458034,0.143824523264796,"m"
6817,-1.5861,22.3003051110215,0.143823683883153,"m"
6818,-1.5861,22.3015724945364,0.143822857840115,"m"
6819,-1.5861,22.3028390962338,0.143822045064445,"m"
6820,-1.5861,22.3041049159994,0.143821245484901,"m"
6821,-1.5861,22.3053699537188,0.143820459030246,"m"
6822,-1.5861,22.3066342092779,0.143819685629239,"m"
6823,-1.5861,22.3078976825622,0.143818925210642,"m"
6824,-1.5861,22.3091603734575,0.143818177703215,"m"
6825,-1.5861,22.3104222818495,0.143817443035718,"m"
6826,-1.5861,22.3116834076238,0.143816721136913,"m"
6827,-1.5861,22.3129437506661,0.14381601193556,"m"
6828,-1.5861,22.3142033108622,0.143815315360419,"m"
6829,-1.5861,22.3154620880977,0.143814631340252,"m"
6830,-1.5861,22.3167200822584,0.143813959803819,"m"
6831,-1.5861,22.3179772932298,0.14381330067988,"m"
6832,-1.5861,22.3192337208978,0.143812653897197,"m"
6833,-1.5861,22.320489365148,0.143812019384529,"m"
6834,-1.5861,22.321744225866,0.143811397070638,"m"
6835,-1.5861,22.3229983029377,0.143810786884285,"m"
6836,-1.5861,22.3242515962486,0.143810188754229,"m"
6837,-1.5861,22.3255041056845,0.143809602609232,"m"
6838,-1.5861,22.326755831131,0.143809028378054,"m"
6839,-1.5861,22.328006772474,0.143808465989456,"m"
6840,-1.5861,22.3292569295989,0.143807915372198,"m"
6841,-1.5861,22.3305063023917,0.143807376455042,"m"
6842,-1.5861,22.3317548907378,0.143806849166748,"m"
6843,-1.5861,22.3330026945231,0.143806333436076,"m"
6844,-1.5861,22.3342497136332,0.143805829191787,"m"
6845,-1.5861,22.3354959479538,0.143805336362642,"m"
6846,-1.5861,22.3367413973707,0.143804854877402,"m"
6847,-1.5861,22.3379860617694,0.143804384664827,"m"
6848,-1.5861,22.3392299410357,0.143803925653678,"m"
6849,-1.5861,22.3404730350553,0.143803477772715,"m"
6850,-1.5861,22.3417153437139,0.143803040950699,"m"
6851,-1.5861,22.3429568668972,0.143802615116391,"m"
6852,-1.5861,22.3441976044908,0.143802200198552,"m"
6853,-1.5861,22.3454375563805,0.143801796125941,"m"
6854,-1.5861,22.346676722452,0.143801402827321,"m"
6855,-1.5861,22.3479151025909,0.14380102023145,"m"
6856,-1.5861,22.3491526966829,0.143800648267091,"m"
6857,-1.5861,22.3503895046137,0.143800286863004,"m"
6858,-1.5861,22.3516255262691,0.143799935947949,"m"
6859,-1.5861,22.3528607615347,0.143799595450687,"m"
6860,-1.5861,22.3540952102962,0.143799265299979,"m"
6861,-1.5861,22.3553288724393,0.143798945424585,"m"
6862,-1.5861,22.3565617478497,0.143798635753267,"m"
6863,-1.5861,22.3577938364131,0.143798336214784,"m"
6864,-1.5861,22.3590251380152,0.143798046737897,"m"
6865,-1.5861,22.3602556525416,0.143797767251367,"m"
6866,-1.5861,22.3614853798781,0.143797497683955,"m"
6867,-1.5861,22.3627143199104,0.143797237964422,"m"
6868,-1.5861,22.3639424725241,0.143796988021527,"m"
6869,-1.5861,22.365169837605,0.143796747784032,"m"
6870,-1.5861,22.3663964150387,0.143796517180697,"m"
6871,-1.5861,22.3676222047109,0.143796296140284,"m"
6872,-1.5861,22.3688472065074,0.143796084591552,"m"
6873,-1.5861,22.3700714203137,0.143795882463262,"m"
6874,-1.5861,22.3712948460157,0.143795689684175,"m"
6875,-1.5861,22.372517483499,0.143795506183052,"m"
6876,-1.5861,22.3737393326493,0.143795331888653,"m"
6877,-1.5861,22.3749603933522,0.143795166729739,"m"
6878,-1.5861,22.3761806654936,0.14379501063507,"m"
6879,-1.5861,22.377400148959,0.143794863533408,"m"
6880,-1.5861,22.3786188436342,0.143794725353513,"m"
6881,-1.5861,22.3798367494048,0.143794596024145,"m"
6882,-1.5861,22.3810538661566,0.143794475474066,"m"
6883,-1.5861,22.3822701937752,0.143794363632035,"m"
6884,-1.5861,22.3834857321464,0.143794260426814,"m"
6885,-1.5861,22.3847004811558,0.143794165787163,"m"
6886,-1.5861,22.3859144406891,0.143794079641843,"m"
6887,-1.5861,22.3871276106321,0.143794001919614,"m"
6888,-1.5861,22.3883399908703,0.143793932549238,"m"
6889,-1.5861,22.3895515812896,0.143793871459474,"m"
6890,-1.5861,22.3907623817756,0.143793818579084,"m"
6891,-1.5861,22.3919723922139,0.143793773836828,"m"
6892,-1.5861,22.3931816124903,0.143793737161467,"m"
6893,-1.5861,22.3943900424905,0.143793708481761,"m"
6894,-1.5861,22.3955976821002,0.143793687726472,"m"
6895,-1.5861,22.396804531205,0.143793674824359,"m"
6896,-1.5861,22.3980105896907,0.143793669704183,"m"
6897,-1.5861,22.3992158574429,0.143793672294706,"m"
6898,-1.5861,22.4004203343473,0.143793682524688,"m"
6899,-1.5861,22.4016240202897,0.143793700322889,"m"
6900,-1.5861,22.4028269151557,0.143793725618069,"m"
6901,-1.5861,22.404029018831,0.143793758338991,"m"
6902,-1.5861,22.4052303312014,0.143793798414414,"m"
6903,-1.5861,22.4064308521524,0.143793845773099,"m"
6904,-1.5861,22.4076305815698,0.143793900343807,"m"
6905,-1.5861,22.4088295193394,0.143793962055298,"m"
6906,-1.5861,22.4100276653467,0.143794030836334,"m"
6907,-1.5861,22.4112250194774,0.143794106615674,"m"
6908,-1.5861,22.4124215816174,0.143794189322079,"m"
6909,-1.5861,22.4136173516522,0.14379427888431,"m"
6910,-1.5861,22.4148123294675,0.143794375231128,"m"
6911,-1.5861,22.4160065149491,0.143794478291293,"m"
6912,-1.5861,22.4171999079826,0.143794587993567,"m"
6913,-1.5861,22.4183925084538,0.143794704266708,"m"
6914,-1.5861,22.4195843162483,0.14379482703948,"m"
6915,-1.5861,22.4207753312518,0.143794956240641,"m"
6916,-1.5861,22.42196555335,0.143795091798952,"m"
6917,-1.5861,22.4231549824286,0.143795233643175,"m"
6918,-1.5861,22.4243436183733,0.14379538170207,"m"
6919,-1.5861,22.4255314610698,0.143795535904398,"m"
6920,-1.5861,22.4267185104038,0.143795696178918,"m"
6921,-1.5861,22.427904766261,0.143795862454393,"m"
6922,-1.5861,22.429090228527,0.143796034659582,"m"
6923,-1.5861,22.4302748970876,0.143796212723247,"m"
6924,-1.5861,22.4314587718284,0.143796396574147,"m"
6925,-1.5861,22.4326418526352,0.143796586141044,"m"
6926,-1.5861,22.4338241393936,0.143796781352698,"m"
6927,-1.5861,22.4350056319894,0.14379698213787,"m"
6928,-1.5861,22.4361863303081,0.14379718842532,"m"
6929,-1.5861,22.4373662342356,0.14379740014381,"m"
6930,-1.5861,22.4385453436575,0.143797617222099,"m"
6931,-1.5861,22.4397236584595,0.143797839588949,"m"
6932,-1.5861,22.4409011785273,0.14379806717312,"m"
6933,-1.5861,22.4420779037466,0.143798299903373,"m"
6934,-1.5861,22.4432538340031,0.143798537708469,"m"
6935,-1.5861,22.4444289691824,0.143798780517167,"m"
6936,-1.5861,22.4456033091703,0.143799028258229,"m"
6937,-1.5861,22.4467768538525,0.143799280860416,"m"
6938,-1.5861,22.4479496031146,0.143799538252488,"m"
6939,-1.5861,22.4491215568424,0.143799800363205,"m"
6940,-1.5861,22.4502927149331,0.143800067121449,"m"
6941,-1.5861,22.4514630786932,0.143800338470622,"m"
6942,-1.5861,22.4526326521653,0.143800614382327,"m"
6943,-1.5861,22.4538014397068,0.14380089483141,"m"
6944,-1.5861,22.4549694456748,0.143801179792715,"m"
6945,-1.5861,22.4561366744266,0.143801469241088,"m"
6946,-1.5861,22.4573031303192,0.143801763151372,"m"
6947,-1.5861,22.45846881771,0.143802061498413,"m"
6948,-1.5861,22.4596337409562,0.143802364257055,"m"
6949,-1.5861,22.4607979044148,0.143802671402143,"m"
6950,-1.5861,22.4619613124433,0.143802982908522,"m"
6951,-1.5861,22.4631239693986,0.143803298751037,"m"
6952,-1.5861,22.4642858796382,0.143803618904532,"m"
6953,-1.5861,22.4654470475191,0.143803943343853,"m"
6954,-1.5861,22.4666074773985,0.143804272043843,"m"
6955,-1.5861,22.4677671736337,0.143804604979348,"m"
6956,-1.5861,22.4689261405819,0.143804942125212,"m"
6957,-1.5861,22.4700843826002,0.143805283456281,"m"
6958,-1.5861,22.471241904046,0.143805628947398,"m"
6959,-1.5861,22.4723987092763,0.143805978573409,"m"
6960,-1.5861,22.4735548026484,0.143806332309159,"m"
6961,-1.5861,22.4747101885195,0.143806690129492,"m"
6962,-1.5861,22.4758648712468,0.143807052009252,"m"
6963,-1.5861,22.4770188551875,0.143807417923285,"m"
6964,-1.5861,22.4781721446987,0.143807787846436,"m"
6965,-1.5861,22.4793247441378,0.143808161753549,"m"
6966,-1.5861,22.4804766578619,0.143808539619469,"m"
6967,-1.5861,22.4816278902283,0.14380892141904,"m"
6968,-1.5861,22.482778445594,0.143809307127108,"m"
6969,-1.5861,22.4839283283164,0.143809696718517,"m"
6970,-1.5861,22.4850775427525,0.143810090168113,"m"
6971,-1.5861,22.4862260932598,0.143810487450738,"m"
6972,-1.5861,22.4873739841952,0.14381088854124,"m"
6973,-1.5861,22.4885212199161,0.143811293414461,"m"
6974,-1.5861,22.4896678047796,0.143811702045248,"m"
6975,-1.5861,22.490813743143,0.143812114408444,"m"
6976,-1.5861,22.4919590393635,0.143812530478894,"m"
6977,-1.5861,22.4931036977981,0.143812950231444,"m"
6978,-1.5861,22.4942477228043,0.143813373640938,"m"
6979,-1.5861,22.4953911187391,0.143813800682221,"m"
6980,-1.5861,22.4965338899598,0.143814231330137,"m"
6981,-1.5861,22.4976760408235,0.143814665559531,"m"
6982,-1.5861,22.4988175756876,0.143815103345248,"m"
6983,-1.5861,22.4999584989091,0.143815544662133,"m"
6984,-1.5861,22.5010988148452,0.143815989485031,"m"
6985,-1.5861,22.5022385278533,0.143816437788785,"m"
6986,-1.5861,22.5033776422905,0.143816889548242,"m"
6987,-1.5861,22.504516162514,0.143817344738246,"m"
6988,-1.5861,22.5056540928809,0.143817803333641,"m"
6989,-1.5861,22.5067914377486,0.143818265309272,"m"
6990,-1.5861,22.5079282014742,0.143818730639984,"m"
6991,-1.5861,22.5090643884149,0.143819199300622,"m"
6992,-1.5861,22.5102000029279,0.143819671266031,"m"
6993,-1.5861,22.5113350493704,0.143820146511055,"m"
6994,-1.5861,22.5124695320996,0.143820625010539,"m"
6995,-1.5861,22.5136034554728,0.143821106739328,"m"
6996,-1.5861,22.5147368238471,0.143821591672266,"m"
6997,-1.5861,22.5158696415798,0.143822079784198,"m"
6998,-1.5861,22.517001913028,0.14382257104997,"m"
6999,-1.5861,22.5181336425489,0.143823065444425,"m"
7000,-1.5861,22.5192648344998,0.143823562942409,"m"
7001,-1.5861,22.5203954932378,0.143824063518767,"m"
7002,-1.5861,22.5215256231202,0.143824567148342,"m"
7003,-1.5861,22.5226552285041,0.14382507380598,"m"
7004,-1.5861,22.5237843137469,0.143825583466526,"m"
7005,-1.5861,22.5249128832055,0.143826096104824,"m"
7006,-1.5861,22.5260409412374,0.143826611695719,"m"
7007,-1.5861,22.5271684921996,0.143827130214056,"m"
7008,-1.5861,22.5282955404495,0.143827651634679,"m"
7009,-1.5861,22.5294220903441,0.143828175932434,"m"
7010,-1.5861,22.5305481462407,0.143828703082165,"m"
7011,-1.5861,22.5316737124964,0.143829233058717,"m"
7012,-1.5861,22.5327987934686,0.143829765836934,"m"
7013,-1.5861,22.5339233935144,0.143830301391662,"m"
7014,-1.5861,22.535047516991,0.143830839697744,"m"
7015,-1.5861,22.5361711682556,0.143831380730027,"m"
7016,-1.5861,22.5372943516654,0.143831924463354,"m"
7017,-1.5861,22.5384170715776,0.143832470872571,"m"
7018,-1.5861,22.5395393323495,0.143833019932522,"m"
7019,-1.5861,22.5406611383382,0.143833571618051,"m"
7020,-1.5861,22.5417824939009,0.143834125904004,"m"
7021,-1.5861,22.5429034033948,0.143834682765226,"m"
7022,-1.5861,22.5440238711772,0.143835242176561,"m"
7023,-1.5861,22.5451439016052,0.143835804112853,"m"
7024,-1.5861,22.5462634990361,0.143836368548948,"m"
7025,-1.5861,22.547382667827,0.143836935459691,"m"
7026,-1.5861,22.5485014123352,0.143837504819926,"m"
7027,-1.5861,22.5496197369178,0.143838076604497,"m"
7028,-1.5861,22.5507376459321,0.143838650788251,"m"
7029,-1.5861,22.5518551437353,0.14383922734603,"m"
7030,-1.5861,22.5529722346845,0.143839806252681,"m"
7031,-1.5861,22.554088923137,0.143840387483048,"m"
7032,-1.5861,22.55520521345,0.143840971011975,"m"
7033,-1.5861,22.5563211099807,0.143841556814308,"m"
7034,-1.5861,22.5574366170862,0.143842144864891,"m"
7035,-1.5861,22.5585517391239,0.143842735138569,"m"
7036,-1.5861,22.5596664804508,0.143843327610186,"m"
7037,-1.5861,22.5607808454242,0.143843922254588,"m"
7038,-1.5861,22.5618948384014,0.143844519046619,"m"
7039,-1.5861,22.5630084637394,0.143845117961125,"m"
7040,-1.5861,22.5641217257956,0.143845718972948,"m"
7041,-1.5861,22.5652346289271,0.143846322056936,"m"
7042,-1.5861,22.5663471774911,0.143846927187931,"m"
7043,-1.5861,22.5674593758448,0.143847534340779,"m"
7044,-1.5861,22.5685712283454,0.143848143490325,"m"
7045,-1.5861,22.5696827393502,0.143848754611414,"m"
7046,-1.5861,22.5707939132163,0.14384936767889,"m"
7047,-1.5861,22.571904754301,0.143849982667597,"m"
7048,-1.5861,22.5730152669614,0.143850599552382,"m"
7049,-1.5861,22.5741254555547,0.143851218308088,"m"
7050,-1.5861,22.5752353244382,0.14385183890956,"m"
7051,-1.5861,22.5763448779691,0.143852461331643,"m"
7052,-1.5861,22.5774541205045,0.143853085549182,"m"
7053,-1.5861,22.5785630564017,0.143853711537021,"m"
7054,-1.5861,22.5796716900178,0.143854339270006,"m"
7055,-1.5861,22.5807800257101,0.14385496872298,"m"
7056,-1.5861,22.5818880678358,0.143855599870789,"m"
7057,-1.5861,22.5829958207521,0.143856232688278,"m"
7058,-1.5861,22.5841032888161,0.143856867150291,"m"
7059,-1.5861,22.5852104763852,0.143857503231673,"m"
7060,-1.5861,22.5863173878164,0.143858140907269,"m"
7061,-1.5861,22.5874240274671,0.143858780151923,"m"
7062,-1.5861,22.5885303996943,0.14385942094048,"m"
7063,-1.5861,22.5896365088553,0.143860063247786,"m"
7064,-1.5861,22.5907423593074,0.143860707048684,"m"
7065,-1.5861,22.5918479554076,0.14386135231802,"m"
7066,-1.5861,22.5929533015133,0.143861999030638,"m"
7067,-1.5861,22.5940584019816,0.143862647161383,"m"
7068,-1.5861,22.5951632611698,0.1438632966851,"m"
7069,-1.5861,22.5962678834349,0.143863947576634,"m"
7070,-1.5861,22.5973722731343,0.143864599810828,"m"
7071,-1.5861,22.5984764346251,0.143865253362529,"m"
7072,-1.5861,22.5995803722646,0.143865908206581,"m"
7073,-1.5861,22.6006840904099,0.143866564317828,"m"
7074,-1.5861,22.6017875934183,0.143867221671115,"m"
7075,-1.5861,22.6028908856469,0.143867880241288,"m"
7076,-1.5861,22.6039939714529,0.14386854000319,"m"
7077,-1.5861,22.6050968551937,0.143869200931667,"m"
7078,-1.5861,22.6061995412263,0.143869863001563,"m"
7079,-1.5861,22.6073020339079,0.143870526187723,"m"
7080,-1.5861,22.6084043375959,0.143871190464992,"m"
7081,-1.5861,22.6095064566473,0.143871855808215,"m"
7082,-1.5861,22.6106083954194,0.143872522192236,"m"
7083,-1.5861,22.6117101582694,0.1438731895919,"m"
7084,-1.5861,22.6128117495545,0.143873857982052,"m"
7085,-1.5861,22.6139131736318,0.143874527337536,"m"
7086,-1.5861,22.6150144348587,0.143875197633198,"m"
7087,-1.5861,22.6161155375923,0.143875868843882,"m"
7088,-1.5861,22.6172164861898,0.143876540944433,"m"
7089,-1.5861,22.6183172850083,0.143877213909695,"m"
7090,-1.5861,22.6194179384053,0.143877887714514,"m"
7091,-1.5861,22.6205184507377,0.143878562333734,"m"
7092,-1.5861,22.6216188263628,0.143879237742199,"m"
7093,-1.5861,22.6227190696379,0.143879913914755,"m"
7094,-1.5861,22.6238191849201,0.143880590826247,"m"
7095,-1.5861,22.6249191765666,0.143881268451519,"m"
7096,-1.5861,22.6260190489347,0.143881946765416,"m"
7097,-1.5861,22.6271188063815,0.143882625742782,"m"
7098,-1.5861,22.6282184532643,0.143883305358463,"m"
7099,-1.5861,22.6293179939402,0.143883985587302,"m"
7100,-1.5861,22.6304174327665,0.143884666404146,"m"
7101,-1.5861,22.6315167741003,0.143885347783838,"m"
7102,-1.5861,22.6326160222989,0.143886029701224,"m"
7103,-1.5861,22.6337151817195,0.143886712131148,"m"
7104,-1.5861,22.6348142567192,0.143887395048455,"m"
7105,-1.5861,22.6359132516553,0.143888078427989,"m"
7106,-1.5861,22.637012170885,0.143888762244596,"m"
7107,-1.5861,22.6381110187654,0.14388944647312,"m"
7108,-1.5861,22.6392097996539,0.143890131088406,"m"
7109,-1.5861,22.6403085179076,0.143890816065299,"m"
7110,-1.5861,22.6414071778836,0.143891501378643,"m"
7111,-1.5861,22.6425057839392,0.143892187003283,"m"
7112,-1.5861,22.6436043404317,0.143892872914064,"m"
7113,-1.5861,22.6447028517181,0.143893559085831,"m"
7114,-1.5861,22.6458013221558,0.143894245493428,"m"
7115,-1.5861,22.6468997561019,0.143894932111701,"m"
7116,-1.5861,22.6479981579136,0.143895618915493,"m"
7117,-1.5861,22.6490965319481,0.14389630587965,"m"
7118,-1.5861,22.6501948825627,0.143896992979017,"m"
7119,-1.5861,22.6512932141145,0.143897680188437,"m"
7120,-1.5861,22.6523915309607,0.143898367482757,"m"
7121,-1.5861,22.6534898374586,0.143899054836821,"m"
7122,-1.5861,22.6545881379653,0.143899742225472,"m"
7123,-1.5861,22.6556399726215,0.143900684462697,"m"
7124,-1.5861,22.6566639288159,0.143901779603012,"m"
7125,-1.5861,22.6576878850103,0.143902874743326,"m"
7126,-1.5861,22.6587118412047,0.143903969883641,"m"
7127,-1.5861,22.659735797399,0.143905065023956,"m"
7128,-1.5861,22.6607597535934,0.143906160164271,"m"
7129,-1.5861,22.6617837097878,0.143907255304586,"m"
7130,-1.5861,22.6628076659822,0.143908350444901,"m"
7131,-1.5861,22.6638316221766,0.143909445585216,"m"
7132,-1.5861,22.664855578371,0.14391054072553,"m"
7133,-1.5861,22.6658795345654,0.143911635865845,"m"
7134,-1.5861,22.6669034907598,0.14391273100616,"m"
7135,-1.5861,22.6679274469541,0.143913826146475,"m"
7136,-1.5861,22.6689514031485,0.14391492128679,"m"
7137,-1.5861,22.6699753593429,0.143916016427105,"m"
7138,-1.5861,22.6709993155373,0.14391711156742,"m"
7139,-1.5861,22.6720232717317,0.143918206707734,"m"
7140,-1.5861,22.6730472279261,0.143919301848049,"m"
7141,-1.5861,22.6740711841205,0.143920396988364,"m"
7142,-1.5861,22.6750951403149,0.143921492128679,"m"
7143,-1.5861,22.6761190965092,0.143922587268994,"m"
7144,-1.5861,22.6771430527036,0.143923682409309,"m"
7145,-1.5861,22.678167008898,0.143924777549624,"m"
7146,-1.5861,22.6791909650924,0.143925872689938,"m"
7147,-1.5861,22.6802149212868,0.143926967830253,"m"
7148,-1.5861,22.6812388774812,0.143928062970568,"m"
7149,-1.5861,22.6822628336756,0.143929158110883,"m"
7150,-1.5861,22.68328678987,0.143930253251198,"m"
7151,-1.5861,22.6843107460643,0.143931348391513,"m"
7152,-1.5861,22.6853347022587,0.143932443531828,"m"
7153,-1.5861,22.6863586584531,0.143933538672142,"m"
7154,-1.5861,22.6873826146475,0.143934633812457,"m"
7155,-1.5861,22.6884065708419,0.143935728952772,"m"
7156,-1.5861,22.6894305270363,0.143936824093087,"m"
7157,-1.5861,22.6904544832307,0.143937919233402,"m"
7158,-1.5861,22.6914784394251,0.143939014373717,"m"
7159,-1.5861,22.6925023956194,0.143940109514031,"m"
7160,-1.5861,22.6935263518138,0.143941204654346,"m"
7161,-1.5861,22.6945503080082,0.143942299794661,"m"
7162,-1.5861,22.6955742642026,0.143943394934976,"m"
7163,-1.5861,22.696598220397,0.143944490075291,"m"
7164,-1.5861,22.6976221765914,0.143945585215606,"m"
7165,-1.5861,22.6986461327858,0.143946680355921,"m"
7166,-1.5861,22.6996700889802,0.143947775496235,"m"
7167,-1.5861,22.7006940451745,0.14394887063655,"m"
7168,-1.5861,22.7017180013689,0.143949965776865,"m"
7169,-1.5861,22.7027419575633,0.14395106091718,"m"
7170,-1.5861,22.7037659137577,0.143952156057495,"m"
7171,-1.5861,22.7047898699521,0.14395325119781,"m"
7172,-1.5861,22.7058138261465,0.143954346338125,"m"
7173,-1.5861,22.7068377823409,0.143955441478439,"m"
7174,-1.5861,22.7078617385353,0.143956536618754,"m"
7175,-1.5861,22.7088856947296,0.143957631759069,"m"
7176,-1.5861,22.709909650924,0.143958726899384,"m"
7177,-1.5861,22.7109336071184,0.143959822039699,"m"
7178,-1.5861,22.7119575633128,0.143960917180014,"m"
7179,-1.5861,22.7129815195072,0.143962012320329,"m"
7180,-1.5861,22.7140054757016,0.143963107460643,"m"
7181,-1.5861,22.715029431896,0.143964202600958,"m"
7182,-1.5861,22.7160533880903,0.143965297741273,"m"
7183,-1.5861,22.7170773442847,0.143966392881588,"m"
7184,-1.5861,22.7181013004791,0.143967488021903,"m"
7185,-1.5861,22.7191252566735,0.143968583162218,"m"
7186,-1.5861,22.7201492128679,0.143969678302533,"m"
7187,-1.5861,22.7211731690623,0.143970773442847,"m"
7188,-1.5861,22.7221971252567,0.143971868583162,"m"
7189,-1.5861,22.7232210814511,0.143972963723477,"m"
7190,-1.5861,22.7242450376454,0.143974058863792,"m"
7191,-1.5861,22.7252689938398,0.143975154004107,"m"
7192,-1.5861,22.7262929500342,0.143976249144422,"m"
7193,-1.5861,22.7273169062286,0.143977344284736,"m"
7194,-1.5861,22.728340862423,0.143978439425051,"m"
7195,-1.5861,22.7293648186174,0.143979534565366,"m"
7196,-1.5861,22.7303887748118,0.143980629705681,"m"
7197,-1.5861,22.7314127310062,0.143981724845996,"m"
7198,-1.5861,22.7324366872005,0.143982819986311,"m"
7199,-1.5861,22.7334606433949,0.143983915126626,"m"
7200,-1.5861,22.7344845995893,0.14398501026694,"m"
7201,-1.5861,22.7355085557837,0.143986105407255,"m"
7202,-1.5861,22.7365325119781,0.14398720054757,"m"
7203,-1.5861,22.7375564681725,0.143988295687885,"m"
7204,-1.5861,22.7385804243669,0.1439893908282,"m"
7205,-1.5861,22.7396043805613,0.143990485968515,"m"
7206,-1.5861,22.7406283367556,0.14399158110883,"m"
7207,-1.5861,22.74165229295,0.143992676249144,"m"
7208,-1.5861,22.7426762491444,0.143993771389459,"m"
7209,-1.5861,22.7437002053388,0.143994866529774,"m"
7210,-1.5861,22.7447241615332,0.143995961670089,"m"
7211,-1.5861,22.7457481177276,0.143997056810404,"m"
7212,-1.5861,22.746772073922,0.143998151950719,"m"
7213,-1.5861,22.7477960301164,0.143999247091034,"m"
7214,-1.5861,22.7488199863107,0.144000342231348,"m"
7215,-1.5861,22.7498439425051,0.144001437371663,"m"
7216,-1.5861,22.7508678986995,0.144002532511978,"m"
7217,-1.5861,22.7518918548939,0.144003627652293,"m"
7218,-1.5861,22.7529158110883,0.144004722792608,"m"
7219,-1.5861,22.7539397672827,0.144005817932923,"m"
7220,-1.5861,22.7549637234771,0.144006913073238,"m"
7221,-1.5861,22.7559876796715,0.144008008213552,"m"
7222,-1.5861,22.7570116358658,0.144009103353867,"m"
7223,-1.5861,22.7580355920602,0.144010198494182,"m"
7224,-1.5861,22.7590595482546,0.144011293634497,"m"
7225,-1.5861,22.760083504449,0.144012388774812,"m"
7226,-1.5861,22.7611074606434,0.144013483915127,"m"
7227,-1.5861,22.7621314168378,0.144014579055441,"m"
7228,-1.5861,22.7631553730322,0.144015674195756,"m"
7229,-1.5861,22.7641793292266,0.144016769336071,"m"
7230,-1.5861,22.7652032854209,0.144017864476386,"m"
7231,-1.5861,22.7662272416153,0.144018959616701,"m"
7232,-1.5861,22.7672511978097,0.144020054757016,"m"
7233,-1.5861,22.7682751540041,0.144021149897331,"m"
7234,-1.5861,22.7692991101985,0.144022245037645,"m"
7235,-1.5861,22.7703230663929,0.14402334017796,"m"
7236,-1.5861,22.7713470225873,0.144024435318275,"m"
7237,-1.5861,22.7723709787817,0.14402553045859,"m"
7238,-1.5861,22.773394934976,0.144026625598905,"m"
7239,-1.5861,22.7744188911704,0.14402772073922,"m"
7240,-1.5861,22.7754428473648,0.144028815879535,"m"
7241,-1.5861,22.7764668035592,0.144029911019849,"m"
7242,-1.5861,22.7774907597536,0.144031006160164,"m"
7243,-1.5861,22.778514715948,0.144032101300479,"m"
7244,-1.5861,22.7795386721424,0.144033196440794,"m"
7245,-1.5861,22.7805626283368,0.144034291581109,"m"
7246,-1.5861,22.7815865845311,0.144035386721424,"m"
7247,-1.5861,22.7826105407255,0.144036481861739,"m"
7248,-1.5861,22.7836344969199,0.144037577002053,"m"
7249,-1.5861,22.7846584531143,0.144038672142368,"m"
7250,-1.5861,22.7856824093087,0.144039767282683,"m"
7251,-1.5861,22.7867063655031,0.144040862422998,"m"
7252,-1.5861,22.7877303216975,0.144041957563313,"m"
7253,-1.5861,22.7887542778919,0.144043052703628,"m"
7254,-1.5861,22.7897782340862,0.144044147843943,"m"
7255,-1.5861,22.7908021902806,0.144045242984257,"m"
7256,-1.5861,22.791826146475,0.144046338124572,"m"
7257,-1.5861,22.7928501026694,0.144047433264887,"m"
7258,-1.5861,22.7938740588638,0.144048528405202,"m"
7259,-1.5861,22.7948980150582,0.144049623545517,"m"
7260,-1.5861,22.7959219712526,0.144050718685832,"m"
7261,-1.5861,22.796945927447,0.144051813826146,"m"
7262,-1.5861,22.7979698836413,0.144052908966461,"m"
7263,-1.5861,22.7989938398357,0.144054004106776,"m"
7264,-1.5861,22.8000177960301,0.144055099247091,"m"
7265,-1.5861,22.8010417522245,0.144056194387406,"m"
7266,-1.5861,22.8020657084189,0.144057289527721,"m"
7267,-1.5861,22.8030896646133,0.144058384668036,"m"
7268,-1.5861,22.8041136208077,0.14405947980835,"m"
7269,-1.5861,22.8051375770021,0.144060574948665,"m"
7270,-1.5861,22.8061615331964,0.14406167008898,"m"
7271,-1.5861,22.8071854893908,0.144062765229295,"m"
7272,-1.5861,22.8082094455852,0.14406386036961,"m"
7273,-1.5861,22.8092334017796,0.144064955509925,"m"
7274,-1.5861,22.810257357974,0.14406605065024,"m"
7275,-1.5861,22.8112813141684,0.144067145790554,"m"
7276,-1.5861,22.8123052703628,0.144068240930869,"m"
7277,-1.5861,22.8133292265572,0.144069336071184,"m"
7278,-1.5861,22.8143531827515,0.144070431211499,"m"
7279,-1.5861,22.8153771389459,0.144071526351814,"m"
7280,-1.5861,22.8164010951403,0.144072621492129,"m"
7281,-1.5861,22.8174250513347,0.144073716632444,"m"
7282,-1.5861,22.8184490075291,0.144074811772758,"m"
7283,-1.5861,22.8194729637235,0.144075906913073,"m"
7284,-1.5861,22.8204969199179,0.144077002053388,"m"
7285,-1.5861,22.8215208761123,0.144078097193703,"m"
7286,-1.5861,22.8225448323066,0.144079192334018,"m"
7287,-1.5861,22.823568788501,0.144080287474333,"m"
7288,-1.5861,22.8245927446954,0.144081382614648,"m"
7289,-1.5861,22.8256167008898,0.144082477754962,"m"
7290,-1.5861,22.8266406570842,0.144083572895277,"m"
7291,-1.5861,22.8276646132786,0.144084668035592,"m"
7292,-1.5861,22.828688569473,0.144085763175907,"m"
7293,-1.5861,22.8297125256674,0.144086858316222,"m"
7294,-1.5861,22.8307364818617,0.144087953456537,"m"
7295,-1.5861,22.8317604380561,0.144089048596851,"m"
7296,-1.5861,22.8327843942505,0.144090143737166,"m"
7297,-1.5861,22.8338083504449,0.144091238877481,"m"
7298,-1.5861,22.8348323066393,0.144092334017796,"m"
7299,-1.5861,22.8358562628337,0.144093429158111,"m"
7300,-1.5861,22.8368802190281,0.144094524298426,"m"
7301,-1.5861,22.8379041752224,0.144095619438741,"m"
7302,-1.5861,22.8389281314168,0.144096714579055,"m"
7303,-1.5861,22.8399520876112,0.14409780971937,"m"
7304,-1.5861,22.8409760438056,0.144098904859685,"m"
7305,-1.5861,22.842,0.1441,"m"
730,-0.7942,15.949,0.0831,"f"
731,-0.794744010951403,15.9485044490075,0.0831027378507871,"f"
732,-0.795832032854209,15.9475133470226,0.0831082135523614,"f"
733,-0.796920054757016,15.9465222450376,0.0831136892539357,"f"
734,-0.798008076659822,15.9455311430527,0.0831191649555099,"f"
735,-0.799096098562628,15.9445400410678,0.0831246406570842,"f"
736,-0.800184120465435,15.9435489390828,0.0831301163586584,"f"
737,-0.801272142368241,15.9425578370979,0.0831355920602327,"f"
738,-0.802360164271047,15.9415667351129,0.083141067761807,"f"
739,-0.803448186173853,15.940575633128,0.0831465434633812,"f"
740,-0.80453620807666,15.9395845311431,0.0831520191649555,"f"
741,-0.805624229979466,15.9385934291581,0.0831574948665298,"f"
742,-0.806712251882272,15.9376023271732,0.083162970568104,"f"
743,-0.807800273785079,15.9366112251882,0.0831684462696783,"f"
744,-0.808888295687885,15.9356201232033,0.0831739219712526,"f"
745,-0.809976317590691,15.9346290212183,0.0831793976728268,"f"
746,-0.811064339493498,15.9336379192334,0.0831848733744011,"f"
747,-0.812152361396304,15.9326468172485,0.0831903490759753,"f"
748,-0.81324038329911,15.9316557152635,0.0831958247775496,"f"
749,-0.814328405201917,15.9306646132786,0.0832013004791239,"f"
750,-0.815416427104723,15.9296735112936,0.0832067761806981,"f"
751,-0.816504449007529,15.9286824093087,0.0832122518822724,"f"
752,-0.817592470910335,15.9276913073238,0.0832177275838467,"f"
753,-0.818680492813142,15.9267002053388,0.0832232032854209,"f"
754,-0.819768514715948,15.9257091033539,0.0832286789869952,"f"
755,-0.820856536618754,15.9247180013689,0.0832341546885695,"f"
756,-0.821944558521561,15.923726899384,0.0832396303901437,"f"
757,-0.823032580424367,15.922735797399,0.083245106091718,"f"
758,-0.824120602327173,15.9217446954141,0.0832505817932923,"f"
759,-0.825208624229979,15.9207535934292,0.0832560574948665,"f"
760,-0.826296646132786,15.9197624914442,0.0832615331964408,"f"
761,-0.827384668035592,15.9187713894593,0.0832670088980151,"f"
762,-0.828472689938398,15.9177802874743,0.0832724845995893,"f"
763,-0.829560711841205,15.9167891854894,0.0832779603011636,"f"
764,-0.830648733744011,15.9157980835044,0.0832834360027378,"f"
765,-0.831736755646817,15.9148069815195,0.0832889117043121,"f"
766,-0.832824777549624,15.9138158795346,0.0832943874058864,"f"
767,-0.83391279945243,15.9128247775496,0.0832998631074606,"f"
768,-0.835000821355236,15.9118336755647,0.0833053388090349,"f"
769,-0.836088843258042,15.9108425735797,0.0833108145106092,"f"
770,-0.837176865160849,15.9098514715948,0.0833162902121834,"f"
771,-0.838264887063655,15.9088603696099,0.0833217659137577,"f"
772,-0.839352908966461,15.9078692676249,0.083327241615332,"f"
773,-0.840440930869268,15.90687816564,0.0833327173169062,"f"
774,-0.841528952772074,15.905887063655,0.0833381930184805,"f"
775,-0.84261697467488,15.9048959616701,0.0833436687200547,"f"
776,-0.843704996577686,15.9039048596851,0.083349144421629,"f"
777,-0.844793018480493,15.9029137577002,0.0833546201232033,"f"
778,-0.845881040383299,15.9019226557153,0.0833600958247775,"f"
779,-0.846969062286105,15.9009315537303,0.0833655715263518,"f"
780,-0.848057084188912,15.8999404517454,0.0833710472279261,"f"
781,-0.849145106091718,15.8989493497604,0.0833765229295003,"f"
782,-0.850233127994524,15.8979582477755,0.0833819986310746,"f"
783,-0.851321149897331,15.8969671457906,0.0833874743326489,"f"
784,-0.852409171800137,15.8959760438056,0.0833929500342231,"f"
785,-0.853497193702943,15.8949849418207,0.0833984257357974,"f"
786,-0.85458521560575,15.8939938398357,0.0834039014373717,"f"
787,-0.855673237508556,15.8930027378508,0.0834093771389459,"f"
788,-0.856761259411362,15.8920116358658,0.0834148528405202,"f"
789,-0.857849281314168,15.8910205338809,0.0834203285420945,"f"
790,-0.858937303216975,15.890029431896,0.0834258042436687,"f"
791,-0.860025325119781,15.889038329911,0.083431279945243,"f"
792,-0.861113347022587,15.8880472279261,0.0834367556468172,"f"
793,-0.862201368925394,15.8870561259411,0.0834422313483915,"f"
794,-0.8632893908282,15.8860650239562,0.0834477070499658,"f"
795,-0.864377412731006,15.8850739219713,0.08345318275154,"f"
796,-0.865465434633812,15.8840828199863,0.0834586584531143,"f"
797,-0.866553456536619,15.8830917180014,0.0834641341546886,"f"
798,-0.867641478439425,15.8821006160164,0.0834696098562628,"f"
799,-0.868729500342231,15.8811095140315,0.0834750855578371,"f"
800,-0.869817522245038,15.8801184120465,0.0834805612594114,"f"
801,-0.870905544147844,15.8791273100616,0.0834860369609856,"f"
802,-0.87199356605065,15.8781362080767,0.0834915126625599,"f"
803,-0.873081587953457,15.8771451060917,0.0834969883641341,"f"
804,-0.874169609856263,15.8761540041068,0.0835024640657084,"f"
805,-0.875257631759069,15.8751629021218,0.0835079397672827,"f"
806,-0.876345653661875,15.8741718001369,0.0835134154688569,"f"
807,-0.877433675564682,15.873180698152,0.0835188911704312,"f"
808,-0.878521697467488,15.872189596167,0.0835243668720055,"f"
809,-0.879609719370294,15.8711984941821,0.0835298425735797,"f"
810,-0.880697741273101,15.8702073921971,0.083535318275154,"f"
811,-0.881785763175907,15.8692162902122,0.0835407939767283,"f"
812,-0.882873785078713,15.8682251882272,0.0835462696783025,"f"
813,-0.883961806981519,15.8672340862423,0.0835517453798768,"f"
814,-0.885049828884326,15.8662429842574,0.0835572210814511,"f"
815,-0.886137850787132,15.8652518822724,0.0835626967830253,"f"
816,-0.887225872689938,15.8642607802875,0.0835681724845996,"f"
817,-0.888313894592745,15.8632696783025,0.0835736481861738,"f"
818,-0.889401916495551,15.8622785763176,0.0835791238877481,"f"
819,-0.890489938398357,15.8612874743326,0.0835845995893224,"f"
820,-0.891577960301164,15.8602963723477,0.0835900752908966,"f"
821,-0.89266598220397,15.8593052703628,0.0835955509924709,"f"
822,-0.893754004106776,15.8583141683778,0.0836010266940452,"f"
823,-0.894842026009583,15.8573230663929,0.0836065023956194,"f"
824,-0.895930047912389,15.8563319644079,0.0836119780971937,"f"
825,-0.897018069815195,15.855340862423,0.083617453798768,"f"
826,-0.898106091718001,15.8543497604381,0.0836229295003422,"f"
827,-0.899194113620808,15.8533586584531,0.0836284052019165,"f"
828,-0.900282135523614,15.8523675564682,0.0836338809034907,"f"
829,-0.90137015742642,15.8513764544832,0.083639356605065,"f"
830,-0.902458179329227,15.8503853524983,0.0836448323066393,"f"
831,-0.903546201232033,15.8493942505133,0.0836503080082135,"f"
832,-0.904634223134839,15.8484031485284,0.0836557837097878,"f"
833,-0.905722245037645,15.8474120465435,0.0836612594113621,"f"
834,-0.906810266940452,15.8464209445585,0.0836667351129363,"f"
835,-0.907898288843258,15.8454298425736,0.0836722108145106,"f"
836,-0.908986310746064,15.8444387405886,0.0836776865160849,"f"
837,-0.910074332648871,15.8434476386037,0.0836831622176591,"f"
838,-0.911162354551677,15.8424565366188,0.0836886379192334,"f"
839,-0.912250376454483,15.8414654346338,0.0836941136208077,"f"
840,-0.91333839835729,15.8404743326489,0.0836995893223819,"f"
841,-0.914426420260096,15.8394832306639,0.0837050650239562,"f"
842,-0.915514442162902,15.838492128679,0.0837105407255305,"f"
843,-0.916602464065708,15.837501026694,0.0837160164271047,"f"
844,-0.917690485968515,15.8365099247091,0.083721492128679,"f"
845,-0.918778507871321,15.8355188227242,0.0837269678302532,"f"
846,-0.919866529774127,15.8345277207392,0.0837324435318275,"f"
847,-0.920954551676934,15.8335366187543,0.0837379192334018,"f"
848,-0.92204257357974,15.8325455167693,0.083743394934976,"f"
849,-0.923130595482546,15.8315544147844,0.0837488706365503,"f"
850,-0.924218617385352,15.8305633127995,0.0837543463381246,"f"
851,-0.925306639288159,15.8295722108145,0.0837598220396988,"f"
852,-0.926394661190965,15.8285811088296,0.0837652977412731,"f"
853,-0.927482683093771,15.8275900068446,0.0837707734428474,"f"
854,-0.928570704996578,15.8265989048597,0.0837762491444216,"f"
855,-0.929658726899384,15.8256078028747,0.0837817248459959,"f"
856,-0.93074674880219,15.8246167008898,0.0837872005475701,"f"
857,-0.931834770704997,15.8236255989049,0.0837926762491444,"f"
858,-0.932922792607803,15.8226344969199,0.0837981519507187,"f"
859,-0.934010814510609,15.821643394935,0.0838036276522929,"f"
860,-0.935098836413416,15.82065229295,0.0838091033538672,"f"
861,-0.936186858316222,15.8196611909651,0.0838145790554415,"f"
862,-0.937274880219028,15.8186700889802,0.0838200547570157,"f"
863,-0.938362902121834,15.8176789869952,0.08382553045859,"f"
864,-0.939450924024641,15.8166878850103,0.0838310061601643,"f"
865,-0.940538945927447,15.8156967830253,0.0838364818617385,"f"
866,-0.941626967830253,15.8147056810404,0.0838419575633128,"f"
867,-0.94271498973306,15.8137145790554,0.0838474332648871,"f"
868,-0.943803011635866,15.8127234770705,0.0838529089664613,"f"
869,-0.944891033538672,15.8117323750856,0.0838583846680356,"f"
870,-0.945979055441478,15.8107412731006,0.0838638603696099,"f"
871,-0.947067077344285,15.8097501711157,0.0838693360711841,"f"
872,-0.948155099247091,15.8087590691307,0.0838748117727584,"f"
873,-0.949243121149897,15.8077679671458,0.0838802874743326,"f"
874,-0.950331143052704,15.8067768651608,0.0838857631759069,"f"
875,-0.95141916495551,15.8057857631759,0.0838912388774812,"f"
876,-0.952507186858316,15.804794661191,0.0838967145790554,"f"
877,-0.953595208761123,15.803803559206,0.0839021902806297,"f"
878,-0.954683230663929,15.8028124572211,0.083907665982204,"f"
879,-0.955771252566735,15.8018213552361,0.0839131416837782,"f"
880,-0.956859274469541,15.8008302532512,0.0839186173853525,"f"
881,-0.957947296372348,15.7998391512663,0.0839240930869268,"f"
882,-0.959035318275154,15.7988480492813,0.083929568788501,"f"
883,-0.96012334017796,15.7978569472964,0.0839350444900753,"f"
884,-0.961211362080767,15.7968658453114,0.0839405201916495,"f"
885,-0.962299383983573,15.7958747433265,0.0839459958932238,"f"
886,-0.963387405886379,15.7948836413415,0.0839514715947981,"f"
887,-0.964475427789185,15.7938925393566,0.0839569472963723,"f"
888,-0.965563449691992,15.7929014373717,0.0839624229979466,"f"
889,-0.966651471594798,15.7919103353867,0.0839678986995209,"f"
890,-0.967739493497604,15.7909192334018,0.0839733744010951,"f"
891,-0.968827515400411,15.7899281314168,0.0839788501026694,"f"
892,-0.969915537303217,15.7889370294319,0.0839843258042437,"f"
893,-0.971003559206023,15.787945927447,0.0839898015058179,"f"
894,-0.97209158110883,15.786954825462,0.0839952772073922,"f"
895,-0.973179603011636,15.7859637234771,0.0840007529089665,"f"
896,-0.974267624914442,15.7849726214921,0.0840062286105407,"f"
897,-0.975355646817248,15.7839815195072,0.084011704312115,"f"
898,-0.976443668720055,15.7829904175222,0.0840171800136893,"f"
899,-0.977531690622861,15.7819993155373,0.0840226557152635,"f"
900,-0.978619712525667,15.7810082135524,0.0840281314168378,"f"
901,-0.979707734428474,15.7800171115674,0.084033607118412,"f"
902,-0.98079575633128,15.7790260095825,0.0840390828199863,"f"
903,-0.981883778234086,15.7780349075975,0.0840445585215606,"f"
904,-0.982971800136893,15.7770438056126,0.0840500342231348,"f"
905,-0.984059822039699,15.7760527036277,0.0840555099247091,"f"
906,-0.985147843942505,15.7750616016427,0.0840609856262834,"f"
907,-0.986235865845311,15.7740704996578,0.0840664613278576,"f"
908,-0.987323887748118,15.7730793976728,0.0840719370294319,"f"
909,-0.988411909650924,15.7720882956879,0.0840774127310061,"f"
910,-0.98949993155373,15.7710971937029,0.0840828884325804,"f"
911,-0.990587953456537,15.770106091718,0.0840883641341547,"f"
912,-0.991675975359343,15.7691149897331,0.0840938398357289,"f"
913,-0.992763997262149,15.7681238877481,0.0840993155373032,"f"
914,-0.993811176583966,15.7672082151702,0.084105209459292,"f"
915,-0.994852517970412,15.7663033226721,0.0841111632224725,"f"
916,-0.995893852198435,15.7653984398837,0.0841171171938381,"f"
917,-0.996935175450209,15.7644935719834,0.084123071484421,"f"
918,-0.997976483907907,15.7635887241497,0.0841290262052532,"f"
919,-0.999017773753706,15.7626839015611,0.0841349814673667,"f"
920,-1.00005904116978,15.7617791093961,0.0841409373817938,"f"
921,-1.0011002823383,15.7608743528331,0.0841468940595663,"f"
922,-1.00214149344144,15.7599696370507,0.0841528516117165,"f"
923,-1.00318267066138,15.7590649672273,0.0841588101492764,"f"
924,-1.00422381018028,15.7581603485414,0.0841647697832781,"f"
925,-1.00526490818034,15.7572557861715,0.0841707306247537,"f"
926,-1.00630596084371,15.7563512852961,0.0841766927847352,"f"
927,-1.00734696435257,15.7554468510936,0.0841826563742547,"f"
928,-1.00838791488911,15.7545424887425,0.0841886215043443,"f"
929,-1.00942880863548,15.7536382034214,0.0841945882860361,"f"
930,-1.01046964177387,15.7527340003086,0.0842005568303622,"f"
931,-1.01151041048645,15.7518298845827,0.0842065272483546,"f"
932,-1.01255111095539,15.7509258614222,0.0842124996510454,"f"
933,-1.01359173936288,15.7500219360055,0.0842184741494667,"f"
934,-1.01463229189107,15.7491181135111,0.0842244508546507,"f"
935,-1.01567276472216,15.7482143991175,0.0842304298776292,"f"
936,-1.0167131540383,15.7473107980032,0.0842364113294345,"f"
937,-1.01775345602168,15.7464073153467,0.0842423953210986,"f"
938,-1.01879366685447,15.7455039563264,0.0842483819636537,"f"
939,-1.01983378271884,15.7446007261208,0.0842543713681317,"f"
940,-1.02087379979697,15.7436976299084,0.0842603636455647,"f"
941,-1.02191371427103,15.7427946728677,0.0842663589069849,"f"
942,-1.0229535223232,15.7418918601772,0.0842723572634243,"f"
943,-1.02399322013565,15.7409891970154,0.084278358825915,"f"
944,-1.02503280389056,15.7400866885606,0.0842843637054891,"f"
945,-1.02607226977009,15.7391843399915,0.0842903720131786,"f"
946,-1.02711161395643,15.7382821564865,0.0842963838600156,"f"
947,-1.02815083263175,15.737380143224,0.0843023993570323,"f"
948,-1.02918992197821,15.7364783053826,0.0843084186152606,"f"
949,-1.03022887817801,15.7355766481407,0.0843144417457328,"f"
950,-1.0312676974133,15.7346751766769,0.0843204688594808,"f"
951,-1.03230637586627,15.7337738961695,0.0843265000675367,"f"
952,-1.03334490971909,15.7328728117972,0.0843325354809326,"f"
953,-1.03438329515393,15.7319719287383,0.0843385752107006,"f"
954,-1.03542152835296,15.7310712521713,0.0843446193678728,"f"
955,-1.03645960549837,15.7301707872748,0.0843506680634812,"f"
956,-1.03749752277233,15.7292705392271,0.0843567214085579,"f"
957,-1.038535276357,15.7283705132069,0.0843627795141351,"f"
958,-1.03957286243457,15.7274707143925,0.0843688424912447,"f"
959,-1.04061027718721,15.7265711479625,0.084374910450919,"f"
960,-1.04164751679709,15.7256718190953,0.0843809835041898,"f"
961,-1.04268457744638,15.7247727329694,0.0843870617620894,"f"
962,-1.04372145531727,15.7238738947633,0.0843931453356498,"f"
963,-1.04475814659192,15.7229753096555,0.084399234335903,"f"
964,-1.04579464745252,15.7220769828245,0.0844053288738813,"f"
965,-1.04683095408122,15.7211789194487,0.0844114290606165,"f"
966,-1.04786706266022,15.7202811247066,0.0844175350071409,"f"
967,-1.04890296937167,15.7193836037767,0.0844236468244865,"f"
968,-1.04993867039777,15.7184863618375,0.0844297646236854,"f"
969,-1.05097416192067,15.7175894040674,0.0844358885157696,"f"
970,-1.05200944012256,15.716692735645,0.0844420186117713,"f"
971,-1.05304450118561,15.7157963617488,0.0844481550227225,"f"
972,-1.05407934129199,15.7149002875571,0.0844542978596553,"f"
973,-1.05511395662387,15.7140045182485,0.0844604472336017,"f"
974,-1.05614834336344,15.7131090590015,0.084466603255594,"f"
975,-1.05718249769287,15.7122139149946,0.084472766036664,"f"
976,-1.05821641579433,15.7113190914062,0.084478935687844,"f"
977,-1.05925009384999,15.7104245934148,0.084485112320166,"f"
978,-1.06028352804203,15.7095304261989,0.084491296044662,"f"
979,-1.06131671455262,15.7086365949369,0.0844974869723642,"f"
980,-1.06234964956394,15.7077431048075,0.0845036852143047,"f"
981,-1.06338232925816,15.7068499609889,0.0845098908815154,"f"
982,-1.06441474981745,15.7059571686598,0.0845161040850286,"f"
983,-1.065446907424,15.7050647329986,0.0845223249358762,"f"
984,-1.06647879825997,15.7041726591838,0.0845285535450904,"f"
985,-1.06751041850754,15.7032809523939,0.0845347900237032,"f"
986,-1.06854176434888,15.7023896178072,0.0845410344827467,"f"
987,-1.06957283196617,15.7014986606025,0.084547287033253,"f"
988,-1.07060361754157,15.700608085958,0.0845535477862542,"f"
989,-1.07163411725728,15.6997178990523,0.0845598168527823,"f"
990,-1.07266432729545,15.6988281050639,0.0845660943438694,"f"
991,-1.07369424383827,15.6979387091713,0.0845723803705477,"f"
992,-1.0747238630679,15.6970497165528,0.0845786750438492,"f"
993,-1.07575318116653,15.6961611323871,0.0845849784748059,"f"
994,-1.07678219431632,15.6952729618526,0.0845912907744499,"f"
995,-1.07781089869945,15.6943852101278,0.0845976120538134,"f"
996,-1.0788392904981,15.6934978823912,0.0846039424239284,"f"
997,-1.07986736589444,15.6926109838211,0.084610281995827,"f"
998,-1.08089512107064,15.6917245195962,0.0846166308805412,"f"
999,-1.08192255220887,15.6908384948949,0.0846229891891032,"f"
1000,-1.08294965549132,15.6899529148957,0.084629357032545,"f"
1001,-1.08397642710016,15.6890677847771,0.0846357345218987,"f"
1002,-1.08500286321755,15.6881831097175,0.0846421217681964,"f"
1003,-1.08602896002568,15.6872988948954,0.0846485188824702,"f"
1004,-1.08705471370672,15.6864151454894,0.0846549259757521,"f"
1005,-1.08808012044284,15.6855318666778,0.0846613431590742,"f"
1006,-1.08910517641622,15.6846490636392,0.0846677705434686,"f"
1007,-1.09012987780903,15.6837667415521,0.0846742082399674,"f"
1008,-1.09115422080344,15.6828849055949,0.0846806563596026,"f"
1009,-1.09217820158163,15.6820035609461,0.0846871150134064,"f"
1010,-1.09320181632578,15.6811227127843,0.0846935843124108,"f"
1011,-1.09422506121806,15.6802423662878,0.084700064367648,"f"
1012,-1.09524793244063,15.6793625266351,0.0847065552901498,"f"
1013,-1.09627042617569,15.6784831990049,0.0847130571909486,"f"
1014,-1.09729253860539,15.6776043885754,0.0847195701810763,"f"
1015,-1.09831426591193,15.6767261005252,0.0847260943715649,"f"
1016,-1.09933560427745,15.6758483400329,0.0847326298734467,"f"
1017,-1.10035654988416,15.6749711122768,0.0847391767977537,"f"
1018,-1.10137709891421,15.6740944224354,0.0847457352555179,"f"
1019,-1.10239724754978,15.6732182756873,0.0847523053577715,"f"
1020,-1.10341699197305,15.6723426772109,0.0847588872155464,"f"
1021,-1.10443632836619,15.6714676321847,0.0847654809398749,"f"
1022,-1.10545525291137,15.6705931457871,0.0847720866417889,"f"
1023,-1.10647376179078,15.6697192231968,0.0847787044323206,"f"
1024,-1.10749185118657,15.668845869592,0.084785334422502,"f"
1025,-1.10850951728093,15.6679730901514,0.0847919767233652,"f"
1026,-1.10952675625604,15.6671008900534,0.0847986314459423,"f"
1027,-1.11054356429406,15.6662292744764,0.0848052987012653,"f"
1028,-1.11155993757717,15.665358248599,0.0848119786003665,"f"
1029,-1.11257587228754,15.6644878175997,0.0848186712542777,"f"
1030,-1.11359136460736,15.6636179866569,0.0848253767740312,"f"
1031,-1.11460641071878,15.6627487609491,0.0848320952706589,"f"
1032,-1.11562100680399,15.6618801456548,0.084838826855193,"f"
1033,-1.11663514904517,15.6610121459525,0.0848455716386655,"f"
1034,-1.11764883362448,15.6601447670206,0.0848523297321086,"f"
1035,-1.11866205672409,15.6592780140376,0.0848591012465543,"f"
1036,-1.1196748145262,15.6584118921821,0.0848658862930347,"f"
1037,-1.12068710321296,15.6575464066325,0.0848726849825818,"f"
1038,-1.12169891896655,15.6566815625672,0.0848794974262278,"f"
1039,-1.12271025796915,15.6558173651648,0.0848863237350046,"f"
1040,-1.12372111640293,15.6549538196037,0.0848931640199445,"f"
1041,-1.12473149045006,15.6540909310625,0.0849000183920795,"f"
1042,-1.12574137629272,15.6532287047195,0.0849068869624416,"f"
1043,-1.12675077011309,15.6523671457534,0.084913769842063,"f"
1044,-1.12775966809333,15.6515062593425,0.0849206671419757,"f"
1045,-1.12876806641563,15.6506460506653,0.0849275789732118,"f"
1046,-1.12977596126215,15.6497865249004,0.0849345054468034,"f"
1047,-1.13078334881507,15.6489276872262,0.0849414466737825,"f"
1048,-1.13179022525657,15.6480695428212,0.0849484027651813,"f"
1049,-1.13279658676881,15.6472120968638,0.0849553738320317,"f"
1050,-1.13380242953398,15.6463553545326,0.084962359985366,"f"
1051,-1.13480774973425,15.6454993210061,0.0849693613362162,"f"
1052,-1.13581254355178,15.6446440014626,0.0849763779956143,"f"
1053,-1.13681680716877,15.6437894010808,0.0849834100745924,"f"
1054,-1.13782053676737,15.642935525039,0.0849904576841827,"f"
1055,-1.13882372852976,15.6420823785158,0.0849975209354171,"f"
1056,-1.13982637863813,15.6412299666897,0.0850045999393278,"f"
1057,-1.14082848327464,15.640378294739,0.0850116948069469,"f"
1058,-1.14183003862146,15.6395273678424,0.0850188056493064,"f"
1059,-1.14283104086077,15.6386771911782,0.0850259325774384,"f"
1060,-1.14383148617475,15.637827769925,0.085033075702375,"f"
1061,-1.14483137074557,15.6369791092613,0.0850402351351483,"f"
1062,-1.14583069075541,15.6361312143655,0.0850474109867903,"f"
1063,-1.14682944238643,15.6352840904161,0.0850546033683332,"f"
1064,-1.14782762182081,15.6344377425916,0.085061812390809,"f"
1065,-1.14882522524073,15.6335921760704,0.0850690381652497,"f"
1066,-1.14982224882836,15.6327473960312,0.0850762808026875,"f"
1067,-1.15081868876587,15.6319034076522,0.0850835404141545,"f"
1068,-1.15181454123544,15.6310602161121,0.0850908171106827,"f"
1069,-1.15280980241925,15.6302178265893,0.0850981110033042,"f"
1070,-1.15380446849946,15.6293762442622,0.085105422203051,"f"
1071,-1.15479853565826,15.6285354743095,0.0851127508209554,"f"
1072,-1.15579200007781,15.6276955219094,0.0851200969680493,"f"
1073,-1.15678485794029,15.6268563922406,0.0851274607553648,"f"
1074,-1.15777710542788,15.6260180904815,0.085134842293934,"f"
1075,-1.15876873872274,15.6251806218106,0.085142241694789,"f"
1076,-1.15975975400706,15.6243439914063,0.0851496590689619,"f"
1077,-1.160750147463,15.6235082044472,0.0851570945274847,"f"
1078,-1.16173991527275,15.6226732661117,0.0851645481813895,"f"
1079,-1.16272905361847,15.6218391815784,0.0851720201417084,"f"
1080,-1.16371755868234,15.6210059560256,0.0851795105194735,"f"
1081,-1.16470542664653,15.6201735946319,0.0851870194257169,"f"
1082,-1.16569265369323,15.6193421025758,0.0851945469714706,"f"
1083,-1.16667923600459,15.6185114850357,0.0852020932677667,"f"
1084,-1.1676651697628,15.6176817471901,0.0852096584256373,"f"
1085,-1.16865045115003,15.6168528942175,0.0852172425561145,"f"
1086,-1.16963507634846,15.6160249312964,0.0852248457702304,"f"
1087,-1.17061904154026,15.6151978636053,0.085232468179017,"f"
1088,-1.1716023429076,15.6143716963226,0.0852401098935064,"f"
1089,-1.17258497663266,15.6135464346269,0.0852477710247307,"f"
1090,-1.17356693889761,15.6127220836965,0.0852554516837219,"f"
1091,-1.17454822588462,15.61189864871,0.0852631519815123,"f"
1092,-1.17552883377588,15.611076134846,0.0852708720291337,"f"
1093,-1.17650875875355,15.6102545472827,0.0852786119376184,"f"
1094,-1.17748799699981,15.6094338911988,0.0852863718179983,"f"
1095,-1.17846654469683,15.6086141717727,0.0852941517813057,"f"
1096,-1.17944439803745,15.6077953941687,0.0853019519381202,"f"
1097,-1.18042155450388,15.6069775618309,0.0853097723443029,"f"
1098,-1.18139801408256,15.6061606748628,0.0853176129494423,"f"
1099,-1.18237377704763,15.605344732984,0.0853254736909169,"f"
1100,-1.18334884367323,15.6045297359141,0.0853333545061053,"f"
1101,-1.18432321423349,15.6037156833727,0.0853412553323859,"f"
1102,-1.18529688900257,15.6029025750795,0.0853491761071374,"f"
1103,-1.18626986825459,15.6020904107541,0.0853571167677383,"f"
1104,-1.18724215226372,15.601279190116,0.0853650772515671,"f"
1105,-1.18821374130407,15.600468912885,0.0853730574960024,"f"
1106,-1.18918463564981,15.5996595787806,0.0853810574384226,"f"
1107,-1.19015483557506,15.5988511875224,0.0853890770162064,"f"
1108,-1.19112434135397,15.59804373883,0.0853971161667322,"f"
1109,-1.19209315326069,15.5972372324232,0.0854051748273787,"f"
1110,-1.19306127156934,15.5964316680214,0.0854132529355243,"f"
1111,-1.19402869655409,15.5956270453444,0.0854213504285476,"f"
1112,-1.19499542848905,15.5948233641117,0.0854294672438271,"f"
1113,-1.19596146764839,15.5940206240429,0.0854376033187414,"f"
1114,-1.19692681430623,15.5932188248577,0.085445758590669,"f"
1115,-1.19789146873673,15.5924179662757,0.0854539329969884,"f"
1116,-1.19885543121402,15.5916180480164,0.0854621264750782,"f"
1117,-1.19981870201224,15.5908190697996,0.0854703389623169,"f"
1118,-1.20078128140553,15.5900210313449,0.0854785703960831,"f"
1119,-1.20174316966805,15.5892239323718,0.0854868207137553,"f"
1120,-1.20270436707392,15.5884277725999,0.0854950898527121,"f"
1121,-1.20366487389729,15.587632551749,0.0855033777503319,"f"
1122,-1.2046246904123,15.5868382695386,0.0855116843439933,"f"
1123,-1.2055838168931,15.5860449256883,0.0855200095710748,"f"
1124,-1.20654225361382,15.5852525199177,0.0855283533689551,"f"
1125,-1.2075000008486,15.5844610519465,0.0855367156750126,"f"
1126,-1.20845705887159,15.5836705214943,0.0855450964266258,"f"
1127,-1.20941342795693,15.5828809282807,0.0855534955611734,"f"
1128,-1.21036910837876,15.5820922720253,0.0855619130160338,"f"
1129,-1.21132410041123,15.5813045524477,0.0855703487285856,"f"
1130,-1.21227840432846,15.5805177692676,0.0855788026362073,"f"
1131,-1.21323202040462,15.5797319222045,0.0855872746762775,"f"
1132,-1.21418494891382,15.5789470109782,0.0855957647861747,"f"
1133,-1.21513719013023,15.5781630353081,0.0856042729032774,"f"
1134,-1.21608874432797,15.577379994914,0.0856127989649643,"f"
1135,-1.2170396117812,15.5765978895154,0.0856213429086137,"f"
1136,-1.21798979276405,15.575816718832,0.0856299046716043,"f"
1137,-1.21893928755066,15.5750364825833,0.0856384841913145,"f"
1138,-1.21988809641518,15.5742571804891,0.085647081405123,"f"
1139,-1.22083621963174,15.5734788122688,0.0856556962504083,"f"
1140,-1.2217836574745,15.5727013776422,0.0856643286645489,"f"
1141,-1.22273041021758,15.5719248763289,0.0856729785849233,"f"
1142,-1.22367647813514,15.5711493080484,0.0856816459489102,"f"
1143,-1.2246218615013,15.5703746725204,0.0856903306938879,"f"
1144,-1.22556656059023,15.5696009694645,0.0856990327572352,"f"
1145,-1.22651057567604,15.5688281986003,0.0857077520763304,"f"
1146,-1.2274539070329,15.5680563596475,0.0857164885885522,"f"
1147,-1.22839655493494,15.5672854523256,0.085725242231279,"f"
1148,-1.22933851965629,15.5665154763543,0.0857340129418895,"f"
1149,-1.23027980147111,15.5657464314532,0.0857428006577621,"f"
1150,-1.23122040065353,15.5649783173419,0.0857516053162755,"f"
1151,-1.2321603174777,15.56421113374,0.085760426854808,"f"
1152,-1.23309955221775,15.5634448803672,0.0857692652107384,"f"
1153,-1.23403810514784,15.562679556943,0.085778120321445,"f"
1154,-1.23497597654209,15.5619151631871,0.0857869921243066,"f"
1155,-1.23591316667465,15.5611516988192,0.0857958805567015,"f"
1156,-1.23684967581967,15.5603891635587,0.0858047855560083,"f"
1157,-1.23778550425128,15.5596275571254,0.0858137070596056,"f"
1158,-1.23872065224362,15.5588668792388,0.0858226450048719,"f"
1159,-1.23965512007084,15.5581071296186,0.0858315993291858,"f"
1160,-1.24058890800709,15.5573483079844,0.0858405699699258,"f"
1161,-1.24152201632649,15.5565904140558,0.0858495568644703,"f"
1162,-1.24245444530319,15.5558334475524,0.0858585599501981,"f"
1163,-1.24338619521134,15.5550774081939,0.0858675791644875,"f"
1164,-1.24431726632507,15.5543222956998,0.0858766144447172,"f"
1165,-1.24524765891853,15.5535681097899,0.0858856657282657,"f"
1166,-1.24617737326586,15.5528148501836,0.0858947329525115,"f"
1167,-1.24710640964119,15.5520625166006,0.0859038160548331,"f"
1168,-1.24803476831868,15.5513111087606,0.0859129149726091,"f"
1169,-1.24896244957246,15.5505606263831,0.0859220296432181,"f"
1170,-1.24988945367667,15.5498110691878,0.0859311600040386,"f"
1171,-1.25081578090546,15.5490624368942,0.085940305992449,"f"
1172,-1.25174143153297,15.5483147292221,0.085949467545828,"f"
1173,-1.25266640583333,15.547567945891,0.0859586446015541,"f"
1174,-1.2535907040807,15.5468220866205,0.0859678370970059,"f"
1175,-1.2545143265492,15.5460771511303,0.0859770449695618,"f"
1176,-1.25543727351299,15.54533313914,0.0859862681566004,"f"
1177,-1.25635954524621,15.5445900503692,0.0859955065955002,"f"
1178,-1.25728114202299,15.5438478845375,0.0860047602236398,"f"
1179,-1.25820206411747,15.5431066413645,0.0860140289783978,"f"
1180,-1.25912231180381,15.5423663205698,0.0860233127971526,"f"
1181,-1.26004188535614,15.5416269218732,0.0860326116172828,"f"
1182,-1.2609607850486,15.5408884449941,0.086041925376167,"f"
1183,-1.26187901115533,15.5401508896522,0.0860512540111836,"f"
1184,-1.26279656395048,15.5394142555672,0.0860605974597113,"f"
1185,-1.26371344370818,15.5386785424585,0.0860699556591284,"f"
1186,-1.26462965070259,15.537943750046,0.0860793285468137,"f"
1187,-1.26554518520783,15.5372098780491,0.0860887160601457,"f"
1188,-1.26646004749806,15.5364769261875,0.0860981181365028,"f"
1189,-1.2673742378474,15.5357448941808,0.0861075347132636,"f"
1190,-1.26828775653001,15.5350137817486,0.0861169657278066,"f"
1191,-1.26920060382003,15.5342835886106,0.0861264111175105,"f"
1192,-1.2701127799916,15.5335543144863,0.0861358708197537,"f"
1193,-1.27102428531885,15.5328259590955,0.0861453447719147,"f"
1194,-1.27193512007593,15.5320985221576,0.0861548329113721,"f"
1195,-1.27284528453699,15.5313720033924,0.0861643351755045,"f"
1196,-1.27375477897616,15.5306464025193,0.0861738515016904,"f"
1197,-1.27466360366758,15.5299217192582,0.0861833818273083,"f"
1198,-1.2755717588854,15.5291979533285,0.0861929260897367,"f"
1199,-1.27647924490376,15.5284751044499,0.0862024842263542,"f"
1200,-1.2773860619968,15.527753172342,0.0862120561745394,"f"
1201,-1.27829221043866,15.5270321567244,0.0862216418716708,"f"
1202,-1.27919769050348,15.5263120573168,0.0862312412551268,"f"
1203,-1.2801025024654,15.5255928738387,0.0862408542622861,"f"
1204,-1.28100664659857,15.5248746060098,0.0862504808305272,"f"
1205,-1.28191012317713,15.5241572535497,0.0862601208972287,"f"
1206,-1.28281293247522,15.5234408161781,0.086269774399769,"f"
1207,-1.28371507476697,15.5227252936144,0.0862794412755267,"f"
1208,-1.28461655032654,15.5220106855784,0.0862891214618803,"f"
1209,-1.28551735942806,15.5212969917897,0.0862988148962085,"f"
1210,-1.28641750234568,15.5205842119679,0.0863085215158896,"f"
1211,-1.28731697935353,15.5198723458325,0.0863182412583024,"f"
1212,-1.28821579072576,15.5191613931033,0.0863279740608252,"f"
1213,-1.2891139367365,15.5184513534999,0.0863377198608367,"f"
1214,-1.29001141765991,15.5177422267418,0.0863474785957153,"f"
1215,-1.29090823377013,15.5170340125486,0.0863572502028397,"f"
1216,-1.29180438534128,15.5163267106401,0.0863670346195883,"f"
1217,-1.29269987264752,15.5156203207358,0.0863768317833397,"f"
1218,-1.29359469596299,15.5149148425553,0.0863866416314724,"f"
1219,-1.29448885556182,15.5142102758182,0.0863964641013651,"f"
1220,-1.29538235171817,15.5135066202442,0.0864062991303961,"f"
1221,-1.29627518470616,15.5128038755529,0.0864161466559441,"f"
1222,-1.29716735479995,15.5121020414639,0.0864260066153875,"f"
1223,-1.29805886227367,15.5114011176969,0.086435878946105,"f"
1224,-1.29894970740147,15.5107011039713,0.0864457635854751,"f"
1225,-1.29983989045749,15.5100020000069,0.0864556604708763,"f"
1226,-1.30072941171587,15.5093038055233,0.0864655695396871,"f"
1227,-1.30161827145074,15.5086065202401,0.0864754907292861,"f"
1228,-1.30250646993626,15.5079101438769,0.0864854239770518,"f"
1229,-1.30339400744656,15.5072146761533,0.0864953692203627,"f"
1230,-1.30428088425579,15.506520116789,0.0865053263965975,"f"
1231,-1.30516710063808,15.5058264655035,0.0865152954431346,"f"
1232,-1.30605265686758,15.5051337220165,0.0865252762973526,"f"
1233,-1.30693755321843,15.5044418860476,0.08653526889663,"f"
1234,-1.30782178996477,15.5037509573164,0.0865452731783454,"f"
1235,-1.30870536738074,15.5030609355426,0.0865552890798772,"f"
1236,-1.30958828574049,15.5023718204457,0.0865653165386041,"f"
1237,-1.31047054531815,15.5016836117453,0.0865753554919045,"f"
1238,-1.31135214638787,15.5009963091612,0.0865854058771571,"f"
1239,-1.31223308922379,15.5003099124129,0.0865954676317403,"f"
1240,-1.31311337410005,15.49962442122,0.0866055406930327,"f"
1241,-1.31399300129079,15.4989398353021,0.0866156249984128,"f"
1242,-1.31487197107015,15.4982561543789,0.0866257204852591,"f"
1243,-1.31575028371228,15.49757337817,0.0866358270909503,"f"
1244,-1.31662793949131,15.496891506395,0.0866459447528648,"f"
1245,-1.31750493868139,15.4962105387735,0.0866560734083812,"f"
1246,-1.31838128155666,15.4955304750251,0.086666212994878,"f"
1247,-1.31925696839126,15.4948513148695,0.0866763634497338,"f"
1248,-1.32013199945934,15.4941730580262,0.0866865247103271,"f"
1249,-1.32100637503502,15.4934957042149,0.0866966967140364,"f"
1250,-1.32188009539247,15.4928192531553,0.0867068793982403,"f"
1251,-1.32275316080581,15.4921437045668,0.0867170727003172,"f"
1252,-1.32362557154918,15.4914690581692,0.0867272765576459,"f"
1253,-1.32449732789674,15.490795313682,0.0867374909076047,"f"
1254,-1.32536843012262,15.490122470825,0.0867477156875723,"f"
1255,-1.32623887850096,15.4894505293176,0.0867579508349271,"f"
1256,-1.3271086733059,15.4887794888795,0.0867681962870477,"f"
1257,-1.3279778148116,15.4881093492304,0.0867784519813127,"f"
1258,-1.32884630329217,15.4874401100898,0.0867887178551005,"f"
1259,-1.32971413902178,15.4867717711773,0.0867989938457898,"f"
1260,-1.33058132227456,15.4861043322127,0.0868092798907591,"f"
1261,-1.33144785332465,15.4854377929154,0.0868195759273868,"f"
1262,-1.33231373244619,15.4847721530052,0.0868298818930516,"f"
1263,-1.33317895991333,15.4841074122016,0.0868401977251319,"f"
1264,-1.33404353600021,15.4834435702243,0.0868505233610064,"f"
1265,-1.33490746098096,15.4827806267928,0.0868608587380535,"f"
1266,-1.33577073512973,15.4821185816268,0.0868712037936518,"f"
1267,-1.33663335872066,15.481457434446,0.0868815584651799,"f"
1268,-1.3374953320279,15.4807971849698,0.0868919226900162,"f"
1269,-1.33835665532558,15.480137832918,0.0869022964055393,"f"
1270,-1.33921732888784,15.4794793780102,0.0869126795491278,"f"
1271,-1.34007735298884,15.4788218199659,0.0869230720581602,"f"
1272,-1.3409367279027,15.4781651585049,0.086933473870015,"f"
1273,-1.34179545390357,15.4775093933466,0.0869438849220707,"f"
1274,-1.34265353126559,15.4768545242108,0.086954305151706,"f"
1275,-1.34351096026291,15.4762005508171,0.0869647344962993,"f"
1276,-1.34436774116966,15.475547472885,0.0869751728932291,"f"
1277,-1.34522387425998,15.4748952901342,0.0869856202798742,"f"
1278,-1.34607935980803,15.4742440022843,0.0869960765936128,"f"
1279,-1.34693419809531,15.4735936091017,0.0870065417800461,"f"
1280,-1.34778838950359,15.4729441109873,0.0870170158964032,"f"
1281,-1.34864193448685,15.4722955087995,0.0870274990803619,"f"
1282,-1.34949483350068,15.4716478034068,0.0870379914713758,"f"
1283,-1.35034708700064,15.4710009956775,0.0870484932088988,"f"
1284,-1.35119869544233,15.4703550864801,0.0870590044323846,"f"
1285,-1.35204965928132,15.469710076683,0.0870695252812869,"f"
1286,-1.35289997897319,15.4690659671547,0.0870800558950596,"f"
1287,-1.35374965497353,15.4684227587636,0.0870905964131565,"f"
1288,-1.35459868773792,15.4677804523782,0.0871011469750312,"f"
1289,-1.35544707772192,15.4671390488668,0.0871117077201375,"f"
1290,-1.35629482538114,15.466498549098,0.0871222787879292,"f"
1291,-1.35714193117114,15.4658589539401,0.0871328603178602,"f"
1292,-1.35798839554751,15.4652202642616,0.087143452449384,"f"
1293,-1.35883421896583,15.4645824809309,0.0871540553219546,"f"
1294,-1.35967940188167,15.4639456048165,0.0871646690750256,"f"
1295,-1.36052394475063,15.4633096367868,0.0871752938480509,"f"
1296,-1.36136784802828,15.4626745777102,0.0871859297804842,"f"
1297,-1.36221111217019,15.4620404284551,0.0871965770117792,"f"
1298,-1.36305373763196,15.4614071898901,0.0872072356813898,"f"
1299,-1.36389572486916,15.4607748628836,0.0872179059287697,"f"
1300,-1.36473707433737,15.4601434483039,0.0872285878933726,"f"
1301,-1.36557778649217,15.4595129470195,0.0872392817146524,"f"
1302,-1.36641786178915,15.4588833598989,0.0872499875320627,"f"
1303,-1.36725730068388,15.4582546878104,0.0872607054850575,"f"
1304,-1.36809610363194,15.4576269316226,0.0872714357130903,"f"
1305,-1.36893427108892,15.4570000922039,0.0872821783556151,"f"
1306,-1.3697718035104,15.4563741704226,0.0872929335520854,"f"
1307,-1.37060870135195,15.4557491671473,0.0873037014419553,"f"
1308,-1.37144496506916,15.4551250832464,0.0873144821646783,"f"
1309,-1.37228059511761,15.4545019195882,0.0873252758597082,"f"
1310,-1.37311559195288,15.4538796770413,0.0873360826664989,"f"
1311,-1.37394995603054,15.4532583564741,0.0873469027245041,"f"
1312,-1.37478368780619,15.452637958755,0.0873577361731775,"f"
1313,-1.37561678773539,15.4520184847524,0.0873685831519729,"f"
1314,-1.37644925627374,15.4513999353349,0.0873794438003441,"f"
1315,-1.37728109387681,15.4507823113707,0.0873903182577449,"f"
1316,-1.37811230100018,15.4501656137284,0.087401206663629,"f"
1317,-1.37894287809943,15.4495498432764,0.0874121091574501,"f"
1318,-1.37977282563014,15.4489350008832,0.0874230258786621,"f"
1319,-1.3806021440479,15.4483210874171,0.0874339569667187,"f"
1320,-1.38143083380828,15.4477081037466,0.0874449025610737,"f"
1321,-1.38225889536687,15.4470960507401,0.0874558628011808,"f"
1322,-1.38308632917924,15.4464849292662,0.0874668378264938,"f"
1323,-1.38391313570098,15.4458747401931,0.0874778277764665,"f"
1324,-1.38473931538767,15.4452654843894,0.0874888327905527,"f"
1325,-1.38556486869488,15.4446571627235,0.087499853008206,"f"
1326,-1.38638979607821,15.4440497760638,0.0875108885688803,"f"
1327,-1.38721409799322,15.4434433252788,0.0875219396120294,"f"
1328,-1.3880377748955,15.4428378112369,0.0875330062771069,"f"
1329,-1.38886082724063,15.4422332348064,0.0875440887035667,"f"
1330,-1.38968325548419,15.441629596856,0.0875551870308625,"f"
1331,-1.39050506008176,15.441026898254,0.0875663013984481,"f"
1332,-1.39132624148892,15.4404251398688,0.0875774319457773,"f"
1333,-1.39214680016125,15.4398243225689,0.0875885788123039,"f"
1334,-1.39296673655434,15.4392244472227,0.0875997421374815,"f"
1335,-1.39378605112376,15.4386255146986,0.0876109220607639,"f"
1336,-1.3946047443251,15.4380275258652,0.087622118721605,"f"
1337,-1.39542281661393,15.4374304815907,0.0876333322594585,"f"
1338,-1.39624026844583,15.4368343827437,0.0876445628137782,"f"
1339,-1.3970571002764,15.4362392301926,0.0876558105240177,"f"
1340,-1.39787331256119,15.4356450248059,0.087667075529631,"f"
1341,-1.39868890575581,15.4350517674519,0.0876783579700717,"f"
1342,-1.39950388031582,15.4344594589991,0.0876896579847936,"f"
1343,-1.40031823669681,15.433868100316,0.0877009757132505,"f"
1344,-1.40113197535436,15.4332776922709,0.0877123112948961,"f"
1345,-1.40194509674405,15.4326882357323,0.0877236648691843,"f"
1346,-1.40275760132146,15.4320997315687,0.0877350365755687,"f"
1347,-1.40356948954217,15.4315121806485,0.0877464265535032,"f"
1348,-1.40438076186176,15.4309255838401,0.0877578349424415,"f"
1349,-1.40519141873582,15.430339942012,0.0877692618818374,"f"
1350,-1.40600146061991,15.4297552560325,0.0877807075111446,"f"
1351,-1.40681088796963,15.4291715267702,0.0877921719698169,"f"
1352,-1.40761970124055,15.4285887550934,0.0878036553973081,"f"
1353,-1.40842790088826,15.4280069418707,0.0878151579330719,"f"
1354,-1.40923548736833,15.4274260879704,0.0878266797165622,"f"
1355,-1.41004246113635,15.4268461942609,0.0878382208872326,"f"
1356,-1.4108488226479,15.4262672616108,0.0878497815845369,"f"
1357,-1.41165457235855,15.4256892908885,0.087861361947929,"f"
1358,-1.41245971072388,15.4251122829623,0.0878729621168625,"f"
1359,-1.41326423819949,15.4245362387007,0.0878845822307912,"f"
1360,-1.41406815524095,15.4239611589722,0.0878962224291689,"f"
1361,-1.41487146230383,15.4233870446452,0.0879078828514494,"f"
1362,-1.41567415984373,15.4228138965881,0.0879195636370865,"f"
1363,-1.41647624831621,15.4222417156694,0.0879312649255338,"f"
1364,-1.41727772817687,15.4216705027575,0.0879429868562452,"f"
1365,-1.41807859988127,15.4211002587208,0.0879547295686744,"f"
1366,-1.41887886388501,15.4205309844278,0.0879664932022752,"f"
1367,-1.41967852064366,15.4199626807469,0.0879782778965013,"f"
1368,-1.42047757061281,15.4193953485465,0.0879900837908066,"f"
1369,-1.42127601424803,15.4188289886952,0.0880019110246448,"f"
1370,-1.42207385200491,15.4182636020612,0.0880137597374696,"f"
1371,-1.42287108433902,15.4176991895132,0.0880256300687348,"f"
1372,-1.42366771170594,15.4171357519194,0.0880375221578943,"f"
1373,-1.42446373456126,15.4165732901483,0.0880494361444016,"f"
1374,-1.42525915336056,15.4160118050684,0.0880613721677107,"f"
1375,-1.42605396855942,15.4154512975481,0.0880733303672753,"f"
1376,-1.42684818061342,15.4148917684559,0.0880853108825491,"f"
1377,-1.42764178997813,15.4143332186601,0.0880973138529859,"f"
1378,-1.42843479710914,15.4137756490292,0.0881093394180395,"f"
1379,-1.42922720246204,15.4132190604317,0.0881213877171637,"f"
1380,-1.43001900649239,15.4126634537359,0.0881334588898121,"f"
1381,-1.43081020965579,15.4121088298104,0.0881455530754387,"f"
1382,-1.43160081240781,15.4115551895236,0.088157670413497,"f"
1383,-1.43239081520403,15.4110025337438,0.088169811043441,"f"
1384,-1.43318021850003,15.4104508633396,0.0881819751047243,"f"
1385,-1.4339690227514,15.4099001791793,0.0881941627368008,"f"
1386,-1.43475722841371,15.4093504821314,0.0882063740791242,"f"
1387,-1.43554483594255,15.4088017730644,0.0882186092711483,"f"
1388,-1.43633184579349,15.4082540528466,0.0882308684523268,"f"
1389,-1.43711825842212,15.4077073223465,0.0882431517621134,"f"
1390,-1.43790407428402,15.4071615824326,0.0882554593399621,"f"
1391,-1.43868929383476,15.4066168339733,0.0882677913253265,"f"
1392,-1.43947391752993,15.406073077837,0.0882801478576603,"f"
1393,-1.44025794582511,15.4055303148922,0.0882925290764175,"f"
1394,-1.44104137917588,15.4049885460072,0.0883049351210516,"f"
1395,-1.44182421803782,15.4044477720506,0.0883173661310166,"f"
1396,-1.44260646286651,15.4039079938907,0.0883298222457661,"f"
1397,-1.44338811411753,15.403369212396,0.0883423036047539,"f"
1398,-1.44416917224646,15.402831428435,0.0883548103474339,"f"
1399,-1.44494963770889,15.402294642876,0.0883673426132596,"f"
1400,-1.44572951096039,15.4017588565876,0.088379900541685,"f"
1401,-1.44650879245654,15.4012240704381,0.0883924842721638,"f"
1402,-1.44728748265292,15.400690285296,0.0884050939441498,"f"
1403,-1.44806558200512,15.4001575020297,0.0884177296970966,"f"
1404,-1.44884309096872,15.3996257215076,0.0884303916704581,"f"
1405,-1.44962000999929,15.3990949445983,0.0884430800036881,"f"
1406,-1.45039633955241,15.3985651721701,0.0884557948362403,"f"
1407,-1.45117208008368,15.3980364050914,0.0884685363075685,"f"
1408,-1.45194723204866,15.3975086442307,0.0884813045571264,"f"
1409,-1.45272179590294,15.3969818904565,0.0884940997243678,"f"
1410,-1.4534957721021,15.3964561446372,0.0885069219487465,"f"
1411,-1.45426916110172,15.3959314076411,0.0885197713697163,"f"
1412,-1.45504196335738,15.3954076803368,0.0885326481267308,"f"
1413,-1.45581417932466,15.3948849635927,0.088545552359244,"f"
1414,-1.45658580945914,15.3943632582772,0.0885584842067094,"f"
1415,-1.4573568542164,15.3938425652587,0.088571443808581,"f"
1416,-1.45812731405203,15.3933228854058,0.0885844313043124,"f"
1417,-1.4588971894216,15.3928042195868,0.0885974468333575,"f"
1418,-1.45966648078069,15.3922865686701,0.08861049053517,"f"
1419,-1.46043518858489,15.3917699335242,0.0886235625492036,"f"
1420,-1.46120331328977,15.3912543150176,0.0886366630149122,"f"
1421,-1.46197085535092,15.3907397140186,0.0886497920717494,"f"
1422,-1.46273781522391,15.3902261313958,0.0886629498591692,"f"
1423,-1.46350419336434,15.3897135680175,0.0886761365166251,"f"
1424,-1.46426999022776,15.3892020247521,0.088689352183571,"f"
1425,-1.46503520626978,15.3886915024682,0.0887025969994608,"f"
1426,-1.46579984194597,15.3881820020342,0.088715871103748,"f"
1427,-1.4665638977119,15.3876735243184,0.0887291746358865,"f"
1428,-1.46732737402316,15.3871660701894,0.0887425077353301,"f"
1429,-1.46809027133534,15.3866596405155,0.0887558705415325,"f"
1430,-1.468852590104,15.3861542361652,0.0887692631939475,"f"
1431,-1.46961433078474,15.385649858007,0.0887826858320288,"f"
1432,-1.47037549383313,15.3851465069092,0.0887961385952303,"f"
1433,-1.47113607970475,15.3846441837403,0.0888096216230056,"f"
1434,-1.47189608885519,15.3841428893688,0.0888231350548086,"f"
1435,-1.47265552174002,15.3836426246631,0.088836679030093,"f"
1436,-1.47341437881482,15.3831433904916,0.0888502536883126,"f"
1437,-1.47417266053519,15.3826451877227,0.0888638591689211,"f"
1438,-1.47493036735668,15.3821480172249,0.0888774956113723,"f"
1439,-1.47568749973489,15.3816518798666,0.0888911631551201,"f"
1440,-1.4764440581254,15.3811567765163,0.088904861939618,"f"
1441,-1.47720004298379,15.3806627080424,0.08891859210432,"f"
1442,-1.47795545476564,15.3801696753134,0.0889323537886797,"f"
1443,-1.47871029392652,15.3796776791976,0.088946147132151,"f"
1444,-1.47946456092203,15.3791867205635,0.0889599722741876,"f"
1445,-1.48021825620773,15.3786968002796,0.0889738293542433,"f"
1446,-1.48097138023922,15.3782079192142,0.0889877185117717,"f"
1447,-1.48172393347206,15.3777200782359,0.0890016398862268,"f"
1448,-1.48247591636185,15.377233278213,0.0890155936170623,"f"
1449,-1.48322732936416,15.376747520014,0.0890295798437319,"f"
1450,-1.48397817293458,15.3762628045073,0.0890435987056894,"f"
1451,-1.48472844752868,15.3757791325614,0.0890576503423885,"f"
1452,-1.48547815360204,15.3752965050446,0.0890717348932831,"f"
1453,-1.48622729161025,15.3748149228255,0.0890858524978269,"f"
1454,-1.48697586200888,15.3743343867725,0.0891000032954736,"f"
1455,-1.48772386525352,15.373854897754,0.0891141874256771,"f"
1456,-1.48847130179974,15.3733764566384,0.0891284050278911,"f"
1457,-1.48921817210314,15.3728990642943,0.0891426562415693,"f"
1458,-1.48996447661928,15.3724227215899,0.0891569412061655,"f"
1459,-1.49071021580375,15.3719474293937,0.0891712600611335,"f"
1460,-1.49145539011213,15.3714731885743,0.0891856129459271,"f"
1461,-1.4922,15.371,0.0892,"f"
1462,-1.49294404589163,15.370527864519,0.0892144213227033,"f"
1463,-1.49368752808605,15.3700567828985,0.0892288768529772,"f"
1464,-1.49443044685099,15.3695867558855,0.0892433664896593,"f"
1465,-1.49517280245417,15.3691177842268,0.0892578901315871,"f"
1466,-1.49591459516332,15.3686498686696,0.0892724476775982,"f"
1467,-1.49665582524614,15.3681830099606,0.0892870390265301,"f"
1468,-1.49739649297038,15.3677172088469,0.0893016640772204,"f"
1469,-1.49813659860374,15.3672524660754,0.0893163227285066,"f"
1470,-1.49887614241397,15.366788782393,0.0893310148792263,"f"
1471,-1.49961512466876,15.3663261585467,0.089345740428217,"f"
1472,-1.50035354563586,15.3658645952835,0.0893604992743163,"f"
1473,-1.50109140558298,15.3654040933502,0.0893752913163616,"f"
1474,-1.50182870477785,15.3649446534939,0.0893901164531907,"f"
1475,-1.50256544348818,15.3644862764615,0.0894049745836409,"f"
1476,-1.50330162198171,15.3640289629999,0.0894198656065499,"f"
1477,-1.50403724052615,15.3635727138561,0.0894347894207552,"f"
1478,-1.50477229938923,15.3631175297771,0.0894497459250943,"f"
1479,-1.50550679883867,15.3626634115097,0.0894647350184049,"f"
1480,-1.50624073914219,15.3622103598009,0.0894797565995243,"f"
1481,-1.50697412056752,15.3617583753978,0.0894948105672903,"f"
1482,-1.50770694338238,15.3613074590471,0.0895098968205403,"f"
1483,-1.5084392078545,15.360857611496,0.0895250152581119,"f"
1484,-1.50917091425158,15.3604088334912,0.0895401657788427,"f"
1485,-1.50990206284137,15.3599611257799,0.0895553482815701,"f"
1486,-1.51063265389158,15.3595144891088,0.0895705626651318,"f"
1487,-1.51136268766993,15.359068924225,0.0895858088283652,"f"
1488,-1.51209216444415,15.3586244318755,0.089601086670108,"f"
1489,-1.51282108448196,15.3581810128071,0.0896163960891977,"f"
1490,-1.51354944805108,15.3577386677668,0.0896317369844717,"f"
1491,-1.51427725541924,15.3572973975016,0.0896471092547678,"f"
1492,-1.51500450685416,15.3568572027584,0.0896625127989233,"f"
1493,-1.51573120262355,15.3564180842841,0.089677947515776,"f"
1494,-1.51645734299516,15.3559800428258,0.0896934133041632,"f"
1495,-1.51718292823669,15.3555430791303,0.0897089100629226,"f"
1496,-1.51790795861587,15.3551071939446,0.0897244376908917,"f"
1497,-1.51863243440043,15.3546723880157,0.0897399960869081,"f"
1498,-1.51935635585808,15.3542386620905,0.0897555851498093,"f"
1499,-1.52007972325656,15.3538060169159,0.0897712047784328,"f"
1500,-1.52080253686357,15.3533744532389,0.0897868548716163,"f"
1501,-1.52152479694686,15.3529439718065,0.0898025353281972,"f"
1502,-1.52224650377413,15.3525145733655,0.0898182460470131,"f"
1503,-1.52296765761311,15.352086258663,0.0898339869269015,"f"
1504,-1.52368825873152,15.3516590284459,0.0898497578667,"f"
1505,-1.5244083073971,15.3512328834611,0.0898655587652462,"f"
1506,-1.52512780387755,15.3508078244557,0.0898813895213775,"f"
1507,-1.52584674844061,15.3503838521764,0.0898972500339316,"f"
1508,-1.52656514135399,15.3499609673703,0.089913140201746,"f"
1509,-1.52728298288542,15.3495391707844,0.0899290599236582,"f"
1510,-1.52800027330263,15.3491184631656,0.0899450090985058,"f"
1511,-1.52871701287333,15.3486988452607,0.0899609876251263,"f"
1512,-1.52943320186525,15.3482803178169,0.0899769954023573,"f"
1513,-1.5301488405461,15.347862881581,0.0899930323290364,"f"
1514,-1.53086392918363,15.3474465372999,0.0900090983040009,"f"
1515,-1.53157846804554,15.3470312857207,0.0900251932260887,"f"
1516,-1.53229245739956,15.3466171275903,0.090041316994137,"f"
1517,-1.53300589751341,15.3462040636555,0.0900574695069836,"f"
1518,-1.53371878865482,15.3457920946635,0.090073650663466,"f"
1519,-1.53443113109151,15.345381221361,0.0900898603624217,"f"
1520,-1.53514292509119,15.3449714444952,0.0901060985026882,"f"
1521,-1.53585417092161,15.3445627648128,0.0901223649831031,"f"
1522,-1.53656486885047,15.3441551830609,0.090138659702504,"f"
1523,-1.5372750191455,15.3437486999864,0.0901549825597284,"f"
1524,-1.53798462207443,15.3433433163362,0.0901713334536138,"f"
1525,-1.53869367790497,15.3429390328574,0.0901877122829979,"f"
1526,-1.53940218690485,15.3425358502968,0.090204118946718,"f"
1527,-1.54011014934179,15.3421337694014,0.0902205533436119,"f"
1528,-1.54081756548352,15.3417327909182,0.090237015372517,"f"
1529,-1.54152443559776,15.3413329155941,0.0902535049322709,"f"
1530,-1.54223075995223,15.340934144176,0.0902700219217112,"f"
1531,-1.54293653881465,15.3405364774109,0.0902865662396753,"f"
1532,-1.54364177245275,15.3401399160458,0.0903031377850008,"f"
1533,-1.54434646113425,15.3397444608275,0.0903197364565254,"f"
1534,-1.54505060512687,15.3393501125031,0.0903363621530864,"f"
1535,-1.54575420469834,15.3389568718195,0.0903530147735216,"f"
1536,-1.54645726011638,15.3385647395236,0.0903696942166683,"f"
1537,-1.54715977164871,15.3381737163624,0.0903864003813643,"f"
1538,-1.54786173956305,15.3377838030829,0.0904031331664469,"f"
1539,-1.54856316412713,15.3373950004319,0.0904198924707539,"f"
1540,-1.54926404560867,15.3370073091565,0.0904366781931226,"f"
1541,-1.5499643842754,15.3366207300035,0.0904534902323907,"f"
1542,-1.55066418039503,15.33623526372,0.0904703284873957,"f"
1543,-1.5513634342353,15.3358509110528,0.0904871928569752,"f"
1544,-1.55206214606391,15.335467672749,0.0905040832399666,"f"
1545,-1.5527603161486,15.3350855495554,0.0905209995352077,"f"
1546,-1.55345794475709,15.3347045422191,0.0905379416415358,"f"
1547,-1.5541550321571,15.3343246514869,0.0905549094577886,"f"
1548,-1.55485157861636,15.3339458781058,0.0905719028828036,"f"
1549,-1.55554758440258,15.3335682228228,0.0905889218154183,"f"
1550,-1.55624304978349,15.3331916863849,0.0906059661544703,"f"
1551,-1.55693797502682,15.3328162695388,0.0906230357987972,"f"
1552,-1.55763236040028,15.3324419730317,0.0906401306472364,"f"
1553,-1.5583262061716,15.3320687976105,0.0906572505986256,"f"
1554,-1.5590195126085,15.3316967440221,0.0906743955518022,"f"
1555,-1.55971227997871,15.3313258130134,0.0906915654056039,"f"
1556,-1.56040450854995,15.3309560053314,0.0907087600588682,"f"
1557,-1.56109619858993,15.3305873217231,0.0907259794104326,"f"
1558,-1.5617873503664,15.3302197629354,0.0907432233591347,"f"
1559,-1.56247796414705,15.3298533297152,0.090760491803812,"f"
1560,-1.56316804019963,15.3294880228095,0.0907777846433021,"f"
1561,-1.56385757879185,15.3291238429653,0.0907951017764425,"f"
1562,-1.56454658019144,15.3287607909295,0.0908124431020707,"f"
1563,-1.56523504466611,15.328398867449,0.0908298085190244,"f"
1564,-1.5659229724836,15.3280380732708,0.0908471979261411,"f"
1565,-1.56661036391162,15.3276784091419,0.0908646112222582,"f"
1566,-1.5672972192179,15.3273198758091,0.0908820483062134,"f"
1567,-1.56798353867015,15.3269624740195,0.0908995090768442,"f"
1568,-1.56866932253612,15.3266062045199,0.0909169934329882,"f"
1569,-1.5693545710835,15.3262510680574,0.0909345012734829,"f"
1570,-1.57003928458004,15.3258970653789,0.0909520324971658,"f"
1571,-1.57072346329345,15.3255441972313,0.0909695870028745,"f"
1572,-1.57140710749146,15.3251924643615,0.0909871646894466,"f"
1573,-1.57209021744178,15.3248418675166,0.0910047654557195,"f"
1574,-1.57277279341214,15.3244924074435,0.0910223892005309,"f"
1575,-1.57345483567027,15.3241440848891,0.0910400358227183,"f"
1576,-1.57413634448389,15.3237969006004,0.0910577052211192,"f"
1577,-1.57481732012071,15.3234508553243,0.0910753972945712,"f"
1578,-1.57549776284847,15.3231059498077,0.0910931119419119,"f"
1579,-1.57617767293489,15.3227621847977,0.0911108490619787,"f"
1580,-1.57685705064768,15.3224195610412,0.0911286085536092,"f"
1581,-1.57753589625457,15.322078079285,0.0911463903156411,"f"
1582,-1.57821421002329,15.3217377402762,0.0911641942469117,"f"
1583,-1.57889199222156,15.3213985447618,0.0911820202462587,"f"
1584,-1.5795692431171,15.3210604934885,0.0911998682125197,"f"
1585,-1.58024596297763,15.3207235872035,0.0912177380445321,"f"
1586,-1.58092215207088,15.3203878266537,0.0912356296411335,"f"
1587,-1.58159781066457,15.3200532125859,0.0912535429011614,"f"
1588,-1.58227293902641,15.3197197457472,0.0912714777234535,"f"
1589,-1.58294753742415,15.3193874268845,0.0912894340068473,"f"
1590,-1.58362160612549,15.3190562567448,0.0913074116501802,"f"
1591,-1.58429514539817,15.3187262360749,0.0913254105522899,"f"
1592,-1.5849681555099,15.3183973656219,0.0913434306120139,"f"
1593,-1.5856406367284,15.3180696461327,0.0913614717281898,"f"
1594,-1.58631258932141,15.3177430783542,0.0913795337996551,"f"
1595,-1.58698401355664,15.3174176630334,0.0913976167252473,"f"
1596,-1.58765490970182,15.3170934009173,0.091415720403804,"f"
1597,-1.58832527802466,15.3167702927527,0.0914338447341627,"f"
1598,-1.5889951187929,15.3164483392867,0.091451989615161,"f"
1599,-1.58966443227425,15.3161275412661,0.0914701549456365,"f"
1600,-1.59033321873644,15.315807899438,0.0914883406244266,"f"
1601,-1.59100147844719,15.3154894145493,0.091506546550369,"f"
1602,-1.59166921167422,15.3151720873469,0.0915247726223011,"f"
1603,-1.59233641868526,15.3148559185778,0.0915430187390606,"f"
1604,-1.59300309974803,15.3145409089889,0.091561284799485,"f"
1605,-1.59366925513026,15.3142270593272,0.0915795707024117,"f"
1606,-1.59433488509966,15.3139143703395,0.0915978763466785,"f"
1607,-1.59499998992395,15.313602842773,0.0916162016311228,"f"
1608,-1.59566456987087,15.3132924773745,0.0916345464545821,"f"
1609,-1.59632862520813,15.3129832748909,0.091652910715894,"f"
1610,-1.59699215620346,15.3126752360693,0.0916712943138962,"f"
1611,-1.59765516312459,15.3123683616565,0.091689697147426,"f"
1612,-1.59831764623922,15.3120626523996,0.0917081191153211,"f"
1613,-1.59897960581509,15.3117581090454,0.091726560116419,"f"
1614,-1.59964104211992,15.3114547323409,0.0917450200495572,"f"
1615,-1.60030195542143,15.311152523033,0.0917634988135733,"f"
1616,-1.60096234598735,15.3108514818688,0.0917819963073049,"f"
1617,-1.60162221408539,15.3105516095951,0.0918005124295895,"f"
1618,-1.60228155998329,15.310252906959,0.0918190470792646,"f"
1619,-1.60294038394876,15.3099553747072,0.0918376001551679,"f"
1620,-1.60359868624953,15.3096590135869,0.0918561715561367,"f"
1621,-1.60425646715331,15.3093638243449,0.0918747611810088,"f"
1622,-1.60491372692784,15.3090698077282,0.0918933689286216,"f"
1623,-1.60557046584084,15.3087769644838,0.0919119946978127,"f"
1624,-1.60622668416002,15.3084852953586,0.0919306383874196,"f"
1625,-1.60688238215312,15.3081948010994,0.0919492998962798,"f"
1626,-1.60753756008785,15.3079054824534,0.0919679791232311,"f"
1627,-1.60819221823193,15.3076173401674,0.0919866759671107,"f"
1628,-1.6088463568531,15.3073303749884,0.0920053903267565,"f"
1629,-1.60949997621907,15.3070445876634,0.0920241221010057,"f"
1630,-1.61015307659757,15.3067599789392,0.0920428711886961,"f"
1631,-1.61080565825632,15.3064765495628,0.0920616374886652,"f"
1632,-1.61145772146304,15.3061943002813,0.0920804208997505,"f"
1633,-1.61210926648545,15.3059132318414,0.0920992213207895,"f"
1634,-1.61276029359129,15.3056333449903,0.0921180386506199,"f"
1635,-1.61341080304826,15.3053546404747,0.0921368727880791,"f"
1636,-1.6140607951241,15.3050771190417,0.0921557236320047,"f"
1637,-1.61471027008653,15.3048007814383,0.0921745910812343,"f"
1638,-1.61535922820326,15.3045256284113,0.0921934750346054,"f"
1639,-1.61600766974203,15.3042516607077,0.0922123753909555,"f"
1640,-1.61665559497056,15.3039788790745,0.0922312920491222,"f"
1641,-1.61730300415656,15.3037072842586,0.0922502249079431,"f"
1642,-1.61794989756777,15.303436877007,0.0922691738662556,"f"
1643,-1.6185962754719,15.3031676580666,0.0922881388228974,"f"
1644,-1.61924213813736,15.3028996281698,0.0923071196781944,"f"
1645,-1.61988748586338,15.3026327873932,0.0923261163998898,"f"
1646,-1.620532318992,15.3023671349026,0.0923451290492737,"f"
1647,-1.62117663786838,15.3021026697972,0.0923641576945264,"f"
1648,-1.62182044283771,15.301839391176,0.0923832024038285,"f"
1649,-1.62246373424515,15.3015772981378,0.0924022632453604,"f"
1650,-1.62310651243589,15.3013163897819,0.0924213402873025,"f"
1651,-1.62374877775509,15.301056665207,0.0924404335978354,"f"
1652,-1.62439053054794,15.3007981235124,0.0924595432451395,"f"
1653,-1.62503177115961,15.3005407637969,0.0924786692973953,"f"
1654,-1.62567249993527,15.3002845851595,0.0924978118227832,"f"
1655,-1.62631271722011,15.3000295866994,0.0925169708894838,"f"
1656,-1.62695242335929,15.2997757675154,0.0925361465656774,"f"
1657,-1.62759161869799,15.2995231267065,0.0925553389195446,"f"
1658,-1.62823030358139,15.2992716633719,0.0925745480192659,"f"
1659,-1.62886847835467,15.2990213766104,0.0925937739330216,"f"
1660,-1.62950614336299,15.2987722655211,0.0926130167289923,"f"
1661,-1.63014329895154,15.298524329203,0.0926322764753584,"f"
1662,-1.63077994546548,15.2982775667552,0.0926515532403004,"f"
1663,-1.63141608325,15.2980319772765,0.0926708470919988,"f"
1664,-1.63205171265028,15.297787559866,0.092690158098634,"f"
1665,-1.63268683401147,15.2975443136227,0.0927094863283865,"f"
1666,-1.63332144767877,15.2973022376456,0.0927288318494368,"f"
1667,-1.63395555399735,15.2970613310337,0.0927481947299654,"f"
1668,-1.63458915331238,15.2968215928861,0.0927675750381526,"f"
1669,-1.63522224596904,15.2965830223017,0.0927869728421791,"f"
1670,-1.6358548323125,15.2963456183795,0.0928063882102252,"f"
1671,-1.63648691268795,15.2961093802185,0.0928258212104714,"f"
1672,-1.63711848744054,15.2958743069178,0.0928452719110982,"f"
1673,-1.63774955691547,15.2956403975763,0.092864740380286,"f"
1674,-1.63838012145791,15.2954076512931,0.0928842266862154,"f"
1675,-1.63901018141302,15.2951760671671,0.0929037308970668,"f"
1676,-1.639639737126,15.2949456442973,0.0929232530810206,"f"
1677,-1.640268788942,15.2947163817828,0.0929427933062574,"f"
1678,-1.64089733720622,15.2944882787226,0.0929623516409575,"f"
1679,-1.64152538226381,15.2942613342156,0.0929819281533016,"f"
1680,-1.64215292445997,15.2940355473609,0.0930015229114699,"f"
1681,-1.64277996413986,15.2938109172575,0.0930211359836431,"f"
1682,-1.64340650164867,15.2935874430043,0.0930407674380016,"f"
1683,-1.64403253733156,15.2933651237004,0.0930604173427258,"f"
1684,-1.64465807153371,15.2931439584448,0.0930800857659962,"f"
1685,-1.6452831046003,15.2929239463365,0.0930997727759933,"f"
1686,-1.6459076368765,15.2927050864744,0.0931194784408975,"f"
1687,-1.64653166870748,15.2924873779577,0.0931392028288894,"f"
1688,-1.64715520043844,15.2922708198853,0.0931589460081493,"f"
1689,-1.64777823241453,15.2920554113561,0.0931787080468578,"f"
1690,-1.64840076498093,15.2918411514693,0.0931984890131953,"f"
1691,-1.64902279848283,15.2916280393238,0.0932182889753423,"f"
1692,-1.64964433326539,15.2914160740186,0.0932381080014793,"f"
1693,-1.6502653696738,15.2912052546527,0.0932579461597867,"f"
1694,-1.65088590805322,15.2909955803251,0.0932778035184451,"f"
1695,-1.65150594874883,15.2907870501348,0.0932976801456347,"f"
1696,-1.65212549210581,15.2905796631809,0.0933175761095363,"f"
1697,-1.65274453846934,15.2903734185623,0.0933374914783301,"f"
1698,-1.65336308818458,15.2901683153781,0.0933574263201967,"f"
1699,-1.65398114159672,15.2899643527272,0.0933773807033165,"f"
1700,-1.65459869905093,15.2897615297086,0.0933973546958701,"f"
1701,-1.65521576089239,15.2895598454214,0.0934173483660378,"f"
1702,-1.65583232746626,15.2893592989645,0.0934373617820002,"f"
1703,-1.65644839911774,15.289159889437,0.0934573950119377,"f"
1704,-1.65706397619198,15.2889616159379,0.0934774481240308,"f"
1705,-1.65767905903418,15.2887644775661,0.09349752118646,"f"
1706,-1.6582936479895,15.2885684734207,0.0935176142674056,"f"
1707,-1.65890774340311,15.2883736026006,0.0935377274350483,"f"
1708,-1.6595213456202,15.288179864205,0.0935578607575684,"f"
1709,-1.66013445498594,15.2879872573327,0.0935780143031465,"f"
1710,-1.66074707184551,15.2877957810828,0.093598188139963,"f"
1711,-1.66135919654408,15.2876054345543,0.0936183823361983,"f"
1712,-1.66197082942682,15.2874162168462,0.093638596960033,"f"
1713,-1.66258197083892,15.2872281270574,0.0936588320796474,"f"
1714,-1.66319262112555,15.2870411642871,0.0936790877632222,"f"
1715,-1.66380278063187,15.2868553276342,0.0936993640789377,"f"
1716,-1.66441244970308,15.2866706161977,0.0937196610949744,"f"
1717,-1.66502162868434,15.2864870290766,0.0937399788795128,"f"
1718,-1.66563031792083,15.2863045653699,0.0937603175007333,"f"
1719,-1.66623851775773,15.2861232241766,0.0937806770268165,"f"
1720,-1.66684622854021,15.2859430045958,0.0938010575259427,"f"
1721,-1.66745345061344,15.2857639057264,0.0938214590662925,"f"
1722,-1.66806018432261,15.2855859266674,0.0938418817160463,"f"
1723,-1.66866643001289,15.2854090665178,0.0938623255433846,"f"
1724,-1.66927218802944,15.2852333243767,0.0938827906164879,"f"
1725,-1.66987745871746,15.2850586993431,0.0939032770035366,"f"
1726,-1.67048224242211,15.2848851905158,0.0939237847727113,"f"
1727,-1.67108653948857,15.2847127969941,0.0939443139921922,"f"
1728,-1.67169035026202,15.2845415178768,0.09396486473016,"f"
1729,-1.67229367508763,15.2843713522629,0.0939854370547952,"f"
1730,-1.67289651431057,15.2842022992515,0.0940060310342781,"f"
1731,-1.67349886827603,15.2840343579416,0.0940266467367892,"f"
1732,-1.67410073732917,15.2838675274321,0.0940472842305091,"f"
1733,-1.67470212181518,15.2837018068222,0.0940679435836181,"f"
1734,-1.67530302207922,15.2835371952107,0.0940886248642968,"f"
1735,-1.67590343846648,15.2833736916967,0.0941093281407256,"f"
1736,-1.67650337132213,15.2832112953791,0.094130053481085,"f"
1737,-1.67710282099134,15.2830500053571,0.0941508009535554,"f"
1738,-1.6777017878193,15.2828898207295,0.0941715706263174,"f"
1739,-1.67830027215117,15.2827307405955,0.0941923625675513,"f"
1740,-1.67889827433214,15.282572764054,0.0942131768454378,"f"
1741,-1.67949579470737,15.2824158902039,0.0942340135281571,"f"
1742,-1.68009283362204,15.2822601181444,0.0942548726838899,"f"
1743,-1.68068939142133,15.2821054469744,0.0942757543808165,"f"
1744,-1.68128546845042,15.2819518757929,0.0942966586871175,"f"
1745,-1.68188106505448,15.2817994036989,0.0943175856709732,"f"
1746,-1.68247618157868,15.2816480297915,0.0943385354005643,"f"
1747,-1.6830708183682,15.2814977531696,0.0943595079440711,"f"
1748,-1.68366497576822,15.2813485729322,0.0943805033696741,"f"
1749,-1.68425865412391,15.2812004881783,0.0944015217455537,"f"
1750,-1.68485185378045,15.281053498007,0.0944225631398906,"f"
1751,-1.68544457508301,15.2809076015173,0.094443627620865,"f"
1752,-1.68603681837677,15.2807627978081,0.0944647152566576,"f"
1753,-1.6866285840069,15.2806190859784,0.0944858261154487,"f"
1754,-1.68721987231858,15.2804764651273,0.0945069602654188,"f"
1755,-1.68781068365699,15.2803349343538,0.0945281177747484,"f"
1756,-1.6884010183673,15.2801944927568,0.0945492987116179,"f"
1757,-1.68899087679468,15.2800551394354,0.094570503144208,"f"
1758,-1.68958025928432,15.2799168734886,0.0945917311406989,"f"
1759,-1.69016916618138,15.2797796940154,0.0946129827692711,"f"
1760,-1.69075759783105,15.2796436001147,0.0946342580981052,"f"
1761,-1.69134555457849,15.2795085908856,0.0946555571953817,"f"
1762,-1.69193303676889,15.2793746654271,0.0946768801292808,"f"
1763,-1.69252004474742,15.2792418228382,0.0946982269679833,"f"
1764,-1.69310657885925,15.2791100622179,0.0947195977796694,"f"
1765,-1.69369263944957,15.2789793826652,0.0947409926325198,"f"
1766,-1.69427822686353,15.2788497832791,0.0947624115947147,"f"
1767,-1.69486334144633,15.2787212631586,0.0947838547344348,"f"
1768,-1.69544798354314,15.2785938214028,0.0948053221198605,"f"
1769,-1.69603215349913,15.2784674571105,0.0948268138191722,"f"
1770,-1.69661585165948,15.2783421693809,0.0948483299005505,"f"
1771,-1.69719907836936,15.2782179573129,0.0948698704321757,"f"
1772,-1.69778183397396,15.2780948200055,0.0948914354822285,"f"
1773,-1.69836411881843,15.2779727565577,0.0949130251188891,"f"
1774,-1.69894593324797,15.2778517660686,0.0949346394103382,"f"
1775,-1.69952727760774,15.2777318476371,0.0949562784247561,"f"
1776,-1.70010815224293,15.2776130003623,0.0949779422303233,"f"
1777,-1.7006885574987,15.2774952233431,0.0949996308952204,"f"
1778,-1.70126849372023,15.2773785156786,0.0950213444876277,"f"
1779,-1.7018479612527,15.2772628764677,0.0950430830757258,"f"
1780,-1.70242696044129,15.2771483048095,0.0950648467276951,"f"
1781,-1.70300549163116,15.277034799803,0.0950866355117161,"f"
1782,-1.7035835551675,15.2769223605471,0.0951084494959692,"f"
1783,-1.70416115139548,15.2768109861409,0.0951302887486349,"f"
1784,-1.70473828066027,15.2767006756833,0.0951521533378937,"f"
1785,-1.70531494330706,15.2765914282735,0.0951740433319261,"f"
1786,-1.70589113968101,15.2764832430103,0.0951959587989125,"f"
1787,-1.70646687012731,15.2763761189928,0.0952178998070334,"f"
1788,-1.70704213499112,15.2762700553201,0.0952398664244693,"f"
1789,-1.70761693461763,15.276165051091,0.0952618587194006,"f"
1790,-1.70819126935201,15.2760611054046,0.0952838767600078,"f"
1791,-1.70876513953943,15.2759582173599,0.0953059206144713,"f"
1792,-1.70933854552507,15.2758563860559,0.0953279903509717,"f"
1793,-1.7099114876541,15.2757556105916,0.0953500860376894,"f"
1794,-1.71048396627171,15.2756558900661,0.0953722077428049,"f"
1795,-1.71105598172307,15.2755572235782,0.0953943555344986,"f"
1796,-1.71162753435334,15.2754596102271,0.0954165294809511,"f"
1797,-1.71219862450772,15.2753630491117,0.0954387296503427,"f"
1798,-1.71276925253136,15.2752675393311,0.095460956110854,"f"
1799,-1.71333941876946,15.2751730799841,0.0954832089306653,"f"
1800,-1.71390912356718,15.27507967017,0.0955054881779573,"f"
1801,-1.7144783672697,15.2749873089875,0.0955277939209103,"f"
1802,-1.7150471502222,15.2748959955358,0.0955501262277049,"f"
1803,-1.71561547276985,15.2748057289139,0.0955724851665214,"f"
1804,-1.71618333525782,15.2747165082207,0.0955948708055404,"f"
1805,-1.7167507380313,15.2746283325553,0.0956172832129424,"f"
1806,-1.71731768143545,15.2745412010166,0.0956397224569077,"f"
1807,-1.71788416581546,15.2744551127037,0.0956621886056169,"f"
1808,-1.7184501915165,15.2743700667156,0.0956846817272504,"f"
1809,-1.71901575888374,15.2742860621512,0.0957072018899888,"f"
1810,-1.71958086826236,15.2742030981097,0.0957297491620124,"f"
1811,-1.72014551999753,15.2741211736899,0.0957523236115018,"f"
1812,-1.72070971443444,15.2740402879909,0.0957749253066374,"f"
1813,-1.72127345191825,15.2739604401116,0.0957975543155996,"f"
1814,-1.72183673279415,15.2738816291512,0.095820210706569,"f"
1815,-1.7223995574073,15.2738038542086,0.095842894547726,"f"
1816,-1.72296192610289,15.2737271143828,0.0958656059072511,"f"
1817,-1.72352383922608,15.2736514087728,0.0958883448533248,"f"
1818,-1.72408529712206,15.2735767364776,0.0959111114541275,"f"
1819,-1.724646300136,15.2735030965962,0.0959339057778397,"f"
1820,-1.72520684861307,15.2734304882276,0.0959567278926418,"f"
1821,-1.72576694289846,15.2733589104708,0.0959795778667144,"f"
1822,-1.72632658333733,15.2732883624249,0.0960024557682379,"f"
1823,-1.72688577027486,15.2732188431888,0.0960253616653927,"f"
1824,-1.72744450405623,15.2731503518615,0.0960482956263594,"f"
1825,-1.72800278502662,15.2730828875421,0.0960712577193184,"f"
1826,-1.72856061353119,15.2730164493295,0.0960942480124502,"f"
1827,-1.72911798982344,15.2729510363792,0.0961172665640048,"f"
1828,-1.72967491335879,15.272886648338,0.0961403133458013,"f"
1829,-1.73023138318178,15.2728232851055,0.0961633882851557,"f"
1830,-1.73078739833353,15.2727609465835,0.0961864913090165,"f"
1831,-1.73134295785518,15.2726996326739,0.0962096223443321,"f"
1832,-1.73189806078785,15.2726393432785,0.0962327813180507,"f"
1833,-1.73245270617267,15.272580078299,0.0962559681571208,"f"
1834,-1.73300689305077,15.2725218376373,0.0962791827884908,"f"
1835,-1.73356062046328,15.2724646211952,0.0963024251391089,"f"
1836,-1.73411388745133,15.2724084288744,0.0963256951359235,"f"
1837,-1.73466669305605,15.2723532605767,0.0963489927058831,"f"
1838,-1.73521903631858,15.2722991162041,0.0963723177759359,"f"
1839,-1.73577091628002,15.2722459956582,0.0963956702730304,"f"
1840,-1.73632233198153,15.2721938988409,0.0964190501241149,"f"
1841,-1.73687328246423,15.272142825654,0.0964424572561378,"f"
1842,-1.73742376676924,15.2720927759993,0.0964658915960474,"f"
1843,-1.73797378393769,15.2720437497785,0.0964893530707921,"f"
1844,-1.73852333301072,15.2719957468935,0.0965128416073202,"f"
1845,-1.73907241302946,15.2719487672461,0.0965363571325802,"f"
1846,-1.73962102303503,15.2719028107381,0.0965598995735204,"f"
1847,-1.74016916206856,15.2718578772713,0.0965834688570892,"f"
1848,-1.74071682917119,15.2718139667475,0.0966070649102348,"f"
1849,-1.74126402338404,15.2717710790685,0.0966306876599058,"f"
1850,-1.74181074374824,15.2717292141361,0.0966543370330504,"f"
1851,-1.74235698930492,15.2716883718521,0.096678012956617,"f"
1852,-1.74290275909521,15.2716485521182,0.096701715357554,"f"
1853,-1.74344805216024,15.2716097548364,0.0967254441628097,"f"
1854,-1.74399286754115,15.2715719799084,0.0967491992993326,"f"
1855,-1.74453720427904,15.271535227236,0.0967729806940709,"f"
1856,-1.74508106141507,15.2714994967211,0.096796788273973,"f"
1857,-1.74562443799036,15.2714647882653,0.0968206219659874,"f"
1858,-1.74616733304603,15.2714311017705,0.0968444816970623,"f"
1859,-1.74670974562321,15.2713984371386,0.0968683673941462,"f"
1860,-1.74725167476305,15.2713667942713,0.0968922789841873,"f"
1861,-1.74779311950665,15.2713361730704,0.0969162163941341,"f"
1862,-1.74833407889517,15.2713065734377,0.0969401795509349,"f"
1863,-1.74887455196971,15.2712779952751,0.0969641683815382,"f"
1864,-1.74941453777142,15.2712504384843,0.0969881828128921,"f"
1865,-1.74995403534142,15.2712239029671,0.0970122227719452,"f"
1866,-1.75049304372084,15.2711983886254,0.0970362881856458,"f"
1867,-1.75103156195082,15.2711738953609,0.0970603789809422,"f"
1868,-1.75156958907247,15.2711504230754,0.0970844950847828,"f"
1869,-1.75210712412694,15.2711279716708,0.097108636424116,"f"
1870,-1.75264416615534,15.2711065410488,0.0971328029258901,"f"
1871,-1.75318071419882,15.2710861311112,0.0971569945170536,"f"
1872,-1.75371676729849,15.27106674176,0.0971812111245547,"f"
1873,-1.75425232449549,15.2710483728967,0.0972054526753418,"f"
1874,-1.75478738483094,15.2710310244233,0.0972297190963633,"f"
1875,-1.75532194734598,15.2710146962416,0.0972540103145676,"f"
1876,-1.75585601108174,15.2709993882533,0.097278326256903,"f"
1877,-1.75638957507934,15.2709851003603,0.097302666850318,"f"
1878,-1.75692263837992,15.2709718324644,0.0973270320217607,"f"
1879,-1.7574552000246,15.2709595844673,0.0973514216981797,"f"
1880,-1.75798725905452,15.2709483562709,0.0973758358065232,"f"
1881,-1.75851881451079,15.2709381477769,0.0974002742737397,"f"
1882,-1.75904986543456,15.2709289588872,0.0974247370267776,"f"
1883,-1.75958041086696,15.2709207895036,0.0974492239925851,"f"
1884,-1.7601104498491,15.2709136395279,0.0974737350981106,"f"
1885,-1.76063998142212,15.2709075088618,0.0974982702703025,"f"
1886,-1.76116900462715,15.2709023974073,0.0975228294361092,"f"
1887,-1.76169751850532,15.270898305066,0.0975474125224791,"f"
1888,-1.76222552209776,15.2708952317398,0.0975720194563604,"f"
1889,-1.7627530144456,15.2708931773304,0.0975966501647016,"f"
1890,-1.76327999458996,15.2708921417398,0.097621304574451,"f"
1891,-1.76380646157198,15.2708921248697,0.0976459826125571,"f"
1892,-1.76433241443279,15.2708931266218,0.097670684205968,"f"
1893,-1.76485785221351,15.2708951468981,0.0976954092816323,"f"
1894,-1.76538277395528,15.2708981856002,0.0977201577664983,"f"
1895,-1.76590717869922,15.27090224263,0.0977449295875143,"f"
1896,-1.76643106548646,15.2709073178894,0.0977697246716287,"f"
1897,-1.76695443335814,15.27091341128,0.09779454294579,"f"
1898,-1.76747728135538,15.2709205227038,0.0978193843369463,"f"
1899,-1.76799960851931,15.2709286520625,0.0978442487720462,"f"
1900,-1.76852141389106,15.2709377992579,0.0978691361780379,"f"
1901,-1.76904269651177,15.2709479641918,0.0978940464818699,"f"
1902,-1.76956345542255,15.270959146766,0.0979189796104904,"f"
1903,-1.77008368966454,15.2709713468823,0.097943935490848,"f"
1904,-1.77060339827887,15.2709845644425,0.0979689140498908,"f"
1905,-1.77112258030667,15.2709987993485,0.0979939152145674,"f"
1906,-1.77164123478907,15.271014051502,0.098018938911826,"f"
1907,-1.77215936076719,15.2710303208048,0.098043985068615,"f"
1908,-1.77267695728217,15.2710476071588,0.0980690536118828,"f"
1909,-1.77319402337514,15.2710659104657,0.0980941444685778,"f"
1910,-1.77371055808722,15.2710852306273,0.0981192575656483,"f"
1911,-1.77422656045954,15.2711055675455,0.0981443928300426,"f"
1912,-1.77474202953324,15.271126921122,0.0981695501887092,"f"
1913,-1.77525696434944,15.2711492912586,0.0981947295685964,"f"
1914,-1.77577136394928,15.2711726778572,0.0982199308966526,"f"
1915,-1.77628522737387,15.2711970808195,0.0982451540998261,"f"
1916,-1.77679855366436,15.2712225000474,0.0982703991050653,"f"
1917,-1.77731134186187,15.2712489354426,0.0982956658393186,"f"
1918,-1.77782359100752,15.271276386907,0.0983209542295343,"f"
1919,-1.77833530014246,15.2713048543423,0.0983462642026608,"f"
1920,-1.77884646830781,15.2713343376504,0.0983715956856465,"f"
1921,-1.77935709454469,15.2713648367331,0.0983969486054397,"f"
1922,-1.77986717789425,15.2713963514921,0.0984223228889888,"f"
1923,-1.7803767173976,15.2714288818293,0.0984477184632421,"f"
1924,-1.78088571209587,15.2714624276464,0.098473135255148,"f"
1925,-1.7813941610302,15.2714969888453,0.0984985731916549,"f"
1926,-1.78190206324172,15.2715325653278,0.0985240321997112,"f"
1927,-1.78240941777155,15.2715691569957,0.0985495122062652,"f"
1928,-1.78291622366083,15.2716067637507,0.0985750131382652,"f"
1929,-1.78342247995068,15.2716453854947,0.0986005349226597,"f"
1930,-1.78392818568223,15.2716850221295,0.098626077486397,"f"
1931,-1.78443333989662,15.2717256735569,0.0986516407564255,"f"
1932,-1.78493794163496,15.2717673396786,0.0986772246596934,"f"
1933,-1.7854419899384,15.2718100203966,0.0987028291231493,"f"
1934,-1.78594548384806,15.2718537156125,0.0987284540737415,"f"
1935,-1.78644842240506,15.2718984252282,0.0987540994384182,"f"
1936,-1.78695080465055,15.2719441491455,0.098779765144128,"f"
1937,-1.78745262962564,15.2719908872662,0.0988054511178191,"f"
1938,-1.78795389637148,15.2720386394922,0.0988311572864399,"f"
1939,-1.78845460392918,15.2720874057251,0.0988568835769388,"f"
1940,-1.78895475133987,15.2721371858668,0.0988826299162642,"f"
1941,-1.7894543376447,15.2721879798191,0.0989083962313644,"f"
1942,-1.78995336188478,15.2722397874838,0.0989341824491877,"f"
1943,-1.79045182310124,15.2722926087627,0.0989599884966826,"f"
1944,-1.79094972033522,15.2723464435577,0.0989858143007974,"f"
1945,-1.79144705262784,15.2724012917704,0.0990116597884804,"f"
1946,-1.79194381902023,15.2724571533028,0.0990375248866801,"f"
1947,-1.79244001855353,15.2725140280566,0.0990634095223448,"f"
1948,-1.79293565026886,15.2725719159336,0.0990893136224228,"f"
1949,-1.79343071320735,15.2726308168357,0.0991152371138626,"f"
1950,-1.79392520641013,15.2726907306645,0.0991411799236125,"f"
1951,-1.79441912891833,15.272751657322,0.0991671419786208,"f"
1952,-1.79491247977308,15.2728135967099,0.0991931232058359,"f"
1953,-1.79540525801551,15.2728765487301,0.0992191235322062,"f"
1954,-1.79589746268674,15.2729405132843,0.0992451428846801,"f"
1955,-1.79638909282792,15.2730054902743,0.0992711811902059,"f"
1956,-1.79688014748016,15.273071479602,0.0992972383757319,"f"
1957,-1.7973706256846,15.2731384811691,0.0993233143682066,"f"
1958,-1.79786052648236,15.2732064948774,0.0993494090945783,"f"
1959,-1.79834984891458,15.2732755206288,0.0993755224817954,"f"
1960,-1.79883859202238,15.273345558325,0.0994016544568062,"f"
1961,-1.7993267548469,15.2734166078679,0.0994278049465591,"f"
1962,-1.79981433642926,15.2734886691593,0.0994539738780025,"f"
1963,-1.80030133581059,15.2735617421009,0.0994801611780847,"f"
1964,-1.80078775203203,15.2736358265945,0.099506366773754,"f"
1965,-1.80127358413469,15.273710922542,0.099532590591959,"f"
1966,-1.80175883115972,15.2737870298452,0.0995588325596479,"f"
1967,-1.80224349214824,15.2738641484059,0.099585092603769,"f"
1968,-1.80272756614138,15.2739422781258,0.0996113706512708,"f"
1969,-1.80321105218026,15.2740214189067,0.0996376666291016,"f"
1970,-1.80369394930603,15.2741015706506,0.0996639804642098,"f"
1971,-1.8041762565598,15.2741827332591,0.0996903120835437,"f"
1972,-1.80465797298271,15.2742649066341,0.0997166614140518,"f"
1973,-1.80513909761588,15.2743480906774,0.0997430283826823,"f"
1974,-1.80561962950046,15.2744322852907,0.0997694129163836,"f"
1975,-1.80609956767755,15.274517490376,0.0997958149421042,"f"
1976,-1.80657891118831,15.2746037058349,0.0998222343867923,"f"
1977,-1.80705765907384,15.2746909315693,0.0998486711773963,"f"
1978,-1.80753581037529,15.274779167481,0.0998751252408647,"f"
1979,-1.80801336413379,15.2748684134718,0.0999015965041457,"f"
1980,-1.80849031939045,15.2749586694434,0.0999280848941877,"f"
1981,-1.80896667518642,15.2750499352978,0.0999545903379391,"f"
1982,-1.80944243056282,15.2751422109367,0.0999811127623482,"f"
1983,-1.80991758456078,15.2752354962618,0.100007652094364,"f"
1984,-1.81039213622142,15.2753297911751,0.100034208260933,"f"
1985,-1.81086608458589,15.2754250955783,0.100060781189006,"f"
1986,-1.81133942869531,15.2755214093732,0.10008737080553,"f"
1987,-1.8118121675908,15.2756187324616,0.100113977037453,"f"
1988,-1.81228430031351,15.2757170647453,0.100140599811724,"f"
1989,-1.81275582590454,15.2758164061261,0.100167239055292,"f"
1990,-1.81322674340505,15.2759167565058,0.100193894695104,"f"
1991,-1.81369705185615,15.2760181157863,0.10022056665811,"f"
1992,-1.81416675029898,15.2761204838693,0.100247254871256,"f"
1993,-1.81463583777466,15.2762238606566,0.100273959261493,"f"
1994,-1.81510431332432,15.27632824605,0.100300679755767,"f"
1995,-1.8155721759891,15.2764336399514,0.100327416281028,"f"
1996,-1.81603942481012,15.2765400422624,0.100354168764224,"f"
1997,-1.81650605882851,15.276647452885,0.100380937132303,"f"
1998,-1.8169720770854,15.276755871721,0.100407721312214,"f"
1999,-1.81743747862192,15.2768652986721,0.100434521230905,"f"
2000,-1.81790226247921,15.2769757336401,0.100461336815324,"f"
2001,-1.81836642769838,15.2770871765269,0.10048816799242,"f"
2002,-1.81882997332057,15.2771996272342,0.10051501468914,"f"
2003,-1.81929289838691,15.2773130856638,0.100541876832434,"f"
2004,-1.81975520193853,15.2774275517176,0.10056875434925,"f"
2005,-1.82021688301656,15.2775430252974,0.100595647166536,"f"
2006,-1.82067794066212,15.2776595063049,0.100622555211241,"f"
2007,-1.82113837391635,15.2777769946419,0.100649478410312,"f"
2008,-1.82159818182037,15.2778954902104,0.100676416690699,"f"
2009,-1.82205736341484,15.2780149929114,0.100703369979381,"f"
2010,-1.82251591739555,15.2781355022775,0.100730338226956,"f"
2011,-1.82297384150549,15.2782570168217,0.100757321449261,"f"
2012,-1.8234311333245,15.2783795348825,0.100784319673307,"f"
2013,-1.82388779043242,15.2785030547986,0.100811332926104,"f"
2014,-1.82434381040909,15.2786275749084,0.100838361234662,"f"
2015,-1.82479919083436,15.2787530935506,0.100865404625993,"f"
2016,-1.82525392928806,15.2788796090636,0.100892463127107,"f"
2017,-1.82570802335002,15.2790071197861,0.100919536765014,"f"
2018,-1.8261614706001,15.2791356240565,0.100946625566724,"f"
2019,-1.82661426861813,15.2792651202135,0.100973729559249,"f"
2020,-1.82706641498394,15.2793956065956,0.101000848769598,"f"
2021,-1.82751790727739,15.2795270815413,0.101027983224783,"f"
2022,-1.8279687430783,15.2796595433892,0.101055132951813,"f"
2023,-1.82841891996652,15.2797929904779,0.1010822979777,"f"
2024,-1.82886843552189,15.2799274211458,0.101109478329453,"f"
2025,-1.82931728732425,15.2800628337316,0.101136674034084,"f"
2026,-1.82976547295344,15.2801992265739,0.101163885118602,"f"
2027,-1.83021298998929,15.280336598011,0.101191111610018,"f"
2028,-1.83065983601165,15.2804749463818,0.101218353535343,"f"
2029,-1.83110600860036,15.2806142700245,0.101245610921588,"f"
2030,-1.83155150533525,15.2807545672779,0.101272883795762,"f"
2031,-1.83199632379617,15.2808958364805,0.101300172184876,"f"
2032,-1.83244046156295,15.2810380759708,0.101327476115941,"f"
2033,-1.83288391621544,15.2811812840874,0.101354795615967,"f"
2034,-1.83332668533347,15.2813254591688,0.101382130711965,"f"
2035,-1.83376876649689,15.2814705995536,0.101409481430945,"f"
2036,-1.83421015728553,15.2816167035803,0.101436847799918,"f"
2037,-1.83465085527924,15.2817637695876,0.101464229845894,"f"
2038,-1.83509085805785,15.2819117959139,0.101491627595883,"f"
2039,-1.8355301632012,15.2820607808978,0.101519041076897,"f"
2040,-1.83596876828913,15.2822107228778,0.101546470315946,"f"
2041,-1.83640667090149,15.2823616201926,0.10157391534004,"f"
2042,-1.83684386861811,15.2825134711806,0.101601376176189,"f"
2043,-1.83728035901883,15.2826662741805,0.101628852851405,"f"
2044,-1.83771613968349,15.2828200275307,0.101656345392697,"f"
2045,-1.83815120819194,15.2829747295698,0.101683853827077,"f"
2046,-1.838585562124,15.2831303786364,0.101711378181554,"f"
2047,-1.83901919905953,15.2832869730691,0.101738918483139,"f"
2048,-1.83945211657835,15.2834445112063,0.101766474758843,"f"
2049,-1.83988431226032,15.2836029913866,0.101794047035677,"f"
2050,-1.84031578368526,15.2837624119487,0.10182163534065,"f"
2051,-1.84074652843302,15.283922771231,0.101849239700773,"f"
2052,-1.84117654408344,15.2840840675721,0.101876860143057,"f"
2053,-1.84160582821636,15.2842462993105,0.101904496694512,"f"
2054,-1.84203437841162,15.2844094647849,0.101932149382149,"f"
2055,-1.84246219224906,15.2845735623336,0.101959818232978,"f"
2056,-1.84288926730851,15.2847385902955,0.101987503274009,"f"
2057,-1.84331560116982,15.2849045470088,0.102015204532254,"f"
2058,-1.84374119141283,15.2850714308123,0.102042922034722,"f"
2059,-1.84416603561737,15.2852392400445,0.102070655808425,"f"
2060,-1.84459013136329,15.2854079730438,0.102098405880373,"f"
2061,-1.84501347623043,15.285577628149,0.102126172277575,"f"
2062,-1.84543606779862,15.2857482036985,0.102153955027043,"f"
2063,-1.8458579036477,15.2859196980309,0.102181754155788,"f"
2064,-1.84627898135753,15.2860921094847,0.102209569690819,"f"
2065,-1.84669929850792,15.2862654363985,0.102237401659147,"f"
2066,-1.84711885267873,15.2864396771108,0.102265250087783,"f"
2067,-1.84753764144979,15.2866148299602,0.102293115003737,"f"
2068,-1.84795566240095,15.2867908932853,0.10232099643402,"f"
2069,-1.84837291311204,15.2869678654246,0.102348894405642,"f"
2070,-1.8487893911629,15.2871457447167,0.102376808945614,"f"
2071,-1.84920509413337,15.2873245295,0.102404740080946,"f"
2072,-1.8496200196033,15.2875042181132,0.102432687838648,"f"
2073,-1.85003416515252,15.2876848088949,0.102460652245732,"f"
2074,-1.85044752836087,15.2878663001835,0.102488633329207,"f"
2075,-1.85086010680819,15.2880486903176,0.102516631116085,"f"
2076,-1.85127189807432,15.2882319776358,0.102544645633375,"f"
2077,-1.8516828997391,15.2884161604767,0.102572676908088,"f"
2078,-1.85209310938237,15.2886012371787,0.102600724967235,"f"
2079,-1.85250252458397,15.2887872060804,0.102628789837826,"f"
2080,-1.85291114292374,15.2889740655205,0.102656871546872,"f"
2081,-1.85331896198152,15.2891618138374,0.102684970121383,"f"
2082,-1.85372597933715,15.2893504493697,0.10271308558837,"f"
2083,-1.85413219257046,15.2895399704559,0.102741217974843,"f"
2084,-1.85453759926131,15.2897303754346,0.102769367307813,"f"
2085,-1.85494219698952,15.2899216626444,0.102797533614289,"f"
2086,-1.85534598333494,15.2901138304239,0.102825716921284,"f"
2087,-1.85574895587741,15.2903068771114,0.102853917255806,"f"
2088,-1.85615111219676,15.2905008010457,0.102882134644867,"f"
2089,-1.85655244987284,15.2906956005653,0.102910369115478,"f"
2090,-1.85695296648548,15.2908912740087,0.102938620694648,"f"
2091,-1.85735265961454,15.2910878197144,0.102966889409388,"f"
2092,-1.85775152683983,15.2912852360211,0.102995175286709,"f"
2093,-1.85814956574121,15.2914835212673,0.103023478353621,"f"
2094,-1.85854677389852,15.2916826737915,0.103051798637135,"f"
2095,-1.85894314889159,15.2918826919323,0.10308013616426,"f"
2096,-1.85933868830026,15.2920835740283,0.103108490962009,"f"
2097,-1.85973338970438,15.2922853184179,0.10313686305739,"f"
2098,-1.86012725068378,15.2924879234398,0.103165252477416,"f"
2099,-1.86052026881831,15.2926913874325,0.103193659249095,"f"
2100,-1.8609124416878,15.2928957087346,0.103222083399439,"f"
2101,-1.86130376687208,15.2931008856845,0.103250524955459,"f"
2102,-1.86169424195102,15.293306916621,0.103278983944163,"f"
2103,-1.86208386450443,15.2935137998824,0.103307460392564,"f"
2104,-1.86247263211216,15.2937215338074,0.103335954327672,"f"
2105,-1.86286054235406,15.2939301167346,0.103364465776497,"f"
2106,-1.86324759280995,15.2941395470024,0.10339299476605,"f"
2107,-1.86363378105969,15.2943498229494,0.10342154132334,"f"
2108,-1.86401910468311,15.2945609429143,0.10345010547538,"f"
2109,-1.86440356126004,15.2947729052355,0.103478687249178,"f"
2110,-1.86478714837034,15.2949857082515,0.103507286671746,"f"
2111,-1.86516986359383,15.295199350301,0.103535903770094,"f"
2112,-1.86555170451036,15.2954138297225,0.103564538571233,"f"
2113,-1.86593266869977,15.2956291448546,0.103593191102173,"f"
2114,-1.8663127537419,15.2958452940358,0.103621861389925,"f"
2115,-1.86669195721659,15.2960622756046,0.103650549461499,"f"
2116,-1.86707027670367,15.2962800878996,0.103679255343905,"f"
2117,-1.86744770978299,15.2964987292594,0.103707979064155,"f"
2118,-1.86782425403439,15.2967181980225,0.103736720649258,"f"
2119,-1.86819990703771,15.2969384925275,0.103765480126225,"f"
2120,-1.86857466637277,15.2971596111129,0.103794257522067,"f"
2121,-1.86894852961944,15.2973815521173,0.103823052863795,"f"
2122,-1.86932149435754,15.2976043138792,0.103851866178417,"f"
2123,-1.86969355816692,15.2978278947372,0.103880697492946,"f"
2124,-1.87006471862741,15.2980522930299,0.103909546834392,"f"
2125,-1.87043497331885,15.2982775070957,0.103938414229765,"f"
2126,-1.87080431982109,15.2985035352733,0.103967299706075,"f"
2127,-1.87117275571396,15.2987303759011,0.103996203290333,"f"
2128,-1.87154027857731,15.2989580273179,0.10402512500955,"f"
2129,-1.87190688599096,15.299186487862,0.104054064890737,"f"
2130,-1.87227257553477,15.2994157558721,0.104083022960902,"f"
2131,-1.87263734478858,15.2996458296867,0.104111999247058,"f"
2132,-1.87300119133221,15.2998767076443,0.104140993776215,"f"
2133,-1.87336411274552,15.3001083880836,0.104170006575383,"f"
2134,-1.87372610660834,15.3003408693431,0.104199037671572,"f"
2135,-1.8740871705005,15.3005741497612,0.104228087091794,"f"
2136,-1.87444730200186,15.3008082276767,0.104257154863058,"f"
2137,-1.87480649869225,15.301043101428,0.104286241012375,"f"
2138,-1.87516475815151,15.3012787693537,0.104315345566756,"f"
2139,-1.87552207795948,15.3015152297923,0.104344468553211,"f"
2140,-1.875878455696,15.3017524810824,0.104373609998751,"f"
2141,-1.8762338889409,15.3019905215625,0.104402769930385,"f"
2142,-1.87658837527404,15.3022293495713,0.104431948375126,"f"
2143,-1.87694191227524,15.3024689634472,0.104461145359982,"f"
2144,-1.87729449752436,15.3027093615288,0.104490360911965,"f"
2145,-1.87764612860121,15.3029505421546,0.104519595058086,"f"
2146,-1.87799680308566,15.3031925036633,0.104548847825353,"f"
2147,-1.87834651855753,15.3034352443933,0.104578119240779,"f"
2148,-1.87869527259667,15.3036787626833,0.104607409331374,"f"
2149,-1.87904306278292,15.3039230568717,0.104636718124148,"f"
2150,-1.87938988669611,15.3041681252971,0.104666045646111,"f"
2151,-1.87973574191609,15.3044139662982,0.104695391924274,"f"
2152,-1.88008062602269,15.3046605782133,0.104724756985649,"f"
2153,-1.88042453659576,15.3049079593812,0.104754140857244,"f"
2154,-1.88076747121513,15.3051561081403,0.10478354356607,"f"
2155,-1.88110942746065,15.3054050228291,0.104812965139139,"f"
2156,-1.88145040291215,15.3056547017864,0.104842405603461,"f"
2157,-1.88179039514947,15.3059051433505,0.104871864986045,"f"
2158,-1.88212940175246,15.3061563458601,0.104901343313904,"f"
2159,-1.88246742030095,15.3064083076536,0.104930840614046,"f"
2160,-1.88280444837478,15.3066610270698,0.104960356913483,"f"
2161,-1.8831404835538,15.306914502447,0.104989892239225,"f"
2162,-1.88347552341783,15.3071687321239,0.105019446618283,"f"
2163,-1.88380956554673,15.3074237144391,0.105049020077666,"f"
2164,-1.88414260752033,15.307679447731,0.105078612644387,"f"
2165,-1.88447464691847,15.3079359303382,0.105108224345454,"f"
2166,-1.88480568132099,15.3081931605993,0.105137855207879,"f"
2167,-1.88513570830773,15.3084511368528,0.105167505258673,"f"
2168,-1.88546472545853,15.3087098574374,0.105197174524844,"f"
2169,-1.88579273035323,15.3089693206914,0.105226863033405,"f"
2170,-1.88611972057167,15.3092295249536,0.105256570811366,"f"
2171,-1.88644569369369,15.3094904685624,0.105286297885736,"f"
2172,-1.88677064729913,15.3097521498564,0.105316044283527,"f"
2173,-1.88709457896782,15.3100145671741,0.10534581003175,"f"
2174,-1.88741748627962,15.3102777188542,0.105375595157414,"f"
2175,-1.88773936681435,15.3105416032351,0.10540539968753,"f"
2176,-1.88806021815185,15.3108062186554,0.105435223649108,"f"
2177,-1.88838003787198,15.3110715634537,0.10546506706916,"f"
2178,-1.88869882355456,15.3113376359685,0.105494929974695,"f"
2179,-1.88901657277944,15.3116044345384,0.105524812392725,"f"
2180,-1.88933328312645,15.3118719575019,0.105554714350258,"f"
2181,-1.88964895217544,15.3121402031976,0.105584635874308,"f"
2182,-1.88996357750624,15.312409169964,0.105614576991882,"f"
2183,-1.8902771566987,15.3126788561398,0.105644537729993,"f"
2184,-1.89058968733265,15.3129492600633,0.10567451811565,"f"
2185,-1.89090116698794,15.3132203800732,0.105704518175865,"f"
2186,-1.8912115932444,15.3134922145081,0.105734537937647,"f"
2187,-1.89152096368187,15.3137647617065,0.105764577428007,"f"
2188,-1.8918292758802,15.3140380200069,0.105794636673955,"f"
2189,-1.89213652741922,15.314311987748,0.105824715702503,"f"
2190,-1.89244271587877,15.3145866632682,0.105854814540661,"f"
2191,-1.8927478388387,15.3148620449061,0.105884933215438,"f"
2192,-1.89305189391285,15.3151381310523,0.105915071750502,"f"
2193,-1.89335487949746,15.3154149212927,0.105945230092609,"f"
2194,-1.8936567947711,15.315692416409,0.105975408111605,"f"
2195,-1.89395763894641,15.3159706172345,0.106005605673991,"f"
2196,-1.89425741123597,15.316249524603,0.106035822646269,"f"
2197,-1.89455611085241,15.3165291393478,0.106066058894941,"f"
2198,-1.89485373700832,15.3168094623025,0.10609631428651,"f"
2199,-1.89515028891632,15.3170904943006,0.106126588687476,"f"
2200,-1.89544576578902,15.3173722361756,0.106156881964342,"f"
2201,-1.89574016683902,15.3176546887611,0.10618719398361,"f"
2202,-1.89603349127894,15.3179378528905,0.106217524611781,"f"
2203,-1.89632573832138,15.3182217293974,0.106247873715357,"f"
2204,-1.89661690717895,15.3185063191153,0.106278241160841,"f"
2205,-1.89690699706426,15.3187916228777,0.106308626814733,"f"
2206,-1.89719600718992,15.3190776415181,0.106339030543536,"f"
2207,-1.89748393676853,15.31936437587,0.106369452213752,"f"
2208,-1.89777078501271,15.319651826767,0.106399891691883,"f"
2209,-1.89805655113507,15.3199399950426,0.10643034884443,"f"
2210,-1.8983412343482,15.3202288815303,0.106460823537895,"f"
2211,-1.89862483386473,15.3205184870635,0.10649131563878,"f"
2212,-1.89890734889726,15.320808812476,0.106521825013587,"f"
2213,-1.8991887786584,15.321099858601,0.106552351528818,"f"
2214,-1.89946912236075,15.3213916262722,0.106582895050975,"f"
2215,-1.89974837921693,15.3216841163231,0.106613455446559,"f"
2216,-1.90002654843955,15.3219773295872,0.106644032582072,"f"
2217,-1.90030362924121,15.322271266898,0.106674626324017,"f"
2218,-1.90057962083452,15.322565929089,0.106705236538894,"f"
2219,-1.90085452243209,15.3228613169937,0.106735863093207,"f"
2220,-1.90112833324653,15.3231574314458,0.106766505853456,"f"
2221,-1.90140105249044,15.3234542732786,0.106797164686144,"f"
2222,-1.90167267937645,15.3237518433257,0.106827839457772,"f"
2223,-1.90194321311714,15.3240501424206,0.106858530034843,"f"
2224,-1.90221265292515,15.3243491713968,0.106889236283858,"f"
2225,-1.90248099801306,15.3246489310879,0.106919958071318,"f"
2226,-1.9027482475935,15.3249494223274,0.106950695263727,"f"
2227,-1.90301440087906,15.3252506459487,0.106981447727585,"f"
2228,-1.90327945708237,15.3255526027854,0.107012215329395,"f"
2229,-1.90354341541601,15.3258552936711,0.107042997935659,"f"
2230,-1.90380627509262,15.3261587194392,0.107073795412877,"f"
2231,-1.90406803532479,15.3264628809232,0.107104607627553,"f"
2232,-1.90432869532513,15.3267677789567,0.107135434446188,"f"
2233,-1.90458825430626,15.3270734143732,0.107166275735283,"f"
2234,-1.90484671148077,15.3273797880062,0.107197131361341,"f"
2235,-1.90510406606128,15.3276869006892,0.107228001190864,"f"
2236,-1.9053603172604,15.3279947532558,0.107258885090353,"f"
2237,-1.90561546429074,15.3283033465394,0.10728978292631,"f"
2238,-1.9058695063649,15.3286126813735,0.107320694565237,"f"
2239,-1.90612244269549,15.3289227585918,0.107351619873637,"f"
2240,-1.90637427249512,15.3292335790276,0.10738255871801,"f"
2241,-1.90662499497641,15.3295451435146,0.107413510964858,"f"
2242,-1.90687460935195,15.3298574528862,0.107444476480684,"f"
2243,-1.90712311483437,15.330170507976,0.10747545513199,"f"
2244,-1.90737051063625,15.3304843096174,0.107506446785276,"f"
2245,-1.90761679597023,15.3307988586441,0.107537451307046,"f"
2246,-1.90786197004889,15.3311141558894,0.107568468563801,"f"
2247,-1.90810603208486,15.331430202187,0.107599498422042,"f"
2248,-1.90834898129074,15.3317469983703,0.107630540748272,"f"
2249,-1.90859081687914,15.3320645452728,0.107661595408992,"f"
2250,-1.90883153806267,15.3323828437282,0.107692662270705,"f"
2251,-1.90907114405393,15.3327018945698,0.107723741199911,"f"
2252,-1.90930963406554,15.3330216986312,0.107754832063114,"f"
2253,-1.90954700731011,15.333342256746,0.107785934726815,"f"
2254,-1.90978326300024,15.3336635697476,0.107817049057515,"f"
2255,-1.91001840034853,15.3339856384696,0.107848174921717,"f"
2256,-1.91025241856761,15.3343084637454,0.107879312185922,"f"
2257,-1.91048531687008,15.3346320464086,0.107910460716632,"f"
2258,-1.91071709446854,15.3349563872928,0.10794162038035,"f"
2259,-1.91094775057561,15.3352814872314,0.107972791043577,"f"
2260,-1.91117728440389,15.3356073470579,0.108003972572814,"f"
2261,-1.911405695166,15.3359339676059,0.108035164834564,"f"
2262,-1.91163298207454,15.3362613497088,0.108066367695328,"f"
2263,-1.91185914434212,15.3365894942003,0.108097581021609,"f"
2264,-1.91208418118135,15.3369184019138,0.108128804679908,"f"
2265,-1.91230809180483,15.3372480736828,0.108160038536727,"f"
2266,-1.91253087542519,15.3375785103408,0.108191282458568,"f"
2267,-1.91275253125501,15.3379097127214,0.108222536311933,"f"
2268,-1.91297305850692,15.3382416816581,0.108253799963324,"f"
2269,-1.91319245639353,15.3385744179844,0.108285073279241,"f"
2270,-1.91341072412743,15.3389079225339,0.108316356126189,"f"
2271,-1.91362786092124,15.3392421961399,0.108347648370667,"f"
2272,-1.91384386598758,15.3395772396361,0.108378949879178,"f"
2273,-1.91405873853903,15.339913053856,0.108410260518225,"f"
2274,-1.91427247778823,15.340249639633,0.108441580154307,"f"
2275,-1.91448508294777,15.3405869978008,0.108472908653929,"f"
2276,-1.91469655323026,15.3409251291927,0.108504245883591,"f"
2277,-1.91490688784831,15.3412640346425,0.108535591709795,"f"
2278,-1.91511608601453,15.3416037149834,0.108566945999044,"f"
2279,-1.91532414694153,15.3419441710491,0.108598308617838,"f"
2280,-1.91553106984192,15.3422854036732,0.10862967943268,"f"
2281,-1.9157368539283,15.342627413689,0.108661058310072,"f"
2282,-1.91594149841329,15.3429702019301,0.108692445116515,"f"
2283,-1.91614500250949,15.3433137692301,0.108723839718512,"f"
2284,-1.91634736542951,15.3436581164224,0.108755241982564,"f"
2285,-1.91654858638596,15.3440032443407,0.108786651775173,"f"
2286,-1.91674866459145,15.3443491538183,0.108818068962841,"f"
2287,-1.91694759925859,15.3446958456888,0.10884949341207,"f"
2288,-1.91714538959999,15.3450433207857,0.108880924989362,"f"
2289,-1.91734203482825,15.3453915799426,0.108912363561218,"f"
2290,-1.91753753415598,15.3457406239929,0.10894380899414,"f"
2291,-1.9177318867958,15.3460904537702,0.108975261154631,"f"
2292,-1.91792509196031,15.346441070108,0.109006719909191,"f"
2293,-1.91811714886211,15.3467924738398,0.109038185124324,"f"
2294,-1.91830805671383,15.3471446657991,0.10906965666653,"f"
2295,-1.91849781472806,15.3474976468195,0.109101134402312,"f"
2296,-1.91868642211741,15.3478514177344,0.109132618198171,"f"
2297,-1.9188738780945,15.3482059793774,0.109164107920609,"f"
2298,-1.91906018187194,15.348561332582,0.109195603436129,"f"
2299,-1.91924533266232,15.3489174781818,0.109227104611232,"f"
2300,-1.91942932967827,15.3492744170101,0.10925861131242,"f"
2301,-1.91961217213238,15.3496321499006,0.109290123406194,"f"
2302,-1.91979385923727,15.3499906776868,0.109321640759057,"f"
2303,-1.91997439020554,15.3503500012021,0.10935316323751,"f"
2304,-1.92015376424981,15.3507101212801,0.109384690708056,"f"
2305,-1.92033198058269,15.3510710387544,0.109416223037195,"f"
2306,-1.92050903841677,15.3514327544583,0.109447760091431,"f"
2307,-1.92068493696468,15.3517952692256,0.109479301737264,"f"
2308,-1.92085967543901,15.3521585838896,0.109510847841197,"f"
2309,-1.92103325305238,15.3525226992838,0.109542398269732,"f"
2310,-1.9212056690174,15.3528876162419,0.10957395288937,"f"
2311,-1.92137692254667,15.3532533355973,0.109605511566613,"f"
2312,-1.92154701285281,15.3536198581835,0.109637074167964,"f"
2313,-1.92171593914842,15.3539871848341,0.109668640559923,"f"
2314,-1.92188370064611,15.3543553163825,0.109700210608993,"f"
2315,-1.92205029655849,15.3547242536624,0.109731784181676,"f"
2316,-1.92221572609816,15.3550939975071,0.109763361144473,"f"
2317,-1.92237998847775,15.3554645487502,0.109794941363886,"f"
2318,-1.92254308290984,15.3558359082253,0.109826524706418,"f"
2319,-1.92270500860707,15.3562080767659,0.10985811103857,"f"
2320,-1.92286576478202,15.3565810552054,0.109889700226843,"f"
2321,-1.92302535064732,15.3569548443774,0.109921292137741,"f"
2322,-1.92318376541556,15.3573294451154,0.109952886637764,"f"
2323,-1.92334100829937,15.3577048582529,0.109984483593414,"f"
2324,-1.92349707851134,15.3580810846234,0.110016082871194,"f"
2325,-1.92365197526409,15.3584581250606,0.110047684337604,"f"
2326,-1.92380569777022,15.3588359803977,0.110079287859148,"f"
2327,-1.92395824524235,15.3592146514685,0.110110893302327,"f"
2328,-1.92410961689307,15.3595941391064,0.110142500533642,"f"
2329,-1.92425981193501,15.3599744441449,0.110174109419596,"f"
2330,-1.92440882958076,15.3603555674176,0.11020571982669,"f"
2331,-1.92455666904295,15.3607375097579,0.110237331621427,"f"
2332,-1.92470332953417,15.3611202719994,0.110268944670307,"f"
2333,-1.92484881026703,15.3615038549755,0.110300558839834,"f"
2334,-1.92499311045415,15.3618882595199,0.110332173996508,"f"
2335,-1.92513622930813,15.362273486466,0.110363790006833,"f"
2336,-1.92527816604158,15.3626595366474,0.110395406737308,"f"
2337,-1.92541891986711,15.3630464108975,0.110427024054437,"f"
2338,-1.92555848999733,15.3634341100499,0.110458641824721,"f"
2339,-1.92569687564484,15.3638226349381,0.110490259914662,"f"
2340,-1.92583407602226,15.3642119863956,0.110521878190763,"f"
2341,-1.9259700903422,15.3646021652559,0.110553496519523,"f"
2342,-1.92610491781725,15.3649931723526,0.110585114767447,"f"
2343,-1.92623855766004,15.3653850085191,0.110616732801035,"f"
2344,-1.92637100908317,15.365777674589,0.110648350486789,"f"
2345,-1.92650227129925,15.3661711713959,0.110679967691212,"f"
2346,-1.92663234352088,15.3665654997731,0.110711584280804,"f"
2347,-1.92676122496068,15.3669606605542,0.110743200122069,"f"
2348,-1.92688891483125,15.3673566545729,0.110774815081507,"f"
2349,-1.92701541234521,15.3677534826624,0.11080642902562,"f"
2350,-1.92714071671515,15.3681511456565,0.110838041820911,"f"
2351,-1.9272648271537,15.3685496443885,0.110869653333882,"f"
2352,-1.92738774287346,15.3689489796921,0.110901263431033,"f"
2353,-1.92750946308703,15.3693491524007,0.110932871978868,"f"
2354,-1.92762998700703,15.3697501633479,0.110964478843887,"f"
2355,-1.92774931384607,15.3701520133671,0.110996083892593,"f"
2356,-1.92786744281675,15.3705547032919,0.111027686991488,"f"
2357,-1.92798437313168,15.3709582339558,0.111059288007073,"f"
2358,-1.92810010400347,15.3713626061924,0.11109088680585,"f"
2359,-1.92821463464473,15.3717678208351,0.111122483254321,"f"
2360,-1.92832796426807,15.3721738787174,0.111154077218988,"f"
2361,-1.92844009208609,15.3725807806729,0.111185668566353,"f"
2362,-1.92855101731142,15.3729885275351,0.111217257162918,"f"
2363,-1.92866073915664,15.3733971201374,0.111248842875184,"f"
2364,-1.92876925683438,15.3738065593136,0.111280425569654,"f"
2365,-1.92887656955723,15.3742168458969,0.111312005112829,"f"
2366,-1.92898267653782,15.374627980721,0.11134358137121,"f"
2367,-1.92908757698875,15.3750399646194,0.111375154211301,"f"
2368,-1.92919127012262,15.3754527984256,0.111406723499602,"f"
2369,-1.92929375515205,15.375866482973,0.111438289102616,"f"
2370,-1.92939503128965,15.3762810190953,0.111469850886845,"f"
2371,-1.92949509774801,15.376696407626,0.11150140871879,"f"
2372,-1.92959395373976,15.3771126493985,0.111532962464953,"f"
2373,-1.9296915984775,15.3775297452463,0.111564511991836,"f"
2374,-1.92978803117383,15.3779476960031,0.11159605716594,"f"
2375,-1.92988325116824,15.3783665025524,0.111627597870287,"f"
2376,-1.92997725854101,15.3787861660708,0.111659134084356,"f"
2377,-1.93007005364059,15.3792066878406,0.111690665822543,"f"
2378,-1.93016163681579,15.3796280691446,0.11172219309929,"f"
2379,-1.93025200841542,15.3800503112653,0.11175371592904,"f"
2380,-1.93034116878831,15.3804734154853,0.111785234326238,"f"
2381,-1.93042911828325,15.3808973830872,0.111816748305325,"f"
2382,-1.93051585724906,15.3813222153537,0.111848257880746,"f"
2383,-1.93060138603457,15.3817479135674,0.111879763066943,"f"
2384,-1.93068570498857,15.3821744790109,0.11191126387836,"f"
2385,-1.93076881445988,15.3826019129667,0.111942760329439,"f"
2386,-1.93085071479732,15.3830302167176,0.111974252434624,"f"
2387,-1.9309314063497,15.3834593915461,0.112005740208358,"f"
2388,-1.93101088946583,15.3838894387348,0.112037223665084,"f"
2389,-1.93108916449453,15.3843203595663,0.112068702819245,"f"
2390,-1.9311662317846,15.3847521553233,0.112100177685285,"f"
2391,-1.93124209168486,15.3851848272883,0.112131648277646,"f"
2392,-1.93131674454413,15.3856183767441,0.112163114610772,"f"
2393,-1.93139019071122,15.3860528049731,0.112194576699106,"f"
2394,-1.93146243053494,15.386488113258,0.112226034557091,"f"
2395,-1.9315334643641,15.3869243028814,0.112257488199171,"f"
2396,-1.93160329254751,15.387361375126,0.112288937639787,"f"
2397,-1.931671915434,15.3877993312743,0.112320382893385,"f"
2398,-1.93173933337237,15.3882381726089,0.112351823974406,"f"
2399,-1.93180554671143,15.3886779004125,0.112383260897293,"f"
2400,-1.93187055580001,15.3891185159677,0.112414693676491,"f"
2401,-1.9319343609869,15.389560020557,0.112446122326442,"f"
2402,-1.93199696262093,15.3900024154632,0.11247754686159,"f"
2403,-1.93205836105091,15.3904457019687,0.112508967296377,"f"
2404,-1.93211855662565,15.3908898813563,0.112540383645246,"f"
2405,-1.93217754969396,15.3913349549085,0.112571795922642,"f"
2406,-1.93223534060466,15.391780923908,0.112603204143006,"f"
2407,-1.93229192970656,15.3922277896373,0.112634608320783,"f"
2408,-1.93234731734848,15.392675553379,0.112666008470415,"f"
2409,-1.93240150387922,15.3931242164159,0.112697404606345,"f"
2410,-1.9324544896476,15.3935737800304,0.112728796743017,"f"
2411,-1.93250627500243,15.3940242455053,0.112760184894873,"f"
2412,-1.93255686029253,15.394475614123,0.112791569076358,"f"
2413,-1.93260624586671,15.3949278871663,0.112822949301914,"f"
2414,-1.93265443207378,15.3953810659177,0.112854325585984,"f"
2415,-1.93270141926255,15.3958351516599,0.112885697943011,"f"
2416,-1.93274720778184,15.3962901456754,0.112917066387439,"f"
2417,-1.93279179798047,15.3967460492469,0.112948430933711,"f"
2418,-1.93283519020723,15.397202863657,0.11297979159627,"f"
2419,-1.93287738481096,15.3976605901883,0.113011148389558,"f"
2420,-1.93291838214045,15.3981192301234,0.11304250132802,"f"
2421,-1.93295818254453,15.398578784745,0.113073850426098,"f"
2422,-1.932996786372,15.3990392553355,0.113105195698236,"f"
2423,-1.93303419397169,15.3995006431777,0.113136537158877,"f"
2424,-1.93307040569239,15.3999629495542,0.113167874822463,"f"
2425,-1.93310542188294,15.4004261757475,0.113199208703438,"f"
2426,-1.93313924289213,15.4008903230404,0.113230538816246,"f"
2427,-1.93317186906878,15.4013553927153,0.113261865175329,"f"
2428,-1.93320330076171,15.4018213860549,0.11329318779513,"f"
2429,-1.93323353831972,15.4022883043418,0.113324506690093,"f"
2430,-1.93326258209164,15.4027561488587,0.113355821874661,"f"
2431,-1.93329043242627,15.4032249208881,0.113387133363276,"f"
2432,-1.93331708967243,15.4036946217126,0.113418441170383,"f"
2433,-1.93334255417893,15.404165252615,0.113449745310424,"f"
2434,-1.93336682629458,15.4046368148777,0.113481045797843,"f"
2435,-1.9333899063682,15.4051093097833,0.113512342647082,"f"
2436,-1.93341179474859,15.4055827386146,0.113543635872585,"f"
2437,-1.93343249178458,15.4060571026541,0.113574925488795,"f"
2438,-1.93345199782498,15.4065324031845,0.113606211510155,"f"
2439,-1.93347031321859,15.4070086414882,0.113637493951108,"f"
2440,-1.93348743831424,15.4074858188481,0.113668772826097,"f"
2441,-1.93350337346073,15.4079639365465,0.113700048149566,"f"
2442,-1.93351811900688,15.4084429958663,0.113731319935958,"f"
2443,-1.9335316753015,15.4089229980899,0.113762588199716,"f"
2444,-1.9335440426934,15.4094039445,0.113793852955283,"f"
2445,-1.9335552215314,15.4098858363793,0.113825114217101,"f"
2446,-1.93356521216431,15.4103686750103,0.113856371999616,"f"
2447,-1.93357401494095,15.4108524616755,0.113887626317268,"f"
2448,-1.93358163021012,15.4113371976578,0.113918877184503,"f"
2449,-1.93358805832064,15.4118228842396,0.113950124615762,"f"
2450,-1.93359329962132,15.4123095227035,0.113981368625489,"f"
2451,-1.93359735446098,15.4127971143323,0.114012609228128,"f"
2452,-1.93360022318842,15.4132856604084,0.11404384643812,"f"
2453,-1.93360190615247,15.4137751622146,0.114075080269911,"f"
2454,-1.93360240370193,15.4142656210333,0.114106310737941,"f"
2455,-1.93360171618563,15.4147570381473,0.114137537856656,"f"
2456,-1.93359984395236,15.4152494148391,0.114168761640497,"f"
2457,-1.93359678735094,15.4157427523914,0.114199982103909,"f"
2458,-1.9335925467302,15.4162370520867,0.114231199261334,"f"
2459,-1.93358712243893,15.4167323152078,0.114262413127215,"f"
2460,-1.93358051482596,15.4172285430371,0.114293623715996,"f"
2461,-1.93357272424009,15.4177257368573,0.11432483104212,"f"
2462,-1.93356375103014,15.418223897951,0.114356035120029,"f"
2463,-1.93355359554493,15.4187230276008,0.114387235964168,"f"
2464,-1.93354225813326,15.4192231270894,0.114418433588978,"f"
2465,-1.93352973914395,15.4197241976993,0.114449628008904,"f"
2466,-1.93351603892581,15.4202262407132,0.114480819238389,"f"
2467,-1.93350115782765,15.4207292574137,0.114512007291875,"f"
2468,-1.93348509619829,15.4212332490833,0.114543192183807,"f"
2469,-1.93346785438655,15.4217382170047,0.114574373928626,"f"
2470,-1.93344943274123,15.4222441624606,0.114605552540776,"f"
2471,-1.93342983161114,15.4227510867334,0.114636728034701,"f"
2472,-1.93340905134511,15.4232589911059,0.114667900424843,"f"
2473,-1.93338709229194,15.4237678768607,0.114699069725646,"f"
2474,-1.93336395480044,15.4242777452802,0.114730235951553,"f"
2475,-1.93333963921943,15.4247885976473,0.114761399117006,"f"
2476,-1.93331414589773,15.4253004352444,0.11479255923645,"f"
2477,-1.93328747518414,15.4258132593543,0.114823716324327,"f"
2478,-1.93325962742748,15.4263270712594,0.11485487039508,"f"
2479,-1.93323060297657,15.4268418722424,0.114886021463154,"f"
2480,-1.9332004021802,15.427357663586,0.114917169542989,"f"
2481,-1.93316902538721,15.4278744465727,0.114948314649031,"f"
2482,-1.93313647294639,15.4283922224852,0.114979456795722,"f"
2483,-1.93310274520657,15.428910992606,0.115010595997505,"f"
2484,-1.93306784251656,15.4294307582178,0.115041732268823,"f"
2485,-1.93303176522517,15.4299515206032,0.11507286562412,"f"
2486,-1.93299451368121,15.4304732810447,0.115103996077839,"f"
2487,-1.93295608823349,15.4309960408251,0.115135123644423,"f"
2488,-1.93291648923084,15.4315198012269,0.115166248338314,"f"
2489,-1.93287571702206,15.4320445635328,0.115197370173957,"f"
2490,-1.93283377195596,15.4325703290253,0.115228489165794,"f"
2491,-1.93279065438136,15.433097098987,0.115259605328269,"f"
2492,-1.93274636464707,15.4336248747007,0.115290718675824,"f"
2493,-1.93270090310191,15.4341536574488,0.115321829222904,"f"
2494,-1.93265427009469,15.434683448514,0.11535293698395,"f"
2495,-1.93260646597422,15.4352142491789,0.115384041973406,"f"
2496,-1.93255749108931,15.4357460607261,0.115415144205716,"f"
2497,-1.93250734578877,15.4362788844382,0.115446243695322,"f"
2498,-1.93245603042143,15.4368127215979,0.115477340456668,"f"
2499,-1.93240354533609,15.4373475734878,0.115508434504196,"f"
2500,-1.93234989088157,15.4378834413904,0.11553952585235,"f"
2501,-1.93229506740668,15.4384203265884,0.115570614515574,"f"
2502,-1.93223907526022,15.4389582303644,0.11560170050831,"f"
2503,-1.93218191479103,15.4394971540009,0.115632783845001,"f"
2504,-1.9321235863479,15.4400370987807,0.115663864540091,"f"
2505,-1.93206409027966,15.4405780659863,0.115694942608022,"f"
2506,-1.9320034269351,15.4411200569004,0.115726018063239,"f"
2507,-1.93194159666306,15.4416630728055,0.115757090920183,"f"
2508,-1.93187859981234,15.4422071149843,0.115788161193299,"f"
2509,-1.93181443673175,15.4427521847193,0.115819228897029,"f"
2510,-1.93174910777011,15.4432982832932,0.115850294045817,"f"
2511,-1.93168261327623,15.4438454119886,0.115881356654105,"f"
2512,-1.93161495359892,15.4443935720882,0.115912416736337,"f"
2513,-1.931546129087,15.4449427648744,0.115943474306956,"f"
2514,-1.93147614008927,15.44549299163,0.115974529380406,"f"
2515,-1.93140498695456,15.4460442536375,0.116005581971129,"f"
2516,-1.93133267003168,15.4465965521796,0.116036632093568,"f"
2517,-1.93125918966943,15.4471498885389,0.116067679762167,"f"
2518,-1.93118454621663,15.4477042639979,0.116098724991368,"f"
2519,-1.9311087400221,15.4482596798393,0.116129767795616,"f"
2520,-1.93103177143465,15.4488161373458,0.116160808189352,"f"
2521,-1.93095364080309,15.4493736377998,0.116191846187021,"f"
2522,-1.93087434847623,15.4499321824841,0.116222881803066,"f"
2523,-1.93079389480289,15.4504917726812,0.116253915051929,"f"
2524,-1.93071228013188,15.4510524096738,0.116284945948054,"f"
2525,-1.93062950481201,15.4516140947444,0.116315974505884,"f"
2526,-1.93054556919209,15.4521768291757,0.116347000739861,"f"
2527,-1.93046047362095,15.4527406142503,0.11637802466443,"f"
2528,-1.93037421844739,15.4533054512508,0.116409046294034,"f"
2529,-1.93028680402022,15.4538713414598,0.116440065643115,"f"
2530,-1.93019823068827,15.4544382861599,0.116471082726117,"f"
2531,-1.93010849880033,15.4550062866338,0.116502097557482,"f"
2532,-1.93001760870523,15.455575344164,0.116533110151655,"f"
2533,-1.92992556075178,15.4561454600332,0.116564120523078,"f"
2534,-1.92983235528879,15.4567166355239,0.116595128686194,"f"
2535,-1.92973799266507,15.4572888719188,0.116626134655447,"f"
2536,-1.92964247322943,15.4578621705006,0.116657138445279,"f"
2537,-1.9295457973307,15.4584365325517,0.116688140070134,"f"
2538,-1.92944796531768,15.4590119593548,0.116719139544455,"f"
2539,-1.92934897753919,15.4595884521926,0.116750136882686,"f"
2540,-1.92924883434404,15.4601660123477,0.116781132099268,"f"
2541,-1.92914753608104,15.4607446411025,0.116812125208647,"f"
2542,-1.929045083099,15.4613243397399,0.116843116225263,"f"
2543,-1.92894147574674,15.4619051095423,0.116874105163562,"f"
2544,-1.92883671437308,15.4624869517924,0.116905092037985,"f"
2545,-1.92873079932681,15.4630698677728,0.116936076862977,"f"
2546,-1.92862373095677,15.4636538587662,0.11696705965298,"f"
2547,-1.92851550961176,15.464238926055,0.116998040422437,"f"
2548,-1.92840613564059,15.464825070922,0.117029019185792,"f"
2549,-1.92829560939207,15.4654122946498,0.117059995957487,"f"
2550,-1.92818393121503,15.4660005985209,0.117090970751967,"f"
2551,-1.92807110145827,15.466589983818,0.117121943583674,"f"
2552,-1.92795712047061,15.4671804518237,0.11715291446705,"f"
2553,-1.92784198860085,15.4677720038205,0.11718388341654,"f"
2554,-1.92772570619782,15.4683646410912,0.117214850446587,"f"
2555,-1.92760827361032,15.4689583649183,0.117245815571633,"f"
2556,-1.92748969118718,15.4695531765845,0.117276778806123,"f"
2557,-1.92736995927931,15.4701490773713,0.117307740164401,"f"
2558,-1.92724907849495,15.47074606845,0.117338699649085,"f"
2559,-1.92712704994196,15.4713441507768,0.117369657240009,"f"
2560,-1.92700387478562,15.4719433252832,0.117400612914392,"f"
2561,-1.9268795541912,15.4725435929009,0.11743156664945,"f"
2562,-1.926754089324,15.4731449545614,0.117462518422402,"f"
2563,-1.92662748134928,15.4737474111963,0.117493468210466,"f"
2564,-1.92649973143233,15.4743509637372,0.117524415990859,"f"
2565,-1.92637084073842,15.4749556131156,0.117555361740798,"f"
2566,-1.92624081043284,15.4755613602632,0.117586305437503,"f"
2567,-1.92610964168086,15.4761682061115,0.117617247058189,"f"
2568,-1.92597733564777,15.4767761515921,0.117648186580076,"f"
2569,-1.92584389349884,15.4773851976366,0.117679123980381,"f"
2570,-1.92570931639935,15.4779953451765,0.117710059236321,"f"
2571,-1.92557360551458,15.4786065951435,0.117740992325114,"f"
2572,-1.92543676200981,15.4792189484691,0.117771923223978,"f"
2573,-1.92529878705033,15.479832406085,0.117802851910131,"f"
2574,-1.9251596818014,15.4804469689226,0.11783377836079,"f"
2575,-1.92501944742831,15.4810626379135,0.117864702553174,"f"
2576,-1.92487808509633,15.4816794139895,0.117895624464499,"f"
2577,-1.92473559597076,15.4822972980819,0.117926544071984,"f"
2578,-1.92459198121686,15.4829162911225,0.117957461352846,"f"
2579,-1.92444724199991,15.4835363940427,0.117988376284304,"f"
2580,-1.9243013794852,15.4841576077742,0.118019288843574,"f"
2581,-1.924154394838,15.4847799332485,0.118050199007874,"f"
2582,-1.92400628922359,15.4854033713973,0.118081106754423,"f"
2583,-1.92385706380726,15.4860279231521,0.118112012060437,"f"
2584,-1.92370671975428,15.4866535894444,0.118142914903136,"f"
2585,-1.92355525822993,15.487280371206,0.118173815259735,"f"
2586,-1.92340268039948,15.4879082693683,0.118204713107454,"f"
2587,-1.92324898742823,15.4885372848629,0.11823560842351,"f"
2588,-1.92309418048145,15.4891674186214,0.11826650118512,"f"
2589,-1.92293826072441,15.4897986715754,0.118297391369502,"f"
2590,-1.9227812293224,15.4904310446565,0.118328278953875,"f"
2591,-1.92262308744069,15.4910645387962,0.118359163915455,"f"
2592,-1.92246383624457,15.4916991549261,0.118390046231461,"f"
2593,-1.92230347689932,15.4923348939779,0.11842092587911,"f"
2594,-1.92214201057021,15.492971756883,0.11845180283562,"f"
2595,-1.92197943842252,15.4936097445732,0.118482677078208,"f"
2596,-1.92181576162153,15.4942488579798,0.118513548584093,"f"
2597,-1.92165098133253,15.4948890980346,0.118544417330492,"f"
2598,-1.92148509872078,15.4955304656691,0.118575283294622,"f"
2599,-1.92131811495158,15.4961729618149,0.118606146453702,"f"
2600,-1.92115003119019,15.4968165874036,0.11863700678495,"f"
2601,-1.9209808486019,15.4974613433667,0.118667864265582,"f"
2602,-1.92081056835199,15.4981072306359,0.118698718872817,"f"
2603,-1.92063919160574,15.4987542501427,0.118729570583873,"f"
2604,-1.92046671952842,15.4994024028186,0.118760419375967,"f"
2605,-1.92029315328532,15.5000516895953,0.118791265226316,"f"
2606,-1.92011849404171,15.5007021114044,0.11882210811214,"f"
2607,-1.91994274296288,15.5013536691774,0.118852948010654,"f"
2608,-1.9197659012141,15.502006363846,0.118883784899078,"f"
2609,-1.91958796996065,15.5026601963416,0.118914618754628,"f"
2610,-1.91940895036781,15.5033151675959,0.118945449554523,"f"
2611,-1.91922884360086,15.5039712785404,0.11897627727598,"f"
2612,-1.91904765082509,15.5046285301068,0.119007101896217,"f"
2613,-1.91886537320576,15.5052869232266,0.119037923392452,"f"
2614,-1.91868201190816,15.5059464588314,0.119068741741902,"f"
2615,-1.91849756809757,15.5066071378528,0.119099556921786,"f"
2616,-1.91831204293927,15.5072689612223,0.11913036890932,"f"
2617,-1.91812543759853,15.5079319298716,0.119161177681722,"f"
2618,-1.91793775324063,15.5085960447322,0.119191983216211,"f"
2619,-1.91774899103087,15.5092613067356,0.119222785490005,"f"
2620,-1.9175591521345,15.5099277168136,0.119253584480319,"f"
2621,-1.91736823771682,15.5105952758976,0.119284380164374,"f"
2622,-1.9171762489431,15.5112639849192,0.119315172519385,"f"
2623,-1.91698318697862,15.5119338448101,0.119345961522572,"f"
2624,-1.91678905298866,15.5126048565017,0.119376747151151,"f"
2625,-1.91659384813851,15.5132770209258,0.11940752938234,"f"
2626,-1.91639757359343,15.5139503390137,0.119438308193358,"f"
2627,-1.91620023051871,15.5146248116973,0.119469083561421,"f"
2628,-1.91600182007963,15.5153004399079,0.119499855463748,"f"
2629,-1.91580234344146,15.5159772245773,0.119530623877556,"f"
2630,-1.91560180176949,15.5166551666369,0.119561388780064,"f"
2631,-1.915400196229,15.5173342670184,0.119592150148488,"f"
2632,-1.91519752798526,15.5180145266533,0.119622907960046,"f"
2633,-1.91499379820356,15.5186959464732,0.119653662191957,"f"
2634,-1.91478900804917,15.5193785274098,0.119684412821437,"f"
2635,-1.91458315868737,15.5200622703945,0.119715159825705,"f"
2636,-1.91437625128344,15.520747176359,0.119745903181979,"f"
2637,-1.91416828700267,15.5214332462348,0.119776642867475,"f"
2638,-1.91395926701032,15.5221204809536,0.119807378859413,"f"
2639,-1.91374919247168,15.5228088814468,0.119838111135009,"f"
2640,-1.91353806455203,15.5234984486461,0.119868839671481,"f"
2641,-1.91332588441665,15.5241891834831,0.119899564446047,"f"
2642,-1.91311265323082,15.5248810868893,0.119930285435925,"f"
2643,-1.91289837215981,15.5255741597964,0.119961002618332,"f"
2644,-1.91268304236891,15.5262684031358,0.119991715970486,"f"
2645,-1.91246666502339,15.5269638178393,0.120022425469606,"f"
2646,-1.91224924128854,15.5276604048383,0.120053131092908,"f"
2647,-1.91203077232963,15.5283581650644,0.12008383281761,"f"
2648,-1.91181125931194,15.5290570994493,0.12011453062093,"f"
2649,-1.91159070340076,15.5297572089245,0.120145224480086,"f"
2650,-1.91136910576135,15.5304584944215,0.120175914372296,"f"
2651,-1.91114646755901,15.531160956872,0.120206600274776,"f"
2652,-1.910922789959,15.5318645972076,0.120237282164746,"f"
2653,-1.91069807412662,15.5325694163598,0.120267960019422,"f"
2654,-1.91047232122713,15.5332754152602,0.120298633816023,"f"
2655,-1.91024553242582,15.5339825948404,0.120329303531766,"f"
2656,-1.91001770888796,15.5346909560319,0.120359969143869,"f"
2657,-1.90978885177885,15.5354004997664,0.120390630629549,"f"
2658,-1.90955896226374,15.5361112269754,0.120421287966025,"f"
2659,-1.90932804150793,15.5368231385905,0.120451941130513,"f"
2660,-1.90909609067669,15.5375362355433,0.120482590100233,"f"
2661,-1.90886311093531,15.5382505187654,0.120513234852401,"f"
2662,-1.90862910344906,15.5389659891883,0.120543875364235,"f"
2663,-1.90839406938322,15.5396826477437,0.120574511612953,"f"
2664,-1.90815800990307,15.540400495363,0.120605143575772,"f"
2665,-1.90792092617388,15.541119532978,0.120635771229911,"f"
2666,-1.90768281936095,15.5418397615201,0.120666394552588,"f"
2667,-1.90744369062955,15.542561181921,0.120697013521018,"f"
2668,-1.90720354114495,15.5432837951122,0.120727628112422,"f"
2669,-1.90696237207244,15.5440076020253,0.120758238304016,"f"
2670,-1.90672018457729,15.5447326035918,0.120788844073017,"f"
2671,-1.90647697982479,15.5454588007435,0.120819445396645,"f"
2672,-1.90623275898022,15.5461861944118,0.120850042252116,"f"
2673,-1.90598752320884,15.5469147855283,0.120880634616648,"f"
2674,-1.90574127367595,15.5476445750247,0.120911222467459,"f"
2675,-1.90549401154683,15.5483755638324,0.120941805781767,"f"
2676,-1.90524573798674,15.5491077528831,0.120972384536788,"f"
2677,-1.90499645416097,15.5498411431084,0.121002958709743,"f"
2678,-1.90474616123481,15.5505757354398,0.121033528277846,"f"
2679,-1.90449486037352,15.5513115308089,0.121064093218318,"f"
2680,-1.90424255274239,15.5520485301473,0.121094653508374,"f"
2681,-1.9039892395067,15.5527867343866,0.121125209125234,"f"
2682,-1.90373492183172,15.5535261444583,0.121155760046114,"f"
2683,-1.90347960088274,15.554266761294,0.121186306248233,"f"
2684,-1.90322327782503,15.5550085858254,0.121216847708808,"f"
2685,-1.90296595382388,15.5557516189839,0.121247384405056,"f"
2686,-1.90270763004457,15.5564958617013,0.121277916314197,"f"
2687,-1.90244830765236,15.557241314909,0.121308443413446,"f"
2688,-1.90218798781255,15.5579879795386,0.121338965680023,"f"
2689,-1.90192667169041,15.5587358565217,0.121369483091144,"f"
2690,-1.90166436045122,15.5594849467899,0.121399995624028,"f"
2691,-1.90140105526026,15.5602352512748,0.121430503255892,"f"
2692,-1.90113675728281,15.560986770908,0.121461005963954,"f"
2693,-1.90087146768414,15.561739506621,0.121491503725432,"f"
2694,-1.90060518762954,15.5624934593454,0.121521996517543,"f"
2695,-1.9003379182843,15.5632486300128,0.121552484317505,"f"
2696,-1.90006966081367,15.5640050195548,0.121582967102537,"f"
2697,-1.89980041638295,15.5647626289029,0.121613444849854,"f"
2698,-1.89953018615742,15.5655214589888,0.121643917536676,"f"
2699,-1.89925897130235,15.566281510744,0.12167438514022,"f"
2700,-1.89898677298302,15.5670427851,0.121704847637704,"f"
2701,-1.89871359236471,15.5678052829886,0.121735305006345,"f"
2702,-1.89843943061271,15.5685690053412,0.121765757223361,"f"
2703,-1.89816428889229,15.5693339530895,0.121796204265971,"f"
2704,-1.89788816836872,15.570100127165,0.121826646111391,"f"
2705,-1.8976110702073,15.5708675284992,0.121857082736839,"f"
2706,-1.89733299557329,15.5716361580239,0.121887514119533,"f"
2707,-1.89705394563198,15.5724060166705,0.121917940236692,"f"
2708,-1.89677392154865,15.5731771053706,0.121948361065531,"f"
2709,-1.89649292448857,15.5739494250559,0.12197877658327,"f"
2710,-1.89621095561703,15.5747229766579,0.122009186767126,"f"
2711,-1.89592801609931,15.5754977611081,0.122039591594317,"f"
2712,-1.89564410710067,15.5762737793382,0.12206999104206,"f"
2713,-1.89535922978641,15.5770510322798,0.122100385087574,"f"
2714,-1.89507338532181,15.5778295208643,0.122130773708075,"f"
2715,-1.89478657487213,15.5786092460235,0.122161156880782,"f"
2716,-1.89449879960267,15.5793902086888,0.122191534582912,"f"
2717,-1.89421006067869,15.580172409792,0.122221906791683,"f"
2718,-1.89392035926548,15.5809558502644,0.122252273484313,"f"
2719,-1.89362969652833,15.5817405310378,0.12228263463802,"f"
2720,-1.8933380736325,15.5825264530437,0.122312990230021,"f"
2721,-1.89304549174327,15.5833136172136,0.122343340237533,"f"
2722,-1.89275195202593,15.5841020244792,0.122373684637776,"f"
2723,-1.89245745564576,15.5848916757721,0.122404023407966,"f"
2724,-1.89216200376804,15.5856825720238,0.122434356525321,"f"
2725,-1.89186559755803,15.5864747141659,0.122464683967058,"f"
2726,-1.89156823818103,15.58726810313,0.122495005710397,"f"
2727,-1.89126992680231,15.5880627398476,0.122525321732554,"f"
2728,-1.89097066458716,15.5888586252504,0.122555632010746,"f"
2729,-1.89067045270084,15.5896557602699,0.122585936522193,"f"
2730,-1.89036929230864,15.5904541458377,0.122616235244111,"f"
2731,-1.89006718457585,15.5912537828854,0.122646528153718,"f"
2732,-1.88976413066773,15.5920546723446,0.122676815228233,"f"
2733,-1.88946013174957,15.5928568151468,0.122707096444871,"f"
2734,-1.88915518898665,15.5936602122236,0.122737371780853,"f"
2735,-1.88884930354424,15.5944648645066,0.122767641213394,"f"
2736,-1.88854247658763,15.5952707729275,0.122797904719713,"f"
2737,-1.88823470928209,15.5960779384176,0.122828162277028,"f"
2738,-1.88792600279291,15.5968863619088,0.122858413862556,"f"
2739,-1.88761635828536,15.5976960443324,0.122888659453515,"f"
2740,-1.88730577697407,15.598506986619,0.122918899027162,"f"
2741,-1.88699426074368,15.5993191896822,0.122949132561284,"f"
2742,-1.88668181196169,15.6001326544238,0.122979360034051,"f"
2743,-1.88636843300624,15.6009473817454,0.123009581423641,"f"
2744,-1.88605412625549,15.6017633725486,0.123039796708232,"f"
2745,-1.8857388940876,15.6025806277347,0.123070005866003,"f"
2746,-1.88542273888071,15.6033991482055,0.123100208875131,"f"
2747,-1.88510566301299,15.6042189348624,0.123130405713794,"f"
2748,-1.88478766886258,15.6050399886069,0.123160596360172,"f"
2749,-1.88446875880765,15.6058623103406,0.123190780792441,"f"
2750,-1.88414893522634,15.606685900965,0.123220958988781,"f"
2751,-1.8838282004968,15.6075107613817,0.123251130927369,"f"
2752,-1.8835065569972,15.6083368924921,0.123281296586383,"f"
2753,-1.88318400710569,15.6091642951979,0.123311455944002,"f"
2754,-1.88286055320042,15.6099929704005,0.123341608978403,"f"
2755,-1.88253619765954,15.6108229190015,0.123371755667766,"f"
2756,-1.88221094286121,15.6116541419024,0.123401895990267,"f"
2757,-1.88188479118358,15.6124866400048,0.123432029924086,"f"
2758,-1.88155774500481,15.6133204142102,0.1234621574474,"f"
2759,-1.88122980670305,15.6141554654201,0.123492278538387,"f"
2760,-1.88090097865645,15.6149917945361,0.123522393175227,"f"
2761,-1.88057126324318,15.6158294024597,0.123552501336096,"f"
2762,-1.88024066284137,15.6166682900924,0.123582602999173,"f"
2763,-1.87990917982919,15.6175084583357,0.123612698142636,"f"
2764,-1.8795768165848,15.6183499080913,0.123642786744663,"f"
2765,-1.87924357548633,15.6191926402605,0.123672868783433,"f"
2766,-1.87890945891196,15.6200366557451,0.123702944237124,"f"
2767,-1.87857446923983,15.6208819554464,0.123733013083913,"f"
2768,-1.8782386088481,15.6217285402661,0.123763075301979,"f"
2769,-1.87790188011491,15.6225764111057,0.1237931308695,"f"
2770,-1.87756428541843,15.6234255688666,0.123823179764654,"f"
2771,-1.87722582713681,15.6242760144505,0.12385322196562,"f"
2772,-1.87688650764821,15.6251277487589,0.123883257450575,"f"
2773,-1.87654632933077,15.6259807726932,0.123913286197698,"f"
2774,-1.87620529456265,15.6268350871551,0.123943308185167,"f"
2775,-1.875863405722,15.6276906930461,0.123973323391159,"f"
2776,-1.87552066518699,15.6285475912677,0.124003331793854,"f"
2777,-1.87517707533575,15.6294057827214,0.124033333371429,"f"
2778,-1.87483263854646,15.6302652683088,0.124063328102063,"f"
2779,-1.87448735719725,15.6311260489314,0.124093315963933,"f"
2780,-1.87414123366629,15.6319881254908,0.124123296935217,"f"
2781,-1.87379427033173,15.6328514988884,0.124153270994095,"f"
2782,-1.87344646957172,15.6337161700259,0.124183238118744,"f"
2783,-1.87309783376442,15.6345821398047,0.124213198287342,"f"
2784,-1.87274836528798,15.6354494091263,0.124243151478067,"f"
2785,-1.87239806652055,15.6363179788924,0.124273097669098,"f"
2786,-1.8720469398403,15.6371878500045,0.124303036838613,"f"
2787,-1.87169498762536,15.638059023364,0.124332968964789,"f"
2788,-1.87134221225391,15.6389314998725,0.124362894025806,"f"
2789,-1.87098861610408,15.6398052804316,0.12439281199984,"f"
2790,-1.87063420155404,15.6406803659428,0.124422722865071,"f"
2791,-1.87027897098194,15.6415567573076,0.124452626599676,"f"
2792,-1.86992292676593,15.6424344554276,0.124482523181834,"f"
2793,-1.86956607128417,15.6433134612043,0.124512412589722,"f"
2794,-1.86920840691481,15.6441937755391,0.12454229480152,"f"
2795,-1.868849936036,15.6450753993338,0.124572169795404,"f"
2796,-1.86849066102591,15.6459583334897,0.124602037549554,"f"
2797,-1.86813058426268,15.6468425789085,0.124631898042147,"f"
2798,-1.86776970812446,15.6477281364916,0.124661751251362,"f"
2799,-1.86740803498942,15.6486150071406,0.124691597155376,"f"
2800,-1.8670455672357,15.6495031917571,0.124721435732369,"f"
2801,-1.86668230724146,15.6503926912425,0.124751266960517,"f"
2802,-1.86631825738485,15.6512835064984,0.124781090817999,"f"
2803,-1.86595342004403,15.6521756384263,0.124810907282994,"f"
2804,-1.86558779759715,15.6530690879278,0.124840716333679,"f"
2805,-1.86522139242237,15.6539638559044,0.124870517948232,"f"
2806,-1.86485420689783,15.6548599432577,0.124900312104833,"f"
2807,-1.8644862434017,15.6557573508891,0.124930098781658,"f"
2808,-1.86411750431213,15.6566560797002,0.124959877956886,"f"
2809,-1.86374799200727,15.6575561305926,0.124989649608696,"f"
2810,-1.86337770886527,15.6584575044677,0.125019413715265,"f"
2811,-1.86300665726429,15.6593602022271,0.125049170254771,"f"
2812,-1.86263483958249,15.6602642247724,0.125078919205393,"f"
2813,-1.86226225819801,15.6611695730051,0.125108660545309,"f"
2814,-1.86188891548901,15.6620762478266,0.125138394252697,"f"
2815,-1.86151481383365,15.6629842501386,0.125168120305736,"f"
2816,-1.86113995561008,15.6638935808426,0.125197838682602,"f"
2817,-1.86076434319646,15.6648042408401,0.125227549361475,"f"
2818,-1.86038797897093,15.6657162310326,0.125257252320532,"f"
2819,-1.86001086531165,15.6666295523218,0.125286947537953,"f"
2820,-1.85963300459677,15.667544205609,0.125316634991914,"f"
2821,-1.85925439920446,15.6684601917959,0.125346314660594,"f"
2822,-1.85887505151286,15.669377511784,0.125375986522172,"f"
2823,-1.85849496390013,15.6702961664748,0.125405650554825,"f"
2824,-1.85811413874442,15.6712161567698,0.125435306736731,"f"
2825,-1.85773257842388,15.6721374835706,0.125464955046069,"f"
2826,-1.85735028531667,15.6730601477788,0.125494595461017,"f"
2827,-1.85696726180095,15.6739841502958,0.125524227959753,"f"
2828,-1.85658351025487,15.6749094920232,0.125553852520455,"f"
2829,-1.85619903305657,15.6758361738625,0.125583469121301,"f"
2830,-1.85581383258422,15.6767641967153,0.12561307774047,"f"
2831,-1.85542791121598,15.677693561483,0.12564267835614,"f"
2832,-1.85504127132998,15.6786242690673,0.125672270946488,"f"
2833,-1.85465391530439,15.6795563203697,0.125701855489693,"f"
2834,-1.85426584551737,15.6804897162916,0.125731431963933,"f"
2835,-1.85387706434706,15.6814244577347,0.125761000347387,"f"
2836,-1.85348757417162,15.6823605456004,0.125790560618232,"f"
2837,-1.8530973773692,15.6832979807904,0.125820112754646,"f"
2838,-1.85270647631796,15.684236764206,0.125849656734808,"f"
2839,-1.85231487339606,15.685176896749,0.125879192536896,"f"
2840,-1.85192257098163,15.6861183793207,0.125908720139088,"f"
2841,-1.85152957145285,15.6870612128228,0.125938239519562,"f"
2842,-1.85113587718786,15.6880053981567,0.125967750656497,"f"
2843,-1.85074149056482,15.688950936224,0.125997253528069,"f"
2844,-1.85034641396189,15.6898978279263,0.126026748112459,"f"
2845,-1.8499506497572,15.6908460741651,0.126056234387843,"f"
2846,-1.84955420032893,15.6917956758418,0.1260857123324,"f"
2847,-1.84915706805522,15.6927466338581,0.126115181924309,"f"
2848,-1.84875925531423,15.6936989491155,0.126144643141746,"f"
2849,-1.84836076448411,15.6946526225154,0.126174095962891,"f"
2850,-1.84796159794302,15.6956076549596,0.126203540365921,"f"
2851,-1.8475617580691,15.6965640473494,0.126232976329016,"f"
2852,-1.84716124724052,15.6975218005864,0.126262403830352,"f"
2853,-1.84676006783543,15.6984809155721,0.126291822848108,"f"
2854,-1.84635822223198,15.6994413932082,0.126321233360462,"f"
2855,-1.84595571280833,15.700403234396,0.126350635345592,"f"
2856,-1.84555254194262,15.7013664400372,0.126380028781677,"f"
2857,-1.84514871201302,15.7023310110333,0.126409413646895,"f"
2858,-1.84474422539768,15.7032969482858,0.126438789919423,"f"
2859,-1.84433908447475,15.7042642526962,0.126468157577441,"f"
2860,-1.84393329162239,15.7052329251661,0.126497516599125,"f"
2861,-1.84352684921874,15.7062029665971,0.126526866962655,"f"
2862,-1.84311975964197,15.7071743778906,0.126556208646208,"f"
2863,-1.84271202527023,15.7081471599482,0.126585541627962,"f"
2864,-1.84230364848167,15.7091213136714,0.126614865886096,"f"
2865,-1.84189463165445,15.7100968399618,0.126644181398789,"f"
2866,-1.84148497716671,15.7110737397208,0.126673488144217,"f"
2867,-1.84107468739662,15.7120520138501,0.126702786100559,"f"
2868,-1.84066376472233,15.7130316632512,0.126732075245994,"f"
2869,-1.84025221152199,15.7140126888255,0.126761355558699,"f"
2870,-1.83984003017376,15.7149950914747,0.126790627016853,"f"
2871,-1.83942722305578,15.7159788721002,0.126819889598633,"f"
2872,-1.83901379254622,15.7169640316036,0.126849143282219,"f"
2873,-1.83859974102323,15.7179505708865,0.126878388045787,"f"
2874,-1.83818507086496,15.7189384908503,0.126907623867517,"f"
2875,-1.83776978444957,15.7199277923966,0.126936850725586,"f"
2876,-1.83735388415521,15.720918476427,0.126966068598173,"f"
2877,-1.83693737236003,15.7219105438429,0.126995277463455,"f"
2878,-1.83652025144219,15.7229039955459,0.127024477299612,"f"
2879,-1.83610252377984,15.7238988324376,0.12705366808482,"f"
2880,-1.83568419175114,15.7248950554194,0.127082849797259,"f"
2881,-1.83526525773424,15.725892665393,0.127112022415106,"f"
2882,-1.83484572410729,15.7268916632598,0.127141185916539,"f"
2883,-1.83442559324845,15.7278920499213,0.127170340279737,"f"
2884,-1.83400486753588,15.7288938262792,0.127199485482878,"f"
2885,-1.83358354934772,15.7298969932349,0.12722862150414,"f"
2886,-1.83316164106213,15.7309015516899,0.1272577483217,"f"
2887,-1.83273914505726,15.7319075025459,0.127286865913738,"f"
2888,-1.83231606371127,15.7329148467043,0.127315974258432,"f"
2889,-1.83189239940232,15.7339235850667,0.127345073333959,"f"
2890,-1.83146815450855,15.7349337185347,0.127374163118498,"f"
2891,-1.83104333140812,15.7359452480096,0.127403243590226,"f"
2892,-1.83061793247919,15.7369581743932,0.127432314727323,"f"
2893,-1.8301919600999,15.7379724985868,0.127461376507966,"f"
2894,-1.82976541664842,15.7389882214922,0.127490428910333,"f"
2895,-1.8293383045029,15.7400053440107,0.127519471912603,"f"
2896,-1.82891062604148,15.7410238670439,0.127548505492953,"f"
2897,-1.82848238364233,15.7420437914934,0.127577529629562,"f"
2898,-1.8280535796836,15.7430651182606,0.127606544300608,"f"
2899,-1.82762421654344,15.7440878482472,0.127635549484269,"f"
2900,-1.8271942966,15.7451119823546,0.127664545158724,"f"
2901,-1.82676382223145,15.7461375214844,0.12769353130215,"f"
2902,-1.82633279581593,15.7471644665382,0.127722507892725,"f"
2903,-1.8259012197316,15.7481928184174,0.127751474908628,"f"
2904,-1.82546909635661,15.7492225780236,0.127780432328037,"f"
2905,-1.82503642806912,15.7502537462583,0.12780938012913,"f"
2906,-1.82460321724728,15.7512863240231,0.127838318290085,"f"
2907,-1.82416946626925,15.7523203122195,0.127867246789081,"f"
2908,-1.82373517751317,15.753355711749,0.127896165604295,"f"
2909,-1.82330035335721,15.7543925235132,0.127925074713906,"f"
2910,-1.82286499617951,15.7554307484136,0.127953974096091,"f"
2911,-1.82242910835823,15.7564703873517,0.12798286372903,"f"
2912,-1.82199269227153,15.7575114412291,0.128011743590899,"f"
2913,-1.82155575029756,15.7585539109472,0.128040613659878,"f"
2914,-1.82111828481447,15.7595977974077,0.128069473914144,"f"
2915,-1.82068029820041,15.7606431015121,0.128098324331876,"f"
2916,-1.82024179283355,15.7616898241619,0.128127164891252,"f"
2917,-1.81980277109203,15.7627379662586,0.128155995570449,"f"
2918,-1.81936323535401,15.7637875287038,0.128184816347647,"f"
2919,-1.81892318799764,15.764838512399,0.128213627201022,"f"
2920,-1.81848263140108,15.7658909182458,0.128242428108754,"f"
2921,-1.81804156794248,15.7669447471456,0.128271219049021,"f"
2922,-1.8176,15.768,0.1283,"f"
2923,-1.81715792986086,15.7690566774607,0.128328770945434,"f"
2924,-1.81671535944858,15.7701147791802,0.128357531891321,"f"
2925,-1.81627229059575,15.771174304561,0.128386282849222,"f"
2926,-1.81582872513498,15.7722352530058,0.128415023830699,"f"
2927,-1.81538466489885,15.773297623917,0.128443754847315,"f"
2928,-1.81494011171996,15.7743614166974,0.128472475910631,"f"
2929,-1.8144950674309,15.7754266307495,0.128501187032209,"f"
2930,-1.81404953386426,15.7764932654759,0.128529888223611,"f"
2931,-1.81360351285264,15.7775613202792,0.128558579496399,"f"
2932,-1.81315700622863,15.778630794562,0.128587260862134,"f"
2933,-1.81271001582483,15.7797016877268,0.128615932332379,"f"
2934,-1.81226254347383,15.7807739991764,0.128644593918695,"f"
2935,-1.81181459100822,15.7818477283132,0.128673245632645,"f"
2936,-1.8113661602606,15.7829228745399,0.12870188748579,"f"
2937,-1.81091725306356,15.783999437259,0.128730519489691,"f"
2938,-1.81046787124969,15.7850774158732,0.128759141655912,"f"
2939,-1.81001801665159,15.7861568097851,0.128787753996013,"f"
2940,-1.80956769110185,15.7872376183972,0.128816356521557,"f"
2941,-1.80911689643307,15.7883198411121,0.128844949244105,"f"
2942,-1.80866563447783,15.7894034773325,0.12887353217522,"f"
2943,-1.80821390706874,15.7904885264609,0.128902105326463,"f"
2944,-1.80776171603838,15.7915749878999,0.128930668709396,"f"
2945,-1.80730906321936,15.7926628610521,0.128959222335581,"f"
2946,-1.80685595044426,15.7937521453202,0.12898776621658,"f"
2947,-1.80640237954567,15.7948428401066,0.129016300363954,"f"
2948,-1.8059483523562,15.7959349448141,0.129044824789267,"f"
2949,-1.80549387070843,15.7970284588451,0.129073339504078,"f"
2950,-1.80503893643496,15.7981233816023,0.129101844519951,"f"
2951,-1.80458355136838,15.7992197124884,0.129130339848447,"f"
2952,-1.80412771734128,15.8003174509057,0.129158825501128,"f"
2953,-1.80367143618627,15.8014165962571,0.129187301489556,"f"
2954,-1.80321470973593,15.802517147945,0.129215767825293,"f"
2955,-1.80275753982285,15.8036191053721,0.129244224519901,"f"
2956,-1.80229992827964,15.8047224679409,0.129272671584941,"f"
2957,-1.80184187693888,15.8058272350541,0.129301109031975,"f"
2958,-1.80138338763316,15.8069334061142,0.129329536872566,"f"
2959,-1.80092446219509,15.8080409805239,0.129357955118275,"f"
2960,-1.80046510245726,15.8091499576856,0.129386363780664,"f"
2961,-1.80000531025225,15.8102603370021,0.129414762871295,"f"
2962,-1.79954508741266,15.811372117876,0.12944315240173,"f"
2963,-1.79908443577109,15.8124852997097,0.12947153238353,"f"
2964,-1.79862335716014,15.8135998819059,0.129499902828258,"f"
2965,-1.79816185341238,15.8147158638673,0.129528263747475,"f"
2966,-1.79769992636042,15.8158332449963,0.129556615152744,"f"
2967,-1.79723757783685,15.8169520246956,0.129584957055625,"f"
2968,-1.79677480967427,15.8180722023678,0.129613289467682,"f"
2969,-1.79631162370527,15.8191937774155,0.129641612400475,"f"
2970,-1.79584802176243,15.8203167492413,0.129669925865567,"f"
2971,-1.79538400567837,15.8214411172477,0.12969822987452,"f"
2972,-1.79491957728566,15.8225668808373,0.129726524438896,"f"
2973,-1.7944547384169,15.8236940394129,0.129754809570255,"f"
2974,-1.79398949090469,15.8248225923769,0.129783085280161,"f"
2975,-1.79352383658163,15.8259525391319,0.129811351580175,"f"
2976,-1.79305777728029,15.8270838790805,0.129839608481859,"f"
2977,-1.79259131483329,15.8282166116254,0.129867855996775,"f"
2978,-1.7921244510732,15.8293507361691,0.129896094136484,"f"
2979,-1.79165718783263,15.8304862521143,0.129924322912549,"f"
2980,-1.79118952694417,15.8316231588634,0.129952542336532,"f"
2981,-1.79072147024041,15.8327614558191,0.129980752419993,"f"
2982,-1.79025301955395,15.8339011423841,0.130008953174496,"f"
2983,-1.78978417671738,15.8350422179608,0.130037144611602,"f"
2984,-1.78931494356329,15.836184681952,0.130065326742873,"f"
2985,-1.78884532192428,15.8373285337601,0.130093499579871,"f"
2986,-1.78837531363293,15.8384737727878,0.130121663134157,"f"
2987,-1.78790492052186,15.8396203984377,0.130149817417294,"f"
2988,-1.78743414442364,15.8407684101123,0.130177962440844,"f"
2989,-1.78696298717087,15.8419178072143,0.130206098216368,"f"
2990,-1.78649145059615,15.8430685891463,0.130234224755427,"f"
2991,-1.78601953653207,15.8442207553108,0.130262342069585,"f"
2992,-1.78554724681122,15.8453743051104,0.130290450170403,"f"
2993,-1.7850745832662,15.8465292379478,0.130318549069442,"f"
2994,-1.7846015477296,15.8476855532255,0.130346638778266,"f"
2995,-1.78412814203401,15.8488432503461,0.130374719308434,"f"
2996,-1.78365436801203,15.8500023287123,0.13040279067151,"f"
2997,-1.78318022749625,15.8511627877266,0.130430852879056,"f"
2998,-1.78270572231926,15.8523246267916,0.130458905942632,"f"
2999,-1.78223085431367,15.8534878453099,0.130486949873801,"f"
3000,-1.78175562531206,15.854652442684,0.130514984684126,"f"
3001,-1.78128003714702,15.8558184183167,0.130543010385167,"f"
3002,-1.78080409165115,15.8569857716105,0.130571026988486,"f"
3003,-1.78032779065705,15.8581545019679,0.130599034505646,"f"
3004,-1.7798511359973,15.8593246087916,0.130627032948209,"f"
3005,-1.77937412950451,15.8604960914842,0.130655022327735,"f"
3006,-1.77889677301125,15.8616689494483,0.130683002655788,"f"
3007,-1.77841906835014,15.8628431820864,0.130710973943929,"f"
3008,-1.77794101735376,15.8640187888011,0.130738936203719,"f"
3009,-1.7774626218547,15.8651957689951,0.130766889446722,"f"
3010,-1.77698388368557,15.866374122071,0.130794833684497,"f"
3011,-1.77650480467894,15.8675538474312,0.130822768928609,"f"
3012,-1.77602538666743,15.8687349444785,0.130850695190617,"f"
3013,-1.77554563148361,15.8699174126155,0.130878612482085,"f"
3014,-1.77506554096009,15.8711012512446,0.130906520814574,"f"
3015,-1.77458511692945,15.8722864597685,0.130934420199645,"f"
3016,-1.7741043612243,15.8734730375899,0.130962310648862,"f"
3017,-1.77362327567722,15.8746609841112,0.130990192173785,"f"
3018,-1.77314186212081,15.8758502987352,0.131018064785977,"f"
3019,-1.77266012238766,15.8770409808643,0.131045928496999,"f"
3020,-1.77217805831037,15.8782330299012,0.131073783318413,"f"
3021,-1.77169567172153,15.8794264452485,0.131101629261782,"f"
3022,-1.77121296445373,15.8806212263087,0.131129466338667,"f"
3023,-1.77072993833957,15.8818173724846,0.131157294560629,"f"
3024,-1.77024659521164,15.8830148831785,0.131185113939231,"f"
3025,-1.76976293690253,15.8842137577933,0.131212924486035,"f"
3026,-1.76927896524484,15.8854139957313,0.131240726212603,"f"
3027,-1.76879468207117,15.8866155963954,0.131268519130495,"f"
3028,-1.76831008921409,15.8878185591879,0.131296303251275,"f"
3029,-1.76782518850622,15.8890228835116,0.131324078586504,"f"
3030,-1.76733998178014,15.890228568769,0.131351845147745,"f"
3031,-1.76685447086845,15.8914356143627,0.131379602946557,"f"
3032,-1.76636865760374,15.8926440196953,0.131407351994505,"f"
3033,-1.7658825438186,15.8938537841695,0.131435092303149,"f"
3034,-1.76539613134563,15.8950649071877,0.131462823884052,"f"
3035,-1.76490942201742,15.8962773881526,0.131490546748775,"f"
3036,-1.76442241766657,15.8974912264669,0.131518260908881,"f"
3037,-1.76393512012566,15.898706421533,0.13154596637593,"f"
3038,-1.7634475312273,15.8999229727535,0.131573663161485,"f"
3039,-1.76295965280407,15.9011408795312,0.131601351277109,"f"
3040,-1.76247148668857,15.9023601412685,0.131629030734362,"f"
3041,-1.7619830347134,15.9035807573681,0.131656701544806,"f"
3042,-1.76149429871114,15.9048027272325,0.131684363720004,"f"
3043,-1.76100528051439,15.9060260502644,0.131712017271517,"f"
3044,-1.76051598195575,15.9072507258663,0.131739662210908,"f"
3045,-1.76002640486781,15.9084767534408,0.131767298549737,"f"
3046,-1.75953655108315,15.9097041323906,0.131794926299567,"f"
3047,-1.75904642243439,15.9109328621182,0.131822545471961,"f"
3048,-1.7585560207541,15.9121629420263,0.131850156078478,"f"
3049,-1.75806534787488,15.9133943715173,0.131877758130683,"f"
3050,-1.75757440562934,15.9146271499939,0.131905351640135,"f"
3051,-1.75708319585005,15.9158612768588,0.131932936618398,"f"
3052,-1.75659172036961,15.9170967515144,0.131960513077034,"f"
3053,-1.75609998102063,15.9183335733635,0.131988081027603,"f"
3054,-1.75560797963568,15.9195717418085,0.132015640481668,"f"
3055,-1.75511571804737,15.9208112562521,0.132043191450791,"f"
3056,-1.75462319808829,15.9220521160969,0.132070733946533,"f"
3057,-1.75413042159103,15.9232943207454,0.132098267980457,"f"
3058,-1.75363739038818,15.9245378696003,0.132125793564125,"f"
3059,-1.75314410631235,15.9257827620641,0.132153310709097,"f"
3060,-1.75265057119612,15.9270289975395,0.132180819426937,"f"
3061,-1.75215678687209,15.9282765754291,0.132208319729206,"f"
3062,-1.75166275517284,15.9295254951354,0.132235811627465,"f"
3063,-1.75116847793098,15.930775756061,0.132263295133278,"f"
3064,-1.7506739569791,15.9320273576085,0.132290770258204,"f"
3065,-1.75017919414979,15.9332802991806,0.132318237013808,"f"
3066,-1.74968419127565,15.9345345801797,0.13234569541165,"f"
3067,-1.74918895018927,15.9357902000086,0.132373145463291,"f"
3068,-1.74869347272323,15.9370471580698,0.132400587180295,"f"
3069,-1.74819776071015,15.9383054537659,0.132428020574223,"f"
3070,-1.7477018159826,15.9395650864995,0.132455445656637,"f"
3071,-1.74720564037319,15.9408260556731,0.132482862439099,"f"
3072,-1.74670923571451,15.9420883606894,0.13251027093317,"f"
3073,-1.74621260383915,15.9433520009511,0.132537671150412,"f"
3074,-1.7457157465797,15.9446169758605,0.132565063102388,"f"
3075,-1.74521866576876,15.9458832848205,0.132592446800659,"f"
3076,-1.74472136323892,15.9471509272335,0.132619822256787,"f"
3077,-1.74422384082278,15.9484199025021,0.132647189482334,"f"
3078,-1.74372610035293,15.949690210029,0.132674548488861,"f"
3079,-1.74322814366196,15.9509618492168,0.132701899287932,"f"
3080,-1.74272997258247,15.9522348194679,0.132729241891107,"f"
3081,-1.74223158894705,15.9535091201851,0.132756576309948,"f"
3082,-1.7417329945883,15.9547847507709,0.132783902556017,"f"
3083,-1.7412341913388,15.956061710628,0.132811220640877,"f"
3084,-1.74073518103115,15.9573399991588,0.132838530576089,"f"
3085,-1.74023596549795,15.958619615766,0.132865832373214,"f"
3086,-1.73973654657179,15.9599005598523,0.132893126043816,"f"
3087,-1.73923692608526,15.9611828308201,0.132920411599455,"f"
3088,-1.73873710587096,15.9624664280721,0.132947689051693,"f"
3089,-1.73823708776148,15.963751351011,0.132974958412093,"f"
3090,-1.73773687358941,15.9650375990391,0.133002219692216,"f"
3091,-1.73723646518735,15.9663251715593,0.133029472903624,"f"
3092,-1.73673586438789,15.967614067974,0.13305671805788,"f"
3093,-1.73623507302362,15.9689042876859,0.133083955166544,"f"
3094,-1.73573409292715,15.9701958300975,0.133111184241178,"f"
3095,-1.73523292593105,15.9714886946115,0.133138405293346,"f"
3096,-1.73473157386793,15.9727828806304,0.133165618334608,"f"
3097,-1.73423003857038,15.9740783875568,0.133192823376526,"f"
3098,-1.733728321871,15.9753752147934,0.133220020430662,"f"
3099,-1.73322642560237,15.9766733617427,0.133247209508579,"f"
3100,-1.73272435159709,15.9779728278073,0.133274390621837,"f"
3101,-1.73222210168776,15.9792736123898,0.133301563781999,"f"
3102,-1.73171967770696,15.9805757148928,0.133328729000627,"f"
3103,-1.7312170814873,15.981879134719,0.133355886289283,"f"
3104,-1.73071431486136,15.9831838712708,0.133383035659527,"f"
3105,-1.73021137966593,15.9844899239519,0.133410177122607,"f"
3106,-1.72970827792763,15.9857972922119,0.133437310675441,"f"
3107,-1.72920501193647,15.9871059755639,0.133464436295066,"f"
3108,-1.72870158400188,15.9884159735259,0.133491553957059,"f"
3109,-1.72819799643327,15.9897272856159,0.133518663636992,"f"
3110,-1.72769425154007,15.9910399113517,0.13354576531044,"f"
3111,-1.7271903516317,15.9923538502513,0.133572858952978,"f"
3112,-1.72668629901758,15.9936691018327,0.133599944540181,"f"
3113,-1.72618209600714,15.9949856656137,0.133627022047621,"f"
3114,-1.72567774490979,15.9963035411123,0.133654091450875,"f"
3115,-1.72517324803495,15.9976227278465,0.133681152725515,"f"
3116,-1.72466860769205,15.9989432253341,0.133708205847117,"f"
3117,-1.7241638261905,16.0002650330931,0.133735250791255,"f"
3118,-1.72365890583974,16.0015881506415,0.133762287533503,"f"
3119,-1.72315384894917,16.0029125774971,0.133789316049435,"f"
3120,-1.72264865782823,16.0042383131779,0.133816336314627,"f"
3121,-1.72214333478633,16.0055653572019,0.133843348304651,"f"
3122,-1.72163788213289,16.0068937090869,0.133870351995084,"f"
3123,-1.72113230217734,16.0082233683509,0.133897347361498,"f"
3124,-1.72062659722909,16.0095543345119,0.133924334379469,"f"
3125,-1.72012076959757,16.0108866070877,0.133951313024571,"f"
3126,-1.7196148215922,16.0122201855963,0.133978283272377,"f"
3127,-1.7191087555224,16.0135550695557,0.134005245098464,"f"
3128,-1.71860257369759,16.0148912584837,0.134032198478404,"f"
3129,-1.7180962784272,16.0162287518983,0.134059143387772,"f"
3130,-1.71758987202064,16.0175675493174,0.134086079802142,"f"
3131,-1.71708335678733,16.018907650259,0.13411300769709,"f"
3132,-1.7165767350367,16.020249054241,0.134139927048189,"f"
3133,-1.71607000907817,16.0215917607814,0.134166837831013,"f"
3134,-1.71556318122116,16.022935769398,0.134193740021138,"f"
3135,-1.71505625377509,16.0242810796088,0.134220633594137,"f"
3136,-1.71454922904938,16.0256276909317,0.134247518525585,"f"
3137,-1.71404210935346,16.0269756028847,0.134274394791055,"f"
3138,-1.71353489699674,16.0283248149857,0.134301262366123,"f"
3139,-1.71302759428864,16.0296753267526,0.134328121226363,"f"
3140,-1.71252020353859,16.0310271377034,0.13435497134735,"f"
3141,-1.71201272705601,16.0323802473559,0.134381812704656,"f"
3142,-1.71150516715032,16.0337346552283,0.134408645273858,"f"
3143,-1.71099752613094,16.0350903608382,0.134435469030529,"f"
3144,-1.7104898063073,16.0364473637038,0.134462283950243,"f"
3145,-1.70998200998881,16.0378056633429,0.134489090008576,"f"
3146,-1.70947413948489,16.0391652592734,0.134515887181101,"f"
3147,-1.70896619710497,16.0405261510134,0.134542675443392,"f"
3148,-1.70845818515846,16.0418883380807,0.134569454771025,"f"
3149,-1.7079501059548,16.0432518199932,0.134596225139573,"f"
3150,-1.70744196180339,16.0446165962689,0.134622986524611,"f"
3151,-1.70693375501367,16.0459826664258,0.134649738901713,"f"
3152,-1.70642548789505,16.0473500299817,0.134676482246453,"f"
3153,-1.70591716275695,16.0487186864546,0.134703216534407,"f"
3154,-1.7054087819088,16.0500886353625,0.134729941741147,"f"
3155,-1.70490034766001,16.0514598762232,0.13475665784225,"f"
3156,-1.70439186232001,16.0528324085547,0.134783364813288,"f"
3157,-1.70388332819823,16.0542062318749,0.134810062629837,"f"
3158,-1.70337474760407,16.0555813457018,0.13483675126747,"f"
3159,-1.70286612284696,16.0569577495533,0.134863430701762,"f"
3160,-1.70235745623633,16.0583354429473,0.134890100908288,"f"
3161,-1.70184875008159,16.0597144254018,0.134916761862622,"f"
3162,-1.70134000669217,16.0610946964347,0.134943413540337,"f"
3163,-1.70083122837748,16.0624762555638,0.13497005591701,"f"
3164,-1.70032241744695,16.0638591023073,0.134996688968213,"f"
3165,-1.69981357621,16.0652432361829,0.135023312669521,"f"
3166,-1.69930470697606,16.0666286567087,0.135049926996509,"f"
3167,-1.69879581205453,16.0680153634025,0.135076531924751,"f"
3168,-1.69828689375485,16.0694033557824,0.135103127429821,"f"
3169,-1.69777795438643,16.0707926333661,0.135129713487294,"f"
3170,-1.6972689962587,16.0721831956717,0.135156290072744,"f"
3171,-1.69676002168108,16.0735750422171,0.135182857161745,"f"
3172,-1.69625103296298,16.0749681725202,0.135209414729872,"f"
3173,-1.69574203241384,16.076362586099,0.1352359627527,"f"
3174,-1.69523302234306,16.0777582824714,0.135262501205801,"f"
3175,-1.69472400506008,16.0791552611553,0.135289030064752,"f"
3176,-1.69421498287431,16.0805535216686,0.135315549305126,"f"
3177,-1.69370595809518,16.0819530635294,0.135342058902497,"f"
3178,-1.6931969330321,16.0833538862555,0.135368558832441,"f"
3179,-1.6926879099945,16.0847559893648,0.13539504907053,"f"
3180,-1.6921788912918,16.0861593723753,0.135421529592341,"f"
3181,-1.69166987923342,16.087564034805,0.135448000373446,"f"
3182,-1.69116087612879,16.0889699761717,0.135474461389421,"f"
3183,-1.69065188428731,16.0903771959933,0.135500912615839,"f"
3184,-1.69014290601842,16.091785693788,0.135527354028276,"f"
3185,-1.68963394363153,16.0931954690734,0.135553785602305,"f"
3186,-1.68912499943608,16.0946065213677,0.135580207313501,"f"
3187,-1.68861607574146,16.0960188501887,0.135606619137438,"f"
3188,-1.68810717485712,16.0974324550543,0.135633021049691,"f"
3189,-1.68759829909247,16.0988473354825,0.135659413025833,"f"
3190,-1.68708945075693,16.1002634909913,0.13568579504144,"f"
3191,-1.68658063215993,16.1016809210985,0.135712167072086,"f"
3192,-1.68607184561088,16.1030996253221,0.135738529093345,"f"
3193,-1.6855630934192,16.10451960318,0.135764881080791,"f"
3194,-1.68505437789432,16.1059408541902,0.135791223009998,"f"
3195,-1.68454570134566,16.1073633778706,0.135817554856542,"f"
3196,-1.68403706608264,16.108787173739,0.135843876595997,"f"
3197,-1.68352847441468,16.1102122413136,0.135870188203936,"f"
3198,-1.68301992865121,16.1116385801121,0.135896489655934,"f"
3199,-1.68251143110163,16.1130661896526,0.135922780927566,"f"
3200,-1.68200298407538,16.1144950694529,0.135949061994406,"f"
3201,-1.68149458988188,16.115925219031,0.135975332832028,"f"
3202,-1.68098625083055,16.1173566379048,0.136001593416006,"f"
3203,-1.6804779692308,16.1187893255922,0.136027843721916,"f"
3204,-1.67996974739207,16.1202232816113,0.136054083725331,"f"
3205,-1.67946158762376,16.1216585054799,0.136080313401826,"f"
3206,-1.67895349223531,16.1230949967159,0.136106532726975,"f"
3207,-1.67844546353613,16.1245327548373,0.136132741676352,"f"
3208,-1.67793750383565,16.1259717793621,0.136158940225533,"f"
3209,-1.67742961544328,16.127412069808,0.13618512835009,"f"
3210,-1.67692180066845,16.1288536256932,0.136211306025599,"f"
3211,-1.67641406182058,16.1302964465355,0.136237473227634,"f"
3212,-1.6759064012091,16.1317405318529,0.136263629931769,"f"
3213,-1.67539882114341,16.1331858811632,0.136289776113578,"f"
3214,-1.67489132393294,16.1346324939845,0.136315911748637,"f"
3215,-1.67438391188712,16.1360803698346,0.136342036812519,"f"
3216,-1.67387658731537,16.1375295082314,0.136368151280799,"f"
3217,-1.6733693525271,16.1389799086931,0.13639425512905,"f"
3218,-1.67286220983174,16.1404315707373,0.136420348332849,"f"
3219,-1.67235516153872,16.1418844938822,0.136446430867768,"f"
3220,-1.67184820995744,16.1433386776455,0.136472502709382,"f"
3221,-1.67134135739733,16.1447941215453,0.136498563833266,"f"
3222,-1.67083460616782,16.1462508250996,0.136524614214993,"f"
3223,-1.67032795857832,16.1477087878261,0.136550653830139,"f"
3224,-1.66982141693826,16.1491680092428,0.136576682654278,"f"
3225,-1.66931498355705,16.1506284888678,0.136602700662983,"f"
3226,-1.66880866074412,16.1520902262189,0.13662870783183,"f"
3227,-1.6683024508089,16.153553220814,0.136654704136392,"f"
3228,-1.66779635606079,16.1550174721711,0.136680689552245,"f"
3229,-1.66729037880923,16.1564829798081,0.136706664054962,"f"
3230,-1.66678452136363,16.157949743243,0.136732627620117,"f"
3231,-1.66627878603342,16.1594177619937,0.136758580223286,"f"
3232,-1.66577317512801,16.160887035578,0.136784521840043,"f"
3233,-1.66526769095683,16.1623575635141,0.136810452445961,"f"
3234,-1.6647623358293,16.1638293453197,0.136836372016615,"f"
3235,-1.66425711205483,16.1653023805128,0.136862280527581,"f"
3236,-1.66375202194286,16.1667766686114,0.136888177954431,"f"
3237,-1.66324706780281,16.1682522091333,0.13691406427274,"f"
3238,-1.66274225194409,16.1697290015966,0.136939939458083,"f"
3239,-1.66223757667612,16.1712070455191,0.136965803486034,"f"
3240,-1.66173304430833,16.1726863404188,0.136991656332168,"f"
3241,-1.66122865715014,16.1741668858136,0.137017497972058,"f"
3242,-1.66072441751096,16.1756486812215,0.137043328381279,"f"
3243,-1.66022032770023,16.1771317261604,0.137069147535406,"f"
3244,-1.65971639002736,16.1786160201481,0.137094955410013,"f"
3245,-1.65921260680177,16.1801015627027,0.137120751980674,"f"
3246,-1.65870898033289,16.1815883533421,0.137146537222964,"f"
3247,-1.65820551293013,16.1830763915842,0.137172311112456,"f"
3248,-1.65770220690292,16.184565676947,0.137198073624726,"f"
3249,-1.65719906456068,16.1860562089483,0.137223824735347,"f"
3250,-1.65669608821283,16.1875479871062,0.137249564419895,"f"
3251,-1.65619328016879,16.1890410109385,0.137275292653943,"f"
3252,-1.65569064273798,16.1905352799632,0.137301009413066,"f"
3253,-1.65518817822982,16.1920307936981,0.137326714672837,"f"
3254,-1.65468588895374,16.1935275516614,0.137352408408833,"f"
3255,-1.65418377721916,16.1950255533708,0.137378090596626,"f"
3256,-1.65368184533549,16.1965247983443,0.137403761211791,"f"
3257,-1.65318009561216,16.1980252860999,0.137429420229903,"f"
3258,-1.65267853035859,16.1995270161555,0.137455067626536,"f"
3259,-1.65217715188421,16.2010299880289,0.137480703377264,"f"
3260,-1.65167596249842,16.2025342012383,0.137506327457662,"f"
3261,-1.65117496451066,16.2040396553014,0.137531939843303,"f"
3262,-1.65067416023035,16.2055463497362,0.137557540509764,"f"
3263,-1.6501735519669,16.2070542840606,0.137583129432616,"f"
3264,-1.64967314202974,16.2085634577927,0.137608706587436,"f"
3265,-1.64917293272829,16.2100738704502,0.137634271949798,"f"
3266,-1.64867292637197,16.2115855215512,0.137659825495275,"f"
3267,-1.6481731252702,16.2130984106136,0.137685367199443,"f"
3268,-1.6476735317324,16.2146125371552,0.137710897037875,"f"
3269,-1.647174148068,16.2161279006942,0.137736414986146,"f"
3270,-1.64667497658641,16.2176445007483,0.13776192101983,"f"
3271,-1.64617601959706,16.2191623368355,0.137787415114502,"f"
3272,-1.64567727940937,16.2206814084737,0.137812897245736,"f"
3273,-1.64517875833276,16.222201715181,0.137838367389106,"f"
3274,-1.64468045867665,16.2237232564751,0.137863825520187,"f"
3275,-1.64418238275046,16.2252460318741,0.137889271614553,"f"
3276,-1.64368453286361,16.2267700408959,0.137914705647778,"f"
3277,-1.64318691132553,16.2282952830584,0.137940127595438,"f"
3278,-1.64268952044564,16.2298217578795,0.137965537433105,"f"
3279,-1.64219236253335,16.2313494648772,0.137990935136355,"f"
3280,-1.64169543989809,16.2328784035694,0.138016320680762,"f"
3281,-1.64119875484928,16.234408573474,0.1380416940419,"f"
3282,-1.64070230969634,16.2359399741091,0.138067055195344,"f"
3283,-1.6402061067487,16.2374726049924,0.138092404116668,"f"
3284,-1.63971014831577,16.239006465642,0.138117740781446,"f"
3285,-1.63921443670697,16.2405415555757,0.138143065165253,"f"
3286,-1.63871897423173,16.2420778743116,0.138168377243663,"f"
3287,-1.63822376319947,16.2436154213675,0.13819367699225,"f"
3288,-1.63772880579615,16.2451541961266,0.138218964387437,"f"
3289,-1.63723410313324,16.2466941967983,0.138244239413026,"f"
3290,-1.63673965576896,16.248235420988,0.138269502056617,"f"
3291,-1.63624546425694,16.2497778662959,0.138294752305845,"f"
3292,-1.63575152915083,16.2513215303223,0.138319990148341,"f"
3293,-1.63525785100426,16.2528664106676,0.138345215571738,"f"
3294,-1.63476443037088,16.2544125049319,0.138370428563671,"f"
3295,-1.63427126780432,16.2559598107156,0.13839562911177,"f"
3296,-1.63377836385822,16.257508325619,0.13842081720367,"f"
3297,-1.63328571908623,16.2590580472423,0.138445992827003,"f"
3298,-1.63279333404199,16.2606089731858,0.138471155969402,"f"
3299,-1.63230120927912,16.2621611010499,0.138496306618501,"f"
3300,-1.63180934535129,16.2637144284347,0.138521444761931,"f"
3301,-1.63131774281212,16.2652689529406,0.138546570387325,"f"
3302,-1.63082640221525,16.2668246721679,0.138571683482318,"f"
3303,-1.63033532411432,16.2683815837168,0.138596784034541,"f"
3304,-1.62984450906298,16.2699396851876,0.138621872031628,"f"
3305,-1.62935395761487,16.2714989741807,0.13864694746121,"f"
3306,-1.62886367032362,16.2730594482962,0.138672010310922,"f"
3307,-1.62837364774288,16.2746211051345,0.138697060568397,"f"
3308,-1.62788389042628,16.2761839422959,0.138722098221266,"f"
3309,-1.62739439892746,16.2777479573806,0.138747123257163,"f"
3310,-1.62690517380007,16.279313147989,0.138772135663721,"f"
3311,-1.62641621559774,16.2808795117212,0.138797135428573,"f"
3312,-1.62592752487412,16.2824470461777,0.138822122539351,"f"
3313,-1.62543910218285,16.2840157489586,0.138847096983689,"f"
3314,-1.62495094807756,16.2855856176643,0.138872058749219,"f"
3315,-1.62446306311189,16.2871566498951,0.138897007823574,"f"
3316,-1.62397544783949,16.2887288432512,0.138921944194388,"f"
3317,-1.62348810281399,16.2903021953329,0.138946867849292,"f"
3318,-1.62300102858904,16.2918767037405,0.138971778775921,"f"
3319,-1.62251422571827,16.2934523660742,0.138996676961906,"f"
3320,-1.62202769475533,16.2950291799345,0.139021562394881,"f"
3321,-1.62154143625386,16.2966071429215,0.139046435062479,"f"
3322,-1.62105545076748,16.2981862526355,0.139071294952332,"f"
3323,-1.62056973884986,16.2997665066768,0.139096142052074,"f"
3324,-1.62008430105462,16.3013479026458,0.139120976349337,"f"
3325,-1.6195991379354,16.3029304381426,0.139145797831754,"f"
3326,-1.61911425004585,16.3045141107676,0.139170606486958,"f"
3327,-1.6186296379396,16.306098918121,0.139195402302583,"f"
3328,-1.6181453021703,16.3076848578032,0.13922018526626,"f"
3329,-1.61766124329159,16.3092719274144,0.139244955365623,"f"
3330,-1.6171774618571,16.3108601245549,0.139269712588304,"f"
3331,-1.61669395842047,16.312449446825,0.139294456921937,"f"
3332,-1.61621073353535,16.3140398918249,0.139319188354155,"f"
3333,-1.61572778775538,16.315631457155,0.13934390687259,"f"
3334,-1.61524512163419,16.3172241404156,0.139368612464875,"f"
3335,-1.61476273572543,16.3188179392068,0.139393305118643,"f"
3336,-1.61428063058273,16.3204128511291,0.139417984821527,"f"
3337,-1.61379880675974,16.3220088737826,0.13944265156116,"f"
3338,-1.61331726481009,16.3236060047678,0.139467305325175,"f"
3339,-1.61283600528743,16.3252042416847,0.139491946101205,"f"
3340,-1.61235502874539,16.3268035821339,0.139516573876882,"f"
3341,-1.61187433573762,16.3284040237154,0.13954118863984,"f"
3342,-1.61139392681776,16.3300055640296,0.139565790377711,"f"
3343,-1.61091380253944,16.3316082006769,0.139590379078128,"f"
3344,-1.61043396345631,16.3332119312574,0.139614954728725,"f"
3345,-1.609954410122,16.3348167533715,0.139639517317133,"f"
3346,-1.60947514309015,16.3364226646194,0.139664066830987,"f"
3347,-1.60899616291442,16.3380296626014,0.139688603257918,"f"
3348,-1.60851747014843,16.3396377449178,0.13971312658556,"f"
3349,-1.60803906534582,16.341246909169,0.139737636801546,"f"
3350,-1.60756094906024,16.3428571529551,0.139762133893508,"f"
3351,-1.60708312184533,16.3444684738764,0.13978661784908,"f"
3352,-1.60660558425472,16.3460808695334,0.139811088655893,"f"
3353,-1.60612833684206,16.3476943375261,0.139835546301583,"f"
3354,-1.60565138016098,16.3493088754549,0.13985999077378,"f"
3355,-1.60517471476513,16.3509244809202,0.139884422060118,"f"
3356,-1.60469834120815,16.3525411515221,0.13990884014823,"f"
3357,-1.60422226004367,16.354158884861,0.139933245025749,"f"
3358,-1.60374647182534,16.3557776785371,0.139957636680307,"f"
3359,-1.60327097710679,16.3573975301508,0.139982015099538,"f"
3360,-1.60279577644167,16.3590184373022,0.140006380271074,"f"
3361,-1.60232087038361,16.3606403975918,0.140030732182549,"f"
3362,-1.60184625948626,16.3622634086197,0.140055070821595,"f"
3363,-1.60137194430326,16.3638874679863,0.140079396175845,"f"
3364,-1.60089792538825,16.3655125732919,0.140103708232932,"f"
3365,-1.60042420329485,16.3671387221367,0.140128006980489,"f"
3366,-1.59995077857673,16.368765912121,0.140152292406149,"f"
3367,-1.59947765178751,16.370394140845,0.140176564497545,"f"
3368,-1.59900482348084,16.3720234059092,0.140200823242309,"f"
3369,-1.59853229421036,16.3736537049138,0.140225068628074,"f"
3370,-1.5980600645297,16.375285035459,0.140249300642474,"f"
3371,-1.5975881349925,16.3769173951451,0.140273519273141,"f"
3372,-1.59711650615242,16.3785507815724,0.140297724507709,"f"
3373,-1.59664517856307,16.3801851923413,0.140321916333809,"f"
3374,-1.59617415277812,16.3818206250519,0.140346094739075,"f"
3375,-1.59570342935119,16.3834570773046,0.14037025971114,"f"
3376,-1.59523300883593,16.3850945466996,0.140394411237637,"f"
3377,-1.59476289178598,16.3867330308373,0.140418549306199,"f"
3378,-1.59429307875497,16.3883725273179,0.140442673904458,"f"
3379,-1.59382357029655,16.3900130337417,0.140466785020047,"f"
3380,-1.59335436696435,16.391654547709,0.1404908826406,"f"
3381,-1.59288546931202,16.39329706682,0.140514966753749,"f"
3382,-1.5924168778932,16.3949405886751,0.140539037347126,"f"
3383,-1.59194859326152,16.3965851108746,0.140563094408366,"f"
3384,-1.59148061597063,16.3982306310186,0.140587137925101,"f"
3385,-1.59101294657417,16.3998771467076,0.140611167884964,"f"
3386,-1.59054558562577,16.4015246555417,0.140635184275587,"f"
3387,-1.59007853367908,16.4031731551214,0.140659187084604,"f"
3388,-1.58961179128774,16.4048226430467,0.140683176299647,"f"
3389,-1.58914535900538,16.4064731169182,0.140707151908349,"f"
3390,-1.58867923738566,16.4081245743359,0.140731113898344,"f"
3391,-1.58821342698219,16.4097770129002,0.140755062257264,"f"
3392,-1.58774792834864,16.4114304302115,0.140778996972742,"f"
3393,-1.58728274203863,16.4130848238699,0.14080291803241,"f"
3394,-1.58681786860581,16.4147401914758,0.140826825423903,"f"
3395,-1.58635330860381,16.4163965306294,0.140850719134852,"f"
3396,-1.58588906258628,16.418053838931,0.140874599152891,"f"
3397,-1.58542513110686,16.4197121139809,0.140898465465652,"f"
3398,-1.58496151471918,16.4213713533795,0.140922318060769,"f"
3399,-1.5844982139769,16.4230315547269,0.140946156925874,"f"
3400,-1.58403522943364,16.4246927156235,0.1409699820486,"f"
3401,-1.58357256164304,16.4263548336695,0.14099379341658,"f"
3402,-1.58311021115876,16.4280179064652,0.141017591017447,"f"
3403,-1.58264817853442,16.429681931611,0.141041374838833,"f"
3404,-1.58218646432366,16.431346906707,0.141065144868373,"f"
3405,-1.58172506908014,16.4330128293536,0.141088901093698,"f"
3406,-1.58126399335748,16.4346796971511,0.141112643502442,"f"
3407,-1.58080323770933,16.4363475076997,0.141136372082237,"f"
3408,-1.58034280268932,16.4380162585998,0.141160086820716,"f"
3409,-1.57988268885111,16.4396859474516,0.141183787705513,"f"
3410,-1.57942289674832,16.4413565718553,0.141207474724259,"f"
3411,-1.57896342693459,16.4430281294114,0.141231147864589,"f"
3412,-1.57850427996358,16.44470061772,0.141254807114134,"f"
3413,-1.57804545638891,16.4463740343814,0.141278452460528,"f"
3414,-1.57758695676423,16.448048376996,0.141302083891404,"f"
3415,-1.57712878164318,16.449723643164,0.141325701394394,"f"
3416,-1.57667093157939,16.4513998304857,0.141349304957132,"f"
3417,-1.57621340712651,16.4530769365614,0.14137289456725,"f"
3418,-1.57575620883818,16.4547549589913,0.141396470212382,"f"
3419,-1.57529933726804,16.4564338953758,0.141420031880159,"f"
3420,-1.57484279296972,16.4581137433151,0.141443579558215,"f"
3421,-1.57438657649687,16.4597945004096,0.141467113234184,"f"
3422,-1.57393068840313,16.4614761642594,0.141490632895697,"f"
3423,-1.57347512924214,16.4631587324649,0.141514138530388,"f"
3424,-1.57301989956753,16.4648422026264,0.141537630125889,"f"
3425,-1.57256499993295,16.4665265723442,0.141561107669834,"f"
3426,-1.57211043089204,16.4682118392184,0.141584571149855,"f"
3427,-1.57165619299844,16.4698980008495,0.141608020553585,"f"
3428,-1.57120228680578,16.4715850548377,0.141631455868658,"f"
3429,-1.57074871286772,16.4732729987833,0.141654877082706,"f"
3430,-1.57029547173788,16.4749618302866,0.141678284183361,"f"
3431,-1.5698425639699,16.4766515469478,0.141701677158257,"f"
3432,-1.56938999011744,16.4783421463672,0.141725055995027,"f"
3433,-1.56893775073412,16.4800336261452,0.141748420681304,"f"
3434,-1.56848584637359,16.481725983882,0.14177177120472,"f"
3435,-1.56803427758949,16.4834192171778,0.141795107552909,"f"
3436,-1.56758304493546,16.485113323633,0.141818429713503,"f"
3437,-1.56713214896513,16.4868083008479,0.141841737674135,"f"
3438,-1.56668159023216,16.4885041464227,0.141865031422438,"f"
3439,-1.56623136929017,16.4902008579578,0.141888310946045,"f"
3440,-1.5657814866928,16.4918984330533,0.141911576232589,"f"
3441,-1.56533194299371,16.4935968693097,0.141934827269702,"f"
3442,-1.56488273874652,16.4952961643271,0.141958064045019,"f"
3443,-1.56443387450489,16.4969963157059,0.141981286546171,"f"
3444,-1.56398535082244,16.4986973210463,0.142004494760791,"f"
3445,-1.56353716825282,16.5003991779486,0.142027688676512,"f"
3446,-1.56308932734966,16.5021018840132,0.142050868280968,"f"
3447,-1.56264182866662,16.5038054368402,0.142074033561791,"f"
3448,-1.56219467275732,16.50550983403,0.142097184506614,"f"
3449,-1.56174786017541,16.5072150731829,0.14212032110307,"f"
3450,-1.56130139147453,16.5089211518991,0.142143443338791,"f"
3451,-1.56085526720832,16.5106280677789,0.142166551201412,"f"
3452,-1.56040948793041,16.5123358184227,0.142189644678563,"f"
3453,-1.55996405419446,16.5140444014306,0.14221272375788,"f"
3454,-1.55951896655409,16.515753814403,0.142235788426993,"f"
3455,-1.55907422556295,16.5174640549402,0.142258838673537,"f"
3456,-1.55862983177468,16.5191751206425,0.142281874485144,"f"
3457,-1.55818578574292,16.52088700911,0.142304895849447,"f"
3458,-1.5577420880213,16.5225997179432,0.142327902754079,"f"
3459,-1.55729873916347,16.5243132447423,0.142350895186673,"f"
3460,-1.55685573972308,16.5260275871075,0.142373873134861,"f"
3461,-1.55641309025375,16.5277427426392,0.142396836586277,"f"
3462,-1.55597079130913,16.5294587089377,0.142419785528554,"f"
3463,-1.55552884344286,16.5311754836031,0.142442719949324,"f"
3464,-1.55508724720857,16.5328930642359,0.14246563983622,"f"
3465,-1.55464600315992,16.5346114484363,0.142488545176875,"f"
3466,-1.55420511185053,16.5363306338046,0.142511435958923,"f"
3467,-1.55376457383405,16.5380506179411,0.142534312169995,"f"
3468,-1.55332438966412,16.539771398446,0.142557173797726,"f"
3469,-1.55288455989438,16.5414929729196,0.142580020829747,"f"
3470,-1.5524450850781,16.5432153389621,0.142602853253687,"f"
3471,-1.55200596550014,16.544938494097,0.142625671054286,"f"
3472,-1.55156720070381,16.5466624356354,0.142648474208297,"f"
3473,-1.55112879010545,16.5483871608522,0.142671262691106,"f"
3474,-1.55069073312139,16.5501126670225,0.1426940364781,"f"
3475,-1.55025302916794,16.551838951421,0.142716795544665,"f"
3476,-1.54981567766146,16.5535660113228,0.142739539866186,"f"
3477,-1.54937867801826,16.5552938440027,0.142762269418052,"f"
3478,-1.54894202965467,16.5570224467357,0.142784984175646,"f"
3479,-1.54850573198704,16.5587518167967,0.142807684114357,"f"
3480,-1.54806978443167,16.5604819514606,0.14283036920957,"f"
3481,-1.54763418640492,16.5622128480023,0.142853039436671,"f"
3482,-1.5471989373231,16.5639445036968,0.142875694771047,"f"
3483,-1.54676403660254,16.565676915819,0.142898335188085,"f"
3484,-1.54632948365958,16.5674100816437,0.142920960663169,"f"
3485,-1.54589527791055,16.5691439984459,0.142943571171687,"f"
3486,-1.54546141877177,16.5708786635006,0.142966166689025,"f"
3487,-1.54502790565958,16.5726140740826,0.14298874719057,"f"
3488,-1.54459473799031,16.5743502274668,0.143011312651706,"f"
3489,-1.54416191518029,16.5760871209283,0.143033863047822,"f"
3490,-1.54372943664584,16.5778247517418,0.143056398354302,"f"
3491,-1.54329730180329,16.5795631171824,0.143078918546534,"f"
3492,-1.54286551006899,16.581302214525,0.143101423599903,"f"
3493,-1.54243406085925,16.5830420410444,0.143123913489797,"f"
3494,-1.54200295359041,16.5847825940155,0.1431463881916,"f"
3495,-1.54157218767879,16.5865238707134,0.1431688476807,"f"
3496,-1.54114176254074,16.5882658684129,0.143191291932482,"f"
3497,-1.54071167759257,16.590008584389,0.143213720922333,"f"
3498,-1.54028193225062,16.5917520159165,0.14323613462564,"f"
3499,-1.53985252593121,16.5934961602704,0.143258533017788,"f"
3500,-1.53942345805069,16.5952410147256,0.143280916074164,"f"
3501,-1.53899472802537,16.596986576557,0.143303283770154,"f"
3502,-1.53856633527159,16.5987328430396,0.143325636081145,"f"
3503,-1.53813827920567,16.6004798114482,0.143347972982522,"f"
3504,-1.53771055924396,16.6022274790578,0.143370294449672,"f"
3505,-1.53728317480277,16.6039758431433,0.143392600457981,"f"
3506,-1.53685612529844,16.6057249009797,0.143414890982836,"f"
3507,-1.5364294101473,16.6074746498417,0.143437165999623,"f"
3508,-1.53600302876568,16.6092250870045,0.143459425483727,"f"
3509,-1.53557698056991,16.6109762097428,0.143481669410536,"f"
3510,-1.53515126497631,16.6127280153316,0.143503897755436,"f"
3511,-1.53472588140123,16.6144805010458,0.143526110493812,"f"
3512,-1.53430082926098,16.6162336641604,0.143548307601052,"f"
3513,-1.5338761079719,16.6179875019503,0.143570489052541,"f"
3514,-1.53345171695033,16.6197420116903,0.143592654823666,"f"
3515,-1.53302765561258,16.6214971906554,0.143614804889812,"f"
3516,-1.53260392337499,16.6232530361205,0.143636939226368,"f"
3517,-1.53218051965389,16.6250095453606,0.143659057808717,"f"
3518,-1.5317574438656,16.6267667156506,0.143681160612248,"f"
3519,-1.53133469542647,16.6285245442653,0.143703247612345,"f"
3520,-1.53091227375282,16.6302830284797,0.143725318784396,"f"
3521,-1.53049017826098,16.6320421655687,0.143747374103787,"f"
3522,-1.53006840836727,16.6338019528073,0.143769413545904,"f"
3523,-1.52964696348804,16.6355623874703,0.143791437086133,"f"
3524,-1.52922584303961,16.6373234668327,0.14381344469986,"f"
3525,-1.5288050464383,16.6390851881694,0.143835436362472,"f"
3526,-1.52838457310046,16.6408475487554,0.143857412049356,"f"
3527,-1.52796442244241,16.6426105458654,0.143879371735897,"f"
3528,-1.52754459388048,16.6443741767745,0.143901315397481,"f"
3529,-1.52712508683099,16.6461384387576,0.143923243009495,"f"
3530,-1.52670590071029,16.6479033290896,0.143945154547326,"f"
3531,-1.5262870349347,16.6496688450454,0.143967049986359,"f"
3532,-1.52586848892055,16.6514349839,0.14398892930198,"f"
3533,-1.52545026208417,16.6532017429282,0.144010792469577,"f"
3534,-1.5250323538419,16.6549691194049,0.144032639464535,"f"
3535,-1.52461476361005,16.6567371106052,0.144054470262241,"f"
3536,-1.52419749080496,16.6585057138039,0.144076284838081,"f"
3537,-1.52378053484297,16.6602749262759,0.14409808316744,"f"
3538,-1.52336389514039,16.6620447452962,0.144119865225707,"f"
3539,-1.52294757111357,16.6638151681396,0.144141630988266,"f"
3540,-1.52253156217883,16.6655861920812,0.144163380430504,"f"
3541,-1.5221158677525,16.6673578143957,0.144185113527807,"f"
3542,-1.52170048725092,16.6691300323582,0.144206830255562,"f"
3543,-1.5212854200904,16.6709028432436,0.144228530589154,"f"
3544,-1.52087066568729,16.6726762443267,0.144250214503971,"f"
3545,-1.5204562234579,16.6744502328825,0.144271881975398,"f"
3546,-1.52004209281858,16.6762248061859,0.144293532978822,"f"
3547,-1.51962827318566,16.6779999615119,0.144315167489629,"f"
3548,-1.51921476397545,16.6797756961353,0.144336785483205,"f"
3549,-1.5188015646043,16.6815520073311,0.144358386934936,"f"
3550,-1.51838867448853,16.6833288923741,0.14437997182021,"f"
3551,-1.51797609304447,16.6851063485394,0.144401540114411,"f"
3552,-1.51756381968846,16.6868843731018,0.144423091792927,"f"
3553,-1.51715185383681,16.6886629633363,0.144444626831144,"f"
3554,-1.51674019490587,16.6904421165177,0.144466145204447,"f"
3555,-1.51632884231197,16.6922218299211,0.144487646888223,"f"
3556,-1.51591779547142,16.6940021008212,0.144509131857859,"f"
3557,-1.51550705380057,16.6957829264931,0.144530600088741,"f"
3558,-1.51509661671574,16.6975643042116,0.144552051556255,"f"
3559,-1.51468648363327,16.6993462312517,0.144573486235787,"f"
3560,-1.51427665396948,16.7011287048882,0.144594904102724,"f"
3561,-1.5138671271407,16.7029117223962,0.144616305132452,"f"
3562,-1.51345790256327,16.7046952810505,0.144637689300356,"f"
3563,-1.51304897965351,16.7064793781261,0.144659056581825,"f"
3564,-1.51264035782775,16.7082640108978,0.144680406952243,"f"
3565,-1.51223203650233,16.7100491766407,0.144701740386997,"f"
3566,-1.51182401509357,16.7118348726295,0.144723056861473,"f"
3567,-1.5114162930178,16.7136210961393,0.144744356351058,"f"
3568,-1.51100886969136,16.7154078444449,0.144765638831137,"f"
3569,-1.51060174453058,16.7171951148212,0.144786904277098,"f"
3570,-1.51019491695177,16.7189829045433,0.144808152664326,"f"
3571,-1.50978838637129,16.720771210886,0.144829383968208,"f"
3572,-1.50938215220544,16.7225600311242,0.14485059816413,"f"
3573,-1.50897621387058,16.7243493625328,0.144871795227478,"f"
3574,-1.50857057078301,16.7261392023868,0.144892975133638,"f"
3575,-1.50816522235908,16.7279295479611,0.144914137857997,"f"
3576,-1.50776016801512,16.7297203965306,0.144935283375942,"f"
3577,-1.50735540716745,16.7315117453703,0.144956411662857,"f"
3578,-1.50695093923241,16.7333035917549,0.144977522694131,"f"
3579,-1.50654676362632,16.7350959329596,0.144998616445148,"f"
3580,-1.50614287976551,16.7368887662591,0.145019692891296,"f"
3581,-1.50573928706633,16.7386820889284,0.145040752007959,"f"
3582,-1.50533598494508,16.7404758982425,0.145061793770526,"f"
3583,-1.50493297281812,16.7422701914762,0.145082818154382,"f"
3584,-1.50453025010175,16.7440649659044,0.145103825134913,"f"
3585,-1.50412781621233,16.7458602188022,0.145124814687505,"f"
3586,-1.50372567056617,16.7476559474444,0.145145786787546,"f"
3587,-1.5033238125796,16.7494521491058,0.145166741410421,"f"
3588,-1.50292224166897,16.7512488210615,0.145187678531516,"f"
3589,-1.50252095725058,16.7530459605864,0.145208598126217,"f"
3590,-1.50211995874079,16.7548435649554,0.145229500169912,"f"
3591,-1.50171924555591,16.7566416314434,0.145250384637986,"f"
3592,-1.50131881711228,16.7584401573253,0.145271251505826,"f"
3593,-1.50091867282622,16.760239139876,0.145292100748817,"f"
3594,-1.50051881211407,16.7620385763705,0.145312932342347,"f"
3595,-1.50011923439216,16.7638384640837,0.145333746261801,"f"
3596,-1.49971993907681,16.7656388002904,0.145354542482565,"f"
3597,-1.49932092558436,16.7674395822657,0.145375320980027,"f"
3598,-1.49892219333114,16.7692408072845,0.145396081729572,"f"
3599,-1.49852374173347,16.7710424726216,0.145416824706586,"f"
3600,-1.4981255702077,16.772844575552,0.145437549886456,"f"
3601,-1.49772767817013,16.7746471133506,0.145458257244568,"f"
3602,-1.49733006503712,16.7764500832923,0.145478946756309,"f"
3603,-1.49693273022498,16.778253482652,0.145499618397064,"f"
3604,-1.49653567315006,16.7800573087047,0.14552027214222,"f"
3605,-1.49613889322866,16.7818615587253,0.145540907967163,"f"
3606,-1.49574238987714,16.7836662299887,0.145561525847279,"f"
3607,-1.49534616251182,16.7854713197698,0.145582125757956,"f"
3608,-1.49495021054902,16.7872768253435,0.145602707674578,"f"
3609,-1.49455453340508,16.7890827439848,0.145623271572533,"f"
3610,-1.49415913049633,16.7908890729686,0.145643817427206,"f"
3611,-1.49376400123909,16.7926958095698,0.145664345213984,"f"
3612,-1.49336914504971,16.7945029510633,0.145684854908254,"f"
3613,-1.4929745613445,16.796310494724,0.145705346485401,"f"
3614,-1.4925802495398,16.7981184378269,0.145725819920811,"f"
3615,-1.49218620905194,16.7999267776469,0.145746275189871,"f"
3616,-1.49179243929725,16.8017355114588,0.145766712267968,"f"
3617,-1.49139893969206,16.8035446365377,0.145787131130487,"f"
3618,-1.4910057096527,16.8053541501584,0.145807531752815,"f"
3619,-1.49061274859549,16.8071640495959,0.145827914110339,"f"
3620,-1.49022005593678,16.8089743321251,0.145848278178443,"f"
3621,-1.48982763109288,16.8107849950208,0.145868623932515,"f"
3622,-1.48943547348013,16.8125960355581,0.145888951347941,"f"
3623,-1.48904358251487,16.8144074510118,0.145909260400108,"f"
3624,-1.48865195761341,16.8162192386568,0.145929551064401,"f"
3625,-1.48826059819209,16.8180313957682,0.145949823316206,"f"
3626,-1.48786950366724,16.8198439196207,0.145970077130911,"f"
3627,-1.48747867345519,16.8216568074893,0.145990312483901,"f"
3628,-1.48708810697227,16.823470056649,0.146010529350563,"f"
3629,-1.48669780363481,16.8252836643746,0.146030727706282,"f"
3630,-1.48630776285914,16.8270976279411,0.146050907526446,"f"
3631,-1.48591798406159,16.8289119446234,0.14607106878644,"f"
3632,-1.48552846665849,16.8307266116964,0.146091211461651,"f"
3633,-1.48513921006617,16.8325416264351,0.146111335527465,"f"
3634,-1.48475021370097,16.8343569861143,0.146131440959268,"f"
3635,-1.4843614769792,16.8361726880089,0.146151527732447,"f"
3636,-1.4839729993172,16.837988729394,0.146171595822388,"f"
3637,-1.4835847801313,16.8398051075444,0.146191645204477,"f"
3638,-1.48319681883784,16.841621819735,0.1462116758541,"f"
3639,-1.48280911485313,16.8434388632407,0.146231687746644,"f"
3640,-1.48242166759352,16.8452562353366,0.146251680857495,"f"
3641,-1.48203447647532,16.8470739332974,0.146271655162039,"f"
3642,-1.48164754091488,16.8488919543981,0.146291610635663,"f"
3643,-1.48126086032852,16.8507102959137,0.146311547253752,"f"
3644,-1.48087443413257,16.852528955119,0.146331464991694,"f"
3645,-1.48048826174336,16.854347929289,0.146351363824874,"f"
3646,-1.48010234257722,16.8561672156986,0.146371243728679,"f"
3647,-1.47971667605049,16.8579868116227,0.146391104678494,"f"
3648,-1.47933126157949,16.8598067143362,0.146410946649707,"f"
3649,-1.47894609858054,16.8616269211141,0.146430769617703,"f"
3650,-1.47856118646999,16.8634474292312,0.14645057355787,"f"
3651,-1.47817652466417,16.8652682359625,0.146470358445592,"f"
3652,-1.47779211257939,16.867089338583,0.146490124256256,"f"
3653,-1.47740794965253,16.8689107343934,0.146509870966019,"f"
3654,-1.47702403579272,16.8707324212934,0.146529598568729,"f"
3655,-1.47664037138134,16.8725543977806,0.146549307075933,"f"
3656,-1.47625695682035,16.874376662379,0.146568996499944,"f"
3657,-1.47587379251165,16.8761992136124,0.146588666853076,"f"
3658,-1.47549087885719,16.8780220500047,0.146608318147644,"f"
3659,-1.4751082162589,16.8798451700798,0.146627950395962,"f"
3660,-1.4747258051187,16.8816685723615,0.146647563610344,"f"
3661,-1.47434364583853,16.8834922553737,0.146667157803104,"f"
3662,-1.47396173882032,16.8853162176403,0.146686732986557,"f"
3663,-1.47358008446599,16.8871404576852,0.146706289173016,"f"
3664,-1.47319868317748,16.8889649740321,0.146725826374796,"f"
3665,-1.47281753535673,16.8907897652051,0.146745344604212,"f"
3666,-1.47243664140565,16.8926148297279,0.146764843873576,"f"
3667,-1.47205600172618,16.8944401661244,0.146784324195204,"f"
3668,-1.47167561672025,16.8962657729185,0.14680378558141,"f"
3669,-1.47129548678979,16.8980916486341,0.146823228044507,"f"
3670,-1.47091561233673,16.899917791795,0.146842651596811,"f"
3671,-1.47053599376301,16.9017442009251,0.146862056250635,"f"
3672,-1.47015663147055,16.9035708745483,0.146881442018293,"f"
3673,-1.46977752586128,16.9053978111884,0.1469008089121,"f"
3674,-1.46939867733714,16.9072250093693,0.14692015694437,"f"
3675,-1.46902008630005,16.9090524676149,0.146939486127417,"f"
3676,-1.46864175315195,16.910880184449,0.146958796473555,"f"
3677,-1.46826367829476,16.9127081583956,0.146978087995099,"f"
3678,-1.46788586213042,16.9145363879784,0.146997360704363,"f"
3679,-1.46750830506085,16.9163648717214,0.14701661461366,"f"
3680,-1.46713100748799,16.9181936081484,0.147035849735305,"f"
3681,-1.46675396981378,16.9200225957833,0.147055066081613,"f"
3682,-1.46637719244013,16.9218518331499,0.147074263664897,"f"
3683,-1.46600067576897,16.9236813187722,0.147093442497472,"f"
3684,-1.46562442020225,16.925511051174,0.147112602591652,"f"
3685,-1.46524842614189,16.9273410288792,0.147131743959751,"f"
3686,-1.46487269398982,16.9291712504115,0.147150866614083,"f"
3687,-1.46449722414797,16.931001714295,0.147169970566962,"f"
3688,-1.46412201701828,16.9328324190535,0.147189055830704,"f"
3689,-1.46374707300266,16.9346633632108,0.147208122417621,"f"
3690,-1.46337239250306,16.9364945452908,0.147227170340028,"f"
3691,-1.46299797592141,16.9383259638174,0.14724619961024,"f"
3692,-1.46262382365962,16.9401576173145,0.14726521024057,"f"
3693,-1.46224993611965,16.9419895043058,0.147284202243333,"f"
3694,-1.46187631370341,16.9438216233154,0.147303175630843,"f"
3695,-1.46150295681283,16.945653972867,0.147322130415413,"f"
3696,-1.46112986584985,16.9474865514845,0.147341066609359,"f"
3697,-1.4607570412164,16.9493193576919,0.147359984224995,"f"
3698,-1.46038448331441,16.9511523900129,0.147378883274634,"f"
3699,-1.4600121925458,16.9529856469714,0.147397763770592,"f"
3700,-1.45964016931252,16.9548191270914,0.147416625725181,"f"
3701,-1.45926841401648,16.9566528288966,0.147435469150717,"f"
3702,-1.45889692705962,16.9584867509109,0.147454294059513,"f"
3703,-1.45852570884388,16.9603208916583,0.147473100463884,"f"
3704,-1.45815475977117,16.9621552496626,0.147491888376143,"f"
3705,-1.45778408024344,16.9639898234476,0.147510657808606,"f"
3706,-1.45741367066261,16.9658246115372,0.147529408773586,"f"
3707,-1.45704353143062,16.9676596124553,0.147548141283398,"f"
3708,-1.45667366294938,16.9694948247257,0.147566855350356,"f"
3709,-1.45630406562084,16.9713302468724,0.147585550986773,"f"
3710,-1.45593473984693,16.9731658774192,0.147604228204964,"f"
3711,-1.45556568602957,16.97500171489,0.147622887017244,"f"
3712,-1.4551969045707,16.9768377578085,0.147641527435927,"f"
3713,-1.45482839587224,16.9786740046988,0.147660149473326,"f"
3714,-1.45446016033613,16.9805104540847,0.147678753141756,"f"
3715,-1.4540921983643,16.98234710449,0.147697338453531,"f"
3716,-1.45372451035868,16.9841839544386,0.147715905420965,"f"
3717,-1.4533570967212,16.9860210024544,0.147734454056373,"f"
3718,-1.45298995785378,16.9878582470612,0.147752984372069,"f"
3719,-1.45262309415837,16.989695686783,0.147771496380366,"f"
3720,-1.45225650603688,16.9915333201435,0.14778999009358,"f"
3721,-1.45189019389126,16.9933711456667,0.147808465524024,"f"
3722,-1.45152415812343,16.9952091618764,0.147826922684013,"f"
3723,-1.45115839913532,16.9970473672965,0.14784536158586,"f"
3724,-1.45079291732886,16.9988857604509,0.14786378224188,"f"
3725,-1.45042771310599,17.0007243398634,0.147882184664388,"f"
3726,-1.45006278686863,17.0025631040579,0.147900568865696,"f"
3727,-1.44969813901872,17.0044020515583,0.147918934858121,"f"
3728,-1.44933376995818,17.0062411808884,0.147937282653975,"f"
3729,-1.44896968008894,17.0080804905721,0.147955612265573,"f"
3730,-1.44860586981295,17.0099199791333,0.147973923705229,"f"
3731,-1.44824233953212,17.0117596450959,0.147992216985257,"f"
3732,-1.44787908964838,17.0135994869837,0.148010492117972,"f"
3733,-1.44751612056368,17.0154395033205,0.148028749115688,"f"
3734,-1.44715343267993,17.0172796926303,0.148046987990718,"f"
3735,-1.44679102639908,17.019120053437,0.148065208755378,"f"
3736,-1.44642890212304,17.0209605842643,0.148083411421982,"f"
3737,-1.44606706025376,17.0228012836362,0.148101596002842,"f"
3738,-1.44570550119315,17.0246421500765,0.148119762510275,"f"
3739,-1.44534422534316,17.0264831821091,0.148137910956593,"f"
3740,-1.4449832331057,17.0283243782579,0.148156041354112,"f"
3741,-1.44462252488273,17.0301657370467,0.148174153715145,"f"
3742,-1.44426210107615,17.0320072569995,0.148192248052006,"f"
3743,-1.44390196208791,17.03384893664,0.14821032437701,"f"
3744,-1.44354210831993,17.0356907744921,0.148228382702472,"f"
3745,-1.44318254017415,17.0375327690798,0.148246423040704,"f"
3746,-1.44282325805249,17.0393749189268,0.148264445404022,"f"
3747,-1.44246426235689,17.0412172225572,0.148282449804739,"f"
3748,-1.44210555348928,17.0430596784946,0.14830043625517,"f"
3749,-1.44174713185158,17.044902285263,0.148318404767629,"f"
3750,-1.44138899784573,17.0467450413863,0.14833635535443,"f"
3751,-1.44103115187366,17.0485879453883,0.148354288027888,"f"
3752,-1.4406735943373,17.0504309957929,0.148372202800316,"f"
3753,-1.44031632563858,17.052274191124,0.148390099684029,"f"
3754,-1.43995934617942,17.0541175299054,0.148407978691341,"f"
3755,-1.43960265636177,17.055961010661,0.148425839834566,"f"
3756,-1.43924625658755,17.0578046319147,0.148443683126018,"f"
3757,-1.4388901472587,17.0596483921904,0.148461508578012,"f"
3758,-1.43853432877713,17.0614922900118,0.148479316202862,"f"
3759,-1.43817880154479,17.063336323903,0.148497106012882,"f"
3760,-1.4378235659636,17.0651804923877,0.148514878020386,"f"
3761,-1.4374686224355,17.0670247939898,0.148532632237688,"f"
3762,-1.43711397136241,17.0688692272332,0.148550368677103,"f"
3763,-1.43675961314626,17.0707137906418,0.148568087350945,"f"
3764,-1.43640554818899,17.0725584827394,0.148585788271527,"f"
3765,-1.43605177689253,17.0744033020499,0.148603471451165,"f"
3766,-1.43569829965881,17.0762482470971,0.148621136902172,"f"
3767,-1.43534511688975,17.078093316405,0.148638784636863,"f"
3768,-1.43499222898729,17.0799385084974,0.148656414667552,"f"
3769,-1.43463963635336,17.0817838218982,0.148674027006552,"f"
3770,-1.43428733938989,17.0836292551312,0.148691621666179,"f"
3771,-1.43393533849881,17.0854748067203,0.148709198658746,"f"
3772,-1.43358363408205,17.0873204751894,0.148726757996568,"f"
3773,-1.43323222654154,17.0891662590624,0.148744299691958,"f"
3774,-1.43288111627921,17.0910121568631,0.148761823757232,"f"
3775,-1.432530303697,17.0928581671154,0.148779330204703,"f"
3776,-1.43217978919683,17.0947042883431,0.148796819046685,"f"
3777,-1.43182957318063,17.0965505190701,0.148814290295492,"f"
3778,-1.43147965605034,17.0983968578204,0.14883174396344,"f"
3779,-1.43113003820788,17.1002433031177,0.148849180062842,"f"
3780,-1.43078072005518,17.102089853486,0.148866598606011,"f"
3781,-1.43043170199418,17.103936507449,0.148883999605263,"f"
3782,-1.43008298442681,17.1057832635308,0.148901383072912,"f"
3783,-1.42973456775499,17.107630120255,0.148918749021272,"f"
3784,-1.42938645238067,17.1094770761457,0.148936097462656,"f"
3785,-1.42903863870576,17.1113241297267,0.14895342840938,"f"
3786,-1.42869112713219,17.1131712795218,0.148970741873757,"f"
3787,-1.42834391806191,17.1150185240549,0.148988037868102,"f"
3788,-1.42799701189684,17.11686586185,0.149005316404728,"f"
3789,-1.42765040903891,17.1187132914307,0.149022577495951,"f"
3790,-1.42730410989005,17.1205608113211,0.149039821154084,"f"
3791,-1.42695811485219,17.122408420045,0.149057047391441,"f"
3792,-1.42661242432726,17.1242561161263,0.149074256220337,"f"
3793,-1.42626703871719,17.1261038980888,0.149091447653085,"f"
3794,-1.42592195842392,17.1279517644564,0.149108621702001,"f"
3795,-1.42557718384937,17.129799713753,0.149125778379398,"f"
3796,-1.42523271539548,17.1316477445024,0.14914291769759,"f"
3797,-1.42488855346417,17.1334958552285,0.149160039668892,"f"
3798,-1.42454469845738,17.1353440444552,0.149177144305618,"f"
3799,-1.42420115077703,17.1371923107064,0.149194231620082,"f"
3800,-1.42385791082506,17.1390406525059,0.149211301624598,"f"
3801,-1.4235149790034,17.1408890683775,0.14922835433148,"f"
3802,-1.42317235571398,17.1427375568452,0.149245389753043,"f"
3803,-1.42283004135872,17.1445861164329,0.149262407901601,"f"
3804,-1.42248803633956,17.1464347456643,0.149279408789468,"f"
3805,-1.42214634105843,17.1482834430634,0.149296392428958,"f"
3806,-1.42180495591727,17.150132207154,0.149313358832386,"f"
3807,-1.42146388131799,17.1519810364601,0.149330308012065,"f"
3808,-1.42112311766253,17.1538299295054,0.14934723998031,"f"
3809,-1.42078266535283,17.1556788848138,0.149364154749435,"f"
3810,-1.42044252479081,17.1575279009093,0.149381052331754,"f"
3811,-1.4201026963784,17.1593769763156,0.149397932739582,"f"
3812,-1.41976318051754,17.1612261095567,0.149414795985232,"f"
3813,-1.41942397761015,17.1630752991563,0.149431642081019,"f"
3814,-1.41908508805816,17.1649245436385,0.149448471039258,"f"
3815,-1.41874651226351,17.1667738415271,0.149465282872261,"f"
3816,-1.41840825062813,17.1686231913458,0.149482077592344,"f"
3817,-1.41807030355394,17.1704725916187,0.149498855211821,"f"
3818,-1.41773267144288,17.1723220408695,0.149515615743005,"f"
3819,-1.41739535469687,17.1741715376221,0.149532359198212,"f"
3820,-1.41705835371786,17.1760210804005,0.149549085589754,"f"
3821,-1.41672166890776,17.1778706677284,0.149565794929947,"f"
3822,-1.41638530066852,17.1797202981297,0.149582487231105,"f"
3823,-1.41604924940205,17.1815699701284,0.149599162505542,"f"
3824,-1.41571351551029,17.1834196822482,0.149615820765572,"f"
3825,-1.41537809939518,17.1852694330131,0.149632462023509,"f"
3826,-1.41504300145864,17.1871192209469,0.149649086291667,"f"
3827,-1.4147082221026,17.1889690445735,0.149665693582361,"f"
3828,-1.41437376172899,17.1908189024167,0.149682283907905,"f"
3829,-1.41403962073974,17.1926687930005,0.149698857280613,"f"
3830,-1.41370579953679,17.1945187148486,0.149715413712799,"f"
3831,-1.41337229852207,17.196368666485,0.149731953216778,"f"
3832,-1.4130391180975,17.1982186464336,0.149748475804863,"f"
3833,-1.41270625866501,17.2000686532181,0.14976498148937,"f"
3834,-1.41237372062654,17.2019186853625,0.149781470282611,"f"
3835,-1.41204150438402,17.2037687413907,0.149797942196902,"f"
3836,-1.41170961036714,17.2056188201849,0.149814397240429,"f"
3837,-1.41137803916771,17.2074689227205,0.149830835397285,"f"
3838,-1.41104679143625,17.2093190507305,0.149847256642837,"f"
3839,-1.41071586782331,17.2111692059491,0.149863660952444,"f"
3840,-1.4103852689795,17.2130193901103,0.149880048301461,"f"
3841,-1.41005499555538,17.214869604948,0.149896418665246,"f"
3842,-1.40972504820153,17.2167198521965,0.149912772019156,"f"
3843,-1.40939542756855,17.2185701335897,0.149929108338547,"f"
3844,-1.409066134307,17.2204204508617,0.149945427598776,"f"
3845,-1.40873716906746,17.2222708057466,0.149961729775201,"f"
3846,-1.40840853250052,17.2241211999783,0.149978014843179,"f"
3847,-1.40808022525676,17.2259716352911,0.149994282778065,"f"
3848,-1.40775224798675,17.2278221134189,0.150010533555218,"f"
3849,-1.40742460134108,17.2296726360958,0.150026767149993,"f"
3850,-1.40709728597033,17.2315232050558,0.150042983537749,"f"
3851,-1.40677030252507,17.233373822033,0.150059182693841,"f"
3852,-1.40644365165589,17.2352244887616,0.150075364593627,"f"
3853,-1.40611733401336,17.2370752069754,0.150091529212464,"f"
3854,-1.40579135024807,17.2389259784086,0.150107676525708,"f"
3855,-1.40546570101059,17.2407768047953,0.150123806508717,"f"
3856,-1.40514038695151,17.2426276878695,0.150139919136848,"f"
3857,-1.40481540872141,17.2444786293653,0.150156014385457,"f"
3858,-1.40449076697086,17.2463296310166,0.150172092229901,"f"
3859,-1.40416646235045,17.2481806945577,0.150188152645537,"f"
3860,-1.40384249551076,17.2500318217225,0.150204195607722,"f"
3861,-1.40351886710236,17.2518830142451,0.150220221091814,"f"
3862,-1.40319557777583,17.2537342738595,0.150236229073168,"f"
3863,-1.40287262818177,17.2555856022998,0.150252219527142,"f"
3864,-1.40255001897073,17.2574370013002,0.150268192429093,"f"
3865,-1.40222775079332,17.2592884725945,0.150284147754377,"f"
3866,-1.4019058243001,17.261140017917,0.150300085478353,"f"
3867,-1.40158424014165,17.2629916390016,0.150316005576375,"f"
3868,-1.40126299896856,17.2648433375824,0.150331908023802,"f"
3869,-1.40094210143141,17.2666951153934,0.150347792795991,"f"
3870,-1.40062154818077,17.2685469741688,0.150363659868298,"f"
3871,-1.40030133986723,17.2703989156426,0.150379509216079,"f"
3872,-1.39998147714136,17.2722509415488,0.150395340814693,"f"
3873,-1.39966196065375,17.2741030536216,0.150411154639496,"f"
3874,-1.39934279105497,17.2759552535948,0.150426950665845,"f"
3875,-1.39902396899561,17.2778075432027,0.150442728869097,"f"
3876,-1.39870549512625,17.2796599241793,0.150458489224608,"f"
3877,-1.39838737009746,17.2815123982586,0.150474231707737,"f"
3878,-1.39806959455983,17.2833649671747,0.150489956293838,"f"
3879,-1.39775216916393,17.2852176326616,0.15050566295827,"f"
3880,-1.39743509456035,17.2870703964535,0.15052135167639,"f"
3881,-1.39711837139966,17.2889232602843,0.150537022423554,"f"
3882,-1.39680200033245,17.2907762258882,0.150552675175119,"f"
3883,-1.39648598200929,17.2926292949991,0.150568309906443,"f"
3884,-1.39617031708077,17.2944824693512,0.150583926592881,"f"
3885,-1.39585500619747,17.2963357506785,0.150599525209791,"f"
3886,-1.39554005000996,17.298189140715,0.150615105732531,"f"
3887,-1.39522544916882,17.3000426411949,0.150630668136456,"f"
3888,-1.39491120432464,17.3018962538521,0.150646212396924,"f"
3889,-1.394597316128,17.3037499804208,0.150661738489291,"f"
3890,-1.39428378522947,17.305603822635,0.150677246388915,"f"
3891,-1.39397061227963,17.3074577822287,0.150692736071153,"f"
3892,-1.39365779792907,17.309311860936,0.150708207511361,"f"
3893,-1.39334534282837,17.3111660604911,0.150723660684896,"f"
3894,-1.3930332476281,17.3130203826278,0.150739095567116,"f"
3895,-1.39272151297885,17.3148748290803,0.150754512133377,"f"
3896,-1.39241013953119,17.3167294015827,0.150769910359035,"f"
3897,-1.39209912793571,17.318584101869,0.150785290219449,"f"
3898,-1.39178847884298,17.3204389316732,0.150800651689975,"f"
3899,-1.39147819290359,17.3222938927295,0.150815994745969,"f"
3900,-1.39116827076811,17.3241489867719,0.150831319362789,"f"
3901,-1.39085871308713,17.3260042155344,0.150846625515792,"f"
3902,-1.39054952051122,17.327859580751,0.150861913180335,"f"
3903,-1.39024069369097,17.329715084156,0.150877182331773,"f"
3904,-1.38993223327695,17.3315707274832,0.150892432945466,"f"
3905,-1.38962413991975,17.3334265124669,0.150907664996768,"f"
3906,-1.38931641426994,17.3352824408409,0.150922878461038,"f"
3907,-1.38900905697811,17.3371385143395,0.150938073313632,"f"
3908,-1.38870206869483,17.3389947346966,0.150953249529907,"f"
3909,-1.38839545007069,17.3408511036463,0.150968407085219,"f"
3910,-1.38808920175626,17.3427076229227,0.150983545954927,"f"
3911,-1.38778332440213,17.3445642942598,0.150998666114387,"f"
3912,-1.38747781865887,17.3464211193917,0.151013767538955,"f"
3913,-1.38717268517707,17.3482781000524,0.151028850203989,"f"
3914,-1.3868679246073,17.3501352379761,0.151043914084845,"f"
3915,-1.38656353760015,17.3519925348967,0.151058959156881,"f"
3916,-1.38625952480619,17.3538499925483,0.151073985395454,"f"
3917,-1.385955886876,17.355707612665,0.151088992775919,"f"
3918,-1.38565262446017,17.3575653969808,0.151103981273635,"f"
3919,-1.38534973820928,17.3594233472298,0.151118950863958,"f"
3920,-1.3850472287739,17.3612814651461,0.151133901522245,"f"
3921,-1.38474509680462,17.3631397524637,0.151148833223853,"f"
3922,-1.384443342952,17.3649982109166,0.151163745944138,"f"
3923,-1.38414196786665,17.366856842239,0.151178639658459,"f"
3924,-1.38384097219913,17.3687156481649,0.151193514342171,"f"
3925,-1.38354035660002,17.3705746304283,0.151208369970632,"f"
3926,-1.38324012171991,17.3724337907633,0.151223206519198,"f"
3927,-1.38294026820937,17.374293130904,0.151238023963227,"f"
3928,-1.38264079671899,17.3761526525844,0.151252822278075,"f"
3929,-1.38234170789934,17.3780123575385,0.1512676014391,"f"
3930,-1.38204300240101,17.3798722475005,0.151282361421658,"f"
3931,-1.38174468087457,17.3817323242045,0.151297102201105,"f"
3932,-1.3814467439706,17.3835925893843,0.1513118237528,"f"
3933,-1.38114919233969,17.3854530447742,0.151326526052099,"f"
3934,-1.38085202663241,17.3873136921082,0.151341209074358,"f"
3935,-1.38055524749935,17.3891745331202,0.151355872794936,"f"
3936,-1.38025885559108,17.3910355695445,0.151370517189188,"f"
3937,-1.37996285155819,17.392896803115,0.151385142232471,"f"
3938,-1.37966723605125,17.3947582355659,0.151399747900144,"f"
3939,-1.37937200972085,17.3966198686311,0.151414334167561,"f"
3940,-1.37907717321756,17.3984817040447,0.151428901010081,"f"
3941,-1.37878272719196,17.4003437435408,0.15144344840306,"f"
3942,-1.37848867229464,17.4022059888534,0.151457976321856,"f"
3943,-1.37819500917617,17.4040684417166,0.151472484741824,"f"
3944,-1.37790173848714,17.4059311038645,0.151486973638323,"f"
3945,-1.37760886087812,17.4077939770312,0.151501442986708,"f"
3946,-1.3773163769997,17.4096570629505,0.151515892762337,"f"
3947,-1.37702428750245,17.4115203633568,0.151530322940567,"f"
3948,-1.37673259303695,17.4133838799839,0.151544733496755,"f"
3949,-1.37644129425379,17.4152476145659,0.151559124406257,"f"
3950,-1.37615039180354,17.417111568837,0.151573495644431,"f"
3951,-1.37585988633679,17.4189757445312,0.151587847186633,"f"
3952,-1.37556977850411,17.4208401433824,0.151602179008221,"f"
3953,-1.37528006895608,17.4227047671249,0.15161649108455,"f"
3954,-1.37499075834329,17.4245696174926,0.151630783390979,"f"
3955,-1.37470184731631,17.4264346962196,0.151645055902864,"f"
3956,-1.37441333652573,17.4283000050399,0.151659308595563,"f"
3957,-1.37412522662212,17.4301655456877,0.15167354144443,"f"
3958,-1.37383751825606,17.432031319897,0.151687754424825,"f"
3959,-1.37355021207814,17.4338973294018,0.151701947512104,"f"
3960,-1.37326330873894,17.4357635759361,0.151716120681623,"f"
3961,-1.37297680888902,17.4376300612342,0.15173027390874,"f"
3962,-1.37269071317898,17.4394967870299,0.151744407168811,"f"
3963,-1.3724050222594,17.4413637550575,0.151758520437194,"f"
3964,-1.37211973678084,17.4432309670508,0.151772613689244,"f"
3965,-1.37183485739391,17.445098424744,0.151786686900321,"f"
3966,-1.37155038474916,17.4469661298712,0.151800740045779,"f"
3967,-1.37126631949719,17.4488340841664,0.151814773100976,"f"
3968,-1.37098266228857,17.4507022893637,0.15182878604127,"f"
3969,-1.37069941377389,17.4525707471971,0.151842778842016,"f"
3970,-1.37041657460372,17.4544394594006,0.151856751478572,"f"
3971,-1.37013414542864,17.4563084277084,0.151870703926295,"f"
3972,-1.36985212689924,17.4581776538545,0.151884636160542,"f"
3973,-1.36957051966609,17.460047139573,0.151898548156669,"f"
3974,-1.36928932437978,17.4619168865978,0.151912439890033,"f"
3975,-1.36900854169088,17.4637868966632,0.151926311335992,"f"
3976,-1.36872817224997,17.465657171503,0.151940162469903,"f"
3977,-1.36844821670764,17.4675277128515,0.151953993267121,"f"
3978,-1.36816867571446,17.4693985224426,0.151967803703005,"f"
3979,-1.36788954992101,17.4712696020104,0.15198159375291,"f"
3980,-1.36761083997788,17.473140953289,0.151995363392195,"f"
3981,-1.36733254653564,17.4750125780124,0.152009112596215,"f"
3982,-1.36705467024487,17.4768844779147,0.152022841340329,"f"
3983,-1.36677721175616,17.4787566547299,0.152036549599892,"f"
3984,-1.36650017172008,17.4806291101922,0.152050237350262,"f"
3985,-1.36622355078721,17.4825018460355,0.152063904566795,"f"
3986,-1.36594734960814,17.4843748639939,0.152077551224849,"f"
3987,-1.36567156883344,17.4862481658015,0.15209117729978,"f"
3988,-1.3653962091137,17.4881217531923,0.152104782766945,"f"
3989,-1.36512127109949,17.4899956279004,0.152118367601702,"f"
3990,-1.36484675544139,17.4918697916599,0.152131931779406,"f"
3991,-1.36457266278998,17.4937442462047,0.152145475275416,"f"
3992,-1.36429899379585,17.4956189932691,0.152158998065088,"f"
3993,-1.36402574910957,17.497494034587,0.152172500123778,"f"
3994,-1.36375292938173,17.4993693718924,0.152185981426845,"f"
3995,-1.36348053526289,17.5012450069195,0.152199441949644,"f"
3996,-1.36320856740366,17.5031209414023,0.152212881667533,"f"
3997,-1.36293702645459,17.5049971770749,0.152226300555868,"f"
3998,-1.36266591306628,17.5068737156713,0.152239698590007,"f"
3999,-1.3623952278893,17.5087505589256,0.152253075745306,"f"
4000,-1.36212497157423,17.5106277085718,0.152266431997122,"f"
4001,-1.36185514477166,17.512505166344,0.152279767320813,"f"
4002,-1.36158574813216,17.5143829339762,0.152293081691734,"f"
4003,-1.36131678230631,17.5162610132026,0.152306375085244,"f"
4004,-1.3610482479447,17.5181394057572,0.152319647476699,"f"
4005,-1.3607801456979,17.5200181133739,0.152332898841455,"f"
4006,-1.36051247621649,17.521897137787,0.15234612915487,"f"
4007,-1.36024524015106,17.5237764807304,0.152359338392301,"f"
4008,-1.35997843815218,17.5256561439382,0.152372526529105,"f"
4009,-1.35971207087043,17.5275361291445,0.152385693540638,"f"
4010,-1.35944613895639,17.5294164380833,0.152398839402258,"f"
4011,-1.35918064306065,17.5312970724887,0.15241196408932,"f"
4012,-1.35891558383378,17.5331780340947,0.152425067577184,"f"
4013,-1.35865096192636,17.5350593246354,0.152438149841204,"f"
4014,-1.35838677798898,17.5369409458449,0.152451210856738,"f"
4015,-1.35812303267221,17.5388228994572,0.152464250599144,"f"
4016,-1.35785972662663,17.5407051872064,0.152477269043777,"f"
4017,-1.35759686050283,17.5425878108265,0.152490266165996,"f"
4018,-1.35733443495135,17.5444707720482,0.152503241941188,"f"
4019,-1.35707245061959,17.5463540721979,0.152516196348649,"f"
4020,-1.35681090814878,17.548237711816,0.152529129375257,"f"
4021,-1.35654980817948,17.5501216913529,0.152542041008763,"f"
4022,-1.35628915135221,17.5520060112591,0.152554931236917,"f"
4023,-1.35602893830751,17.5538906719849,0.152567800047469,"f"
4024,-1.35576916968592,17.5557756739806,0.15258064742817,"f"
4025,-1.35550984612798,17.5576610176966,0.152593473366771,"f"
4026,-1.35525096827423,17.5595467035833,0.15260627785102,"f"
4027,-1.3549925367652,17.561432732091,0.15261906086867,"f"
4028,-1.35473455224143,17.5633191036702,0.15263182240747,"f"
4029,-1.35447701534346,17.5652058187711,0.15264456245517,"f"
4030,-1.35421992671183,17.5670928778441,0.152657280999521,"f"
4031,-1.35396328698707,17.5689802813396,0.152669978028274,"f"
4032,-1.35370709680972,17.570868029708,0.152682653529178,"f"
4033,-1.35345135682032,17.5727561233996,0.152695307489984,"f"
4034,-1.3531960676594,17.5746445628647,0.152707939898442,"f"
4035,-1.35294122996751,17.5765333485539,0.152720550742303,"f"
4036,-1.35268684438518,17.5784224809173,0.152733140009317,"f"
4037,-1.35243291155296,17.5803119604054,0.152745707687234,"f"
4038,-1.35217943211137,17.5822017874686,0.152758253763805,"f"
4039,-1.35192640670095,17.5840919625571,0.15277077822678,"f"
4040,-1.35167383596224,17.5859824861214,0.152783281063909,"f"
4041,-1.35142172053579,17.5878733586119,0.152795762262943,"f"
4042,-1.35117006106212,17.5897645804789,0.152808221811632,"f"
4043,-1.35091885818178,17.5916561521727,0.152820659697726,"f"
4044,-1.3506681125353,17.5935480741437,0.152833075908976,"f"
4045,-1.35041782476323,17.5954403468423,0.152845470433133,"f"
4046,-1.35016799550609,17.5973329707189,0.152857843257946,"f"
4047,-1.34991862540442,17.5992259462238,0.152870194371165,"f"
4048,-1.34966971509877,17.6011192738073,0.152882523760542,"f"
4049,-1.34942126522967,17.6030129539199,0.152894831413826,"f"
4050,-1.34917327643766,17.6049069870119,0.152907117318768,"f"
4051,-1.34892574936328,17.6068013735337,0.152919381463119,"f"
4052,-1.34867868464706,17.6086961139356,0.152931623834628,"f"
4053,-1.34843208292954,17.610591208668,0.152943844421046,"f"
4054,-1.34818594485126,17.6124866581813,0.152956043210123,"f"
4055,-1.34794027105275,17.6143824629258,0.15296822018961,"f"
4056,-1.34769506217456,17.6162786233518,0.152980375347256,"f"
4057,-1.34745031885723,17.6181751399099,0.152992508670813,"f"
4058,-1.34720604174128,17.6200720130502,0.153004620148031,"f"
4059,-1.34696223146726,17.6219692432232,0.15301670976666,"f"
4060,-1.3467188886757,17.6238668308793,0.15302877751445,"f"
4061,-1.34647601400715,17.6257647764688,0.153040823379151,"f"
4062,-1.34623360810214,17.627663080442,0.153052847348515,"f"
4063,-1.3459916716012,17.6295617432494,0.153064849410291,"f"
4064,-1.34575020514488,17.6314607653413,0.15307682955223,"f"
4065,-1.34550920937372,17.6333601471681,0.153088787762082,"f"
4066,-1.34526868492824,17.63525988918,0.153100724027598,"f"
4067,-1.34502863244899,17.6371599918276,0.153112638336527,"f"
4068,-1.34478905257651,17.6390604555611,0.153124530676621,"f"
4069,-1.34454994595133,17.640961280831,0.153136401035629,"f"
4070,-1.344311313214,17.6428624680875,0.153148249401302,"f"
4071,-1.34407315500504,17.644764017781,0.15316007576139,"f"
4072,-1.343835471965,17.646665930362,0.153171880103643,"f"
4073,-1.34359826473441,17.6485682062808,0.153183662415813,"f"
4074,-1.34336153395381,17.6504708459877,0.153195422685648,"f"
4075,-1.34312528026375,17.652373849933,0.153207160900901,"f"
4076,-1.34288950430475,17.6542772185673,0.15321887704932,"f"
4077,-1.34265420671735,17.6561809523408,0.153230571118657,"f"
4078,-1.3424193881421,17.6580850517039,0.153242243096661,"f"
4079,-1.34218504921953,17.6599895171069,0.153253892971083,"f"
4080,-1.34195119059017,17.6618943490002,0.153265520729674,"f"
4081,-1.34171781289457,17.6637995478343,0.153277126360183,"f"
4082,-1.34148491677326,17.6657051140594,0.153288709850361,"f"
4083,-1.34125250286678,17.6676110481259,0.153300271187959,"f"
4084,-1.34102057181567,17.6695173504841,0.153311810360726,"f"
4085,-1.34078912426047,17.6714240215846,0.153323327356414,"f"
4086,-1.34055816084171,17.6733310618775,0.153334822162772,"f"
4087,-1.34032768219992,17.6752384718133,0.15334629476755,"f"
4088,-1.34009768897566,17.6771462518423,0.1533577451585,"f"
4089,-1.33986818180946,17.6790544024149,0.153369173323372,"f"
4090,-1.33963916134184,17.6809629239815,0.153380579249915,"f"
4091,-1.33941062821336,17.6828718169923,0.15339196292588,"f"
4092,-1.33918258306455,17.6847810818979,0.153403324339018,"f"
4093,-1.33895502653594,17.6866907191486,0.153414663477079,"f"
4094,-1.33872795926808,17.6886007291946,0.153425980327813,"f"
4095,-1.3385013819015,17.6905111124864,0.153437274878971,"f"
4096,-1.33827529507674,17.6924218694744,0.153448547118302,"f"
4097,-1.33804969943434,17.6943330006089,0.153459797033558,"f"
4098,-1.33782459561483,17.6962445063402,0.153471024612489,"f"
4099,-1.33759998425876,17.6981563871188,0.153482229842844,"f"
4100,-1.33737586600665,17.7000686433949,0.153493412712375,"f"
4101,-1.33715224149905,17.7019812756191,0.153504573208831,"f"
4102,-1.3369291113765,17.7038942842415,0.153515711319964,"f"
4103,-1.33670647627953,17.7058076697127,0.153526827033523,"f"
4104,-1.33648433684868,17.7077214324829,0.153537920337258,"f"
4105,-1.33626269372448,17.7096355730025,0.153548991218921,"f"
4106,-1.33604154754749,17.7115500917219,0.153560039666261,"f"
4107,-1.33582089895822,17.7134649890914,0.153571065667029,"f"
4108,-1.33560074859723,17.7153802655615,0.153582069208975,"f"
4109,-1.33538109710505,17.7172959215824,0.153593050279849,"f"
4110,-1.33516194512221,17.7192119576045,0.153604008867403,"f"
4111,-1.33494329328926,17.7211283740783,0.153614944959385,"f"
4112,-1.33472514224672,17.723045171454,0.153625858543547,"f"
4113,-1.33450749263515,17.7249623501821,0.153636749607639,"f"
4114,-1.33429034509507,17.7268799107128,0.153647618139411,"f"
4115,-1.33407370026703,17.7287978534966,0.153658464126614,"f"
4116,-1.33385755879156,17.7307161789838,0.153669287556997,"f"
4117,-1.3336419213092,17.7326348876248,0.153680088418312,"f"
4118,-1.33342678846049,17.7345539798699,0.153690866698309,"f"
4119,-1.33321216088596,17.7364734561696,0.153701622384737,"f"
4120,-1.33299803922615,17.7383933169741,0.153712355465348,"f"
4121,-1.33278442412161,17.7403135627339,0.153723065927891,"f"
4122,-1.33257131621286,17.7422341938992,0.153733753760117,"f"
4123,-1.33235871614044,17.7441552109205,0.153744418949777,"f"
4124,-1.3321466245449,17.7460766142482,0.153755061484621,"f"
4125,-1.33193504206677,17.7479984043326,0.153765681352398,"f"
4126,-1.33172396934659,17.749920581624,0.15377627854086,"f"
4127,-1.3315134070249,17.7518431465728,0.153786853037757,"f"
4128,-1.33130335574223,17.7537660996294,0.153797404830839,"f"
4129,-1.33109381613911,17.7556894412442,0.153807933907856,"f"
4130,-1.3308847888561,17.7576131718674,0.153818440256559,"f"
4131,-1.33067627453373,17.7595372919496,0.153828923864698,"f"
4132,-1.33046827381252,17.761461801941,0.153839384720024,"f"
4133,-1.33026078733303,17.763386702292,0.153849822810287,"f"
4134,-1.33005381573579,17.7653119934529,0.153860238123236,"f"
4135,-1.32984735966134,17.7672376758742,0.153870630646624,"f"
4136,-1.32964141975021,17.7691637500062,0.153881000368199,"f"
4137,-1.32943599664294,17.7710902162993,0.153891347275713,"f"
4138,-1.32923109098007,17.7730170752037,0.153901671356915,"f"
4139,-1.32902670340214,17.77494432717,0.153911972599556,"f"
4140,-1.32882283454969,17.7768719726484,0.153922250991386,"f"
4141,-1.32861948506324,17.7788000120893,0.153932506520156,"f"
4142,-1.32841665558335,17.7807284459431,0.153942739173616,"f"
4143,-1.32821434675055,17.7826572746602,0.153952948939517,"f"
4144,-1.32801255920537,17.7845864986908,0.153963135805608,"f"
4145,-1.32781129358835,17.7865161184854,0.15397329975964,"f"
4146,-1.32761055054004,17.7884461344944,0.153983440789363,"f"
4147,-1.32741033070096,17.7903765471681,0.153993558882529,"f"
4148,-1.32721063471166,17.7923073569568,0.154003654026886,"f"
4149,-1.32701146321267,17.7942385643109,0.154013726210186,"f"
4150,-1.32681281684453,17.7961701696808,0.154023775420178,"f"
4151,-1.32661469624778,17.7981021735169,0.154033801644614,"f"
4152,-1.32641710206296,17.8000345762695,0.154043804871243,"f"
4153,-1.32622003493061,17.801967378389,0.154053785087816,"f"
4154,-1.32602349549125,17.8039005803257,0.154063742282084,"f"
4155,-1.32582748438544,17.80583418253,0.154073676441795,"f"
4156,-1.3256320022537,17.8077681854523,0.154083587554702,"f"
4157,-1.32543704973657,17.809702589543,0.154093475608554,"f"
4158,-1.3252426274746,17.8116373952523,0.154103340591102,"f"
4159,-1.32504873610832,17.8135726030307,0.154113182490095,"f"
4160,-1.32485537627826,17.8155082133286,0.154123001293285,"f"
4161,-1.32466254862497,17.8174442265962,0.154132796988421,"f"
4162,-1.32447025378899,17.819380643284,0.154142569563255,"f"
4163,-1.32427849241084,17.8213174638423,0.154152319005535,"f"
4164,-1.32408726513107,17.8232546887214,0.154162045303014,"f"
4165,-1.32389657259022,17.8251923183719,0.15417174844344,"f"
4166,-1.32370641542882,17.8271303532439,0.154181428414565,"f"
4167,-1.32351679428741,17.8290687937879,0.154191085204138,"f"
4168,-1.32332770980653,17.8310076404543,0.154200718799911,"f"
4169,-1.32313916262672,17.8329468936933,0.154210329189633,"f"
4170,-1.32295115338851,17.8348865539554,0.154219916361055,"f"
4171,-1.32276368273244,17.836826621691,0.154229480301927,"f"
4172,-1.32257675129905,17.8387670973503,0.154239020999999,"f"
4173,-1.32239035972888,17.8407079813838,0.154248538443022,"f"
4174,-1.32220450866246,17.8426492742418,0.154258032618747,"f"
4175,-1.32201919874033,17.8445909763747,0.154267503514923,"f"
4176,-1.32183443060303,17.8465330882329,0.154276951119301,"f"
4177,-1.3216502048911,17.8484756102666,0.154286375419631,"f"
4178,-1.32146652224508,17.8504185429264,0.154295776403663,"f"
4179,-1.32128338330549,17.8523618866625,0.154305154059149,"f"
4180,-1.32110078871289,17.8543056419253,0.154314508373838,"f"
4181,-1.3209187391078,17.8562498091651,0.15432383933548,"f"
4182,-1.32073723513077,17.8581943888324,0.154333146931826,"f"
4183,-1.32055627742234,17.8601393813775,0.154342431150627,"f"
4184,-1.32037586662303,17.8620847872507,0.154351691979632,"f"
4185,-1.32019600337339,17.8640306069025,0.154360929406593,"f"
4186,-1.32001668831396,17.8659768407831,0.154370143419259,"f"
4187,-1.31983792208527,17.867923489343,0.15437933400538,"f"
4188,-1.31965970532786,17.8698705530326,0.154388501152708,"f"
4189,-1.31948203868227,17.8718180323021,0.154397644848992,"f"
4190,-1.31930492278904,17.8737659276019,0.154406765081982,"f"
4191,-1.3191283582887,17.8757142393824,0.15441586183943,"f"
4192,-1.31895234582179,17.8776629680941,0.154424935109086,"f"
4193,-1.31877688602885,17.8796121141871,0.154433984878699,"f"
4194,-1.31860197955042,17.881561678112,0.15444301113602,"f"
4195,-1.31842762702703,17.883511660319,0.1544520138688,"f"
4196,-1.31825382909923,17.8854620612585,0.154460993064788,"f"
4197,-1.31808058640754,17.8874128813809,0.154469948711736,"f"
4198,-1.31790789959251,17.8893641211366,0.154478880797394,"f"
4199,-1.31773576929468,17.8913157809759,0.154487789309511,"f"
4200,-1.31756419615458,17.8932678613492,0.154496674235839,"f"
4201,-1.31739318081228,17.895220362745,0.154505535563614,"f"
4202,-1.31722272390152,17.897173286171,0.154514373273103,"f"
4203,-1.31705282605148,17.8991266330088,0.154523187339552,"f"
4204,-1.31688348789123,17.9010804046483,0.154531977738095,"f"
4205,-1.31671471004984,17.9030346024793,0.154540744443865,"f"
4206,-1.31654649315639,17.9049892278916,0.154549487431996,"f"
4207,-1.31637883783994,17.9069442822753,0.154558206677623,"f"
4208,-1.31621174472958,17.9088997670201,0.154566902155879,"f"
4209,-1.31604521445437,17.910855683516,0.154575573841897,"f"
4210,-1.31587924764339,17.9128120331527,0.154584221710813,"f"
4211,-1.31571384492571,17.9147688173203,0.154592845737759,"f"
4212,-1.31554900693041,17.9167260374084,0.15460144589787,"f"
4213,-1.31538473428656,17.9186836948072,0.154610022166279,"f"
4214,-1.31522102762322,17.9206417909063,0.154618574518121,"f"
4215,-1.31505788756948,17.9226003270957,0.154627102928529,"f"
4216,-1.31489531475441,17.9245593047653,0.154635607372638,"f"
4217,-1.31473330980708,17.9265187253049,0.154644087825581,"f"
4218,-1.31457187335656,17.9284785901045,0.154652544262492,"f"
4219,-1.31441100603193,17.9304389005538,0.154660976658504,"f"
4220,-1.31425070846226,17.9323996580427,0.154669384988753,"f"
4221,-1.31409098127662,17.9343608639613,0.154677769228372,"f"
4222,-1.31393182510409,17.9363225196992,0.154686129352494,"f"
4223,-1.31377324057374,17.9382846266464,0.154694465336253,"f"
4224,-1.31361522831464,17.9402471861928,0.154702777154785,"f"
4225,-1.31345778895587,17.9422101997282,0.154711064783221,"f"
4226,-1.3133009231265,17.9441736686425,0.154719328196697,"f"
4227,-1.31314463145561,17.9461375943256,0.154727567370346,"f"
4228,-1.31298891457226,17.9481019781674,0.154735782279302,"f"
4229,-1.31283377310552,17.9500668215577,0.154743972898699,"f"
4230,-1.31267920768448,17.9520321258865,0.154752139203671,"f"
4231,-1.31252521893821,17.9539978925435,0.154760281169352,"f"
4232,-1.31237180749578,17.9559641229187,0.154768398770875,"f"
4233,-1.31221897398625,17.9579308184019,0.154776491983375,"f"
4234,-1.31206671903872,17.9598979803831,0.154784560781986,"f"
4235,-1.31191504328224,17.9618656102521,0.154792605141841,"f"
4236,-1.31176394734589,17.9638337093987,0.154800625038074,"f"
4237,-1.31161343185875,17.9658022792128,0.154808620445819,"f"
4238,-1.31146349744989,17.9677713210844,0.154816591340211,"f"
4239,-1.31131414474838,17.9697408364033,0.154824537696382,"f"
4240,-1.31116537438329,17.9717108265594,0.154832459489467,"f"
4241,-1.3110171869837,17.9736812929424,0.1548403566946,"f"
4242,-1.31086958317869,17.9756522369425,0.154848229286915,"f"
4243,-1.31072256359731,17.9776236599493,0.154856077241545,"f"
4244,-1.31057612886866,17.9795955633528,0.154863900533625,"f"
4245,-1.31043027962179,17.9815679485428,0.154871699138288,"f"
4246,-1.31028501648579,17.9835408169093,0.154879473030669,"f"
4247,-1.31014034008973,17.985514169842,0.1548872221859,"f"
4248,-1.30999625106268,17.9874880087309,0.154894946579117,"f"
4249,-1.30985275003371,17.9894623349659,0.154902646185453,"f"
4250,-1.30970983763189,17.9914371499368,0.154910320980041,"f"
4251,-1.30956751448631,17.9934124550335,0.154917970938017,"f"
4252,-1.30942578122603,17.9953882516459,0.154925596034513,"f"
4253,-1.30928463848013,17.9973645411638,0.154933196244663,"f"
4254,-1.30914408687768,17.9993413249772,0.154940771543602,"f"
4255,-1.30900412704775,18.0013186044759,0.154948321906464,"f"
4256,-1.30886475961941,18.0032963810497,0.154955847308381,"f"
4257,-1.30872598522175,18.0052746560886,0.154963347724489,"f"
4258,-1.30858780448383,18.0072534309824,0.154970823129921,"f"
4259,-1.30845021803472,18.009232707121,0.154978273499811,"f"
4260,-1.30831322650351,18.0112124858943,0.154985698809293,"f"
4261,-1.30817683051925,18.0131927686922,0.154993099033501,"f"
4262,-1.30804103071103,18.0151735569045,0.155000474147568,"f"
4263,-1.30790582770792,18.0171548519211,0.155007824126629,"f"
4264,-1.30777122213899,18.0191366551318,0.155015148945817,"f"
4265,-1.30763721463332,18.0211189679267,0.155022448580267,"f"
4266,-1.30750380581998,18.0231017916954,0.155029723005112,"f"
4267,-1.30737099632803,18.025085127828,0.155036972195486,"f"
4268,-1.30723878678657,18.0270689777143,0.155044196126524,"f"
4269,-1.30710717782464,18.0290533427441,0.155051394773358,"f"
4270,-1.30697617007135,18.0310382243073,0.155058568111123,"f"
4271,-1.30684576415574,18.0330236237939,0.155065716114953,"f"
4272,-1.3067159607069,18.0350095425936,0.155072838759982,"f"
4273,-1.30658676035391,18.0369959820964,0.155079936021343,"f"
4274,-1.30645816372582,18.0389829436922,0.155087007874171,"f"
4275,-1.30633017145173,18.0409704287707,0.155094054293599,"f"
4276,-1.3062027841607,18.0429584387219,0.155101075254761,"f"
4277,-1.30607600248179,18.0449469749357,0.155108070732792,"f"
4278,-1.3059498270441,18.046936038802,0.155115040702824,"f"
4279,-1.30582425847669,18.0489256317105,0.155121985139993,"f"
4280,-1.30569929740863,18.0509157550513,0.155128904019431,"f"
4281,-1.30557494446899,18.0529064102141,0.155135797316274,"f"
4282,-1.30545120028686,18.0548975985888,0.155142665005654,"f"
4283,-1.3053280654913,18.0568893215654,0.155149507062705,"f"
4284,-1.30520554071138,18.0588815805336,0.155156323462562,"f"
4285,-1.30508362657619,18.0608743768834,0.155163114180358,"f"
4286,-1.30496232371478,18.0628677120047,0.155169879191228,"f"
4287,-1.30484163275625,18.0648615872872,0.155176618470305,"f"
4288,-1.30472155432965,18.066856004121,0.155183331992723,"f"
4289,-1.30460208906406,18.0688509638958,0.155190019733616,"f"
4290,-1.30448323758856,18.0708464680016,0.155196681668118,"f"
4291,-1.30436500053222,18.0728425178282,0.155203317771362,"f"
4292,-1.30424737852411,18.0748391147655,0.155209928018484,"f"
4293,-1.30413037219331,18.0768362602033,0.155216512384616,"f"
4294,-1.30401398216888,18.0788339555316,0.155223070844892,"f"
4295,-1.30389820907991,18.0808322021402,0.155229603374447,"f"
4296,-1.30378305355546,18.082831001419,0.155236109948414,"f"
4297,-1.30366851622461,18.0848303547579,0.155242590541927,"f"
4298,-1.30355459771643,18.0868302635467,0.15524904513012,"f"
4299,-1.30344129865999,18.0888307291754,0.155255473688127,"f"
4300,-1.30332861968438,18.0908317530337,0.155261876191083,"f"
4301,-1.30321656141865,18.0928333365117,0.15526825261412,"f"
4302,-1.30310512449189,18.094835480999,0.155274602932372,"f"
4303,-1.30299430953316,18.0968381878857,0.155280927120974,"f"
4304,-1.30288411717154,18.0988414585616,0.15528722515506,"f"
4305,-1.30277454803611,18.1008452944166,0.155293497009763,"f"
4306,-1.30266560275594,18.1028496968405,0.155299742660218,"f"
4307,-1.30255728196009,18.1048546672233,0.155305962081557,"f"
4308,-1.30244958627765,18.1068602069547,0.155312155248916,"f"
4309,-1.30234251633769,18.1088663174247,0.155318322137427,"f"
4310,-1.30223607276928,18.1108730000232,0.155324462722226,"f"
4311,-1.30213025620148,18.11288025614,0.155330576978445,"f"
4312,-1.30202506726339,18.114888087165,0.155336664881219,"f"
4313,-1.30192050658406,18.1168964944881,0.155342726405682,"f"
4314,-1.30181657479258,18.1189054794991,0.155348761526967,"f"
4315,-1.30171327251801,18.120915043588,0.155354770220208,"f"
4316,-1.30161060038944,18.1229251881445,0.15536075246054,"f"
4317,-1.30150855903592,18.1249359145587,0.155366708223096,"f"
4318,-1.30140714908654,18.1269472242203,0.15537263748301,"f"
4319,-1.30130637117037,18.1289591185192,0.155378540215416,"f"
4320,-1.30120622591648,18.1309715988454,0.155384416395448,"f"
4321,-1.30110671395395,18.1329846665886,0.15539026599824,"f"
4322,-1.30100783591184,18.1349983231388,0.155396088998925,"f"
4323,-1.30090959241924,18.1370125698858,0.155401885372638,"f"
4324,-1.30081198410521,18.1390274082195,0.155407655094512,"f"
4325,-1.30071501159883,18.1410428395298,0.155413398139682,"f"
4326,-1.30061867552917,18.1430588652066,0.155419114483281,"f"
4327,-1.3005229765253,18.1450754866397,0.155424804100443,"f"
4328,-1.3004279152163,18.147092705219,0.155430466966303,"f"
4329,-1.30033349223125,18.1491105223344,0.155436103055993,"f"
4330,-1.3002397081992,18.1511289393757,0.155441712344648,"f"
4331,-1.30014656374925,18.1531479577329,0.155447294807402,"f"
4332,-1.30005405951045,18.1551675787958,0.155452850419389,"f"
4333,-1.29996219611189,18.1571878039543,0.155458379155743,"f"
4334,-1.29987097418264,18.1592086345983,0.155463880991596,"f"
4335,-1.29978039435177,18.1612300721176,0.155469355902085,"f"
4336,-1.29969045724835,18.1632521179021,0.155474803862341,"f"
4337,-1.29960116350145,18.1652747733417,0.1554802248475,"f"
4338,-1.29951251374016,18.1672980398262,0.155485618832694,"f"
4339,-1.29942450859354,18.1693219187456,0.155490985793059,"f"
4340,-1.29933714869066,18.1713464114897,0.155496325703728,"f"
4341,-1.29925043466061,18.1733715194485,0.155501638539834,"f"
4342,-1.29916436713245,18.1753972440116,0.155506924276512,"f"
4343,-1.29907894673525,18.1774235865691,0.155512182888896,"f"
4344,-1.29899417409809,18.1794505485109,0.155517414352119,"f"
4345,-1.29891004985005,18.1814781312267,0.155522618641316,"f"
4346,-1.29882657462019,18.1835063361065,0.15552779573162,"f"
4347,-1.29874374903759,18.1855351645401,0.155532945598165,"f"
4348,-1.29866157373132,18.1875646179175,0.155538068216085,"f"
4349,-1.29858004933046,18.1895946976284,0.155543163560514,"f"
4350,-1.29849917646408,18.1916254050628,0.155548231606586,"f"
4351,-1.29841895576124,18.1936567416106,0.155553272329435,"f"
4352,-1.29833938785103,18.1956887086616,0.155558285704194,"f"
4353,-1.29826047336253,18.1977213076057,0.155563271705998,"f"
4354,-1.29818221292479,18.1997545398327,0.155568230309981,"f"
4355,-1.29810460716689,18.2017884067326,0.155573161491276,"f"
4356,-1.29802765671792,18.2038229096952,0.155578065225017,"f"
4357,-1.29795136220693,18.2058580501104,0.155582941486339,"f"
4358,-1.29787572426301,18.2078938293681,0.155587790250374,"f"
4359,-1.29780074351523,18.2099302488582,0.155592611492258,"f"
4360,-1.29772642059265,18.2119673099704,0.155597405187123,"f"
4361,-1.29765275612436,18.2140050140948,0.155602171310104,"f"
4362,-1.29757975073943,18.2160433626211,0.155606909836335,"f"
4363,-1.29750740506693,18.2180823569393,0.15561162074095,"f"
4364,-1.29743571973593,18.2201219984393,0.155616303999082,"f"
4365,-1.29736469537551,18.2221622885108,0.155620959585865,"f"
4366,-1.29729433261474,18.2242032285438,0.155625587476434,"f"
4367,-1.29722463208269,18.2262448199281,0.155630187645922,"f"
4368,-1.29715559440844,18.2282870640537,0.155634760069463,"f"
4369,-1.29708722022106,18.2303299623104,0.155639304722191,"f"
4370,-1.29701951014962,18.232373516088,0.155643821579239,"f"
4371,-1.29695246482319,18.2344177267765,0.155648310615743,"f"
4372,-1.29688608487086,18.2364625957658,0.155652771806835,"f"
4373,-1.29682037092168,18.2385081244456,0.15565720512765,"f"
4374,-1.29675532360475,18.240554314206,0.155661610553322,"f"
4375,-1.29669094354912,18.2426011664366,0.155665988058984,"f"
4376,-1.29662723138387,18.2446486825276,0.15567033761977,"f"
4377,-1.29656418773808,18.2466968638686,0.155674659210814,"f"
4378,-1.29650181324082,18.2487457118496,0.15567895280725,"f"
4379,-1.29644010852116,18.2507952278605,0.155683218384213,"f"
4380,-1.29637907420817,18.2528454132911,0.155687455916835,"f"
4381,-1.29631871093094,18.2548962695313,0.155691665380251,"f"
4382,-1.29625901931852,18.256947797971,0.155695846749595,"f"
4383,-1.2962,18.259,0.1557,"f"
4384,-1.29614165351526,18.2610528764317,0.155704125112946,"f"
4385,-1.2960839800474,18.2631064257731,0.155708222095294,"f"
4386,-1.29602697969038,18.2651606459546,0.15571229096025,"f"
4387,-1.29597065253809,18.2672155349067,0.15571633172102,"f"
4388,-1.29591499868448,18.2692710905598,0.155720344390811,"f"
4389,-1.29586001822348,18.2713273108444,0.155724328982829,"f"
4390,-1.29580571124899,18.2733841936909,0.15572828551028,"f"
4391,-1.29575207785497,18.2754417370297,0.15573221398637,"f"
4392,-1.29569911813532,18.2774999387914,0.155736114424305,"f"
4393,-1.29564683218397,18.2795587969063,0.155739986837293,"f"
4394,-1.29559522009486,18.2816183093049,0.155743831238538,"f"
4395,-1.29554428196191,18.2836784739176,0.155747647641248,"f"
4396,-1.29549401787905,18.2857392886749,0.155751436058629,"f"
4397,-1.29544442794019,18.2878007515072,0.155755196503887,"f"
4398,-1.29539551223928,18.2898628603451,0.155758928990227,"f"
4399,-1.29534727087023,18.2919256131188,0.155762633530858,"f"
4400,-1.29529970392697,18.2939890077589,0.155766310138984,"f"
4401,-1.29525281150343,18.2960530421958,0.155769958827811,"f"
4402,-1.29520659369354,18.29811771436,0.155773579610547,"f"
4403,-1.29516105059122,18.3001830221819,0.155777172500398,"f"
4404,-1.29511618229039,18.302248963592,0.155780737510569,"f"
4405,-1.29507198888499,18.3043155365206,0.155784274654268,"f"
4406,-1.29502847046893,18.3063827388983,0.155787783944699,"f"
4407,-1.29498562713616,18.3084505686555,0.155791265395071,"f"
4408,-1.29494345898059,18.3105190237226,0.155794719018588,"f"
4409,-1.29490196609615,18.3125881020301,0.155798144828457,"f"
4410,-1.29486114857676,18.3146578015084,0.155801542837884,"f"
4411,-1.29482100651636,18.316728120088,0.155804913060076,"f"
4412,-1.29478154000887,18.3187990556993,0.155808255508239,"f"
4413,-1.29474274914821,18.3208706062728,0.155811570195579,"f"
4414,-1.29470463402832,18.3229427697389,0.155814857135302,"f"
4415,-1.29466719474311,18.325015544028,0.155818116340615,"f"
4416,-1.29463043138653,18.3270889270707,0.155821347824724,"f"
4417,-1.29459434405248,18.3291629167973,0.155824551600835,"f"
4418,-1.2945589328349,18.3312375111383,0.155827727682155,"f"
4419,-1.29452419782771,18.3333127080241,0.155830876081889,"f"
4420,-1.29449013912485,18.3353885053852,0.155833996813244,"f"
4421,-1.29445675682024,18.3374649011521,0.155837089889427,"f"
4422,-1.2944240510078,18.3395418932551,0.155840155323643,"f"
4423,-1.29439202178146,18.3416194796247,0.155843193129098,"f"
4424,-1.29436066923514,18.3436976581915,0.155846203319,"f"
4425,-1.29432999346279,18.3457764268857,0.155849185906554,"f"
4426,-1.29429999455831,18.3478557836379,0.155852140904966,"f"
4427,-1.29427067261564,18.3499357263785,0.155855068327444,"f"
4428,-1.2942420277287,18.3520162530379,0.155857968187192,"f"
4429,-1.29421405999142,18.3540973615467,0.155860840497418,"f"
4430,-1.29418676949773,18.3561790498352,0.155863685271327,"f"
4431,-1.29416015634155,18.3582613158339,0.155866502522126,"f"
4432,-1.29413422061681,18.3603441574732,0.155869292263022,"f"
4433,-1.29410896241744,18.3624275726836,0.155872054507219,"f"
4434,-1.29408438183735,18.3645115593956,0.155874789267926,"f"
4435,-1.29406047897049,18.3665961155395,0.155877496558347,"f"
4436,-1.29403725391077,18.3686812390458,0.15588017639169,"f"
4437,-1.29401470675213,18.370766927845,0.155882828781159,"f"
4438,-1.29399283758848,18.3728531798675,0.155885453739963,"f"
4439,-1.29397164651375,18.3749399930437,0.155888051281307,"f"
4440,-1.29395113362188,18.3770273653042,0.155890621418396,"f"
4441,-1.29393129900679,18.3791152945793,0.155893164164439,"f"
4442,-1.2939121427624,18.3812037787995,0.15589567953264,"f"
4443,-1.29389366498264,18.3832928158953,0.155898167536206,"f"
4444,-1.29387586576144,18.385382403797,0.155900628188343,"f"
4445,-1.29385874519272,18.3874725404352,0.155903061502258,"f"
4446,-1.29384230337041,18.3895632237402,0.155905467491157,"f"
4447,-1.29382654038844,18.3916544516426,0.155907846168245,"f"
4448,-1.29381145634073,18.3937462220728,0.15591019754673,"f"
4449,-1.29379705132121,18.3958385329611,0.155912521639818,"f"
4450,-1.2937833254238,18.3979313822381,0.155914818460715,"f"
4451,-1.29377027874244,18.4000247678342,0.155917088022626,"f"
4452,-1.29375791137105,18.4021186876799,0.155919330338759,"f"
4453,-1.29374622340355,18.4042131397056,0.15592154542232,"f"
4454,-1.29373521493388,18.4063081218417,0.155923733286514,"f"
4455,-1.29372488605595,18.4084036320187,0.155925893944549,"f"
4456,-1.2937152368637,18.4104996681671,0.15592802740963,"f"
4457,-1.29370626745105,18.4125962282172,0.155930133694964,"f"
4458,-1.29369797791193,18.4146933100996,0.155932212813757,"f"
4459,-1.29369036834026,18.4167909117446,0.155934264779215,"f"
4460,-1.29368343882998,18.4188890310828,0.155936289604545,"f"
4461,-1.293677189475,18.4209876660445,0.155938287302952,"f"
4462,-1.29367162036926,18.4230868145602,0.155940257887644,"f"
4463,-1.29366673160667,18.4251864745604,0.155942201371825,"f"
4464,-1.29366252328117,18.4272866439755,0.155944117768704,"f"
4465,-1.29365899548669,18.429387320736,0.155946007091485,"f"
4466,-1.29365614831715,18.4314885027722,0.155947869353375,"f"
4467,-1.29365398186647,18.4335901880147,0.15594970456758,"f"
4468,-1.29365249622858,18.4356923743939,0.155951512747307,"f"
4469,-1.29365169149742,18.4377950598402,0.155953293905762,"f"
4470,-1.2936515677669,18.439898242284,0.155955048056151,"f"
4471,-1.29365212513095,18.4420019196559,0.15595677521168,"f"
4472,-1.2936533636835,18.4441060898863,0.155958475385556,"f"
4473,-1.29365528351848,18.4462107509056,0.155960148590985,"f"
4474,-1.29365788472981,18.4483159006443,0.155961794841173,"f"
4475,-1.29366116741142,18.4504215370327,0.155963414149327,"f"
4476,-1.29366513165723,18.4525276580014,0.155965006528652,"f"
4477,-1.29366977756117,18.4546342614808,0.155966571992355,"f"
4478,-1.29367510521717,18.4567413454014,0.155968110553643,"f"
4479,-1.29368111471916,18.4588489076936,0.15596962222572,"f"
4480,-1.29368780616105,18.4609569462877,0.155971107021795,"f"
4481,-1.29369517963679,18.4630654591144,0.155972564955073,"f"
4482,-1.29370323524028,18.465174444104,0.15597399603876,"f"
4483,-1.29371197306547,18.467283899187,0.155975400286062,"f"
4484,-1.29372139320627,18.4693938222938,0.155976777710187,"f"
4485,-1.29373149575662,18.4715042113549,0.155978128324339,"f"
4486,-1.29374228081044,18.4736150643006,0.155979452141726,"f"
4487,-1.29375374846165,18.4757263790616,0.155980749175553,"f"
4488,-1.29376589880418,18.4778381535681,0.155982019439027,"f"
4489,-1.29377873193197,18.4799503857507,0.155983262945354,"f"
4490,-1.29379224793893,18.4820630735398,0.155984479707741,"f"
4491,-1.29380644691899,18.4841762148658,0.155985669739393,"f"
4492,-1.29382132896608,18.4862898076592,0.155986833053518,"f"
4493,-1.29383689417413,18.4884038498505,0.15598796966332,"f"
4494,-1.29385314263705,18.49051833937,0.155989079582007,"f"
4495,-1.29387007444879,18.4926332741482,0.155990162822784,"f"
4496,-1.29388768970326,18.4947486521157,0.155991219398859,"f"
4497,-1.29390598849439,18.4968644712027,0.155992249323437,"f"
4498,-1.29392497091611,18.4989807293398,0.155993252609724,"f"
4499,-1.29394463706234,18.5010974244574,0.155994229270927,"f"
4500,-1.29396498702702,18.503214554486,0.155995179320252,"f"
4501,-1.29398602090406,18.5053321173559,0.155996102770905,"f"
4502,-1.29400773878739,18.5074501109977,0.155996999636093,"f"
4503,-1.29403014077094,18.5095685333418,0.155997869929021,"f"
4504,-1.29405322694864,18.5116873823187,0.155998713662897,"f"
4505,-1.29407699741442,18.5138066558587,0.155999530850926,"f"
4506,-1.29410145226219,18.5159263518924,0.156000321506315,"f"
4507,-1.29412659158589,18.5180464683501,0.156001085642269,"f"
4508,-1.29415241547944,18.5201670031623,0.156001823271996,"f"
4509,-1.29417892403677,18.5222879542596,0.156002534408701,"f"
4510,-1.2942061173518,18.5244093195722,0.15600321906559,"f"
4511,-1.29423399551847,18.5265310970307,0.156003877255871,"f"
4512,-1.2942625586307,18.5286532845655,0.156004508992749,"f"
4513,-1.29429180678241,18.530775880107,0.15600511428943,"f"
4514,-1.29432174006753,18.5328988815857,0.156005693159121,"f"
4515,-1.29435235857999,18.5350222869321,0.156006245615027,"f"
4516,-1.29438366241371,18.5371460940766,0.156006771670356,"f"
4517,-1.29441565166263,18.5392703009496,0.156007271338314,"f"
4518,-1.29444832642066,18.5413949054816,0.156007744632106,"f"
4519,-1.29448168678174,18.543519905603,0.156008191564939,"f"
4520,-1.29451573283978,18.5456452992443,0.15600861215002,"f"
4521,-1.29455046468872,18.5477710843359,0.156009006400554,"f"
4522,-1.29458588242249,18.5498972588082,0.156009374329748,"f"
4523,-1.29462198613501,18.5520238205918,0.156009715950808,"f"
4524,-1.2946587759202,18.554150767617,0.15601003127694,"f"
4525,-1.29469625187199,18.5562780978144,0.156010320321351,"f"
4526,-1.29473441408432,18.5584058091142,0.156010583097247,"f"
4527,-1.2947732626511,18.5605338994471,0.156010819617834,"f"
4528,-1.29481279766626,18.5626623667434,0.156011029896318,"f"
4529,-1.29485301922373,18.5647912089336,0.156011213945906,"f"
4530,-1.29489392741744,18.5669204239481,0.156011371779804,"f"
4531,-1.29493552234131,18.5690500097174,0.156011503411218,"f"
4532,-1.29497780408926,18.5711799641719,0.156011608853354,"f"
4533,-1.29502077275523,18.5733102852421,0.156011688119419,"f"
4534,-1.29506442843314,18.5754409708584,0.156011741222619,"f"
4535,-1.29510877121692,18.5775720189513,0.156011768176161,"f"
4536,-1.2951538012005,18.5797034274511,0.15601176899325,"f"
4537,-1.29519951847779,18.5818351942884,0.156011743687092,"f"
4538,-1.29524592314273,18.5839673173936,0.156011692270895,"f"
4539,-1.29529301528925,18.5860997946972,0.156011614757863,"f"
4540,-1.29534079501126,18.5882326241295,0.156011511161205,"f"
4541,-1.2953892624027,18.5903658036211,0.156011381494125,"f"
4542,-1.2954384175575,18.5924993311024,0.15601122576983,"f"
4543,-1.29548826056957,18.5946332045037,0.156011044001527,"f"
4544,-1.29553879153285,18.5967674217557,0.156010836202421,"f"
4545,-1.29559001054126,18.5989019807887,0.156010602385719,"f"
4546,-1.29564191768874,18.6010368795331,0.156010342564627,"f"
4547,-1.29569451306919,18.6031721159194,0.156010056752352,"f"
4548,-1.29574779677656,18.6053076878781,0.156009744962099,"f"
4549,-1.29580176890477,18.6074435933396,0.156009407207075,"f"
4550,-1.29585642954774,18.6095798302344,0.156009043500486,"f"
4551,-1.29591177879941,18.6117163964928,0.156008653855539,"f"
4552,-1.29596781675369,18.6138532900454,0.156008238285439,"f"
4553,-1.29602454350451,18.6159905088226,0.156007796803394,"f"
4554,-1.29608195914581,18.6181280507548,0.156007329422608,"f"
4555,-1.29614006377151,18.6202659137724,0.156006836156289,"f"
4556,-1.29619885747552,18.622404095806,0.156006317017643,"f"
4557,-1.29625834035179,18.624542594786,0.156005772019876,"f"
4558,-1.29631851249424,18.6266814086428,0.156005201176194,"f"
4559,-1.29637937399679,18.6288205353068,0.156004604499804,"f"
4560,-1.29644092495337,18.6309599727086,0.156003982003911,"f"
4561,-1.2965031654579,18.6330997187785,0.156003333701723,"f"
4562,-1.29656609560432,18.6352397714469,0.156002659606445,"f"
4563,-1.29662971548655,18.6373801286445,0.156001959731283,"f"
4564,-1.29669402519851,18.6395207883015,0.156001234089444,"f"
4565,-1.29675902483414,18.6416617483485,0.156000482694135,"f"
4566,-1.29682471448462,18.643803006708,0.155999705558199,"f"
4567,-1.29689109411749,18.6459445609471,0.155998902678093,"f"
4568,-1.29695816352867,18.6480864081398,0.155998074027532,"f"
4569,-1.29702592250143,18.6502285453237,0.155997219578558,"f"
4570,-1.29709437081907,18.6523709695362,0.155996339303212,"f"
4571,-1.29716350826487,18.6545136778149,0.155995433173535,"f"
4572,-1.2972333346221,18.6566566671975,0.155994501161568,"f"
4573,-1.29730384967406,18.6587999347214,0.155993543239352,"f"
4574,-1.29737505320402,18.6609434774243,0.155992559378928,"f"
4575,-1.29744694499528,18.6630872923437,0.155991549552336,"f"
4576,-1.2975195248311,18.6652313765171,0.155990513731619,"f"
4577,-1.29759279249478,18.6673757269821,0.155989451888818,"f"
4578,-1.2976667477696,18.6695203407764,0.155988363995972,"f"
4579,-1.29774139043884,18.6716652149373,0.155987250025124,"f"
4580,-1.29781672028579,18.6738103465026,0.155986109948314,"f"
4581,-1.29789273709372,18.6759557325098,0.155984943737583,"f"
4582,-1.29796944064592,18.6781013699963,0.155983751364973,"f"
4583,-1.29804683072568,18.6802472559999,0.155982532802524,"f"
4584,-1.29812490711628,18.682393387558,0.155981288022277,"f"
4585,-1.29820366960099,18.6845397617083,0.155980016996275,"f"
4586,-1.29828311796311,18.6866863754882,0.155978719696556,"f"
4587,-1.29836325198591,18.6888332259354,0.155977396095164,"f"
4588,-1.29844407145269,18.6909803100874,0.155976046164138,"f"
4589,-1.29852557614672,18.6931276249817,0.15597466987552,"f"
4590,-1.29860776585128,18.695275167656,0.15597326720135,"f"
4591,-1.29869064034966,18.6974229351477,0.155971838113671,"f"
4592,-1.29877419942515,18.6995709244946,0.155970382584522,"f"
4593,-1.29885844286102,18.701719132734,0.155968900585945,"f"
4594,-1.29894337044056,18.7038675569036,0.155967392089982,"f"
4595,-1.29902898194705,18.706016194041,0.155965857068672,"f"
4596,-1.29911527716377,18.7081650411837,0.155964295494057,"f"
4597,-1.29920225587401,18.7103140953692,0.155962707338178,"f"
4598,-1.29928991786106,18.7124633536352,0.155961092573077,"f"
4599,-1.29937826290818,18.7146128130191,0.155959451170794,"f"
4600,-1.29946729079868,18.7167624705586,0.15595778310337,"f"
4601,-1.29955700131582,18.7189123232913,0.155956088342846,"f"
4602,-1.2996473942429,18.7210623682546,0.155954366861264,"f"
4603,-1.2997384693632,18.7232126024861,0.155952618630664,"f"
4604,-1.29983022645999,18.7253630230235,0.155950843623087,"f"
4605,-1.29992266531657,18.7275136269042,0.155949041810575,"f"
4606,-1.30001578571621,18.7296644111659,0.155947213165169,"f"
4607,-1.3001095874422,18.731815372846,0.155945357658909,"f"
4608,-1.30020407027783,18.7339665089822,0.155943475263837,"f"
4609,-1.30029923400637,18.7361178166121,0.155941565951993,"f"
4610,-1.3003950784111,18.738269292773,0.155939629695419,"f"
4611,-1.30049160327532,18.7404209345028,0.155937666466156,"f"
4612,-1.30058880838231,18.7425727388388,0.155935676236245,"f"
4613,-1.30068669351534,18.7447247028187,0.155933658977727,"f"
4614,-1.3007852584577,18.7468768234801,0.155931614662642,"f"
4615,-1.30088450299268,18.7490290978604,0.155929543263033,"f"
4616,-1.30098442690356,18.7511815229973,0.155927444750939,"f"
4617,-1.30108502997361,18.7533340959283,0.155925319098403,"f"
4618,-1.30118631198613,18.755486813691,0.155923166277464,"f"
4619,-1.30128827272439,18.7576396733229,0.155920986260165,"f"
4620,-1.30139091197169,18.7597926718616,0.155918779018546,"f"
4621,-1.30149422951129,18.7619458063447,0.155916544524649,"f"
4622,-1.3015982251265,18.7640990738097,0.155914282750513,"f"
4623,-1.30170289860058,18.7662524712942,0.155911993668181,"f"
4624,-1.30180824971682,18.7684059958357,0.155909677249693,"f"
4625,-1.30191427825851,18.7705596444719,0.155907333467091,"f"
4626,-1.30202098400893,18.7727134142403,0.155904962292415,"f"
4627,-1.30212836675136,18.7748673021783,0.155902563697707,"f"
4628,-1.30223642626909,18.7770213053237,0.155900137655007,"f"
4629,-1.30234516234539,18.779175420714,0.155897684136357,"f"
4630,-1.30245457476355,18.7813296453867,0.155895203113798,"f"
4631,-1.30256466330686,18.7834839763793,0.15589269455937,"f"
4632,-1.30267542775859,18.7856384107296,0.155890158445116,"f"
4633,-1.30278686790204,18.7877929454749,0.155887594743075,"f"
4634,-1.30289898352048,18.7899475776529,0.155885003425288,"f"
4635,-1.30301177439719,18.7921023043012,0.155882384463798,"f"
4636,-1.30312524031547,18.7942571224572,0.155879737830645,"f"
4637,-1.30323938105858,18.7964120291586,0.155877063497869,"f"
4638,-1.30335419640983,18.798567021443,0.155874361437513,"f"
4639,-1.30346968615248,18.8007220963478,0.155871631621617,"f"
4640,-1.30358585006982,18.8028772509107,0.155868874022222,"f"
4641,-1.30370268794514,18.8050324821692,0.155866088611369,"f"
4642,-1.30382019956172,18.8071877871609,0.1558632753611,"f"
4643,-1.30393838470284,18.8093431629233,0.155860434243454,"f"
4644,-1.30405724315179,18.811498606494,0.155857565230475,"f"
4645,-1.30417677469184,18.8136541149106,0.155854668294201,"f"
4646,-1.30429697910628,18.8158096852106,0.155851743406675,"f"
4647,-1.3044178561784,18.8179653144316,0.155848790539937,"f"
4648,-1.30453940569147,18.8201209996111,0.155845809666029,"f"
4649,-1.30466162742879,18.8222767377868,0.155842800756992,"f"
4650,-1.30478452117363,18.8244325259961,0.155839763784866,"f"
4651,-1.30490808670927,18.8265883612767,0.155836698721693,"f"
4652,-1.30503232381901,18.828744240666,0.155833605539513,"f"
4653,-1.30515723228611,18.8309001612018,0.155830484210368,"f"
4654,-1.30528281189388,18.8330561199214,0.155827334706299,"f"
4655,-1.30540906242558,18.8352121138626,0.155824156999347,"f"
4656,-1.30553598366451,18.8373681400628,0.155820951061553,"f"
4657,-1.30566357539394,18.8395241955596,0.155817716864958,"f"
4658,-1.30579183739715,18.8416802773905,0.155814454381603,"f"
4659,-1.30592076945745,18.8438363825933,0.155811163583528,"f"
4660,-1.30605037135809,18.8459925082053,0.155807844442776,"f"
4661,-1.30618064288237,18.8481486512641,0.155804496931387,"f"
4662,-1.30631158381358,18.8503048088074,0.155801121021403,"f"
4663,-1.30644319393498,18.8524609778727,0.155797716684863,"f"
4664,-1.30657547302988,18.8546171554976,0.15579428389381,"f"
4665,-1.30670842088155,18.8567733387195,0.155790822620284,"f"
4666,-1.30684203727326,18.8589295245761,0.155787332836327,"f"
4667,-1.30697632198832,18.861085710105,0.155783814513979,"f"
4668,-1.30711127481,18.8632418923437,0.155780267625281,"f"
4669,-1.30724689552157,18.8653980683297,0.155776692142275,"f"
4670,-1.30738318390634,18.8675542351006,0.155773088037001,"f"
4671,-1.30752013974757,18.869710389694,0.155769455281502,"f"
4672,-1.30765776282856,18.8718665291475,0.155765793847816,"f"
4673,-1.30779605293258,18.8740226504986,0.155762103707987,"f"
4674,-1.30793500984292,18.8761787507849,0.155758384834054,"f"
4675,-1.30807463334286,18.8783348270439,0.155754637198059,"f"
4676,-1.30821492321568,18.8804908763131,0.155750860772043,"f"
4677,-1.30835587924468,18.8826468956303,0.155747055528047,"f"
4678,-1.30849750121312,18.8848028820329,0.155743221438112,"f"
4679,-1.3086397889043,18.8869588325584,0.155739358474278,"f"
4680,-1.3087827421015,18.8891147442445,0.155735466608588,"f"
4681,-1.30892636058799,18.8912706141288,0.155731545813082,"f"
4682,-1.30907064414707,18.8934264392486,0.155727596059801,"f"
4683,-1.30921559256202,18.8955822166418,0.155723617320787,"f"
4684,-1.30936120561611,18.8977379433457,0.155719609568079,"f"
4685,-1.30950748309264,18.899893616398,0.15571557277372,"f"
4686,-1.30965442477489,18.9020492328362,0.15571150690975,"f"
4687,-1.30980203044613,18.9042047896979,0.15570741194821,"f"
4688,-1.30995029988966,18.9063602840206,0.155703287861142,"f"
4689,-1.31009923288875,18.9085157128419,0.155699134620586,"f"
4690,-1.31024882922669,18.9106710731995,0.155694952198584,"f"
4691,-1.31039908868676,18.9128263621307,0.155690740567177,"f"
4692,-1.31055001105225,18.9149815766732,0.155686499698405,"f"
4693,-1.31070159610643,18.9171367138647,0.15568222956431,"f"
4694,-1.3108538436326,18.9192917707425,0.155677930136932,"f"
4695,-1.31100675341403,18.9214467443443,0.155673601388313,"f"
4696,-1.311160325234,18.9236016317076,0.155669243290494,"f"
4697,-1.31131455887581,18.9257564298701,0.155664855815516,"f"
4698,-1.31146945412273,18.9279111358692,0.15566043893542,"f"
4699,-1.31162501075805,18.9300657467426,0.155655992622246,"f"
4700,-1.31178122856505,18.9322202595278,0.155651516848037,"f"
4701,-1.31193810732701,18.9343746712623,0.155647011584833,"f"
4702,-1.31209564682721,18.9365289789837,0.155642476804674,"f"
4703,-1.31225384684895,18.9386831797297,0.155637912479603,"f"
4704,-1.31241270717549,18.9408372705376,0.15563331858166,"f"
4705,-1.31257222759014,18.9429912484452,0.155628695082887,"f"
4706,-1.31273240787616,18.94514511049,0.155624041955323,"f"
4707,-1.31289324781684,18.9472988537094,0.155619359171011,"f"
4708,-1.31305474719547,18.9494524751412,0.155614646701992,"f"
4709,-1.31321690579532,18.9516059718229,0.155609904520305,"f"
4710,-1.31337972339969,18.9537593407919,0.155605132597993,"f"
4711,-1.31354319979185,18.9559125790859,0.155600330907097,"f"
4712,-1.31370733475509,18.9580656837425,0.155595499419657,"f"
4713,-1.31387212807269,18.9602186517992,0.155590638107715,"f"
4714,-1.31403757952793,18.9623714802936,0.155585746943312,"f"
4715,-1.3142036889041,18.9645241662631,0.155580825898488,"f"
4716,-1.31437045598447,18.9666767067455,0.155575874945285,"f"
4717,-1.31453788055235,18.9688290987783,0.155570894055744,"f"
4718,-1.31470596239099,18.9709813393989,0.155565883201905,"f"
4719,-1.3148747012837,18.9731334256451,0.155560842355811,"f"
4720,-1.31504409701375,18.9752853545542,0.155555771489501,"f"
4721,-1.31521414936442,18.977437123164,0.155550670575018,"f"
4722,-1.315384858119,18.979588728512,0.155545539584401,"f"
4723,-1.31555622306078,18.9817401676357,0.155540378489693,"f"
4724,-1.31572824397303,18.9838914375727,0.155535187262934,"f"
4725,-1.31590092063903,18.9860425353605,0.155529965876164,"f"
4726,-1.31607425284208,18.9881934580368,0.155524714301426,"f"
4727,-1.31624824036545,18.990344202639,0.155519432510761,"f"
4728,-1.31642288299243,18.9924947662048,0.155514120476208,"f"
4729,-1.3165981805063,18.9946451457717,0.155508778169811,"f"
4730,-1.31677413269034,18.9967953383772,0.155503405563608,"f"
4731,-1.31695073932784,18.998945341059,0.155498002629642,"f"
4732,-1.31712800020208,19.0010951508546,0.155492569339953,"f"
4733,-1.31730591509634,19.0032447648015,0.155487105666583,"f"
4734,-1.31748448379391,19.0053941799374,0.155481611581573,"f"
4735,-1.31766370607807,19.0075433932997,0.155476087056963,"f"
4736,-1.3178435817321,19.0096924019261,0.155470532064795,"f"
4737,-1.31802411053929,19.011841202854,0.15546494657711,"f"
4738,-1.31820529228291,19.0139897931212,0.155459330565948,"f"
4739,-1.31838712674625,19.016138169765,0.155453684003352,"f"
4740,-1.3185696137126,19.0182863298232,0.155448006861361,"f"
4741,-1.31875275296524,19.0204342703332,0.155442299112017,"f"
4742,-1.31893654428745,19.0225819883327,0.155436560727361,"f"
4743,-1.31912098746251,19.0247294808591,0.155430791679434,"f"
4744,-1.31930608227372,19.02687674495,0.155424991940277,"f"
4745,-1.31949182850434,19.0290237776431,0.155419161481932,"f"
4746,-1.31967822593766,19.0311705759758,0.155413300276438,"f"
4747,-1.31986527435697,19.0333171369858,0.155407408295838,"f"
4748,-1.32005297354555,19.0354634577105,0.155401485512172,"f"
4749,-1.32024132324545,19.0376095351972,0.155395531906382,"f"
4750,-1.32043032283981,19.0397553665756,0.15538954753688,"f"
4751,-1.32061997152697,19.0419009490185,0.155383532501964,"f"
4752,-1.32081026850374,19.0440462796989,0.155377486900266,"f"
4753,-1.32100121296696,19.0461913557897,0.155371410830414,"f"
4754,-1.32119280411342,19.0483361744639,0.155365304391038,"f"
4755,-1.32138504113996,19.0504807328944,0.155359167680767,"f"
4756,-1.32157792324337,19.0526250282543,0.155353000798231,"f"
4757,-1.32177144962049,19.0547690577166,0.15534680384206,"f"
4758,-1.32196561946813,19.0569128184542,0.155340576910883,"f"
4759,-1.3221604319831,19.0590563076401,0.15533432010333,"f"
4760,-1.32235588636222,19.0611995224473,0.15532803351803,"f"
4761,-1.3225519818023,19.0633424600488,0.155321717253613,"f"
4762,-1.32274871750017,19.0654851176175,0.155315371408708,"f"
4763,-1.32294609265264,19.0676274923264,0.155308996081945,"f"
4764,-1.32314410645652,19.0697695813486,0.155302591371953,"f"
4765,-1.32334275810864,19.0719113818569,0.155296157377362,"f"
4766,-1.3235420468058,19.0740528910244,0.155289694196802,"f"
4767,-1.32374197174483,19.0761941060241,0.155283201928902,"f"
4768,-1.32394253212254,19.0783350240288,0.155276680672291,"f"
4769,-1.32414372713575,19.0804756422117,0.155270130525599,"f"
4770,-1.32434555598128,19.0826159577457,0.155263551587456,"f"
4771,-1.32454801785593,19.0847559678038,0.155256943956492,"f"
4772,-1.32475111195653,19.0868956695589,0.155250307731335,"f"
4773,-1.3249548374799,19.0890350601841,0.155243643010615,"f"
4774,-1.32515919362284,19.0911741368523,0.155236949892963,"f"
4775,-1.32536417958218,19.0933128967364,0.155230228477006,"f"
4776,-1.32556979455474,19.0954513370096,0.155223478861376,"f"
4777,-1.32577603773732,19.0975894548447,0.155216701144701,"f"
4778,-1.32598290832675,19.0997272474148,0.155209895425612,"f"
4779,-1.32619040551984,19.1018647118927,0.155203061802737,"f"
4780,-1.32639852851341,19.1040018454516,0.155196200374706,"f"
4781,-1.32660727650427,19.1061386452643,0.155189311240149,"f"
4782,-1.32681664868924,19.108275108504,0.155182394497695,"f"
4783,-1.32702664426515,19.1104112323434,0.155175450245973,"f"
4784,-1.32723726242879,19.1125470139557,0.155168478583614,"f"
4785,-1.327448502377,19.1146824505138,0.155161479609248,"f"
4786,-1.32766036330658,19.1168175391906,0.155154453421502,"f"
4787,-1.32787284441436,19.1189522771593,0.155147400119008,"f"
4788,-1.32808594489715,19.1210866615926,0.155140319800394,"f"
4789,-1.32829966395176,19.1232206896637,0.15513321256429,"f"
4790,-1.32851400077501,19.1253543585456,0.155126078509325,"f"
4791,-1.32872895456373,19.1274876654111,0.15511891773413,"f"
4792,-1.32894452451472,19.1296206074332,0.155111730337334,"f"
4793,-1.3291607098248,19.131753181785,0.155104516417566,"f"
4794,-1.32937750969079,19.1338853856395,0.155097276073456,"f"
4795,-1.3295949233095,19.1360172161695,0.155090009403633,"f"
4796,-1.32981294987776,19.1381486705482,0.155082716506727,"f"
4797,-1.33003158859237,19.1402797459484,0.155075397481367,"f"
4798,-1.33025083865016,19.1424104395432,0.155068052426184,"f"
4799,-1.33047069924793,19.1445407485055,0.155060681439806,"f"
4800,-1.33069116958251,19.1466706700083,0.155053284620863,"f"
4801,-1.33091224885072,19.1488002012246,0.155045862067984,"f"
4802,-1.33113393624937,19.1509293393274,0.1550384138798,"f"
4803,-1.33135623097527,19.1530580814897,0.15503094015494,"f"
4804,-1.33157913222524,19.1551864248844,0.155023440992033,"f"
4805,-1.3318026391961,19.1573143666845,0.155015916489709,"f"
4806,-1.33202675108467,19.159441904063,0.155008366746597,"f"
4807,-1.33225146708776,19.1615690341928,0.155000791861327,"f"
4808,-1.33247678640219,19.1636957542471,0.154993191932529,"f"
4809,-1.33270270822477,19.1658220613987,0.154985567058832,"f"
4810,-1.33292923175232,19.1679479528206,0.154977917338865,"f"
4811,-1.33315635618166,19.1700734256858,0.154970242871258,"f"
4812,-1.3333840807096,19.1721984771673,0.154962543754641,"f"
4813,-1.33361240453296,19.174323104438,0.154954820087644,"f"
4814,-1.33384132684856,19.176447304671,0.154947071968895,"f"
4815,-1.33407084685321,19.1785710750392,0.154939299497024,"f"
4816,-1.33430096374374,19.1806944127156,0.154931502770661,"f"
4817,-1.33453167671694,19.1828173148732,0.154923681888436,"f"
4818,-1.33476298496965,19.184939778685,0.154915836948977,"f"
4819,-1.33499488769868,19.1870618013239,0.154907968050915,"f"
4820,-1.33522738410084,19.189183379963,0.15490007529288,"f"
4821,-1.33546047337295,19.1913045117751,0.154892158773499,"f"
4822,-1.33569415471184,19.1934251939334,0.154884218591404,"f"
4823,-1.3359284273143,19.1955454236107,0.154876254845224,"f"
4824,-1.33616329037717,19.1976651979801,0.154868267633587,"f"
4825,-1.33639874309725,19.1997845142145,0.154860257055125,"f"
4826,-1.33663478467137,19.2019033694869,0.154852223208466,"f"
4827,-1.33687141429633,19.2040217609703,0.15484416619224,"f"
4828,-1.33710863116896,19.2061396858377,0.154836086105076,"f"
4829,-1.33734643448608,19.208257141262,0.154827983045604,"f"
4830,-1.33758482344449,19.2103741244163,0.154819857112454,"f"
4831,-1.33782379724102,19.2124906324734,0.154811708404255,"f"
4832,-1.33806335507248,19.2146066626065,0.154803537019636,"f"
4833,-1.33830349613569,19.2167222119885,0.154795343057227,"f"
4834,-1.33854421962746,19.2188372777923,0.154787126615659,"f"
4835,-1.33878552474462,19.2209518571909,0.154778887793559,"f"
4836,-1.33902741068397,19.2230659473574,0.154770626689559,"f"
4837,-1.33926987664234,19.2251795454647,0.154762343402286,"f"
4838,-1.33951292181654,19.2272926486857,0.154754038030372,"f"
4839,-1.33975654540338,19.2294052541935,0.154745710672445,"f"
4840,-1.34000074659968,19.2315173591611,0.154737361427135,"f"
4841,-1.34024552460227,19.2336289607614,0.154728990393071,"f"
4842,-1.34049087860795,19.2357400561673,0.154720597668884,"f"
4843,-1.34073680781355,19.237850642552,0.154712183353202,"f"
4844,-1.34098331141587,19.2399607170883,0.154703747544656,"f"
4845,-1.34123038861174,19.2420702769493,0.154695290341874,"f"
4846,-1.34147803859797,19.2441793193079,0.154686811843487,"f"
4847,-1.34172626057138,19.2462878413371,0.154678312148123,"f"
4848,-1.34197505372878,19.2483958402099,0.154669791354413,"f"
4849,-1.34222441726699,19.2505033130992,0.154661249560985,"f"
4850,-1.34247435038283,19.2526102571782,0.15465268686647,"f"
4851,-1.34272485227312,19.2547166696196,0.154644103369497,"f"
4852,-1.34297592213466,19.2568225475965,0.154635499168696,"f"
4853,-1.34322755916428,19.258927888282,0.154626874362696,"f"
4854,-1.3434797625588,19.2610326888489,0.154618229050126,"f"
4855,-1.34373253151502,19.2631369464702,0.154609563329617,"f"
4856,-1.34398586522977,19.265240658319,0.154600877299797,"f"
4857,-1.34423976289986,19.2673438215682,0.154592171059297,"f"
4858,-1.34449422372211,19.2694464333908,0.154583444706745,"f"
4859,-1.34474924689333,19.2715484909598,0.154574698340772,"f"
4860,-1.34500483161035,19.2736499914481,0.154565932060007,"f"
4861,-1.34526097706997,19.2757509320288,0.15455714596308,"f"
4862,-1.34551768246902,19.2778513098748,0.154548340148619,"f"
4863,-1.34577494700431,19.2799511221591,0.154539514715255,"f"
4864,-1.34603276987265,19.2820503660546,0.154530669761617,"f"
4865,-1.34629115027087,19.2841490387344,0.154521805386335,"f"
4866,-1.34655008739578,19.2862471373715,0.154512921688038,"f"
4867,-1.3468095804442,19.2883446591388,0.154504018765356,"f"
4868,-1.34706962861293,19.2904416012093,0.154495096716918,"f"
4869,-1.34733023109881,19.2925379607559,0.154486155641354,"f"
4870,-1.34759138709864,19.2946337349517,0.154477195637293,"f"
4871,-1.34785309580925,19.2967289209697,0.154468216803365,"f"
4872,-1.34811535642744,19.2988235159828,0.1544592192382,"f"
4873,-1.34837816815004,19.300917517164,0.154450203040427,"f"
4874,-1.34864153017386,19.3030109216863,0.154441168308676,"f"
4875,-1.34890544169571,19.3051037267226,0.154432115141575,"f"
4876,-1.34916990191242,19.307195929446,0.154423043637756,"f"
4877,-1.3494349100208,19.3092875270294,0.154413953895846,"f"
4878,-1.34970046521767,19.3113785166458,0.154404846014477,"f"
4879,-1.34996656669984,19.3134688954683,0.154395720092276,"f"
4880,-1.35023321366413,19.3155586606696,0.154386576227875,"f"
4881,-1.35050040530736,19.317647809423,0.154377414519902,"f"
4882,-1.35076814082633,19.3197363389012,0.154368235066987,"f"
4883,-1.35103641941788,19.3218242462774,0.15435903796776,"f"
4884,-1.35130524027881,19.3239115287245,0.154349823320849,"f"
4885,-1.35157460260595,19.3259981834154,0.154340591224886,"f"
4886,-1.3518445055961,19.3280842075232,0.154331341778498,"f"
4887,-1.35211494844609,19.3301695982208,0.154322075080316,"f"
4888,-1.35238593035273,19.3322543526813,0.15431279122897,"f"
4889,-1.35265745051283,19.3343384680775,0.154303490323088,"f"
4890,-1.35292950812322,19.3364219415825,0.154294172461301,"f"
4891,-1.35320210238071,19.3385047703693,0.154284837742237,"f"
4892,-1.35347523248212,19.3405869516108,0.154275486264527,"f"
4893,-1.35374889762426,19.34266848248,0.1542661181268,"f"
4894,-1.35402309700394,19.34474936015,0.154256733427686,"f"
4895,-1.354297829818,19.3468295817936,0.154247332265813,"f"
4896,-1.35457309526323,19.3489091445838,0.154237914739813,"f"
4897,-1.35484889253647,19.3509880456937,0.154228480948313,"f"
4898,-1.35512522083452,19.3530662822962,0.154219030989944,"f"
4899,-1.3554020793542,19.3551438515644,0.154209564963336,"f"
4900,-1.35567946729233,19.3572207506711,0.154200082967117,"f"
4901,-1.35595738384572,19.3592969767894,0.154190585099918,"f"
4902,-1.3562358282112,19.3613725270922,0.154181071460367,"f"
4903,-1.35651479958557,19.3634473987525,0.154171542147095,"f"
4904,-1.35679429716566,19.3655215889434,0.154161997258732,"f"
4905,-1.35707432014827,19.3675950948377,0.154152436893905,"f"
4906,-1.35735486773023,19.3696679136085,0.154142861151246,"f"
4907,-1.35763593910836,19.3717400424288,0.154133270129384,"f"
4908,-1.35791753347946,19.3738114784714,0.154123663926947,"f"
4909,-1.35819965004036,19.3758822189095,0.154114042642567,"f"
4910,-1.35848228798787,19.377952260916,0.154104406374872,"f"
4911,-1.35876544651881,19.3800216016639,0.154094755222491,"f"
4912,-1.35904912482999,19.3820902383261,0.154085089284055,"f"
4913,-1.35933332211824,19.3841581680756,0.154075408658193,"f"
4914,-1.35961803758036,19.3862253880854,0.154065713443535,"f"
4915,-1.35990327041318,19.3882918955286,0.154056003738709,"f"
4916,-1.36018901981351,19.390357687578,0.154046279642346,"f"
4917,-1.36047528497816,19.3924227614066,0.154036541253076,"f"
4918,-1.36076206510396,19.3944871141875,0.154026788669527,"f"
4919,-1.36104935938772,19.3965507430937,0.154017021990329,"f"
4920,-1.36133716702625,19.398613645298,0.154007241314112,"f"
4921,-1.36162548721638,19.4006758179735,0.153997446739505,"f"
4922,-1.36191431915491,19.4027372582931,0.153987638365138,"f"
4923,-1.36220366203867,19.4047979634299,0.153977816289641,"f"
4924,-1.36249351506448,19.4068579305568,0.153967980611642,"f"
4925,-1.36278387742914,19.4089171568468,0.153958131429772,"f"
4926,-1.36307474832947,19.4109756394729,0.15394826884266,"f"
4927,-1.3633661269623,19.4130333756081,0.153938392948936,"f"
4928,-1.36365801252443,19.4150903624253,0.153928503847229,"f"
4929,-1.36395040421269,19.4171465970975,0.153918601636169,"f"
4930,-1.36424330122389,19.4192020767977,0.153908686414385,"f"
4931,-1.36453670275468,19.4212567986987,0.153898758280451,"f"
4932,-1.36483060788473,19.4233107598236,0.153888817292901,"f"
4933,-1.36512501537046,19.4253639567824,0.153878863399642,"f"
4934,-1.36541992391295,19.4274163861142,0.153868896529639,"f"
4935,-1.36571533221328,19.429468044358,0.153858916611855,"f"
4936,-1.36601123897252,19.431518928053,0.153848923575254,"f"
4937,-1.36630764289176,19.4335690337383,0.153838917348802,"f"
4938,-1.36660454267207,19.4356183579531,0.153828897861461,"f"
4939,-1.36690193701453,19.4376668972363,0.153818865042197,"f"
4940,-1.36719982462021,19.4397146481272,0.153808818819973,"f"
4941,-1.36749820419019,19.4417616071648,0.153798759123753,"f"
4942,-1.36779707442556,19.4438077708883,0.153788685882501,"f"
4943,-1.36809643402738,19.4458531358368,0.153778599025182,"f"
4944,-1.36839628169673,19.4478976985493,0.15376849848076,"f"
4945,-1.3686966161347,19.4499414555651,0.153758384178198,"f"
4946,-1.36899743604236,19.4519844034232,0.153748256046461,"f"
4947,-1.36929874012079,19.4540265386627,0.153738114014514,"f"
4948,-1.36960052707106,19.4560678578227,0.153727958011319,"f"
4949,-1.36990279559425,19.4581083574424,0.153717787965842,"f"
4950,-1.37020554439144,19.4601480340609,0.153707603807047,"f"
4951,-1.37050877216371,19.4621868842172,0.153697405463896,"f"
4952,-1.37081247761214,19.4642249044506,0.153687192865356,"f"
4953,-1.37111665943779,19.4662620913,0.153676965940389,"f"
4954,-1.37142131634176,19.4682984413047,0.15366672461796,"f"
4955,-1.37172644702511,19.4703339510037,0.153656468827034,"f"
4956,-1.37203205018893,19.4723686169362,0.153646198496573,"f"
4957,-1.37233812453429,19.4744024356412,0.153635913555543,"f"
4958,-1.37264466876226,19.4764354036579,0.153625613932907,"f"
4959,-1.37295168157394,19.4784675175253,0.15361529955763,"f"
4960,-1.37325916167039,19.4804987737827,0.153604970358675,"f"
4961,-1.37356710775268,19.4825291689691,0.153594626265007,"f"
4962,-1.37387551852191,19.4845586996236,0.15358426720559,"f"
4963,-1.37418439267915,19.4865873622854,0.153573893109388,"f"
4964,-1.37449372892547,19.4886151534935,0.153563503905366,"f"
4965,-1.37480352596194,19.490642069787,0.153553099522486,"f"
4966,-1.37511378248966,19.4926681077052,0.153542679889714,"f"
4967,-1.3754244972097,19.494693263787,0.153532244936014,"f"
4968,-1.37573566882312,19.4967175345717,0.153521794590349,"f"
4969,-1.37604729603102,19.4987409165982,0.153511328781684,"f"
4970,-1.37635937753447,19.5007634064058,0.153500847438983,"f"
4971,-1.37667191203454,19.5027850005335,0.15349035049121,"f"
4972,-1.37698489823232,19.5048056955205,0.153479837867329,"f"
4973,-1.37729833482887,19.5068254879059,0.153469309496304,"f"
4974,-1.37761222052529,19.5088443742287,0.1534587653071,"f"
4975,-1.37792655402264,19.5108623510282,0.15344820522868,"f"
4976,-1.378241334022,19.5128794148433,0.15343762919001,"f"
4977,-1.37855655922445,19.5148955622133,0.153427037120051,"f"
4978,-1.37887222833108,19.5169107896772,0.15341642894777,"f"
4979,-1.37918834004294,19.5189250937742,0.15340580460213,"f"
4980,-1.37950489306113,19.5209384710433,0.153395164012095,"f"
4981,-1.37982188608672,19.5229509180237,0.153384507106629,"f"
4982,-1.38013931782079,19.5249624312545,0.153373833814697,"f"
4983,-1.38045718696441,19.5269730072748,0.153363144065262,"f"
4984,-1.38077549221867,19.5289826426237,0.153352437787289,"f"
4985,-1.38109423228463,19.5309913338403,0.153341714909742,"f"
4986,-1.38141340586338,19.5329990774638,0.153330975361584,"f"
4987,-1.381733011656,19.5350058700332,0.153320219071781,"f"
4988,-1.38205304836356,19.5370117080877,0.153309445969296,"f"
4989,-1.38237351468714,19.5390165881664,0.153298655983093,"f"
4990,-1.38269440932782,19.5410205068084,0.153287849042136,"f"
4991,-1.38301573098667,19.5430234605528,0.153277025075391,"f"
4992,-1.38333747836477,19.5450254459387,0.153266184011819,"f"
4993,-1.3836596501632,19.5470264595052,0.153255325780387,"f"
4994,-1.38398224508304,19.5490264977915,0.153244450310057,"f"
4995,-1.38430526182536,19.5510255573366,0.153233557529795,"f"
4996,-1.38462869909125,19.5530236346797,0.153222647368563,"f"
4997,-1.38495255558177,19.5550207263599,0.153211719755327,"f"
4998,-1.38527682999801,19.5570168289163,0.153200774619051,"f"
4999,-1.38560152104105,19.559011938888,0.153189811888698,"f"
5000,-1.38592662741196,19.5610060528142,0.153178831493232,"f"
5001,-1.38625214781181,19.5629991672338,0.153167833361619,"f"
5002,-1.38657808094169,19.5649912786861,0.153156817422821,"f"
5003,-1.38690442550268,19.5669823837102,0.153145783605803,"f"
5004,-1.38723118019585,19.5689724788452,0.15313473183953,"f"
5005,-1.38755834372227,19.5709615606302,0.153123662052965,"f"
5006,-1.38788591478303,19.5729496256042,0.153112574175072,"f"
5007,-1.38821389207921,19.5749366703065,0.153101468134815,"f"
5008,-1.38854227431188,19.5769226912761,0.15309034386116,"f"
5009,-1.38887106018211,19.5789076850522,0.153079201283069,"f"
5010,-1.38920024839099,19.5808916481738,0.153068040329507,"f"
5011,-1.3895298376396,19.58287457718,0.153056860929438,"f"
5012,-1.389859826629,19.5848564686101,0.153045663011827,"f"
5013,-1.39019021406028,19.5868373190031,0.153034446505636,"f"
5014,-1.39052099863452,19.588817124898,0.153023211339831,"f"
5015,-1.39085217905279,19.5907958828341,0.153011957443376,"f"
5016,-1.39118375401618,19.5927735893505,0.153000684745234,"f"
5017,-1.39151572222575,19.5947502409861,0.15298939317437,"f"
5018,-1.39184808238258,19.5967258342803,0.152978082659748,"f"
5019,-1.39218083318776,19.598700365772,0.152966753130332,"f"
5020,-1.39251397334236,19.6006738320004,0.152955404515086,"f"
5021,-1.39284750154746,19.6026462295046,0.152944036742975,"f"
5022,-1.39318141650413,19.6046175548237,0.152932649742962,"f"
5023,-1.39351571691345,19.6065878044968,0.152921243444011,"f"
5024,-1.39385040147651,19.6085569750631,0.152909817775087,"f"
5025,-1.39418546889437,19.6105250630617,0.152898372665154,"f"
5026,-1.39452091786812,19.6124920650316,0.152886908043176,"f"
5027,-1.39485674709882,19.614457977512,0.152875423838117,"f"
5028,-1.39519295528757,19.6164227970419,0.152863919978941,"f"
5029,-1.39552954113544,19.6183865201606,0.152852396394612,"f"
5030,-1.3958665033435,19.6203491434071,0.152840853014095,"f"
5031,-1.39620384061283,19.6223106633206,0.152829289766353,"f"
5032,-1.39654155164452,19.62427107644,0.152817706580351,"f"
5033,-1.39687963513963,19.6262303793047,0.152806103385053,"f"
5034,-1.39721808979924,19.6281885684536,0.152794480109422,"f"
5035,-1.39755691432444,19.6301456404259,0.152782836682424,"f"
5036,-1.39789610741629,19.6321015917607,0.152771173033022,"f"
5037,-1.39823566777588,19.6340564189971,0.15275948909018,"f"
5038,-1.39857559410429,19.6360101186743,0.152747784782862,"f"
5039,-1.39891588510259,19.6379626873312,0.152736060040033,"f"
5040,-1.39925653947185,19.6399141215072,0.152724314790657,"f"
5041,-1.39959755591317,19.6418644177411,0.152712548963698,"f"
5042,-1.3999389331276,19.6438135725723,0.152700762488119,"f"
5043,-1.40028066981624,19.6457615825398,0.152688955292886,"f"
5044,-1.40062276468016,19.6477084441826,0.152677127306961,"f"
5045,-1.40096521642043,19.64965415404,0.15266527845931,"f"
5046,-1.40130802373814,19.651598708651,0.152653408678897,"f"
5047,-1.40165118533436,19.6535421045548,0.152641517894684,"f"
5048,-1.40199469991016,19.6554843382904,0.152629606035638,"f"
5049,-1.40233856616664,19.6574254063969,0.152617673030721,"f"
5050,-1.40268278280485,19.6593653054136,0.152605718808899,"f"
5051,-1.40302734852589,19.6613040318795,0.152593743299134,"f"
5052,-1.40337226203082,19.6632415823336,0.152581746430391,"f"
5053,-1.40371752202073,19.6651779533152,0.152569728131635,"f"
5054,-1.4040631271967,19.6671131413633,0.152557688331829,"f"
5055,-1.40440907625979,19.6690471430171,0.152545626959938,"f"
5056,-1.4047553679111,19.6709799548156,0.152533543944925,"f"
5057,-1.40510200085169,19.672911573298,0.152521439215756,"f"
5058,-1.40544897378264,19.6748419950034,0.152509312701393,"f"
5059,-1.40579628540503,19.6767712164709,0.152497164330801,"f"
5060,-1.40614393441994,19.6786992342396,0.152484994032944,"f"
5061,-1.40649191952844,19.6806260448487,0.152472801736787,"f"
5062,-1.40684023943162,19.6825516448371,0.152460587371293,"f"
5063,-1.40718889283055,19.6844760307442,0.152448350865426,"f"
5064,-1.4075378784263,19.6863991991089,0.152436092148151,"f"
5065,-1.40788719491996,19.6883211464703,0.152423811148432,"f"
5066,-1.40823684101261,19.6902418693677,0.152411507795233,"f"
5067,-1.40858681540531,19.6921613643401,0.152399182017518,"f"
5068,-1.40893711679915,19.6940796279266,0.152386833744251,"f"
5069,-1.4092877438952,19.6959966566663,0.152374462904397,"f"
5070,-1.40963869539455,19.6979124470984,0.152362069426918,"f"
5071,-1.40998996999827,19.6998269957619,0.152349653240781,"f"
5072,-1.41034156640743,19.701740299196,0.152337214274948,"f"
5073,-1.41069348332312,19.7036523539398,0.152324752458383,"f"
5074,-1.41104571944641,19.7055631565324,0.152312267720052,"f"
5075,-1.41139827347838,19.7074727035129,0.152299759988918,"f"
5076,-1.4117511441201,19.7093809914204,0.152287229193945,"f"
5077,-1.41210433007266,19.711288016794,0.152274675264097,"f"
5078,-1.41245783003713,19.7131937761729,0.152262098128339,"f"
5079,-1.4128116427146,19.7150982660962,0.152249497715634,"f"
5080,-1.41316576680612,19.717001483103,0.152236873954947,"f"
5081,-1.41352020101279,19.7189034237323,0.152224226775241,"f"
5082,-1.41387494403569,19.7208040845233,0.152211556105482,"f"
5083,-1.41422999457588,19.7227034620152,0.152198861874632,"f"
5084,-1.41458535133445,19.724601552747,0.152186144011657,"f"
5085,-1.41494101301247,19.7264983532578,0.15217340244552,"f"
5086,-1.41529697831102,19.7283938600868,0.152160637105185,"f"
5087,-1.41565324593119,19.7302880697731,0.152147847919617,"f"
5088,-1.41600981457403,19.7321809788557,0.15213503481778,"f"
5089,-1.41636668294065,19.7340725838738,0.152122197728637,"f"
5090,-1.4167238497321,19.7359628813666,0.152109336581154,"f"
5091,-1.41708131364947,19.737851867873,0.152096451304293,"f"
5092,-1.41743907339384,19.7397395399323,0.152083541827019,"f"
5093,-1.41779712766628,19.7416258940836,0.152070608078297,"f"
5094,-1.41815547516787,19.7435109268659,0.15205764998709,"f"
5095,-1.41851411459969,19.7453946348183,0.152044667482363,"f"
5096,-1.41887304466281,19.7472770144801,0.15203166049308,"f"
5097,-1.41923226405832,19.7491580623903,0.152018628948204,"f"
5098,-1.41959177148729,19.751037775088,0.1520055727767,"f"
5099,-1.41995156565079,19.7529161491123,0.151992491907532,"f"
5100,-1.42031164524991,19.7547931810023,0.151979386269664,"f"
5101,-1.42067200898573,19.7566688672972,0.151966255792061,"f"
5102,-1.42103265555931,19.7585432045361,0.151953100403686,"f"
5103,-1.42139358367174,19.760416189258,0.151939920033504,"f"
5104,-1.4217547920241,19.7622878180022,0.151926714610478,"f"
5105,-1.42211627931746,19.7641580873076,0.151913484063573,"f"
5106,-1.4224780442529,19.7660269937135,0.151900228321753,"f"
5107,-1.4228400855315,19.7678945337589,0.151886947313982,"f"
5108,-1.42320240185433,19.7697607039829,0.151873640969224,"f"
5109,-1.42356499192247,19.7716255009247,0.151860309216443,"f"
5110,-1.42392785443701,19.7734889211234,0.151846951984604,"f"
5111,-1.42429098809901,19.775350961118,0.15183356920267,"f"
5112,-1.42465439160955,19.7772116174478,0.151820160799606,"f"
5113,-1.42501806366972,19.7790708866517,0.151806726704376,"f"
5114,-1.42538200297871,19.7809287653395,0.151793266851289,"f"
5115,-1.42574620819245,19.7827852517429,0.151779781297583,"f"
5116,-1.42611067792361,19.7846403457154,0.151766270223428,"f"
5117,-1.42647541078298,19.7864940471815,0.151752733814338,"f"
5118,-1.42684040538136,19.7883463560653,0.151739172255827,"f"
5119,-1.42720566032953,19.7901972722911,0.151725585733408,"f"
5120,-1.42757117423828,19.7920467957831,0.151711974432597,"f"
5121,-1.4279369457184,19.7938949264655,0.151698338538906,"f"
5122,-1.42830297338068,19.7957416642626,0.151684678237849,"f"
5123,-1.42866925583592,19.7975870090987,0.151670993714941,"f"
5124,-1.42903579169489,19.799430960898,0.151657285155696,"f"
5125,-1.4294025795684,19.8012735195847,0.151643552745627,"f"
5126,-1.42976961806723,19.8031146850831,0.151629796670249,"f"
5127,-1.43013690580217,19.8049544573174,0.151616017115075,"f"
5128,-1.43050444138401,19.8067928362119,0.151602214265619,"f"
5129,-1.43087222342354,19.8086298216907,0.151588388307396,"f"
5130,-1.43124025053155,19.8104654136782,0.151574539425918,"f"
5131,-1.43160852131883,19.8122996120986,0.151560667806701,"f"
5132,-1.43197703439617,19.8141324168762,0.151546773635259,"f"
5133,-1.43234578837436,19.8159638279351,0.151532857097104,"f"
5134,-1.43271478186418,19.8177938451996,0.151518918377751,"f"
5135,-1.43308401347644,19.819622468594,0.151504957662715,"f"
5136,-1.43345348182192,19.8214496980425,0.151490975137508,"f"
5137,-1.4338231855114,19.8232755334693,0.151476970987645,"f"
5138,-1.43419312315568,19.8250999747987,0.15146294539864,"f"
5139,-1.43456329336555,19.826923021955,0.151448898556007,"f"
5140,-1.4349336947518,19.8287446748623,0.15143483064526,"f"
5141,-1.43530432592522,19.8305649334449,0.151420741851912,"f"
5142,-1.43567518549659,19.8323837976271,0.151406632361478,"f"
5143,-1.43604627207671,19.8342012673331,0.151392502359472,"f"
5144,-1.43641758427637,19.8360173424872,0.151378352031407,"f"
5145,-1.43678912070636,19.8378320230135,0.151364181562798,"f"
5146,-1.43716087997746,19.8396453088364,0.151349991139158,"f"
5147,-1.43753286070047,19.84145719988,0.151335780946002,"f"
5148,-1.43790506148617,19.8432676960687,0.151321551168843,"f"
5149,-1.43827748094536,19.8450767973266,0.151307301993196,"f"
5150,-1.43865011768883,19.8468845035781,0.151293033604574,"f"
5151,-1.43902297032736,19.8486908147472,0.151278746188491,"f"
5152,-1.43939603747175,19.8504957307584,0.151264439930461,"f"
5153,-1.43976931773278,19.8522992515358,0.151250115015999,"f"
5154,-1.44014280972125,19.8541013770037,0.151235771630617,"f"
5155,-1.44051651204795,19.8559021070863,0.151221409959831,"f"
5156,-1.44089042332365,19.8577014417078,0.151207030189153,"f"
5157,-1.44126454215916,19.8594993807926,0.151192632504099,"f"
5158,-1.44163886716527,19.8612959242648,0.151178217090182,"f"
5159,-1.44201339695276,19.8630910720487,0.151163784132915,"f"
5160,-1.44238813013243,19.8648848240685,0.151149333817813,"f"
5161,-1.44276306531505,19.8666771802485,0.15113486633039,"f"
5162,-1.44313820111144,19.8684681405129,0.15112038185616,"f"
5163,-1.44351353613236,19.870257704786,0.151105880580636,"f"
5164,-1.44388906898862,19.872045872992,0.151091362689333,"f"
5165,-1.444264798291,19.8738326450551,0.151076828367765,"f"
5166,-1.44464072265029,19.8756180208997,0.151062277801445,"f"
5167,-1.44501684067729,19.8774020004498,0.151047711175888,"f"
5168,-1.44539315098277,19.8791845836298,0.151033128676607,"f"
5169,-1.44576965217754,19.880965770364,0.151018530489117,"f"
5170,-1.44614634287238,19.8827455605765,0.151003916798931,"f"
5171,-1.44652322167809,19.8845239541916,0.150989287791563,"f"
5172,-1.44690028720544,19.8863009511336,0.150974643652528,"f"
5173,-1.44727753806524,19.8880765513267,0.150959984567338,"f"
5174,-1.44765497286826,19.889850754695,0.150945310721509,"f"
5175,-1.44803259022531,19.891623561163,0.150930622300554,"f"
5176,-1.44841038874717,19.8933949706548,0.150915919489987,"f"
5177,-1.44878836704462,19.8951649830946,0.150901202475323,"f"
5178,-1.44916652372847,19.8969335984068,0.150886471442074,"f"
5179,-1.4495448574095,19.8987008165155,0.150871726575755,"f"
5180,-1.4499233666985,19.900466637345,0.15085696806188,"f"
5181,-1.45030205020626,19.9022310608195,0.150842196085963,"f"
5182,-1.45068090654356,19.9039940868633,0.150827410833517,"f"
5183,-1.45105993432121,19.9057557154006,0.150812612490057,"f"
5184,-1.45143913214998,19.9075159463557,0.150797801241097,"f"
5185,-1.45181849864067,19.9092747796528,0.150782977272151,"f"
5186,-1.45219803240408,19.9110322152162,0.150768140768732,"f"
5187,-1.45257773205098,19.91278825297,0.150753291916355,"f"
5188,-1.45295759619216,19.9145428928386,0.150738430900534,"f"
5189,-1.45333762343843,19.9162961347461,0.150723557906781,"f"
5190,-1.45371781240056,19.9180479786169,0.150708673120613,"f"
5191,-1.45409816168935,19.9197984243751,0.150693776727541,"f"
5192,-1.45447866991559,19.921547471945,0.150678868913081,"f"
5193,-1.45485933569007,19.9232951212509,0.150663949862746,"f"
5194,-1.45524015762357,19.925041372217,0.150649019762051,"f"
5195,-1.45562113432689,19.9267862247675,0.150634078796508,"f"
5196,-1.45600226441081,19.9285296788266,0.150619127151633,"f"
5197,-1.45638354648613,19.9302717343188,0.150604165012939,"f"
5198,-1.45676497916364,19.932012391168,0.15058919256594,"f"
5199,-1.45714656105412,19.9337516492987,0.15057420999615,"f"
5200,-1.45752829076837,19.935489508635,0.150559217489083,"f"
5201,-1.45791016691718,19.9372259691012,0.150544215230252,"f"
5202,-1.45829218811133,19.9389610306216,0.150529203405173,"f"
5203,-1.45867435296161,19.9406946931203,0.150514182199358,"f"
5204,-1.45905666007882,19.9424269565216,0.150499151798322,"f"
5205,-1.45943910807374,19.9441578207499,0.150484112387579,"f"
5206,-1.45982169555717,19.9458872857292,0.150469064152643,"f"
5207,-1.46020442113989,19.9476153513838,0.150454007279027,"f"
5208,-1.4605872834327,19.9493420176381,0.150438941952245,"f"
5209,-1.46097028104638,19.9510672844162,0.150423868357813,"f"
5210,-1.46135341259172,19.9527911516424,0.150408786681242,"f"
5211,-1.46173667667952,19.9545136192409,0.150393697108048,"f"
5212,-1.46212007192056,19.9562346871359,0.150378599823745,"f"
5213,-1.46250359692563,19.9579543552518,0.150363495013846,"f"
5214,-1.46288725030552,19.9596726235127,0.150348382863865,"f"
5215,-1.46327103067103,19.9613894918429,0.150333263559316,"f"
5216,-1.46365493663294,19.9631049601667,0.150318137285714,"f"
5217,-1.46403896680205,19.9648190284082,0.150303004228571,"f"
5218,-1.46442311978913,19.9665316964917,0.150287864573403,"f"
5219,-1.46480739420498,19.9682429643415,0.150272718505723,"f"
5220,-1.4651917886604,19.9699528318818,0.150257566211045,"f"
5221,-1.46557630176617,19.9716612990369,0.150242407874883,"f"
5222,-1.46596093213308,19.973368365731,0.15022724368275,"f"
5223,-1.46634567837192,19.9750740318883,0.150212073820162,"f"
5224,-1.46673053909348,19.976778297433,0.150196898472631,"f"
5225,-1.46711551290855,19.9784811622895,0.150181717825672,"f"
5226,-1.46750059842792,19.980182626382,0.150166532064799,"f"
5227,-1.46788579426239,19.9818826896347,0.150151341375526,"f"
5228,-1.46827109902273,19.9835813519718,0.150136145943366,"f"
5229,-1.46865651131974,19.9852786133176,0.150120945953834,"f"
5230,-1.46904202976421,19.9869744735963,0.150105741592443,"f"
5231,-1.46942765296693,19.9886689327323,0.150090533044708,"f"
5232,-1.46981337953869,19.9903619906496,0.150075320496142,"f"
5233,-1.47019920809028,19.9920536472726,0.150060104132259,"f"
5234,-1.47058513723248,19.9937439025255,0.150044884138574,"f"
5235,-1.4709711655761,19.9954327563326,0.1500296607006,"f"
5236,-1.47135729173191,19.9971202086181,0.150014434003852,"f"
5237,-1.47174351431071,19.9988062593062,0.149999204233843,"f"
5238,-1.47212983192329,20.0004909083212,0.149983971576086,"f"
5239,-1.47251624318044,20.0021741555873,0.149968736216097,"f"
5240,-1.47290274669294,20.0038560010288,0.149953498339389,"f"
5241,-1.47328934107159,20.0055364445698,0.149938258131476,"f"
5242,-1.47367602492718,20.0072154861348,0.149923015777872,"f"
5243,-1.47406279687049,20.0088931256478,0.149907771464091,"f"
5244,-1.47444965551232,20.0105693630331,0.149892525375647,"f"
5245,-1.47483659946346,20.0122441982151,0.149877277698054,"f"
5246,-1.47522362733469,20.0139176311179,0.149862028616825,"f"
5247,-1.47561073773681,20.0155896616657,0.149846778317475,"f"
5248,-1.47599792928061,20.0172602897828,0.149831526985518,"f"
5249,-1.47638520057687,20.0189295153935,0.149816274806467,"f"
5250,-1.47677255023638,20.020597338422,0.149801021965837,"f"
5251,-1.47715997686995,20.0222637587925,0.149785768649142,"f"
5252,-1.47754747908834,20.0239287764293,0.149770515041895,"f"
5253,-1.47793505550236,20.0255923912567,0.14975526132961,"f"
5254,-1.4783227047228,20.0272546031988,0.149740007697802,"f"
5255,-1.47871042536044,20.0289154121799,0.149724754331984,"f"
5256,-1.47909821602607,20.0305748181242,0.149709501417671,"f"
5257,-1.47948607533049,20.0322328209561,0.149694249140376,"f"
5258,-1.47987400188448,20.0338894205997,0.149678997685613,"f"
5259,-1.48026199429883,20.0355446169792,0.149663747238896,"f"
5260,-1.48065005118434,20.037198410019,0.149648497985739,"f"
5261,-1.48103817115179,20.0388507996433,0.149633250111657,"f"
5262,-1.48142635281197,20.0405017857762,0.149618003802162,"f"
5263,-1.48181459477568,20.0421513683422,0.149602759242769,"f"
5264,-1.4822028956537,20.0437995472653,0.149587516618993,"f"
5265,-1.48259125405682,20.0454463224698,0.149572276116346,"f"
5266,-1.48297966859583,20.0470916938801,0.149557037920343,"f"
5267,-1.48336813788152,20.0487356614202,0.149541802216498,"f"
5268,-1.48375666052469,20.0503782250145,0.149526569190324,"f"
5269,-1.48414523513612,20.0520193845873,0.149511339027337,"f"
5270,-1.4845338603266,20.0536591400627,0.149496111913049,"f"
5271,-1.48492253470692,20.055297491365,0.149480888032974,"f"
5272,-1.48531125688787,20.0569344384184,0.149465667572627,"f"
5273,-1.48570002548024,20.0585699811472,0.149450450717522,"f"
5274,-1.48608883909482,20.0602041194756,0.149435237653172,"f"
5275,-1.4864776963424,20.0618368533279,0.149420028565091,"f"
5276,-1.48686659583377,20.0634681826283,0.149404823638794,"f"
5277,-1.48725553617972,20.0650981073011,0.149389623059794,"f"
5278,-1.48764451599104,20.0667266272704,0.149374427013605,"f"
5279,-1.48803353387852,20.0683537424606,0.149359235685742,"f"
5280,-1.48842258845295,20.0699794527959,0.149344049261718,"f"
5281,-1.48881167832512,20.0716037582005,0.149328867927047,"f"
5282,-1.48920080210582,20.0732266585987,0.149313691867243,"f"
5283,-1.48958995840583,20.0748481539146,0.14929852126782,"f"
5284,-1.48997914583596,20.0764682440727,0.149283356314292,"f"
5285,-1.49036836300698,20.078086928997,0.149268197192173,"f"
5286,-1.49075760852969,20.0797042086119,0.149253044086976,"f"
5287,-1.49114688101487,20.0813200828415,0.149237897184217,"f"
5288,-1.49153617907333,20.0829345516102,0.149222756669409,"f"
5289,-1.49192550131584,20.0845476148421,0.149207622728065,"f"
5290,-1.4923148463532,20.0861592724616,0.1491924955457,"f"
5291,-1.4927042127962,20.0877695243928,0.149177375307827,"f"
5292,-1.49309359925562,20.08937837056,0.149162262199962,"f"
5293,-1.49348300434226,20.0909858108875,0.149147156407616,"f"
5294,-1.4938724266669,20.0925918452994,0.149132058116306,"f"
5295,-1.49426186484034,20.09419647372,0.149116967511543,"f"
5296,-1.49465131747337,20.0957996960737,0.149101884778844,"f"
5297,-1.49504078311847,20.0974015123832,0.149086810074078,"f"
5298,-1.49543025998761,20.0990019232485,0.149071743380014,"f"
5299,-1.49581974616956,20.1006009294777,0.149056684616767,"f"
5300,-1.49620923975286,20.1021985318796,0.149041633704362,"f"
5301,-1.4965987388261,20.1037947312629,0.149026590562826,"f"
5302,-1.49698824147785,20.1053895284363,0.149011555112187,"f"
5303,-1.49737774579667,20.1069829242084,0.14899652727247,"f"
5304,-1.49776724987113,20.108574919388,0.148981506963704,"f"
5305,-1.49815675178982,20.1101655147836,0.148966494105914,"f"
5306,-1.49854624964128,20.1117547112041,0.148951488619127,"f"
5307,-1.49893574151411,20.113342509458,0.148936490423371,"f"
5308,-1.49932522549686,20.1149289103541,0.148921499438671,"f"
5309,-1.4997146996781,20.116513914701,0.148906515585055,"f"
5310,-1.50010416214642,20.1180975233074,0.14889153878255,"f"
5311,-1.50049361099037,20.1196797369821,0.148876568951182,"f"
5312,-1.50088304429853,20.1212605565336,0.148861606010978,"f"
5313,-1.50127246015947,20.1228399827706,0.148846649881965,"f"
5314,-1.50166185666175,20.124418016502,0.148831700484169,"f"
5315,-1.50205123189396,20.1259946585362,0.148816757737618,"f"
5316,-1.50244058394465,20.127569909682,0.148801821562338,"f"
5317,-1.50282991090241,20.1291437707482,0.148786891878357,"f"
5318,-1.50321921085579,20.1307162425433,0.148771968605699,"f"
5319,-1.50360848189338,20.132287325876,0.148757051664394,"f"
5320,-1.50399772210373,20.1338570215551,0.148742140974467,"f"
5321,-1.50438692957543,20.1354253303892,0.148727236455945,"f"
5322,-1.50477610239703,20.1369922531871,0.148712338028855,"f"
5323,-1.50516523865712,20.1385577907572,0.148697445613224,"f"
5324,-1.50555433644426,20.1401219439085,0.148682559129078,"f"
5325,-1.50594339384702,20.1416847134495,0.148667678496444,"f"
5326,-1.50633240895398,20.1432461001889,0.14865280363535,"f"
5327,-1.5067213798537,20.1448061049354,0.148637934465822,"f"
5328,-1.50711030463475,20.1463647284977,0.148623070907886,"f"
5329,-1.5074991813857,20.1479219716844,0.148608212881569,"f"
5330,-1.50788800819513,20.1494778353043,0.148593360306899,"f"
5331,-1.5082767831516,20.1510323201661,0.148578513103902,"f"
5332,-1.50866550434369,20.1525854270783,0.148563671192605,"f"
5333,-1.50905416985996,20.1541371568498,0.148548834493034,"f"
5334,-1.50944277778898,20.1556875102891,0.148534002925216,"f"
5335,-1.50983132621933,20.157236488205,0.148519176409179,"f"
5336,-1.51021981323958,20.1587840914061,0.148504354864949,"f"
5337,-1.51060823693829,20.1603303207012,0.148489538212553,"f"
5338,-1.51099659540404,20.1618751768988,0.148474726372017,"f"
5339,-1.5113848867254,20.1634186608077,0.148459919263368,"f"
5340,-1.51177310899093,20.1649607732366,0.148445116806633,"f"
5341,-1.51216126028921,20.1665015149942,0.14843031892184,"f"
5342,-1.51254933870881,20.1680408868891,0.148415525529014,"f"
5343,-1.5129373423383,20.1695788897299,0.148400736548182,"f"
5344,-1.51332526926624,20.1711155243255,0.148385951899372,"f"
5345,-1.51371311758122,20.1726507914845,0.14837117150261,"f"
5346,-1.51410088537179,20.1741846920155,0.148356395277922,"f"
5347,-1.51448857072653,20.1757172267272,0.148341623145336,"f"
5348,-1.51487617173401,20.1772483964284,0.148326855024879,"f"
5349,-1.5152636864828,20.1787782019276,0.148312090836577,"f"
5350,-1.51565111306147,20.1803066440336,0.148297330500456,"f"
5351,-1.51603844955859,20.1818337235551,0.148282573936545,"f"
5352,-1.51642569406273,20.1833594413008,0.148267821064869,"f"
5353,-1.51681284466247,20.1848837980793,0.148253071805455,"f"
5354,-1.51719989944636,20.1864067946992,0.148238326078331,"f"
5355,-1.51758685650299,20.1879284319694,0.148223583803522,"f"
5356,-1.51797371392092,20.1894487106984,0.148208844901056,"f"
5357,-1.51836046978872,20.190967631695,0.148194109290959,"f"
5358,-1.51874712219496,20.1924851957679,0.148179376893259,"f"
5359,-1.51913366922822,20.1940014037256,0.148164647627982,"f"
5360,-1.51952010897706,20.1955162563769,0.148149921415155,"f"
5361,-1.51990643953006,20.1970297545306,0.148135198174804,"f"
5362,-1.52029265897578,20.1985418989951,0.148120477826957,"f"
5363,-1.52067876540279,20.2000526905794,0.14810576029164,"f"
5364,-1.52106475689967,20.2015621300919,0.14809104548888,"f"
5365,-1.52145063155498,20.2030702183415,0.148076333338703,"f"
5366,-1.5218363874573,20.2045769561367,0.148061623761137,"f"
5367,-1.52222202269519,20.2060823442863,0.148046916676209,"f"
5368,-1.52260753535723,20.207586383599,0.148032212003945,"f"
5369,-1.52299292353199,20.2090890748833,0.148017509664371,"f"
5370,-1.52337818530803,20.2105904189481,0.148002809577516,"f"
5371,-1.52376331877393,20.212090416602,0.147988111663404,"f"
5372,-1.52414832201826,20.2135890686537,0.147973415842064,"f"
5373,-1.52453319312959,20.2150863759118,0.147958722033523,"f"
5374,-1.52491793019648,20.2165823391851,0.147944030157806,"f"
5375,-1.52530253130751,20.2180769592822,0.14792934013494,"f"
5376,-1.52568699455125,20.2195702370118,0.147914651884953,"f"
5377,-1.52607131801627,20.2210621731826,0.147899965327872,"f"
5378,-1.52645549979114,20.2225527686032,0.147885280383722,"f"
5379,-1.52683953796443,20.2240420240824,0.147870596972531,"f"
5380,-1.52722343062471,20.2255299404289,0.147855915014325,"f"
5381,-1.52760717586055,20.2270165184512,0.147841234429132,"f"
5382,-1.52799077176052,20.2285017589581,0.147826555136979,"f"
5383,-1.52837421641319,20.2299856627583,0.147811877057891,"f"
5384,-1.52875750790713,20.2314682306605,0.147797200111895,"f"
5385,-1.52914064433091,20.2329494634733,0.14778252421902,"f"
5386,-1.52952362377311,20.2344293620054,0.14776784929929,"f"
5387,-1.52990644432228,20.2359079270655,0.147753175272734,"f"
5388,-1.53028910406701,20.2373851594623,0.147738502059377,"f"
5389,-1.53067160109586,20.2388610600045,0.147723829579248,"f"
5390,-1.53105393349741,20.2403356295007,0.147709157752371,"f"
5391,-1.53143609936022,20.2418088687596,0.147694486498775,"f"
5392,-1.53181809677286,20.24328077859,0.147679815738486,"f"
5393,-1.53219992382391,20.2447513598004,0.14766514539153,"f"
5394,-1.53258157860193,20.2462206131996,0.147650475377936,"f"
5395,-1.5329630591955,20.2476885395963,0.147635805617728,"f"
5396,-1.53334436369318,20.2491551397991,0.147621136030935,"f"
5397,-1.53372549018355,20.2506204146167,0.147606466537583,"f"
5398,-1.53410643675517,20.2520843648578,0.147591797057698,"f"
5399,-1.53448720149662,20.2535469913311,0.147577127511308,"f"
5400,-1.53486778249646,20.2550082948452,0.147562457818439,"f"
5401,-1.53524817784328,20.2564682762089,0.147547787899119,"f"
5402,-1.53562838562562,20.2579269362308,0.147533117673373,"f"
5403,-1.53600840393208,20.2593842757197,0.147518447061229,"f"
5404,-1.53638823085122,20.2608402954841,0.147503775982713,"f"
5405,-1.5367678644716,20.2622949963328,0.147489104357853,"f"
5406,-1.5371473028818,20.2637483790744,0.147474432106674,"f"
5407,-1.53752654417039,20.2652004445177,0.147459759149205,"f"
5408,-1.53790558642594,20.2666511934712,0.147445085405471,"f"
5409,-1.53828442773702,20.2681006267438,0.147430410795499,"f"
5410,-1.53866306619219,20.2695487451441,0.147415735239317,"f"
5411,-1.53904149988004,20.2709955494807,0.14740105865695,"f"
5412,-1.53941972688913,20.2724410405623,0.147386380968427,"f"
5413,-1.53979774530803,20.2738852191977,0.147371702093773,"f"
5414,-1.54017555322531,20.2753280861955,0.147357021953015,"f"
5415,-1.54055314872954,20.2767696423644,0.14734234046618,"f"
5416,-1.54093052990929,20.278209888513,0.147327657553295,"f"
5417,-1.54130769485313,20.2796488254501,0.147312973134387,"f"
5418,-1.54168464164964,20.2810864539843,0.147298287129482,"f"
5419,-1.54206136838738,20.2825227749243,0.147283599458608,"f"
5420,-1.54243787315492,20.2839577890788,0.14726891004179,"f"
5421,-1.54281415404084,20.2853914972565,0.147254218799057,"f"
5422,-1.5431902091337,20.2868239002661,0.147239525650434,"f"
5423,-1.54356603652207,20.2882549989162,0.147224830515948,"f"
5424,-1.54394163429452,20.2896847940155,0.147210133315627,"f"
5425,-1.54431700053964,20.2911132863727,0.147195433969497,"f"
5426,-1.54469213334597,20.2925404767965,0.147180732397584,"f"
5427,-1.5450670308021,20.2939663660956,0.147166028519916,"f"
5428,-1.5454416909966,20.2953909550786,0.147151322256519,"f"
5429,-1.54581611201803,20.2968142445542,0.147136613527421,"f"
5430,-1.54619029195497,20.2982362353311,0.147121902252647,"f"
5431,-1.54656422889599,20.2996569282181,0.147107188352225,"f"
5432,-1.54693792092965,20.3010763240237,0.147092471746181,"f"
5433,-1.54731136614453,20.3024944235567,0.147077752354543,"f"
5434,-1.5476845626292,20.3039112276257,0.147063030097337,"f"
5435,-1.54805750847222,20.3053267370394,0.147048304894589,"f"
5436,-1.54843020176217,20.3067409526065,0.147033576666328,"f"
5437,-1.54880264058763,20.3081538751357,0.147018845332578,"f"
5438,-1.54917482303715,20.3095655054356,0.147004110813368,"f"
5439,-1.5495467471993,20.310975844315,0.146989373028724,"f"
5440,-1.54991841116267,20.3123848925826,0.146974631898673,"f"
5441,-1.55028981301582,20.3137926510469,0.146959887343241,"f"
5442,-1.55066095084732,20.3151991205167,0.146945139282456,"f"
5443,-1.55103182274574,20.3166043018007,0.146930387636343,"f"
5444,-1.55140242679965,20.3180081957076,0.146915632324931,"f"
5445,-1.55177276109762,20.319410803046,0.146900873268245,"f"
5446,-1.55214282372822,20.3208121246246,0.146886110386313,"f"
5447,-1.55251261278002,20.322212161252,0.146871343599161,"f"
5448,-1.5528821263416,20.3236109137371,0.146856572826816,"f"
5449,-1.55325136250151,20.3250083828885,0.146841797989305,"f"
5450,-1.55362031934834,20.3264045695147,0.146827019006655,"f"
5451,-1.55398899497066,20.3277994744246,0.146812235798892,"f"
5452,-1.55435738745702,20.3291930984268,0.146797448286044,"f"
5453,-1.55472549489601,20.33058544233,0.146782656388136,"f"
5454,-1.5550933153762,20.3319765069429,0.146767860025196,"f"
5455,-1.55546084698614,20.3333662930741,0.146753059117251,"f"
5456,-1.55582808781443,20.3347548015323,0.146738253584327,"f"
5457,-1.55619503594961,20.3361420331263,0.146723443346451,"f"
5458,-1.55656168948028,20.3375279886646,0.14670862832365,"f"
5459,-1.55692804649499,20.338912668956,0.146693808435951,"f"
5460,-1.55729410508231,20.3402960748092,0.14667898360338,"f"
5461,-1.55765986333082,20.3416782070328,0.146664153745965,"f"
5462,-1.55802531932909,20.3430590664356,0.146649318783732,"f"
5463,-1.55839047116568,20.3444386538261,0.146634478636708,"f"
5464,-1.55875531692917,20.3458169700131,0.146619633224919,"f"
5465,-1.55911985470813,20.3471940158053,0.146604782468393,"f"
5466,-1.55948408259113,20.3485697920114,0.146589926287156,"f"
5467,-1.55984799866673,20.3499442994399,0.146575064601235,"f"
5468,-1.56021160102351,20.3513175388997,0.146560197330656,"f"
5469,-1.56057488775004,20.3526895111994,0.146545324395448,"f"
5470,-1.56093785693489,20.3540602171476,0.146530445715636,"f"
5471,-1.56130050666664,20.3554296575531,0.146515561211247,"f"
5472,-1.56166283503383,20.3567978332246,0.146500670802308,"f"
5473,-1.56202484012506,20.3581647449706,0.146485774408845,"f"
5474,-1.5623865200289,20.3595303936,0.146470871950886,"f"
5475,-1.5627478728339,20.3608947799213,0.146455963348458,"f"
5476,-1.56310889662864,20.3622579047433,0.146441048521586,"f"
5477,-1.56346958950169,20.3636197688747,0.146426127390299,"f"
5478,-1.56382994954163,20.364980373124,0.146411199874622,"f"
5479,-1.56418997484115,20.3663397183026,0.146396265895141,"f"
5480,-1.56454966399339,20.3676978055234,0.146381325439984,"f"
5481,-1.56490901656337,20.3690546364853,0.146366378628457,"f"
5482,-1.56526803222778,20.370410212955,0.146351425594941,"f"
5483,-1.56562671066331,20.3717645366987,0.146336466473814,"f"
5484,-1.56598505154665,20.373117609483,0.146321501399455,"f"
5485,-1.56634305455449,20.3744694330741,0.146306530506243,"f"
5486,-1.56670071936351,20.3758200092386,0.146291553928556,"f"
5487,-1.56705804565041,20.3771693397429,0.146276571800774,"f"
5488,-1.56741503309188,20.3785174263534,0.146261584257275,"f"
5489,-1.56777168136459,20.3798642708364,0.146246591432439,"f"
5490,-1.56812799014526,20.3812098749585,0.146231593460644,"f"
5491,-1.56848395911055,20.3825542404861,0.146216590476269,"f"
5492,-1.56883958793717,20.3838973691854,0.146201582613693,"f"
5493,-1.56919487630179,20.3852392628231,0.146186570007295,"f"
5494,-1.56954982388112,20.3865799231655,0.146171552791455,"f"
5495,-1.56990443035184,20.387919351979,0.146156531100549,"f"
5496,-1.57025869539063,20.3892575510301,0.146141505068959,"f"
5497,-1.57061261867419,20.3905945220851,0.146126474831062,"f"
5498,-1.57096619987921,20.3919302669105,0.146111440521238,"f"
5499,-1.57131943868237,20.3932647872727,0.146096402273865,"f"
5500,-1.57167233476037,20.3945980849382,0.146081360223322,"f"
5501,-1.57202488778989,20.3959301616732,0.146066314503988,"f"
5502,-1.57237709744762,20.3972610192444,0.146051265250243,"f"
5503,-1.57272896341025,20.398590659418,0.146036212596464,"f"
5504,-1.57308048535448,20.3999190839606,0.146021156677032,"f"
5505,-1.57343166295699,20.4012462946384,0.146006097626324,"f"
5506,-1.57378249589446,20.402572293218,0.14599103557872,"f"
5507,-1.5741329838436,20.4038970814658,0.145975970668598,"f"
5508,-1.57448312648108,20.4052206611482,0.145960903030338,"f"
5509,-1.5748329234836,20.4065430340315,0.145945832798318,"f"
5510,-1.57518237452784,20.4078642018823,0.145930760106918,"f"
5511,-1.5755314792905,20.409184166467,0.145915685090515,"f"
5512,-1.57588023744827,20.4105029295519,0.14590060788349,"f"
5513,-1.57622864867782,20.4118204929035,0.145885528620221,"f"
5514,-1.57657671265586,20.4131368582882,0.145870447435086,"f"
5515,-1.57692442905907,20.4144520274724,0.145855364462466,"f"
5516,-1.57727179756414,20.4157660022225,0.145840279836738,"f"
5517,-1.57761881784776,20.4170787843051,0.145825193692282,"f"
5518,-1.57796548958662,20.4183903754864,0.145810106163476,"f"
5519,-1.57831181245741,20.4197007775329,0.145795017384699,"f"
5520,-1.57865778613682,20.4210099922111,0.145779927490331,"f"
5521,-1.57900341030153,20.4223180212873,0.14576483661475,"f"
5522,-1.57934868462823,20.4236248665279,0.145749744892335,"f"
5523,-1.57969360879362,20.4249305296995,0.145734652457465,"f"
5524,-1.58003818247439,20.4262350125683,0.145719559444519,"f"
5525,-1.58038240534721,20.4275383169009,0.145704465987876,"f"
5526,-1.58072627708879,20.4288404444636,0.145689372221914,"f"
5527,-1.58106979737581,20.4301413970229,0.145674278281013,"f"
5528,-1.58141296588496,20.4314411763452,0.145659184299552,"f"
5529,-1.58175578229293,20.4327397841969,0.145644090411908,"f"
5530,-1.58209824627641,20.4340372223444,0.145628996752462,"f"
5531,-1.58244035751208,20.4353334925542,0.145613903455593,"f"
5532,-1.58278211567664,20.4366285965926,0.145598810655678,"f"
5533,-1.58312352044678,20.4379225362261,0.145583718487097,"f"
5534,-1.58346457149918,20.4392153132211,0.14556862708423,"f"
5535,-1.58380526851054,20.440506929344,0.145553536581454,"f"
5536,-1.58414561115753,20.4417973863613,0.145538447113148,"f"
5537,-1.58448559911687,20.4430866860394,0.145523358813693,"f"
5538,-1.58482523206522,20.4443748301446,0.145508271817465,"f"
5539,-1.58516450967928,20.4456618204435,0.145493186258845,"f"
5540,-1.58550343163574,20.4469476587024,0.145478102272212,"f"
5541,-1.58584199761129,20.4482323466877,0.145463019991943,"f"
5542,-1.58618020728262,20.4495158861659,0.145447939552419,"f"
5543,-1.58651806032642,20.4507982789034,0.145432861088018,"f"
5544,-1.58685555641937,20.4520795266665,0.145417784733118,"f"
5545,-1.58719269523817,20.4533596312219,0.1454027106221,"f"
5546,-1.5875294764595,20.4546385943357,0.145387638889341,"f"
5547,-1.58786589976005,20.4559164177745,0.14537256966922,"f"
5548,-1.58820196481652,20.4571931033048,0.145357503096117,"f"
5549,-1.58853767130559,20.4584686526928,0.145342439304411,"f"
5550,-1.58887301890395,20.459743067705,0.145327378428479,"f"
5551,-1.58920800728829,20.4610163501079,0.145312320602702,"f"
5552,-1.5895426361353,20.4622885016679,0.145297265961458,"f"
5553,-1.58987690512166,20.4635595241513,0.145282214639126,"f"
5554,-1.59021081392408,20.4648294193247,0.145267166770085,"f"
5555,-1.59054436221923,20.4660981889544,0.145252122488714,"f"
5556,-1.59087754968381,20.4673658348068,0.145237081929391,"f"
5557,-1.5912103759945,20.4686323586484,0.145222045226496,"f"
5558,-1.59154284082799,20.4698977622456,0.145207012514407,"f"
5559,-1.59187494386098,20.4711620473648,0.145191983927504,"f"
5560,-1.59220668477015,20.4724252157724,0.145176959600165,"f"
5561,-1.59253806323219,20.4736872692349,0.145161939666769,"f"
5562,-1.59286907892379,20.4749482095186,0.145146924261696,"f"
5563,-1.59319973152164,20.47620803839,0.145131913519323,"f"
5564,-1.59353002070243,20.4774667576156,0.14511690757403,"f"
5565,-1.59385994614285,20.4787243689616,0.145101906560196,"f"
5566,-1.59418950751959,20.4799808741946,0.1450869106122,"f"
5567,-1.59451870450933,20.481236275081,0.14507191986442,"f"
5568,-1.59484753678876,20.4824905733872,0.145056934451236,"f"
5569,-1.59517600403458,20.4837437708795,0.145041954507026,"f"
5570,-1.59550410592347,20.4849958693245,0.145026980166169,"f"
5571,-1.59583184213213,20.4862468704886,0.145012011563045,"f"
5572,-1.59615921233724,20.4874967761381,0.144997048832032,"f"
5573,-1.59648621621548,20.4887455880395,0.144982092107508,"f"
5574,-1.59681285344356,20.4899933079592,0.144967141523854,"f"
5575,-1.59713912369816,20.4912399376636,0.144952197215447,"f"
5576,-1.59746502665596,20.4924854789192,0.144937259316667,"f"
5577,-1.59779056199366,20.4937299334924,0.144922327961893,"f"
5578,-1.59811572938795,20.4949733031495,0.144907403285503,"f"
5579,-1.59844052851552,20.4962155896571,0.144892485421876,"f"
5580,-1.59876495905304,20.4974567947814,0.144877574505392,"f"
5581,-1.59908902067723,20.4986969202891,0.144862670670429,"f"
5582,-1.59941271306475,20.4999359679464,0.144847774051366,"f"
5583,-1.59973603589231,20.5011739395198,0.144832884782582,"f"
5584,-1.60005898883658,20.5024108367757,0.144818002998456,"f"
5585,-1.60038157157427,20.5036466614805,0.144803128833366,"f"
5586,-1.60070378378206,20.5048814154006,0.144788262421693,"f"
5587,-1.60102562513664,20.5061151003026,0.144773403897814,"f"
5588,-1.60134709531469,20.5073477179527,0.144758553396108,"f"
5589,-1.60166819399291,20.5085792701174,0.144743711050955,"f"
5590,-1.60198892084799,20.5098097585632,0.144728876996733,"f"
5591,-1.60230927555661,20.5110391850564,0.144714051367821,"f"
5592,-1.60262925779546,20.5122675513635,0.144699234298599,"f"
5593,-1.60294886724124,20.5134948592509,0.144684425923444,"f"
5594,-1.60326810357063,20.514721110485,0.144669626376736,"f"
5595,-1.60358696646032,20.5159463068322,0.144654835792854,"f"
5596,-1.60390545558701,20.5171704500589,0.144640054306177,"f"
5597,-1.60422357062737,20.5183935419317,0.144625282051083,"f"
5598,-1.6045413112581,20.5196155842168,0.144610519161952,"f"
5599,-1.60485867715589,20.5208365786807,0.144595765773162,"f"
5600,-1.60517566799742,20.5220565270898,0.144581022019093,"f"
5601,-1.6054922834594,20.5232754312106,0.144566288034122,"f"
5602,-1.6058085232185,20.5244932928095,0.14455156395263,"f"
5603,-1.60612438695141,20.5257101136529,0.144536849908995,"f"
5604,-1.60643987433482,20.5269258955072,0.144522146037595,"f"
5605,-1.60675498504543,20.5281406401388,0.144507452472811,"f"
5606,-1.60706971875992,20.5293543493141,0.14449276934902,"f"
5607,-1.60738407515499,20.5305670247996,0.144478096800601,"f"
5608,-1.60769805390731,20.5317786683617,0.144463434961935,"f"
5609,-1.60801165469358,20.5329892817668,0.144448783967398,"f"
5610,-1.60832487719049,20.5341988667814,0.144434143951371,"f"
5611,-1.60863772107472,20.5354074251718,0.144419515048232,"f"
5612,-1.60895018602298,20.5366149587045,0.14440489739236,"f"
5613,-1.60926227171194,20.5378214691458,0.144390291118134,"f"
5614,-1.60957397781829,20.5390269582623,0.144375696359933,"f"
5615,-1.60988530401873,20.5402314278203,0.144361113252136,"f"
5616,-1.61019624998994,20.5414348795862,0.144346541929121,"f"
5617,-1.61050681540861,20.5426373153265,0.144331982525269,"f"
5618,-1.61081699995144,20.5438387368076,0.144317435174956,"f"
5619,-1.6111268032951,20.5450391457959,0.144302900012563,"f"
5620,-1.6114362251163,20.5462385440579,0.144288377172468,"f"
5621,-1.61174526509171,20.5474369333599,0.144273866789051,"f"
5622,-1.61205392289803,20.5486343154683,0.144259368996689,"f"
5623,-1.61236219821195,20.5498306921497,0.144244883929763,"f"
5624,-1.61267009071016,20.5510260651704,0.14423041172265,"f"
5625,-1.61297760006934,20.5522204362968,0.14421595250973,"f"
5626,-1.61328472596618,20.5534138072953,0.144201506425382,"f"
5627,-1.61359146807738,20.5546061799324,0.144187073603984,"f"
5628,-1.61389782607962,20.5557975559745,0.144172654179916,"f"
5629,-1.61420379964959,20.556987937188,0.144158248287557,"f"
5630,-1.61450938846398,20.5581773253394,0.144143856061284,"f"
5631,-1.61481459219949,20.559365722195,0.144129477635478,"f"
5632,-1.61511941053279,20.5605531295212,0.144115113144517,"f"
5633,-1.61542384314058,20.5617395490846,0.14410076272278,"f"
5634,-1.61572788969955,20.5629249826515,0.144086426504646,"f"
5635,-1.61603154988638,20.5641094319883,0.144072104624493,"f"
5636,-1.61633482337777,20.5652928988614,0.144057797216702,"f"
5637,-1.6166377098504,20.5664753850373,0.144043504415649,"f"
5638,-1.61694020898097,20.5676568922824,0.144029226355716,"f"
5639,-1.61724232044616,20.5688374223631,0.14401496317128,"f"
5640,-1.61754404392267,20.5700169770459,0.14400071499672,"f"
5641,-1.61784537908717,20.5711955580971,0.143986481966415,"f"
5642,-1.61814632561637,20.5723731672832,0.143972264214744,"f"
5643,-1.61844688318694,20.5735498063705,0.143958061876086,"f"
5644,-1.61874705147558,20.5747254771256,0.143943875084821,"f"
5645,-1.61904683015898,20.5759001813148,0.143929703975326,"f"
5646,-1.61934621891383,20.5770739207046,0.14391554868198,"f"
5647,-1.61964521741682,20.5782466970613,0.143901409339164,"f"
5648,-1.61994382534463,20.5794185121514,0.143887286081254,"f"
5649,-1.62024204237395,20.5805893677413,0.143873179042631,"f"
5650,-1.62053986818147,20.5817592655975,0.143859088357674,"f"
5651,-1.62083730244389,20.5829282074863,0.143845014160761,"f"
5652,-1.62113434483789,20.5840961951742,0.14383095658627,"f"
5653,-1.62143099504017,20.5852632304275,0.143816915768582,"f"
5654,-1.6217272527274,20.5864293150128,0.143802891842075,"f"
5655,-1.62202311757628,20.5875944506964,0.143788884941127,"f"
5656,-1.6223185892635,20.5887586392448,0.143774895200118,"f"
5657,-1.62261366746574,20.5899218824243,0.143760922753427,"f"
5658,-1.6229083518597,20.5910841820015,0.143746967735432,"f"
5659,-1.62320264212207,20.5922455397426,0.143733030280513,"f"
5660,-1.62349653792953,20.5934059574142,0.143719110523047,"f"
5661,-1.62379003895878,20.5945654367826,0.143705208597416,"f"
5662,-1.62408314489377,20.5957239795827,0.143691324629944,"f"
5663,-1.62437585551719,20.5968815871214,0.143677458637642,"f"
5664,-1.62466817068289,20.5980382603966,0.143663610558739,"f"
5665,-1.62496009024626,20.5991940003997,0.143649780329723,"f"
5666,-1.62525161406272,20.6003488081222,0.143635967887083,"f"
5667,-1.62554274198767,20.6015026845552,0.143622173167307,"f"
5668,-1.62583347387653,20.6026556306903,0.143608396106885,"f"
5669,-1.6261238095847,20.6038076475186,0.143594636642306,"f"
5670,-1.62641374896759,20.6049587360315,0.143580894710057,"f"
5671,-1.62670329188061,20.6061088972205,0.143567170246628,"f"
5672,-1.62699243817916,20.6072581320768,0.143553463188508,"f"
5673,-1.62728118771866,20.6084064415917,0.143539773472184,"f"
5674,-1.62756954035452,20.6095538267566,0.143526101034147,"f"
5675,-1.62785749594214,20.6107002885628,0.143512445810885,"f"
5676,-1.62814505433693,20.6118458280018,0.143498807738886,"f"
5677,-1.62843221539429,20.6129904460647,0.14348518675464,"f"
5678,-1.62871897896965,20.614134143743,0.143471582794634,"f"
5679,-1.6290053449184,20.615276922028,0.143457995795359,"f"
5680,-1.62929131309596,20.616418781911,0.143444425693302,"f"
5681,-1.62957688335773,20.6175597243834,0.143430872424952,"f"
5682,-1.62986205555912,20.6186997504364,0.143417335926799,"f"
5683,-1.63014682955554,20.6198388610616,0.14340381613533,"f"
5684,-1.6304312052024,20.6209770572501,0.143390312987036,"f"
5685,-1.6307151823551,20.6221143399933,0.143376826418403,"f"
5686,-1.63099876086906,20.6232507102827,0.143363356365922,"f"
5687,-1.63128194059969,20.6243861691094,0.14334990276608,"f"
5688,-1.63156472140238,20.6255207174648,0.143336465555368,"f"
5689,-1.63184710313256,20.6266543563404,0.143323044670273,"f"
5690,-1.63212908564562,20.6277870867274,0.143309640047284,"f"
5691,-1.63241066879698,20.6289189096171,0.14329625162289,"f"
5692,-1.63269185244205,20.6300498260009,0.143282879333579,"f"
5693,-1.63297263643623,20.6311798368702,0.143269523115842,"f"
5694,-1.63325302063493,20.6323089432162,0.143256182906165,"f"
5695,-1.63353300489356,20.6334371460304,0.143242858641039,"f"
5696,-1.63381258906754,20.634564446304,0.143229550256951,"f"
5697,-1.63409177301226,20.6356908450284,0.143216257690391,"f"
5698,-1.63437055658313,20.6368163431949,0.143202980877847,"f"
5699,-1.63464893963557,20.6379409417949,0.143189719755808,"f"
5700,-1.63492692202498,20.6390646418198,0.143176474260764,"f"
5701,-1.63520450360678,20.6401874442608,0.143163244329201,"f"
5702,-1.63548168423636,20.6413093501092,0.14315002989761,"f"
5703,-1.63575846376914,20.6424303603565,0.14313683090248,"f"
5704,-1.63603484206053,20.643550475994,0.143123647280298,"f"
5705,-1.63631081896593,20.644669698013,0.143110478967554,"f"
5706,-1.63658639434076,20.6457880274048,0.143097325900736,"f"
5707,-1.63686156804042,20.6469054651608,0.143084188016333,"f"
5708,-1.63713633992031,20.6480220122723,0.143071065250834,"f"
5709,-1.63741070983586,20.6491376697307,0.143057957540728,"f"
5710,-1.63768467764246,20.6502524385273,0.143044864822504,"f"
5711,-1.63795824319553,20.6513663196535,0.143031787032649,"f"
5712,-1.63823140635047,20.6524793141005,0.143018724107654,"f"
5713,-1.63850416696269,20.6535914228598,0.143005675984006,"f"
5714,-1.63877652488761,20.6547026469226,0.142992642598195,"f"
5715,-1.63904847998062,20.6558129872803,0.142979623886709,"f"
5716,-1.63932003209714,20.6569224449242,0.142966619786037,"f"
5717,-1.63959118109257,20.6580310208457,0.142953630232668,"f"
5718,-1.63986192682233,20.6591387160362,0.142940655163091,"f"
5719,-1.64013226914182,20.6602455314868,0.142927694513794,"f"
5720,-1.64040220790646,20.6613514681891,0.142914748221265,"f"
5721,-1.64067174297164,20.6624565271343,0.142901816221995,"f"
5722,-1.64094087419278,20.6635607093138,0.142888898452471,"f"
5723,-1.64120960142528,20.6646640157189,0.142875994849183,"f"
5724,-1.64147792452456,20.665766447341,0.142863105348619,"f"
5725,-1.64174584334603,20.6668680051713,0.142850229887267,"f"
5726,-1.64201335774508,20.6679686902013,0.142837368401618,"f"
5727,-1.64228046757714,20.6690685034222,0.142824520828158,"f"
5728,-1.6425471726976,20.6701674458255,0.142811687103378,"f"
5729,-1.64281347296188,20.6712655184024,0.142798867163766,"f"
5730,-1.64307936822538,20.6723627221442,0.14278606094581,"f"
5731,-1.64334485834352,20.6734590580424,0.142773268386,"f"
5732,-1.6436099431717,20.6745545270883,0.142760489420824,"f"
5733,-1.64387462256533,20.6756491302732,0.142747723986772,"f"
5734,-1.64413889637982,20.6767428685884,0.14273497202033,"f"
5735,-1.64440276447057,20.6778357430252,0.14272223345799,"f"
5736,-1.644666226693,20.6789277545751,0.142709508236238,"f"
5737,-1.64492928290252,20.6800189042294,0.142696796291565,"f"
5738,-1.64519193295452,20.6811091929794,0.142684097560458,"f"
5739,-1.64545417670443,20.6821986218164,0.142671411979407,"f"
5740,-1.64571601400765,20.6832871917317,0.1426587394849,"f"
5741,-1.64597744471958,20.6843749037168,0.142646080013427,"f"
5742,-1.64623846869564,20.685461758763,0.142633433501475,"f"
5743,-1.64649908579124,20.6865477578615,0.142620799885534,"f"
5744,-1.64675929586177,20.6876329020038,0.142608179102092,"f"
5745,-1.64701909876266,20.6887171921811,0.142595571087638,"f"
5746,-1.64727849434931,20.6898006293849,0.142582975778661,"f"
5747,-1.64753748247712,20.6908832146064,0.14257039311165,"f"
5748,-1.64779606300151,20.6919649488369,0.142557823023093,"f"
5749,-1.64805423577789,20.693045833068,0.142545265449479,"f"
5750,-1.64831200066166,20.6941258682907,0.142532720327297,"f"
5751,-1.64856935750823,20.6952050554966,0.142520187593036,"f"
5752,-1.64882630617301,20.696283395677,0.142507667183184,"f"
5753,-1.64908284651141,20.6973608898231,0.142495159034231,"f"
5754,-1.64933897837884,20.6984375389263,0.142482663082664,"f"
5755,-1.6495947016307,20.699513343978,0.142470179264973,"f"
5756,-1.64985001612241,20.7005883059695,0.142457707517647,"f"
5757,-1.65010492170936,20.7016624258922,0.142445247777174,"f"
5758,-1.65035941824698,20.7027357047373,0.142432799980043,"f"
5759,-1.65061350559067,20.7038081434962,0.142420364062743,"f"
5760,-1.65086718359583,20.7048797431603,0.142407939961762,"f"
5761,-1.65112045211788,20.7059505047209,0.14239552761359,"f"
5762,-1.65137331101222,20.7070204291694,0.142383126954714,"f"
5763,-1.65162576013427,20.708089517497,0.142370737921625,"f"
5764,-1.65187779933943,20.7091577706951,0.14235836045081,"f"
5765,-1.6521294284831,20.7102251897551,0.142345994478758,"f"
5766,-1.65238064742071,20.7112917756682,0.142333639941959,"f"
5767,-1.65263145600765,20.7123575294259,0.1423212967769,"f"
5768,-1.65288185409933,20.7134224520195,0.142308964920071,"f"
5769,-1.65313184155117,20.7144865444403,0.14229664430796,"f"
5770,-1.65338141821857,20.7155498076796,0.142284334877057,"f"
5771,-1.65363058395694,20.7166122427288,0.142272036563849,"f"
5772,-1.65387933862168,20.7176738505793,0.142259749304827,"f"
5773,-1.65412768206822,20.7187346322223,0.142247473036477,"f"
5774,-1.65437561415195,20.7197945886492,0.14223520769529,"f"
5775,-1.65462313472828,20.7208537208513,0.142222953217754,"f"
5776,-1.65487024365262,20.7219120298201,0.142210709540357,"f"
5777,-1.65511694078038,20.7229695165467,0.142198476599589,"f"
5778,-1.65536322596698,20.7240261820226,0.142186254331938,"f"
5779,-1.65560909906781,20.7250820272392,0.142174042673893,"f"
5780,-1.65585455993828,20.7261370531876,0.142161841561943,"f"
5781,-1.65609960843381,20.7271912608594,0.142149650932577,"f"
5782,-1.6563442444098,20.7282446512457,0.142137470722283,"f"
5783,-1.65658846772166,20.729297225338,0.14212530086755,"f"
5784,-1.6568322782248,20.7303489841277,0.142113141304866,"f"
5785,-1.65707567577463,20.7313999286059,0.142100991970722,"f"
5786,-1.65731866022656,20.7324500597641,0.142088852801604,"f"
5787,-1.65756123143598,20.7334993785936,0.142076723734003,"f"
5788,-1.65780338925832,20.7345478860858,0.142064604704407,"f"
5789,-1.65804513354899,20.735595583232,0.142052495649304,"f"
5790,-1.65828646416338,20.7366424710235,0.142040396505183,"f"
5791,-1.65852738095691,20.7376885504517,0.142028307208534,"f"
5792,-1.65876788378498,20.7387338225079,0.142016227695845,"f"
5793,-1.65900797250302,20.7397782881834,0.142004157903604,"f"
5794,-1.65924764696641,20.7408219484696,0.141992097768301,"f"
5795,-1.65948690703058,20.7418648043579,0.141980047226424,"f"
5796,-1.65972575255092,20.7429068568395,0.141968006214462,"f"
5797,-1.65996418338285,20.7439481069058,0.141955974668903,"f"
5798,-1.66020219938179,20.7449885555481,0.141943952526237,"f"
5799,-1.66043980040312,20.7460282037579,0.141931939722953,"f"
5800,-1.66067698630227,20.7470670525263,0.141919936195538,"f"
5801,-1.66091375693464,20.7481051028449,0.141907941880482,"f"
5802,-1.66115011215565,20.7491423557048,0.141895956714274,"f"
5803,-1.66138605182069,20.7501788120974,0.141883980633402,"f"
5804,-1.66162157578517,20.7512144730142,0.141872013574355,"f"
5805,-1.66185668390452,20.7522493394463,0.141860055473622,"f"
5806,-1.66209137603413,20.7532834123852,0.141848106267691,"f"
5807,-1.66232565202941,20.7543166928222,0.141836165893052,"f"
5808,-1.66255951174577,20.7553491817487,0.141824234286192,"f"
5809,-1.66279295503862,20.7563808801559,0.141812311383602,"f"
5810,-1.66302598176337,20.7574117890352,0.141800397121769,"f"
5811,-1.66325859177542,20.758441909378,0.141788491437183,"f"
5812,-1.66349078493019,20.7594712421755,0.141776594266332,"f"
5813,-1.66372256108308,20.7604997884192,0.141764705545705,"f"
5814,-1.66395392008951,20.7615275491004,0.14175282521179,"f"
5815,-1.66418486180487,20.7625545252104,0.141740953201077,"f"
5816,-1.66441538608458,20.7635807177405,0.141729089450054,"f"
5817,-1.66464549278405,20.7646061276821,0.14171723389521,"f"
5818,-1.66487518175868,20.7656307560265,0.141705386473034,"f"
5819,-1.66510445286389,20.7666546037651,0.141693547120014,"f"
5820,-1.66533330595508,20.7676776718892,0.141681715772639,"f"
5821,-1.66556174088766,20.7686999613901,0.141669892367398,"f"
5822,-1.66578975751703,20.7697214732593,0.141658076840781,"f"
5823,-1.66601735569862,20.7707422084879,0.141646269129274,"f"
5824,-1.66624453528782,20.7717621680674,0.141634469169368,"f"
5825,-1.66647129614004,20.7727813529891,0.141622676897551,"f"
5826,-1.66669763811069,20.7737997642443,0.141610892250312,"f"
5827,-1.66692356105519,20.7748174028244,0.141599115164139,"f"
5828,-1.66714906482894,20.7758342697208,0.141587345575522,"f"
5829,-1.66737414928734,20.7768503659246,0.141575583420949,"f"
5830,-1.66759881428581,20.7778656924274,0.141563828636909,"f"
5831,-1.66782305967975,20.7788802502204,0.14155208115989,"f"
5832,-1.66804688532458,20.779894040295,0.141540340926382,"f"
5833,-1.66827029107569,20.7809070636425,0.141528607872872,"f"
5834,-1.66849327678851,20.7819193212542,0.141516881935851,"f"
5835,-1.66871584231843,20.7829308141216,0.141505163051806,"f"
5836,-1.66893798752088,20.7839415432358,0.141493451157227,"f"
5837,-1.66915971225124,20.7849515095883,0.141481746188602,"f"
5838,-1.66938101636494,20.7859607141705,0.14147004808242,"f"
5839,-1.66960189971738,20.7869691579736,0.14145835677517,"f"
5840,-1.66982236216397,20.7879768419889,0.14144667220334,"f"
5841,-1.67004240356012,20.7889837672079,0.141434994303419,"f"
5842,-1.67026202376123,20.7899899346219,0.141423323011896,"f"
5843,-1.67048122262273,20.7909953452221,0.14141165826526,"f"
5844,-1.6707,20.792,0.1414,"f"
5845,-1.6709183557915,20.7930039001398,0.141388348166715,"f"
5846,-1.67113629006781,20.7940070475974,0.141376702772453,"f"
5847,-1.67135380294254,20.7950094445217,0.141365063838372,"f"
5848,-1.67157089452931,20.7960110930615,0.14135343138563,"f"
5849,-1.67178756494172,20.7970119953657,0.141341805435385,"f"
5850,-1.67200381429341,20.7980121535831,0.141330186008796,"f"
5851,-1.67221964269798,20.7990115698625,0.141318573127021,"f"
5852,-1.67243505026904,20.8000102463529,0.141306966811218,"f"
5853,-1.67265003712021,20.801008185203,0.141295367082545,"f"
5854,-1.67286460336512,20.8020053885617,0.141283773962161,"f"
5855,-1.67307874911736,20.8030018585779,0.141272187471224,"f"
5856,-1.67329247449056,20.8039975974003,0.141260607630892,"f"
5857,-1.67350577959833,20.8049926071779,0.141249034462323,"f"
5858,-1.67371866455429,20.8059868900595,0.141237467986677,"f"
5859,-1.67393112947204,20.8069804481939,0.14122590822511,"f"
5860,-1.67414317446522,20.80797328373,0.141214355198782,"f"
5861,-1.67435479964742,20.8089653988166,0.14120280892885,"f"
5862,-1.67456600513228,20.8099567956026,0.141191269436473,"f"
5863,-1.67477679103339,20.8109474762368,0.141179736742809,"f"
5864,-1.67498715746438,20.8119374428681,0.141168210869016,"f"
5865,-1.67519710453886,20.8129266976452,0.141156691836253,"f"
5866,-1.67540663237044,20.8139152427172,0.141145179665678,"f"
5867,-1.67561574107275,20.8149030802327,0.141133674378448,"f"
5868,-1.67582443075939,20.8158902123407,0.141122175995724,"f"
5869,-1.67603270154398,20.81687664119,0.141110684538662,"f"
5870,-1.67624055354014,20.8178623689294,0.141099200028421,"f"
5871,-1.67644798686147,20.8188473977079,0.141087722486159,"f"
5872,-1.67665500162161,20.8198317296741,0.141076251933034,"f"
5873,-1.67686159793415,20.8208153669771,0.141064788390206,"f"
5874,-1.67706777591272,20.8217983117656,0.141053331878831,"f"
5875,-1.67727353567093,20.8227805661884,0.141041882420068,"f"
5876,-1.67747887732239,20.8237621323945,0.141030440035076,"f"
5877,-1.67768380098073,20.8247430125327,0.141019004745013,"f"
5878,-1.67788830675955,20.8257232087517,0.141007576571037,"f"
5879,-1.67809239477247,20.8267027232006,0.140996155534306,"f"
5880,-1.6782960651331,20.827681558028,0.140984741655979,"f"
5881,-1.67849931795507,20.8286597153829,0.140973334957214,"f"
5882,-1.67870215335198,20.8296371974141,0.140961935459169,"f"
5883,-1.67890457143745,20.8306140062705,0.140950543183002,"f"
5884,-1.67910657232509,20.8315901441009,0.140939158149872,"f"
5885,-1.67930815612852,20.8325656130541,0.140927780380937,"f"
5886,-1.67950932296136,20.8335404152789,0.140916409897355,"f"
5887,-1.67971007293722,20.8345145529244,0.140905046720284,"f"
5888,-1.67991040616971,20.8354880281392,0.140893690870883,"f"
5889,-1.68011032277245,20.8364608430722,0.14088234237031,"f"
5890,-1.68030982285906,20.8374329998723,0.140871001239724,"f"
5891,-1.68050890654314,20.8384045006884,0.140859667500282,"f"
5892,-1.68070757393832,20.8393753476692,0.140848341173142,"f"
5893,-1.68090582515821,20.8403455429636,0.140837022279464,"f"
5894,-1.68110366031642,20.8413150887205,0.140825710840405,"f"
5895,-1.68130107952657,20.8422839870887,0.140814406877124,"f"
5896,-1.68149808290228,20.843252240217,0.140803110410778,"f"
5897,-1.68169467055715,20.8442198502544,0.140791821462527,"f"
5898,-1.68189084260481,20.8451868193496,0.140780540053528,"f"
5899,-1.68208659915887,20.8461531496515,0.140769266204939,"f"
5900,-1.68228194033294,20.8471188433089,0.14075799993792,"f"
5901,-1.68247686624064,20.8480839024707,0.140746741273628,"f"
5902,-1.68267137699558,20.8490483292858,0.140735490233221,"f"
5903,-1.68286547271138,20.8500121259029,0.140724246837858,"f"
5904,-1.68305915350166,20.850975294471,0.140713011108696,"f"
5905,-1.68325241948002,20.8519378371389,0.140701783066895,"f"
5906,-1.68344527076009,20.8528997560553,0.140690562733613,"f"
5907,-1.68363770745547,20.8538610533693,0.140679350130007,"f"
5908,-1.68382972967979,20.8548217312295,0.140668145277237,"f"
5909,-1.68402133754666,20.8557817917849,0.140656948196459,"f"
5910,-1.68421253116969,20.8567412371844,0.140645758908834,"f"
5911,-1.6844033106625,20.8577000695766,0.140634577435518,"f"
5912,-1.6845936761387,20.8586582911106,0.14062340379767,"f"
5913,-1.68478362771191,20.8596159039351,0.140612238016449,"f"
5914,-1.68497316549574,20.8605729101991,0.140601080113012,"f"
5915,-1.68516228960381,20.8615293120512,0.140589930108518,"f"
5916,-1.68535100014973,20.8624851116405,0.140578788024125,"f"
5917,-1.68553929724712,20.8634403111156,0.140567653880992,"f"
5918,-1.68572718100959,20.8643949126256,0.140556527700277,"f"
5919,-1.68591465155076,20.8653489183192,0.140545409503137,"f"
5920,-1.68610170898425,20.8663023303453,0.140534299310732,"f"
5921,-1.68628835342366,20.8672551508526,0.140523197144219,"f"
5922,-1.68647458498261,20.8682073819902,0.140512103024757,"f"
5923,-1.68666040377472,20.8691590259068,0.140501016973504,"f"
5924,-1.6868458099136,20.8701100847512,0.140489939011618,"f"
5925,-1.68703080351287,20.8710605606723,0.140478869160258,"f"
5926,-1.68721538468614,20.872010455819,0.140467807440581,"f"
5927,-1.68739955354703,20.8729597723401,0.140456753873747,"f"
5928,-1.68758331020915,20.8739085123844,0.140445708480913,"f"
5929,-1.68776665478612,20.8748566781008,0.140434671283238,"f"
5930,-1.68794958739155,20.8758042716382,0.140423642301879,"f"
5931,-1.68813210813906,20.8767512951453,0.140412621557996,"f"
5932,-1.68831421714226,20.8776977507711,0.140401609072746,"f"
5933,-1.68849591451476,20.8786436406644,0.140390604867288,"f"
5934,-1.68867720037019,20.8795889669739,0.14037960896278,"f"
5935,-1.68885807482215,20.8805337318487,0.14036862138038,"f"
5936,-1.68903853798427,20.8814779374375,0.140357642141247,"f"
5937,-1.68921858997015,20.8824215858891,0.140346671266538,"f"
5938,-1.68939823089341,20.8833646793525,0.140335708777412,"f"
5939,-1.68957746086767,20.8843072199764,0.140324754695028,"f"
5940,-1.68975628000654,20.8852492099097,0.140313809040543,"f"
5941,-1.68993468842364,20.8861906513013,0.140302871835116,"f"
5942,-1.69011268623258,20.8871315462999,0.140291943099905,"f"
5943,-1.69029027354697,20.8880718970545,0.140281022856069,"f"
5944,-1.69046745048044,20.8890117057139,0.140270111124765,"f"
5945,-1.69064421714659,20.889950974427,0.140259207927152,"f"
5946,-1.69082057365905,20.8908897053425,0.140248313284388,"f"
5947,-1.69099652013141,20.8918279006094,0.140237427217631,"f"
5948,-1.69117205667731,20.8927655623764,0.14022654974804,"f"
5949,-1.69134718341036,20.8937026927925,0.140215680896774,"f"
5950,-1.69152190044416,20.8946392940064,0.140204820684989,"f"
5951,-1.69169620789235,20.895575368167,0.140193969133845,"f"
5952,-1.69187010586852,20.8965109174233,0.140183126264499,"f"
5953,-1.6920435944863,20.8974459439239,0.140172292098111,"f"
5954,-1.6922166738593,20.8983804498178,0.140161466655838,"f"
5955,-1.69238934410113,20.8993144372537,0.140150649958838,"f"
5956,-1.69256160532541,20.9002479083807,0.140139842028271,"f"
5957,-1.69273345764576,20.9011808653474,0.140129042885293,"f"
5958,-1.69290490117579,20.9021133103028,0.140118252551063,"f"
5959,-1.69307593602912,20.9030452453956,0.140107471046741,"f"
5960,-1.69324656231935,20.9039766727748,0.140096698393483,"f"
5961,-1.69341678016011,20.9049075945892,0.140085934612448,"f"
5962,-1.69358658966501,20.9058380129877,0.140075179724795,"f"
5963,-1.69375599094767,20.9067679301189,0.140064433751681,"f"
5964,-1.69392498412169,20.907697348132,0.140053696714266,"f"
5965,-1.6940935693007,20.9086262691755,0.140042968633706,"f"
5966,-1.69426174659831,20.9095546953985,0.140032249531161,"f"
5967,-1.69442951612814,20.9104826289498,0.140021539427789,"f"
5968,-1.69459687800379,20.9114100719782,0.140010838344747,"f"
5969,-1.69476383233889,20.9123370266325,0.140000146303195,"f"
5970,-1.69493037924705,20.9132634950616,0.139989463324291,"f"
5971,-1.69509651884188,20.9141894794144,0.139978789429192,"f"
5972,-1.695262251237,20.9151149818397,0.139968124639058,"f"
5973,-1.69542757654603,20.9160400044863,0.139957468975045,"f"
5974,-1.69559249488257,20.9169645495031,0.139946822458314,"f"
5975,-1.69575700636025,20.917888619039,0.139936185110021,"f"
5976,-1.69592111109268,20.9188122152427,0.139925556951325,"f"
5977,-1.69608480919348,20.9197353402631,0.139914938003385,"f"
5978,-1.69624810077625,20.9206579962492,0.139904328287358,"f"
5979,-1.69641098595461,20.9215801853496,0.139893727824404,"f"
5980,-1.69657346484219,20.9225019097133,0.139883136635679,"f"
5981,-1.69673553755259,20.9234231714892,0.139872554742343,"f"
5982,-1.69689720419943,20.924343972826,0.139861982165554,"f"
5983,-1.69705846489632,20.9252643158726,0.13985141892647,"f"
5984,-1.69721931975688,20.9261842027778,0.139840865046249,"f"
5985,-1.69737976889472,20.9271036356906,0.139830320546049,"f"
5986,-1.69753981242346,20.9280226167597,0.139819785447029,"f"
5987,-1.69769945045672,20.928941148134,0.139809259770348,"f"
5988,-1.6978586831081,20.9298592319623,0.139798743537162,"f"
5989,-1.69801751049123,20.9307768703936,0.139788236768632,"f"
5990,-1.69817593271972,20.9316940655765,0.139777739485914,"f"
5991,-1.69833394990718,20.9326108196601,0.139767251710167,"f"
5992,-1.69849156216723,20.933527134793,0.13975677346255,"f"
5993,-1.69864876961348,20.9344430131243,0.13974630476422,"f"
5994,-1.69880557235955,20.9353584568026,0.139735845636336,"f"
5995,-1.69896197051905,20.936273467977,0.139725396100057,"f"
5996,-1.6991179642056,20.9371880487961,0.13971495617654,"f"
5997,-1.69927355353281,20.9381022014089,0.139704525886943,"f"
5998,-1.6994287386143,20.9390159279642,0.139694105252426,"f"
5999,-1.69958351956368,20.9399292306109,0.139683694294146,"f"
6000,-1.69973789649458,20.9408421114978,0.139673293033261,"f"
6001,-1.69989186952059,20.9417545727737,0.13966290149093,"f"
6002,-1.70004543875534,20.9426666165875,0.139652519688311,"f"
6003,-1.70019860431244,20.943578245088,0.139642147646563,"f"
6004,-1.70035136630552,20.9444894604242,0.139631785386843,"f"
6005,-1.70050372484817,20.9454002647447,0.13962143293031,"f"
6006,-1.70065568005402,20.9463106601986,0.139611090298122,"f"
6007,-1.70080723203668,20.9472206489346,0.139600757511437,"f"
6008,-1.70095838090978,20.9481302331015,0.139590434591414,"f"
6009,-1.70110912678691,20.9490394148483,0.139580121559211,"f"
6010,-1.7012594697817,20.9499481963237,0.139569818435986,"f"
6011,-1.70140941000776,20.9508565796766,0.139559525242898,"f"
6012,-1.70155894757871,20.9517645670559,0.139549242001104,"f"
6013,-1.70170808260816,20.9526721606104,0.139538968731763,"f"
6014,-1.70185681520973,20.953579362489,0.139528705456034,"f"
6015,-1.70200514549703,20.9544861748404,0.139518452195074,"f"
6016,-1.70215307358367,20.9553925998136,0.139508208970042,"f"
6017,-1.70230059958328,20.9562986395574,0.139497975802096,"f"
6018,-1.70244772360947,20.9572042962206,0.139487752712394,"f"
6019,-1.70259444577584,20.9581095719522,0.139477539722094,"f"
6020,-1.70274076619603,20.9590144689008,0.139467336852356,"f"
6021,-1.70288668498363,20.9599189892154,0.139457144124337,"f"
6022,-1.70303220225227,20.9608231350449,0.139446961559195,"f"
6023,-1.70317731811557,20.961726908538,0.139436789178088,"f"
6024,-1.70332203268712,20.9626303118436,0.139426627002176,"f"
6025,-1.70346634608056,20.9635333471106,0.139416475052616,"f"
6026,-1.7036102584095,20.9644360164878,0.139406333350566,"f"
6027,-1.7037537697795,20.9653383221075,0.139396201916813,"f"
6028,-1.70389687993144,20.9662402653517,0.139386080755312,"f"
6029,-1.70403958810019,20.9671418465609,0.139375969846661,"f"
6030,-1.70418189348334,20.9680430659994,0.139365869169738,"f"
6031,-1.7043237952785,20.9689439239312,0.139355778703422,"f"
6032,-1.70446529268324,20.9698444206203,0.13934569842659,"f"
6033,-1.70460638489516,20.9707445563307,0.139335628318121,"f"
6034,-1.70474707111186,20.9716443313266,0.139325568356893,"f"
6035,-1.70488735053092,20.9725437458719,0.139315518521785,"f"
6036,-1.70502722234995,20.9734428002308,0.139305478791673,"f"
6037,-1.70516668576653,20.9743414946673,0.139295449145437,"f"
6038,-1.70530573997826,20.9752398294454,0.139285429561955,"f"
6039,-1.70544438418273,20.9761378048292,0.139275420020105,"f"
6040,-1.70558261757753,20.9770354210828,0.139265420498764,"f"
6041,-1.70572043936025,20.9779326784702,0.139255430976812,"f"
6042,-1.7058578487285,20.9788295772554,0.139245451433126,"f"
6043,-1.70599484487985,20.9797261177025,0.139235481846585,"f"
6044,-1.70613142701191,20.9806223000755,0.139225522196066,"f"
6045,-1.70626759432227,20.9815181246386,0.139215572460449,"f"
6046,-1.70640334600851,20.9824135916558,0.13920563261861,"f"
6047,-1.70653868126824,20.9833087013911,0.139195702649429,"f"
6048,-1.70667359929905,20.9842034541085,0.139185782531783,"f"
6049,-1.70680809929852,20.9850978500722,0.13917587224455,"f"
6050,-1.70694218046425,20.9859918895461,0.13916597176661,"f"
6051,-1.70707584199384,20.9868855727944,0.139156081076839,"f"
6052,-1.70720908308488,20.9877789000811,0.139146200154117,"f"
6053,-1.70734190293496,20.9886718716702,0.13913632897732,"f"
6054,-1.70747430074166,20.9895644878258,0.139126467525329,"f"
6055,-1.7076062757026,20.990456748812,0.139116615777019,"f"
6056,-1.70773782701535,20.9913486548927,0.139106773711271,"f"
6057,-1.70786895387752,20.9922402063321,0.139096941306962,"f"
6058,-1.70799965548669,20.9931314033942,0.139087118542969,"f"
6059,-1.70812993104046,20.9940222463431,0.139077305398173,"f"
6060,-1.70825977973642,20.9949127354428,0.139067501851449,"f"
6061,-1.70838920077216,20.9958028709573,0.139057707881678,"f"
6062,-1.70851819334528,20.9966926531508,0.139047923467736,"f"
6063,-1.70864675665336,20.9975820822872,0.139038148588502,"f"
6064,-1.70877488989401,20.9984711586307,0.139028383222854,"f"
6065,-1.70890259226482,20.9993598824452,0.139018627349671,"f"
6066,-1.70902986296337,21.0002482539949,0.13900888094783,"f"
6067,-1.70915670118726,21.0011362735438,0.13899914399621,"f"
6068,-1.70928310613409,21.0020239413559,0.138989416473689,"f"
6069,-1.70940907700144,21.0029112576953,0.138979698359145,"f"
6070,-1.70953461298691,21.003798222826,0.138969989631457,"f"
6071,-1.7096597132881,21.0046848370121,0.138960290269501,"f"
6072,-1.70978437710258,21.0055711005177,0.138950600252157,"f"
6073,-1.70990860362797,21.0064570136068,0.138940919558303,"f"
6074,-1.71003239206185,21.0073425765435,0.138931248166817,"f"
6075,-1.71015574160181,21.0082277895918,0.138921586056578,"f"
6076,-1.71027865144545,21.0091126530157,0.138911933206462,"f"
6077,-1.71040112079036,21.0099971670794,0.138902289595349,"f"
6078,-1.71052314883413,21.0108813320468,0.138892655202116,"f"
6079,-1.71064473477436,21.011765148182,0.138883030005643,"f"
6080,-1.71076587780863,21.0126486157492,0.138873413984806,"f"
6081,-1.71088657713455,21.0135317350122,0.138863807118484,"f"
6082,-1.7110068319497,21.0144145062353,0.138854209385556,"f"
6083,-1.71112664145168,21.0152969296824,0.138844620764899,"f"
6084,-1.71124600483807,21.0161790056176,0.138835041235392,"f"
6085,-1.71136492130648,21.0170607343049,0.138825470775913,"f"
6086,-1.7114833900545,21.0179421160084,0.13881590936534,"f"
6087,-1.71160141027971,21.0188231509922,0.138806356982551,"f"
6088,-1.71171898117972,21.0197038395203,0.138796813606424,"f"
6089,-1.71183610195211,21.0205841818567,0.138787279215838,"f"
6090,-1.71195277179448,21.0214641782656,0.138777753789671,"f"
6091,-1.71206898990441,21.0223438290109,0.138768237306801,"f"
6092,-1.71218475547951,21.0232231343568,0.138758729746105,"f"
6093,-1.71230006771737,21.0241020945672,0.138749231086463,"f"
6094,-1.71241492581558,21.0249807099062,0.138739741306753,"f"
6095,-1.71252932897172,21.0258589806379,0.138730260385852,"f"
6096,-1.7126432763834,21.0267369070264,0.138720788302639,"f"
6097,-1.71275676724821,21.0276144893356,0.138711325035991,"f"
6098,-1.71286980076374,21.0284917278297,0.138701870564788,"f"
6099,-1.71298237612759,21.0293686227727,0.138692424867907,"f"
6100,-1.71309449253734,21.0302451744286,0.138682987924227,"f"
6101,-1.71320614919058,21.0311213830615,0.138673559712625,"f"
6102,-1.71331734528493,21.0319972489355,0.13866414021198,"f"
6103,-1.71342808001795,21.0328727723145,0.13865472940117,"f"
6104,-1.71353835258725,21.0337479534628,0.138645327259073,"f"
6105,-1.71364816219043,21.0346227926442,0.138635933764568,"f"
6106,-1.71375750802506,21.0354972901229,0.138626548896532,"f"
6107,-1.71386638928876,21.0363714461629,0.138617172633844,"f"
6108,-1.7139748051791,21.0372452610283,0.138607804955381,"f"
6109,-1.71408275489369,21.0381187349832,0.138598445840023,"f"
6110,-1.71419023763011,21.0389918682915,0.138589095266647,"f"
6111,-1.71429725258596,21.0398646612173,0.138579753214131,"f"
6112,-1.71440379895883,21.0407371140247,0.138570419661354,"f"
6113,-1.71450987594631,21.0416092269778,0.138561094587193,"f"
6114,-1.714615482746,21.0424810003405,0.138551777970528,"f"
6115,-1.71472061855549,21.043352434377,0.138542469790235,"f"
6116,-1.71482528257237,21.0442235293513,0.138533170025194,"f"
6117,-1.71492947399424,21.0450942855275,0.138523878654282,"f"
6118,-1.71503319201869,21.0459647031695,0.138514595656378,"f"
6119,-1.71513643584331,21.0468347825415,0.138505321010359,"f"
6120,-1.71523920466569,21.0477045239076,0.138496054695105,"f"
6121,-1.71534149768343,21.0485739275316,0.138486796689493,"f"
6122,-1.71544331409412,21.0494429936778,0.1384775469724,"f"
6123,-1.71554465309535,21.0503117226102,0.138468305522707,"f"
6124,-1.71564551388472,21.0511801145928,0.13845907231929,"f"
6125,-1.71574589565981,21.0520481698897,0.138449847341028,"f"
6126,-1.71584579761823,21.0529158887649,0.138440630566799,"f"
6127,-1.71594521895756,21.0537832714825,0.138431421975481,"f"
6128,-1.7160441588754,21.0546503183066,0.138422221545952,"f"
6129,-1.71614261656934,21.0555170295011,0.138413029257091,"f"
6130,-1.71624059123697,21.0563834053302,0.138403845087776,"f"
6131,-1.71633808207589,21.0572494460578,0.138394669016884,"f"
6132,-1.71643508828369,21.0581151519482,0.138385501023295,"f"
6133,-1.71653160905796,21.0589805232652,0.138376341085885,"f"
6134,-1.71662764359629,21.059845560273,0.138367189183535,"f"
6135,-1.71672319109628,21.0607102632356,0.13835804529512,"f"
6136,-1.71681825075552,21.061574632417,0.138348909399521,"f"
6137,-1.71691282177161,21.0624386680814,0.138339781475614,"f"
6138,-1.71700690334213,21.0633023704928,0.138330661502278,"f"
6139,-1.71710049466468,21.0641657399152,0.138321549458392,"f"
6140,-1.71719359493685,21.0650287766126,0.138312445322833,"f"
6141,-1.71728620335624,21.0658914808492,0.13830334907448,"f"
6142,-1.71737831912043,21.066753852889,0.13829426069221,"f"
6143,-1.71746994142703,21.067615892996,0.138285180154903,"f"
6144,-1.71756106947362,21.0684776014343,0.138276107441435,"f"
6145,-1.71765170245779,21.069338978468,0.138267042530686,"f"
6146,-1.71774183957715,21.070200024361,0.138257985401534,"f"
6147,-1.71783148002928,21.0710607393775,0.138248936032856,"f"
6148,-1.71792062301177,21.0719211237815,0.138239894403531,"f"
6149,-1.71800926772222,21.0727811778371,0.138230860492436,"f"
6150,-1.71809741335822,21.0736409018082,0.138221834278451,"f"
6151,-1.71818505911737,21.0745002959591,0.138212815740454,"f"
6152,-1.71827220419725,21.0753593605536,0.138203804857322,"f"
6153,-1.71835884779546,21.076218095856,0.138194801607933,"f"
6154,-1.7184449891096,21.0770765021301,0.138185805971167,"f"
6155,-1.71853062733725,21.0779345796401,0.1381768179259,"f"
6156,-1.71861576167601,21.0787923286501,0.138167837451012,"f"
6157,-1.71870039132347,21.0796497494241,0.13815886452538,"f"
6158,-1.71878451547722,21.080506842226,0.138149899127883,"f"
6159,-1.71886813333486,21.0813636073201,0.138140941237398,"f"
6160,-1.71895124409398,21.0822200449703,0.138131990832804,"f"
6161,-1.71903384695218,21.0830761554408,0.13812304789298,"f"
6162,-1.71911594110704,21.0839319389954,0.138114112396803,"f"
6163,-1.71919752575616,21.0847873958984,0.138105184323151,"f"
6164,-1.71927860009713,21.0856425264137,0.138096263650902,"f"
6165,-1.71935916332754,21.0864973308055,0.138087350358936,"f"
6166,-1.71943921464499,21.0873518093377,0.138078444426129,"f"
6167,-1.71951875324707,21.0882059622744,0.138069545831361,"f"
6168,-1.71959777833138,21.0890597898797,0.138060654553509,"f"
6169,-1.7196762890955,21.0899132924176,0.138051770571451,"f"
6170,-1.71975428473703,21.0907664701522,0.138042893864067,"f"
6171,-1.71983176445356,21.0916193233476,0.138034024410232,"f"
6172,-1.71990872744268,21.0924718522677,0.138025162188827,"f"
6173,-1.719985172902,21.0933240571767,0.138016307178729,"f"
6174,-1.72006110002909,21.0941759383385,0.138007459358817,"f"
6175,-1.72013650802156,21.0950274960173,0.137998618707968,"f"
6176,-1.72021139607699,21.0958787304771,0.137989785205061,"f"
6177,-1.72028576339299,21.0967296419819,0.137980958828973,"f"
6178,-1.72035960916713,21.0975802307959,0.137972139558584,"f"
6179,-1.72043293259702,21.098430497183,0.13796332737277,"f"
6180,-1.72050573288025,21.0992804414073,0.137954522250412,"f"
6181,-1.72057800921441,21.1001300637329,0.137945724170385,"f"
6182,-1.72064976079709,21.1009793644237,0.13793693311157,"f"
6183,-1.72072098682589,21.101828343744,0.137928149052843,"f"
6184,-1.7207916864984,21.1026770019577,0.137919371973084,"f"
6185,-1.72086185901221,21.1035253393289,0.13791060185117,"f"
6186,-1.72093150356491,21.1043733561216,0.137901838665979,"f"
6187,-1.7210006193541,21.1052210525999,0.13789308239639,"f"
6188,-1.72106920557738,21.1060684290278,0.137884333021281,"f"
6189,-1.72113726143233,21.1069154856694,0.137875590519529,"f"
6190,-1.72120478611654,21.1077622227887,0.137866854870014,"f"
6191,-1.72127177882762,21.1086086406499,0.137858126051613,"f"
6192,-1.72133823876314,21.1094547395169,0.137849404043205,"f"
6193,-1.72140416512072,21.1103005196538,0.137840688823667,"f"
6194,-1.72146955709793,21.1111459813247,0.137831980371878,"f"
6195,-1.72153441389237,21.1119911247936,0.137823278666716,"f"
6196,-1.72159873470164,21.1128359503245,0.137814583687059,"f"
6197,-1.72166251872332,21.1136804581816,0.137805895411786,"f"
6198,-1.72172576515502,21.1145246486288,0.137797213819774,"f"
6199,-1.72178847319431,21.1153685219302,0.137788538889902,"f"
6200,-1.7218506420388,21.11621207835,0.137779870601048,"f"
6201,-1.72191227088609,21.117055318152,0.137771208932089,"f"
6202,-1.72197335893375,21.1178982416005,0.137762553861905,"f"
6203,-1.72203390537939,21.1187408489594,0.137753905369374,"f"
6204,-1.72209390942059,21.1195831404927,0.137745263433373,"f"
6205,-1.72215337025495,21.1204251164647,0.137736628032781,"f"
6206,-1.72221228708007,21.1212667771392,0.137727999146475,"f"
6207,-1.72227065909354,21.1221081227803,0.137719376753335,"f"
6208,-1.72232848549294,21.1229491536522,0.137710760832238,"f"
6209,-1.72238576547587,21.1237898700188,0.137702151362063,"f"
6210,-1.72244249850711,21.1246302722467,0.137693548320698,"f"
6211,-1.7224986863769,21.1254703615934,0.137684951677433,"f"
6212,-1.72255433207285,21.1263101397755,0.137676361397123,"f"
6213,-1.72260943859246,21.1271496085133,0.137667777444591,"f"
6214,-1.72266400893323,21.1279887695272,0.137659199784658,"f"
6215,-1.72271804609269,21.1288276245375,0.137650628382146,"f"
6216,-1.72277155306832,21.1296661752645,0.137642063201874,"f"
6217,-1.72282453285764,21.1305044234285,0.137633504208665,"f"
6218,-1.72287698845816,21.1313423707499,0.13762495136734,"f"
6219,-1.72292892286737,21.1321800189491,0.13761640464272,"f"
6220,-1.72298033908278,21.1330173697462,0.137607863999627,"f"
6221,-1.7230312401019,21.1338544248617,0.137599329402881,"f"
6222,-1.72308162892224,21.134691186016,0.137590800817303,"f"
6223,-1.7231315085413,21.1355276549292,0.137582278207716,"f"
6224,-1.72318088195658,21.1363638333218,0.137573761538941,"f"
6225,-1.7232297521656,21.1371997229141,0.137565250775798,"f"
6226,-1.72327812216585,21.1380353254264,0.137556745883109,"f"
6227,-1.72332599495485,21.1388706425791,0.137548246825694,"f"
6228,-1.7233733735301,21.1397056760924,0.137539753568377,"f"
6229,-1.7234202608891,21.1405404276867,0.137531266075977,"f"
6230,-1.72346666002936,21.1413748990824,0.137522784313315,"f"
6231,-1.72351257394839,21.1422090919997,0.137514308245214,"f"
6232,-1.72355800564368,21.143043008159,0.137505837836494,"f"
6233,-1.72360295811276,21.1438766492806,0.137497373051977,"f"
6234,-1.72364743435312,21.1447100170849,0.137488913856484,"f"
6235,-1.72369143736227,21.1455431132921,0.137480460214836,"f"
6236,-1.72373497013771,21.1463759396227,0.137472012091854,"f"
6237,-1.72377803567695,21.1472084977969,0.137463569452359,"f"
6238,-1.7238206369775,21.1480407895351,0.137455132261174,"f"
6239,-1.72386277703686,21.1488728165576,0.137446700483119,"f"
6240,-1.72390445885254,21.1497045805847,0.137438274083015,"f"
6241,-1.72394568542204,21.1505360833367,0.137429853025684,"f"
6242,-1.72398645974287,21.151367326534,0.137421437275946,"f"
6243,-1.72402678481253,21.152198311897,0.137413026798624,"f"
6244,-1.72406666362854,21.1530290411459,0.137404621558538,"f"
6245,-1.72410609918839,21.1538595160011,0.137396221520509,"f"
6246,-1.72414509448959,21.1546897381828,0.13738782664936,"f"
6247,-1.72418365252965,21.1555197094115,0.137379436909911,"f"
6248,-1.72422177630607,21.1563494314075,0.137371052266983,"f"
6249,-1.72425946881636,21.1571789058911,0.137362672685397,"f"
6250,-1.72429673305802,21.1580081345826,0.137354298129976,"f"
6251,-1.72433357202856,21.1588371192023,0.137345928565539,"f"
6252,-1.72436998872549,21.1596658614706,0.137337563956909,"f"
6253,-1.72440598614631,21.1604943631078,0.137329204268907,"f"
6254,-1.72444156728853,21.1613226258343,0.137320849466353,"f"
6255,-1.72447673514965,21.1621506513703,0.13731249951407,"f"
6256,-1.72451149272717,21.1629784414363,0.137304154376877,"f"
6257,-1.72454584301862,21.1638059977524,0.137295814019598,"f"
6258,-1.72457978902148,21.1646333220392,0.137287478407052,"f"
6259,-1.72461333373327,21.1654604160168,0.137279147504062,"f"
6260,-1.72464648015148,21.1662872814056,0.137270821275448,"f"
6261,-1.72467923127364,21.167113919926,0.137262499686031,"f"
6262,-1.72471159009724,21.1679403332982,0.137254182700634,"f"
6263,-1.72474355961978,21.1687665232427,0.137245870284076,"f"
6264,-1.72477514283878,21.1695924914797,0.13723756240118,"f"
6265,-1.72480634275174,21.1704182397295,0.137229259016766,"f"
6266,-1.72483716235617,21.1712437697126,0.137220960095657,"f"
6267,-1.72486760464956,21.1720690831491,0.137212665602672,"f"
6268,-1.72489767262943,21.1728941817596,0.137204375502634,"f"
6269,-1.72492736929329,21.1737190672642,0.137196089760363,"f"
6270,-1.72495669763863,21.1745437413833,0.137187808340682,"f"
6271,-1.72498566066297,21.1753682058373,0.13717953120841,"f"
6272,-1.7250142613638,21.1761924623464,0.13717125832837,"f"
6273,-1.72504250273864,21.177016512631,0.137162989665382,"f"
6274,-1.72507038778499,21.1778403584115,0.137154725184268,"f"
6275,-1.72509791950036,21.1786640014081,0.13714646484985,"f"
6276,-1.72512510088225,21.1794874433412,0.137138208626948,"f"
6277,-1.72515193492817,21.1803106859311,0.137129956480383,"f"
6278,-1.72517842463562,21.1811337308982,0.137121708374977,"f"
6279,-1.72520457300211,21.1819565799628,0.137113464275552,"f"
6280,-1.72523038302515,21.1827792348451,0.137105224146927,"f"
6281,-1.72525585770224,21.1836016972656,0.137096987953926,"f"
6282,-1.72528100003088,21.1844239689446,0.137088755661368,"f"
6283,-1.72530581300858,21.1852460516023,0.137080527234075,"f"
6284,-1.72533029963286,21.1860679469592,0.137072302636869,"f"
6285,-1.7253544629012,21.1868896567356,0.137064081834571,"f"
6286,-1.72537830581113,21.1877111826517,0.137055864792001,"f"
6287,-1.72540183136014,21.1885325264279,0.137047651473981,"f"
6288,-1.72542504254574,21.1893536897846,0.137039441845333,"f"
6289,-1.72544794236544,21.1901746744421,0.137031235870877,"f"
6290,-1.72547053381673,21.1909954821206,0.137023033515436,"f"
6291,-1.72549281989714,21.1918161145406,0.137014834743829,"f"
6292,-1.72551480360416,21.1926365734223,0.137006639520879,"f"
6293,-1.7255364879353,21.1934568604862,0.136998447811406,"f"
6294,-1.72555787588806,21.1942769774524,0.136990259580232,"f"
6295,-1.72557897045995,21.1950969260414,0.136982074792179,"f"
6296,-1.72559977464848,21.1959167079735,0.136973893412067,"f"
6297,-1.72562029145116,21.196736324969,0.136965715404717,"f"
6298,-1.72564052386547,21.1975557787483,0.136957540734951,"f"
6299,-1.72566047488895,21.1983750710316,0.136949369367591,"f"
6300,-1.72568014751908,21.1991942035393,0.136941201267456,"f"
6301,-1.72569954475337,21.2000131779917,0.13693303639937,"f"
6302,-1.72571866958934,21.2008319961092,0.136924874728152,"f"
6303,-1.72573752502448,21.201650659612,0.136916716218625,"f"
6304,-1.7257561140563,21.2024691702206,0.136908560835608,"f"
6305,-1.72577443968231,21.2032875296552,0.136900408543925,"f"
6306,-1.72579250490001,21.2041057396362,0.136892259308395,"f"
6307,-1.72581031270692,21.2049238018839,0.13688411309384,"f"
6308,-1.72582786610052,21.2057417181187,0.136875969865082,"f"
6309,-1.72584516807834,21.2065594900608,0.136867829586942,"f"
6310,-1.72586222163787,21.2073771194306,0.13685969222424,"f"
6311,-1.72587902977662,21.2081946079484,0.136851557741799,"f"
6312,-1.7258955954921,21.2090119573345,0.136843426104438,"f"
6313,-1.72591192178182,21.2098291693094,0.136835297276981,"f"
6314,-1.72592801164327,21.2106462455932,0.136827171224247,"f"
6315,-1.72594386807396,21.2114631879064,0.136819047911059,"f"
6316,-1.72595949407141,21.2122799979693,0.136810927302237,"f"
6317,-1.72597489263311,21.2130966775022,0.136802809362602,"f"
6318,-1.72599006675657,21.2139132282254,0.136794694056977,"f"
6319,-1.7260050194393,21.2147296518592,0.136786581350181,"f"
6320,-1.72601975367881,21.2155459501241,0.136778471207037,"f"
6321,-1.72603427247259,21.2163621247402,0.136770363592366,"f"
6322,-1.72604857881815,21.217178177428,0.136762258470988,"f"
6323,-1.72606267571301,21.2179941099078,0.136754155807726,"f"
6324,-1.72607656615466,21.2188099238999,0.136746055567399,"f"
6325,-1.72609025314061,21.2196256211246,0.136737957714831,"f"
6326,-1.72610373966836,21.2204412033023,0.136729862214842,"f"
6327,-1.72611702873543,21.2212566721532,0.136721769032252,"f"
6328,-1.72613012333932,21.2220720293978,0.136713678131884,"f"
6329,-1.72614302647753,21.2228872767564,0.136705589478559,"f"
6330,-1.72615574114758,21.2237024159492,0.136697503037097,"f"
6331,-1.72616827034695,21.2245174486967,0.136689418772321,"f"
6332,-1.72618061707317,21.225332376719,0.136681336649051,"f"
6333,-1.72619278432374,21.2261472017367,0.136673256632109,"f"
6334,-1.72620477509615,21.22696192547,0.136665178686315,"f"
6335,-1.72621659238793,21.2277765496391,0.136657102776492,"f"
6336,-1.72622823919657,21.2285910759646,0.13664902886746,"f"
6337,-1.72623971851958,21.2294055061666,0.136640956924041,"f"
6338,-1.72625103335446,21.2302198419656,0.136632886911056,"f"
6339,-1.72626218669872,21.2310340850818,0.136624818793325,"f"
6340,-1.72627318154988,21.2318482372356,0.136616752535672,"f"
6341,-1.72628402090542,21.2326623001472,0.136608688102915,"f"
6342,-1.72629470776286,21.2334762755372,0.136600625459878,"f"
6343,-1.7263052451197,21.2342901651256,0.136592564571381,"f"
6344,-1.72631563597346,21.235103970633,0.136584505402245,"f"
6345,-1.72632588332163,21.2359176937796,0.136576447917292,"f"
6346,-1.72633599016172,21.2367313362858,0.136568392081343,"f"
6347,-1.72634595949123,21.2375448998718,0.136560337859219,"f"
6348,-1.72635579430768,21.2383583862581,0.136552285215741,"f"
6349,-1.72636549760857,21.2391717971649,0.136544234115731,"f"
6350,-1.7263750723914,21.2399851343126,0.13653618452401,"f"
6351,-1.72638452165367,21.2407983994215,0.136528136405399,"f"
6352,-1.72639384839291,21.2416115942119,0.136520089724719,"f"
6353,-1.7264030556066,21.2424247204041,0.136512044446792,"f"
6354,-1.72641214629226,21.2432377797186,0.136504000536439,"f"
6355,-1.72642112344739,21.2440507738756,0.136495957958481,"f"
6356,-1.7264299900695,21.2448637045954,0.13648791667774,"f"
6357,-1.72643874915609,21.2456765735984,0.136479876659036,"f"
6358,-1.72644740370467,21.2464893826049,0.136471837867191,"f"
6359,-1.72645595671275,21.2473021333353,0.136463800267026,"f"
6360,-1.72646441117783,21.2481148275098,0.136455763823362,"f"
6361,-1.72647277009741,21.2489274668488,0.136447728501022,"f"
6362,-1.726481036469,21.2497400530727,0.136439694264825,"f"
6363,-1.72648921329012,21.2505525879017,0.136431661079593,"f"
6364,-1.72649730355825,21.2513650730562,0.136423628910148,"f"
6365,-1.72650531027091,21.2521775102565,0.13641559772131,"f"
6366,-1.72651323642561,21.2529899012229,0.136407567477901,"f"
6367,-1.72652108501985,21.2538022476758,0.136399538144742,"f"
6368,-1.72652885905114,21.2546145513356,0.136391509686655,"f"
6369,-1.72653656151697,21.2554268139224,0.136383482068461,"f"
6370,-1.72654419541486,21.2562390371567,0.13637545525498,"f"
6371,-1.72655176374232,21.2570512227588,0.136367429211034,"f"
6372,-1.72655926949685,21.2578633724491,0.136359403901445,"f"
6373,-1.72656671567594,21.2586754879478,0.136351379291034,"f"
6374,-1.72657410527712,21.2594875709752,0.136343355344621,"f"
6375,-1.72658144129789,21.2602996232518,0.136335332027028,"f"
6376,-1.72658872673575,21.2611116464978,0.136327309303077,"f"
6377,-1.7265959645882,21.2619236424336,0.136319287137589,"f"
6378,-1.72660315785276,21.2627356127795,0.136311265495384,"f"
6379,-1.72661030952692,21.2635475592558,0.136303244341285,"f"
6380,-1.7266174226082,21.2643594835829,0.136295223640112,"f"
6381,-1.7266245000941,21.265171387481,0.136287203356687,"f"
6382,-1.72663154498212,21.2659832726706,0.13627918345583,"f"
6383,-1.72663856026978,21.2667951408719,0.136271163902364,"f"
6384,-1.72664554895457,21.2676069938053,0.136263144661109,"f"
6385,-1.72665251403401,21.2684188331911,0.136255125696887,"f"
6386,-1.72665945850559,21.2692306607496,0.136247106974519,"f"
6387,-1.72666638536683,21.2700424782012,0.136239088458826,"f"
6388,-1.72667329761523,21.2708542872662,0.136231070114629,"f"
6389,-1.72668019824829,21.2716660896649,0.13622305190675,"f"
6390,-1.72668709026353,21.2724778871177,0.13621503380001,"f"
6391,-1.72669397665844,21.2732896813449,0.13620701575923,"f"
6392,-1.72669541409993,21.2741013004791,0.136198973305955,"f"
6393,-1.72665872689938,21.2749117043121,0.136190759753593,"f"
6394,-1.72662203969884,21.2757221081451,0.136182546201232,"f"
6395,-1.72658535249829,21.2765325119781,0.136174332648871,"f"
6396,-1.72654866529774,21.2773429158111,0.136166119096509,"f"
6397,-1.72651197809719,21.2781533196441,0.136157905544148,"f"
6398,-1.72647529089665,21.2789637234771,0.136149691991786,"f"
6399,-1.7264386036961,21.2797741273101,0.136141478439425,"f"
6400,-1.72640191649555,21.2805845311431,0.136133264887064,"f"
6401,-1.726365229295,21.281394934976,0.136125051334702,"f"
6402,-1.72632854209446,21.282205338809,0.136116837782341,"f"
6403,-1.72629185489391,21.283015742642,0.136108624229979,"f"
6404,-1.72625516769336,21.283826146475,0.136100410677618,"f"
6405,-1.72621848049281,21.284636550308,0.136092197125257,"f"
6406,-1.72618179329227,21.285446954141,0.136083983572895,"f"
6407,-1.72614510609172,21.286257357974,0.136075770020534,"f"
6408,-1.72610841889117,21.287067761807,0.136067556468172,"f"
6409,-1.72607173169062,21.28787816564,0.136059342915811,"f"
6410,-1.72603504449008,21.288688569473,0.13605112936345,"f"
6411,-1.72599835728953,21.289498973306,0.136042915811088,"f"
6412,-1.72596167008898,21.2903093771389,0.136034702258727,"f"
6413,-1.72592498288843,21.2911197809719,0.136026488706365,"f"
6414,-1.72588829568788,21.2919301848049,0.136018275154004,"f"
6415,-1.72585160848734,21.2927405886379,0.136010061601643,"f"
6416,-1.72581492128679,21.2935509924709,0.136001848049281,"f"
6417,-1.72577823408624,21.2943613963039,0.13599363449692,"f"
6418,-1.72574154688569,21.2951718001369,0.135985420944559,"f"
6419,-1.72570485968515,21.2959822039699,0.135977207392197,"f"
6420,-1.7256681724846,21.2967926078029,0.135968993839836,"f"
6421,-1.72563148528405,21.2976030116359,0.135960780287474,"f"
6422,-1.7255947980835,21.2984134154689,0.135952566735113,"f"
6423,-1.72555811088296,21.2992238193018,0.135944353182752,"f"
6424,-1.72552142368241,21.3000342231348,0.13593613963039,"f"
6425,-1.72548473648186,21.3008446269678,0.135927926078029,"f"
6426,-1.72544804928131,21.3016550308008,0.135919712525667,"f"
6427,-1.72541136208077,21.3024654346338,0.135911498973306,"f"
6428,-1.72537467488022,21.3032758384668,0.135903285420945,"f"
6429,-1.72533798767967,21.3040862422998,0.135895071868583,"f"
6430,-1.72530130047912,21.3048966461328,0.135886858316222,"f"
6431,-1.72526461327858,21.3057070499658,0.13587864476386,"f"
6432,-1.72522792607803,21.3065174537988,0.135870431211499,"f"
6433,-1.72519123887748,21.3073278576318,0.135862217659138,"f"
6434,-1.72515455167693,21.3081382614648,0.135854004106776,"f"
6435,-1.72511786447639,21.3089486652977,0.135845790554415,"f"
6436,-1.72508117727584,21.3097590691307,0.135837577002053,"f"
6437,-1.72504449007529,21.3105694729637,0.135829363449692,"f"
6438,-1.72500780287474,21.3113798767967,0.135821149897331,"f"
6439,-1.7249711156742,21.3121902806297,0.135812936344969,"f"
6440,-1.72493442847365,21.3130006844627,0.135804722792608,"f"
6441,-1.7248977412731,21.3138110882957,0.135796509240246,"f"
6442,-1.72486105407255,21.3146214921287,0.135788295687885,"f"
6443,-1.72482436687201,21.3154318959617,0.135780082135524,"f"
6444,-1.72478767967146,21.3162422997947,0.135771868583162,"f"
6445,-1.72475099247091,21.3170527036277,0.135763655030801,"f"
6446,-1.72471430527036,21.3178631074606,0.135755441478439,"f"
6447,-1.72467761806982,21.3186735112936,0.135747227926078,"f"
6448,-1.72464093086927,21.3194839151266,0.135739014373717,"f"
6449,-1.72460424366872,21.3202943189596,0.135730800821355,"f"
6450,-1.72456755646817,21.3211047227926,0.135722587268994,"f"
6451,-1.72453086926762,21.3219151266256,0.135714373716632,"f"
6452,-1.72449418206708,21.3227255304586,0.135706160164271,"f"
6453,-1.72445749486653,21.3235359342916,0.13569794661191,"f"
6454,-1.72442080766598,21.3243463381246,0.135689733059548,"f"
6455,-1.72438412046543,21.3251567419576,0.135681519507187,"f"
6456,-1.72434743326489,21.3259671457906,0.135673305954825,"f"
6457,-1.72431074606434,21.3267775496235,0.135665092402464,"f"
6458,-1.72427405886379,21.3275879534565,0.135656878850103,"f"
6459,-1.72423737166324,21.3283983572895,0.135648665297741,"f"
6460,-1.7242006844627,21.3292087611225,0.13564045174538,"f"
6461,-1.72416399726215,21.3300191649555,0.135632238193018,"f"
6462,-1.7241273100616,21.3308295687885,0.135624024640657,"f"
6463,-1.72409062286105,21.3316399726215,0.135615811088296,"f"
6464,-1.72405393566051,21.3324503764545,0.135607597535934,"f"
6465,-1.72401724845996,21.3332607802875,0.135599383983573,"f"
6466,-1.72398056125941,21.3340711841205,0.135591170431211,"f"
6467,-1.72394387405886,21.3348815879535,0.13558295687885,"f"
6468,-1.72390718685832,21.3356919917864,0.135574743326489,"f"
6469,-1.72387049965777,21.3365023956194,0.135566529774127,"f"
6470,-1.72383381245722,21.3373127994524,0.135558316221766,"f"
6471,-1.72379712525667,21.3381232032854,0.135550102669405,"f"
6472,-1.72376043805613,21.3389336071184,0.135541889117043,"f"
6473,-1.72372375085558,21.3397440109514,0.135533675564682,"f"
6474,-1.72368706365503,21.3405544147844,0.13552546201232,"f"
6475,-1.72365037645448,21.3413648186174,0.135517248459959,"f"
6476,-1.72361368925394,21.3421752224504,0.135509034907598,"f"
6477,-1.72357700205339,21.3429856262834,0.135500821355236,"f"
6478,-1.72354031485284,21.3437960301164,0.135492607802875,"f"
6479,-1.72350362765229,21.3446064339494,0.135484394250513,"f"
6480,-1.72346694045175,21.3454168377823,0.135476180698152,"f"
6481,-1.7234302532512,21.3462272416153,0.135467967145791,"f"
6482,-1.72339356605065,21.3470376454483,0.135459753593429,"f"
6483,-1.7233568788501,21.3478480492813,0.135451540041068,"f"
6484,-1.72332019164956,21.3486584531143,0.135443326488706,"f"
6485,-1.72328350444901,21.3494688569473,0.135435112936345,"f"
6486,-1.72324681724846,21.3502792607803,0.135426899383984,"f"
6487,-1.72321013004791,21.3510896646133,0.135418685831622,"f"
6488,-1.72317344284736,21.3519000684463,0.135410472279261,"f"
6489,-1.72313675564682,21.3527104722793,0.135402258726899,"f"
6490,-1.72310006844627,21.3535208761123,0.135394045174538,"f"
6491,-1.72306338124572,21.3543312799452,0.135385831622177,"f"
6492,-1.72302669404517,21.3551416837782,0.135377618069815,"f"
6493,-1.72299000684463,21.3559520876112,0.135369404517454,"f"
6494,-1.72295331964408,21.3567624914442,0.135361190965092,"f"
6495,-1.72291663244353,21.3575728952772,0.135352977412731,"f"
6496,-1.72287994524298,21.3583832991102,0.13534476386037,"f"
6497,-1.72284325804244,21.3591937029432,0.135336550308008,"f"
6498,-1.72280657084189,21.3600041067762,0.135328336755647,"f"
6499,-1.72276988364134,21.3608145106092,0.135320123203285,"f"
6500,-1.72273319644079,21.3616249144422,0.135311909650924,"f"
6501,-1.72269650924025,21.3624353182752,0.135303696098563,"f"
6502,-1.7226598220397,21.3632457221081,0.135295482546201,"f"
6503,-1.72262313483915,21.3640561259411,0.13528726899384,"f"
6504,-1.7225864476386,21.3648665297741,0.135279055441478,"f"
6505,-1.72254976043806,21.3656769336071,0.135270841889117,"f"
6506,-1.72251307323751,21.3664873374401,0.135262628336756,"f"
6507,-1.72247638603696,21.3672977412731,0.135254414784394,"f"
6508,-1.72243969883641,21.3681081451061,0.135246201232033,"f"
6509,-1.72240301163587,21.3689185489391,0.135237987679671,"f"
6510,-1.72236632443532,21.3697289527721,0.13522977412731,"f"
6511,-1.72232963723477,21.3705393566051,0.135221560574949,"f"
6512,-1.72229295003422,21.3713497604381,0.135213347022587,"f"
6513,-1.72225626283368,21.372160164271,0.135205133470226,"f"
6514,-1.72221957563313,21.372970568104,0.135196919917864,"f"
6515,-1.72218288843258,21.373780971937,0.135188706365503,"f"
6516,-1.72214620123203,21.37459137577,0.135180492813142,"f"
6517,-1.72210951403149,21.375401779603,0.13517227926078,"f"
6518,-1.72207282683094,21.376212183436,0.135164065708419,"f"
6519,-1.72203613963039,21.377022587269,0.135155852156057,"f"
6520,-1.72199945242984,21.377832991102,0.135147638603696,"f"
6521,-1.7219627652293,21.378643394935,0.135139425051335,"f"
6522,-1.72192607802875,21.379453798768,0.135131211498973,"f"
6523,-1.7218893908282,21.380264202601,0.135122997946612,"f"
6524,-1.72185270362765,21.3810746064339,0.135114784394251,"f"
6525,-1.7218160164271,21.3818850102669,0.135106570841889,"f"
6526,-1.72177932922656,21.3826954140999,0.135098357289528,"f"
6527,-1.72174264202601,21.3835058179329,0.135090143737166,"f"
6528,-1.72170595482546,21.3843162217659,0.135081930184805,"f"
6529,-1.72166926762491,21.3851266255989,0.135073716632444,"f"
6530,-1.72163258042437,21.3859370294319,0.135065503080082,"f"
6531,-1.72159589322382,21.3867474332649,0.135057289527721,"f"
6532,-1.72155920602327,21.3875578370979,0.135049075975359,"f"
6533,-1.72152251882272,21.3883682409309,0.135040862422998,"f"
6534,-1.72148583162218,21.3891786447639,0.135032648870637,"f"
6535,-1.72144914442163,21.3899890485969,0.135024435318275,"f"
6536,-1.72141245722108,21.3907994524298,0.135016221765914,"f"
6537,-1.72137577002053,21.3916098562628,0.135008008213552,"f"
6538,-1.72133908281999,21.3924202600958,0.134999794661191,"f"
6539,-1.72130239561944,21.3932306639288,0.13499158110883,"f"
6540,-1.72126570841889,21.3940410677618,0.134983367556468,"f"
6541,-1.72122902121834,21.3948514715948,0.134975154004107,"f"
6542,-1.7211923340178,21.3956618754278,0.134966940451745,"f"
6543,-1.72115564681725,21.3964722792608,0.134958726899384,"f"
6544,-1.7211189596167,21.3972826830938,0.134950513347023,"f"
6545,-1.72108227241615,21.3980930869268,0.134942299794661,"f"
6546,-1.72104558521561,21.3989034907598,0.1349340862423,"f"
6547,-1.72100889801506,21.3997138945927,0.134925872689938,"f"
6548,-1.72097221081451,21.4005242984257,0.134917659137577,"f"
6549,-1.72093552361396,21.4013347022587,0.134909445585216,"f"
6550,-1.72089883641342,21.4021451060917,0.134901232032854,"f"
6551,-1.72086214921287,21.4029555099247,0.134893018480493,"f"
6552,-1.72082546201232,21.4037659137577,0.134884804928131,"f"
6553,-1.72078877481177,21.4045763175907,0.13487659137577,"f"
6554,-1.72075208761123,21.4053867214237,0.134868377823409,"f"
6555,-1.72071540041068,21.4061971252567,0.134860164271047,"f"
6556,-1.72067871321013,21.4070075290897,0.134851950718686,"f"
6557,-1.72064202600958,21.4078179329227,0.134843737166324,"f"
6558,-1.72060533880903,21.4086283367556,0.134835523613963,"f"
6559,-1.72056865160849,21.4094387405886,0.134827310061602,"f"
6560,-1.72053196440794,21.4102491444216,0.13481909650924,"f"
6561,-1.72049527720739,21.4110595482546,0.134810882956879,"f"
6562,-1.72045859000684,21.4118699520876,0.134802669404517,"f"
6563,-1.7204219028063,21.4126803559206,0.134794455852156,"f"
6564,-1.72038521560575,21.4134907597536,0.134786242299795,"f"
6565,-1.7203485284052,21.4143011635866,0.134778028747433,"f"
6566,-1.72031184120465,21.4151115674196,0.134769815195072,"f"
6567,-1.72027515400411,21.4159219712526,0.13476160164271,"f"
6568,-1.72023846680356,21.4167323750856,0.134753388090349,"f"
6569,-1.72020177960301,21.4175427789185,0.134745174537988,"f"
6570,-1.72016509240246,21.4183531827515,0.134736960985626,"f"
6571,-1.72012840520192,21.4191635865845,0.134728747433265,"f"
6572,-1.72009171800137,21.4199739904175,0.134720533880903,"f"
6573,-1.72005503080082,21.4207843942505,0.134712320328542,"f"
6574,-1.72001834360027,21.4215947980835,0.134704106776181,"f"
6575,-1.72,21.422,0.1347,"f"
